# Blender 4.5.4 LTS
# www.blender.org
mtllib flower.mtl
o Object_3
v 0.737286 2.079735 0.269150
v 0.939296 2.131613 0.344669
v 0.736687 2.079629 0.270926
v 0.737779 2.080050 0.267413
v 0.939296 2.131613 0.344669
v 0.738146 2.080562 0.265781
v 0.939296 2.131613 0.344669
v 0.738374 2.081251 0.264316
v 0.939296 2.131613 0.344669
v 0.738454 2.082090 0.263074
v 0.939296 2.131613 0.344669
v 0.738383 2.083048 0.262104
v 0.939296 2.131613 0.344669
v 0.738164 2.084087 0.261443
v 0.939296 2.131613 0.344669
v 0.737804 2.085167 0.261116
v 0.939296 2.131613 0.344669
v 0.737318 2.086248 0.261135
v 0.939296 2.131613 0.344669
v 0.736725 2.087288 0.261501
v 0.939296 2.131613 0.344669
v 0.736047 2.088245 0.262198
v 0.939296 2.131613 0.344669
v 0.735310 2.089084 0.263200
v 0.939296 2.131613 0.344669
v 0.734543 2.089773 0.264469
v 0.939296 2.131613 0.344669
v 0.733775 2.090285 0.265956
v 0.939296 2.131613 0.344669
v 0.733036 2.090601 0.267603
v 0.939296 2.131613 0.344669
v 0.732354 2.090707 0.269348
v 0.939296 2.131613 0.344669
v 0.731755 2.090601 0.271123
v 0.939296 2.131613 0.344669
v 0.731262 2.090285 0.272860
v 0.939296 2.131613 0.344669
v 0.730895 2.089773 0.274493
v 0.939296 2.131613 0.344669
v 0.730667 2.089084 0.275958
v 0.939296 2.131613 0.344669
v 0.730587 2.088245 0.277199
v 0.939296 2.131613 0.344669
v 0.730658 2.087288 0.278169
v 0.939296 2.131613 0.344669
v 0.730878 2.086248 0.278831
v 0.939296 2.131613 0.344669
v 0.731237 2.085168 0.279158
v 0.939296 2.131613 0.344669
v 0.731723 2.084087 0.279139
v 0.939296 2.131613 0.344669
v 0.732316 2.083048 0.278773
v 0.939296 2.131613 0.344669
v 0.732994 2.082090 0.278076
v 0.939296 2.131613 0.344669
v 0.733731 2.081251 0.277073
v 0.939296 2.131613 0.344669
v 0.734498 2.080562 0.275804
v 0.939296 2.131613 0.344669
v 0.735266 2.080050 0.274318
v 0.939296 2.131613 0.344669
v 0.736005 2.079735 0.272670
v 0.939296 2.131613 0.344669
v 0.736687 2.079629 0.270926
v 0.939296 2.131613 0.344669
v -0.001873 2.005516 -0.822432
v 0.000000 2.057395 -1.038088
v 0.000000 2.005410 -0.822476
v -0.003674 2.005831 -0.822301
v 0.000000 2.057395 -1.038088
v -0.005334 2.006343 -0.822088
v 0.000000 2.057395 -1.038088
v -0.006788 2.007032 -0.821801
v 0.000000 2.057395 -1.038088
v -0.007982 2.007871 -0.821452
v 0.000000 2.057395 -1.038088
v -0.008869 2.008829 -0.821053
v 0.000000 2.057395 -1.038088
v -0.009416 2.009868 -0.820620
v 0.000000 2.057395 -1.038088
v -0.009600 2.010949 -0.820171
v 0.000000 2.057395 -1.038088
v -0.009416 2.012029 -0.819721
v 0.000000 2.057395 -1.038088
v -0.008869 2.013069 -0.819288
v 0.000000 2.057395 -1.038088
v -0.007982 2.014026 -0.818889
v 0.000000 2.057395 -1.038088
v -0.006788 2.014865 -0.818540
v 0.000000 2.057395 -1.038088
v -0.005334 2.015555 -0.818253
v 0.000000 2.057395 -1.038088
v -0.003674 2.016066 -0.818040
v 0.000000 2.057395 -1.038088
v -0.001873 2.016382 -0.817909
v 0.000000 2.057395 -1.038088
v 0.000000 2.016488 -0.817865
v 0.000000 2.057395 -1.038088
v 0.001873 2.016382 -0.817909
v 0.000000 2.057395 -1.038088
v 0.003674 2.016066 -0.818040
v 0.000000 2.057395 -1.038088
v 0.005333 2.015554 -0.818253
v 0.000000 2.057395 -1.038088
v 0.006788 2.014865 -0.818540
v 0.000000 2.057395 -1.038088
v 0.007982 2.014026 -0.818889
v 0.000000 2.057395 -1.038088
v 0.008869 2.013069 -0.819288
v 0.000000 2.057395 -1.038088
v 0.009415 2.012029 -0.819721
v 0.000000 2.057395 -1.038088
v 0.009600 2.010949 -0.820170
v 0.000000 2.057395 -1.038088
v 0.009415 2.009868 -0.820620
v 0.000000 2.057395 -1.038088
v 0.008869 2.008829 -0.821053
v 0.000000 2.057395 -1.038088
v 0.007982 2.007871 -0.821451
v 0.000000 2.057395 -1.038088
v 0.006788 2.007032 -0.821801
v 0.000000 2.057395 -1.038088
v 0.005333 2.006343 -0.822088
v 0.000000 2.057395 -1.038088
v 0.003674 2.005831 -0.822301
v 0.000000 2.057395 -1.038088
v 0.001873 2.005516 -0.822432
v 0.000000 2.057395 -1.038088
v 0.000000 2.005410 -0.822476
v 0.000000 2.057395 -1.038088
v -0.415125 2.308457 0.677965
v -0.528337 2.360335 0.861524
v -0.416750 2.308350 0.677034
v -0.413516 2.308772 0.678785
v -0.528337 2.360335 0.861524
v -0.411986 2.309284 0.679462
v -0.528337 2.360335 0.861524
v -0.410592 2.309973 0.679969
v -0.528337 2.360335 0.861524
v -0.409390 2.310812 0.680288
v -0.528337 2.360335 0.861524
v -0.408425 2.311770 0.680405
v -0.528337 2.360335 0.861524
v -0.407733 2.312809 0.680318
v -0.528337 2.360335 0.861524
v -0.407343 2.313890 0.680028
v -0.528337 2.360335 0.861524
v -0.407268 2.314970 0.679549
v -0.528337 2.360335 0.861524
v -0.407511 2.316009 0.678896
v -0.528337 2.360335 0.861524
v -0.408064 2.316967 0.678096
v -0.528337 2.360335 0.861524
v -0.408905 2.317806 0.677179
v -0.528337 2.360335 0.861524
v -0.410001 2.318495 0.676180
v -0.528337 2.360335 0.861524
v -0.411311 2.319007 0.675139
v -0.528337 2.360335 0.861524
v -0.412784 2.319322 0.674094
v -0.528337 2.360335 0.861524
v -0.414364 2.319429 0.673088
v -0.528337 2.360335 0.861524
v -0.415989 2.319322 0.672155
v -0.528337 2.360335 0.861524
v -0.417598 2.319007 0.671337
v -0.528337 2.360335 0.861524
v -0.419128 2.318495 0.670660
v -0.528337 2.360335 0.861524
v -0.420522 2.317806 0.670152
v -0.528337 2.360335 0.861524
v -0.421724 2.316967 0.669833
v -0.528337 2.360335 0.861524
v -0.422689 2.316009 0.669715
v -0.528337 2.360335 0.861524
v -0.423381 2.314970 0.669803
v -0.528337 2.360335 0.861524
v -0.423771 2.313890 0.670092
v -0.528337 2.360335 0.861524
v -0.423846 2.312809 0.670573
v -0.528337 2.360335 0.861524
v -0.423603 2.311770 0.671226
v -0.528337 2.360335 0.861524
v -0.423050 2.310812 0.672026
v -0.528337 2.360335 0.861524
v -0.422209 2.309973 0.672943
v -0.528337 2.360335 0.861524
v -0.421113 2.309284 0.673941
v -0.528337 2.360335 0.861524
v -0.419803 2.308772 0.674982
v -0.528337 2.360335 0.861524
v -0.418330 2.308457 0.676027
v -0.528337 2.360335 0.861524
v -0.416750 2.308350 0.677034
v -0.528337 2.360335 0.861524
v 0.847335 2.080996 0.488507
v 0.763184 2.012074 0.588172
v 0.825245 2.034042 0.571956
v 0.934924 2.094175 0.513346
v 0.023339 1.603968 0.181557
v 0.068850 1.593214 0.333525
v 0.149076 1.725214 0.425384
v 0.188455 1.767994 0.265121
v 0.249551 1.834888 0.488788
v 0.296477 1.877666 0.307790
v 0.369511 1.915170 0.534425
v 0.415276 1.957950 0.356617
v 0.501643 1.972442 0.574632
v 0.544874 2.015222 0.403786
v 0.652876 2.009873 0.586506
v 0.685134 2.055335 0.442545
v 0.678912 2.015221 0.035518
v 0.598302 2.045157 0.220557
v 0.734611 2.085270 0.270170
v 0.811989 2.055334 0.094011
v 0.552018 1.957950 -0.019078
v 0.468704 1.987886 0.173388
v 0.428720 1.877666 -0.055545
v 0.348109 1.907602 0.129495
v 0.315670 1.767994 -0.084399
v 0.239010 1.797929 0.089786
v 0.128960 1.602273 -0.120538
v 0.050175 1.626736 0.021055
v 0.965853 2.082832 0.175780
v 0.939296 2.131613 0.344669
v 1.059015 2.132277 0.388243
v 1.048952 2.097000 0.219899
v 0.967400 2.010980 0.028422
v 1.009083 2.034809 0.081261
v 0.274661 1.594155 -0.216320
v 0.388100 1.724121 -0.229997
v 0.506886 1.833793 -0.216905
v 0.632970 1.914077 -0.188091
v 0.758881 1.971348 -0.130793
v 0.881797 2.008780 -0.041120
v 0.039114 1.624240 0.020939
v 0.039607 1.624556 0.019202
v 0.024887 1.611091 0.013845
v 0.024395 1.610776 0.015582
v 0.045138 1.613690 0.017229
v 0.241642 1.792409 0.088751
v 0.241043 1.792302 0.090526
v 0.044539 1.613584 0.019004
v 0.350908 1.901769 0.128520
v 0.350309 1.901663 0.130295
v 0.471439 1.982189 0.172390
v 0.470840 1.982083 0.174165
v 0.601038 2.039604 0.219560
v 0.600439 2.039498 0.221335
v 0.045631 1.614006 0.015492
v 0.242134 1.792724 0.087014
v 0.351401 1.902084 0.126783
v 0.471932 1.982504 0.170653
v 0.601531 2.039919 0.217823
v 0.045998 1.614517 0.013860
v 0.242502 1.793235 0.085381
v 0.351768 1.902596 0.125151
v 0.472299 1.983017 0.169020
v 0.601898 2.040431 0.216191
v 0.046226 1.615206 0.012395
v 0.242730 1.793924 0.083916
v 0.351996 1.903286 0.123686
v 0.472527 1.983705 0.167555
v 0.602126 2.041120 0.214725
v 0.046306 1.616046 0.011153
v 0.242810 1.794764 0.082675
v 0.352076 1.904124 0.122444
v 0.472607 1.984545 0.166314
v 0.602206 2.041960 0.213484
v 0.046235 1.617003 0.010183
v 0.242739 1.795721 0.081705
v 0.352005 1.905082 0.121474
v 0.472536 1.985502 0.165344
v 0.602135 2.042917 0.212514
v 0.046016 1.618043 0.009522
v 0.242519 1.796761 0.081043
v 0.351785 1.906121 0.120813
v 0.472316 1.986542 0.164683
v 0.601916 2.043956 0.211853
v 0.045656 1.619123 0.009195
v 0.242160 1.797841 0.080716
v 0.351426 1.907202 0.120486
v 0.471957 1.987622 0.164355
v 0.601556 2.045038 0.211526
v 0.045170 1.620204 0.009214
v 0.241674 1.798922 0.080736
v 0.350940 1.908282 0.120505
v 0.471471 1.988703 0.164375
v 0.601070 2.046118 0.211545
v 0.044577 1.621243 0.009579
v 0.241080 1.799961 0.081101
v 0.350346 1.909323 0.120871
v 0.470878 1.989742 0.164740
v 0.600477 2.047157 0.211911
v 0.043899 1.622201 0.010277
v 0.240402 1.800919 0.081798
v 0.349668 1.910279 0.121568
v 0.470200 1.990699 0.165438
v 0.599799 2.048114 0.212608
v 0.043162 1.623040 0.011279
v 0.239666 1.801758 0.082801
v 0.348932 1.911119 0.122570
v 0.469463 1.991539 0.166440
v 0.599062 2.048954 0.213610
v 0.042395 1.623729 0.012548
v 0.238899 1.802447 0.084070
v 0.348165 1.911808 0.123839
v 0.468696 1.992229 0.167709
v 0.598295 2.049643 0.214879
v 0.041627 1.624241 0.014035
v 0.238131 1.802959 0.085556
v 0.347397 1.912319 0.125326
v 0.467928 1.992740 0.169196
v 0.597527 2.050155 0.216366
v 0.040888 1.624556 0.015682
v 0.237391 1.803274 0.087204
v 0.346657 1.912635 0.126973
v 0.467189 1.993055 0.170843
v 0.596788 2.050470 0.218013
v 0.040206 1.624662 0.017427
v 0.236709 1.803380 0.088948
v 0.345975 1.912741 0.128718
v 0.466507 1.993161 0.172588
v 0.596106 2.050576 0.219758
v 0.236110 1.803274 0.090724
v 0.345376 1.912635 0.130493
v 0.465908 1.993055 0.174363
v 0.595507 2.050470 0.221533
v 0.235618 1.802959 0.092461
v 0.344884 1.912319 0.132230
v 0.465415 1.992740 0.176100
v 0.595014 2.050155 0.223270
v 0.038747 1.623729 0.022572
v 0.235250 1.802447 0.094093
v 0.344516 1.911808 0.133863
v 0.465048 1.992229 0.177733
v 0.594647 2.049643 0.224903
v 0.038519 1.623040 0.024037
v 0.235022 1.801758 0.095558
v 0.344288 1.911119 0.135328
v 0.464820 1.991539 0.179198
v 0.594419 2.048954 0.226368
v 0.038439 1.622201 0.025278
v 0.234942 1.800919 0.096800
v 0.344208 1.910279 0.136569
v 0.464740 1.990700 0.180439
v 0.594339 2.048114 0.227609
v 0.038510 1.621243 0.026248
v 0.235013 1.799961 0.097770
v 0.344279 1.909323 0.137539
v 0.464811 1.989742 0.181409
v 0.594410 2.047157 0.228579
v 0.038729 1.620204 0.026910
v 0.235233 1.798922 0.098431
v 0.344499 1.908283 0.138201
v 0.465030 1.988703 0.182070
v 0.594630 2.046118 0.229241
v 0.039089 1.619123 0.027237
v 0.235593 1.797841 0.098758
v 0.344859 1.907202 0.138528
v 0.465390 1.987622 0.182398
v 0.594989 2.045038 0.229568
v 0.039575 1.618043 0.027217
v 0.236079 1.796761 0.098739
v 0.345345 1.906121 0.138508
v 0.465876 1.986542 0.182378
v 0.595475 2.043956 0.229548
v 0.040168 1.617003 0.026852
v 0.236672 1.795722 0.098373
v 0.345938 1.905082 0.138143
v 0.466469 1.985502 0.182013
v 0.596068 2.042917 0.229183
v 0.040846 1.616046 0.026155
v 0.237350 1.794764 0.097676
v 0.346616 1.904125 0.137446
v 0.467147 1.984545 0.181315
v 0.596746 2.041960 0.228486
v 0.041583 1.615206 0.025152
v 0.238087 1.793924 0.096674
v 0.347353 1.903286 0.136443
v 0.467884 1.983705 0.180313
v 0.597483 2.041120 0.227483
v 0.042350 1.614517 0.023883
v 0.238854 1.793235 0.095405
v 0.348120 1.902596 0.135174
v 0.468651 1.983017 0.179044
v 0.598250 2.040431 0.226214
v 0.043118 1.614006 0.022396
v 0.239622 1.792724 0.093918
v 0.348888 1.902084 0.133687
v 0.469419 1.982504 0.177557
v 0.599018 2.039919 0.224728
v 0.043857 1.613690 0.020749
v 0.240361 1.792408 0.092270
v 0.349627 1.901769 0.132040
v 0.470158 1.982189 0.175910
v 0.599757 2.039604 0.223080
v 0.044539 1.613584 0.019004
v 0.241043 1.792302 0.090526
v 0.350309 1.901663 0.130295
v 0.470840 1.982083 0.174165
v 0.600439 2.039498 0.221335
v 0.029857 1.607778 0.004222
v 0.029179 1.608736 0.004919
v 0.028399 1.600541 0.017039
v 0.029138 1.600225 0.015392
v 0.031279 1.601052 0.008502
v 0.031507 1.601741 0.007037
v 0.024010 1.606739 0.021552
v 0.024370 1.605658 0.021879
v 0.025486 1.611197 0.012070
v 0.030451 1.606739 0.003857
v 0.027631 1.601052 0.018526
v 0.030912 1.600541 0.010135
v 0.023790 1.607778 0.020891
v 0.026168 1.611091 0.010325
v 0.030937 1.605658 0.003837
v 0.026864 1.601741 0.019795
v 0.030419 1.600225 0.011872
v 0.023719 1.608736 0.019921
v 0.026908 1.610776 0.008677
v 0.031296 1.604577 0.004164
v 0.026127 1.602582 0.020797
v 0.029820 1.600119 0.013647
v 0.023799 1.609576 0.018679
v 0.027676 1.610264 0.007191
v 0.031516 1.603538 0.004826
v 0.025449 1.603538 0.021494
v 0.024027 1.610264 0.017214
v 0.028443 1.609576 0.005922
v 0.031587 1.602582 0.005796
v 0.024856 1.604578 0.021860
v 0.029820 1.600119 0.013647
v 0.166615 2.006777 -1.000869
v 0.289052 1.937855 -0.955879
v 0.252588 1.959824 -1.008652
v 0.160000 2.019957 -1.091671
v 0.160000 1.529749 -0.121582
v 0.287238 1.518995 -0.216323
v 0.346119 1.650995 -0.323129
v 0.182052 1.693775 -0.305320
v 0.371334 1.760667 -0.439231
v 0.185202 1.803447 -0.421421
v 0.373190 1.840951 -0.567566
v 0.190452 1.883731 -0.549757
v 0.365781 1.898223 -0.705480
v 0.190452 1.941002 -0.687671
v 0.325214 1.935654 -0.851654
v 0.178901 1.981115 -0.832729
v -0.201451 1.941002 -0.687671
v 0.000000 1.970938 -0.675209
v 0.000000 2.011051 -0.820267
v -0.192000 1.981115 -0.832729
v -0.209354 1.883731 -0.549757
v 0.000000 1.913667 -0.537295
v -0.201451 1.803447 -0.421421
v 0.000000 1.833383 -0.408960
v -0.189900 1.693775 -0.305320
v 0.000000 1.723711 -0.292859
v -0.160000 1.528054 -0.117510
v 0.000000 1.552517 -0.091904
v -0.167787 2.008613 -1.005280
v 0.000000 2.057395 -1.038088
v 0.000000 2.058058 -1.165490
v -0.154750 2.022781 -1.098457
v -0.306787 1.936761 -0.956335
v -0.271392 1.960590 -1.013575
v -0.299839 1.519936 -0.221664
v -0.351489 1.649902 -0.323584
v -0.379814 1.759574 -0.439685
v -0.395861 1.839858 -0.568020
v -0.385083 1.897130 -0.705935
v -0.342858 1.934561 -0.852109
v 0.003674 1.550022 -0.081471
v 0.001873 1.550337 -0.081339
v 0.001873 1.536872 -0.065675
v 0.003674 1.536557 -0.065807
v -0.001873 1.539471 -0.085863
v -0.001873 1.718190 -0.294977
v 0.000000 1.718083 -0.295022
v 0.000000 1.539365 -0.085907
v -0.001873 1.827550 -0.411256
v 0.000000 1.827444 -0.411301
v -0.001873 1.907971 -0.539524
v 0.000000 1.907864 -0.539568
v -0.001873 1.965386 -0.677440
v 0.000000 1.965279 -0.677484
v -0.003674 1.539786 -0.085731
v -0.003674 1.718505 -0.294846
v -0.003674 1.827865 -0.411126
v -0.003674 1.908286 -0.539392
v -0.003674 1.965701 -0.677309
v -0.005333 1.540299 -0.085518
v -0.005333 1.719018 -0.294633
v -0.005333 1.828377 -0.410913
v -0.005334 1.908798 -0.539179
v -0.005334 1.966213 -0.677096
v -0.006788 1.540987 -0.085231
v -0.006788 1.719705 -0.294346
v -0.006788 1.829066 -0.410626
v -0.006788 1.909486 -0.538892
v -0.006788 1.966901 -0.676809
v -0.007982 1.541827 -0.084882
v -0.007982 1.720545 -0.293997
v -0.007982 1.829906 -0.410276
v -0.007982 1.910326 -0.538543
v -0.007982 1.967741 -0.676460
v -0.008869 1.542784 -0.084483
v -0.008869 1.721502 -0.293598
v -0.008869 1.830863 -0.409878
v -0.008869 1.911284 -0.538144
v -0.008869 1.968699 -0.676061
v -0.009416 1.543824 -0.084051
v -0.009416 1.722541 -0.293166
v -0.009416 1.831903 -0.409445
v -0.009416 1.912323 -0.537712
v -0.009416 1.969737 -0.675628
v -0.009600 1.544904 -0.083601
v -0.009600 1.723622 -0.292716
v -0.009600 1.832983 -0.408994
v -0.009600 1.913404 -0.537262
v -0.009600 1.970818 -0.675178
v -0.009416 1.545985 -0.083151
v -0.009416 1.724703 -0.292266
v -0.009416 1.834064 -0.408545
v -0.009416 1.914485 -0.536812
v -0.009416 1.971900 -0.674729
v -0.008869 1.547024 -0.082718
v -0.008869 1.725742 -0.291833
v -0.008869 1.835104 -0.408112
v -0.008869 1.915523 -0.536379
v -0.008869 1.972938 -0.674296
v -0.007982 1.547982 -0.082320
v -0.007982 1.726700 -0.291435
v -0.007982 1.836060 -0.407714
v -0.007982 1.916481 -0.535981
v -0.007982 1.973897 -0.673897
v -0.006788 1.548821 -0.081970
v -0.006788 1.727539 -0.291085
v -0.006788 1.836900 -0.407365
v -0.006788 1.917320 -0.535631
v -0.006788 1.974735 -0.673548
v -0.005333 1.549510 -0.081684
v -0.005333 1.728228 -0.290799
v -0.005334 1.837590 -0.407078
v -0.005334 1.918009 -0.535345
v -0.005334 1.975424 -0.673261
v -0.003674 1.550022 -0.081471
v -0.003674 1.728740 -0.290585
v -0.003674 1.838101 -0.406864
v -0.003674 1.918521 -0.535132
v -0.003674 1.975936 -0.673048
v -0.001873 1.550337 -0.081339
v -0.001873 1.729055 -0.290454
v -0.001873 1.838416 -0.406734
v -0.001873 1.918836 -0.535000
v -0.001873 1.976251 -0.672917
v 0.000000 1.550443 -0.081295
v 0.000000 1.729162 -0.290410
v 0.000000 1.838522 -0.406689
v 0.000000 1.918943 -0.534956
v 0.000000 1.976357 -0.672873
v 0.001873 1.729055 -0.290454
v 0.001873 1.838416 -0.406734
v 0.001873 1.918836 -0.535000
v 0.001873 1.976251 -0.672917
v 0.003674 1.728740 -0.290585
v 0.003674 1.838101 -0.406864
v 0.003674 1.918521 -0.535132
v 0.003674 1.975936 -0.673048
v 0.005333 1.549510 -0.081684
v 0.005333 1.728228 -0.290799
v 0.005333 1.837590 -0.407078
v 0.005333 1.918009 -0.535345
v 0.005333 1.975424 -0.673261
v 0.006788 1.548821 -0.081970
v 0.006788 1.727539 -0.291085
v 0.006788 1.836900 -0.407365
v 0.006788 1.917320 -0.535631
v 0.006788 1.974735 -0.673548
v 0.007982 1.547982 -0.082320
v 0.007982 1.726700 -0.291435
v 0.007982 1.836060 -0.407714
v 0.007982 1.916481 -0.535981
v 0.007982 1.973897 -0.673897
v 0.008869 1.547024 -0.082718
v 0.008869 1.725742 -0.291833
v 0.008869 1.835104 -0.408112
v 0.008869 1.915523 -0.536379
v 0.008869 1.972938 -0.674296
v 0.009416 1.545985 -0.083151
v 0.009416 1.724703 -0.292266
v 0.009416 1.834064 -0.408545
v 0.009415 1.914485 -0.536812
v 0.009415 1.971900 -0.674729
v 0.009600 1.544904 -0.083601
v 0.009600 1.723622 -0.292716
v 0.009600 1.832983 -0.408994
v 0.009600 1.913404 -0.537262
v 0.009600 1.970818 -0.675178
v 0.009416 1.543824 -0.084051
v 0.009416 1.722541 -0.293166
v 0.009416 1.831903 -0.409445
v 0.009416 1.912323 -0.537712
v 0.009415 1.969738 -0.675628
v 0.008869 1.542784 -0.084483
v 0.008869 1.721502 -0.293598
v 0.008869 1.830863 -0.409878
v 0.008869 1.911284 -0.538144
v 0.008869 1.968699 -0.676061
v 0.007982 1.541827 -0.084882
v 0.007982 1.720545 -0.293997
v 0.007982 1.829906 -0.410276
v 0.007982 1.910326 -0.538543
v 0.007982 1.967741 -0.676460
v 0.006788 1.540988 -0.085231
v 0.006788 1.719705 -0.294346
v 0.006788 1.829066 -0.410626
v 0.006788 1.909486 -0.538892
v 0.006788 1.966901 -0.676809
v 0.005333 1.540299 -0.085518
v 0.005333 1.719018 -0.294633
v 0.005333 1.828377 -0.410912
v 0.005333 1.908798 -0.539179
v 0.005333 1.966213 -0.677096
v 0.003674 1.539787 -0.085731
v 0.003674 1.718505 -0.294846
v 0.003674 1.827865 -0.411126
v 0.003674 1.908286 -0.539392
v 0.003674 1.965700 -0.677309
v 0.001873 1.539471 -0.085863
v 0.001873 1.718189 -0.294977
v 0.001873 1.827550 -0.411256
v 0.001873 1.907971 -0.539524
v 0.001873 1.965386 -0.677440
v 0.000000 1.539365 -0.085907
v 0.000000 1.718083 -0.295022
v 0.000000 1.827444 -0.411301
v 0.000000 1.907864 -0.539568
v 0.000000 1.965279 -0.677484
v -0.008869 1.533559 -0.067054
v -0.007982 1.534517 -0.066656
v 0.003674 1.526322 -0.070067
v 0.001873 1.526007 -0.070199
v -0.005333 1.526834 -0.069854
v -0.006788 1.527522 -0.069568
v 0.009416 1.532520 -0.067487
v 0.009600 1.531439 -0.067937
v 0.000000 1.536978 -0.065631
v -0.009416 1.532520 -0.067487
v 0.005333 1.526834 -0.069854
v -0.003674 1.526321 -0.070067
v 0.008869 1.533559 -0.067055
v -0.001873 1.536872 -0.065675
v -0.009600 1.531439 -0.067937
v 0.006788 1.527523 -0.069567
v -0.001873 1.526007 -0.070199
v 0.007982 1.534517 -0.066656
v -0.003674 1.536557 -0.065807
v -0.009416 1.530360 -0.068387
v 0.007982 1.528362 -0.069218
v 0.000000 1.525900 -0.070243
v 0.006788 1.535356 -0.066306
v -0.005333 1.536045 -0.066020
v -0.008869 1.529319 -0.068819
v 0.008869 1.529319 -0.068819
v 0.005333 1.536045 -0.066020
v -0.006788 1.535356 -0.066306
v -0.007982 1.528362 -0.069218
v 0.009416 1.530360 -0.068387
v 0.000000 1.525900 -0.070243
v -0.651641 2.309718 0.743448
v -0.733122 2.240796 0.641587
v -0.729233 2.262764 0.705614
v -0.692974 2.322898 0.824567
v -0.190918 1.832689 -0.005500
v -0.348823 1.821936 0.009717
v -0.454481 1.953936 0.070634
v -0.304879 1.996716 0.140306
v -0.536143 2.063608 0.156926
v -0.367660 2.106388 0.238018
v -0.604150 2.143892 0.265777
v -0.438571 2.186672 0.345112
v -0.669185 2.201164 0.387620
v -0.509947 2.243943 0.463121
v -0.710124 2.238595 0.533690
v -0.575135 2.284056 0.593219
v -0.174610 2.243943 0.665944
v -0.340534 2.273879 0.551023
v -0.415607 2.313993 0.675143
v -0.257770 2.284056 0.785173
v -0.096472 2.186672 0.552026
v -0.269159 2.216608 0.433015
v -0.036817 2.106388 0.438125
v -0.202741 2.136324 0.323204
v 0.013386 1.996716 0.332804
v -0.142655 2.026651 0.223861
v 0.085000 1.830994 0.156628
v -0.038653 1.855458 0.051912
v -0.367789 2.311555 0.920287
v -0.528337 2.360335 0.861524
v -0.594272 2.361000 0.970537
v -0.427167 2.325723 0.993268
v -0.223521 2.239703 0.950345
v -0.283432 2.263532 0.981005
v 0.150751 1.822877 0.318120
v 0.142199 1.952843 0.432060
v 0.106350 2.062515 0.546062
v 0.053663 2.142799 0.664178
v -0.026936 2.200070 0.776608
v -0.138717 2.237502 0.879831
v -0.036397 1.852963 0.041083
v -0.034788 1.853278 0.041903
v -0.026682 1.839813 0.028500
v -0.028290 1.839498 0.027680
v -0.033924 1.842412 0.047712
v -0.142149 2.021130 0.226643
v -0.143774 2.021024 0.225712
v -0.035550 1.842306 0.046780
v -0.202327 2.130491 0.326138
v -0.203952 2.130385 0.325207
v -0.268710 2.210911 0.435891
v -0.270335 2.210805 0.434960
v -0.340086 2.268326 0.553901
v -0.341712 2.268220 0.552970
v -0.032315 1.842727 0.048532
v -0.140540 2.021446 0.227463
v -0.200718 2.130806 0.326958
v -0.267101 2.211227 0.436711
v -0.338478 2.268641 0.554721
v -0.030785 1.843239 0.049208
v -0.139009 2.021957 0.228140
v -0.199188 2.131318 0.327635
v -0.265570 2.211738 0.437388
v -0.336947 2.269153 0.555397
v -0.029392 1.843928 0.049716
v -0.137616 2.022646 0.228647
v -0.197794 2.132007 0.328142
v -0.264177 2.212427 0.437895
v -0.335554 2.269842 0.555905
v -0.028189 1.844768 0.050035
v -0.136414 2.023486 0.228966
v -0.196592 2.132846 0.328461
v -0.262975 2.213267 0.438214
v -0.334352 2.270681 0.556224
v -0.027224 1.845725 0.050153
v -0.135448 2.024443 0.229084
v -0.195627 2.133804 0.328579
v -0.262009 2.214224 0.438332
v -0.333386 2.271639 0.556342
v -0.026533 1.846764 0.050065
v -0.134757 2.025482 0.228997
v -0.194935 2.134843 0.328492
v -0.261318 2.215263 0.438245
v -0.332695 2.272678 0.556254
v -0.026142 1.847845 0.049776
v -0.134366 2.026563 0.228707
v -0.194545 2.135924 0.328202
v -0.260927 2.216344 0.437955
v -0.332304 2.273759 0.555965
v -0.026067 1.848926 0.049295
v -0.134291 2.027644 0.228227
v -0.194470 2.137004 0.327722
v -0.260852 2.217425 0.437475
v -0.332229 2.274839 0.555485
v -0.026310 1.849965 0.048642
v -0.134535 2.028683 0.227574
v -0.194713 2.138043 0.327069
v -0.261096 2.218464 0.436822
v -0.332473 2.275879 0.554832
v -0.026863 1.850922 0.047842
v -0.135088 2.029640 0.226774
v -0.195266 2.139001 0.326269
v -0.261649 2.219421 0.436022
v -0.333025 2.276836 0.554031
v -0.027704 1.851762 0.046925
v -0.135928 2.030480 0.225857
v -0.196107 2.139841 0.325352
v -0.262489 2.220261 0.435105
v -0.333866 2.277676 0.553115
v -0.028800 1.852450 0.045927
v -0.137025 2.031169 0.224859
v -0.197203 2.140529 0.324354
v -0.263586 2.220950 0.434106
v -0.334962 2.278365 0.552116
v -0.030110 1.852963 0.044886
v -0.138335 2.031681 0.223817
v -0.198513 2.141041 0.323312
v -0.264896 2.221462 0.433065
v -0.336272 2.278876 0.551075
v -0.031583 1.853278 0.043841
v -0.139808 2.031996 0.222773
v -0.199986 2.141357 0.322268
v -0.266369 2.221777 0.432021
v -0.337745 2.279192 0.550031
v -0.033163 1.853384 0.042834
v -0.141387 2.032102 0.221766
v -0.201566 2.141463 0.321261
v -0.267948 2.221883 0.431014
v -0.339325 2.279298 0.549023
v -0.143013 2.031996 0.220834
v -0.203191 2.141357 0.320329
v -0.269574 2.221777 0.430082
v -0.340950 2.279192 0.548092
v -0.144622 2.031681 0.220015
v -0.204800 2.141041 0.319510
v -0.271183 2.221462 0.429262
v -0.342559 2.278876 0.547272
v -0.037928 1.852451 0.040407
v -0.146152 2.031169 0.219338
v -0.206330 2.140529 0.318833
v -0.272713 2.220950 0.428586
v -0.344090 2.278365 0.546596
v -0.039321 1.851762 0.039899
v -0.147545 2.030480 0.218830
v -0.207724 2.139840 0.318326
v -0.274106 2.220261 0.428078
v -0.345483 2.277676 0.546088
v -0.040523 1.850922 0.039580
v -0.148748 2.029641 0.218512
v -0.208926 2.139001 0.318007
v -0.275309 2.219421 0.427759
v -0.346685 2.276836 0.545769
v -0.041489 1.849965 0.039462
v -0.149713 2.028683 0.218394
v -0.209891 2.138043 0.317889
v -0.276274 2.218464 0.427642
v -0.347651 2.275879 0.545651
v -0.042180 1.848926 0.039550
v -0.150404 2.027644 0.218481
v -0.210583 2.137004 0.317976
v -0.276965 2.217425 0.427729
v -0.348342 2.274839 0.545739
v -0.042571 1.847845 0.039839
v -0.150795 2.026563 0.218771
v -0.210973 2.135924 0.318265
v -0.277356 2.216344 0.428018
v -0.348733 2.273759 0.546028
v -0.042646 1.846764 0.040319
v -0.150870 2.025482 0.219251
v -0.211048 2.134843 0.318746
v -0.277431 2.215263 0.428499
v -0.348808 2.272678 0.546509
v -0.042402 1.845725 0.040972
v -0.150626 2.024443 0.219904
v -0.210805 2.133804 0.319399
v -0.277187 2.214224 0.429152
v -0.348564 2.271639 0.547161
v -0.041849 1.844768 0.041773
v -0.150074 2.023486 0.220704
v -0.210252 2.132846 0.320199
v -0.276635 2.213267 0.429952
v -0.348011 2.270681 0.547962
v -0.041008 1.843928 0.042689
v -0.149233 2.022646 0.221621
v -0.209411 2.132007 0.321116
v -0.275794 2.212427 0.430869
v -0.347171 2.269842 0.548879
v -0.039912 1.843239 0.043688
v -0.148137 2.021957 0.222619
v -0.208315 2.131318 0.322114
v -0.274698 2.211738 0.431867
v -0.346074 2.269153 0.549877
v -0.038602 1.842727 0.044729
v -0.146827 2.021445 0.223660
v -0.207005 2.130806 0.323155
v -0.273388 2.211227 0.432908
v -0.344764 2.268641 0.550918
v -0.037129 1.842412 0.045773
v -0.145354 2.021130 0.224705
v -0.205532 2.130491 0.324200
v -0.271915 2.210911 0.433953
v -0.343291 2.268326 0.551963
v -0.035550 1.842306 0.046780
v -0.143774 2.021024 0.225712
v -0.203952 2.130385 0.325207
v -0.270335 2.210805 0.434960
v -0.341712 2.268220 0.552970
v -0.018204 1.836500 0.035239
v -0.018757 1.837457 0.034439
v -0.030496 1.829262 0.031326
v -0.029023 1.828947 0.032370
v -0.022678 1.829774 0.035805
v -0.021285 1.830463 0.036313
v -0.034073 1.835461 0.026147
v -0.034464 1.834380 0.026436
v -0.025056 1.839919 0.029431
v -0.017960 1.835461 0.035892
v -0.031805 1.829774 0.030285
v -0.024209 1.829262 0.035128
v -0.033382 1.836500 0.026059
v -0.023477 1.839813 0.030438
v -0.018035 1.834380 0.036373
v -0.032902 1.830463 0.029286
v -0.025817 1.828947 0.034309
v -0.032416 1.837457 0.026177
v -0.022003 1.839498 0.031483
v -0.018426 1.833299 0.036662
v -0.033743 1.831302 0.028369
v -0.027443 1.828841 0.033377
v -0.031214 1.838297 0.026496
v -0.020694 1.838986 0.032524
v -0.019117 1.832260 0.036750
v -0.034295 1.832260 0.027569
v -0.029821 1.838986 0.027003
v -0.019597 1.838297 0.033522
v -0.020083 1.831302 0.036632
v -0.034539 1.833299 0.026916
v -0.027443 1.828841 0.033377
v 0.029820 1.600119 0.013647
v 0.029138 1.600225 0.015392
v 0.028399 1.600541 0.017039
v 0.027631 1.601052 0.018526
v 0.026864 1.601741 0.019795
v 0.026127 1.602582 0.020797
v 0.025449 1.603538 0.021494
v 0.024856 1.604578 0.021860
v 0.024370 1.605658 0.021879
v 0.024010 1.606739 0.021552
v 0.023790 1.607778 0.020891
v 0.023719 1.608736 0.019921
v 0.023799 1.609576 0.018679
v 0.024027 1.610264 0.017214
v 0.024395 1.610776 0.015582
v 0.024887 1.611091 0.013845
v 0.025486 1.611197 0.012070
v 0.026168 1.611091 0.010325
v 0.026908 1.610776 0.008677
v 0.027676 1.610264 0.007191
v 0.028443 1.609576 0.005922
v 0.029179 1.608736 0.004919
v 0.029857 1.607778 0.004222
v 0.030451 1.606739 0.003857
v 0.030937 1.605658 0.003837
v 0.031296 1.604577 0.004164
v 0.031516 1.603538 0.004826
v 0.031587 1.602582 0.005796
v 0.031507 1.601741 0.007037
v 0.031279 1.601052 0.008502
v 0.030912 1.600541 0.010135
v 0.030419 1.600225 0.011872
v 0.000000 1.525900 -0.070243
v 0.001873 1.526007 -0.070199
v 0.003674 1.526322 -0.070067
v 0.005333 1.526834 -0.069854
v 0.006788 1.527523 -0.069567
v 0.007982 1.528362 -0.069218
v 0.008869 1.529319 -0.068819
v 0.009416 1.530360 -0.068387
v 0.009600 1.531439 -0.067937
v 0.009416 1.532520 -0.067487
v 0.008869 1.533559 -0.067055
v 0.007982 1.534517 -0.066656
v 0.006788 1.535356 -0.066306
v 0.005333 1.536045 -0.066020
v 0.003674 1.536557 -0.065807
v 0.001873 1.536872 -0.065675
v 0.000000 1.536978 -0.065631
v -0.001873 1.536872 -0.065675
v -0.003674 1.536557 -0.065807
v -0.005333 1.536045 -0.066020
v -0.006788 1.535356 -0.066306
v -0.007982 1.534517 -0.066656
v -0.008869 1.533559 -0.067054
v -0.009416 1.532520 -0.067487
v -0.009600 1.531439 -0.067937
v -0.009416 1.530360 -0.068387
v -0.008869 1.529319 -0.068819
v -0.007982 1.528362 -0.069218
v -0.006788 1.527522 -0.069568
v -0.005333 1.526834 -0.069854
v -0.003674 1.526321 -0.070067
v -0.001873 1.526007 -0.070199
v -0.027443 1.828841 0.033377
v -0.029023 1.828947 0.032370
v -0.030496 1.829262 0.031326
v -0.031805 1.829774 0.030285
v -0.032902 1.830463 0.029286
v -0.033743 1.831302 0.028369
v -0.034295 1.832260 0.027569
v -0.034539 1.833299 0.026916
v -0.034464 1.834380 0.026436
v -0.034073 1.835461 0.026147
v -0.033382 1.836500 0.026059
v -0.032416 1.837457 0.026177
v -0.031214 1.838297 0.026496
v -0.029821 1.838986 0.027003
v -0.028290 1.839498 0.027680
v -0.026682 1.839813 0.028500
v -0.025056 1.839919 0.029431
v -0.023477 1.839813 0.030438
v -0.022003 1.839498 0.031483
v -0.020694 1.838986 0.032524
v -0.019597 1.838297 0.033522
v -0.018757 1.837457 0.034439
v -0.018204 1.836500 0.035239
v -0.017960 1.835461 0.035892
v -0.018035 1.834380 0.036373
v -0.018426 1.833299 0.036662
v -0.019117 1.832260 0.036750
v -0.020083 1.831302 0.036632
v -0.021285 1.830463 0.036313
v -0.022678 1.829774 0.035805
v -0.024209 1.829262 0.035128
v -0.025817 1.828947 0.034309
vn 0.2759 -0.9607 -0.0305
vn -0.1004 0.9944 -0.0316
vn 0.2354 -0.9681 0.0856
vn 0.3145 -0.9370 -0.1521
vn -0.1003 0.9945 -0.0316
vn 0.3514 -0.8926 -0.2824
vn 0.3855 -0.8192 -0.4246
vn 0.4133 -0.7031 -0.5786
vn -0.1003 0.9944 -0.0317
vn 0.4265 -0.5274 -0.7348
vn 0.4124 -0.2832 -0.8659
vn -0.1003 0.9944 -0.0316
vn 0.3606 0.0113 -0.9327
vn 0.2758 0.3040 -0.9119
vn 0.1779 0.5441 -0.8199
vn -0.1004 0.9944 -0.0317
vn 0.0849 0.7157 -0.6932
vn -0.1003 0.9945 -0.0315
vn 0.0048 0.8290 -0.5593
vn -0.0623 0.9006 -0.4302
vn -0.1188 0.9439 -0.3082
vn -0.1679 0.9671 -0.1914
vn -0.2116 0.9743 -0.0767
vn -0.2516 0.9671 0.0386
vn -0.1004 0.9945 -0.0316
vn -0.2891 0.9439 0.1596
vn -0.3241 0.9006 0.2896
vn -0.3558 0.8290 0.4315
vn -0.3806 0.7158 0.5855
vn -0.3908 0.5442 0.7424
vn -0.3746 0.3036 0.8761
vn -0.3233 0.0116 0.9462
vn -0.2407 -0.2829 0.9285
vn -0.1456 -0.5275 0.8370
vn -0.1003 0.9945 -0.0317
vn -0.0554 -0.7031 0.7089
vn 0.0225 -0.8192 0.5731
vn 0.0877 -0.8926 0.4421
vn 0.1433 -0.9370 0.3185
vn 0.1918 -0.9607 0.2007
vn -0.1229 -0.9607 -0.2489
vn 0.0046 0.9945 0.1051
vn -0.0000 -0.9681 -0.2505
vn -0.2503 -0.9370 -0.2436
vn 0.0046 0.9945 0.1050
vn -0.3856 -0.8926 -0.2337
vn 0.0047 0.9945 0.1050
vn -0.5309 -0.8192 -0.2171
vn 0.0047 0.9945 0.1051
vn -0.6852 -0.7030 -0.1904
vn -0.8363 -0.5275 -0.1495
vn -0.9548 -0.2830 -0.0914
vn -0.9997 0.0114 -0.0199
vn -0.9513 0.3037 0.0526
vn -0.8313 0.5442 0.1133
vn -0.6803 0.7158 0.1574
vn -0.5274 0.8288 0.1867
vn -0.3829 0.9006 0.2056
vn -0.2487 0.9439 0.2171
vn -0.1224 0.9671 0.2232
vn 0.0045 0.9945 0.1050
vn 0.0002 0.9743 0.2252
vn 0.1224 0.9670 0.2232
vn 0.2488 0.9439 0.2171
vn 0.3829 0.9006 0.2056
vn 0.5271 0.8290 0.1868
vn 0.6803 0.7158 0.1574
vn 0.8315 0.5439 0.1133
vn 0.9513 0.3038 0.0526
vn 0.9997 0.0115 -0.0199
vn 0.9547 -0.2830 -0.0914
vn 0.8365 -0.5272 -0.1495
vn 0.6852 -0.7030 -0.1904
vn 0.5308 -0.8192 -0.2171
vn 0.3855 -0.8926 -0.2337
vn 0.2504 -0.9370 -0.2436
vn 0.1230 -0.9607 -0.2489
vn -0.0234 -0.9607 0.2767
vn 0.0504 0.9945 -0.0923
vn -0.1296 -0.9681 0.2143
vn 0.0881 -0.9370 0.3380
vn 0.2089 -0.8926 0.3995
vn 0.0503 0.9945 -0.0924
vn 0.3419 -0.8192 0.4605
vn 0.4878 -0.7029 0.5176
vn 0.6383 -0.5273 0.5608
vn 0.0505 0.9945 -0.0923
vn 0.7697 -0.2829 0.5723
vn 0.0505 0.9944 -0.0924
vn 0.8451 0.0115 0.5344
vn 0.0505 0.9945 -0.0922
vn 0.8412 0.3036 0.4474
vn 0.7701 0.5439 0.3334
vn 0.6637 0.7157 0.2174
vn 0.0504 0.9944 -0.0924
vn 0.5477 0.8290 0.1129
vn 0.4340 0.9006 0.0223
vn 0.0504 0.9944 -0.0923
vn 0.3251 0.9439 -0.0570
vn 0.2203 0.9670 -0.1276
vn 0.1165 0.9743 -0.1926
vn 0.0107 0.9670 -0.2544
vn -0.1005 0.9439 -0.3145
vn -0.2211 0.9007 -0.3740
vn -0.3543 0.8291 -0.4326
vn -0.5010 0.7156 -0.4868
vn -0.6528 0.5439 -0.5272
vn 0.0505 0.9944 -0.0923
vn -0.7867 0.3038 -0.5374
vn -0.8658 0.0112 -0.5003
vn -0.8642 -0.2832 -0.4159
vn -0.7929 -0.5276 -0.3048
vn -0.6848 -0.7031 -0.1916
vn -0.5666 -0.8192 -0.0891
vn 0.0503 0.9945 -0.0923
vn -0.4508 -0.8926 0.0003
vn -0.3403 -0.9370 0.0788
vn -0.2342 -0.9607 0.1491
vn -0.2011 0.9360 0.2889
vn -0.1722 0.9116 0.3732
vn -0.2298 0.8729 0.4303
vn -0.1616 0.9483 0.2732
vn -0.7295 0.6836 0.0207
vn -0.7976 0.5917 0.1171
vn -0.7599 0.6482 0.0488
vn -0.7270 0.6866 -0.0025
vn -0.6489 0.7606 0.0198
vn -0.6373 0.7704 -0.0161
vn -0.5034 0.8604 0.0788
vn -0.4928 0.8691 0.0415
vn -0.3643 0.9192 0.1496
vn -0.3578 0.9281 0.1032
vn -0.2295 0.9359 0.2672
vn -0.2458 0.9501 0.1919
vn -0.2087 0.9305 -0.3009
vn -0.3048 0.9466 -0.1050
vn -0.2076 0.9757 -0.0700
vn -0.0642 0.9527 -0.2971
vn -0.3527 0.8697 -0.3452
vn -0.4332 0.8886 -0.1507
vn -0.5040 0.7662 -0.3986
vn -0.5773 0.7907 -0.2037
vn -0.5614 0.6832 -0.4670
vn -0.6376 0.7361 -0.2272
vn -0.5474 0.6850 -0.4808
vn -0.6241 0.7484 -0.2245
vn 0.0175 0.9446 -0.3276
vn -0.0515 0.9985 -0.0171
vn 0.0405 0.9551 -0.2936
vn 0.1007 0.9211 -0.3760
vn 0.0600 0.9007 -0.4302
vn -0.5333 0.5876 -0.6085
vn -0.5498 0.6406 -0.5360
vn -0.4861 0.7531 -0.4432
vn -0.3339 0.8595 -0.3870
vn -0.1808 0.9211 -0.3448
vn -0.0046 0.9389 -0.3441
vn -0.6758 0.7370 0.0101
vn -0.6476 0.7540 -0.1100
vn -0.9340 0.2459 -0.2593
vn -0.9544 0.2366 -0.1823
vn 0.6477 -0.7539 0.1100
vn 0.6629 -0.7396 0.1164
vn 0.6271 -0.7447 0.2282
vn 0.6115 -0.7593 0.2226
vn 0.6119 -0.7852 0.0949
vn 0.5749 -0.7910 0.2093
vn 0.4709 -0.8813 0.0395
vn 0.4318 -0.8882 0.1572
vn 0.3464 -0.9381 -0.0057
vn 0.3063 -0.9454 0.1115
vn 0.6759 -0.7369 -0.0101
vn 0.6906 -0.7232 -0.0024
vn 0.6413 -0.7668 -0.0272
vn 0.5042 -0.8594 -0.0847
vn 0.3826 -0.9148 -0.1295
vn 0.6949 -0.7049 -0.1425
vn 0.7091 -0.6922 -0.1343
vn 0.6618 -0.7321 -0.1613
vn 0.5308 -0.8185 -0.2198
vn 0.4151 -0.8712 -0.2621
vn 0.7004 -0.6510 -0.2926
vn 0.7139 -0.6399 -0.2843
vn 0.6692 -0.6744 -0.3121
vn 0.5479 -0.7509 -0.3689
vn 0.4417 -0.7992 -0.4078
vn 0.6834 -0.5645 -0.4629
vn 0.6959 -0.5558 -0.4547
vn 0.6548 -0.5818 -0.4824
vn 0.5487 -0.6442 -0.5329
vn 0.4577 -0.6859 -0.5657
vn 0.6282 -0.4301 -0.6484
vn 0.6391 -0.4247 -0.6412
vn 0.6034 -0.4394 -0.6655
vn 0.5218 -0.4834 -0.7029
vn 0.4538 -0.5151 -0.7271
vn 0.5159 -0.2372 -0.8231
vn 0.5238 -0.2356 -0.8186
vn 0.4974 -0.2381 -0.8342
vn 0.4533 -0.2608 -0.8524
vn 0.4174 -0.2783 -0.8651
vn 0.3420 -0.0000 -0.9397
vn 0.3443 -0.0014 -0.9388
vn 0.3340 0.0067 -0.9426
vn 0.3379 0.0068 -0.9412
vn 0.3405 0.0060 -0.9402
vn 0.1338 0.2373 -0.9622
vn 0.1292 0.2331 -0.9638
vn 0.1399 0.2498 -0.9581
vn 0.1921 0.2728 -0.9427
vn 0.2325 0.2888 -0.9287
vn -0.0646 0.4301 -0.9005
vn -0.0744 0.4228 -0.9032
vn -0.0447 0.4474 -0.8932
vn 0.0453 0.4918 -0.8695
vn 0.1161 0.5221 -0.8449
vn -0.2260 0.5646 -0.7938
vn -0.2394 0.5548 -0.7968
vn -0.1966 0.5864 -0.7858
vn -0.0820 0.6489 -0.7564
vn 0.0105 0.6894 -0.7243
vn -0.3484 0.6511 -0.6743
vn -0.3640 0.6394 -0.6772
vn -0.3139 0.6771 -0.6655
vn -0.1848 0.7534 -0.6311
vn -0.0781 0.8009 -0.5937
vn -0.4406 0.7049 -0.5558
vn -0.4567 0.6916 -0.5596
vn -0.4037 0.7342 -0.5458
vn -0.2664 0.8198 -0.5070
vn -0.1508 0.8720 -0.4658
vn -0.5113 0.7370 -0.4421
vn -0.5275 0.7227 -0.4466
vn -0.4731 0.7683 -0.4311
vn -0.3320 0.8601 -0.3874
vn -0.2109 0.9149 -0.3441
vn -0.5669 0.7540 -0.3319
vn -0.5831 0.7392 -0.3371
vn -0.5284 0.7865 -0.3197
vn -0.3860 0.8816 -0.2715
vn -0.2621 0.9381 -0.2266
vn -0.6115 0.7593 -0.2225
vn -0.6275 0.7443 -0.2285
vn -0.5735 0.7922 -0.2088
vn -0.4314 0.8884 -0.1569
vn -0.3066 0.9453 -0.1116
vn -0.6634 0.7392 -0.1165
vn -0.6103 0.7865 -0.0947
vn -0.4702 0.8816 -0.0401
vn -0.3465 0.9380 0.0052
vn -0.6911 0.7227 0.0029
vn -0.6395 0.7683 0.0261
vn -0.5034 0.8601 0.0832
vn -0.3827 0.9150 0.1279
vn -0.6948 0.7049 0.1425
vn -0.7095 0.6916 0.1350
vn -0.6601 0.7342 0.1586
vn -0.5300 0.8198 0.2171
vn -0.4149 0.8720 0.2599
vn -0.7003 0.6511 0.2925
vn -0.7142 0.6394 0.2848
vn -0.6683 0.6771 0.3082
vn -0.5473 0.7533 0.3647
vn -0.4413 0.8011 0.4043
vn -0.6834 0.5645 0.4630
vn -0.6957 0.5548 0.4563
vn -0.6557 0.5864 0.4756
vn -0.5490 0.6489 0.5268
vn -0.4575 0.6895 0.5615
vn -0.6284 0.4303 0.6480
vn -0.6375 0.4228 0.6441
vn -0.6085 0.4475 0.6554
vn -0.5243 0.4917 0.6952
vn -0.4542 0.5222 0.7218
vn -0.5162 0.2376 0.8228
vn -0.5206 0.2331 0.8213
vn -0.5087 0.2498 0.8239
vn -0.4589 0.2730 0.8455
vn -0.4189 0.2888 0.8609
vn -0.3419 -0.0003 0.9397
vn -0.3396 -0.0015 0.9406
vn -0.3499 0.0065 0.9368
vn -0.3462 0.0071 0.9381
vn -0.3434 0.0058 0.9392
vn -0.1338 -0.2374 0.9622
vn -0.1249 -0.2357 0.9638
vn -0.1551 -0.2382 0.9588
vn -0.2008 -0.2607 0.9443
vn -0.2363 -0.2785 0.9309
vn 0.0642 -0.4298 0.9006
vn 0.0773 -0.4247 0.9020
vn 0.0345 -0.4394 0.8976
vn -0.0519 -0.4834 0.8739
vn -0.1197 -0.5150 0.8488
vn 0.2258 -0.5643 0.7941
vn 0.2405 -0.5556 0.7959
vn 0.1915 -0.5818 0.7905
vn 0.0779 -0.6443 0.7608
vn -0.0131 -0.6858 0.7277
vn 0.3484 -0.6511 0.6743
vn 0.3641 -0.6399 0.6767
vn 0.3120 -0.6743 0.6693
vn 0.1825 -0.7508 0.6348
vn 0.0763 -0.7993 0.5961
vn 0.4407 -0.7049 0.5557
vn 0.4569 -0.6923 0.5586
vn 0.4033 -0.7322 0.5489
vn 0.2654 -0.8185 0.5095
vn 0.1495 -0.8712 0.4676
vn 0.5113 -0.7369 0.4422
vn 0.5272 -0.7232 0.4461
vn 0.4738 -0.7668 0.4332
vn 0.3316 -0.8594 0.3892
vn 0.2101 -0.9148 0.3451
vn 0.5669 -0.7539 0.3320
vn 0.5827 -0.7396 0.3368
vn 0.5297 -0.7852 0.3207
vn 0.3862 -0.8813 0.2724
vn 0.2616 -0.9381 0.2271
vn -0.5752 0.0445 -0.8168
vn -0.6754 0.1339 -0.7252
vn -0.2823 -0.9525 0.1140
vn -0.2379 -0.9711 0.0202
vn -0.1229 -0.9181 -0.3767
vn -0.1118 -0.8620 -0.4944
vn -0.9157 -0.0942 0.3906
vn -0.8266 -0.2788 0.4889
vn -0.9102 0.2487 -0.3312
vn -0.4505 -0.0942 -0.8878
vn -0.3363 -0.9181 0.2096
vn -0.1430 -0.9525 -0.2688
vn -0.9657 0.0445 0.2559
vn -0.8821 0.2459 -0.4017
vn -0.3189 -0.2788 -0.9058
vn -0.4035 -0.8620 0.3069
vn -0.1692 -0.9711 -0.1685
vn -0.9835 0.1339 0.1215
vn -0.8482 0.2366 -0.4738
vn -0.2112 -0.4765 -0.8534
vn -0.4878 -0.7753 0.4013
vn -0.2007 -0.9769 -0.0730
vn -0.9823 0.1874 0.0037
vn -0.8057 0.2187 -0.5505
vn -0.1446 -0.6478 -0.7479
vn -0.5916 -0.6478 0.4799
vn -0.9710 0.2187 -0.0962
vn -0.7501 0.1874 -0.6342
vn -0.1156 -0.7752 -0.6211
vn -0.7103 -0.4765 0.5180
vn -0.2008 -0.9769 -0.0730
vn 0.3403 0.9360 0.0901
vn 0.4096 0.9116 0.0342
vn 0.4830 0.8729 0.0688
vn 0.3120 0.9483 0.0584
vn 0.2689 0.6836 0.6785
vn 0.3828 0.5917 0.7095
vn 0.3057 0.6482 0.6974
vn 0.2463 0.6866 0.6840
vn 0.2405 0.7607 0.6029
vn 0.2028 0.7704 0.6044
vn 0.2462 0.8605 0.4461
vn 0.2075 0.8691 0.4489
vn 0.2651 0.9192 0.2911
vn 0.2193 0.9281 0.3009
vn 0.3296 0.9359 0.1243
vn 0.2644 0.9502 0.1653
vn -0.2114 0.9305 0.2991
vn 0.0056 0.9466 0.3224
vn 0.0052 0.9757 0.2191
vn -0.2572 0.9527 0.1620
vn -0.2037 0.8697 0.4496
vn 0.0066 0.8886 0.4586
vn -0.2025 0.7663 0.6098
vn 0.0061 0.7907 0.6121
vn -0.2468 0.6832 0.6872
vn 0.0046 0.7360 0.6769
vn -0.2645 0.6850 0.6788
vn 0.0025 0.7484 0.6632
vn -0.3138 0.9447 0.0956
vn 0.0015 0.9985 0.0542
vn -0.2898 0.9551 0.0623
vn -0.3877 0.9211 0.0339
vn -0.4248 0.9007 0.0907
vn -0.3894 0.5876 0.7093
vn -0.3157 0.6406 0.7000
vn -0.2502 0.7531 0.6085
vn -0.2495 0.8595 0.4460
vn -0.2621 0.9211 0.2878
vn -0.3218 0.9389 0.1220
vn 0.2407 0.7369 0.6316
vn 0.1181 0.7540 0.6462
vn 0.0758 0.2459 0.9663
vn 0.1551 0.2366 0.9592
vn -0.1181 -0.7539 -0.6462
vn -0.1170 -0.7397 -0.6627
vn -0.0000 -0.7447 -0.6673
vn -0.0000 -0.7592 -0.6508
vn -0.1201 -0.7852 -0.6074
vn -0.0000 -0.7910 -0.6118
vn -0.1242 -0.8813 -0.4560
vn -0.0000 -0.8882 -0.4595
vn -0.1239 -0.9381 -0.3236
vn -0.0000 -0.9454 -0.3260
vn -0.2410 -0.7369 -0.6316
vn -0.2388 -0.7232 -0.6481
vn -0.2449 -0.7668 -0.5933
vn -0.2522 -0.8594 -0.4448
vn -0.2523 -0.9148 -0.3154
vn -0.3718 -0.7048 -0.6042
vn -0.3688 -0.6922 -0.6203
vn -0.3779 -0.7321 -0.5667
vn -0.3879 -0.8186 -0.4236
vn -0.3881 -0.8713 -0.3004
vn -0.5143 -0.6511 -0.5581
vn -0.5110 -0.6401 -0.5737
vn -0.5225 -0.6742 -0.5220
vn -0.5340 -0.7509 -0.3886
vn -0.5343 -0.7991 -0.2756
vn -0.6689 -0.5644 -0.4838
vn -0.6653 -0.5558 -0.4984
vn -0.6774 -0.5817 -0.4503
vn -0.6883 -0.6443 -0.3334
vn -0.6882 -0.6859 -0.2365
vn -0.8242 -0.4300 -0.3685
vn -0.8212 -0.4246 -0.3811
vn -0.8314 -0.4398 -0.3397
vn -0.8388 -0.4836 -0.2501
vn -0.8383 -0.5154 -0.1779
vn -0.9499 -0.2374 -0.2034
vn -0.9485 -0.2355 -0.2119
vn -0.9540 -0.2381 -0.1821
vn -0.9560 -0.2607 -0.1344
vn -0.9556 -0.2784 -0.0963
vn -1.0000 0.0001 0.0001
vn -1.0000 -0.0015 -0.0025
vn -0.9999 0.0068 0.0086
vn -1.0000 0.0070 0.0044
vn -1.0000 0.0060 0.0017
vn -0.9498 0.2375 0.2036
vn -0.9499 0.2330 0.2082
vn -0.9482 0.2499 0.1963
vn -0.9516 0.2728 0.1418
vn -0.9522 0.2887 0.0992
vn -0.8239 0.4302 0.3688
vn -0.8230 0.4231 0.3791
vn -0.8242 0.4472 0.3475
vn -0.8326 0.4918 0.2548
vn -0.8338 0.5219 0.1799
vn -0.6688 0.5645 0.4838
vn -0.6668 0.5548 0.4976
vn -0.6711 0.5864 0.4536
vn -0.6828 0.6489 0.3357
vn -0.6840 0.6896 0.2379
vn -0.5143 0.6512 0.5581
vn -0.5120 0.6394 0.5736
vn -0.5181 0.6771 0.5226
vn -0.5298 0.7534 0.3896
vn -0.5309 0.8011 0.2764
vn -0.3715 0.7049 0.6042
vn -0.3697 0.6916 0.6205
vn -0.3751 0.7341 0.5660
vn -0.3852 0.8198 0.4237
vn -0.3862 0.8719 0.3010
vn -0.2407 0.7369 0.6316
vn -0.2393 0.7227 0.6484
vn -0.2431 0.7683 0.5921
vn -0.2505 0.8600 0.4445
vn -0.2510 0.9150 0.3159
vn -0.1181 0.7540 0.6462
vn -0.1171 0.7392 0.6632
vn -0.1195 0.7865 0.6059
vn -0.1234 0.8816 0.4556
vn -0.1234 0.9380 0.3238
vn -0.0000 0.7593 0.6508
vn -0.0000 0.7443 0.6678
vn -0.0000 0.7922 0.6103
vn -0.0000 0.8884 0.4591
vn -0.0000 0.9453 0.3263
vn 0.1171 0.7392 0.6632
vn 0.1195 0.7865 0.6059
vn 0.1234 0.8816 0.4556
vn 0.1234 0.9380 0.3238
vn 0.2393 0.7227 0.6484
vn 0.2432 0.7683 0.5921
vn 0.2506 0.8600 0.4445
vn 0.2511 0.9150 0.3158
vn 0.3715 0.7049 0.6042
vn 0.3696 0.6916 0.6205
vn 0.3751 0.7341 0.5660
vn 0.3852 0.8198 0.4238
vn 0.3861 0.8720 0.3010
vn 0.5143 0.6512 0.5581
vn 0.5120 0.6394 0.5736
vn 0.5180 0.6772 0.5226
vn 0.5297 0.7534 0.3896
vn 0.5308 0.8012 0.2765
vn 0.6688 0.5645 0.4838
vn 0.6668 0.5548 0.4976
vn 0.6711 0.5864 0.4536
vn 0.6828 0.6489 0.3357
vn 0.6840 0.6896 0.2379
vn 0.8239 0.4302 0.3688
vn 0.8230 0.4231 0.3791
vn 0.8241 0.4473 0.3475
vn 0.8328 0.4915 0.2547
vn 0.8340 0.5217 0.1798
vn 0.9498 0.2375 0.2036
vn 0.9499 0.2330 0.2082
vn 0.9482 0.2499 0.1963
vn 0.9515 0.2728 0.1418
vn 0.9523 0.2885 0.0992
vn 1.0000 0.0001 0.0001
vn 1.0000 -0.0015 -0.0025
vn 0.9999 0.0068 0.0086
vn 1.0000 0.0069 0.0044
vn 1.0000 0.0059 0.0016
vn 0.9499 -0.2374 -0.2034
vn 0.9484 -0.2357 -0.2122
vn 0.9540 -0.2381 -0.1821
vn 0.9560 -0.2607 -0.1344
vn 0.9556 -0.2784 -0.0963
vn 0.8242 -0.4300 -0.3685
vn 0.8211 -0.4248 -0.3813
vn 0.8316 -0.4396 -0.3395
vn 0.8390 -0.4834 -0.2499
vn 0.8384 -0.5152 -0.1777
vn 0.6687 -0.5645 -0.4839
vn 0.6653 -0.5558 -0.4984
vn 0.6774 -0.5817 -0.4503
vn 0.6885 -0.6441 -0.3333
vn 0.6882 -0.6858 -0.2365
vn 0.5143 -0.6511 -0.5581
vn 0.5110 -0.6401 -0.5737
vn 0.5223 -0.6743 -0.5220
vn 0.5339 -0.7509 -0.3887
vn 0.5341 -0.7992 -0.2756
vn 0.3718 -0.7048 -0.6042
vn 0.3688 -0.6922 -0.6203
vn 0.3779 -0.7321 -0.5667
vn 0.3879 -0.8186 -0.4236
vn 0.3883 -0.8712 -0.3004
vn 0.2407 -0.7370 -0.6316
vn 0.2390 -0.7232 -0.6480
vn 0.2451 -0.7668 -0.5933
vn 0.2523 -0.8594 -0.4447
vn 0.2521 -0.9148 -0.3155
vn 0.1183 -0.7539 -0.6462
vn 0.1174 -0.7396 -0.6627
vn 0.1201 -0.7852 -0.6074
vn 0.1242 -0.8813 -0.4560
vn 0.1240 -0.9381 -0.3235
vn -0.0000 -0.7448 -0.6673
vn -0.5708 0.0445 0.8199
vn -0.4505 0.1339 0.8827
vn 0.2037 -0.9525 0.2263
vn 0.1005 -0.9711 0.2166
vn -0.3120 -0.9181 0.2444
vn -0.4264 -0.8620 0.2742
vn 0.6802 -0.0942 0.7269
vn 0.7421 -0.2788 0.6096
vn -0.0000 0.2486 0.9686
vn -0.6803 -0.0942 0.7268
vn 0.3120 -0.9181 0.2444
vn -0.2037 -0.9525 0.2263
vn 0.5707 0.0445 0.8199
vn -0.0758 0.2459 0.9663
vn -0.7421 -0.2789 0.6095
vn 0.4264 -0.8620 0.2742
vn -0.1004 -0.9711 0.2166
vn 0.4505 0.1338 0.8827
vn -0.1551 0.2366 0.9592
vn -0.7298 -0.4765 0.4902
vn 0.5439 -0.7753 0.3210
vn -0.0000 -0.9769 0.2135
vn 0.3394 0.1874 0.9218
vn -0.2417 0.2187 0.9454
vn -0.6533 -0.6478 0.3918
vn 0.6533 -0.6478 0.3918
vn 0.2417 0.2187 0.9454
vn -0.3394 0.1874 0.9218
vn -0.5440 -0.7752 0.3211
vn 0.7298 -0.4765 0.4902
vn -0.2445 0.9360 -0.2532
vn -0.3328 0.9116 -0.2412
vn -0.3776 0.8729 -0.3088
vn -0.2367 0.9483 -0.2115
vn 0.1210 0.6836 -0.7197
vn 0.0396 0.5917 -0.8052
vn 0.0993 0.6481 -0.7550
vn 0.1433 0.6866 -0.7128
vn 0.1062 0.7607 -0.6404
vn 0.1392 0.7704 -0.6222
vn 0.0201 0.8605 -0.5091
vn 0.0547 0.8691 -0.4917
vn -0.0762 0.9192 -0.3863
vn -0.0319 0.9281 -0.3710
vn -0.2177 0.9359 -0.2769
vn -0.1407 0.9501 -0.2783
vn 0.3357 0.9305 -0.1465
vn 0.1620 0.9466 -0.2787
vn 0.1089 0.9757 -0.1901
vn 0.3039 0.9527 -0.0055
vn 0.4070 0.8697 -0.2793
vn 0.2317 0.8886 -0.3958
vn 0.4887 0.7662 -0.4174
vn 0.3116 0.7908 -0.5269
vn 0.5669 0.6832 -0.4603
vn 0.3464 0.7360 -0.5816
vn 0.5777 0.6850 -0.4439
vn 0.3411 0.7484 -0.5688
vn 0.3180 0.9447 0.0806
vn 0.0267 0.9985 -0.0472
vn 0.2803 0.9550 0.0966
vn 0.3493 0.9212 0.1716
vn 0.4104 0.9007 0.1422
vn 0.7003 0.5876 -0.4053
vn 0.6323 0.6406 -0.4356
vn 0.5290 0.7531 -0.3911
vn 0.4443 0.8595 -0.2525
vn 0.3732 0.9211 -0.1106
vn 0.3385 0.9389 0.0621
vn 0.1209 0.7370 -0.6650
vn 0.2335 0.7540 -0.6140
vn 0.4353 0.2459 -0.8661
vn 0.3636 0.2366 -0.9010
vn -0.2331 -0.7539 0.6142
vn -0.2427 -0.7396 0.6278
vn -0.3454 -0.7447 0.5710
vn -0.3368 -0.7593 0.5568
vn -0.2115 -0.7852 0.5819
vn -0.3166 -0.7910 0.5235
vn -0.1298 -0.8813 0.4545
vn -0.2378 -0.8881 0.3933
vn -0.0613 -0.9380 0.3410
vn -0.1687 -0.9454 0.2790
vn -0.1210 -0.7369 0.6650
vn -0.1312 -0.7232 0.6781
vn -0.0977 -0.7668 0.6344
vn -0.0145 -0.8594 0.5110
vn 0.0527 -0.9148 0.4005
vn 0.0053 -0.7049 0.7093
vn -0.0055 -0.6922 0.7217
vn 0.0301 -0.7322 0.6805
vn 0.1127 -0.8186 0.5632
vn 0.1767 -0.8712 0.4580
vn 0.1514 -0.6511 0.7437
vn 0.1407 -0.6399 0.7555
vn 0.1767 -0.6743 0.7170
vn 0.2561 -0.7508 0.6089
vn 0.3142 -0.7993 0.5123
vn 0.3219 -0.5644 0.7601
vn 0.3113 -0.5559 0.7708
vn 0.3465 -0.5817 0.7359
vn 0.4164 -0.6443 0.6414
vn 0.4663 -0.6859 0.5586
vn 0.5146 -0.4299 0.7419
vn 0.5053 -0.4248 0.7512
vn 0.5357 -0.4397 0.7209
vn 0.5882 -0.4837 0.6481
vn 0.6256 -0.5150 0.5861
vn 0.7075 -0.2373 0.6657
vn 0.7017 -0.2356 0.6724
vn 0.7221 -0.2381 0.6495
vn 0.7485 -0.2606 0.6098
vn 0.7679 -0.2784 0.5769
vn 0.8557 -0.0000 0.5175
vn 0.8542 -0.0014 0.5199
vn 0.8602 0.0071 0.5100
vn 0.8579 0.0070 0.5138
vn 0.8565 0.0057 0.5161
vn 0.9181 0.2374 0.3174
vn 0.9206 0.2331 0.3133
vn 0.9129 0.2496 0.3230
vn 0.8876 0.2728 0.3711
vn 0.8662 0.2886 0.4079
vn 0.8959 0.4301 0.1111
vn 0.9004 0.4229 0.1017
vn 0.8851 0.4472 0.1294
vn 0.8442 0.4919 0.2128
vn 0.8066 0.5219 0.2777
vn 0.8226 0.5646 -0.0680
vn 0.8281 0.5547 -0.0806
vn 0.8090 0.5864 -0.0407
vn 0.7580 0.6489 0.0659
vn 0.7085 0.6895 0.1506
vn 0.7290 0.6511 -0.2113
vn 0.7352 0.6392 -0.2256
vn 0.7136 0.6773 -0.1793
vn 0.6551 0.7532 -0.0589
vn 0.5975 0.8010 0.0384
vn 0.6307 0.7049 -0.3246
vn 0.6373 0.6916 -0.3398
vn 0.6138 0.7342 -0.2903
vn 0.5489 0.8198 -0.1632
vn 0.4860 0.8721 -0.0579
vn 0.5330 0.7369 -0.4158
vn 0.5402 0.7227 -0.4311
vn 0.5147 0.7683 -0.3806
vn 0.4443 0.8601 -0.2507
vn 0.3782 0.9150 -0.1404
vn 0.4355 0.7540 -0.4918
vn 0.4436 0.7392 -0.5068
vn 0.4159 0.7865 -0.4566
vn 0.3411 0.8816 -0.3261
vn 0.2734 0.9380 -0.2131
vn 0.3367 0.7593 -0.5569
vn 0.3457 0.7443 -0.5714
vn 0.3159 0.7922 -0.5222
vn 0.2377 0.8884 -0.3928
vn 0.1689 0.9452 -0.2792
vn 0.2428 0.7392 -0.6282
vn 0.2112 0.7865 -0.5804
vn 0.1305 0.8817 -0.4535
vn 0.0618 0.9380 -0.3410
vn 0.1309 0.7227 -0.6787
vn 0.0981 0.7683 -0.6326
vn 0.0156 0.8600 -0.5100
vn -0.0514 0.9150 -0.4002
vn -0.0054 0.7049 -0.7093
vn 0.0051 0.6917 -0.7222
vn -0.0280 0.7341 -0.6785
vn -0.1104 0.8197 -0.5620
vn -0.1744 0.8721 -0.4573
vn -0.1514 0.6511 -0.7437
vn -0.1414 0.6393 -0.7558
vn -0.1727 0.6772 -0.7153
vn -0.2518 0.7534 -0.6075
vn -0.3113 0.8010 -0.5113
vn -0.3218 0.5645 -0.7601
vn -0.3128 0.5548 -0.7710
vn -0.3396 0.5864 -0.7354
vn -0.4107 0.6488 -0.6407
vn -0.4622 0.6896 -0.5575
vn -0.5144 0.4301 -0.7419
vn -0.5082 0.4229 -0.7503
vn -0.5253 0.4474 -0.7238
vn -0.5804 0.4918 -0.6491
vn -0.6205 0.5218 -0.5854
vn -0.7073 0.2375 -0.6658
vn -0.7050 0.2330 -0.6698
vn -0.7097 0.2500 -0.6587
vn -0.7407 0.2730 -0.6139
vn -0.7636 0.2886 -0.5776
vn -0.8556 0.0001 -0.5177
vn -0.8569 -0.0015 -0.5155
vn -0.8511 0.0068 -0.5250
vn -0.8533 0.0072 -0.5214
vn -0.8548 0.0062 -0.5189
vn -0.9180 -0.2374 -0.3175
vn -0.9213 -0.2356 -0.3094
vn -0.9106 -0.2381 -0.3379
vn -0.8876 -0.2608 -0.3797
vn -0.8675 -0.2785 -0.4121
vn -0.8959 -0.4300 -0.1112
vn -0.9000 -0.4246 -0.0989
vn -0.8873 -0.4394 -0.1401
vn -0.8472 -0.4836 -0.2202
vn -0.8094 -0.5152 -0.2818
vn -0.8226 -0.5645 0.0680
vn -0.8273 -0.5557 0.0820
vn -0.8125 -0.5818 0.0350
vn -0.7615 -0.6442 -0.0709
vn -0.7113 -0.6859 -0.1537
vn -0.7291 -0.6510 0.2112
vn -0.7343 -0.6400 0.2263
vn -0.7170 -0.6744 0.1765
vn -0.6581 -0.7508 0.0564
vn -0.5996 -0.7993 -0.0405
vn -0.6308 -0.7048 0.3246
vn -0.6368 -0.6921 0.3398
vn -0.6166 -0.7322 0.2893
vn -0.5511 -0.8186 0.1618
vn -0.4876 -0.8713 0.0562
vn -0.5327 -0.7370 0.4160
vn -0.5397 -0.7232 0.4309
vn -0.5166 -0.7668 0.3810
vn -0.4461 -0.8594 0.2498
vn -0.3792 -0.9148 0.1393
vn -0.4355 -0.7540 0.4918
vn -0.4432 -0.7396 0.5065
vn -0.4172 -0.7852 0.4575
vn -0.3423 -0.8812 0.3260
vn -0.2736 -0.9381 0.2126
vn 0.9127 0.0445 -0.4061
vn 0.8423 0.1338 -0.5222
vn -0.0571 -0.9525 -0.2990
vn 0.0262 -0.9711 -0.2373
vn 0.3935 -0.9181 -0.0477
vn 0.5067 -0.8620 -0.0139
vn -0.2058 -0.0942 -0.9740
vn -0.3196 -0.2788 -0.9056
vn 0.5013 0.2487 -0.8288
vn 0.9583 -0.0942 -0.2699
vn -0.1404 -0.9181 -0.3706
vn 0.2915 -0.9525 -0.0882
vn -0.0640 0.0445 -0.9970
vn 0.5650 0.2459 -0.7876
vn 0.9505 -0.2788 -0.1375
vn -0.2228 -0.8620 -0.4553
vn 0.1980 -0.9711 -0.1334
vn 0.0714 0.1338 -0.9884
vn 0.6291 0.2366 -0.7404
vn 0.8782 -0.4765 -0.0418
vn -0.2993 -0.7752 -0.5563
vn 0.1105 -0.9769 -0.1827
vn 0.1866 0.1874 -0.9644
vn 0.6961 0.2187 -0.6838
vn 0.7618 -0.6478 0.0028
vn -0.3563 -0.6478 -0.6733
vn 0.2825 0.2187 -0.9340
vn 0.7674 0.1874 -0.6131
vn 0.6317 -0.7752 0.0068
vn -0.3707 -0.4765 -0.7972
vn 0.1105 -0.9769 -0.1828
vn -0.9157 -0.0942 0.3907
vn -0.7103 -0.4765 0.5181
vn -0.5916 -0.6478 0.4800
vn -0.4877 -0.7752 0.4014
vn -0.4035 -0.8619 0.3069
vn -0.2823 -0.9525 0.1141
vn -0.9543 0.2367 -0.1823
vn -0.2379 -0.9711 0.0203
vn -0.8821 0.2460 -0.4017
vn -0.8482 0.2366 -0.4739
vn -0.1229 -0.9182 -0.3767
vn -0.8056 0.2187 -0.5505
vn -0.1118 -0.8620 -0.4943
vn -0.7501 0.1874 -0.6343
vn -0.1156 -0.7753 -0.6210
vn -0.6753 0.1339 -0.7253
vn -0.2111 -0.4765 -0.8534
vn -0.4503 -0.0942 -0.8879
vn -0.3188 -0.2788 -0.9059
vn 0.1006 -0.9711 0.2166
vn 0.0001 -0.9769 0.2135
vn -0.2036 -0.9525 0.2263
vn 0.6534 -0.6478 0.3917
vn -0.6533 -0.6479 0.3917
vn 0.7299 -0.4765 0.4902
vn 0.7422 -0.2788 0.6095
vn 0.6803 -0.0942 0.7269
vn 0.5708 0.0445 0.8199
vn 0.4505 0.1339 0.8827
vn 0.1551 0.2367 0.9591
vn -0.1551 0.2366 0.9591
vn -0.0000 0.2487 0.9686
vn 0.0261 -0.9711 -0.2373
vn 0.2913 -0.9525 -0.0882
vn 0.3934 -0.9181 -0.0477
vn -0.2230 -0.8620 -0.4553
vn 0.5066 -0.8620 -0.0139
vn 0.6316 -0.7753 0.0068
vn 0.7617 -0.6479 0.0029
vn 0.9505 -0.2788 -0.1374
vn -0.2060 -0.0942 -0.9740
vn 0.9583 -0.0942 -0.2698
vn 0.9128 0.0445 -0.4060
vn 0.0714 0.1339 -0.9884
vn 0.8423 0.1338 -0.5221
vn 0.1866 0.1875 -0.9644
vn 0.7675 0.1874 -0.6131
vn 0.2824 0.2187 -0.9340
vn 0.3636 0.2367 -0.9010
vn 0.4353 0.2459 -0.8660
vn 0.5650 0.2460 -0.7876
vt 0.031250 0.142857
vt 0.000000 0.071429
vt 0.000000 0.142857
vt 0.062500 0.142857
vt 0.031250 0.071429
vt 0.093750 0.142857
vt 0.062500 0.071429
vt 0.125000 0.142857
vt 0.093750 0.071429
vt 0.156250 0.142857
vt 0.125000 0.071429
vt 0.187500 0.142857
vt 0.156250 0.071429
vt 0.218750 0.142857
vt 0.187500 0.071429
vt 0.250000 0.142857
vt 0.218750 0.071429
vt 0.281250 0.142857
vt 0.250000 0.071429
vt 0.312500 0.142857
vt 0.281250 0.071429
vt 0.343750 0.142857
vt 0.312500 0.071429
vt 0.375000 0.142857
vt 0.343750 0.071429
vt 0.406250 0.142857
vt 0.375000 0.071429
vt 0.437500 0.142857
vt 0.406250 0.071429
vt 0.468750 0.142857
vt 0.437500 0.071429
vt 0.500000 0.142857
vt 0.468750 0.071429
vt 0.531250 0.142857
vt 0.500000 0.071429
vt 0.562500 0.142857
vt 0.531250 0.071429
vt 0.593750 0.142857
vt 0.562500 0.071429
vt 0.625000 0.142857
vt 0.593750 0.071429
vt 0.656250 0.142857
vt 0.625000 0.071429
vt 0.687500 0.142857
vt 0.656250 0.071429
vt 0.718750 0.142857
vt 0.687500 0.071429
vt 0.750000 0.142857
vt 0.718750 0.071429
vt 0.781250 0.142857
vt 0.750000 0.071429
vt 0.812500 0.142857
vt 0.781250 0.071429
vt 0.843750 0.142857
vt 0.812500 0.071429
vt 0.875000 0.142857
vt 0.843750 0.071429
vt 0.906250 0.142857
vt 0.875000 0.071429
vt 0.937500 0.142857
vt 0.906250 0.071429
vt 0.968750 0.142857
vt 0.937500 0.071429
vt 1.000000 0.142857
vt 0.968750 0.071429
vt 0.750000 0.058333
vt 1.000000 0.058333
vt 1.000000 0.000000
vt 0.750000 0.000000
vt 0.750000 1.000000
vt 1.000000 1.000000
vt 1.000000 0.833333
vt 0.750000 0.833333
vt 1.000000 0.666667
vt 0.750000 0.666667
vt 1.000000 0.500000
vt 0.750000 0.500000
vt 1.000000 0.333333
vt 0.750000 0.333333
vt 1.000000 0.166667
vt 0.750000 0.166667
vt 0.250000 0.333333
vt 0.500000 0.333333
vt 0.500000 0.166667
vt 0.250000 0.166667
vt 0.250000 0.500000
vt 0.500000 0.500000
vt 0.250000 0.666667
vt 0.500000 0.666667
vt 0.250000 0.833333
vt 0.500000 0.833333
vt 0.250000 1.000000
vt 0.500000 1.000000
vt 0.250000 0.058333
vt 0.500000 0.058333
vt 0.500000 0.000000
vt 0.250000 0.000000
vt 0.000000 0.058333
vt 0.000000 0.000000
vt 0.000000 1.000000
vt 0.000000 0.833333
vt 0.000000 0.666667
vt 0.000000 0.500000
vt 0.000000 0.333333
vt 0.000000 0.166667
vt 0.562500 0.500000
vt 0.531250 0.500000
vt 0.031250 0.500000
vt 0.031250 0.428571
vt 0.000000 0.428571
vt 0.031250 0.357143
vt 0.000000 0.357143
vt 0.031250 0.285714
vt 0.000000 0.285714
vt 0.031250 0.214286
vt 0.000000 0.214286
vt 0.062500 0.500000
vt 0.062500 0.428571
vt 0.062500 0.357143
vt 0.062500 0.285714
vt 0.062500 0.214286
vt 0.093750 0.500000
vt 0.093750 0.428571
vt 0.093750 0.357143
vt 0.093750 0.285714
vt 0.093750 0.214286
vt 0.125000 0.500000
vt 0.125000 0.428571
vt 0.125000 0.357143
vt 0.125000 0.285714
vt 0.125000 0.214286
vt 0.156250 0.500000
vt 0.156250 0.428571
vt 0.156250 0.357143
vt 0.156250 0.285714
vt 0.156250 0.214286
vt 0.187500 0.500000
vt 0.187500 0.428571
vt 0.187500 0.357143
vt 0.187500 0.285714
vt 0.187500 0.214286
vt 0.218750 0.500000
vt 0.218750 0.428571
vt 0.218750 0.357143
vt 0.218750 0.285714
vt 0.218750 0.214286
vt 0.250000 0.428571
vt 0.250000 0.357143
vt 0.250000 0.285714
vt 0.250000 0.214286
vt 0.281250 0.500000
vt 0.281250 0.428571
vt 0.281250 0.357143
vt 0.281250 0.285714
vt 0.281250 0.214286
vt 0.312500 0.500000
vt 0.312500 0.428571
vt 0.312500 0.357143
vt 0.312500 0.285714
vt 0.312500 0.214286
vt 0.343750 0.500000
vt 0.343750 0.428571
vt 0.343750 0.357143
vt 0.343750 0.285714
vt 0.343750 0.214286
vt 0.375000 0.500000
vt 0.375000 0.428571
vt 0.375000 0.357143
vt 0.375000 0.285714
vt 0.375000 0.214286
vt 0.406250 0.500000
vt 0.406250 0.428571
vt 0.406250 0.357143
vt 0.406250 0.285714
vt 0.406250 0.214286
vt 0.437500 0.500000
vt 0.437500 0.428571
vt 0.437500 0.357143
vt 0.437500 0.285714
vt 0.437500 0.214286
vt 0.468750 0.500000
vt 0.468750 0.428571
vt 0.468750 0.357143
vt 0.468750 0.285714
vt 0.468750 0.214286
vt 0.500000 0.428571
vt 0.500000 0.357143
vt 0.500000 0.285714
vt 0.500000 0.214286
vt 0.531250 0.428571
vt 0.531250 0.357143
vt 0.531250 0.285714
vt 0.531250 0.214286
vt 0.562500 0.428571
vt 0.562500 0.357143
vt 0.562500 0.285714
vt 0.562500 0.214286
vt 0.593750 0.500000
vt 0.593750 0.428571
vt 0.593750 0.357143
vt 0.593750 0.285714
vt 0.593750 0.214286
vt 0.625000 0.500000
vt 0.625000 0.428571
vt 0.625000 0.357143
vt 0.625000 0.285714
vt 0.625000 0.214286
vt 0.656250 0.500000
vt 0.656250 0.428571
vt 0.656250 0.357143
vt 0.656250 0.285714
vt 0.656250 0.214286
vt 0.687500 0.500000
vt 0.687500 0.428571
vt 0.687500 0.357143
vt 0.687500 0.285714
vt 0.687500 0.214286
vt 0.718750 0.500000
vt 0.718750 0.428571
vt 0.718750 0.357143
vt 0.718750 0.285714
vt 0.718750 0.214286
vt 0.750000 0.428571
vt 0.750000 0.357143
vt 0.750000 0.285714
vt 0.750000 0.214286
vt 0.781250 0.500000
vt 0.781250 0.428571
vt 0.781250 0.357143
vt 0.781250 0.285714
vt 0.781250 0.214286
vt 0.812500 0.500000
vt 0.812500 0.428571
vt 0.812500 0.357143
vt 0.812500 0.285714
vt 0.812500 0.214286
vt 0.843750 0.500000
vt 0.843750 0.428571
vt 0.843750 0.357143
vt 0.843750 0.285714
vt 0.843750 0.214286
vt 0.875000 0.500000
vt 0.875000 0.428571
vt 0.875000 0.357143
vt 0.875000 0.285714
vt 0.875000 0.214286
vt 0.906250 0.500000
vt 0.906250 0.428571
vt 0.906250 0.357143
vt 0.906250 0.285714
vt 0.906250 0.214286
vt 0.937500 0.500000
vt 0.937500 0.428571
vt 0.937500 0.357143
vt 0.937500 0.285714
vt 0.937500 0.214286
vt 0.968750 0.500000
vt 0.968750 0.428571
vt 0.968750 0.357143
vt 0.968750 0.285714
vt 0.968750 0.214286
vt 1.000000 0.428571
vt 1.000000 0.357143
vt 1.000000 0.285714
vt 1.000000 0.214286
vt 0.985388 0.796822
vt 0.985388 0.703178
vt 0.990000 0.750000
vt 0.971731 0.658156
vt 0.971731 0.841844
vt 0.949553 0.616663
vt 0.949553 0.883337
vt 0.919706 0.580294
vt 0.919706 0.919706
vt 0.883337 0.550447
vt 0.883337 0.949553
vt 0.841844 0.528269
vt 0.841844 0.971731
vt 0.796822 0.514612
vt 0.796822 0.985388
vt 0.750000 0.510000
vt 0.750000 0.990000
vt 0.703179 0.514611
vt 0.703178 0.985388
vt 0.658156 0.528269
vt 0.658156 0.971731
vt 0.616663 0.550447
vt 0.616663 0.949553
vt 0.580295 0.580294
vt 0.580294 0.919706
vt 0.550447 0.616663
vt 0.550447 0.883337
vt 0.528269 0.658156
vt 0.528269 0.841844
vt 0.514612 0.703178
vt 0.514611 0.796821
vt 0.510000 0.750000
s 1
usemtl Leaf
f 1/1/1 2/2/2 3/3/3
f 4/4/4 5/5/5 1/1/1
f 6/6/6 7/7/5 4/4/4
f 8/8/7 9/9/5 6/6/6
f 10/10/8 11/11/9 8/8/7
f 12/12/10 13/13/5 10/10/8
f 14/14/11 15/15/12 12/12/10
f 16/16/13 17/17/5 14/14/11
f 18/18/14 19/19/5 16/16/13
f 20/20/15 21/21/16 18/18/14
f 22/22/17 23/23/18 20/20/15
f 24/24/19 25/25/5 22/22/17
f 26/26/20 27/27/5 24/24/19
f 28/28/21 29/29/5 26/26/20
f 30/30/22 31/31/5 28/28/21
f 32/32/23 33/33/5 30/30/22
f 34/34/24 35/35/25 32/32/23
f 36/36/26 37/37/5 34/34/24
f 38/38/27 39/39/5 36/36/26
f 40/40/28 41/41/5 38/38/27
f 42/42/29 43/43/5 40/40/28
f 44/44/30 45/45/16 42/42/29
f 46/46/31 47/47/2 44/44/30
f 48/48/32 49/49/16 46/46/31
f 50/50/33 51/51/2 48/48/32
f 52/52/34 53/53/35 50/50/33
f 54/54/36 55/55/18 52/52/34
f 56/56/37 57/57/5 54/54/36
f 58/58/38 59/59/5 56/56/37
f 60/60/39 61/61/5 58/58/38
f 62/62/40 63/63/5 60/60/39
f 64/64/3 65/65/5 62/62/40
f 66/1/41 67/2/42 68/3/43
f 69/4/44 70/5/45 66/1/41
f 71/6/46 72/7/47 69/4/44
f 73/8/48 74/9/49 71/6/46
f 75/10/50 76/11/45 73/8/48
f 77/12/51 78/13/45 75/10/50
f 79/14/52 80/15/45 77/12/51
f 81/16/53 82/17/42 79/14/52
f 83/18/54 84/19/42 81/16/53
f 85/20/55 86/21/45 83/18/54
f 87/22/56 88/23/45 85/20/55
f 89/24/57 90/25/45 87/22/56
f 91/26/58 92/27/45 89/24/57
f 93/28/59 94/29/45 91/26/58
f 95/30/60 96/31/61 93/28/59
f 97/32/62 98/33/45 95/30/60
f 99/34/63 100/35/45 97/32/62
f 101/36/64 102/37/45 99/34/63
f 103/38/65 104/39/45 101/36/64
f 105/40/66 106/41/45 103/38/65
f 107/42/67 108/43/45 105/40/66
f 109/44/68 110/45/61 107/42/67
f 111/46/69 112/47/42 109/44/68
f 113/48/70 114/49/45 111/46/69
f 115/50/71 116/51/47 113/48/70
f 117/52/72 118/53/45 115/50/71
f 119/54/73 120/55/45 117/52/72
f 121/56/74 122/57/47 119/54/73
f 123/58/75 124/59/45 121/56/74
f 125/60/76 126/61/45 123/58/75
f 127/62/77 128/63/45 125/60/76
f 129/64/43 130/65/42 127/62/77
f 131/1/78 132/2/79 133/3/80
f 134/4/81 135/5/79 131/1/78
f 136/6/82 137/7/83 134/4/81
f 138/8/84 139/9/79 136/6/82
f 140/10/85 141/11/79 138/8/84
f 142/12/86 143/13/87 140/10/85
f 144/14/88 145/15/89 142/12/86
f 146/16/90 147/17/91 144/14/88
f 148/18/92 149/19/79 146/16/90
f 150/20/93 151/21/87 148/18/92
f 152/22/94 153/23/95 150/20/93
f 154/24/96 155/25/95 152/22/94
f 156/26/97 157/27/98 154/24/96
f 158/28/99 159/29/87 156/26/97
f 160/30/100 161/31/87 158/28/99
f 162/32/101 163/33/79 160/30/100
f 164/34/102 165/35/79 162/32/101
f 166/36/103 167/37/79 164/34/102
f 168/38/104 169/39/79 166/36/103
f 170/40/105 171/41/95 168/38/104
f 172/42/106 173/43/79 170/40/105
f 174/44/107 175/45/108 172/42/106
f 176/46/109 177/47/95 174/44/107
f 178/48/110 179/49/89 176/46/109
f 180/50/111 181/51/79 178/48/110
f 182/52/112 183/53/108 180/50/111
f 184/54/113 185/55/95 182/52/112
f 186/56/114 187/57/115 184/54/113
f 188/58/116 189/59/79 186/56/114
f 190/60/117 191/61/79 188/58/116
f 192/62/118 193/63/79 190/60/117
f 194/64/80 195/65/108 192/62/118
f 196/66/119 197/67/120 198/68/121
f 196/66/119 198/68/121 199/69/122
f 200/70/123 201/71/124 202/72/125
f 200/70/123 202/72/125 203/73/126
f 203/73/126 202/72/125 204/74/127
f 203/73/126 204/74/127 205/75/128
f 205/75/128 204/74/127 206/76/129
f 205/75/128 206/76/129 207/77/130
f 207/77/130 206/76/129 208/78/131
f 207/77/130 208/78/131 209/79/132
f 209/79/132 208/78/131 210/80/133
f 209/79/132 210/80/133 211/81/134
f 212/82/135 213/83/136 214/84/137
f 212/82/135 214/84/137 215/85/138
f 216/86/139 217/87/140 213/83/136
f 216/86/139 213/83/136 212/82/135
f 218/88/141 219/89/142 217/87/140
f 218/88/141 217/87/140 216/86/139
f 220/90/143 221/91/144 219/89/142
f 220/90/143 219/89/142 218/88/141
f 222/92/145 223/93/146 221/91/144
f 222/92/145 221/91/144 220/90/143
f 224/94/147 225/95/5 226/96/148
f 224/94/147 226/96/148 227/97/149
f 213/83/136 209/79/132 211/81/134
f 213/83/136 211/81/134 214/84/137
f 217/87/140 207/77/130 209/79/132
f 217/87/140 209/79/132 213/83/136
f 219/89/142 205/75/128 207/77/130
f 219/89/142 207/77/130 217/87/140
f 221/91/144 203/73/126 205/75/128
f 221/91/144 205/75/128 219/89/142
f 223/93/146 200/70/123 203/73/126
f 223/93/146 203/73/126 221/91/144
f 225/95/5 196/66/119 199/69/122
f 225/95/5 199/69/122 226/96/148
f 228/98/150 224/94/147 227/97/149
f 228/98/150 227/97/149 229/99/151
f 230/100/152 222/92/145 220/90/143
f 230/100/152 220/90/143 231/101/153
f 231/101/153 220/90/143 218/88/141
f 231/101/153 218/88/141 232/102/154
f 232/102/154 218/88/141 216/86/139
f 232/102/154 216/86/139 233/103/155
f 233/103/155 216/86/139 212/82/135
f 233/103/155 212/82/135 234/104/156
f 234/104/156 212/82/135 215/85/138
f 234/104/156 215/85/138 235/105/157
f 235/105/157 215/85/138 224/94/147
f 235/105/157 224/94/147 228/98/150
f 214/84/137 211/81/134 196/66/119
f 214/84/137 196/66/119 225/95/5
f 215/85/138 214/84/137 225/95/5
f 215/85/138 225/95/5 224/94/147
f 211/81/134 210/80/133 197/67/120
f 211/81/134 197/67/120 196/66/119
f 236/106/158 237/107/159 238/107/160
f 236/106/158 238/107/160 239/106/161
f 240/108/162 241/109/163 242/110/164
f 240/108/162 242/110/164 243/103/165
f 241/109/163 244/111/166 245/112/167
f 241/109/163 245/112/167 242/110/164
f 244/111/166 246/113/168 247/114/169
f 244/111/166 247/114/169 245/112/167
f 246/113/168 248/115/170 249/116/171
f 246/113/168 249/116/171 247/114/169
f 248/115/170 1/1/1 3/3/3
f 248/115/170 3/3/3 249/116/171
f 250/117/172 251/118/173 241/109/163
f 250/117/172 241/109/163 240/108/162
f 251/118/173 252/119/174 244/111/166
f 251/118/173 244/111/166 241/109/163
f 252/119/174 253/120/175 246/113/168
f 252/119/174 246/113/168 244/111/166
f 253/120/175 254/121/176 248/115/170
f 253/120/175 248/115/170 246/113/168
f 254/121/176 4/4/4 1/1/1
f 254/121/176 1/1/1 248/115/170
f 255/122/177 256/123/178 251/118/173
f 255/122/177 251/118/173 250/117/172
f 256/123/178 257/124/179 252/119/174
f 256/123/178 252/119/174 251/118/173
f 257/124/179 258/125/180 253/120/175
f 257/124/179 253/120/175 252/119/174
f 258/125/180 259/126/181 254/121/176
f 258/125/180 254/121/176 253/120/175
f 259/126/181 6/6/6 4/4/4
f 259/126/181 4/4/4 254/121/176
f 260/127/182 261/128/183 256/123/178
f 260/127/182 256/123/178 255/122/177
f 261/128/183 262/129/184 257/124/179
f 261/128/183 257/124/179 256/123/178
f 262/129/184 263/130/185 258/125/180
f 262/129/184 258/125/180 257/124/179
f 263/130/185 264/131/186 259/126/181
f 263/130/185 259/126/181 258/125/180
f 264/131/186 8/8/7 6/6/6
f 264/131/186 6/6/6 259/126/181
f 265/132/187 266/133/188 261/128/183
f 265/132/187 261/128/183 260/127/182
f 266/133/188 267/134/189 262/129/184
f 266/133/188 262/129/184 261/128/183
f 267/134/189 268/135/190 263/130/185
f 267/134/189 263/130/185 262/129/184
f 268/135/190 269/136/191 264/131/186
f 268/135/190 264/131/186 263/130/185
f 269/136/191 10/10/8 8/8/7
f 269/136/191 8/8/7 264/131/186
f 270/137/192 271/138/193 266/133/188
f 270/137/192 266/133/188 265/132/187
f 271/138/193 272/139/194 267/134/189
f 271/138/193 267/134/189 266/133/188
f 272/139/194 273/140/195 268/135/190
f 272/139/194 268/135/190 267/134/189
f 273/140/195 274/141/196 269/136/191
f 273/140/195 269/136/191 268/135/190
f 274/141/196 12/12/10 10/10/8
f 274/141/196 10/10/8 269/136/191
f 275/142/197 276/143/198 271/138/193
f 275/142/197 271/138/193 270/137/192
f 276/143/198 277/144/199 272/139/194
f 276/143/198 272/139/194 271/138/193
f 277/144/199 278/145/200 273/140/195
f 277/144/199 273/140/195 272/139/194
f 278/145/200 279/146/201 274/141/196
f 278/145/200 274/141/196 273/140/195
f 279/146/201 14/14/11 12/12/10
f 279/146/201 12/12/10 274/141/196
f 280/86/202 281/147/203 276/143/198
f 280/86/202 276/143/198 275/142/197
f 281/147/203 282/148/204 277/144/199
f 281/147/203 277/144/199 276/143/198
f 282/148/204 283/149/205 278/145/200
f 282/148/204 278/145/200 277/144/199
f 283/149/205 284/150/206 279/146/201
f 283/149/205 279/146/201 278/145/200
f 284/150/206 16/16/13 14/14/11
f 284/150/206 14/14/11 279/146/201
f 285/151/207 286/152/208 281/147/203
f 285/151/207 281/147/203 280/86/202
f 286/152/208 287/153/209 282/148/204
f 286/152/208 282/148/204 281/147/203
f 287/153/209 288/154/210 283/149/205
f 287/153/209 283/149/205 282/148/204
f 288/154/210 289/155/211 284/150/206
f 288/154/210 284/150/206 283/149/205
f 289/155/211 18/18/14 16/16/13
f 289/155/211 16/16/13 284/150/206
f 290/156/212 291/157/213 286/152/208
f 290/156/212 286/152/208 285/151/207
f 291/157/213 292/158/214 287/153/209
f 291/157/213 287/153/209 286/152/208
f 292/158/214 293/159/215 288/154/210
f 292/158/214 288/154/210 287/153/209
f 293/159/215 294/160/216 289/155/211
f 293/159/215 289/155/211 288/154/210
f 294/160/216 20/20/15 18/18/14
f 294/160/216 18/18/14 289/155/211
f 295/161/217 296/162/218 291/157/213
f 295/161/217 291/157/213 290/156/212
f 296/162/218 297/163/219 292/158/214
f 296/162/218 292/158/214 291/157/213
f 297/163/219 298/164/220 293/159/215
f 297/163/219 293/159/215 292/158/214
f 298/164/220 299/165/221 294/160/216
f 298/164/220 294/160/216 293/159/215
f 299/165/221 22/22/17 20/20/15
f 299/165/221 20/20/15 294/160/216
f 300/166/222 301/167/223 296/162/218
f 300/166/222 296/162/218 295/161/217
f 301/167/223 302/168/224 297/163/219
f 301/167/223 297/163/219 296/162/218
f 302/168/224 303/169/225 298/164/220
f 302/168/224 298/164/220 297/163/219
f 303/169/225 304/170/226 299/165/221
f 303/169/225 299/165/221 298/164/220
f 304/170/226 24/24/19 22/22/17
f 304/170/226 22/22/17 299/165/221
f 305/171/227 306/172/228 301/167/223
f 305/171/227 301/167/223 300/166/222
f 306/172/228 307/173/229 302/168/224
f 306/172/228 302/168/224 301/167/223
f 307/173/229 308/174/230 303/169/225
f 307/173/229 303/169/225 302/168/224
f 308/174/230 309/175/231 304/170/226
f 308/174/230 304/170/226 303/169/225
f 309/175/231 26/26/20 24/24/19
f 309/175/231 24/24/19 304/170/226
f 310/176/232 311/177/233 306/172/228
f 310/176/232 306/172/228 305/171/227
f 311/177/233 312/178/234 307/173/229
f 311/177/233 307/173/229 306/172/228
f 312/178/234 313/179/235 308/174/230
f 312/178/234 308/174/230 307/173/229
f 313/179/235 314/180/236 309/175/231
f 313/179/235 309/175/231 308/174/230
f 314/180/236 28/28/21 26/26/20
f 314/180/236 26/26/20 309/175/231
f 315/181/237 316/182/238 311/177/233
f 315/181/237 311/177/233 310/176/232
f 316/182/238 317/183/239 312/178/234
f 316/182/238 312/178/234 311/177/233
f 317/183/239 318/184/240 313/179/235
f 317/183/239 313/179/235 312/178/234
f 318/184/240 319/185/241 314/180/236
f 318/184/240 314/180/236 313/179/235
f 319/185/241 30/30/22 28/28/21
f 319/185/241 28/28/21 314/180/236
f 320/87/242 321/186/243 316/182/238
f 320/87/242 316/182/238 315/181/237
f 321/186/243 322/187/244 317/183/239
f 321/186/243 317/183/239 316/182/238
f 322/187/244 323/188/245 318/184/240
f 322/187/244 318/184/240 317/183/239
f 323/188/245 324/189/246 319/185/241
f 323/188/245 319/185/241 318/184/240
f 324/189/246 32/32/23 30/30/22
f 324/189/246 30/30/22 319/185/241
f 237/107/159 325/190/247 321/186/243
f 237/107/159 321/186/243 320/87/242
f 325/190/247 326/191/248 322/187/244
f 325/190/247 322/187/244 321/186/243
f 326/191/248 327/192/249 323/188/245
f 326/191/248 323/188/245 322/187/244
f 327/192/249 328/193/250 324/189/246
f 327/192/249 324/189/246 323/188/245
f 328/193/250 34/34/24 32/32/23
f 328/193/250 32/32/23 324/189/246
f 236/106/158 329/194/251 325/190/247
f 236/106/158 325/190/247 237/107/159
f 329/194/251 330/195/252 326/191/248
f 329/194/251 326/191/248 325/190/247
f 330/195/252 331/196/253 327/192/249
f 330/195/252 327/192/249 326/191/248
f 331/196/253 332/197/254 328/193/250
f 331/196/253 328/193/250 327/192/249
f 332/197/254 36/36/26 34/34/24
f 332/197/254 34/34/24 328/193/250
f 333/198/255 334/199/256 329/194/251
f 333/198/255 329/194/251 236/106/158
f 334/199/256 335/200/257 330/195/252
f 334/199/256 330/195/252 329/194/251
f 335/200/257 336/201/258 331/196/253
f 335/200/257 331/196/253 330/195/252
f 336/201/258 337/202/259 332/197/254
f 336/201/258 332/197/254 331/196/253
f 337/202/259 38/38/27 36/36/26
f 337/202/259 36/36/26 332/197/254
f 338/203/260 339/204/261 334/199/256
f 338/203/260 334/199/256 333/198/255
f 339/204/261 340/205/262 335/200/257
f 339/204/261 335/200/257 334/199/256
f 340/205/262 341/206/263 336/201/258
f 340/205/262 336/201/258 335/200/257
f 341/206/263 342/207/264 337/202/259
f 341/206/263 337/202/259 336/201/258
f 342/207/264 40/40/28 38/38/27
f 342/207/264 38/38/27 337/202/259
f 343/208/265 344/209/266 339/204/261
f 343/208/265 339/204/261 338/203/260
f 344/209/266 345/210/267 340/205/262
f 344/209/266 340/205/262 339/204/261
f 345/210/267 346/211/268 341/206/263
f 345/210/267 341/206/263 340/205/262
f 346/211/268 347/212/269 342/207/264
f 346/211/268 342/207/264 341/206/263
f 347/212/269 42/42/29 40/40/28
f 347/212/269 40/40/28 342/207/264
f 348/213/270 349/214/271 344/209/266
f 348/213/270 344/209/266 343/208/265
f 349/214/271 350/215/272 345/210/267
f 349/214/271 345/210/267 344/209/266
f 350/215/272 351/216/273 346/211/268
f 350/215/272 346/211/268 345/210/267
f 351/216/273 352/217/274 347/212/269
f 351/216/273 347/212/269 346/211/268
f 352/217/274 44/44/30 42/42/29
f 352/217/274 42/42/29 347/212/269
f 353/218/275 354/219/276 349/214/271
f 353/218/275 349/214/271 348/213/270
f 354/219/276 355/220/277 350/215/272
f 354/219/276 350/215/272 349/214/271
f 355/220/277 356/221/278 351/216/273
f 355/220/277 351/216/273 350/215/272
f 356/221/278 357/222/279 352/217/274
f 356/221/278 352/217/274 351/216/273
f 357/222/279 46/46/31 44/44/30
f 357/222/279 44/44/30 352/217/274
f 358/77/280 359/223/281 354/219/276
f 358/77/280 354/219/276 353/218/275
f 359/223/281 360/224/282 355/220/277
f 359/223/281 355/220/277 354/219/276
f 360/224/282 361/225/283 356/221/278
f 360/224/282 356/221/278 355/220/277
f 361/225/283 362/226/284 357/222/279
f 361/225/283 357/222/279 356/221/278
f 362/226/284 48/48/32 46/46/31
f 362/226/284 46/46/31 357/222/279
f 363/227/285 364/228/286 359/223/281
f 363/227/285 359/223/281 358/77/280
f 364/228/286 365/229/287 360/224/282
f 364/228/286 360/224/282 359/223/281
f 365/229/287 366/230/288 361/225/283
f 365/229/287 361/225/283 360/224/282
f 366/230/288 367/231/289 362/226/284
f 366/230/288 362/226/284 361/225/283
f 367/231/289 50/50/33 48/48/32
f 367/231/289 48/48/32 362/226/284
f 368/232/290 369/233/291 364/228/286
f 368/232/290 364/228/286 363/227/285
f 369/233/291 370/234/292 365/229/287
f 369/233/291 365/229/287 364/228/286
f 370/234/292 371/235/293 366/230/288
f 370/234/292 366/230/288 365/229/287
f 371/235/293 372/236/294 367/231/289
f 371/235/293 367/231/289 366/230/288
f 372/236/294 52/52/34 50/50/33
f 372/236/294 50/50/33 367/231/289
f 373/237/295 374/238/296 369/233/291
f 373/237/295 369/233/291 368/232/290
f 374/238/296 375/239/297 370/234/292
f 374/238/296 370/234/292 369/233/291
f 375/239/297 376/240/298 371/235/293
f 375/239/297 371/235/293 370/234/292
f 376/240/298 377/241/299 372/236/294
f 376/240/298 372/236/294 371/235/293
f 377/241/299 54/54/36 52/52/34
f 377/241/299 52/52/34 372/236/294
f 378/242/300 379/243/301 374/238/296
f 378/242/300 374/238/296 373/237/295
f 379/243/301 380/244/302 375/239/297
f 379/243/301 375/239/297 374/238/296
f 380/244/302 381/245/303 376/240/298
f 380/244/302 376/240/298 375/239/297
f 381/245/303 382/246/304 377/241/299
f 381/245/303 377/241/299 376/240/298
f 382/246/304 56/56/37 54/54/36
f 382/246/304 54/54/36 377/241/299
f 383/247/305 384/248/306 379/243/301
f 383/247/305 379/243/301 378/242/300
f 384/248/306 385/249/307 380/244/302
f 384/248/306 380/244/302 379/243/301
f 385/249/307 386/250/308 381/245/303
f 385/249/307 381/245/303 380/244/302
f 386/250/308 387/251/309 382/246/304
f 386/250/308 382/246/304 381/245/303
f 387/251/309 58/58/38 56/56/37
f 387/251/309 56/56/37 382/246/304
f 388/252/310 389/253/311 384/248/306
f 388/252/310 384/248/306 383/247/305
f 389/253/311 390/254/312 385/249/307
f 389/253/311 385/249/307 384/248/306
f 390/254/312 391/255/313 386/250/308
f 390/254/312 386/250/308 385/249/307
f 391/255/313 392/256/314 387/251/309
f 391/255/313 387/251/309 386/250/308
f 392/256/314 60/60/39 58/58/38
f 392/256/314 58/58/38 387/251/309
f 393/257/315 394/258/316 389/253/311
f 393/257/315 389/253/311 388/252/310
f 394/258/316 395/259/317 390/254/312
f 394/258/316 390/254/312 389/253/311
f 395/259/317 396/260/318 391/255/313
f 395/259/317 391/255/313 390/254/312
f 396/260/318 397/261/319 392/256/314
f 396/260/318 392/256/314 391/255/313
f 397/261/319 62/62/40 60/60/39
f 397/261/319 60/60/39 392/256/314
f 398/76/165 399/262/164 394/258/316
f 398/76/165 394/258/316 393/257/315
f 399/262/164 400/263/167 395/259/317
f 399/262/164 395/259/317 394/258/316
f 400/263/167 401/264/169 396/260/318
f 400/263/167 396/260/318 395/259/317
f 401/264/169 402/265/171 397/261/319
f 401/264/169 397/261/319 396/260/318
f 402/265/171 64/64/3 62/62/40
f 402/265/171 62/62/40 397/261/319
f 295/161/217 290/156/212 403/156/320
f 295/161/217 403/156/320 404/161/321
f 393/257/315 388/252/310 405/252/322
f 393/257/315 405/252/322 406/257/323
f 260/127/182 255/122/177 407/122/324
f 260/127/182 407/122/324 408/127/325
f 358/77/280 353/218/275 409/218/326
f 358/77/280 409/218/326 410/77/327
f 237/107/159 320/87/242 411/87/328
f 237/107/159 411/87/328 238/107/160
f 290/156/212 285/151/207 412/151/329
f 290/156/212 412/151/329 403/156/320
f 388/252/310 383/247/305 413/247/330
f 388/252/310 413/247/330 405/252/322
f 255/122/177 250/117/172 414/117/331
f 255/122/177 414/117/331 407/122/324
f 353/218/275 348/213/270 415/213/332
f 353/218/275 415/213/332 409/218/326
f 320/87/242 315/181/237 416/181/333
f 320/87/242 416/181/333 411/87/328
f 285/151/207 280/86/202 417/86/334
f 285/151/207 417/86/334 412/151/329
f 383/247/305 378/242/300 418/242/335
f 383/247/305 418/242/335 413/247/330
f 250/117/172 240/108/162 419/108/336
f 250/117/172 419/108/336 414/117/331
f 348/213/270 343/208/265 420/208/337
f 348/213/270 420/208/337 415/213/332
f 315/181/237 310/176/232 421/176/338
f 315/181/237 421/176/338 416/181/333
f 280/86/202 275/142/197 422/142/339
f 280/86/202 422/142/339 417/86/334
f 378/242/300 373/237/295 423/237/340
f 378/242/300 423/237/340 418/242/335
f 240/108/162 243/103/165 424/103/341
f 240/108/162 424/103/341 419/108/336
f 343/208/265 338/203/260 425/203/342
f 343/208/265 425/203/342 420/208/337
f 310/176/232 305/171/227 426/171/343
f 310/176/232 426/171/343 421/176/338
f 275/142/197 270/137/192 427/137/344
f 275/142/197 427/137/344 422/142/339
f 373/237/295 368/232/290 428/232/345
f 373/237/295 428/232/345 423/237/340
f 338/203/260 333/198/255 429/198/346
f 338/203/260 429/198/346 425/203/342
f 305/171/227 300/166/222 430/166/347
f 305/171/227 430/166/347 426/171/343
f 270/137/192 265/132/187 431/132/348
f 270/137/192 431/132/348 427/137/344
f 368/232/290 363/227/285 432/227/349
f 368/232/290 432/227/349 428/232/345
f 333/198/255 236/106/158 239/106/161
f 333/198/255 239/106/161 429/198/346
f 300/166/222 295/161/217 404/161/321
f 300/166/222 404/161/321 430/166/347
f 398/76/165 393/257/315 406/257/323
f 398/76/165 406/257/323 433/76/350
f 265/132/187 260/127/182 408/127/325
f 265/132/187 408/127/325 431/132/348
f 363/227/285 358/77/280 410/77/327
f 363/227/285 410/77/327 432/227/349
f 434/66/351 435/67/352 436/68/353
f 434/66/351 436/68/353 437/69/354
f 438/70/355 439/71/356 440/72/357
f 438/70/355 440/72/357 441/73/358
f 441/73/358 440/72/357 442/74/359
f 441/73/358 442/74/359 443/75/360
f 443/75/360 442/74/359 444/76/361
f 443/75/360 444/76/361 445/77/362
f 445/77/362 444/76/361 446/78/363
f 445/77/362 446/78/363 447/79/364
f 447/79/364 446/78/363 448/80/365
f 447/79/364 448/80/365 449/81/366
f 450/82/367 451/83/368 452/84/369
f 450/82/367 452/84/369 453/85/370
f 454/86/371 455/87/372 451/83/368
f 454/86/371 451/83/368 450/82/367
f 456/88/373 457/89/374 455/87/372
f 456/88/373 455/87/372 454/86/371
f 458/90/375 459/91/376 457/89/374
f 458/90/375 457/89/374 456/88/373
f 460/92/377 461/93/378 459/91/376
f 460/92/377 459/91/376 458/90/375
f 462/94/379 463/95/45 464/96/380
f 462/94/379 464/96/380 465/97/381
f 451/83/368 447/79/364 449/81/366
f 451/83/368 449/81/366 452/84/369
f 455/87/372 445/77/362 447/79/364
f 455/87/372 447/79/364 451/83/368
f 457/89/374 443/75/360 445/77/362
f 457/89/374 445/77/362 455/87/372
f 459/91/376 441/73/358 443/75/360
f 459/91/376 443/75/360 457/89/374
f 461/93/378 438/70/355 441/73/358
f 461/93/378 441/73/358 459/91/376
f 463/95/45 434/66/351 437/69/354
f 463/95/45 437/69/354 464/96/380
f 466/98/382 462/94/379 465/97/381
f 466/98/382 465/97/381 467/99/383
f 468/100/384 460/92/377 458/90/375
f 468/100/384 458/90/375 469/101/385
f 469/101/385 458/90/375 456/88/373
f 469/101/385 456/88/373 470/102/386
f 470/102/386 456/88/373 454/86/371
f 470/102/386 454/86/371 471/103/387
f 471/103/387 454/86/371 450/82/367
f 471/103/387 450/82/367 472/104/388
f 472/104/388 450/82/367 453/85/370
f 472/104/388 453/85/370 473/105/389
f 473/105/389 453/85/370 462/94/379
f 473/105/389 462/94/379 466/98/382
f 452/84/369 449/81/366 434/66/351
f 452/84/369 434/66/351 463/95/45
f 453/85/370 452/84/369 463/95/45
f 453/85/370 463/95/45 462/94/379
f 449/81/366 448/80/365 435/67/352
f 449/81/366 435/67/352 434/66/351
f 474/106/390 475/107/391 476/107/392
f 474/106/390 476/107/392 477/106/393
f 478/108/394 479/109/395 480/110/396
f 478/108/394 480/110/396 481/103/397
f 479/109/395 482/111/398 483/112/399
f 479/109/395 483/112/399 480/110/396
f 482/111/398 484/113/400 485/114/401
f 482/111/398 485/114/401 483/112/399
f 484/113/400 486/115/402 487/116/403
f 484/113/400 487/116/403 485/114/401
f 486/115/402 66/1/41 68/3/43
f 486/115/402 68/3/43 487/116/403
f 488/117/404 489/118/405 479/109/395
f 488/117/404 479/109/395 478/108/394
f 489/118/405 490/119/406 482/111/398
f 489/118/405 482/111/398 479/109/395
f 490/119/406 491/120/407 484/113/400
f 490/119/406 484/113/400 482/111/398
f 491/120/407 492/121/408 486/115/402
f 491/120/407 486/115/402 484/113/400
f 492/121/408 69/4/44 66/1/41
f 492/121/408 66/1/41 486/115/402
f 493/122/409 494/123/410 489/118/405
f 493/122/409 489/118/405 488/117/404
f 494/123/410 495/124/411 490/119/406
f 494/123/410 490/119/406 489/118/405
f 495/124/411 496/125/412 491/120/407
f 495/124/411 491/120/407 490/119/406
f 496/125/412 497/126/413 492/121/408
f 496/125/412 492/121/408 491/120/407
f 497/126/413 71/6/46 69/4/44
f 497/126/413 69/4/44 492/121/408
f 498/127/414 499/128/415 494/123/410
f 498/127/414 494/123/410 493/122/409
f 499/128/415 500/129/416 495/124/411
f 499/128/415 495/124/411 494/123/410
f 500/129/416 501/130/417 496/125/412
f 500/129/416 496/125/412 495/124/411
f 501/130/417 502/131/418 497/126/413
f 501/130/417 497/126/413 496/125/412
f 502/131/418 73/8/48 71/6/46
f 502/131/418 71/6/46 497/126/413
f 503/132/419 504/133/420 499/128/415
f 503/132/419 499/128/415 498/127/414
f 504/133/420 505/134/421 500/129/416
f 504/133/420 500/129/416 499/128/415
f 505/134/421 506/135/422 501/130/417
f 505/134/421 501/130/417 500/129/416
f 506/135/422 507/136/423 502/131/418
f 506/135/422 502/131/418 501/130/417
f 507/136/423 75/10/50 73/8/48
f 507/136/423 73/8/48 502/131/418
f 508/137/424 509/138/425 504/133/420
f 508/137/424 504/133/420 503/132/419
f 509/138/425 510/139/426 505/134/421
f 509/138/425 505/134/421 504/133/420
f 510/139/426 511/140/427 506/135/422
f 510/139/426 506/135/422 505/134/421
f 511/140/427 512/141/428 507/136/423
f 511/140/427 507/136/423 506/135/422
f 512/141/428 77/12/51 75/10/50
f 512/141/428 75/10/50 507/136/423
f 513/142/429 514/143/430 509/138/425
f 513/142/429 509/138/425 508/137/424
f 514/143/430 515/144/431 510/139/426
f 514/143/430 510/139/426 509/138/425
f 515/144/431 516/145/432 511/140/427
f 515/144/431 511/140/427 510/139/426
f 516/145/432 517/146/433 512/141/428
f 516/145/432 512/141/428 511/140/427
f 517/146/433 79/14/52 77/12/51
f 517/146/433 77/12/51 512/141/428
f 518/86/434 519/147/435 514/143/430
f 518/86/434 514/143/430 513/142/429
f 519/147/435 520/148/436 515/144/431
f 519/147/435 515/144/431 514/143/430
f 520/148/436 521/149/437 516/145/432
f 520/148/436 516/145/432 515/144/431
f 521/149/437 522/150/438 517/146/433
f 521/149/437 517/146/433 516/145/432
f 522/150/438 81/16/53 79/14/52
f 522/150/438 79/14/52 517/146/433
f 523/151/439 524/152/440 519/147/435
f 523/151/439 519/147/435 518/86/434
f 524/152/440 525/153/441 520/148/436
f 524/152/440 520/148/436 519/147/435
f 525/153/441 526/154/442 521/149/437
f 525/153/441 521/149/437 520/148/436
f 526/154/442 527/155/443 522/150/438
f 526/154/442 522/150/438 521/149/437
f 527/155/443 83/18/54 81/16/53
f 527/155/443 81/16/53 522/150/438
f 528/156/444 529/157/445 524/152/440
f 528/156/444 524/152/440 523/151/439
f 529/157/445 530/158/446 525/153/441
f 529/157/445 525/153/441 524/152/440
f 530/158/446 531/159/447 526/154/442
f 530/158/446 526/154/442 525/153/441
f 531/159/447 532/160/448 527/155/443
f 531/159/447 527/155/443 526/154/442
f 532/160/448 85/20/55 83/18/54
f 532/160/448 83/18/54 527/155/443
f 533/161/449 534/162/450 529/157/445
f 533/161/449 529/157/445 528/156/444
f 534/162/450 535/163/451 530/158/446
f 534/162/450 530/158/446 529/157/445
f 535/163/451 536/164/452 531/159/447
f 535/163/451 531/159/447 530/158/446
f 536/164/452 537/165/453 532/160/448
f 536/164/452 532/160/448 531/159/447
f 537/165/453 87/22/56 85/20/55
f 537/165/453 85/20/55 532/160/448
f 538/166/454 539/167/455 534/162/450
f 538/166/454 534/162/450 533/161/449
f 539/167/455 540/168/456 535/163/451
f 539/167/455 535/163/451 534/162/450
f 540/168/456 541/169/457 536/164/452
f 540/168/456 536/164/452 535/163/451
f 541/169/457 542/170/458 537/165/453
f 541/169/457 537/165/453 536/164/452
f 542/170/458 89/24/57 87/22/56
f 542/170/458 87/22/56 537/165/453
f 543/171/459 544/172/460 539/167/455
f 543/171/459 539/167/455 538/166/454
f 544/172/460 545/173/461 540/168/456
f 544/172/460 540/168/456 539/167/455
f 545/173/461 546/174/462 541/169/457
f 545/173/461 541/169/457 540/168/456
f 546/174/462 547/175/463 542/170/458
f 546/174/462 542/170/458 541/169/457
f 547/175/463 91/26/58 89/24/57
f 547/175/463 89/24/57 542/170/458
f 548/176/464 549/177/465 544/172/460
f 548/176/464 544/172/460 543/171/459
f 549/177/465 550/178/466 545/173/461
f 549/177/465 545/173/461 544/172/460
f 550/178/466 551/179/467 546/174/462
f 550/178/466 546/174/462 545/173/461
f 551/179/467 552/180/468 547/175/463
f 551/179/467 547/175/463 546/174/462
f 552/180/468 93/28/59 91/26/58
f 552/180/468 91/26/58 547/175/463
f 553/181/469 554/182/470 549/177/465
f 553/181/469 549/177/465 548/176/464
f 554/182/470 555/183/471 550/178/466
f 554/182/470 550/178/466 549/177/465
f 555/183/471 556/184/472 551/179/467
f 555/183/471 551/179/467 550/178/466
f 556/184/472 557/185/473 552/180/468
f 556/184/472 552/180/468 551/179/467
f 557/185/473 95/30/60 93/28/59
f 557/185/473 93/28/59 552/180/468
f 558/87/474 559/186/475 554/182/470
f 558/87/474 554/182/470 553/181/469
f 559/186/475 560/187/476 555/183/471
f 559/186/475 555/183/471 554/182/470
f 560/187/476 561/188/477 556/184/472
f 560/187/476 556/184/472 555/183/471
f 561/188/477 562/189/478 557/185/473
f 561/188/477 557/185/473 556/184/472
f 562/189/478 97/32/62 95/30/60
f 562/189/478 95/30/60 557/185/473
f 475/107/391 563/190/479 559/186/475
f 475/107/391 559/186/475 558/87/474
f 563/190/479 564/191/480 560/187/476
f 563/190/479 560/187/476 559/186/475
f 564/191/480 565/192/481 561/188/477
f 564/191/480 561/188/477 560/187/476
f 565/192/481 566/193/482 562/189/478
f 565/192/481 562/189/478 561/188/477
f 566/193/482 99/34/63 97/32/62
f 566/193/482 97/32/62 562/189/478
f 474/106/390 567/194/483 563/190/479
f 474/106/390 563/190/479 475/107/391
f 567/194/483 568/195/484 564/191/480
f 567/194/483 564/191/480 563/190/479
f 568/195/484 569/196/485 565/192/481
f 568/195/484 565/192/481 564/191/480
f 569/196/485 570/197/486 566/193/482
f 569/196/485 566/193/482 565/192/481
f 570/197/486 101/36/64 99/34/63
f 570/197/486 99/34/63 566/193/482
f 571/198/487 572/199/488 567/194/483
f 571/198/487 567/194/483 474/106/390
f 572/199/488 573/200/489 568/195/484
f 572/199/488 568/195/484 567/194/483
f 573/200/489 574/201/490 569/196/485
f 573/200/489 569/196/485 568/195/484
f 574/201/490 575/202/491 570/197/486
f 574/201/490 570/197/486 569/196/485
f 575/202/491 103/38/65 101/36/64
f 575/202/491 101/36/64 570/197/486
f 576/203/492 577/204/493 572/199/488
f 576/203/492 572/199/488 571/198/487
f 577/204/493 578/205/494 573/200/489
f 577/204/493 573/200/489 572/199/488
f 578/205/494 579/206/495 574/201/490
f 578/205/494 574/201/490 573/200/489
f 579/206/495 580/207/496 575/202/491
f 579/206/495 575/202/491 574/201/490
f 580/207/496 105/40/66 103/38/65
f 580/207/496 103/38/65 575/202/491
f 581/208/497 582/209/498 577/204/493
f 581/208/497 577/204/493 576/203/492
f 582/209/498 583/210/499 578/205/494
f 582/209/498 578/205/494 577/204/493
f 583/210/499 584/211/500 579/206/495
f 583/210/499 579/206/495 578/205/494
f 584/211/500 585/212/501 580/207/496
f 584/211/500 580/207/496 579/206/495
f 585/212/501 107/42/67 105/40/66
f 585/212/501 105/40/66 580/207/496
f 586/213/502 587/214/503 582/209/498
f 586/213/502 582/209/498 581/208/497
f 587/214/503 588/215/504 583/210/499
f 587/214/503 583/210/499 582/209/498
f 588/215/504 589/216/505 584/211/500
f 588/215/504 584/211/500 583/210/499
f 589/216/505 590/217/506 585/212/501
f 589/216/505 585/212/501 584/211/500
f 590/217/506 109/44/68 107/42/67
f 590/217/506 107/42/67 585/212/501
f 591/218/507 592/219/508 587/214/503
f 591/218/507 587/214/503 586/213/502
f 592/219/508 593/220/509 588/215/504
f 592/219/508 588/215/504 587/214/503
f 593/220/509 594/221/510 589/216/505
f 593/220/509 589/216/505 588/215/504
f 594/221/510 595/222/511 590/217/506
f 594/221/510 590/217/506 589/216/505
f 595/222/511 111/46/69 109/44/68
f 595/222/511 109/44/68 590/217/506
f 596/77/512 597/223/513 592/219/508
f 596/77/512 592/219/508 591/218/507
f 597/223/513 598/224/514 593/220/509
f 597/223/513 593/220/509 592/219/508
f 598/224/514 599/225/515 594/221/510
f 598/224/514 594/221/510 593/220/509
f 599/225/515 600/226/516 595/222/511
f 599/225/515 595/222/511 594/221/510
f 600/226/516 113/48/70 111/46/69
f 600/226/516 111/46/69 595/222/511
f 601/227/517 602/228/518 597/223/513
f 601/227/517 597/223/513 596/77/512
f 602/228/518 603/229/519 598/224/514
f 602/228/518 598/224/514 597/223/513
f 603/229/519 604/230/520 599/225/515
f 603/229/519 599/225/515 598/224/514
f 604/230/520 605/231/521 600/226/516
f 604/230/520 600/226/516 599/225/515
f 605/231/521 115/50/71 113/48/70
f 605/231/521 113/48/70 600/226/516
f 606/232/522 607/233/523 602/228/518
f 606/232/522 602/228/518 601/227/517
f 607/233/523 608/234/524 603/229/519
f 607/233/523 603/229/519 602/228/518
f 608/234/524 609/235/525 604/230/520
f 608/234/524 604/230/520 603/229/519
f 609/235/525 610/236/526 605/231/521
f 609/235/525 605/231/521 604/230/520
f 610/236/526 117/52/72 115/50/71
f 610/236/526 115/50/71 605/231/521
f 611/237/527 612/238/528 607/233/523
f 611/237/527 607/233/523 606/232/522
f 612/238/528 613/239/529 608/234/524
f 612/238/528 608/234/524 607/233/523
f 613/239/529 614/240/530 609/235/525
f 613/239/529 609/235/525 608/234/524
f 614/240/530 615/241/531 610/236/526
f 614/240/530 610/236/526 609/235/525
f 615/241/531 119/54/73 117/52/72
f 615/241/531 117/52/72 610/236/526
f 616/242/532 617/243/533 612/238/528
f 616/242/532 612/238/528 611/237/527
f 617/243/533 618/244/534 613/239/529
f 617/243/533 613/239/529 612/238/528
f 618/244/534 619/245/535 614/240/530
f 618/244/534 614/240/530 613/239/529
f 619/245/535 620/246/536 615/241/531
f 619/245/535 615/241/531 614/240/530
f 620/246/536 121/56/74 119/54/73
f 620/246/536 119/54/73 615/241/531
f 621/247/537 622/248/538 617/243/533
f 621/247/537 617/243/533 616/242/532
f 622/248/538 623/249/539 618/244/534
f 622/248/538 618/244/534 617/243/533
f 623/249/539 624/250/540 619/245/535
f 623/249/539 619/245/535 618/244/534
f 624/250/540 625/251/541 620/246/536
f 624/250/540 620/246/536 619/245/535
f 625/251/541 123/58/75 121/56/74
f 625/251/541 121/56/74 620/246/536
f 626/252/542 627/253/543 622/248/538
f 626/252/542 622/248/538 621/247/537
f 627/253/543 628/254/544 623/249/539
f 627/253/543 623/249/539 622/248/538
f 628/254/544 629/255/545 624/250/540
f 628/254/544 624/250/540 623/249/539
f 629/255/545 630/256/546 625/251/541
f 629/255/545 625/251/541 624/250/540
f 630/256/546 125/60/76 123/58/75
f 630/256/546 123/58/75 625/251/541
f 631/257/547 632/258/548 627/253/543
f 631/257/547 627/253/543 626/252/542
f 632/258/548 633/259/549 628/254/544
f 632/258/548 628/254/544 627/253/543
f 633/259/549 634/260/550 629/255/545
f 633/259/549 629/255/545 628/254/544
f 634/260/550 635/261/551 630/256/546
f 634/260/550 630/256/546 629/255/545
f 635/261/551 127/62/77 125/60/76
f 635/261/551 125/60/76 630/256/546
f 636/76/397 637/262/552 632/258/548
f 636/76/397 632/258/548 631/257/547
f 637/262/552 638/263/399 633/259/549
f 637/262/552 633/259/549 632/258/548
f 638/263/399 639/264/401 634/260/550
f 638/263/399 634/260/550 633/259/549
f 639/264/401 640/265/403 635/261/551
f 639/264/401 635/261/551 634/260/550
f 640/265/403 129/64/43 127/62/77
f 640/265/403 127/62/77 635/261/551
f 533/161/449 528/156/444 641/156/553
f 533/161/449 641/156/553 642/161/554
f 631/257/547 626/252/542 643/252/555
f 631/257/547 643/252/555 644/257/556
f 498/127/414 493/122/409 645/122/557
f 498/127/414 645/122/557 646/127/558
f 596/77/512 591/218/507 647/218/559
f 596/77/512 647/218/559 648/77/560
f 475/107/391 558/87/474 649/87/561
f 475/107/391 649/87/561 476/107/392
f 528/156/444 523/151/439 650/151/562
f 528/156/444 650/151/562 641/156/553
f 626/252/542 621/247/537 651/247/563
f 626/252/542 651/247/563 643/252/555
f 493/122/409 488/117/404 652/117/564
f 493/122/409 652/117/564 645/122/557
f 591/218/507 586/213/502 653/213/565
f 591/218/507 653/213/565 647/218/559
f 558/87/474 553/181/469 654/181/566
f 558/87/474 654/181/566 649/87/561
f 523/151/439 518/86/434 655/86/567
f 523/151/439 655/86/567 650/151/562
f 621/247/537 616/242/532 656/242/568
f 621/247/537 656/242/568 651/247/563
f 488/117/404 478/108/394 657/108/569
f 488/117/404 657/108/569 652/117/564
f 586/213/502 581/208/497 658/208/570
f 586/213/502 658/208/570 653/213/565
f 553/181/469 548/176/464 659/176/571
f 553/181/469 659/176/571 654/181/566
f 518/86/434 513/142/429 660/142/572
f 518/86/434 660/142/572 655/86/567
f 616/242/532 611/237/527 661/237/573
f 616/242/532 661/237/573 656/242/568
f 478/108/394 481/103/397 662/103/574
f 478/108/394 662/103/574 657/108/569
f 581/208/497 576/203/492 663/203/575
f 581/208/497 663/203/575 658/208/570
f 548/176/464 543/171/459 664/171/576
f 548/176/464 664/171/576 659/176/571
f 513/142/429 508/137/424 665/137/577
f 513/142/429 665/137/577 660/142/572
f 611/237/527 606/232/522 666/232/578
f 611/237/527 666/232/578 661/237/573
f 576/203/492 571/198/487 667/198/579
f 576/203/492 667/198/579 663/203/575
f 543/171/459 538/166/454 668/166/580
f 543/171/459 668/166/580 664/171/576
f 508/137/424 503/132/419 669/132/581
f 508/137/424 669/132/581 665/137/577
f 606/232/522 601/227/517 670/227/582
f 606/232/522 670/227/582 666/232/578
f 571/198/487 474/106/390 477/106/393
f 571/198/487 477/106/393 667/198/579
f 538/166/454 533/161/449 642/161/554
f 538/166/454 642/161/554 668/166/580
f 636/76/397 631/257/547 644/257/556
f 636/76/397 644/257/556 671/76/574
f 503/132/419 498/127/414 646/127/558
f 503/132/419 646/127/558 669/132/581
f 601/227/517 596/77/512 648/77/560
f 601/227/517 648/77/560 670/227/582
f 672/66/583 673/67/584 674/68/585
f 672/66/583 674/68/585 675/69/586
f 676/70/587 677/71/588 678/72/589
f 676/70/587 678/72/589 679/73/590
f 679/73/590 678/72/589 680/74/591
f 679/73/590 680/74/591 681/75/592
f 681/75/592 680/74/591 682/76/593
f 681/75/592 682/76/593 683/77/594
f 683/77/594 682/76/593 684/78/595
f 683/77/594 684/78/595 685/79/596
f 685/79/596 684/78/595 686/80/597
f 685/79/596 686/80/597 687/81/598
f 688/82/599 689/83/600 690/84/601
f 688/82/599 690/84/601 691/85/602
f 692/86/603 693/87/604 689/83/600
f 692/86/603 689/83/600 688/82/599
f 694/88/605 695/89/606 693/87/604
f 694/88/605 693/87/604 692/86/603
f 696/90/607 697/91/608 695/89/606
f 696/90/607 695/89/606 694/88/605
f 698/92/609 699/93/610 697/91/608
f 698/92/609 697/91/608 696/90/607
f 700/94/611 701/95/79 702/96/612
f 700/94/611 702/96/612 703/97/613
f 689/83/600 685/79/596 687/81/598
f 689/83/600 687/81/598 690/84/601
f 693/87/604 683/77/594 685/79/596
f 693/87/604 685/79/596 689/83/600
f 695/89/606 681/75/592 683/77/594
f 695/89/606 683/77/594 693/87/604
f 697/91/608 679/73/590 681/75/592
f 697/91/608 681/75/592 695/89/606
f 699/93/610 676/70/587 679/73/590
f 699/93/610 679/73/590 697/91/608
f 701/95/79 672/66/583 675/69/586
f 701/95/79 675/69/586 702/96/612
f 704/98/614 700/94/611 703/97/613
f 704/98/614 703/97/613 705/99/615
f 706/100/616 698/92/609 696/90/607
f 706/100/616 696/90/607 707/101/617
f 707/101/617 696/90/607 694/88/605
f 707/101/617 694/88/605 708/102/618
f 708/102/618 694/88/605 692/86/603
f 708/102/618 692/86/603 709/103/619
f 709/103/619 692/86/603 688/82/599
f 709/103/619 688/82/599 710/104/620
f 710/104/620 688/82/599 691/85/602
f 710/104/620 691/85/602 711/105/621
f 711/105/621 691/85/602 700/94/611
f 711/105/621 700/94/611 704/98/614
f 690/84/601 687/81/598 672/66/583
f 690/84/601 672/66/583 701/95/79
f 691/85/602 690/84/601 701/95/79
f 691/85/602 701/95/79 700/94/611
f 687/81/598 686/80/597 673/67/584
f 687/81/598 673/67/584 672/66/583
f 712/106/622 713/107/623 714/107/624
f 712/106/622 714/107/624 715/106/625
f 716/108/626 717/109/627 718/110/628
f 716/108/626 718/110/628 719/103/629
f 717/109/627 720/111/630 721/112/631
f 717/109/627 721/112/631 718/110/628
f 720/111/630 722/113/632 723/114/633
f 720/111/630 723/114/633 721/112/631
f 722/113/632 724/115/634 725/116/635
f 722/113/632 725/116/635 723/114/633
f 724/115/634 131/1/78 133/3/80
f 724/115/634 133/3/80 725/116/635
f 726/117/636 727/118/637 717/109/627
f 726/117/636 717/109/627 716/108/626
f 727/118/637 728/119/638 720/111/630
f 727/118/637 720/111/630 717/109/627
f 728/119/638 729/120/639 722/113/632
f 728/119/638 722/113/632 720/111/630
f 729/120/639 730/121/640 724/115/634
f 729/120/639 724/115/634 722/113/632
f 730/121/640 134/4/81 131/1/78
f 730/121/640 131/1/78 724/115/634
f 731/122/641 732/123/642 727/118/637
f 731/122/641 727/118/637 726/117/636
f 732/123/642 733/124/643 728/119/638
f 732/123/642 728/119/638 727/118/637
f 733/124/643 734/125/644 729/120/639
f 733/124/643 729/120/639 728/119/638
f 734/125/644 735/126/645 730/121/640
f 734/125/644 730/121/640 729/120/639
f 735/126/645 136/6/82 134/4/81
f 735/126/645 134/4/81 730/121/640
f 736/127/646 737/128/647 732/123/642
f 736/127/646 732/123/642 731/122/641
f 737/128/647 738/129/648 733/124/643
f 737/128/647 733/124/643 732/123/642
f 738/129/648 739/130/649 734/125/644
f 738/129/648 734/125/644 733/124/643
f 739/130/649 740/131/650 735/126/645
f 739/130/649 735/126/645 734/125/644
f 740/131/650 138/8/84 136/6/82
f 740/131/650 136/6/82 735/126/645
f 741/132/651 742/133/652 737/128/647
f 741/132/651 737/128/647 736/127/646
f 742/133/652 743/134/653 738/129/648
f 742/133/652 738/129/648 737/128/647
f 743/134/653 744/135/654 739/130/649
f 743/134/653 739/130/649 738/129/648
f 744/135/654 745/136/655 740/131/650
f 744/135/654 740/131/650 739/130/649
f 745/136/655 140/10/85 138/8/84
f 745/136/655 138/8/84 740/131/650
f 746/137/656 747/138/657 742/133/652
f 746/137/656 742/133/652 741/132/651
f 747/138/657 748/139/658 743/134/653
f 747/138/657 743/134/653 742/133/652
f 748/139/658 749/140/659 744/135/654
f 748/139/658 744/135/654 743/134/653
f 749/140/659 750/141/660 745/136/655
f 749/140/659 745/136/655 744/135/654
f 750/141/660 142/12/86 140/10/85
f 750/141/660 140/10/85 745/136/655
f 751/142/661 752/143/662 747/138/657
f 751/142/661 747/138/657 746/137/656
f 752/143/662 753/144/663 748/139/658
f 752/143/662 748/139/658 747/138/657
f 753/144/663 754/145/664 749/140/659
f 753/144/663 749/140/659 748/139/658
f 754/145/664 755/146/665 750/141/660
f 754/145/664 750/141/660 749/140/659
f 755/146/665 144/14/88 142/12/86
f 755/146/665 142/12/86 750/141/660
f 756/86/666 757/147/667 752/143/662
f 756/86/666 752/143/662 751/142/661
f 757/147/667 758/148/668 753/144/663
f 757/147/667 753/144/663 752/143/662
f 758/148/668 759/149/669 754/145/664
f 758/148/668 754/145/664 753/144/663
f 759/149/669 760/150/670 755/146/665
f 759/149/669 755/146/665 754/145/664
f 760/150/670 146/16/90 144/14/88
f 760/150/670 144/14/88 755/146/665
f 761/151/671 762/152/672 757/147/667
f 761/151/671 757/147/667 756/86/666
f 762/152/672 763/153/673 758/148/668
f 762/152/672 758/148/668 757/147/667
f 763/153/673 764/154/674 759/149/669
f 763/153/673 759/149/669 758/148/668
f 764/154/674 765/155/675 760/150/670
f 764/154/674 760/150/670 759/149/669
f 765/155/675 148/18/92 146/16/90
f 765/155/675 146/16/90 760/150/670
f 766/156/676 767/157/677 762/152/672
f 766/156/676 762/152/672 761/151/671
f 767/157/677 768/158/678 763/153/673
f 767/157/677 763/153/673 762/152/672
f 768/158/678 769/159/679 764/154/674
f 768/158/678 764/154/674 763/153/673
f 769/159/679 770/160/680 765/155/675
f 769/159/679 765/155/675 764/154/674
f 770/160/680 150/20/93 148/18/92
f 770/160/680 148/18/92 765/155/675
f 771/161/681 772/162/682 767/157/677
f 771/161/681 767/157/677 766/156/676
f 772/162/682 773/163/683 768/158/678
f 772/162/682 768/158/678 767/157/677
f 773/163/683 774/164/684 769/159/679
f 773/163/683 769/159/679 768/158/678
f 774/164/684 775/165/685 770/160/680
f 774/164/684 770/160/680 769/159/679
f 775/165/685 152/22/94 150/20/93
f 775/165/685 150/20/93 770/160/680
f 776/166/686 777/167/687 772/162/682
f 776/166/686 772/162/682 771/161/681
f 777/167/687 778/168/688 773/163/683
f 777/167/687 773/163/683 772/162/682
f 778/168/688 779/169/689 774/164/684
f 778/168/688 774/164/684 773/163/683
f 779/169/689 780/170/690 775/165/685
f 779/169/689 775/165/685 774/164/684
f 780/170/690 154/24/96 152/22/94
f 780/170/690 152/22/94 775/165/685
f 781/171/691 782/172/692 777/167/687
f 781/171/691 777/167/687 776/166/686
f 782/172/692 783/173/693 778/168/688
f 782/172/692 778/168/688 777/167/687
f 783/173/693 784/174/694 779/169/689
f 783/173/693 779/169/689 778/168/688
f 784/174/694 785/175/695 780/170/690
f 784/174/694 780/170/690 779/169/689
f 785/175/695 156/26/97 154/24/96
f 785/175/695 154/24/96 780/170/690
f 786/176/696 787/177/697 782/172/692
f 786/176/696 782/172/692 781/171/691
f 787/177/697 788/178/698 783/173/693
f 787/177/697 783/173/693 782/172/692
f 788/178/698 789/179/699 784/174/694
f 788/178/698 784/174/694 783/173/693
f 789/179/699 790/180/700 785/175/695
f 789/179/699 785/175/695 784/174/694
f 790/180/700 158/28/99 156/26/97
f 790/180/700 156/26/97 785/175/695
f 791/181/701 792/182/702 787/177/697
f 791/181/701 787/177/697 786/176/696
f 792/182/702 793/183/703 788/178/698
f 792/182/702 788/178/698 787/177/697
f 793/183/703 794/184/704 789/179/699
f 793/183/703 789/179/699 788/178/698
f 794/184/704 795/185/705 790/180/700
f 794/184/704 790/180/700 789/179/699
f 795/185/705 160/30/100 158/28/99
f 795/185/705 158/28/99 790/180/700
f 796/87/706 797/186/707 792/182/702
f 796/87/706 792/182/702 791/181/701
f 797/186/707 798/187/708 793/183/703
f 797/186/707 793/183/703 792/182/702
f 798/187/708 799/188/709 794/184/704
f 798/187/708 794/184/704 793/183/703
f 799/188/709 800/189/710 795/185/705
f 799/188/709 795/185/705 794/184/704
f 800/189/710 162/32/101 160/30/100
f 800/189/710 160/30/100 795/185/705
f 713/107/623 801/190/711 797/186/707
f 713/107/623 797/186/707 796/87/706
f 801/190/711 802/191/712 798/187/708
f 801/190/711 798/187/708 797/186/707
f 802/191/712 803/192/713 799/188/709
f 802/191/712 799/188/709 798/187/708
f 803/192/713 804/193/714 800/189/710
f 803/192/713 800/189/710 799/188/709
f 804/193/714 164/34/102 162/32/101
f 804/193/714 162/32/101 800/189/710
f 712/106/622 805/194/715 801/190/711
f 712/106/622 801/190/711 713/107/623
f 805/194/715 806/195/716 802/191/712
f 805/194/715 802/191/712 801/190/711
f 806/195/716 807/196/717 803/192/713
f 806/195/716 803/192/713 802/191/712
f 807/196/717 808/197/718 804/193/714
f 807/196/717 804/193/714 803/192/713
f 808/197/718 166/36/103 164/34/102
f 808/197/718 164/34/102 804/193/714
f 809/198/719 810/199/720 805/194/715
f 809/198/719 805/194/715 712/106/622
f 810/199/720 811/200/721 806/195/716
f 810/199/720 806/195/716 805/194/715
f 811/200/721 812/201/722 807/196/717
f 811/200/721 807/196/717 806/195/716
f 812/201/722 813/202/723 808/197/718
f 812/201/722 808/197/718 807/196/717
f 813/202/723 168/38/104 166/36/103
f 813/202/723 166/36/103 808/197/718
f 814/203/724 815/204/725 810/199/720
f 814/203/724 810/199/720 809/198/719
f 815/204/725 816/205/726 811/200/721
f 815/204/725 811/200/721 810/199/720
f 816/205/726 817/206/727 812/201/722
f 816/205/726 812/201/722 811/200/721
f 817/206/727 818/207/728 813/202/723
f 817/206/727 813/202/723 812/201/722
f 818/207/728 170/40/105 168/38/104
f 818/207/728 168/38/104 813/202/723
f 819/208/729 820/209/730 815/204/725
f 819/208/729 815/204/725 814/203/724
f 820/209/730 821/210/731 816/205/726
f 820/209/730 816/205/726 815/204/725
f 821/210/731 822/211/732 817/206/727
f 821/210/731 817/206/727 816/205/726
f 822/211/732 823/212/733 818/207/728
f 822/211/732 818/207/728 817/206/727
f 823/212/733 172/42/106 170/40/105
f 823/212/733 170/40/105 818/207/728
f 824/213/734 825/214/735 820/209/730
f 824/213/734 820/209/730 819/208/729
f 825/214/735 826/215/736 821/210/731
f 825/214/735 821/210/731 820/209/730
f 826/215/736 827/216/737 822/211/732
f 826/215/736 822/211/732 821/210/731
f 827/216/737 828/217/738 823/212/733
f 827/216/737 823/212/733 822/211/732
f 828/217/738 174/44/107 172/42/106
f 828/217/738 172/42/106 823/212/733
f 829/218/739 830/219/740 825/214/735
f 829/218/739 825/214/735 824/213/734
f 830/219/740 831/220/741 826/215/736
f 830/219/740 826/215/736 825/214/735
f 831/220/741 832/221/742 827/216/737
f 831/220/741 827/216/737 826/215/736
f 832/221/742 833/222/743 828/217/738
f 832/221/742 828/217/738 827/216/737
f 833/222/743 176/46/109 174/44/107
f 833/222/743 174/44/107 828/217/738
f 834/77/744 835/223/745 830/219/740
f 834/77/744 830/219/740 829/218/739
f 835/223/745 836/224/746 831/220/741
f 835/223/745 831/220/741 830/219/740
f 836/224/746 837/225/747 832/221/742
f 836/224/746 832/221/742 831/220/741
f 837/225/747 838/226/748 833/222/743
f 837/225/747 833/222/743 832/221/742
f 838/226/748 178/48/110 176/46/109
f 838/226/748 176/46/109 833/222/743
f 839/227/749 840/228/750 835/223/745
f 839/227/749 835/223/745 834/77/744
f 840/228/750 841/229/751 836/224/746
f 840/228/750 836/224/746 835/223/745
f 841/229/751 842/230/752 837/225/747
f 841/229/751 837/225/747 836/224/746
f 842/230/752 843/231/753 838/226/748
f 842/230/752 838/226/748 837/225/747
f 843/231/753 180/50/111 178/48/110
f 843/231/753 178/48/110 838/226/748
f 844/232/754 845/233/755 840/228/750
f 844/232/754 840/228/750 839/227/749
f 845/233/755 846/234/756 841/229/751
f 845/233/755 841/229/751 840/228/750
f 846/234/756 847/235/757 842/230/752
f 846/234/756 842/230/752 841/229/751
f 847/235/757 848/236/758 843/231/753
f 847/235/757 843/231/753 842/230/752
f 848/236/758 182/52/112 180/50/111
f 848/236/758 180/50/111 843/231/753
f 849/237/759 850/238/760 845/233/755
f 849/237/759 845/233/755 844/232/754
f 850/238/760 851/239/761 846/234/756
f 850/238/760 846/234/756 845/233/755
f 851/239/761 852/240/762 847/235/757
f 851/239/761 847/235/757 846/234/756
f 852/240/762 853/241/763 848/236/758
f 852/240/762 848/236/758 847/235/757
f 853/241/763 184/54/113 182/52/112
f 853/241/763 182/52/112 848/236/758
f 854/242/764 855/243/765 850/238/760
f 854/242/764 850/238/760 849/237/759
f 855/243/765 856/244/766 851/239/761
f 855/243/765 851/239/761 850/238/760
f 856/244/766 857/245/767 852/240/762
f 856/244/766 852/240/762 851/239/761
f 857/245/767 858/246/768 853/241/763
f 857/245/767 853/241/763 852/240/762
f 858/246/768 186/56/114 184/54/113
f 858/246/768 184/54/113 853/241/763
f 859/247/769 860/248/770 855/243/765
f 859/247/769 855/243/765 854/242/764
f 860/248/770 861/249/771 856/244/766
f 860/248/770 856/244/766 855/243/765
f 861/249/771 862/250/772 857/245/767
f 861/249/771 857/245/767 856/244/766
f 862/250/772 863/251/773 858/246/768
f 862/250/772 858/246/768 857/245/767
f 863/251/773 188/58/116 186/56/114
f 863/251/773 186/56/114 858/246/768
f 864/252/774 865/253/775 860/248/770
f 864/252/774 860/248/770 859/247/769
f 865/253/775 866/254/776 861/249/771
f 865/253/775 861/249/771 860/248/770
f 866/254/776 867/255/777 862/250/772
f 866/254/776 862/250/772 861/249/771
f 867/255/777 868/256/778 863/251/773
f 867/255/777 863/251/773 862/250/772
f 868/256/778 190/60/117 188/58/116
f 868/256/778 188/58/116 863/251/773
f 869/257/779 870/258/780 865/253/775
f 869/257/779 865/253/775 864/252/774
f 870/258/780 871/259/781 866/254/776
f 870/258/780 866/254/776 865/253/775
f 871/259/781 872/260/782 867/255/777
f 871/259/781 867/255/777 866/254/776
f 872/260/782 873/261/783 868/256/778
f 872/260/782 868/256/778 867/255/777
f 873/261/783 192/62/118 190/60/117
f 873/261/783 190/60/117 868/256/778
f 874/76/629 875/262/628 870/258/780
f 874/76/629 870/258/780 869/257/779
f 875/262/628 876/263/631 871/259/781
f 875/262/628 871/259/781 870/258/780
f 876/263/631 877/264/633 872/260/782
f 876/263/631 872/260/782 871/259/781
f 877/264/633 878/265/635 873/261/783
f 877/264/633 873/261/783 872/260/782
f 878/265/635 194/64/80 192/62/118
f 878/265/635 192/62/118 873/261/783
f 771/161/681 766/156/676 879/156/784
f 771/161/681 879/156/784 880/161/785
f 869/257/779 864/252/774 881/252/786
f 869/257/779 881/252/786 882/257/787
f 736/127/646 731/122/641 883/122/788
f 736/127/646 883/122/788 884/127/789
f 834/77/744 829/218/739 885/218/790
f 834/77/744 885/218/790 886/77/791
f 713/107/623 796/87/706 887/87/792
f 713/107/623 887/87/792 714/107/624
f 766/156/676 761/151/671 888/151/793
f 766/156/676 888/151/793 879/156/784
f 864/252/774 859/247/769 889/247/794
f 864/252/774 889/247/794 881/252/786
f 731/122/641 726/117/636 890/117/795
f 731/122/641 890/117/795 883/122/788
f 829/218/739 824/213/734 891/213/796
f 829/218/739 891/213/796 885/218/790
f 796/87/706 791/181/701 892/181/797
f 796/87/706 892/181/797 887/87/792
f 761/151/671 756/86/666 893/86/798
f 761/151/671 893/86/798 888/151/793
f 859/247/769 854/242/764 894/242/799
f 859/247/769 894/242/799 889/247/794
f 726/117/636 716/108/626 895/108/800
f 726/117/636 895/108/800 890/117/795
f 824/213/734 819/208/729 896/208/801
f 824/213/734 896/208/801 891/213/796
f 791/181/701 786/176/696 897/176/802
f 791/181/701 897/176/802 892/181/797
f 756/86/666 751/142/661 898/142/803
f 756/86/666 898/142/803 893/86/798
f 854/242/764 849/237/759 899/237/804
f 854/242/764 899/237/804 894/242/799
f 716/108/626 719/103/629 900/103/805
f 716/108/626 900/103/805 895/108/800
f 819/208/729 814/203/724 901/203/806
f 819/208/729 901/203/806 896/208/801
f 786/176/696 781/171/691 902/171/807
f 786/176/696 902/171/807 897/176/802
f 751/142/661 746/137/656 903/137/808
f 751/142/661 903/137/808 898/142/803
f 849/237/759 844/232/754 904/232/809
f 849/237/759 904/232/809 899/237/804
f 814/203/724 809/198/719 905/198/810
f 814/203/724 905/198/810 901/203/806
f 781/171/691 776/166/686 906/166/811
f 781/171/691 906/166/811 902/171/807
f 746/137/656 741/132/651 907/132/812
f 746/137/656 907/132/812 903/137/808
f 844/232/754 839/227/749 908/227/813
f 844/232/754 908/227/813 904/232/809
f 809/198/719 712/106/622 715/106/625
f 809/198/719 715/106/625 905/198/810
f 776/166/686 771/161/681 880/161/785
f 776/166/686 880/161/785 906/166/811
f 874/76/629 869/257/779 882/257/787
f 874/76/629 882/257/787 909/76/814
f 741/132/651 736/127/646 884/127/789
f 741/132/651 884/127/789 907/132/812
f 839/227/749 834/77/744 886/77/791
f 839/227/749 886/77/791 908/227/813
f 919/266/815 917/267/816 918/268/327
f 917/267/816 919/266/815 916/269/817
f 916/269/817 919/266/815 920/270/332
f 916/269/817 920/270/332 915/271/818
f 915/271/818 920/270/332 921/272/337
f 915/271/818 921/272/337 914/273/819
f 914/273/819 921/272/337 922/274/342
f 914/273/819 922/274/342 913/275/330
f 913/275/330 922/274/342 923/276/346
f 913/275/330 923/276/346 912/277/820
f 912/277/820 923/276/346 924/278/821
f 912/277/820 924/278/821 911/279/822
f 911/279/822 924/278/821 925/280/160
f 911/279/822 925/280/160 910/281/341
f 910/281/341 925/280/160 926/282/328
f 910/281/341 926/282/328 941/283/336
f 941/283/336 926/282/328 927/284/823
f 941/283/336 927/284/823 940/285/331
f 940/285/331 927/284/823 928/286/824
f 940/285/331 928/286/824 939/287/825
f 939/287/825 928/286/824 929/288/826
f 939/287/825 929/288/826 938/289/827
f 938/289/827 929/288/826 930/290/828
f 938/289/827 930/290/828 937/291/829
f 937/291/829 930/290/828 931/292/830
f 937/291/829 931/292/830 936/293/344
f 936/293/344 931/292/830 932/294/320
f 936/293/344 932/294/320 935/295/831
f 935/295/831 932/294/320 933/296/832
f 935/295/831 933/296/832 934/297/833
f 943/279/834 973/283/569 942/281/835
f 973/283/569 943/279/834 944/277/555
f 973/283/569 944/277/555 972/285/836
f 972/285/836 944/277/555 971/287/557
f 971/287/557 944/277/555 945/275/563
f 971/287/557 945/275/563 946/273/568
f 971/287/557 946/273/568 970/289/558
f 970/289/558 946/273/568 969/291/581
f 969/291/581 946/273/568 947/271/573
f 969/291/581 947/271/573 948/269/837
f 969/291/581 948/269/837 968/293/838
f 968/293/838 948/269/837 949/267/839
f 968/293/838 949/267/839 967/295/572
f 967/295/572 949/267/839 950/268/840
f 967/295/572 950/268/840 966/297/567
f 966/297/567 950/268/840 951/266/841
f 966/297/567 951/266/841 965/296/562
f 965/296/562 951/266/841 952/270/842
f 965/296/562 952/270/842 964/294/553
f 964/294/553 952/270/842 953/272/843
f 964/294/553 953/272/843 963/292/554
f 963/292/554 953/272/843 954/274/575
f 963/292/554 954/274/575 962/290/580
f 962/290/580 954/274/575 955/276/579
f 962/290/580 955/276/579 961/288/576
f 961/288/576 955/276/579 956/278/844
f 961/288/576 956/278/844 960/286/845
f 960/286/845 956/278/844 957/280/392
f 960/286/845 957/280/392 959/284/566
f 959/284/566 957/280/392 958/282/846
f 975/279/847 1005/283/800 974/281/805
f 1005/283/800 975/279/847 976/277/786
f 1005/283/800 976/277/786 1004/285/848
f 1004/285/848 976/277/786 977/275/794
f 1004/285/848 977/275/794 1003/287/849
f 1003/287/849 977/275/794 978/273/850
f 1003/287/849 978/273/850 1002/289/851
f 1002/289/851 978/273/850 979/271/804
f 1002/289/851 979/271/804 1001/291/852
f 1001/291/852 979/271/804 980/269/809
f 1001/291/852 980/269/809 1000/293/853
f 1000/293/853 980/269/809 981/267/813
f 1000/293/853 981/267/813 999/295/803
f 999/295/803 981/267/813 982/268/791
f 999/295/803 982/268/791 998/297/854
f 998/297/854 982/268/791 983/266/855
f 998/297/854 983/266/855 997/296/856
f 997/296/856 983/266/855 984/270/796
f 997/296/856 984/270/796 996/294/857
f 996/294/857 984/270/796 985/272/858
f 996/294/857 985/272/858 995/292/859
f 995/292/859 985/272/858 986/274/860
f 995/292/859 986/274/860 994/290/861
f 994/290/861 986/274/860 987/276/862
f 994/290/861 987/276/862 993/288/807
f 993/288/807 987/276/862 988/278/863
f 993/288/807 988/278/863 992/286/802
f 992/286/802 988/278/863 989/280/864
f 992/286/802 989/280/864 991/284/865
f 991/284/865 989/280/864 990/282/792
o Object_5
v -0.014085 1.872074 -0.078040
v -0.014085 2.032691 -0.124541
v -0.007842 1.872517 -0.077613
v -0.014085 2.032691 -0.124541
v -0.001839 1.873827 -0.076348
v -0.014085 2.032691 -0.124541
v 0.003694 1.875954 -0.074294
v -0.014085 2.032691 -0.124541
v 0.008543 1.878817 -0.071530
v -0.014085 2.032691 -0.124541
v 0.012522 1.882306 -0.068162
v -0.014085 2.032691 -0.124541
v 0.015479 1.886286 -0.064320
v -0.014085 2.032691 -0.124541
v 0.017300 1.890605 -0.060150
v -0.014085 2.032691 -0.124541
v 0.017915 1.895096 -0.055814
v -0.014085 2.032691 -0.124541
v 0.017300 1.899587 -0.051478
v -0.014085 2.032691 -0.124541
v 0.015479 1.903906 -0.047308
v -0.014085 2.032691 -0.124541
v 0.012522 1.907887 -0.043466
v -0.014085 2.032691 -0.124541
v 0.008543 1.911375 -0.040098
v -0.014085 2.032691 -0.124541
v 0.003694 1.914238 -0.037334
v -0.014085 2.032691 -0.124541
v -0.001839 1.916365 -0.035280
v -0.014085 2.032691 -0.124541
v -0.007842 1.917676 -0.034015
v -0.014085 2.032691 -0.124541
v -0.014085 1.918118 -0.033588
v -0.014085 2.032691 -0.124541
v -0.020328 1.917676 -0.034015
v -0.014085 2.032691 -0.124541
v -0.026331 1.916365 -0.035280
v -0.014085 2.032691 -0.124541
v -0.031863 1.914238 -0.037334
v -0.014085 2.032691 -0.124541
v -0.036712 1.911375 -0.040098
v -0.014085 2.032691 -0.124541
v -0.040692 1.907887 -0.043466
v -0.014085 2.032691 -0.124541
v -0.043649 1.903906 -0.047308
v -0.014085 2.032691 -0.124541
v -0.045470 1.899587 -0.051478
v -0.014085 2.032691 -0.124541
v -0.046085 1.895096 -0.055814
v -0.014085 2.032691 -0.124541
v -0.045470 1.890605 -0.060150
v -0.014085 2.032691 -0.124541
v -0.043649 1.886286 -0.064320
v -0.014085 2.032691 -0.124541
v -0.040692 1.882306 -0.068162
v -0.014085 2.032691 -0.124541
v -0.036712 1.878817 -0.071530
v -0.014085 2.032691 -0.124541
v -0.031863 1.875954 -0.074294
v -0.014085 2.032691 -0.124541
v -0.026330 1.873827 -0.076348
v -0.014085 2.032691 -0.124541
v -0.020327 1.872517 -0.077613
v -0.014085 2.032691 -0.124541
v -0.014085 1.872074 -0.078040
v -0.062823 2.649024 -0.035222
v -0.097351 2.809640 -0.066369
v -0.058325 2.649467 -0.039571
v -0.097351 2.809640 -0.066369
v -0.053365 2.650776 -0.043181
v -0.097351 2.809640 -0.066369
v -0.048134 2.652905 -0.045913
v -0.097351 2.809640 -0.066369
v -0.042833 2.655767 -0.047662
v -0.097351 2.809640 -0.066369
v -0.037667 2.659256 -0.048361
v -0.097351 2.809640 -0.066369
v -0.032833 2.663237 -0.047983
v -0.097351 2.809640 -0.066369
v -0.028517 2.667554 -0.046542
v -0.097351 2.809640 -0.066369
v -0.024886 2.672046 -0.044094
v -0.097351 2.809640 -0.066369
v -0.022078 2.676538 -0.040733
v -0.097351 2.809640 -0.066369
v -0.020202 2.680856 -0.036588
v -0.097351 2.809640 -0.066369
v -0.019329 2.684836 -0.031819
v -0.097351 2.809640 -0.066369
v -0.019494 2.688325 -0.026608
v -0.097351 2.809640 -0.066369
v -0.020690 2.691187 -0.021156
v -0.097351 2.809640 -0.066369
v -0.022871 2.693316 -0.015672
v -0.097351 2.809640 -0.066369
v -0.025952 2.694625 -0.010368
v -0.097351 2.809640 -0.066369
v -0.029817 2.695067 -0.005446
v -0.097351 2.809640 -0.066369
v -0.034316 2.694625 -0.001097
v -0.097351 2.809640 -0.066369
v -0.039276 2.693316 0.002513
v -0.097351 2.809640 -0.066369
v -0.044507 2.691187 0.005245
v -0.097351 2.809640 -0.066369
v -0.049807 2.688325 0.006995
v -0.097351 2.809640 -0.066369
v -0.054974 2.684836 0.007693
v -0.097351 2.809640 -0.066369
v -0.059808 2.680856 0.007315
v -0.097351 2.809640 -0.066369
v -0.064123 2.676538 0.005875
v -0.097351 2.809640 -0.066369
v -0.067755 2.672046 0.003427
v -0.097351 2.809640 -0.066369
v -0.070563 2.667554 0.000066
v -0.097351 2.809640 -0.066369
v -0.072439 2.663237 -0.004079
v -0.097351 2.809640 -0.066369
v -0.073311 2.659256 -0.008849
v -0.097351 2.809640 -0.066369
v -0.073146 2.655767 -0.014060
v -0.097351 2.809640 -0.066369
v -0.071951 2.652905 -0.019512
v -0.097351 2.809640 -0.066369
v -0.069770 2.650776 -0.024996
v -0.097351 2.809640 -0.066369
v -0.066688 2.649467 -0.030300
v -0.097351 2.809640 -0.066369
v -0.062823 2.649024 -0.035222
v -0.058427 1.352649 0.010568
v -0.103577 1.513265 0.021696
v -0.059506 1.353091 0.004405
v -0.103577 1.513265 0.021696
v -0.059714 1.354401 -0.001727
v -0.103577 1.513265 0.021696
v -0.059044 1.356529 -0.007590
v -0.103577 1.513265 0.021696
v -0.057520 1.359392 -0.012960
v -0.103577 1.513265 0.021696
v -0.055202 1.362880 -0.017629
v -0.103577 1.513265 0.021696
v -0.052179 1.366861 -0.021420
v -0.103577 1.513265 0.021696
v -0.048566 1.371179 -0.024186
v -0.103577 1.513265 0.021696
v -0.044503 1.375671 -0.025821
v -0.103577 1.513265 0.021696
v -0.040146 1.380162 -0.026261
v -0.103577 1.513265 0.021696
v -0.035662 1.384481 -0.025491
v -0.103577 1.513265 0.021696
v -0.031224 1.388461 -0.023539
v -0.103577 1.513265 0.021696
v -0.027001 1.391949 -0.020481
v -0.103577 1.513265 0.021696
v -0.023157 1.394812 -0.016434
v -0.103577 1.513265 0.021696
v -0.019839 1.396940 -0.011554
v -0.103577 1.513265 0.021696
v -0.017174 1.398250 -0.006028
v -0.103577 1.513265 0.021696
v -0.015266 1.398692 -0.000069
v -0.103577 1.513265 0.021696
v -0.014187 1.398250 0.006095
v -0.103577 1.513265 0.021696
v -0.013978 1.396940 0.012226
v -0.103577 1.513265 0.021696
v -0.014649 1.394812 0.018089
v -0.103577 1.513265 0.021696
v -0.016172 1.391949 0.023459
v -0.103577 1.513265 0.021696
v -0.018490 1.388461 0.028129
v -0.103577 1.513265 0.021696
v -0.021513 1.384481 0.031920
v -0.103577 1.513265 0.021696
v -0.025126 1.380162 0.034686
v -0.103577 1.513265 0.021696
v -0.029189 1.375671 0.036320
v -0.103577 1.513265 0.021696
v -0.033546 1.371179 0.036761
v -0.103577 1.513265 0.021696
v -0.038030 1.366860 0.035990
v -0.103577 1.513265 0.021696
v -0.042469 1.362881 0.034039
v -0.103577 1.513265 0.021696
v -0.046691 1.359392 0.030980
v -0.103577 1.513265 0.021696
v -0.050536 1.356529 0.026934
v -0.103577 1.513265 0.021696
v -0.053854 1.354401 0.022053
v -0.103577 1.513265 0.021696
v -0.056518 1.353091 0.016528
v -0.103577 1.513265 0.021696
v -0.058427 1.352649 0.010568
v -0.017989 2.673957 -0.060001
v -0.027293 3.019087 -0.060001
v -0.015588 3.019087 -0.058848
v -0.006284 2.673957 -0.058848
v -0.004332 3.019087 -0.055434
v 0.004972 2.673957 -0.055434
v 0.006041 3.019087 -0.049889
v 0.015345 2.673957 -0.049889
v 0.015133 3.019087 -0.042427
v 0.024437 2.673957 -0.042427
v 0.022595 3.019087 -0.033335
v 0.031899 2.673957 -0.033335
v 0.028140 3.019087 -0.022962
v 0.037444 2.673957 -0.022962
v 0.031554 3.019087 -0.011706
v 0.040858 2.673957 -0.011706
v 0.032707 3.019087 -0.000001
v 0.042011 2.673957 -0.000001
v 0.031554 3.019087 0.011704
v 0.040858 2.673957 0.011704
v 0.028140 3.019087 0.022960
v 0.037444 2.673957 0.022960
v 0.022595 3.019087 0.033333
v 0.031899 2.673957 0.033333
v 0.015133 3.019087 0.042425
v 0.024437 2.673957 0.042425
v 0.006041 3.019087 0.049887
v 0.015345 2.673957 0.049887
v -0.004332 3.019087 0.055432
v 0.004972 2.673957 0.055432
v -0.015588 3.019087 0.058846
v -0.006284 2.673957 0.058846
v -0.027293 3.019087 0.059999
v -0.017989 2.673957 0.059999
v -0.038998 3.019087 0.058846
v -0.029695 2.673957 0.058846
v -0.050254 3.019087 0.055432
v -0.040950 2.673957 0.055432
v -0.060627 3.019087 0.049887
v -0.051323 2.673957 0.049887
v -0.069719 3.019087 0.042425
v -0.060416 2.673957 0.042425
v -0.077181 3.019087 0.033333
v -0.067877 2.673957 0.033333
v -0.082726 3.019087 0.022960
v -0.073422 2.673957 0.022960
v -0.086140 3.019087 0.011704
v -0.076836 2.673957 0.011704
v -0.087293 3.019087 -0.000001
v -0.077989 2.673957 -0.000001
v -0.086140 3.019087 -0.011706
v -0.076836 2.673957 -0.011706
v -0.082726 3.019087 -0.022962
v -0.073422 2.673957 -0.022962
v -0.077181 3.019087 -0.033335
v -0.067877 2.673957 -0.033335
v -0.069719 3.019087 -0.042427
v -0.060415 2.673957 -0.042427
v -0.060627 3.019087 -0.049889
v -0.051323 2.673957 -0.049889
v -0.050254 3.019087 -0.055434
v -0.040950 2.673957 -0.055434
v -0.038998 3.019087 -0.058848
v -0.029694 2.673957 -0.058848
v -0.027293 3.019087 -0.060001
v -0.017989 2.673957 -0.060001
v -0.011705 -0.014378 -0.058847
v 0.005586 0.369670 -0.058847
v 0.017292 0.369670 -0.060000
v 0.000000 -0.014379 -0.060000
v 0.005586 0.753717 -0.058847
v 0.017292 0.753717 -0.060000
v -0.011705 1.137765 -0.058847
v 0.000000 1.137765 -0.060000
v -0.021305 1.521813 -0.078574
v -0.009600 1.521813 -0.079727
v -0.021305 1.905861 -0.078574
v -0.009600 1.905861 -0.079727
v -0.011705 2.289909 -0.058848
v 0.000000 2.289909 -0.060001
v -0.022961 -0.014378 -0.055433
v -0.005669 0.369670 -0.055433
v -0.005669 0.753717 -0.055433
v -0.022961 1.137765 -0.055433
v -0.032561 1.521813 -0.075160
v -0.032561 1.905861 -0.075160
v -0.022961 2.289909 -0.055434
v -0.033334 -0.014378 -0.049888
v -0.016043 0.369669 -0.049888
v -0.016043 0.753717 -0.049888
v -0.033334 1.137765 -0.049888
v -0.042934 1.521813 -0.069616
v -0.042934 1.905861 -0.069615
v -0.033334 2.289909 -0.049889
v -0.042426 -0.014378 -0.042427
v -0.025135 0.369670 -0.042426
v -0.025135 0.753717 -0.042426
v -0.042426 1.137765 -0.042426
v -0.052026 1.521813 -0.062154
v -0.052026 1.905861 -0.062154
v -0.042426 2.289909 -0.042427
v -0.049888 -0.014378 -0.033334
v -0.032597 0.369669 -0.033334
v -0.032597 0.753717 -0.033334
v -0.049888 1.137765 -0.033334
v -0.059488 1.521813 -0.053062
v -0.059488 1.905861 -0.053062
v -0.049888 2.289909 -0.033335
v -0.055433 -0.014378 -0.022961
v -0.038141 0.369670 -0.022961
v -0.038141 0.753718 -0.022961
v -0.055433 1.137765 -0.022961
v -0.065033 1.521813 -0.042688
v -0.065033 1.905861 -0.042688
v -0.055433 2.289909 -0.022962
v -0.058847 -0.014378 -0.011706
v -0.041556 0.369669 -0.011706
v -0.041556 0.753717 -0.011705
v -0.058847 1.137765 -0.011706
v -0.068447 1.521813 -0.031433
v -0.068447 1.905861 -0.031433
v -0.058847 2.289909 -0.011707
v -0.060000 -0.014378 -0.000000
v -0.042708 0.369669 -0.000000
v -0.042708 0.753717 -0.000000
v -0.060000 1.137765 -0.000000
v -0.069600 1.521813 -0.019727
v -0.069600 1.905861 -0.019727
v -0.060000 2.289909 -0.000001
v -0.058847 -0.014378 0.011705
v -0.041556 0.369670 0.011705
v -0.041556 0.753717 0.011705
v -0.058847 1.137765 0.011705
v -0.068447 1.521813 -0.008022
v -0.068447 1.905861 -0.008022
v -0.058847 2.289909 0.011704
v -0.055433 -0.014378 0.022961
v -0.038141 0.369670 0.022961
v -0.038141 0.753718 0.022961
v -0.055433 1.137765 0.022961
v -0.065033 1.521813 0.003234
v -0.065033 1.905861 0.003234
v -0.055433 2.289909 0.022960
v -0.049888 -0.014378 0.033334
v -0.032597 0.369670 0.033334
v -0.032597 0.753717 0.033334
v -0.049888 1.137765 0.033334
v -0.059488 1.521813 0.013607
v -0.059488 1.905861 0.013607
v -0.049888 2.289909 0.033333
v -0.042426 -0.014378 0.042426
v -0.025135 0.369669 0.042426
v -0.025135 0.753717 0.042426
v -0.042426 1.137765 0.042426
v -0.052026 1.521813 0.022699
v -0.052026 1.905861 0.022699
v -0.042426 2.289909 0.042425
v -0.033334 -0.014378 0.049888
v -0.016043 0.369670 0.049888
v -0.016043 0.753717 0.049888
v -0.033334 1.137765 0.049888
v -0.042934 1.521813 0.030161
v -0.042934 1.905861 0.030161
v -0.033334 2.289909 0.049888
v -0.022961 -0.014378 0.055433
v -0.005669 0.369670 0.055433
v -0.005669 0.753717 0.055433
v -0.022961 1.137765 0.055433
v -0.032561 1.521813 0.035705
v -0.032561 1.905861 0.035705
v -0.022961 2.289909 0.055433
v -0.011705 -0.014379 0.058847
v 0.005586 0.369669 0.058847
v 0.005586 0.753717 0.058847
v -0.011705 1.137765 0.058847
v -0.021305 1.521813 0.039120
v -0.021305 1.905861 0.039120
v -0.011705 2.289909 0.058846
v 0.000000 -0.014378 0.060000
v 0.017292 0.369669 0.060000
v 0.017292 0.753717 0.060000
v 0.000000 1.137765 0.060000
v -0.009600 1.521813 0.040273
v -0.009600 1.905861 0.040273
v 0.000000 2.289909 0.059999
v 0.011705 -0.014378 0.058847
v 0.028997 0.369670 0.058847
v 0.028997 0.753718 0.058847
v 0.011705 1.137765 0.058847
v 0.002106 1.521813 0.039120
v 0.002106 1.905861 0.039120
v 0.011705 2.289909 0.058846
v 0.022961 -0.014378 0.055433
v 0.040253 0.369670 0.055433
v 0.040253 0.753717 0.055433
v 0.022961 1.137765 0.055433
v 0.013361 1.521813 0.035705
v 0.013361 1.905861 0.035705
v 0.022961 2.289909 0.055433
v 0.033334 -0.014378 0.049888
v 0.050626 0.369670 0.049888
v 0.050626 0.753717 0.049888
v 0.033334 1.137765 0.049888
v 0.023734 1.521813 0.030161
v 0.023734 1.905861 0.030161
v 0.033334 2.289909 0.049888
v 0.042426 -0.014378 0.042426
v 0.059718 0.369670 0.042426
v 0.059718 0.753717 0.042426
v 0.042426 1.137765 0.042426
v 0.032827 1.521813 0.022699
v 0.032827 1.905861 0.022699
v 0.042426 2.289909 0.042425
v 0.049888 -0.014379 0.033334
v 0.067180 0.369670 0.033334
v 0.067180 0.753717 0.033334
v 0.049888 1.137765 0.033334
v 0.040288 1.521813 0.013607
v 0.040288 1.905861 0.013607
v 0.049888 2.289909 0.033333
v 0.055433 -0.014378 0.022961
v 0.072724 0.369670 0.022961
v 0.072724 0.753718 0.022961
v 0.055433 1.137765 0.022961
v 0.045833 1.521813 0.003234
v 0.045833 1.905861 0.003234
v 0.055433 2.289909 0.022960
v 0.058847 -0.014378 0.011705
v 0.076139 0.369670 0.011705
v 0.076139 0.753717 0.011705
v 0.058847 1.137765 0.011705
v 0.049247 1.521813 -0.008022
v 0.049247 1.905861 -0.008022
v 0.058847 2.289909 0.011704
v 0.060000 -0.014378 -0.000000
v 0.077292 0.369669 -0.000000
v 0.077292 0.753717 -0.000000
v 0.060000 1.137765 -0.000000
v 0.050400 1.521813 -0.019727
v 0.050400 1.905861 -0.019727
v 0.060000 2.289909 -0.000001
v 0.058847 -0.014378 -0.011705
v 0.076139 0.369670 -0.011706
v 0.076139 0.753717 -0.011705
v 0.058847 1.137765 -0.011705
v 0.049247 1.521813 -0.031433
v 0.049247 1.905861 -0.031433
v 0.058847 2.289909 -0.011706
v 0.055433 -0.014378 -0.022961
v 0.072724 0.369670 -0.022961
v 0.072724 0.753717 -0.022961
v 0.055433 1.137765 -0.022961
v 0.045833 1.521813 -0.042688
v 0.045833 1.905861 -0.042688
v 0.055433 2.289909 -0.022962
v 0.049888 -0.014379 -0.033334
v 0.067180 0.369670 -0.033334
v 0.067180 0.753718 -0.033334
v 0.049888 1.137765 -0.033334
v 0.040288 1.521813 -0.053061
v 0.040288 1.905861 -0.053061
v 0.049888 2.289909 -0.033335
v 0.042426 -0.014378 -0.042426
v 0.059718 0.369670 -0.042427
v 0.059718 0.753717 -0.042426
v 0.042426 1.137765 -0.042426
v 0.032827 1.521813 -0.062154
v 0.032827 1.905861 -0.062154
v 0.042426 2.289909 -0.042427
v 0.033334 -0.014378 -0.049888
v 0.050626 0.369670 -0.049888
v 0.050626 0.753718 -0.049888
v 0.033334 1.137765 -0.049888
v 0.023734 1.521813 -0.069615
v 0.023734 1.905861 -0.069615
v 0.033334 2.289909 -0.049889
v 0.022961 -0.014378 -0.055433
v 0.040253 0.369670 -0.055433
v 0.040253 0.753717 -0.055433
v 0.022961 1.137765 -0.055433
v 0.013361 1.521813 -0.075160
v 0.013361 1.905861 -0.075160
v 0.022961 2.289909 -0.055434
v 0.011705 -0.014378 -0.058847
v 0.028997 0.369670 -0.058847
v 0.028997 0.753717 -0.058847
v 0.011705 1.137765 -0.058847
v 0.002106 1.521813 -0.078574
v 0.002106 1.905861 -0.078574
v 0.011705 2.289909 -0.058848
v 0.000000 -0.014379 -0.060000
v 0.017292 0.369670 -0.060000
v 0.017292 0.753717 -0.060000
v 0.000000 1.137765 -0.060000
v -0.009600 1.521813 -0.079727
v -0.009600 1.905861 -0.079727
v 0.000000 2.289909 -0.060001
v -0.015588 3.019087 -0.058848
v -0.027293 3.019087 -0.060001
v -0.038998 3.019087 -0.058848
v -0.050254 3.019087 -0.055434
v -0.060627 3.019087 -0.049889
v -0.069719 3.019087 -0.042427
v -0.077181 3.019087 -0.033335
v -0.082726 3.019087 -0.022962
v -0.086140 3.019087 -0.011706
v -0.087293 3.019087 -0.000001
v -0.086140 3.019087 0.011704
v -0.082726 3.019087 0.022960
v -0.077181 3.019087 0.033333
v -0.069719 3.019087 0.042425
v -0.060627 3.019087 0.049887
v -0.050254 3.019087 0.055432
v -0.038998 3.019087 0.058846
v -0.027293 3.019087 0.059999
v -0.015588 3.019087 0.058846
v -0.004332 3.019087 0.055432
v 0.006041 3.019087 0.049887
v 0.015133 3.019087 0.042425
v 0.022595 3.019087 0.033333
v 0.028140 3.019087 0.022960
v 0.031554 3.019087 0.011704
v 0.032707 3.019087 -0.000001
v 0.031554 3.019087 -0.011706
v 0.028140 3.019087 -0.022962
v 0.022595 3.019087 -0.033335
v 0.015133 3.019087 -0.042427
v 0.006041 3.019087 -0.049889
v -0.004332 3.019087 -0.055434
v 0.000000 -0.014379 -0.060000
v 0.011705 -0.014378 -0.058847
v 0.022961 -0.014378 -0.055433
v 0.033334 -0.014378 -0.049888
v 0.042426 -0.014378 -0.042426
v 0.049888 -0.014379 -0.033334
v 0.055433 -0.014378 -0.022961
v 0.058847 -0.014378 -0.011705
v 0.060000 -0.014378 -0.000000
v 0.058847 -0.014378 0.011705
v 0.055433 -0.014378 0.022961
v 0.049888 -0.014379 0.033334
v 0.042426 -0.014378 0.042426
v 0.033334 -0.014378 0.049888
v 0.022961 -0.014378 0.055433
v 0.011705 -0.014378 0.058847
v 0.000000 -0.014378 0.060000
v -0.011705 -0.014379 0.058847
v -0.022961 -0.014378 0.055433
v -0.033334 -0.014378 0.049888
v -0.042426 -0.014378 0.042426
v -0.049888 -0.014378 0.033334
v -0.055433 -0.014378 0.022961
v -0.058847 -0.014378 0.011705
v -0.060000 -0.014378 -0.000000
v -0.058847 -0.014378 -0.011706
v -0.055433 -0.014378 -0.022961
v -0.049888 -0.014378 -0.033334
v -0.042426 -0.014378 -0.042427
v -0.033334 -0.014378 -0.049888
v -0.022961 -0.014378 -0.055433
v -0.011705 -0.014378 -0.058847
v -0.014085 1.872074 -0.078040
v -0.007842 1.872517 -0.077613
v -0.001839 1.873827 -0.076348
v 0.003694 1.875954 -0.074294
v 0.008543 1.878817 -0.071530
v 0.012522 1.882306 -0.068162
v 0.015479 1.886286 -0.064320
v 0.017300 1.890605 -0.060150
v 0.017915 1.895096 -0.055814
v 0.017300 1.899587 -0.051478
v 0.015479 1.903906 -0.047308
v 0.012522 1.907887 -0.043466
v 0.008543 1.911375 -0.040098
v 0.003694 1.914238 -0.037334
v -0.001839 1.916365 -0.035280
v -0.007842 1.917676 -0.034015
v -0.014085 1.918118 -0.033588
v -0.020328 1.917676 -0.034015
v -0.026331 1.916365 -0.035280
v -0.031863 1.914238 -0.037334
v -0.036712 1.911375 -0.040098
v -0.040692 1.907887 -0.043466
v -0.043649 1.903906 -0.047308
v -0.045470 1.899587 -0.051478
v -0.046085 1.895096 -0.055814
v -0.045470 1.890605 -0.060150
v -0.043649 1.886286 -0.064320
v -0.040692 1.882306 -0.068162
v -0.036712 1.878817 -0.071530
v -0.031863 1.875954 -0.074294
v -0.026330 1.873827 -0.076348
v -0.020327 1.872517 -0.077613
v -0.062823 2.649024 -0.035222
v -0.058325 2.649467 -0.039571
v -0.053365 2.650776 -0.043181
v -0.048134 2.652905 -0.045913
v -0.042833 2.655767 -0.047662
v -0.037667 2.659256 -0.048361
v -0.032833 2.663237 -0.047983
v -0.028517 2.667554 -0.046542
v -0.024886 2.672046 -0.044094
v -0.022078 2.676538 -0.040733
v -0.020202 2.680856 -0.036588
v -0.019329 2.684836 -0.031819
v -0.019494 2.688325 -0.026608
v -0.020690 2.691187 -0.021156
v -0.022871 2.693316 -0.015672
v -0.025952 2.694625 -0.010368
v -0.029817 2.695067 -0.005446
v -0.034316 2.694625 -0.001097
v -0.039276 2.693316 0.002513
v -0.044507 2.691187 0.005245
v -0.049807 2.688325 0.006995
v -0.054974 2.684836 0.007693
v -0.059808 2.680856 0.007315
v -0.064123 2.676538 0.005875
v -0.067755 2.672046 0.003427
v -0.070563 2.667554 0.000066
v -0.072439 2.663237 -0.004079
v -0.073311 2.659256 -0.008849
v -0.073146 2.655767 -0.014060
v -0.071951 2.652905 -0.019512
v -0.069770 2.650776 -0.024996
v -0.066688 2.649467 -0.030300
v -0.058427 1.352649 0.010568
v -0.059506 1.353091 0.004405
v -0.059714 1.354401 -0.001727
v -0.059044 1.356529 -0.007590
v -0.057520 1.359392 -0.012960
v -0.055202 1.362880 -0.017629
v -0.052179 1.366861 -0.021420
v -0.048566 1.371179 -0.024186
v -0.044503 1.375671 -0.025821
v -0.040146 1.380162 -0.026261
v -0.035662 1.384481 -0.025491
v -0.031224 1.388461 -0.023539
v -0.027001 1.391949 -0.020481
v -0.023157 1.394812 -0.016434
v -0.019839 1.396940 -0.011554
v -0.017174 1.398250 -0.006028
v -0.015266 1.398692 -0.000069
v -0.014187 1.398250 0.006095
v -0.013978 1.396940 0.012226
v -0.014649 1.394812 0.018089
v -0.016172 1.391949 0.023459
v -0.018490 1.388461 0.028129
v -0.021513 1.384481 0.031920
v -0.025126 1.380162 0.034686
v -0.029189 1.375671 0.036320
v -0.033546 1.371179 0.036761
v -0.038030 1.366860 0.035990
v -0.042469 1.362881 0.034039
v -0.046691 1.359392 0.030980
v -0.050536 1.356529 0.026934
v -0.053854 1.354401 0.022053
v -0.056518 1.353091 0.016528
vn 0.0001 -0.9642 -0.2651
vn -0.0000 0.8887 -0.4584
vn 0.1679 -0.9532 -0.2515
vn 0.1678 -0.9532 -0.2515
vn 0.3284 -0.9206 -0.2113
vn 0.4743 -0.8681 -0.1463
vn 0.4743 -0.8681 -0.1462
vn 0.5992 -0.7984 -0.0590
vn -0.0000 0.8888 -0.4584
vn 0.6973 -0.7152 0.0463
vn 0.6974 -0.7152 0.0464
vn -0.0000 0.8887 -0.4585
vn 0.7648 -0.6227 0.1654
vn 0.7989 -0.5257 0.2922
vn 0.7992 -0.4291 0.4209
vn 0.7672 -0.3371 0.5457
vn 0.7061 -0.2539 0.6610
vn 0.6207 -0.1818 0.7626
vn 0.6208 -0.1818 0.7626
vn 0.5163 -0.1225 0.8476
vn 0.5163 -0.1224 0.8476
vn 0.3977 -0.0767 0.9143
vn 0.3978 -0.0766 0.9143
vn 0.2698 -0.0442 0.9619
vn 0.1362 -0.0250 0.9904
vn 0.1361 -0.0250 0.9904
vn -0.0001 0.8887 -0.4584
vn -0.0000 -0.0187 0.9998
vn 0.0001 0.8887 -0.4584
vn -0.1362 -0.0250 0.9904
vn -0.2698 -0.0442 0.9619
vn -0.2698 -0.0443 0.9619
vn -0.3977 -0.0766 0.9143
vn -0.3977 -0.0767 0.9143
vn -0.5162 -0.1225 0.8477
vn -0.5162 -0.1224 0.8477
vn -0.6206 -0.1817 0.7627
vn -0.6207 -0.1817 0.7627
vn -0.7061 -0.2538 0.6611
vn -0.7061 -0.2538 0.6610
vn -0.7672 -0.3371 0.5456
vn -0.0000 0.8888 -0.4583
vn -0.7992 -0.4290 0.4209
vn -0.7989 -0.5257 0.2923
vn -0.7989 -0.5257 0.2922
vn -0.7648 -0.6227 0.1655
vn -0.7647 -0.6227 0.1654
vn -0.6974 -0.7152 0.0464
vn -0.5993 -0.7984 -0.0590
vn -0.5992 -0.7984 -0.0590
vn -0.4743 -0.8681 -0.1462
vn -0.4742 -0.8682 -0.1462
vn -0.3285 -0.9206 -0.2113
vn -0.3283 -0.9206 -0.2113
vn -0.1680 -0.9532 -0.2515
vn -0.1679 -0.9532 -0.2515
vn -0.0000 -0.9642 -0.2651
vn -0.1968 -0.9642 -0.1776
vn -0.3404 0.8887 -0.3071
vn -0.0743 -0.9532 -0.2932
vn -0.0744 -0.9532 -0.2932
vn 0.0630 -0.9206 -0.3854
vn 0.0631 -0.9206 -0.3854
vn 0.2091 -0.8681 -0.4502
vn 0.3575 -0.7984 -0.4845
vn 0.3575 -0.7985 -0.4844
vn -0.3403 0.8887 -0.3071
vn 0.5016 -0.7152 -0.4867
vn 0.6351 -0.6227 -0.4571
vn 0.6350 -0.6227 -0.4571
vn -0.3405 0.8887 -0.3071
vn 0.7521 -0.5257 -0.3974
vn 0.7521 -0.5258 -0.3974
vn 0.8479 -0.4290 -0.3114
vn 0.8479 -0.4291 -0.3114
vn 0.9191 -0.3371 -0.2041
vn 0.9191 -0.3372 -0.2041
vn -0.3405 0.8887 -0.3072
vn 0.9638 -0.2539 -0.0815
vn 0.9821 -0.1818 0.0499
vn -0.3404 0.8887 -0.3070
vn 0.9752 -0.1225 0.1844
vn 0.9752 -0.1224 0.1844
vn 0.9453 -0.0766 0.3170
vn 0.8950 -0.0443 0.4439
vn 0.8950 -0.0442 0.4439
vn 0.8266 -0.0251 0.5622
vn 0.8266 -0.0250 0.5623
vn -0.3403 0.8887 -0.3072
vn 0.7424 -0.0186 0.6697
vn 0.6442 -0.0251 0.7645
vn 0.6441 -0.0251 0.7645
vn 0.5334 -0.0442 0.8447
vn 0.5334 -0.0443 0.8447
vn 0.4125 -0.0766 0.9077
vn 0.4124 -0.0767 0.9078
vn 0.2836 -0.1224 0.9511
vn 0.2836 -0.1225 0.9511
vn 0.1505 -0.1817 0.9718
vn 0.1505 -0.1818 0.9718
vn 0.0179 -0.2538 0.9671
vn 0.0178 -0.2538 0.9671
vn -0.1086 -0.3371 0.9352
vn -0.1087 -0.3372 0.9351
vn -0.3404 0.8887 -0.3072
vn -0.2228 -0.4290 0.8754
vn -0.3404 0.8888 -0.3070
vn -0.3182 -0.5257 0.7889
vn -0.3895 -0.6227 0.6786
vn -0.4326 -0.7152 0.5489
vn -0.4452 -0.7984 0.4054
vn -0.4452 -0.7985 0.4053
vn -0.4263 -0.8681 0.2543
vn -0.4263 -0.8681 0.2542
vn -0.3769 -0.9206 0.1024
vn -0.3769 -0.9206 0.1023
vn -0.2993 -0.9531 -0.0438
vn -0.2993 -0.9532 -0.0438
vn -0.2574 -0.9642 0.0633
vn -0.4451 0.8887 0.1097
vn -0.2844 -0.9532 -0.1027
vn -0.2838 -0.9206 -0.2682
vn -0.2838 -0.9206 -0.2683
vn -0.2555 -0.8681 -0.4256
vn -0.2007 -0.7985 -0.5676
vn -0.4451 0.8887 0.1096
vn -0.1217 -0.7152 -0.6882
vn -0.0224 -0.6228 -0.7821
vn -0.4451 0.8888 0.1097
vn 0.0925 -0.5258 -0.8456
vn 0.0925 -0.5257 -0.8456
vn 0.2175 -0.4291 -0.8767
vn -0.4452 0.8887 0.1097
vn 0.3462 -0.3371 -0.8755
vn 0.4728 -0.2538 -0.8438
vn 0.4728 -0.2539 -0.8438
vn 0.5919 -0.1818 -0.7852
vn 0.6995 -0.1225 -0.7041
vn 0.7925 -0.0767 -0.6050
vn 0.8693 -0.0443 -0.4922
vn 0.8694 -0.0442 -0.4922
vn 0.9290 -0.0251 -0.3693
vn 0.9290 -0.0250 -0.3693
vn -0.4451 0.8887 0.1098
vn 0.9708 -0.0186 -0.2394
vn 0.9708 -0.0186 -0.2393
vn 0.9942 -0.0250 -0.1048
vn 0.9942 -0.0250 -0.1047
vn 0.9985 -0.0443 0.0318
vn 0.9985 -0.0442 0.0318
vn 0.9829 -0.0766 0.1674
vn 0.9829 -0.0767 0.1674
vn 0.9466 -0.1225 0.2984
vn 0.9465 -0.1225 0.2984
vn 0.8891 -0.1817 0.4202
vn 0.8891 -0.1818 0.4202
vn 0.8108 -0.2538 0.5275
vn 0.7135 -0.3371 0.6143
vn 0.7134 -0.3371 0.6143
vn 0.6000 -0.4290 0.6752
vn 0.6000 -0.4290 0.6753
vn 0.4749 -0.5257 0.7058
vn 0.3436 -0.6227 0.7030
vn 0.2120 -0.7152 0.6660
vn 0.0861 -0.7984 0.5959
vn 0.0860 -0.7985 0.5959
vn -0.0285 -0.8681 0.4956
vn -0.1266 -0.9206 0.3695
vn -0.2040 -0.9532 0.2233
vn -0.2040 -0.9532 0.2232
vn -0.2574 -0.9642 0.0634
vn -0.0006 -0.0000 -1.0000
vn -0.0012 0.6857 -0.7279
vn 0.1405 0.6876 -0.7124
vn 0.1945 0.0072 -0.9809
vn 0.2761 0.6895 -0.6696
vn 0.3821 0.0141 -0.9240
vn 0.4007 0.6912 -0.6015
vn 0.5550 0.0205 -0.8316
vn 0.5094 0.6926 -0.5107
vn 0.7066 0.0261 -0.7072
vn 0.5984 0.6939 -0.4006
vn 0.8309 0.0307 -0.5556
vn 0.6643 0.6947 -0.2757
vn 0.9233 0.0341 -0.3827
vn 0.7049 0.6953 -0.1404
vn 0.9801 0.0362 -0.1951
vn 0.7186 0.6954 -0.0000
vn 0.9993 0.0369 -0.0000
vn 0.7049 0.6953 0.1404
vn 0.9801 0.0362 0.1951
vn 0.6644 0.6947 0.2757
vn 0.9233 0.0341 0.3827
vn 0.5984 0.6939 0.4006
vn 0.8309 0.0307 0.5556
vn 0.5094 0.6926 0.5107
vn 0.7066 0.0261 0.7072
vn 0.4007 0.6911 0.6015
vn 0.5550 0.0205 0.8316
vn 0.2761 0.6895 0.6696
vn 0.3821 0.0141 0.9240
vn 0.1405 0.6876 0.7123
vn 0.1945 0.0072 0.9809
vn -0.0012 0.6857 0.7279
vn -0.0006 -0.0000 1.0000
vn -0.1435 0.6839 0.7154
vn -0.1957 -0.0072 0.9806
vn -0.2809 0.6819 0.6753
vn -0.3832 -0.0142 0.9236
vn -0.4081 0.6802 0.6089
vn -0.5559 -0.0205 0.8310
vn -0.5199 0.6787 0.5187
vn -0.7072 -0.0261 0.7066
vn -0.6119 0.6776 0.4080
vn -0.8313 -0.0307 0.5550
vn -0.6805 0.6766 0.2813
vn -0.9234 -0.0341 0.3822
vn -0.7227 0.6761 0.1435
vn -0.9802 -0.0361 0.1948
vn -0.7370 0.6759 -0.0000
vn -0.9993 -0.0368 -0.0000
vn -0.7227 0.6761 -0.1435
vn -0.9802 -0.0361 -0.1948
vn -0.6804 0.6766 -0.2814
vn -0.9234 -0.0341 -0.3822
vn -0.6119 0.6776 -0.4080
vn -0.8312 -0.0307 -0.5551
vn -0.5199 0.6788 -0.5187
vn -0.7072 -0.0261 -0.7066
vn -0.4081 0.6802 -0.6089
vn -0.5559 -0.0205 -0.8310
vn -0.2809 0.6820 -0.6753
vn -0.3832 -0.0142 -0.9236
vn -0.1435 0.6838 -0.7154
vn -0.1957 -0.0072 -0.9806
vn -0.0012 0.6857 -0.7278
vn -0.1445 -0.6825 -0.7165
vn -0.1937 0.0043 -0.9810
vn 0.0014 -0.0001 -1.0000
vn -0.0020 -0.6857 -0.7279
vn -0.1937 -0.0043 -0.9810
vn 0.0014 0.0001 -1.0000
vn -0.1959 -0.0321 -0.9801
vn -0.0006 -0.0257 -0.9997
vn -0.1954 -0.0276 -0.9803
vn -0.0008 -0.0256 -0.9997
vn -0.1954 0.0276 -0.9803
vn -0.0008 0.0256 -0.9997
vn -0.1932 0.0231 -0.9809
vn 0.0022 0.0257 -0.9997
vn -0.2825 -0.6794 -0.6772
vn -0.3815 0.0086 -0.9243
vn -0.3815 -0.0086 -0.9243
vn -0.3835 -0.0372 -0.9228
vn -0.3826 -0.0284 -0.9235
vn -0.3826 0.0284 -0.9235
vn -0.3813 0.0196 -0.9243
vn -0.4105 -0.6766 -0.6113
vn -0.5546 0.0125 -0.8320
vn -0.5546 -0.0125 -0.8320
vn -0.5563 -0.0408 -0.8300
vn -0.5551 -0.0282 -0.8313
vn -0.5552 0.0282 -0.8313
vn -0.5547 0.0153 -0.8319
vn -0.5234 -0.6740 -0.5213
vn -0.7063 0.0159 -0.7077
vn -0.7063 -0.0159 -0.7077
vn -0.7076 -0.0429 -0.7053
vn -0.7064 -0.0269 -0.7073
vn -0.7064 0.0269 -0.7073
vn -0.7067 0.0105 -0.7074
vn -0.6164 -0.6720 -0.4105
vn -0.8309 0.0187 -0.5561
vn -0.8309 -0.0187 -0.5561
vn -0.8316 -0.0433 -0.5537
vn -0.8307 -0.0246 -0.5562
vn -0.8307 0.0246 -0.5562
vn -0.8315 0.0052 -0.5555
vn -0.6857 -0.6705 -0.2832
vn -0.9235 0.0208 -0.3831
vn -0.9235 -0.0208 -0.3831
vn -0.9237 -0.0421 -0.3808
vn -0.9232 -0.0214 -0.3837
vn -0.9232 0.0214 -0.3837
vn -0.9241 -0.0003 -0.3821
vn -0.7286 -0.6695 -0.1445
vn -0.9805 0.0221 -0.1953
vn -0.9805 -0.0221 -0.1953
vn -0.9804 -0.0392 -0.1933
vn -0.9804 -0.0173 -0.1964
vn -0.9804 0.0173 -0.1964
vn -0.9810 -0.0058 -0.1940
vn -0.7431 -0.6692 -0.0000
vn -0.9997 0.0225 -0.0000
vn -0.9997 -0.0225 -0.0000
vn -0.9994 -0.0349 0.0016
vn -0.9999 -0.0126 -0.0016
vn -0.9999 0.0126 -0.0016
vn -0.9999 -0.0110 0.0016
vn -0.7286 -0.6696 0.1445
vn -0.9805 0.0221 0.1953
vn -0.9805 -0.0221 0.1953
vn -0.9801 -0.0292 0.1964
vn -0.9811 -0.0073 0.1934
vn -0.9811 0.0073 0.1934
vn -0.9803 -0.0158 0.1970
vn -0.6857 -0.6705 0.2832
vn -0.9235 0.0208 0.3831
vn -0.9235 -0.0208 0.3831
vn -0.9232 -0.0224 0.3837
vn -0.9246 -0.0018 0.3810
vn -0.9246 0.0018 0.3810
vn -0.9228 -0.0200 0.3848
vn -0.6164 -0.6721 0.4104
vn -0.8309 0.0187 0.5561
vn -0.8309 -0.0187 0.5561
vn -0.8308 -0.0147 0.5564
vn -0.8324 0.0038 0.5541
vn -0.8324 -0.0038 0.5541
vn -0.8298 -0.0234 0.5576
vn -0.5234 -0.6740 0.5213
vn -0.7063 0.0159 0.7077
vn -0.7063 -0.0159 0.7077
vn -0.7066 -0.0065 0.7076
vn -0.7083 0.0092 0.7059
vn -0.7083 -0.0092 0.7059
vn -0.7049 -0.0259 0.7088
vn -0.4105 -0.6766 0.6113
vn -0.5546 0.0125 0.8320
vn -0.5546 -0.0125 0.8320
vn -0.5553 0.0019 0.8317
vn -0.5568 0.0143 0.8305
vn -0.5568 -0.0143 0.8305
vn -0.5531 -0.0274 0.8327
vn -0.2825 -0.6794 0.6772
vn -0.3815 0.0086 0.9243
vn -0.3815 -0.0086 0.9243
vn -0.3826 0.0103 0.9238
vn -0.3839 0.0189 0.9232
vn -0.3839 -0.0189 0.9232
vn -0.3801 -0.0279 0.9245
vn -0.1446 -0.6825 0.7165
vn -0.1937 0.0043 0.9810
vn -0.1937 -0.0043 0.9810
vn -0.1953 0.0183 0.9806
vn -0.1961 0.0227 0.9803
vn -0.1961 -0.0227 0.9803
vn -0.1926 -0.0272 0.9809
vn -0.0020 -0.6857 0.7279
vn 0.0014 -0.0001 1.0000
vn 0.0014 0.0001 1.0000
vn -0.0006 0.0256 0.9997
vn -0.0008 0.0257 0.9997
vn -0.0008 -0.0257 0.9997
vn 0.0022 -0.0256 0.9997
vn 0.1394 -0.6888 0.7114
vn 0.1964 -0.0045 0.9805
vn 0.1964 0.0045 0.9805
vn 0.1941 0.0319 0.9805
vn 0.1946 0.0276 0.9805
vn 0.1946 -0.0276 0.9805
vn 0.1969 -0.0229 0.9802
vn 0.2745 -0.6920 0.6677
vn 0.3839 -0.0087 0.9233
vn 0.3839 0.0087 0.9233
vn 0.3813 0.0370 0.9237
vn 0.3824 0.0285 0.9235
vn 0.3824 -0.0285 0.9235
vn 0.3840 -0.0194 0.9231
vn 0.3982 -0.6947 0.5990
vn 0.5565 -0.0125 0.8307
vn 0.5565 0.0125 0.8307
vn 0.5540 0.0407 0.8315
vn 0.5555 0.0283 0.8310
vn 0.5555 -0.0283 0.8310
vn 0.5563 -0.0152 0.8308
vn 0.5059 -0.6971 0.5080
vn 0.7077 -0.0159 0.7063
vn 0.7077 0.0159 0.7063
vn 0.7053 0.0428 0.7076
vn 0.7073 0.0270 0.7064
vn 0.7073 -0.0270 0.7064
vn 0.7074 -0.0104 0.7067
vn 0.5938 -0.6992 0.3981
vn 0.8318 -0.0187 0.5548
vn 0.8318 0.0187 0.5548
vn 0.8297 0.0433 0.5565
vn 0.8317 0.0247 0.5547
vn 0.8317 -0.0246 0.5547
vn 0.8314 -0.0052 0.5557
vn 0.6589 -0.7006 0.2738
vn 0.9239 -0.0208 0.3821
vn 0.9239 0.0208 0.3821
vn 0.9224 0.0422 0.3839
vn 0.9241 0.0213 0.3815
vn 0.9241 -0.0213 0.3815
vn 0.9236 0.0002 0.3833
vn 0.6988 -0.7016 0.1394
vn 0.9806 -0.0220 0.1948
vn 0.9806 0.0220 0.1948
vn 0.9797 0.0394 0.1966
vn 0.9809 0.0172 0.1937
vn 0.9809 -0.0172 0.1937
vn 0.9806 0.0056 0.1962
vn 0.7122 -0.7019 -0.0000
vn 0.9997 -0.0225 -0.0000
vn 0.9997 0.0225 -0.0000
vn 0.9994 0.0351 0.0016
vn 0.9999 0.0124 -0.0016
vn 0.9999 -0.0124 -0.0016
vn 0.9999 0.0108 0.0016
vn 0.6988 -0.7016 -0.1394
vn 0.9806 -0.0220 -0.1948
vn 0.9806 0.0220 -0.1948
vn 0.9806 0.0294 -0.1936
vn 0.9804 0.0072 -0.1968
vn 0.9804 -0.0072 -0.1968
vn 0.9811 0.0156 -0.1931
vn 0.6589 -0.7006 -0.2738
vn 0.9239 -0.0208 -0.3821
vn 0.9239 0.0208 -0.3821
vn 0.9241 0.0226 -0.3814
vn 0.9232 0.0016 -0.3843
vn 0.9232 -0.0016 -0.3843
vn 0.9246 0.0198 -0.3805
vn 0.5939 -0.6992 -0.3981
vn 0.8318 -0.0187 -0.5548
vn 0.8318 0.0187 -0.5548
vn 0.8319 0.0149 -0.5547
vn 0.8305 -0.0040 -0.5570
vn 0.8305 0.0040 -0.5570
vn 0.8327 0.0232 -0.5533
vn 0.5059 -0.6971 -0.5080
vn 0.7077 -0.0159 -0.7063
vn 0.7077 0.0159 -0.7063
vn 0.7076 0.0067 -0.7066
vn 0.7059 -0.0094 -0.7083
vn 0.7059 0.0094 -0.7083
vn 0.7088 0.0258 -0.7050
vn 0.3982 -0.6947 -0.5990
vn 0.5565 -0.0125 -0.8308
vn 0.5565 0.0125 -0.8307
vn 0.5559 -0.0019 -0.8312
vn 0.5542 -0.0145 -0.8322
vn 0.5542 0.0145 -0.8322
vn 0.5577 0.0274 -0.8296
vn 0.2745 -0.6920 -0.6677
vn 0.3839 -0.0087 -0.9233
vn 0.3839 0.0087 -0.9233
vn 0.3827 -0.0103 -0.9238
vn 0.3814 -0.0190 -0.9242
vn 0.3814 0.0190 -0.9242
vn 0.3850 0.0279 -0.9225
vn 0.1394 -0.6888 -0.7114
vn 0.1964 -0.0045 -0.9805
vn 0.1964 0.0045 -0.9805
vn 0.1948 -0.0184 -0.9807
vn 0.1940 -0.0227 -0.9807
vn 0.1940 0.0227 -0.9807
vn 0.1975 0.0274 -0.9799
vn -0.7228 0.6760 0.1436
vn -0.7228 0.6760 -0.1435
vn -0.7371 0.6758 0.0001
vn -0.6805 0.6766 0.2814
vn -0.6805 0.6766 -0.2813
vn -0.6119 0.6775 0.4081
vn -0.6120 0.6775 -0.4080
vn -0.5199 0.6787 -0.5187
vn -0.4081 0.6802 0.6090
vn -0.2809 0.6819 0.6754
vn -0.2809 0.6819 -0.6754
vn -0.1435 0.6838 0.7155
vn -0.1436 0.6838 -0.7154
vn -0.0011 0.6857 0.7279
vn 0.1405 0.6875 0.7124
vn 0.1404 0.6875 -0.7124
vn 0.2762 0.6894 0.6697
vn 0.2761 0.6894 -0.6697
vn 0.4008 0.6911 0.6015
vn 0.4007 0.6911 -0.6016
vn 0.5985 0.6938 0.4006
vn 0.5984 0.6938 -0.4007
vn 0.6644 0.6946 0.2757
vn 0.6644 0.6946 -0.2757
vn 0.7050 0.6952 0.1404
vn 0.7050 0.6952 -0.1404
vn 0.7187 0.6954 -0.0001
vn -0.7286 -0.6695 0.1445
vn -0.7431 -0.6692 -0.0001
vn -0.6858 -0.6704 -0.2832
vn -0.6858 -0.6704 0.2832
vn -0.6164 -0.6720 -0.4106
vn -0.6165 -0.6720 0.4104
vn -0.4105 -0.6765 -0.6114
vn -0.4106 -0.6765 0.6113
vn -0.1445 -0.6824 -0.7165
vn -0.1446 -0.6824 0.7165
vn -0.0019 -0.6856 -0.7280
vn -0.0020 -0.6856 0.7280
vn 0.1394 -0.6888 -0.7115
vn 0.1393 -0.6888 0.7114
vn 0.2746 -0.6919 -0.6677
vn 0.2745 -0.6919 0.6678
vn 0.5060 -0.6971 -0.5080
vn 0.5059 -0.6971 0.5081
vn 0.5939 -0.6991 -0.3982
vn 0.5939 -0.6991 0.3982
vn 0.6590 -0.7006 -0.2738
vn 0.7123 -0.7019 0.0001
vn 0.1680 -0.9532 -0.2515
vn -0.1678 -0.9532 -0.2515
vn -0.3284 -0.9206 -0.2113
vn 0.7992 -0.4290 0.4209
vn -0.7673 -0.3371 0.5456
vn 0.7062 -0.2538 0.6610
vn -0.7062 -0.2538 0.6610
vn 0.6208 -0.1817 0.7627
vn -0.5163 -0.1224 0.8476
vn 0.3977 -0.0766 0.9143
vn -0.3977 -0.0765 0.9143
vn -0.0000 -0.0186 0.9998
vn -0.4452 -0.7984 0.4053
vn -0.3895 -0.6228 0.6786
vn -0.2992 -0.9532 -0.0438
vn -0.1088 -0.3371 0.9352
vn 0.0177 -0.2538 0.9671
vn -0.0742 -0.9532 -0.2932
vn 0.2835 -0.1224 0.9511
vn 0.4124 -0.0766 0.9078
vn 0.3575 -0.7984 -0.4844
vn 0.6441 -0.0249 0.7645
vn 0.8266 -0.0249 0.5622
vn 0.8480 -0.4290 -0.3114
vn 0.8950 -0.0441 0.4439
vn 0.9453 -0.0765 0.3170
vn 0.9638 -0.2538 -0.0815
vn 0.9752 -0.1223 0.1844
vn 0.9821 -0.1817 0.0499
vn 0.2119 -0.7152 0.6660
vn 0.8890 -0.1817 0.4203
vn 0.9465 -0.1224 0.2985
vn -0.1266 -0.9206 0.3694
vn 0.9829 -0.0766 0.1675
vn 0.9985 -0.0442 0.0319
vn -0.2844 -0.9532 -0.1028
vn 0.9708 -0.0185 -0.2393
vn -0.2838 -0.9206 -0.2684
vn 0.9290 -0.0249 -0.3693
vn 0.8694 -0.0442 -0.4921
vn -0.2007 -0.7984 -0.5677
vn 0.7925 -0.0766 -0.6050
vn -0.1217 -0.7152 -0.6883
vn 0.6995 -0.1224 -0.7041
vn -0.0224 -0.6227 -0.7822
vn 0.5919 -0.1816 -0.7852
vn 0.2175 -0.4290 -0.8767
vt 1.000000 0.500000
vt 0.968750 0.000000
vt 0.968750 0.500000
vt 0.937500 0.000000
vt 0.937500 0.500000
vt 0.906250 0.000000
vt 0.906250 0.500000
vt 0.875000 0.000000
vt 0.875000 0.500000
vt 0.843750 0.000000
vt 0.843750 0.500000
vt 0.812500 0.000000
vt 0.812500 0.500000
vt 0.781250 0.000000
vt 0.781250 0.500000
vt 0.750000 0.000000
vt 0.750000 0.500000
vt 0.718750 0.000000
vt 0.718750 0.500000
vt 0.687500 0.000000
vt 0.687500 0.500000
vt 0.656250 0.000000
vt 0.656250 0.500000
vt 0.625000 0.000000
vt 0.625000 0.500000
vt 0.593750 0.000000
vt 0.593750 0.500000
vt 0.562500 0.000000
vt 0.562500 0.500000
vt 0.531250 0.000000
vt 0.531250 0.500000
vt 0.500000 0.000000
vt 0.500000 0.500000
vt 0.468750 0.000000
vt 0.468750 0.500000
vt 0.437500 0.000000
vt 0.437500 0.500000
vt 0.406250 0.000000
vt 0.406250 0.500000
vt 0.375000 0.000000
vt 0.375000 0.500000
vt 0.343750 0.000000
vt 0.343750 0.500000
vt 0.312500 0.000000
vt 0.312500 0.500000
vt 0.281250 0.000000
vt 0.281250 0.500000
vt 0.250000 0.000000
vt 0.250000 0.500000
vt 0.218750 0.000000
vt 0.218750 0.500000
vt 0.187500 0.000000
vt 0.187500 0.500000
vt 0.156250 0.000000
vt 0.156250 0.500000
vt 0.125000 0.000000
vt 0.125000 0.500000
vt 0.093750 0.000000
vt 0.093750 0.500000
vt 0.062500 0.000000
vt 0.062500 0.500000
vt 0.031250 0.000000
vt 0.031250 0.500000
vt 0.000000 0.000000
vt 0.000000 0.500000
vt 0.595000 0.125000
vt 0.595000 0.000000
vt 0.589062 0.000000
vt 0.589062 0.125000
vt 0.583125 0.000000
vt 0.583125 0.125000
vt 0.577187 0.000000
vt 0.577187 0.125000
vt 0.571250 0.000000
vt 0.571250 0.125000
vt 0.565312 0.000000
vt 0.565312 0.125000
vt 0.559375 0.000000
vt 0.559375 0.125000
vt 0.553437 0.000000
vt 0.553437 0.125000
vt 0.547500 0.000000
vt 0.547500 0.125000
vt 0.541562 0.000000
vt 0.541562 0.125000
vt 0.535625 0.000000
vt 0.535625 0.125000
vt 0.529687 0.000000
vt 0.529687 0.125000
vt 0.523750 0.000000
vt 0.523750 0.125000
vt 0.517812 0.000000
vt 0.517812 0.125000
vt 0.511875 0.000000
vt 0.511875 0.125000
vt 0.505937 0.000000
vt 0.505937 0.125000
vt 0.500000 0.125000
vt 0.494062 0.000000
vt 0.494062 0.125000
vt 0.488125 0.000000
vt 0.488125 0.125000
vt 0.482187 0.000000
vt 0.482187 0.125000
vt 0.476250 0.000000
vt 0.476250 0.125000
vt 0.470312 0.000000
vt 0.470312 0.125000
vt 0.464375 0.000000
vt 0.464375 0.125000
vt 0.458437 0.000000
vt 0.458437 0.125000
vt 0.452500 0.000000
vt 0.452500 0.125000
vt 0.446562 0.000000
vt 0.446562 0.125000
vt 0.440625 0.000000
vt 0.440625 0.125000
vt 0.434687 0.000000
vt 0.434687 0.125000
vt 0.428750 0.000000
vt 0.428750 0.125000
vt 0.422812 0.000000
vt 0.422812 0.125000
vt 0.416875 0.000000
vt 0.416875 0.125000
vt 0.410937 0.000000
vt 0.410937 0.125000
vt 0.405000 0.000000
vt 0.405000 0.125000
vt 0.410938 1.000000
vt 0.410938 0.875000
vt 0.405000 0.875000
vt 0.405000 1.000000
vt 0.410938 0.750000
vt 0.405000 0.750000
vt 0.410937 0.625000
vt 0.405000 0.625000
vt 0.410937 0.500000
vt 0.405000 0.500000
vt 0.410937 0.375000
vt 0.405000 0.375000
vt 0.410937 0.250000
vt 0.405000 0.250000
vt 0.416875 1.000000
vt 0.416875 0.875000
vt 0.416875 0.750000
vt 0.416875 0.625000
vt 0.416875 0.500000
vt 0.416875 0.375000
vt 0.416875 0.250000
vt 0.422813 1.000000
vt 0.422813 0.875000
vt 0.422813 0.750000
vt 0.422813 0.625000
vt 0.422813 0.500000
vt 0.422812 0.375000
vt 0.422812 0.250000
vt 0.428750 1.000000
vt 0.428750 0.875000
vt 0.428750 0.750000
vt 0.428750 0.625000
vt 0.428750 0.500000
vt 0.428750 0.375000
vt 0.428750 0.250000
vt 0.434688 1.000000
vt 0.434688 0.875000
vt 0.434688 0.750000
vt 0.434687 0.625000
vt 0.434687 0.500000
vt 0.434687 0.375000
vt 0.434687 0.250000
vt 0.440625 1.000000
vt 0.440625 0.875000
vt 0.440625 0.750000
vt 0.440625 0.625000
vt 0.440625 0.500000
vt 0.440625 0.375000
vt 0.440625 0.250000
vt 0.446563 1.000000
vt 0.446563 0.875000
vt 0.446563 0.750000
vt 0.446563 0.625000
vt 0.446563 0.500000
vt 0.446563 0.375000
vt 0.446562 0.250000
vt 0.452500 1.000000
vt 0.452500 0.875000
vt 0.452500 0.750000
vt 0.452500 0.625000
vt 0.452500 0.500000
vt 0.452500 0.375000
vt 0.452500 0.250000
vt 0.458438 1.000000
vt 0.458438 0.875000
vt 0.458438 0.750000
vt 0.458438 0.625000
vt 0.458437 0.500000
vt 0.458437 0.375000
vt 0.458437 0.250000
vt 0.464375 1.000000
vt 0.464375 0.875000
vt 0.464375 0.750000
vt 0.464375 0.625000
vt 0.464375 0.500000
vt 0.464375 0.375000
vt 0.464375 0.250000
vt 0.470313 1.000000
vt 0.470313 0.875000
vt 0.470313 0.750000
vt 0.470313 0.625000
vt 0.470313 0.500000
vt 0.470313 0.375000
vt 0.470312 0.250000
vt 0.476250 1.000000
vt 0.476250 0.875000
vt 0.476250 0.750000
vt 0.476250 0.625000
vt 0.476250 0.500000
vt 0.476250 0.375000
vt 0.476250 0.250000
vt 0.482188 1.000000
vt 0.482188 0.875000
vt 0.482188 0.750000
vt 0.482188 0.625000
vt 0.482188 0.500000
vt 0.482187 0.375000
vt 0.482187 0.250000
vt 0.488125 1.000000
vt 0.488125 0.875000
vt 0.488125 0.750000
vt 0.488125 0.625000
vt 0.488125 0.500000
vt 0.488125 0.375000
vt 0.488125 0.250000
vt 0.494063 1.000000
vt 0.494063 0.875000
vt 0.494063 0.750000
vt 0.494062 0.625000
vt 0.494062 0.500000
vt 0.494062 0.375000
vt 0.494062 0.250000
vt 0.500000 1.000000
vt 0.500000 0.875000
vt 0.500000 0.750000
vt 0.500000 0.625000
vt 0.500000 0.375000
vt 0.500000 0.250000
vt 0.505938 1.000000
vt 0.505938 0.875000
vt 0.505938 0.750000
vt 0.505938 0.625000
vt 0.505938 0.500000
vt 0.505938 0.375000
vt 0.505937 0.250000
vt 0.511875 1.000000
vt 0.511875 0.875000
vt 0.511875 0.750000
vt 0.511875 0.625000
vt 0.511875 0.500000
vt 0.511875 0.375000
vt 0.511875 0.250000
vt 0.517813 1.000000
vt 0.517813 0.875000
vt 0.517813 0.750000
vt 0.517812 0.625000
vt 0.517812 0.500000
vt 0.517812 0.375000
vt 0.517812 0.250000
vt 0.523750 1.000000
vt 0.523750 0.875000
vt 0.523750 0.750000
vt 0.523750 0.625000
vt 0.523750 0.500000
vt 0.523750 0.375000
vt 0.523750 0.250000
vt 0.529688 1.000000
vt 0.529688 0.875000
vt 0.529688 0.750000
vt 0.529688 0.625000
vt 0.529688 0.500000
vt 0.529688 0.375000
vt 0.529687 0.250000
vt 0.535625 1.000000
vt 0.535625 0.875000
vt 0.535625 0.750000
vt 0.535625 0.625000
vt 0.535625 0.500000
vt 0.535625 0.375000
vt 0.535625 0.250000
vt 0.541563 1.000000
vt 0.541563 0.875000
vt 0.541563 0.750000
vt 0.541563 0.625000
vt 0.541563 0.500000
vt 0.541563 0.375000
vt 0.541562 0.250000
vt 0.547500 1.000000
vt 0.547500 0.875000
vt 0.547500 0.750000
vt 0.547500 0.625000
vt 0.547500 0.500000
vt 0.547500 0.375000
vt 0.547500 0.250000
vt 0.553438 1.000000
vt 0.553438 0.875000
vt 0.553438 0.750000
vt 0.553437 0.625000
vt 0.553437 0.500000
vt 0.553437 0.375000
vt 0.553437 0.250000
vt 0.559375 1.000000
vt 0.559375 0.875000
vt 0.559375 0.750000
vt 0.559375 0.625000
vt 0.559375 0.500000
vt 0.559375 0.375000
vt 0.559375 0.250000
vt 0.565313 1.000000
vt 0.565313 0.875000
vt 0.565313 0.750000
vt 0.565313 0.625000
vt 0.565313 0.500000
vt 0.565313 0.375000
vt 0.565312 0.250000
vt 0.571250 1.000000
vt 0.571250 0.875000
vt 0.571250 0.750000
vt 0.571250 0.625000
vt 0.571250 0.500000
vt 0.571250 0.375000
vt 0.571250 0.250000
vt 0.577188 1.000000
vt 0.577188 0.875000
vt 0.577188 0.750000
vt 0.577187 0.625000
vt 0.577187 0.500000
vt 0.577187 0.375000
vt 0.577187 0.250000
vt 0.583125 1.000000
vt 0.583125 0.875000
vt 0.583125 0.750000
vt 0.583125 0.625000
vt 0.583125 0.500000
vt 0.583125 0.375000
vt 0.583125 0.250000
vt 0.589063 1.000000
vt 0.589063 0.875000
vt 0.589063 0.750000
vt 0.589063 0.625000
vt 0.589063 0.500000
vt 0.589063 0.375000
vt 0.589062 0.250000
vt 0.595000 1.000000
vt 0.595000 0.875000
vt 0.595000 0.750000
vt 0.595000 0.625000
vt 0.595000 0.500000
vt 0.595000 0.375000
vt 0.595000 0.250000
vt 0.014611 0.796821
vt 0.014612 0.703178
vt 0.010000 0.750000
vt 0.028269 0.841844
vt 0.028269 0.658156
vt 0.050447 0.883337
vt 0.050447 0.616663
vt 0.080294 0.919706
vt 0.080295 0.580294
vt 0.116663 0.949553
vt 0.116663 0.550447
vt 0.158156 0.971731
vt 0.158156 0.528269
vt 0.203178 0.985388
vt 0.203179 0.514611
vt 0.250000 0.990000
vt 0.250000 0.510000
vt 0.296822 0.985388
vt 0.296822 0.514612
vt 0.341844 0.971731
vt 0.341844 0.528269
vt 0.383337 0.949553
vt 0.383337 0.550447
vt 0.419706 0.919706
vt 0.419706 0.580294
vt 0.449553 0.883337
vt 0.449553 0.616663
vt 0.471731 0.841844
vt 0.471731 0.658156
vt 0.485388 0.796822
vt 0.485388 0.703178
vt 0.490000 0.750000
vt 0.514612 0.703178
vt 0.514611 0.796821
vt 0.510000 0.750000
vt 0.528269 0.658156
vt 0.528269 0.841844
vt 0.550447 0.616663
vt 0.550447 0.883337
vt 0.580295 0.580294
vt 0.580294 0.919706
vt 0.616663 0.550447
vt 0.616663 0.949553
vt 0.658156 0.528269
vt 0.658156 0.971731
vt 0.703179 0.514611
vt 0.703178 0.985388
vt 0.750000 0.510000
vt 0.750000 0.990000
vt 0.796822 0.514612
vt 0.796822 0.985388
vt 0.841844 0.528269
vt 0.841844 0.971731
vt 0.883337 0.550447
vt 0.883337 0.949553
vt 0.919706 0.580294
vt 0.919706 0.919706
vt 0.949553 0.616663
vt 0.949553 0.883337
vt 0.971731 0.658156
vt 0.971731 0.841844
vt 0.985388 0.703178
vt 0.985388 0.796822
vt 0.990000 0.750000
s 1
usemtl Stem
f 1006/298/866 1007/299/867 1008/300/868
f 1008/300/869 1009/301/867 1010/302/870
f 1010/302/870 1011/303/867 1012/304/871
f 1012/304/872 1013/305/867 1014/306/873
f 1014/306/873 1015/307/874 1016/308/875
f 1016/308/876 1017/309/877 1018/310/878
f 1018/310/878 1019/311/874 1020/312/879
f 1020/312/879 1021/313/867 1022/314/880
f 1022/314/880 1023/315/874 1024/316/881
f 1024/316/881 1025/317/874 1026/318/882
f 1026/318/882 1027/319/867 1028/320/883
f 1028/320/884 1029/321/867 1030/322/885
f 1030/322/886 1031/323/867 1032/324/887
f 1032/324/888 1033/325/867 1034/326/889
f 1034/326/889 1035/327/867 1036/328/890
f 1036/328/891 1037/329/892 1038/330/893
f 1038/330/893 1039/331/894 1040/332/895
f 1040/332/895 1041/333/867 1042/334/896
f 1042/334/897 1043/335/867 1044/336/898
f 1044/336/899 1045/337/867 1046/338/900
f 1046/338/901 1047/339/867 1048/340/902
f 1048/340/903 1049/341/867 1050/342/904
f 1050/342/905 1051/343/874 1052/344/906
f 1052/344/906 1053/345/907 1054/346/908
f 1054/346/908 1055/347/867 1056/348/909
f 1056/348/910 1057/349/874 1058/350/911
f 1058/350/912 1059/351/867 1060/352/913
f 1060/352/913 1061/353/874 1062/354/914
f 1062/354/915 1063/355/867 1064/356/916
f 1064/356/917 1065/357/867 1066/358/918
f 1066/358/919 1067/359/874 1068/360/920
f 1068/360/921 1069/361/867 1070/362/922
f 1071/298/923 1072/299/924 1073/300/925
f 1073/300/926 1074/301/924 1075/302/927
f 1075/302/928 1076/303/924 1077/304/929
f 1077/304/929 1078/305/924 1079/306/930
f 1079/306/931 1080/307/932 1081/308/933
f 1081/308/933 1082/309/924 1083/310/934
f 1083/310/935 1084/311/936 1085/312/937
f 1085/312/938 1086/313/924 1087/314/939
f 1087/314/940 1088/315/936 1089/316/941
f 1089/316/942 1090/317/943 1091/318/944
f 1091/318/944 1092/319/924 1093/320/945
f 1093/320/945 1094/321/946 1095/322/947
f 1095/322/948 1096/323/946 1097/324/949
f 1097/324/949 1098/325/924 1099/326/950
f 1099/326/951 1100/327/924 1101/328/952
f 1101/328/953 1102/329/954 1103/330/955
f 1103/330/955 1104/331/924 1105/332/956
f 1105/332/957 1106/333/924 1107/334/958
f 1107/334/959 1108/335/924 1109/336/960
f 1109/336/961 1110/337/932 1111/338/962
f 1111/338/963 1112/339/924 1113/340/964
f 1113/340/965 1114/341/924 1115/342/966
f 1115/342/967 1116/343/943 1117/344/968
f 1117/344/969 1118/345/970 1119/346/971
f 1119/346/971 1120/347/972 1121/348/973
f 1121/348/973 1122/349/970 1123/350/974
f 1123/350/974 1124/351/924 1125/352/975
f 1125/352/975 1126/353/970 1127/354/976
f 1127/354/977 1128/355/946 1129/356/978
f 1129/356/979 1130/357/946 1131/358/980
f 1131/358/981 1132/359/924 1133/360/982
f 1133/360/983 1134/361/924 1135/362/923
f 1136/298/984 1137/299/985 1138/300/986
f 1138/300/986 1139/301/985 1140/302/987
f 1140/302/988 1141/303/985 1142/304/989
f 1142/304/989 1143/305/985 1144/306/990
f 1144/306/990 1145/307/991 1146/308/992
f 1146/308/992 1147/309/985 1148/310/993
f 1148/310/993 1149/311/994 1150/312/995
f 1150/312/996 1151/313/985 1152/314/997
f 1152/314/997 1153/315/998 1154/316/999
f 1154/316/999 1155/317/985 1156/318/1000
f 1156/318/1001 1157/319/985 1158/320/1002
f 1158/320/1002 1159/321/985 1160/322/1003
f 1160/322/1003 1161/323/985 1162/324/1004
f 1162/324/1004 1163/325/985 1164/326/1005
f 1164/326/1006 1165/327/985 1166/328/1007
f 1166/328/1008 1167/329/1009 1168/330/1010
f 1168/330/1011 1169/331/991 1170/332/1012
f 1170/332/1013 1171/333/985 1172/334/1014
f 1172/334/1015 1173/335/985 1174/336/1016
f 1174/336/1017 1175/337/985 1176/338/1018
f 1176/338/1019 1177/339/985 1178/340/1020
f 1178/340/1021 1179/341/985 1180/342/1022
f 1180/342/1022 1181/343/994 1182/344/1023
f 1182/344/1024 1183/345/994 1184/346/1025
f 1184/346/1026 1185/347/994 1186/348/1027
f 1186/348/1027 1187/349/994 1188/350/1028
f 1188/350/1028 1189/351/985 1190/352/1029
f 1190/352/1029 1191/353/985 1192/354/1030
f 1192/354/1031 1193/355/985 1194/356/1032
f 1194/356/1032 1195/357/985 1196/358/1033
f 1196/358/1033 1197/359/985 1198/360/1034
f 1198/360/1035 1199/361/985 1200/362/1036
f 1201/363/1037 1202/364/1038 1203/365/1039
f 1201/363/1037 1203/365/1039 1204/366/1040
f 1204/366/1040 1203/365/1039 1205/367/1041
f 1204/366/1040 1205/367/1041 1206/368/1042
f 1206/368/1042 1205/367/1041 1207/369/1043
f 1206/368/1042 1207/369/1043 1208/370/1044
f 1208/370/1044 1207/369/1043 1209/371/1045
f 1208/370/1044 1209/371/1045 1210/372/1046
f 1210/372/1046 1209/371/1045 1211/373/1047
f 1210/372/1046 1211/373/1047 1212/374/1048
f 1212/374/1048 1211/373/1047 1213/375/1049
f 1212/374/1048 1213/375/1049 1214/376/1050
f 1214/376/1050 1213/375/1049 1215/377/1051
f 1214/376/1050 1215/377/1051 1216/378/1052
f 1216/378/1052 1215/377/1051 1217/379/1053
f 1216/378/1052 1217/379/1053 1218/380/1054
f 1218/380/1054 1217/379/1053 1219/381/1055
f 1218/380/1054 1219/381/1055 1220/382/1056
f 1220/382/1056 1219/381/1055 1221/383/1057
f 1220/382/1056 1221/383/1057 1222/384/1058
f 1222/384/1058 1221/383/1057 1223/385/1059
f 1222/384/1058 1223/385/1059 1224/386/1060
f 1224/386/1060 1223/385/1059 1225/387/1061
f 1224/386/1060 1225/387/1061 1226/388/1062
f 1226/388/1062 1225/387/1061 1227/389/1063
f 1226/388/1062 1227/389/1063 1228/390/1064
f 1228/390/1064 1227/389/1063 1229/391/1065
f 1228/390/1064 1229/391/1065 1230/392/1066
f 1230/392/1066 1229/391/1065 1231/393/1067
f 1230/392/1066 1231/393/1067 1232/394/1068
f 1232/394/1068 1231/393/1067 1233/329/1069
f 1232/394/1068 1233/329/1069 1234/395/1070
f 1234/395/1070 1233/329/1069 1235/396/1071
f 1234/395/1070 1235/396/1071 1236/397/1072
f 1236/397/1072 1235/396/1071 1237/398/1073
f 1236/397/1072 1237/398/1073 1238/399/1074
f 1238/399/1074 1237/398/1073 1239/400/1075
f 1238/399/1074 1239/400/1075 1240/401/1076
f 1240/401/1076 1239/400/1075 1241/402/1077
f 1240/401/1076 1241/402/1077 1242/403/1078
f 1242/403/1078 1241/402/1077 1243/404/1079
f 1242/403/1078 1243/404/1079 1244/405/1080
f 1244/405/1080 1243/404/1079 1245/406/1081
f 1244/405/1080 1245/406/1081 1246/407/1082
f 1246/407/1082 1245/406/1081 1247/408/1083
f 1246/407/1082 1247/408/1083 1248/409/1084
f 1248/409/1084 1247/408/1083 1249/410/1085
f 1248/409/1084 1249/410/1085 1250/411/1086
f 1250/411/1086 1249/410/1085 1251/412/1087
f 1250/411/1086 1251/412/1087 1252/413/1088
f 1252/413/1088 1251/412/1087 1253/414/1089
f 1252/413/1088 1253/414/1089 1254/415/1090
f 1254/415/1090 1253/414/1089 1255/416/1091
f 1254/415/1090 1255/416/1091 1256/417/1092
f 1256/417/1092 1255/416/1091 1257/418/1093
f 1256/417/1092 1257/418/1093 1258/419/1094
f 1258/419/1094 1257/418/1093 1259/420/1095
f 1258/419/1094 1259/420/1095 1260/421/1096
f 1260/421/1096 1259/420/1095 1261/422/1097
f 1260/421/1096 1261/422/1097 1262/423/1098
f 1262/423/1098 1261/422/1097 1263/424/1099
f 1262/423/1098 1263/424/1099 1264/425/1100
f 1264/425/1100 1263/424/1099 1265/426/1101
f 1264/425/1100 1265/426/1101 1266/427/1037
f 1267/428/1102 1268/429/1103 1269/430/1104
f 1267/428/1102 1269/430/1104 1270/431/1105
f 1268/429/1103 1271/432/1106 1272/433/1107
f 1268/429/1103 1272/433/1107 1269/430/1104
f 1271/432/1106 1273/434/1108 1274/435/1109
f 1271/432/1106 1274/435/1109 1272/433/1107
f 1273/434/1108 1275/436/1110 1276/437/1111
f 1273/434/1108 1276/437/1111 1274/435/1109
f 1275/436/1110 1277/438/1112 1278/439/1113
f 1275/436/1110 1278/439/1113 1276/437/1111
f 1277/438/1112 1279/440/1114 1280/441/1115
f 1277/438/1112 1280/441/1115 1278/439/1113
f 1279/440/1114 1264/425/1100 1266/427/1037
f 1279/440/1114 1266/427/1037 1280/441/1115
f 1281/442/1116 1282/443/1117 1268/429/1103
f 1281/442/1116 1268/429/1103 1267/428/1102
f 1282/443/1117 1283/444/1118 1271/432/1106
f 1282/443/1117 1271/432/1106 1268/429/1103
f 1283/444/1118 1284/445/1119 1273/434/1108
f 1283/444/1118 1273/434/1108 1271/432/1106
f 1284/445/1119 1285/446/1120 1275/436/1110
f 1284/445/1119 1275/436/1110 1273/434/1108
f 1285/446/1120 1286/447/1121 1277/438/1112
f 1285/446/1120 1277/438/1112 1275/436/1110
f 1286/447/1121 1287/448/1122 1279/440/1114
f 1286/447/1121 1279/440/1114 1277/438/1112
f 1287/448/1122 1262/423/1098 1264/425/1100
f 1287/448/1122 1264/425/1100 1279/440/1114
f 1288/449/1123 1289/450/1124 1282/443/1117
f 1288/449/1123 1282/443/1117 1281/442/1116
f 1289/450/1124 1290/451/1125 1283/444/1118
f 1289/450/1124 1283/444/1118 1282/443/1117
f 1290/451/1125 1291/452/1126 1284/445/1119
f 1290/451/1125 1284/445/1119 1283/444/1118
f 1291/452/1126 1292/453/1127 1285/446/1120
f 1291/452/1126 1285/446/1120 1284/445/1119
f 1292/453/1127 1293/454/1128 1286/447/1121
f 1292/453/1127 1286/447/1121 1285/446/1120
f 1293/454/1128 1294/455/1129 1287/448/1122
f 1293/454/1128 1287/448/1122 1286/447/1121
f 1294/455/1129 1260/421/1096 1262/423/1098
f 1294/455/1129 1262/423/1098 1287/448/1122
f 1295/456/1130 1296/457/1131 1289/450/1124
f 1295/456/1130 1289/450/1124 1288/449/1123
f 1296/457/1131 1297/458/1132 1290/451/1125
f 1296/457/1131 1290/451/1125 1289/450/1124
f 1297/458/1132 1298/459/1133 1291/452/1126
f 1297/458/1132 1291/452/1126 1290/451/1125
f 1298/459/1133 1299/460/1134 1292/453/1127
f 1298/459/1133 1292/453/1127 1291/452/1126
f 1299/460/1134 1300/461/1135 1293/454/1128
f 1299/460/1134 1293/454/1128 1292/453/1127
f 1300/461/1135 1301/462/1136 1294/455/1129
f 1300/461/1135 1294/455/1129 1293/454/1128
f 1301/462/1136 1258/419/1094 1260/421/1096
f 1301/462/1136 1260/421/1096 1294/455/1129
f 1302/463/1137 1303/464/1138 1296/457/1131
f 1302/463/1137 1296/457/1131 1295/456/1130
f 1303/464/1138 1304/465/1139 1297/458/1132
f 1303/464/1138 1297/458/1132 1296/457/1131
f 1304/465/1139 1305/466/1140 1298/459/1133
f 1304/465/1139 1298/459/1133 1297/458/1132
f 1305/466/1140 1306/467/1141 1299/460/1134
f 1305/466/1140 1299/460/1134 1298/459/1133
f 1306/467/1141 1307/468/1142 1300/461/1135
f 1306/467/1141 1300/461/1135 1299/460/1134
f 1307/468/1142 1308/469/1143 1301/462/1136
f 1307/468/1142 1301/462/1136 1300/461/1135
f 1308/469/1143 1256/417/1092 1258/419/1094
f 1308/469/1143 1258/419/1094 1301/462/1136
f 1309/470/1144 1310/471/1145 1303/464/1138
f 1309/470/1144 1303/464/1138 1302/463/1137
f 1310/471/1145 1311/472/1146 1304/465/1139
f 1310/471/1145 1304/465/1139 1303/464/1138
f 1311/472/1146 1312/473/1147 1305/466/1140
f 1311/472/1146 1305/466/1140 1304/465/1139
f 1312/473/1147 1313/474/1148 1306/467/1141
f 1312/473/1147 1306/467/1141 1305/466/1140
f 1313/474/1148 1314/475/1149 1307/468/1142
f 1313/474/1148 1307/468/1142 1306/467/1141
f 1314/475/1149 1315/476/1150 1308/469/1143
f 1314/475/1149 1308/469/1143 1307/468/1142
f 1315/476/1150 1254/415/1090 1256/417/1092
f 1315/476/1150 1256/417/1092 1308/469/1143
f 1316/477/1151 1317/478/1152 1310/471/1145
f 1316/477/1151 1310/471/1145 1309/470/1144
f 1317/478/1152 1318/479/1153 1311/472/1146
f 1317/478/1152 1311/472/1146 1310/471/1145
f 1318/479/1153 1319/480/1154 1312/473/1147
f 1318/479/1153 1312/473/1147 1311/472/1146
f 1319/480/1154 1320/481/1155 1313/474/1148
f 1319/480/1154 1313/474/1148 1312/473/1147
f 1320/481/1155 1321/482/1156 1314/475/1149
f 1320/481/1155 1314/475/1149 1313/474/1148
f 1321/482/1156 1322/483/1157 1315/476/1150
f 1321/482/1156 1315/476/1150 1314/475/1149
f 1322/483/1157 1252/413/1088 1254/415/1090
f 1322/483/1157 1254/415/1090 1315/476/1150
f 1323/484/1158 1324/485/1159 1317/478/1152
f 1323/484/1158 1317/478/1152 1316/477/1151
f 1324/485/1159 1325/486/1160 1318/479/1153
f 1324/485/1159 1318/479/1153 1317/478/1152
f 1325/486/1160 1326/487/1161 1319/480/1154
f 1325/486/1160 1319/480/1154 1318/479/1153
f 1326/487/1161 1327/488/1162 1320/481/1155
f 1326/487/1161 1320/481/1155 1319/480/1154
f 1327/488/1162 1328/489/1163 1321/482/1156
f 1327/488/1162 1321/482/1156 1320/481/1155
f 1328/489/1163 1329/490/1164 1322/483/1157
f 1328/489/1163 1322/483/1157 1321/482/1156
f 1329/490/1164 1250/411/1086 1252/413/1088
f 1329/490/1164 1252/413/1088 1322/483/1157
f 1330/491/1165 1331/492/1166 1324/485/1159
f 1330/491/1165 1324/485/1159 1323/484/1158
f 1331/492/1166 1332/493/1167 1325/486/1160
f 1331/492/1166 1325/486/1160 1324/485/1159
f 1332/493/1167 1333/494/1168 1326/487/1161
f 1332/493/1167 1326/487/1161 1325/486/1160
f 1333/494/1168 1334/495/1169 1327/488/1162
f 1333/494/1168 1327/488/1162 1326/487/1161
f 1334/495/1169 1335/496/1170 1328/489/1163
f 1334/495/1169 1328/489/1163 1327/488/1162
f 1335/496/1170 1336/497/1171 1329/490/1164
f 1335/496/1170 1329/490/1164 1328/489/1163
f 1336/497/1171 1248/409/1084 1250/411/1086
f 1336/497/1171 1250/411/1086 1329/490/1164
f 1337/498/1172 1338/499/1173 1331/492/1166
f 1337/498/1172 1331/492/1166 1330/491/1165
f 1338/499/1173 1339/500/1174 1332/493/1167
f 1338/499/1173 1332/493/1167 1331/492/1166
f 1339/500/1174 1340/501/1175 1333/494/1168
f 1339/500/1174 1333/494/1168 1332/493/1167
f 1340/501/1175 1341/502/1176 1334/495/1169
f 1340/501/1175 1334/495/1169 1333/494/1168
f 1341/502/1176 1342/503/1177 1335/496/1170
f 1341/502/1176 1335/496/1170 1334/495/1169
f 1342/503/1177 1343/504/1178 1336/497/1171
f 1342/503/1177 1336/497/1171 1335/496/1170
f 1343/504/1178 1246/407/1082 1248/409/1084
f 1343/504/1178 1248/409/1084 1336/497/1171
f 1344/505/1179 1345/506/1180 1338/499/1173
f 1344/505/1179 1338/499/1173 1337/498/1172
f 1345/506/1180 1346/507/1181 1339/500/1174
f 1345/506/1180 1339/500/1174 1338/499/1173
f 1346/507/1181 1347/508/1182 1340/501/1175
f 1346/507/1181 1340/501/1175 1339/500/1174
f 1347/508/1182 1348/509/1183 1341/502/1176
f 1347/508/1182 1341/502/1176 1340/501/1175
f 1348/509/1183 1349/510/1184 1342/503/1177
f 1348/509/1183 1342/503/1177 1341/502/1176
f 1349/510/1184 1350/511/1185 1343/504/1178
f 1349/510/1184 1343/504/1178 1342/503/1177
f 1350/511/1185 1244/405/1080 1246/407/1082
f 1350/511/1185 1246/407/1082 1343/504/1178
f 1351/512/1186 1352/513/1187 1345/506/1180
f 1351/512/1186 1345/506/1180 1344/505/1179
f 1352/513/1187 1353/514/1188 1346/507/1181
f 1352/513/1187 1346/507/1181 1345/506/1180
f 1353/514/1188 1354/515/1189 1347/508/1182
f 1353/514/1188 1347/508/1182 1346/507/1181
f 1354/515/1189 1355/516/1190 1348/509/1183
f 1354/515/1189 1348/509/1183 1347/508/1182
f 1355/516/1190 1356/517/1191 1349/510/1184
f 1355/516/1190 1349/510/1184 1348/509/1183
f 1356/517/1191 1357/518/1192 1350/511/1185
f 1356/517/1191 1350/511/1185 1349/510/1184
f 1357/518/1192 1242/403/1078 1244/405/1080
f 1357/518/1192 1244/405/1080 1350/511/1185
f 1358/519/1193 1359/520/1194 1352/513/1187
f 1358/519/1193 1352/513/1187 1351/512/1186
f 1359/520/1194 1360/521/1195 1353/514/1188
f 1359/520/1194 1353/514/1188 1352/513/1187
f 1360/521/1195 1361/522/1196 1354/515/1189
f 1360/521/1195 1354/515/1189 1353/514/1188
f 1361/522/1196 1362/523/1197 1355/516/1190
f 1361/522/1196 1355/516/1190 1354/515/1189
f 1362/523/1197 1363/524/1198 1356/517/1191
f 1362/523/1197 1356/517/1191 1355/516/1190
f 1363/524/1198 1364/525/1199 1357/518/1192
f 1363/524/1198 1357/518/1192 1356/517/1191
f 1364/525/1199 1240/401/1076 1242/403/1078
f 1364/525/1199 1242/403/1078 1357/518/1192
f 1365/526/1200 1366/527/1201 1359/520/1194
f 1365/526/1200 1359/520/1194 1358/519/1193
f 1366/527/1201 1367/528/1202 1360/521/1195
f 1366/527/1201 1360/521/1195 1359/520/1194
f 1367/528/1202 1368/529/1203 1361/522/1196
f 1367/528/1202 1361/522/1196 1360/521/1195
f 1368/529/1203 1369/530/1204 1362/523/1197
f 1368/529/1203 1362/523/1197 1361/522/1196
f 1369/530/1204 1370/531/1205 1363/524/1198
f 1369/530/1204 1363/524/1198 1362/523/1197
f 1370/531/1205 1371/532/1206 1364/525/1199
f 1370/531/1205 1364/525/1199 1363/524/1198
f 1371/532/1206 1238/399/1074 1240/401/1076
f 1371/532/1206 1240/401/1076 1364/525/1199
f 1372/533/1207 1373/534/1208 1366/527/1201
f 1372/533/1207 1366/527/1201 1365/526/1200
f 1373/534/1208 1374/535/1209 1367/528/1202
f 1373/534/1208 1367/528/1202 1366/527/1201
f 1374/535/1209 1375/536/1210 1368/529/1203
f 1374/535/1209 1368/529/1203 1367/528/1202
f 1375/536/1210 1376/537/1211 1369/530/1204
f 1375/536/1210 1369/530/1204 1368/529/1203
f 1376/537/1211 1377/538/1212 1370/531/1205
f 1376/537/1211 1370/531/1205 1369/530/1204
f 1377/538/1212 1378/539/1213 1371/532/1206
f 1377/538/1212 1371/532/1206 1370/531/1205
f 1378/539/1213 1236/397/1072 1238/399/1074
f 1378/539/1213 1238/399/1074 1371/532/1206
f 1379/540/1214 1380/541/1215 1373/534/1208
f 1379/540/1214 1373/534/1208 1372/533/1207
f 1380/541/1215 1381/542/1216 1374/535/1209
f 1380/541/1215 1374/535/1209 1373/534/1208
f 1381/542/1216 1382/543/1217 1375/536/1210
f 1381/542/1216 1375/536/1210 1374/535/1209
f 1382/543/1217 1383/330/1218 1376/537/1211
f 1382/543/1217 1376/537/1211 1375/536/1210
f 1383/330/1218 1384/544/1219 1377/538/1212
f 1383/330/1218 1377/538/1212 1376/537/1211
f 1384/544/1219 1385/545/1220 1378/539/1213
f 1384/544/1219 1378/539/1213 1377/538/1212
f 1385/545/1220 1234/395/1070 1236/397/1072
f 1385/545/1220 1236/397/1072 1378/539/1213
f 1386/546/1221 1387/547/1222 1380/541/1215
f 1386/546/1221 1380/541/1215 1379/540/1214
f 1387/547/1222 1388/548/1223 1381/542/1216
f 1387/547/1222 1381/542/1216 1380/541/1215
f 1388/548/1223 1389/549/1224 1382/543/1217
f 1388/548/1223 1382/543/1217 1381/542/1216
f 1389/549/1224 1390/550/1225 1383/330/1218
f 1389/549/1224 1383/330/1218 1382/543/1217
f 1390/550/1225 1391/551/1226 1384/544/1219
f 1390/550/1225 1384/544/1219 1383/330/1218
f 1391/551/1226 1392/552/1227 1385/545/1220
f 1391/551/1226 1385/545/1220 1384/544/1219
f 1392/552/1227 1232/394/1068 1234/395/1070
f 1392/552/1227 1234/395/1070 1385/545/1220
f 1393/553/1228 1394/554/1229 1387/547/1222
f 1393/553/1228 1387/547/1222 1386/546/1221
f 1394/554/1229 1395/555/1230 1388/548/1223
f 1394/554/1229 1388/548/1223 1387/547/1222
f 1395/555/1230 1396/556/1231 1389/549/1224
f 1395/555/1230 1389/549/1224 1388/548/1223
f 1396/556/1231 1397/557/1232 1390/550/1225
f 1396/556/1231 1390/550/1225 1389/549/1224
f 1397/557/1232 1398/558/1233 1391/551/1226
f 1397/557/1232 1391/551/1226 1390/550/1225
f 1398/558/1233 1399/559/1234 1392/552/1227
f 1398/558/1233 1392/552/1227 1391/551/1226
f 1399/559/1234 1230/392/1066 1232/394/1068
f 1399/559/1234 1232/394/1068 1392/552/1227
f 1400/560/1235 1401/561/1236 1394/554/1229
f 1400/560/1235 1394/554/1229 1393/553/1228
f 1401/561/1236 1402/562/1237 1395/555/1230
f 1401/561/1236 1395/555/1230 1394/554/1229
f 1402/562/1237 1403/563/1238 1396/556/1231
f 1402/562/1237 1396/556/1231 1395/555/1230
f 1403/563/1238 1404/564/1239 1397/557/1232
f 1403/563/1238 1397/557/1232 1396/556/1231
f 1404/564/1239 1405/565/1240 1398/558/1233
f 1404/564/1239 1398/558/1233 1397/557/1232
f 1405/565/1240 1406/566/1241 1399/559/1234
f 1405/565/1240 1399/559/1234 1398/558/1233
f 1406/566/1241 1228/390/1064 1230/392/1066
f 1406/566/1241 1230/392/1066 1399/559/1234
f 1407/567/1242 1408/568/1243 1401/561/1236
f 1407/567/1242 1401/561/1236 1400/560/1235
f 1408/568/1243 1409/569/1244 1402/562/1237
f 1408/568/1243 1402/562/1237 1401/561/1236
f 1409/569/1244 1410/570/1245 1403/563/1238
f 1409/569/1244 1403/563/1238 1402/562/1237
f 1410/570/1245 1411/571/1246 1404/564/1239
f 1410/570/1245 1404/564/1239 1403/563/1238
f 1411/571/1246 1412/572/1247 1405/565/1240
f 1411/571/1246 1405/565/1240 1404/564/1239
f 1412/572/1247 1413/573/1248 1406/566/1241
f 1412/572/1247 1406/566/1241 1405/565/1240
f 1413/573/1248 1226/388/1062 1228/390/1064
f 1413/573/1248 1228/390/1064 1406/566/1241
f 1414/574/1249 1415/575/1250 1408/568/1243
f 1414/574/1249 1408/568/1243 1407/567/1242
f 1415/575/1250 1416/576/1251 1409/569/1244
f 1415/575/1250 1409/569/1244 1408/568/1243
f 1416/576/1251 1417/577/1252 1410/570/1245
f 1416/576/1251 1410/570/1245 1409/569/1244
f 1417/577/1252 1418/578/1253 1411/571/1246
f 1417/577/1252 1411/571/1246 1410/570/1245
f 1418/578/1253 1419/579/1254 1412/572/1247
f 1418/578/1253 1412/572/1247 1411/571/1246
f 1419/579/1254 1420/580/1255 1413/573/1248
f 1419/579/1254 1413/573/1248 1412/572/1247
f 1420/580/1255 1224/386/1060 1226/388/1062
f 1420/580/1255 1226/388/1062 1413/573/1248
f 1421/581/1256 1422/582/1257 1415/575/1250
f 1421/581/1256 1415/575/1250 1414/574/1249
f 1422/582/1257 1423/583/1258 1416/576/1251
f 1422/582/1257 1416/576/1251 1415/575/1250
f 1423/583/1258 1424/584/1259 1417/577/1252
f 1423/583/1258 1417/577/1252 1416/576/1251
f 1424/584/1259 1425/585/1260 1418/578/1253
f 1424/584/1259 1418/578/1253 1417/577/1252
f 1425/585/1260 1426/586/1261 1419/579/1254
f 1425/585/1260 1419/579/1254 1418/578/1253
f 1426/586/1261 1427/587/1262 1420/580/1255
f 1426/586/1261 1420/580/1255 1419/579/1254
f 1427/587/1262 1222/384/1058 1224/386/1060
f 1427/587/1262 1224/386/1060 1420/580/1255
f 1428/588/1263 1429/589/1264 1422/582/1257
f 1428/588/1263 1422/582/1257 1421/581/1256
f 1429/589/1264 1430/590/1265 1423/583/1258
f 1429/589/1264 1423/583/1258 1422/582/1257
f 1430/590/1265 1431/591/1266 1424/584/1259
f 1430/590/1265 1424/584/1259 1423/583/1258
f 1431/591/1266 1432/592/1267 1425/585/1260
f 1431/591/1266 1425/585/1260 1424/584/1259
f 1432/592/1267 1433/593/1268 1426/586/1261
f 1432/592/1267 1426/586/1261 1425/585/1260
f 1433/593/1268 1434/594/1269 1427/587/1262
f 1433/593/1268 1427/587/1262 1426/586/1261
f 1434/594/1269 1220/382/1056 1222/384/1058
f 1434/594/1269 1222/384/1058 1427/587/1262
f 1435/595/1270 1436/596/1271 1429/589/1264
f 1435/595/1270 1429/589/1264 1428/588/1263
f 1436/596/1271 1437/597/1272 1430/590/1265
f 1436/596/1271 1430/590/1265 1429/589/1264
f 1437/597/1272 1438/598/1273 1431/591/1266
f 1437/597/1272 1431/591/1266 1430/590/1265
f 1438/598/1273 1439/599/1274 1432/592/1267
f 1438/598/1273 1432/592/1267 1431/591/1266
f 1439/599/1274 1440/600/1275 1433/593/1268
f 1439/599/1274 1433/593/1268 1432/592/1267
f 1440/600/1275 1441/601/1276 1434/594/1269
f 1440/600/1275 1434/594/1269 1433/593/1268
f 1441/601/1276 1218/380/1054 1220/382/1056
f 1441/601/1276 1220/382/1056 1434/594/1269
f 1442/602/1277 1443/603/1278 1436/596/1271
f 1442/602/1277 1436/596/1271 1435/595/1270
f 1443/603/1278 1444/604/1279 1437/597/1272
f 1443/603/1278 1437/597/1272 1436/596/1271
f 1444/604/1279 1445/605/1280 1438/598/1273
f 1444/604/1279 1438/598/1273 1437/597/1272
f 1445/605/1280 1446/606/1281 1439/599/1274
f 1445/605/1280 1439/599/1274 1438/598/1273
f 1446/606/1281 1447/607/1282 1440/600/1275
f 1446/606/1281 1440/600/1275 1439/599/1274
f 1447/607/1282 1448/608/1283 1441/601/1276
f 1447/607/1282 1441/601/1276 1440/600/1275
f 1448/608/1283 1216/378/1052 1218/380/1054
f 1448/608/1283 1218/380/1054 1441/601/1276
f 1449/609/1284 1450/610/1285 1443/603/1278
f 1449/609/1284 1443/603/1278 1442/602/1277
f 1450/610/1285 1451/611/1286 1444/604/1279
f 1450/610/1285 1444/604/1279 1443/603/1278
f 1451/611/1286 1452/612/1287 1445/605/1280
f 1451/611/1286 1445/605/1280 1444/604/1279
f 1452/612/1287 1453/613/1288 1446/606/1281
f 1452/612/1287 1446/606/1281 1445/605/1280
f 1453/613/1288 1454/614/1289 1447/607/1282
f 1453/613/1288 1447/607/1282 1446/606/1281
f 1454/614/1289 1455/615/1290 1448/608/1283
f 1454/614/1289 1448/608/1283 1447/607/1282
f 1455/615/1290 1214/376/1050 1216/378/1052
f 1455/615/1290 1216/378/1052 1448/608/1283
f 1456/616/1291 1457/617/1292 1450/610/1285
f 1456/616/1291 1450/610/1285 1449/609/1284
f 1457/617/1292 1458/618/1293 1451/611/1286
f 1457/617/1292 1451/611/1286 1450/610/1285
f 1458/618/1293 1459/619/1294 1452/612/1287
f 1458/618/1293 1452/612/1287 1451/611/1286
f 1459/619/1294 1460/620/1295 1453/613/1288
f 1459/619/1294 1453/613/1288 1452/612/1287
f 1460/620/1295 1461/621/1296 1454/614/1289
f 1460/620/1295 1454/614/1289 1453/613/1288
f 1461/621/1296 1462/622/1297 1455/615/1290
f 1461/621/1296 1455/615/1290 1454/614/1289
f 1462/622/1297 1212/374/1048 1214/376/1050
f 1462/622/1297 1214/376/1050 1455/615/1290
f 1463/623/1298 1464/624/1299 1457/617/1292
f 1463/623/1298 1457/617/1292 1456/616/1291
f 1464/624/1299 1465/625/1300 1458/618/1293
f 1464/624/1299 1458/618/1293 1457/617/1292
f 1465/625/1300 1466/626/1301 1459/619/1294
f 1465/625/1300 1459/619/1294 1458/618/1293
f 1466/626/1301 1467/627/1302 1460/620/1295
f 1466/626/1301 1460/620/1295 1459/619/1294
f 1467/627/1302 1468/628/1303 1461/621/1296
f 1467/627/1302 1461/621/1296 1460/620/1295
f 1468/628/1303 1469/629/1304 1462/622/1297
f 1468/628/1303 1462/622/1297 1461/621/1296
f 1469/629/1304 1210/372/1046 1212/374/1048
f 1469/629/1304 1212/374/1048 1462/622/1297
f 1470/630/1305 1471/631/1306 1464/624/1299
f 1470/630/1305 1464/624/1299 1463/623/1298
f 1471/631/1306 1472/632/1307 1465/625/1300
f 1471/631/1306 1465/625/1300 1464/624/1299
f 1472/632/1307 1473/633/1308 1466/626/1301
f 1472/632/1307 1466/626/1301 1465/625/1300
f 1473/633/1308 1474/634/1309 1467/627/1302
f 1473/633/1308 1467/627/1302 1466/626/1301
f 1474/634/1309 1475/635/1310 1468/628/1303
f 1474/634/1309 1468/628/1303 1467/627/1302
f 1475/635/1310 1476/636/1311 1469/629/1304
f 1475/635/1310 1469/629/1304 1468/628/1303
f 1476/636/1311 1208/370/1044 1210/372/1046
f 1476/636/1311 1210/372/1046 1469/629/1304
f 1477/637/1312 1478/638/1313 1471/631/1306
f 1477/637/1312 1471/631/1306 1470/630/1305
f 1478/638/1313 1479/639/1314 1472/632/1307
f 1478/638/1313 1472/632/1307 1471/631/1306
f 1479/639/1314 1480/640/1315 1473/633/1308
f 1479/639/1314 1473/633/1308 1472/632/1307
f 1480/640/1315 1481/641/1316 1474/634/1309
f 1480/640/1315 1474/634/1309 1473/633/1308
f 1481/641/1316 1482/642/1317 1475/635/1310
f 1481/641/1316 1475/635/1310 1474/634/1309
f 1482/642/1317 1483/643/1318 1476/636/1311
f 1482/642/1317 1476/636/1311 1475/635/1310
f 1483/643/1318 1206/368/1042 1208/370/1044
f 1483/643/1318 1208/370/1044 1476/636/1311
f 1484/644/1319 1485/645/1320 1478/638/1313
f 1484/644/1319 1478/638/1313 1477/637/1312
f 1485/645/1320 1486/646/1321 1479/639/1314
f 1485/645/1320 1479/639/1314 1478/638/1313
f 1486/646/1321 1487/647/1322 1480/640/1315
f 1486/646/1321 1480/640/1315 1479/639/1314
f 1487/647/1322 1488/648/1323 1481/641/1316
f 1487/647/1322 1481/641/1316 1480/640/1315
f 1488/648/1323 1489/649/1324 1482/642/1317
f 1488/648/1323 1482/642/1317 1481/641/1316
f 1489/649/1324 1490/650/1325 1483/643/1318
f 1489/649/1324 1483/643/1318 1482/642/1317
f 1490/650/1325 1204/366/1040 1206/368/1042
f 1490/650/1325 1206/368/1042 1483/643/1318
f 1491/651/1105 1492/652/1104 1485/645/1320
f 1491/651/1105 1485/645/1320 1484/644/1319
f 1492/652/1104 1493/653/1107 1486/646/1321
f 1492/652/1104 1486/646/1321 1485/645/1320
f 1493/653/1107 1494/654/1109 1487/647/1322
f 1493/653/1107 1487/647/1322 1486/646/1321
f 1494/654/1109 1495/655/1111 1488/648/1323
f 1494/654/1109 1488/648/1323 1487/647/1322
f 1495/655/1111 1496/656/1113 1489/649/1324
f 1495/655/1111 1489/649/1324 1488/648/1323
f 1496/656/1113 1497/657/1115 1490/650/1325
f 1496/656/1113 1490/650/1325 1489/649/1324
f 1497/657/1115 1201/363/1037 1204/366/1040
f 1497/657/1115 1204/366/1040 1490/650/1325
f 1508/658/1326 1506/659/1327 1507/660/1328
f 1506/659/1327 1508/658/1326 1509/661/1329
f 1506/659/1327 1509/661/1329 1505/662/1330
f 1505/662/1330 1509/661/1329 1510/663/1331
f 1505/662/1330 1510/663/1331 1504/664/1332
f 1504/664/1332 1510/663/1331 1511/665/1077
f 1504/664/1332 1511/665/1077 1503/666/1333
f 1503/666/1333 1511/665/1077 1512/667/1334
f 1503/666/1333 1512/667/1334 1502/668/1095
f 1502/668/1095 1512/667/1334 1513/669/1335
f 1502/668/1095 1513/669/1335 1501/670/1336
f 1501/670/1336 1513/669/1335 1514/671/1337
f 1501/670/1336 1514/671/1337 1500/672/1338
f 1500/672/1338 1514/671/1337 1515/673/1339
f 1500/672/1338 1515/673/1339 1499/674/1038
f 1499/674/1038 1515/673/1339 1516/675/1340
f 1499/674/1038 1516/675/1340 1498/676/1341
f 1498/676/1341 1516/675/1340 1517/677/1342
f 1498/676/1341 1517/677/1342 1529/678/1343
f 1529/678/1343 1517/677/1342 1518/679/1344
f 1529/678/1343 1518/679/1344 1528/680/1345
f 1528/680/1345 1518/679/1344 1519/681/1061
f 1528/680/1345 1519/681/1061 1527/682/1045
f 1527/682/1045 1519/681/1061 1520/683/1346
f 1527/682/1045 1520/683/1346 1526/684/1347
f 1526/684/1347 1520/683/1346 1521/685/1348
f 1526/684/1347 1521/685/1348 1525/686/1349
f 1525/686/1349 1521/685/1348 1522/687/1350
f 1525/686/1349 1522/687/1350 1524/688/1351
f 1524/688/1351 1522/687/1350 1523/689/1352
f 1555/690/1151 1553/691/1353 1554/692/1354
f 1553/691/1353 1555/690/1151 1556/693/1355
f 1553/691/1353 1556/693/1355 1552/694/1356
f 1552/694/1356 1556/693/1355 1557/695/1357
f 1552/694/1356 1557/695/1357 1551/696/1358
f 1551/696/1358 1557/695/1357 1558/697/1130
f 1551/696/1358 1558/697/1130 1550/698/1186
f 1550/698/1186 1558/697/1130 1559/699/1359
f 1550/698/1186 1559/699/1359 1549/700/1360
f 1549/700/1360 1559/699/1359 1560/701/1116
f 1549/700/1360 1560/701/1116 1548/702/1200
f 1548/702/1200 1560/701/1116 1561/703/1361
f 1548/702/1200 1561/703/1361 1547/704/1362
f 1547/704/1362 1561/703/1361 1530/705/1363
f 1547/704/1362 1530/705/1363 1546/706/1364
f 1546/706/1364 1530/705/1363 1531/707/1365
f 1546/706/1364 1531/707/1365 1545/708/1366
f 1545/708/1366 1531/707/1365 1532/709/1367
f 1545/708/1366 1532/709/1367 1544/710/1368
f 1544/710/1368 1532/709/1367 1533/711/1305
f 1544/710/1368 1533/711/1305 1543/712/1235
f 1543/712/1235 1533/711/1305 1534/713/1369
f 1543/712/1235 1534/713/1369 1542/714/1370
f 1542/714/1370 1534/713/1369 1535/715/1371
f 1542/714/1370 1535/715/1371 1541/716/1372
f 1541/716/1372 1535/715/1371 1536/717/1373
f 1541/716/1372 1536/717/1373 1540/718/1256
f 1540/718/1256 1536/717/1373 1537/719/1277
f 1540/718/1256 1537/719/1277 1539/720/1263
f 1539/720/1263 1537/719/1277 1538/721/1374
f 1563/707/1375 1593/703/1376 1562/705/866
f 1593/703/1376 1563/707/1375 1564/709/870
f 1593/703/1376 1564/709/870 1592/701/1377
f 1592/701/1377 1564/709/870 1565/711/872
f 1592/701/1377 1565/711/872 1591/699/917
f 1591/699/917 1565/711/872 1566/713/873
f 1591/699/917 1566/713/873 1590/697/915
f 1590/697/915 1566/713/873 1567/715/876
f 1590/697/915 1567/715/876 1589/695/913
f 1589/695/913 1567/715/876 1568/717/878
f 1589/695/913 1568/717/878 1588/693/912
f 1588/693/912 1568/717/878 1569/719/879
f 1588/693/912 1569/719/879 1587/690/910
f 1587/690/910 1569/719/879 1570/721/1378
f 1587/690/910 1570/721/1378 1586/692/908
f 1586/692/908 1570/721/1378 1571/720/881
f 1586/692/908 1571/720/881 1585/691/1379
f 1585/691/1379 1571/720/881 1572/718/1380
f 1585/691/1379 1572/718/1380 1584/694/1381
f 1584/694/1381 1572/718/1380 1573/716/1382
f 1584/694/1381 1573/716/1382 1583/696/903
f 1583/696/903 1573/716/1382 1574/714/886
f 1583/696/903 1574/714/886 1582/698/1383
f 1582/698/1383 1574/714/886 1575/712/1384
f 1582/698/1383 1575/712/1384 1581/700/1385
f 1581/700/1385 1575/712/1384 1576/710/889
f 1581/700/1385 1576/710/889 1580/702/896
f 1580/702/896 1576/710/889 1577/708/890
f 1580/702/896 1577/708/890 1579/704/895
f 1579/704/895 1577/708/890 1578/706/1386
f 1622/697/1387 1620/693/1388 1621/695/975
f 1620/693/1388 1622/697/1387 1623/699/979
f 1620/693/1388 1623/699/979 1619/690/973
f 1619/690/973 1623/699/979 1624/701/981
f 1619/690/973 1624/701/981 1618/692/971
f 1618/692/971 1624/701/981 1625/703/1389
f 1618/692/971 1625/703/1389 1617/691/1390
f 1617/691/1390 1625/703/1389 1594/705/923
f 1617/691/1390 1594/705/923 1616/694/1391
f 1616/694/1391 1594/705/923 1595/707/1392
f 1616/694/1391 1595/707/1392 1615/696/964
f 1615/696/964 1595/707/1392 1596/709/928
f 1615/696/964 1596/709/928 1614/698/1393
f 1614/698/1393 1596/709/928 1597/711/929
f 1614/698/1393 1597/711/929 1613/700/1394
f 1613/700/1394 1597/711/929 1598/713/1395
f 1613/700/1394 1598/713/1395 1612/702/958
f 1612/702/958 1598/713/1395 1599/715/933
f 1612/702/958 1599/715/933 1611/704/1396
f 1611/704/1396 1599/715/933 1600/717/934
f 1611/704/1396 1600/717/934 1610/706/955
f 1610/706/955 1600/717/934 1601/719/937
f 1610/706/955 1601/719/937 1609/708/1397
f 1609/708/1397 1601/719/937 1602/721/1398
f 1609/708/1397 1602/721/1398 1608/710/1399
f 1608/710/1399 1602/721/1398 1603/720/941
f 1608/710/1399 1603/720/941 1607/712/1400
f 1607/712/1400 1603/720/941 1604/718/1401
f 1607/712/1400 1604/718/1401 1606/714/1402
f 1606/714/1402 1604/718/1401 1605/716/1403
f 1652/693/1028 1650/692/1026 1651/690/1027
f 1650/692/1026 1652/693/1028 1649/691/1024
f 1649/691/1024 1652/693/1028 1653/695/1404
f 1649/691/1024 1653/695/1404 1648/694/1022
f 1648/694/1022 1653/695/1404 1654/697/1030
f 1648/694/1022 1654/697/1030 1647/696/1405
f 1647/696/1405 1654/697/1030 1655/699/1032
f 1647/696/1405 1655/699/1032 1646/698/1406
f 1646/698/1406 1655/699/1032 1656/701/1407
f 1646/698/1406 1656/701/1407 1645/700/1408
f 1645/700/1408 1656/701/1407 1657/703/1035
f 1645/700/1408 1657/703/1035 1644/702/1409
f 1644/702/1409 1657/703/1035 1626/705/1036
f 1644/702/1409 1626/705/1036 1643/704/1013
f 1643/704/1013 1626/705/1036 1627/707/1410
f 1643/704/1013 1627/707/1410 1642/706/1411
f 1642/706/1411 1627/707/1410 1628/709/1412
f 1642/706/1411 1628/709/1412 1641/708/1413
f 1641/708/1413 1628/709/1412 1629/711/989
f 1641/708/1413 1629/711/989 1640/710/1414
f 1640/710/1414 1629/711/989 1630/713/1415
f 1640/710/1414 1630/713/1415 1639/712/1416
f 1639/712/1416 1630/713/1415 1631/715/1417
f 1639/712/1416 1631/715/1417 1638/714/1418
f 1638/714/1418 1631/715/1417 1632/717/1419
f 1638/714/1418 1632/717/1419 1637/716/1420
f 1637/716/1420 1632/717/1419 1633/719/996
f 1637/716/1420 1633/719/996 1636/718/1000
f 1636/718/1000 1633/719/996 1634/721/1421
f 1636/718/1000 1634/721/1421 1635/720/999
