# Blender 4.5.4 LTS
# www.blender.org
mtllib butterfly_body.mtl
o 0
v 1.432510 -35.263592 -3.478982
v 2.441630 -34.650261 -2.567770
v 2.287190 -34.494011 -2.548721
v 1.432510 -35.263592 -3.478982
v 1.587600 -35.420753 -3.499701
v 2.441630 -34.650261 -2.567770
v 2.287190 -34.494011 -2.548721
v 3.281400 -33.871517 -1.620879
v 3.127650 -33.716309 -1.603719
v 2.287190 -34.494011 -2.548721
v 2.441630 -34.650261 -2.567770
v 3.281400 -33.871517 -1.620879
v 3.127650 -33.716309 -1.603719
v 4.095510 -33.076820 -0.645046
v 3.943390 -32.923313 -0.630959
v 3.127650 -33.716309 -1.603719
v 3.281400 -33.871517 -1.620879
v 4.095510 -33.076820 -0.645046
v 3.943390 -32.923313 -0.630959
v 4.821490 -32.217525 0.447975
v 4.672160 -32.066612 0.457345
v 3.943390 -32.923313 -0.630959
v 4.095510 -33.076820 -0.645046
v 4.821490 -32.217525 0.447975
v 4.672160 -32.066612 0.457345
v 5.578400 -31.213753 1.539752
v 5.387470 -31.130140 1.551830
v 4.672160 -32.066612 0.457345
v 4.821490 -32.217525 0.447975
v 5.578400 -31.213753 1.539752
v 5.387470 -31.130140 1.551830
v 5.534280 -31.247272 2.171244
v 5.343290 -31.234056 2.090757
v 5.387470 -31.130140 1.551830
v 5.578400 -31.213753 1.539752
v 5.534280 -31.247272 2.171244
v 5.343290 -31.234056 2.090757
v 5.205440 -31.975763 3.239041
v 5.014630 -31.961420 3.160595
v 5.343290 -31.234056 2.090757
v 5.534280 -31.247272 2.171244
v 5.205440 -31.975763 3.239041
v 5.014630 -31.961420 3.160595
v 4.896190 -32.701023 4.312688
v 4.704870 -32.684803 4.237629
v 5.014630 -31.961420 3.160595
v 5.205440 -31.975763 3.239041
v 4.896190 -32.701023 4.312688
v 4.704870 -32.684803 4.237629
v 4.604820 -33.425789 5.387194
v 4.412360 -33.407234 5.316377
v 4.704870 -32.684803 4.237629
v 4.896190 -32.701023 4.312688
v 4.604820 -33.425789 5.387194
v 4.412360 -33.407234 5.316377
v 4.384130 -34.208717 6.307776
v 4.189620 -34.211624 6.272281
v 4.412360 -33.407234 5.316377
v 4.604820 -33.425789 5.387194
v 4.384130 -34.208717 6.307776
v 4.189620 -34.211624 6.272281
v 4.767950 -34.621277 6.888190
v 4.210890 -34.678333 6.850674
v 4.189620 -34.211624 6.272281
v 4.384130 -34.208717 6.307776
v 4.767950 -34.621277 6.888190
v 4.210890 -34.678333 6.850674
v 4.565680 -34.911362 7.197089
v 4.369830 -34.888283 7.134461
v 4.210890 -34.678333 6.850674
v 4.767950 -34.621277 6.888190
v 4.565680 -34.911362 7.197089
v 1.515280 -35.188332 -3.645826
v 2.524500 -34.574310 -2.733339
v 1.670530 -35.345409 -3.666363
v 1.515280 -35.188332 -3.645826
v 2.369930 -34.418209 -2.714572
v 2.524500 -34.574310 -2.733339
v 2.369930 -34.418209 -2.714572
v 3.364220 -33.794930 -1.785301
v 2.524500 -34.574310 -2.733339
v 2.369930 -34.418209 -2.714572
v 3.210390 -33.639866 -1.768405
v 3.364220 -33.794930 -1.785301
v 3.210390 -33.639866 -1.768405
v 4.178440 -32.999722 -0.808527
v 3.364220 -33.794930 -1.785301
v 3.210390 -33.639866 -1.768405
v 4.026180 -32.846352 -0.794708
v 4.178440 -32.999722 -0.808527
v 4.026180 -32.846352 -0.794708
v 4.904440 -32.139843 0.285542
v 4.178440 -32.999722 -0.808527
v 4.026180 -32.846352 -0.794708
v 4.754940 -31.989033 0.294718
v 4.904440 -32.139843 0.285542
v 4.754940 -31.989033 0.294718
v 5.740420 -30.945358 1.465288
v 4.904440 -32.139843 0.285542
v 4.754940 -31.989033 0.294718
v 5.549770 -30.862200 1.476540
v 5.740420 -30.945358 1.465288
v 5.549770 -30.862200 1.476540
v 5.521240 -31.072762 2.344635
v 5.740420 -30.945358 1.465288
v 5.549770 -30.862200 1.476540
v 5.331050 -31.059803 2.263651
v 5.521240 -31.072762 2.344635
v 5.331050 -31.059803 2.263651
v 5.193620 -31.802095 3.410886
v 5.521240 -31.072762 2.344635
v 5.331050 -31.059803 2.263651
v 5.003600 -31.788015 3.331957
v 5.193620 -31.802095 3.410886
v 5.003600 -31.788015 3.331957
v 4.886240 -32.528831 4.481841
v 5.193620 -31.802095 3.410886
v 5.003600 -31.788015 3.331957
v 4.695720 -32.512993 4.406100
v 4.886240 -32.528831 4.481841
v 4.695720 -32.512993 4.406100
v 4.597410 -33.255688 5.552539
v 4.886240 -32.528831 4.481841
v 4.695720 -32.512993 4.406100
v 4.405700 -33.237442 5.481183
v 4.597410 -33.255688 5.552539
v 4.405700 -33.237442 5.481183
v 4.379310 -34.040833 6.469136
v 4.597410 -33.255688 5.552539
v 4.405700 -33.237442 5.481183
v 4.185660 -34.044132 6.432929
v 4.379310 -34.040833 6.469136
v 4.185660 -34.044132 6.432929
v 4.762700 -34.453777 7.048847
v 4.379310 -34.040833 6.469136
v 4.185660 -34.044132 6.432929
v 4.208000 -34.512039 7.009152
v 4.762700 -34.453777 7.048847
v 4.208000 -34.512039 7.009152
v 4.562030 -34.745049 7.355556
v 4.762700 -34.453777 7.048847
v 4.208000 -34.512039 7.009152
v 4.366890 -34.722252 7.292442
v 4.562030 -34.745049 7.355556
v 1.432510 -35.263592 -3.478982
v 1.670530 -35.345409 -3.666363
v 1.587600 -35.420753 -3.499701
v 1.432510 -35.263592 -3.478982
v 1.515280 -35.188332 -3.645826
v 1.670530 -35.345409 -3.666363
v 1.587600 -35.420753 -3.499701
v 2.524500 -34.574310 -2.733339
v 2.441630 -34.650261 -2.567770
v 1.587600 -35.420753 -3.499701
v 1.670530 -35.345409 -3.666363
v 2.524500 -34.574310 -2.733339
v 2.441630 -34.650261 -2.567770
v 3.364220 -33.794930 -1.785301
v 3.281400 -33.871517 -1.620879
v 2.441630 -34.650261 -2.567770
v 2.524500 -34.574310 -2.733339
v 3.364220 -33.794930 -1.785301
v 3.281400 -33.871517 -1.620879
v 4.178440 -32.999722 -0.808527
v 4.095510 -33.076820 -0.645046
v 3.281400 -33.871517 -1.620879
v 3.364220 -33.794930 -1.785301
v 4.178440 -32.999722 -0.808527
v 4.095510 -33.076820 -0.645046
v 4.904440 -32.139843 0.285542
v 4.821490 -32.217525 0.447975
v 4.095510 -33.076820 -0.645046
v 4.178440 -32.999722 -0.808527
v 4.904440 -32.139843 0.285542
v 4.821490 -32.217525 0.447975
v 5.740420 -30.945358 1.465288
v 5.578400 -31.213753 1.539752
v 4.821490 -32.217525 0.447975
v 4.904440 -32.139843 0.285542
v 5.740420 -30.945358 1.465288
v 5.578400 -31.213753 1.539752
v 5.521240 -31.072762 2.344635
v 5.534280 -31.247272 2.171244
v 5.578400 -31.213753 1.539752
v 5.740420 -30.945358 1.465288
v 5.521240 -31.072762 2.344635
v 5.534280 -31.247272 2.171244
v 5.193620 -31.802095 3.410886
v 5.205440 -31.975763 3.239041
v 5.534280 -31.247272 2.171244
v 5.521240 -31.072762 2.344635
v 5.193620 -31.802095 3.410886
v 5.205440 -31.975763 3.239041
v 4.886240 -32.528831 4.481841
v 4.896190 -32.701023 4.312688
v 5.205440 -31.975763 3.239041
v 5.193620 -31.802095 3.410886
v 4.886240 -32.528831 4.481841
v 4.896190 -32.701023 4.312688
v 4.597410 -33.255688 5.552539
v 4.604820 -33.425789 5.387194
v 4.896190 -32.701023 4.312688
v 4.886240 -32.528831 4.481841
v 4.597410 -33.255688 5.552539
v 4.604820 -33.425789 5.387194
v 4.379310 -34.040833 6.469136
v 4.384130 -34.208717 6.307776
v 4.604820 -33.425789 5.387194
v 4.597410 -33.255688 5.552539
v 4.379310 -34.040833 6.469136
v 4.384130 -34.208717 6.307776
v 4.762700 -34.453777 7.048847
v 4.767950 -34.621277 6.888190
v 4.384130 -34.208717 6.307776
v 4.379310 -34.040833 6.469136
v 4.762700 -34.453777 7.048847
v 4.767950 -34.621277 6.888190
v 4.562030 -34.745049 7.355556
v 4.565680 -34.911362 7.197089
v 4.767950 -34.621277 6.888190
v 4.762700 -34.453777 7.048847
v 4.562030 -34.745049 7.355556
v 4.565680 -34.911362 7.197089
v 4.366890 -34.722252 7.292442
v 4.369830 -34.888283 7.134461
v 4.565680 -34.911362 7.197089
v 4.562030 -34.745049 7.355556
v 4.366890 -34.722252 7.292442
v 4.369830 -34.888283 7.134461
v 4.208000 -34.512039 7.009152
v 4.210890 -34.678333 6.850674
v 4.369830 -34.888283 7.134461
v 4.366890 -34.722252 7.292442
v 4.208000 -34.512039 7.009152
v 4.210890 -34.678333 6.850674
v 4.185660 -34.044132 6.432929
v 4.189620 -34.211624 6.272281
v 4.210890 -34.678333 6.850674
v 4.208000 -34.512039 7.009152
v 4.185660 -34.044132 6.432929
v 4.189620 -34.211624 6.272281
v 4.405700 -33.237442 5.481183
v 4.412360 -33.407234 5.316377
v 4.189620 -34.211624 6.272281
v 4.185660 -34.044132 6.432929
v 4.405700 -33.237442 5.481183
v 4.412360 -33.407234 5.316377
v 4.695720 -32.512993 4.406100
v 4.704870 -32.684803 4.237629
v 4.412360 -33.407234 5.316377
v 4.405700 -33.237442 5.481183
v 4.695720 -32.512993 4.406100
v 4.704870 -32.684803 4.237629
v 5.003600 -31.788015 3.331957
v 5.014630 -31.961420 3.160595
v 4.704870 -32.684803 4.237629
v 4.695720 -32.512993 4.406100
v 5.003600 -31.788015 3.331957
v 5.014630 -31.961420 3.160595
v 5.331050 -31.059803 2.263651
v 5.343290 -31.234056 2.090757
v 5.014630 -31.961420 3.160595
v 5.003600 -31.788015 3.331957
v 5.331050 -31.059803 2.263651
v 5.343290 -31.234056 2.090757
v 5.549770 -30.862200 1.476540
v 5.387470 -31.130140 1.551830
v 5.343290 -31.234056 2.090757
v 5.331050 -31.059803 2.263651
v 5.549770 -30.862200 1.476540
v 5.387470 -31.130140 1.551830
v 4.754940 -31.989033 0.294718
v 4.672160 -32.066612 0.457345
v 5.387470 -31.130140 1.551830
v 5.549770 -30.862200 1.476540
v 4.754940 -31.989033 0.294718
v 4.672160 -32.066612 0.457345
v 4.026180 -32.846352 -0.794708
v 3.943390 -32.923313 -0.630959
v 4.672160 -32.066612 0.457345
v 4.754940 -31.989033 0.294718
v 4.026180 -32.846352 -0.794708
v 3.943390 -32.923313 -0.630959
v 3.210390 -33.639866 -1.768405
v 3.127650 -33.716309 -1.603719
v 3.943390 -32.923313 -0.630959
v 4.026180 -32.846352 -0.794708
v 3.210390 -33.639866 -1.768405
v 3.127650 -33.716309 -1.603719
v 2.369930 -34.418209 -2.714572
v 2.287190 -34.494011 -2.548721
v 3.127650 -33.716309 -1.603719
v 3.210390 -33.639866 -1.768405
v 2.369930 -34.418209 -2.714572
v 2.287190 -34.494011 -2.548721
v 1.515280 -35.188332 -3.645826
v 1.432510 -35.263592 -3.478982
v 2.287190 -34.494011 -2.548721
v 2.369930 -34.418209 -2.714572
v 1.515280 -35.188332 -3.645826
v -0.854100 -27.824509 6.811414
v -3.226980 -26.061422 7.684927
v -0.965900 -27.998001 6.600252
v -0.854100 -27.824509 6.811414
v -3.124390 -25.902611 7.869489
v -3.226980 -26.061422 7.684927
v -3.124390 -25.902611 7.869489
v -5.385790 -24.064381 8.879038
v -3.226980 -26.061422 7.684927
v -3.124390 -25.902611 7.869489
v -5.291330 -23.918167 9.040794
v -5.385790 -24.064381 8.879038
v -5.291330 -23.918167 9.040794
v -7.627650 -22.102692 10.009217
v -5.385790 -24.064381 8.879038
v -5.291330 -23.918167 9.040794
v -7.539820 -21.964439 10.156538
v -7.627650 -22.102692 10.009217
v -7.539820 -21.964439 10.156538
v -10.008620 -20.218567 10.998950
v -7.627650 -22.102692 10.009217
v -7.539820 -21.964439 10.156538
v -9.922730 -20.082035 11.143166
v -10.008620 -20.218567 10.998950
v -9.922730 -20.082035 11.143166
v -12.418450 -18.415592 11.841706
v -10.008620 -20.218567 10.998950
v -9.922730 -20.082035 11.143166
v -12.327910 -18.271622 11.999356
v -12.418450 -18.415592 11.841706
v -12.327910 -18.271622 11.999356
v -14.734500 -16.573917 12.754506
v -12.418450 -18.415592 11.841706
v -12.327910 -18.271622 11.999356
v -14.630970 -16.414921 12.939307
v -14.734500 -16.573917 12.754506
v -14.630970 -16.414921 12.939307
v -16.935270 -14.691866 13.740148
v -14.734500 -16.573917 12.754506
v -14.630970 -16.414921 12.939307
v -16.835609 -14.536453 13.918552
v -16.935270 -14.691866 13.740148
v -16.835609 -14.536453 13.918552
v -19.131029 -12.863865 14.627913
v -16.935270 -14.691866 13.740148
v -16.835609 -14.536453 13.918552
v -19.033911 -12.708374 14.806492
v -19.131029 -12.863865 14.627913
v -19.033911 -12.708374 14.806492
v -21.327860 -11.077522 15.440223
v -19.131029 -12.863865 14.627913
v -19.033911 -12.708374 14.806492
v -21.235590 -10.923382 15.616360
v -21.327860 -11.077522 15.440223
v -21.235590 -10.923382 15.616360
v -23.473101 -9.405945 16.136898
v -21.327860 -11.077522 15.440223
v -21.235590 -10.923382 15.616360
v -23.454210 -9.209332 16.323076
v -23.473101 -9.405945 16.136898
v -23.454210 -9.209332 16.323076
v -24.663870 -9.027409 16.012894
v -23.473101 -9.405945 16.136898
v -23.454210 -9.209332 16.323076
v -24.757589 -8.379452 16.563446
v -24.663870 -9.027409 16.012894
v -24.757589 -8.379452 16.563446
v -25.435539 -8.306576 16.359097
v -24.663870 -9.027409 16.012894
v -24.757589 -8.379452 16.563446
v -25.354401 -8.156765 16.527386
v -25.435539 -8.306576 16.359097
v -0.793000 -27.676243 6.627903
v -3.173550 -25.918087 7.492471
v -3.070640 -25.758839 7.677831
v -0.793000 -27.676243 6.627903
v -0.905010 -27.850065 6.416145
v -3.173550 -25.918087 7.492471
v -3.070640 -25.758839 7.677831
v -5.336480 -23.923515 8.682136
v -5.241520 -23.776867 8.844684
v -3.070640 -25.758839 7.677831
v -3.173550 -25.918087 7.492471
v -5.336480 -23.923515 8.682136
v -5.241520 -23.776867 8.844684
v -7.578100 -21.963177 9.809853
v -7.489780 -21.824497 9.957953
v -5.241520 -23.776867 8.844684
v -5.336480 -23.923515 8.682136
v -7.578100 -21.963177 9.809853
v -7.489780 -21.824497 9.957953
v -9.958880 -20.077288 10.802783
v -9.872420 -19.940453 10.947551
v -7.489780 -21.824497 9.957953
v -7.578100 -21.963177 9.809853
v -9.958880 -20.077288 10.802783
v -9.872420 -19.940453 10.947551
v -12.368830 -18.269655 11.653961
v -12.277680 -18.125965 11.811102
v -9.872420 -19.940453 10.947551
v -9.958880 -20.077288 10.802783
v -12.368830 -18.269655 11.653961
v -12.277680 -18.125965 11.811102
v -14.683410 -16.422493 12.576668
v -14.579640 -16.264416 12.759853
v -12.277680 -18.125965 11.811102
v -12.368830 -18.269655 11.653961
v -14.683410 -16.422493 12.576668
v -14.579640 -16.264416 12.759853
v -16.886351 -14.540010 13.563156
v -16.786579 -14.384750 13.741281
v -14.579640 -16.264416 12.759853
v -14.683410 -16.422493 12.576668
v -16.886351 -14.540010 13.563156
v -16.786579 -14.384750 13.741281
v -19.084181 -12.710430 14.453808
v -18.986950 -12.554981 14.632308
v -16.786579 -14.384750 13.741281
v -16.886351 -14.540010 13.563156
v -19.084181 -12.710430 14.453808
v -18.986950 -12.554981 14.632308
v -21.283751 -10.922966 15.268129
v -21.191219 -10.768921 15.444101
v -18.986950 -12.554981 14.632308
v -19.084181 -12.710430 14.453808
v -21.283751 -10.922966 15.268129
v -21.191219 -10.768921 15.444101
v -23.431530 -9.250927 15.965637
v -23.412510 -9.054340 16.151775
v -21.191219 -10.768921 15.444101
v -21.283751 -10.922966 15.268129
v -23.431530 -9.250927 15.965637
v -23.412510 -9.054340 16.151775
v -24.624290 -8.872326 15.841760
v -24.717360 -8.224277 16.392483
v -23.412510 -9.054340 16.151775
v -23.431530 -9.250927 15.965637
v -24.624290 -8.872326 15.841760
v -24.717360 -8.224277 16.392483
v -25.396910 -8.151360 16.188217
v -25.315331 -8.001461 16.356651
v -24.717360 -8.224277 16.392483
v -24.624290 -8.872326 15.841760
v -25.396910 -8.151360 16.188217
v -0.854100 -27.824509 6.811414
v -0.905010 -27.850065 6.416145
v -0.793000 -27.676243 6.627903
v -0.854100 -27.824509 6.811414
v -0.965900 -27.998001 6.600252
v -0.905010 -27.850065 6.416145
v -0.965900 -27.998001 6.600252
v -3.173550 -25.918087 7.492471
v -0.905010 -27.850065 6.416145
v -0.965900 -27.998001 6.600252
v -3.226980 -26.061422 7.684927
v -3.173550 -25.918087 7.492471
v -3.226980 -26.061422 7.684927
v -5.336480 -23.923515 8.682136
v -3.173550 -25.918087 7.492471
v -3.226980 -26.061422 7.684927
v -5.385790 -24.064381 8.879038
v -5.336480 -23.923515 8.682136
v -5.385790 -24.064381 8.879038
v -7.578100 -21.963177 9.809853
v -5.336480 -23.923515 8.682136
v -5.385790 -24.064381 8.879038
v -7.627650 -22.102692 10.009217
v -7.578100 -21.963177 9.809853
v -7.627650 -22.102692 10.009217
v -9.958880 -20.077288 10.802783
v -7.578100 -21.963177 9.809853
v -7.627650 -22.102692 10.009217
v -10.008620 -20.218567 10.998950
v -9.958880 -20.077288 10.802783
v -10.008620 -20.218567 10.998950
v -12.368830 -18.269655 11.653961
v -9.958880 -20.077288 10.802783
v -10.008620 -20.218567 10.998950
v -12.418450 -18.415592 11.841706
v -12.368830 -18.269655 11.653961
v -12.418450 -18.415592 11.841706
v -14.683410 -16.422493 12.576668
v -12.368830 -18.269655 11.653961
v -12.418450 -18.415592 11.841706
v -14.734500 -16.573917 12.754506
v -14.683410 -16.422493 12.576668
v -14.734500 -16.573917 12.754506
v -16.886351 -14.540010 13.563156
v -14.683410 -16.422493 12.576668
v -14.734500 -16.573917 12.754506
v -16.935270 -14.691866 13.740148
v -16.886351 -14.540010 13.563156
v -16.935270 -14.691866 13.740148
v -19.084181 -12.710430 14.453808
v -16.886351 -14.540010 13.563156
v -16.935270 -14.691866 13.740148
v -19.131029 -12.863865 14.627913
v -19.084181 -12.710430 14.453808
v -19.131029 -12.863865 14.627913
v -21.283751 -10.922966 15.268129
v -19.084181 -12.710430 14.453808
v -19.131029 -12.863865 14.627913
v -21.327860 -11.077522 15.440223
v -21.283751 -10.922966 15.268129
v -21.327860 -11.077522 15.440223
v -23.431530 -9.250927 15.965637
v -21.283751 -10.922966 15.268129
v -21.327860 -11.077522 15.440223
v -23.473101 -9.405945 16.136898
v -23.431530 -9.250927 15.965637
v -23.473101 -9.405945 16.136898
v -24.624290 -8.872326 15.841760
v -23.431530 -9.250927 15.965637
v -23.473101 -9.405945 16.136898
v -24.663870 -9.027409 16.012894
v -24.624290 -8.872326 15.841760
v -24.663870 -9.027409 16.012894
v -25.396910 -8.151360 16.188217
v -24.624290 -8.872326 15.841760
v -24.663870 -9.027409 16.012894
v -25.435539 -8.306576 16.359097
v -25.396910 -8.151360 16.188217
v -25.435539 -8.306576 16.359097
v -25.315331 -8.001461 16.356651
v -25.396910 -8.151360 16.188217
v -25.435539 -8.306576 16.359097
v -25.354401 -8.156765 16.527386
v -25.315331 -8.001461 16.356651
v -25.354401 -8.156765 16.527386
v -24.717360 -8.224277 16.392483
v -25.315331 -8.001461 16.356651
v -25.354401 -8.156765 16.527386
v -24.757589 -8.379452 16.563446
v -24.717360 -8.224277 16.392483
v -24.757589 -8.379452 16.563446
v -23.412510 -9.054340 16.151775
v -24.717360 -8.224277 16.392483
v -24.757589 -8.379452 16.563446
v -23.454210 -9.209332 16.323076
v -23.412510 -9.054340 16.151775
v -23.454210 -9.209332 16.323076
v -21.191219 -10.768921 15.444101
v -23.412510 -9.054340 16.151775
v -23.454210 -9.209332 16.323076
v -21.235590 -10.923382 15.616360
v -21.191219 -10.768921 15.444101
v -21.235590 -10.923382 15.616360
v -18.986950 -12.554981 14.632308
v -21.191219 -10.768921 15.444101
v -21.235590 -10.923382 15.616360
v -19.033911 -12.708374 14.806492
v -18.986950 -12.554981 14.632308
v -19.033911 -12.708374 14.806492
v -16.786579 -14.384750 13.741281
v -18.986950 -12.554981 14.632308
v -19.033911 -12.708374 14.806492
v -16.835609 -14.536453 13.918552
v -16.786579 -14.384750 13.741281
v -16.835609 -14.536453 13.918552
v -14.579640 -16.264416 12.759853
v -16.786579 -14.384750 13.741281
v -16.835609 -14.536453 13.918552
v -14.630970 -16.414921 12.939307
v -14.579640 -16.264416 12.759853
v -14.630970 -16.414921 12.939307
v -12.277680 -18.125965 11.811102
v -14.579640 -16.264416 12.759853
v -14.630970 -16.414921 12.939307
v -12.327910 -18.271622 11.999356
v -12.277680 -18.125965 11.811102
v -12.327910 -18.271622 11.999356
v -9.872420 -19.940453 10.947551
v -12.277680 -18.125965 11.811102
v -12.327910 -18.271622 11.999356
v -9.922730 -20.082035 11.143166
v -9.872420 -19.940453 10.947551
v -9.922730 -20.082035 11.143166
v -7.489780 -21.824497 9.957953
v -9.872420 -19.940453 10.947551
v -9.922730 -20.082035 11.143166
v -7.539820 -21.964439 10.156538
v -7.489780 -21.824497 9.957953
v -7.539820 -21.964439 10.156538
v -5.241520 -23.776867 8.844684
v -7.489780 -21.824497 9.957953
v -7.539820 -21.964439 10.156538
v -5.291330 -23.918167 9.040794
v -5.241520 -23.776867 8.844684
v -5.291330 -23.918167 9.040794
v -3.070640 -25.758839 7.677831
v -5.241520 -23.776867 8.844684
v -5.291330 -23.918167 9.040794
v -3.124390 -25.902611 7.869489
v -3.070640 -25.758839 7.677831
v -3.124390 -25.902611 7.869489
v -0.793000 -27.676243 6.627903
v -3.070640 -25.758839 7.677831
v -3.124390 -25.902611 7.869489
v -0.854100 -27.824509 6.811414
v -0.793000 -27.676243 6.627903
v -0.223120 -37.551346 -6.650165
v 1.219240 -37.385784 -6.551013
v 1.152790 -37.189400 -6.459327
v -0.223120 -37.551346 -6.650165
v -0.157880 -37.748329 -6.742926
v 1.219240 -37.385784 -6.551013
v 1.152790 -37.189400 -6.459327
v 2.589930 -37.005226 -6.326440
v 2.522090 -36.809486 -6.235919
v 1.152790 -37.189400 -6.459327
v 1.219240 -37.385784 -6.551013
v 2.589930 -37.005226 -6.326440
v 2.522090 -36.809486 -6.235919
v 3.952800 -36.606857 -6.069601
v 3.883800 -36.411732 -5.980179
v 2.522090 -36.809486 -6.235919
v 2.589930 -37.005226 -6.326440
v 3.952800 -36.606857 -6.069601
v 3.883800 -36.411732 -5.980179
v 5.307000 -36.190903 -5.780847
v 5.236670 -35.996525 -5.692784
v 3.883800 -36.411732 -5.980179
v 3.952800 -36.606857 -6.069601
v 5.307000 -36.190903 -5.780847
v 5.236670 -35.996525 -5.692784
v 6.711620 -35.699654 -5.618768
v 6.591750 -35.548611 -5.484570
v 5.236670 -35.996525 -5.692784
v 5.307000 -36.190903 -5.780847
v 6.711620 -35.699654 -5.618768
v 6.591750 -35.548611 -5.484570
v 6.978430 -35.793472 -5.096924
v 6.793600 -35.694572 -5.022130
v 6.591750 -35.548611 -5.484570
v 6.711620 -35.699654 -5.618768
v 6.978430 -35.793472 -5.096924
v 6.793600 -35.694572 -5.022130
v 7.046740 -36.448696 -3.896793
v 6.862620 -36.349838 -3.822090
v 6.793600 -35.694572 -5.022130
v 6.978430 -35.793472 -5.096924
v 7.046740 -36.448696 -3.896793
v 6.862620 -36.349838 -3.822090
v 7.131770 -37.086182 -2.664560
v 6.948390 -36.987396 -2.589978
v 6.862620 -36.349838 -3.822090
v 7.046740 -36.448696 -3.896793
v 7.131770 -37.086182 -2.664560
v 6.948390 -36.987396 -2.589978
v 7.228460 -37.709980 -1.407508
v 7.046030 -37.611317 -1.333147
v 6.948390 -36.987396 -2.589978
v 7.131770 -37.086182 -2.664560
v 7.228460 -37.709980 -1.407508
v 7.046030 -37.611317 -1.333147
v 7.288320 -38.389561 -0.299934
v 7.114580 -38.314877 -0.194838
v 7.046030 -37.611317 -1.333147
v 7.228460 -37.709980 -1.407508
v 7.288320 -38.389561 -0.299934
v 7.114580 -38.314877 -0.194838
v 7.765680 -38.942207 0.026474
v 7.285390 -38.779385 0.387368
v 7.114580 -38.314877 -0.194838
v 7.288320 -38.389561 -0.299934
v 7.765680 -38.942207 0.026474
v 7.285390 -38.779385 0.387368
v 7.675110 -39.142445 0.498043
v 7.493670 -39.044716 0.570718
v 7.285390 -38.779385 0.387368
v 7.765680 -38.942207 0.026474
v 7.675110 -39.142445 0.498043
v -0.222520 -37.491390 -6.844625
v 1.221110 -37.325901 -6.745615
v -0.157310 -37.688381 -6.937415
v -0.222520 -37.491390 -6.844625
v 1.154550 -37.129501 -6.653903
v 1.221110 -37.325901 -6.745615
v 1.154550 -37.129501 -6.653903
v 2.592890 -36.945305 -6.520973
v 1.221110 -37.325901 -6.745615
v 1.154550 -37.129501 -6.653903
v 2.525090 -36.749622 -6.430555
v 2.592890 -36.945305 -6.520973
v 2.525090 -36.749622 -6.430555
v 3.957000 -36.546844 -6.263965
v 2.592890 -36.945305 -6.520973
v 2.525090 -36.749622 -6.430555
v 3.887880 -36.351803 -6.174703
v 3.957000 -36.546844 -6.263965
v 3.887880 -36.351803 -6.174703
v 5.312300 -36.130882 -5.975193
v 3.957000 -36.546844 -6.263965
v 3.887880 -36.351803 -6.174703
v 5.241990 -35.936493 -5.887136
v 5.312300 -36.130882 -5.975193
v 5.241990 -35.936493 -5.887136
v 6.874290 -35.507988 -5.832304
v 5.312300 -36.130882 -5.975193
v 5.241990 -35.936493 -5.887136
v 6.754190 -35.357170 -5.698506
v 6.874290 -35.507988 -5.832304
v 6.754190 -35.357170 -5.698506
v 7.100700 -35.650459 -4.980794
v 6.874290 -35.507988 -5.832304
v 6.754190 -35.357170 -5.698506
v 6.915950 -35.551727 -4.906320
v 7.100700 -35.650459 -4.980794
v 6.915950 -35.551727 -4.906320
v 7.168260 -36.305622 -3.780582
v 7.100700 -35.650459 -4.980794
v 6.915950 -35.551727 -4.906320
v 6.984270 -36.206966 -3.706215
v 7.168260 -36.305622 -3.780582
v 6.984270 -36.206966 -3.706215
v 7.252460 -36.943085 -2.548293
v 7.168260 -36.305622 -3.780582
v 6.984270 -36.206966 -3.706215
v 7.069220 -36.844482 -2.474034
v 7.252460 -36.943085 -2.548293
v 7.069220 -36.844482 -2.474034
v 7.348330 -37.566856 -1.291189
v 7.252460 -36.943085 -2.548293
v 7.069220 -36.844482 -2.474034
v 7.165980 -37.468399 -1.217216
v 7.348330 -37.566856 -1.291189
v 7.165980 -37.468399 -1.217216
v 7.407400 -38.246513 -0.183753
v 7.348330 -37.566856 -1.291189
v 7.165980 -37.468399 -1.217216
v 7.233780 -38.172031 -0.079015
v 7.407400 -38.246513 -0.183753
v 7.233780 -38.172031 -0.079015
v 7.884080 -38.798859 0.143186
v 7.407400 -38.246513 -0.183753
v 7.233780 -38.172031 -0.079015
v 7.404100 -38.636536 0.503200
v 7.884080 -38.798859 0.143186
v 7.404100 -38.636536 0.503200
v 7.793330 -38.999321 0.614353
v 7.884080 -38.798859 0.143186
v 7.404100 -38.636536 0.503200
v 7.612090 -38.901768 0.686722
v 7.793330 -38.999321 0.614353
v -0.223120 -37.551346 -6.650165
v -0.157310 -37.688381 -6.937415
v -0.157880 -37.748329 -6.742926
v -0.223120 -37.551346 -6.650165
v -0.222520 -37.491390 -6.844625
v -0.157310 -37.688381 -6.937415
v -0.157880 -37.748329 -6.742926
v 1.221110 -37.325901 -6.745615
v 1.219240 -37.385784 -6.551013
v -0.157880 -37.748329 -6.742926
v -0.157310 -37.688381 -6.937415
v 1.221110 -37.325901 -6.745615
v 1.219240 -37.385784 -6.551013
v 2.592890 -36.945305 -6.520973
v 2.589930 -37.005226 -6.326440
v 1.219240 -37.385784 -6.551013
v 1.221110 -37.325901 -6.745615
v 2.592890 -36.945305 -6.520973
v 2.589930 -37.005226 -6.326440
v 3.957000 -36.546844 -6.263965
v 3.952800 -36.606857 -6.069601
v 2.589930 -37.005226 -6.326440
v 2.592890 -36.945305 -6.520973
v 3.957000 -36.546844 -6.263965
v 3.952800 -36.606857 -6.069601
v 5.312300 -36.130882 -5.975193
v 5.307000 -36.190903 -5.780847
v 3.952800 -36.606857 -6.069601
v 3.957000 -36.546844 -6.263965
v 5.312300 -36.130882 -5.975193
v 5.307000 -36.190903 -5.780847
v 6.874290 -35.507988 -5.832304
v 6.711620 -35.699654 -5.618768
v 5.307000 -36.190903 -5.780847
v 5.312300 -36.130882 -5.975193
v 6.874290 -35.507988 -5.832304
v 6.711620 -35.699654 -5.618768
v 6.874290 -35.507988 -5.832304
v 7.100700 -35.650459 -4.980794
v 6.711620 -35.699654 -5.618768
v 7.100700 -35.650459 -4.980794
v 6.978430 -35.793472 -5.096924
v 6.978430 -35.793472 -5.096924
v 7.168260 -36.305622 -3.780582
v 7.046740 -36.448696 -3.896793
v 6.978430 -35.793472 -5.096924
v 7.100700 -35.650459 -4.980794
v 7.168260 -36.305622 -3.780582
v 7.046740 -36.448696 -3.896793
v 7.252460 -36.943085 -2.548293
v 7.131770 -37.086182 -2.664560
v 7.046740 -36.448696 -3.896793
v 7.168260 -36.305622 -3.780582
v 7.252460 -36.943085 -2.548293
v 7.131770 -37.086182 -2.664560
v 7.348330 -37.566856 -1.291189
v 7.228460 -37.709980 -1.407508
v 7.131770 -37.086182 -2.664560
v 7.252460 -36.943085 -2.548293
v 7.348330 -37.566856 -1.291189
v 7.228460 -37.709980 -1.407508
v 7.407400 -38.246513 -0.183753
v 7.288320 -38.389561 -0.299934
v 7.228460 -37.709980 -1.407508
v 7.348330 -37.566856 -1.291189
v 7.407400 -38.246513 -0.183753
v 7.288320 -38.389561 -0.299934
v 7.884080 -38.798859 0.143186
v 7.765680 -38.942207 0.026474
v 7.288320 -38.389561 -0.299934
v 7.407400 -38.246513 -0.183753
v 7.884080 -38.798859 0.143186
v 7.765680 -38.942207 0.026474
v 7.793330 -38.999321 0.614353
v 7.675110 -39.142445 0.498043
v 7.765680 -38.942207 0.026474
v 7.884080 -38.798859 0.143186
v 7.793330 -38.999321 0.614353
v 7.675110 -39.142445 0.498043
v 7.612090 -38.901768 0.686722
v 7.493670 -39.044716 0.570718
v 7.675110 -39.142445 0.498043
v 7.793330 -38.999321 0.614353
v 7.612090 -38.901768 0.686722
v 7.493670 -39.044716 0.570718
v 7.404100 -38.636536 0.503200
v 7.285390 -38.779385 0.387368
v 7.493670 -39.044716 0.570718
v 7.612090 -38.901768 0.686722
v 7.404100 -38.636536 0.503200
v 7.285390 -38.779385 0.387368
v 7.233780 -38.172031 -0.079015
v 7.114580 -38.314877 -0.194838
v 7.285390 -38.779385 0.387368
v 7.404100 -38.636536 0.503200
v 7.233780 -38.172031 -0.079015
v 7.114580 -38.314877 -0.194838
v 7.165980 -37.468399 -1.217216
v 7.046030 -37.611317 -1.333147
v 7.114580 -38.314877 -0.194838
v 7.233780 -38.172031 -0.079015
v 7.165980 -37.468399 -1.217216
v 7.046030 -37.611317 -1.333147
v 7.069220 -36.844482 -2.474034
v 6.948390 -36.987396 -2.589978
v 7.046030 -37.611317 -1.333147
v 7.165980 -37.468399 -1.217216
v 7.069220 -36.844482 -2.474034
v 6.948390 -36.987396 -2.589978
v 6.984270 -36.206966 -3.706215
v 6.862620 -36.349838 -3.822090
v 6.948390 -36.987396 -2.589978
v 7.069220 -36.844482 -2.474034
v 6.984270 -36.206966 -3.706215
v 6.862620 -36.349838 -3.822090
v 6.915950 -35.551727 -4.906320
v 6.793600 -35.694572 -5.022130
v 6.862620 -36.349838 -3.822090
v 6.984270 -36.206966 -3.706215
v 6.915950 -35.551727 -4.906320
v 6.793600 -35.694572 -5.022130
v 6.915950 -35.551727 -4.906320
v 6.754190 -35.357170 -5.698506
v 6.793600 -35.694572 -5.022130
v 6.754190 -35.357170 -5.698506
v 6.591750 -35.548611 -5.484570
v 6.591750 -35.548611 -5.484570
v 5.241990 -35.936493 -5.887136
v 5.236670 -35.996525 -5.692784
v 6.591750 -35.548611 -5.484570
v 6.754190 -35.357170 -5.698506
v 5.241990 -35.936493 -5.887136
v 5.236670 -35.996525 -5.692784
v 3.887880 -36.351803 -6.174703
v 3.883800 -36.411732 -5.980179
v 5.236670 -35.996525 -5.692784
v 5.241990 -35.936493 -5.887136
v 3.887880 -36.351803 -6.174703
v 3.883800 -36.411732 -5.980179
v 2.525090 -36.749622 -6.430555
v 2.522090 -36.809486 -6.235919
v 3.883800 -36.411732 -5.980179
v 3.887880 -36.351803 -6.174703
v 2.525090 -36.749622 -6.430555
v 2.522090 -36.809486 -6.235919
v 1.154550 -37.129501 -6.653903
v 1.152790 -37.189400 -6.459327
v 2.522090 -36.809486 -6.235919
v 2.525090 -36.749622 -6.430555
v 1.154550 -37.129501 -6.653903
v 1.152790 -37.189400 -6.459327
v -0.222520 -37.491390 -6.844625
v -0.223120 -37.551346 -6.650165
v 1.152790 -37.189400 -6.459327
v 1.154550 -37.129501 -6.653903
v -0.222520 -37.491390 -6.844625
v 1.334460 -50.842579 -31.417952
v 0.095820 -49.456276 -27.068304
v 0.096730 -51.772354 -32.708775
v 1.334460 -50.842579 -31.417952
v 1.994110 -49.076061 -27.277216
v 0.095820 -49.456276 -27.068304
v 2.213630 -46.029053 -21.344492
v 0.095820 -49.456276 -27.068304
v 1.994110 -49.076061 -27.277216
v 2.213630 -46.029053 -21.344492
v 0.067180 -46.490623 -21.146065
v 0.095820 -49.456276 -27.068304
v -2.080490 -46.051800 -21.380600
v 0.095820 -49.456276 -27.068304
v 0.067180 -46.490623 -21.146065
v -2.080490 -46.051800 -21.380600
v -1.803560 -49.081417 -27.282402
v 0.095820 -49.456276 -27.068304
v -1.141270 -50.844978 -31.419355
v 0.095820 -49.456276 -27.068304
v -1.803560 -49.081417 -27.282402
v -1.141270 -50.844978 -31.419355
v 0.096730 -51.772354 -32.708775
v 0.095820 -49.456276 -27.068304
v 2.213630 -46.029053 -21.344492
v 0.005080 -44.221581 -17.579762
v 0.067180 -46.490623 -21.146065
v 2.213630 -46.029053 -21.344492
v 1.831150 -43.822796 -17.754719
v 0.005080 -44.221581 -17.579762
v 1.504900 -42.131638 -15.031127
v 0.005080 -44.221581 -17.579762
v 1.831150 -43.822796 -17.754719
v 1.504900 -42.131638 -15.031127
v -0.062240 -42.478207 -14.876108
v 0.005080 -44.221581 -17.579762
v -1.630360 -42.145737 -15.052937
v 0.005080 -44.221581 -17.579762
v -0.062240 -42.478207 -14.876108
v -1.630360 -42.145737 -15.052937
v -1.821930 -43.840923 -17.783218
v 0.005080 -44.221581 -17.579762
v -2.080490 -46.051800 -21.380600
v 0.005080 -44.221581 -17.579762
v -1.821930 -43.840923 -17.783218
v -2.080490 -46.051800 -21.380600
v 0.067180 -46.490623 -21.146065
v 0.005080 -44.221581 -17.579762
v 2.277290 -38.526016 -7.103641
v -0.200520 -36.147755 -1.329994
v -0.157770 -39.085491 -6.868491
v 2.277290 -38.526016 -7.103641
v 2.398310 -35.558727 -1.564943
v -0.200520 -36.147755 -1.329994
v 2.173390 -32.654163 3.351569
v -0.200520 -36.147755 -1.329994
v 2.398310 -35.558727 -1.564943
v 2.173390 -32.654163 3.351569
v -0.234230 -33.213142 3.524343
v -0.200520 -36.147755 -1.329994
v -2.662160 -32.684696 3.301987
v -0.200520 -36.147755 -1.329994
v -0.234230 -33.213142 3.524343
v -2.662160 -32.684696 3.301987
v -2.801160 -35.577080 -1.592011
v -0.200520 -36.147755 -1.329994
v -2.594280 -38.544846 -7.131971
v -0.200520 -36.147755 -1.329994
v -2.801160 -35.577080 -1.592011
v -2.594280 -38.544846 -7.131971
v -0.157770 -39.085491 -6.868491
v -0.200520 -36.147755 -1.329994
v -1.006550 -27.542542 10.675698
v -0.218650 -28.891909 10.447750
v -0.221300 -27.440807 10.956030
v -1.006550 -27.542542 10.675698
v -1.581090 -28.480120 10.238980
v -0.218650 -28.891909 10.447750
v -2.044190 -29.546146 9.273481
v -0.218650 -28.891909 10.447750
v -1.581090 -28.480120 10.238980
v -2.044190 -29.546146 9.273481
v -0.221760 -30.114920 9.519196
v -0.218650 -28.891909 10.447750
v 1.334460 -50.842579 -31.417952
v 0.095880 -51.841656 -34.974792
v 1.612460 -50.868984 -33.213692
v 1.334460 -50.842579 -31.417952
v 0.096730 -51.772354 -32.708775
v 0.095880 -51.841656 -34.974792
v -1.141270 -50.844978 -31.419355
v 0.095880 -51.841656 -34.974792
v 0.096730 -51.772354 -32.708775
v -1.141270 -50.844978 -31.419355
v -1.420210 -50.871925 -33.215405
v 0.095880 -51.841656 -34.974792
v -1.141270 -50.844978 -31.419355
v -2.437890 -47.951706 -27.921434
v -1.420210 -50.871925 -33.215405
v -1.141270 -50.844978 -31.419355
v -1.803560 -49.081417 -27.282402
v -2.437890 -47.951706 -27.921434
v -2.080490 -46.051800 -21.380600
v -2.437890 -47.951706 -27.921434
v -1.803560 -49.081417 -27.282402
v -2.080490 -46.051800 -21.380600
v -2.797210 -44.741489 -22.102234
v -2.437890 -47.951706 -27.921434
v -2.080490 -46.051800 -21.380600
v -2.431190 -42.702423 -18.405687
v -2.797210 -44.741489 -22.102234
v -2.080490 -46.051800 -21.380600
v -1.821930 -43.840923 -17.783218
v -2.431190 -42.702423 -18.405687
v -1.630360 -42.145737 -15.052937
v -2.431190 -42.702423 -18.405687
v -1.821930 -43.840923 -17.783218
v -1.630360 -42.145737 -15.052937
v -2.152880 -41.150642 -15.592636
v -2.431190 -42.702423 -18.405687
v -2.594280 -38.544846 -7.131971
v -3.666770 -33.907780 -2.463799
v -3.406520 -36.953861 -7.986262
v -2.594280 -38.544846 -7.131971
v -2.801160 -35.577080 -1.592011
v -3.666770 -33.907780 -2.463799
v -2.662160 -32.684696 3.301987
v -3.666770 -33.907780 -2.463799
v -2.801160 -35.577080 -1.592011
v -2.662160 -32.684696 3.301987
v -3.424510 -31.119944 2.589865
v -3.666770 -33.907780 -2.463799
v -1.828530 -30.062550 6.942883
v -2.488120 -28.420504 7.477923
v -2.321990 -28.990244 6.445667
v -1.828530 -30.062550 6.942883
v -1.956690 -29.838699 8.146232
v -2.488120 -28.420504 7.477923
v -2.044190 -29.546146 9.273481
v -2.488120 -28.420504 7.477923
v -1.956690 -29.838699 8.146232
v -2.044190 -29.546146 9.273481
v -2.604300 -27.870358 8.475178
v -2.488120 -28.420504 7.477923
v -2.044190 -29.546146 9.273481
v -2.016150 -27.244984 9.607927
v -2.604300 -27.870358 8.475178
v -2.044190 -29.546146 9.273481
v -1.581090 -28.480120 10.238980
v -2.016150 -27.244984 9.607927
v -1.006550 -27.542542 10.675698
v -2.016150 -27.244984 9.607927
v -1.581090 -28.480120 10.238980
v -1.006550 -27.542542 10.675698
v -1.083230 -26.719273 10.559639
v -2.016150 -27.244984 9.607927
v -1.006550 -27.542542 10.675698
v -0.222470 -26.536659 10.889593
v -1.083230 -26.719273 10.559639
v -1.006550 -27.542542 10.675698
v -0.221300 -27.440807 10.956030
v -0.222470 -26.536659 10.889593
v 1.568730 -29.509777 9.335110
v 1.963660 -28.369764 7.564582
v 2.109230 -27.816450 8.567270
v 1.568730 -29.509777 9.335110
v 1.448990 -29.803223 8.206471
v 1.963660 -28.369764 7.564582
v 1.294180 -30.030491 6.997266
v 1.963660 -28.369764 7.564582
v 1.448990 -29.803223 8.206471
v 1.294180 -30.030491 6.997266
v 1.773780 -28.945290 6.522271
v 1.963660 -28.369764 7.564582
v 1.294180 -30.030491 6.997266
v 2.233130 -29.623507 5.294205
v 1.773780 -28.945290 6.522271
v 1.294180 -30.030491 6.997266
v 1.650060 -30.884670 5.813066
v 2.233130 -29.623507 5.294205
v 2.173390 -32.654163 3.351569
v 2.233130 -29.623507 5.294205
v 1.650060 -30.884670 5.813066
v 2.173390 -32.654163 3.351569
v 2.914420 -31.069538 2.673666
v 2.233130 -29.623507 5.294205
v 2.277290 -38.526016 -7.103641
v 2.465870 -39.280060 -12.208662
v 3.086860 -36.928726 -7.948430
v 2.277290 -38.526016 -7.103641
v 1.822170 -40.540947 -11.535545
v 2.465870 -39.280060 -12.208662
v 1.504900 -42.131638 -15.031127
v 2.465870 -39.280060 -12.208662
v 1.822170 -40.540947 -11.535545
v 1.504900 -42.131638 -15.031127
v 2.025400 -41.131813 -15.563480
v 2.465870 -39.280060 -12.208662
v 2.213630 -46.029053 -21.344492
v 2.626710 -47.944550 -27.914511
v 2.928200 -44.711128 -22.054028
v 2.213630 -46.029053 -21.344492
v 1.994110 -49.076061 -27.277216
v 2.626710 -47.944550 -27.914511
v 1.334460 -50.842579 -31.417952
v 2.626710 -47.944550 -27.914511
v 1.994110 -49.076061 -27.277216
v 1.334460 -50.842579 -31.417952
v 1.612460 -50.868984 -33.213692
v 2.626710 -47.944550 -27.914511
v 1.504900 -42.131638 -15.031127
v -0.113970 -40.979584 -11.342360
v -0.062240 -42.478207 -14.876108
v 1.504900 -42.131638 -15.031127
v 1.822170 -40.540947 -11.535545
v -0.113970 -40.979584 -11.342360
v 2.277290 -38.526016 -7.103641
v -0.113970 -40.979584 -11.342360
v 1.822170 -40.540947 -11.535545
v 2.277290 -38.526016 -7.103641
v -0.157770 -39.085491 -6.868491
v -0.113970 -40.979584 -11.342360
v -2.594280 -38.544846 -7.131971
v -0.113970 -40.979584 -11.342360
v -0.157770 -39.085491 -6.868491
v -2.594280 -38.544846 -7.131971
v -2.051320 -40.557041 -11.560093
v -0.113970 -40.979584 -11.342360
v -1.630360 -42.145737 -15.052937
v -0.113970 -40.979584 -11.342360
v -2.051320 -40.557041 -11.560093
v -1.630360 -42.145737 -15.052937
v -0.062240 -42.478207 -14.876108
v -0.113970 -40.979584 -11.342360
v -1.630360 -42.145737 -15.052937
v -2.697170 -39.301598 -12.241526
v -2.152880 -41.150642 -15.592636
v -1.630360 -42.145737 -15.052937
v -2.051320 -40.557041 -11.560093
v -2.697170 -39.301598 -12.241526
v -2.594280 -38.544846 -7.131971
v -2.697170 -39.301598 -12.241526
v -2.051320 -40.557041 -11.560093
v -2.594280 -38.544846 -7.131971
v -3.406520 -36.953861 -7.986262
v -2.697170 -39.301598 -12.241526
v 1.504900 -42.131638 -15.031127
v 2.438160 -42.678242 -18.367647
v 2.025400 -41.131813 -15.563480
v 1.504900 -42.131638 -15.031127
v 1.831150 -43.822796 -17.754719
v 2.438160 -42.678242 -18.367647
v 2.213630 -46.029053 -21.344492
v 2.438160 -42.678242 -18.367647
v 1.831150 -43.822796 -17.754719
v 2.213630 -46.029053 -21.344492
v 2.928200 -44.711128 -22.054028
v 2.438160 -42.678242 -18.367647
v 2.173390 -32.654163 3.351569
v -0.251490 -31.353455 5.900324
v -0.234230 -33.213142 3.524343
v 2.173390 -32.654163 3.351569
v 1.650060 -30.884670 5.813066
v -0.251490 -31.353455 5.900324
v 1.294180 -30.030491 6.997266
v -0.251490 -31.353455 5.900324
v 1.650060 -30.884670 5.813066
v 1.294180 -30.030491 6.997266
v -0.252670 -30.433201 7.082985
v -0.251490 -31.353455 5.900324
v -1.828530 -30.062550 6.942883
v -0.251490 -31.353455 5.900324
v -0.252670 -30.433201 7.082985
v -1.828530 -30.062550 6.942883
v -2.184110 -30.920467 5.752736
v -0.251490 -31.353455 5.900324
v -2.662160 -32.684696 3.301987
v -0.251490 -31.353455 5.900324
v -2.184110 -30.920467 5.752736
v -2.662160 -32.684696 3.301987
v -0.234230 -33.213142 3.524343
v -0.251490 -31.353455 5.900324
v -2.662160 -32.684696 3.301987
v -2.783110 -29.674158 5.208376
v -3.424510 -31.119944 2.589865
v -2.662160 -32.684696 3.301987
v -2.184110 -30.920467 5.752736
v -2.783110 -29.674158 5.208376
v -1.828530 -30.062550 6.942883
v -2.783110 -29.674158 5.208376
v -2.184110 -30.920467 5.752736
v -1.828530 -30.062550 6.942883
v -2.321990 -28.990244 6.445667
v -2.783110 -29.674158 5.208376
v 2.173390 -32.654163 3.351569
v 3.260880 -33.883423 -2.427911
v 2.914420 -31.069538 2.673666
v 2.173390 -32.654163 3.351569
v 2.398310 -35.558727 -1.564943
v 3.260880 -33.883423 -2.427911
v 2.277290 -38.526016 -7.103641
v 3.260880 -33.883423 -2.427911
v 2.398310 -35.558727 -1.564943
v 2.277290 -38.526016 -7.103641
v 3.086860 -36.928726 -7.948430
v 3.260880 -33.883423 -2.427911
v 1.294180 -30.030491 6.997266
v -0.237870 -30.325121 8.342352
v -0.252670 -30.433201 7.082985
v 1.294180 -30.030491 6.997266
v 1.448990 -29.803223 8.206471
v -0.237870 -30.325121 8.342352
v 1.568730 -29.509777 9.335110
v -0.237870 -30.325121 8.342352
v 1.448990 -29.803223 8.206471
v 1.568730 -29.509777 9.335110
v -0.221760 -30.114920 9.519196
v -0.237870 -30.325121 8.342352
v -2.044190 -29.546146 9.273481
v -0.237870 -30.325121 8.342352
v -0.221760 -30.114920 9.519196
v -2.044190 -29.546146 9.273481
v -1.956690 -29.838699 8.146232
v -0.237870 -30.325121 8.342352
v -1.828530 -30.062550 6.942883
v -0.237870 -30.325121 8.342352
v -1.956690 -29.838699 8.146232
v -1.828530 -30.062550 6.942883
v -0.252670 -30.433201 7.082985
v -0.237870 -30.325121 8.342352
v 1.568730 -29.509777 9.335110
v -0.218650 -28.891909 10.447750
v -0.221760 -30.114920 9.519196
v 1.568730 -29.509777 9.335110
v 1.125200 -28.457239 10.277240
v -0.218650 -28.891909 10.447750
v 0.562470 -27.535690 10.686237
v -0.218650 -28.891909 10.447750
v 1.125200 -28.457239 10.277240
v 0.562470 -27.535690 10.686237
v -0.221300 -27.440807 10.956030
v -0.218650 -28.891909 10.447750
v 0.562470 -27.535690 10.686237
v -0.222470 -26.536659 10.889593
v -0.221300 -27.440807 10.956030
v 0.562470 -27.535690 10.686237
v 0.635940 -26.710995 10.572589
v -0.222470 -26.536659 10.889593
v 0.562470 -27.535690 10.686237
v 1.544310 -27.207882 9.670949
v 0.635940 -26.710995 10.572589
v 0.562470 -27.535690 10.686237
v 1.125200 -28.457239 10.277240
v 1.544310 -27.207882 9.670949
v 1.568730 -29.509777 9.335110
v 1.544310 -27.207882 9.670949
v 1.125200 -28.457239 10.277240
v 1.568730 -29.509777 9.335110
v 2.109230 -27.816450 8.567270
v 1.544310 -27.207882 9.670949
v 1.333980 -49.368797 -32.241879
v 0.094040 -46.439213 -28.766245
v 1.993620 -46.813225 -28.550602
v 1.333980 -49.368797 -32.241879
v 0.095850 -49.967228 -33.717907
v 0.094040 -46.439213 -28.766245
v -1.142400 -49.371204 -32.243294
v 0.094040 -46.439213 -28.766245
v 0.095850 -49.967228 -33.717907
v -1.142400 -49.371204 -32.243294
v -1.805570 -46.818581 -28.555782
v 0.094040 -46.439213 -28.766245
v -2.082270 -43.444771 -22.850199
v 0.094040 -46.439213 -28.766245
v -1.805570 -46.818581 -28.555782
v -2.082270 -43.444771 -22.850199
v 0.064840 -43.014565 -23.105467
v 0.094040 -46.439213 -28.766245
v 2.211960 -43.422035 -22.814106
v 0.094040 -46.439213 -28.766245
v 0.064840 -43.014565 -23.105467
v 2.211960 -43.422035 -22.814106
v 1.993620 -46.813225 -28.550602
v 0.094040 -46.439213 -28.766245
v 2.211960 -43.422035 -22.814106
v 0.002610 -41.199299 -19.266451
v 1.828350 -41.556107 -19.019764
v 2.211960 -43.422035 -22.814106
v 0.064840 -43.014565 -23.105467
v 0.002610 -41.199299 -19.266451
v -2.082270 -43.444771 -22.850199
v 0.002610 -41.199299 -19.266451
v 0.064840 -43.014565 -23.105467
v -2.082270 -43.444771 -22.850199
v -1.822930 -41.574223 -19.048239
v 0.002610 -41.199299 -19.266451
v -1.630730 -40.163498 -16.147968
v 0.002610 -41.199299 -19.266451
v -1.822930 -41.574223 -19.048239
v -1.630730 -40.163498 -16.147968
v -0.064660 -39.835247 -16.336185
v 0.002610 -41.199299 -19.266451
v 1.501720 -40.149387 -16.126143
v 0.002610 -41.199299 -19.266451
v -0.064660 -39.835247 -16.336185
v 1.501720 -40.149387 -16.126143
v 1.828350 -41.556107 -19.019764
v 0.002610 -41.199299 -19.266451
v 2.274400 -35.372627 -8.865961
v -0.203690 -31.746733 -3.748909
v 2.393620 -32.258011 -3.379235
v 2.274400 -35.372627 -8.865961
v -0.160650 -34.881042 -9.218357
v -0.203690 -31.746733 -3.748909
v -2.595710 -35.391491 -8.894329
v -0.203690 -31.746733 -3.748909
v -0.160650 -34.881042 -9.218357
v -2.595710 -35.391491 -8.894329
v -2.801130 -32.276310 -3.406217
v -0.203690 -31.746733 -3.748909
v -2.649780 -29.658199 1.689211
v -0.203690 -31.746733 -3.748909
v -2.801130 -32.276310 -3.406217
v -2.649780 -29.658199 1.689211
v -0.237270 -29.189735 1.352376
v -0.203690 -31.746733 -3.748909
v 2.149280 -29.621933 1.749216
v -0.203690 -31.746733 -3.748909
v -0.237270 -29.189735 1.352376
v 2.149280 -29.621933 1.749216
v 2.393620 -32.258011 -3.379235
v -0.203690 -31.746733 -3.748909
v -2.027850 -26.289883 7.502755
v -0.220840 -25.657314 8.656440
v -0.224900 -25.792692 7.122976
v -2.027850 -26.289883 7.502755
v -1.576230 -26.049028 8.904816
v -0.220840 -25.657314 8.656440
v -1.007420 -26.182968 9.923290
v -0.220840 -25.657314 8.656440
v -1.576230 -26.049028 8.904816
v -1.007420 -26.182968 9.923290
v -0.222270 -25.999214 10.158533
v -0.220840 -25.657314 8.656440
v -1.142400 -49.371204 -32.243294
v 0.095880 -51.841656 -34.974792
v -1.420210 -50.871925 -33.215405
v -1.142400 -49.371204 -32.243294
v 0.095850 -49.967228 -33.717907
v 0.095880 -51.841656 -34.974792
v 1.333980 -49.368797 -32.241879
v 0.095880 -51.841656 -34.974792
v 0.095850 -49.967228 -33.717907
v 1.333980 -49.368797 -32.241879
v 1.612460 -50.868984 -33.213692
v 0.095880 -51.841656 -34.974792
v -2.082270 -43.444771 -22.850199
v -2.437890 -47.951706 -27.921434
v -2.797210 -44.741489 -22.102234
v -2.082270 -43.444771 -22.850199
v -1.805570 -46.818581 -28.555782
v -2.437890 -47.951706 -27.921434
v -1.142400 -49.371204 -32.243294
v -2.437890 -47.951706 -27.921434
v -1.805570 -46.818581 -28.555782
v -1.142400 -49.371204 -32.243294
v -1.420210 -50.871925 -33.215405
v -2.437890 -47.951706 -27.921434
v -1.630730 -40.163498 -16.147968
v -2.431190 -42.702423 -18.405687
v -2.152880 -41.150642 -15.592636
v -1.630730 -40.163498 -16.147968
v -1.822930 -41.574223 -19.048239
v -2.431190 -42.702423 -18.405687
v -2.082270 -43.444771 -22.850199
v -2.431190 -42.702423 -18.405687
v -1.822930 -41.574223 -19.048239
v -2.082270 -43.444771 -22.850199
v -2.797210 -44.741489 -22.102234
v -2.431190 -42.702423 -18.405687
v -2.649780 -29.658199 1.689211
v -3.666770 -33.907780 -2.463799
v -3.424510 -31.119944 2.589865
v -2.649780 -29.658199 1.689211
v -2.801130 -32.276310 -3.406217
v -3.666770 -33.907780 -2.463799
v -2.595710 -35.391491 -8.894329
v -3.666770 -33.907780 -2.463799
v -2.801130 -32.276310 -3.406217
v -2.595710 -35.391491 -8.894329
v -3.406520 -36.953861 -7.986262
v -3.666770 -33.907780 -2.463799
v -2.027850 -26.289883 7.502755
v -2.488120 -28.420504 7.477923
v -2.604300 -27.870358 8.475178
v -2.027850 -26.289883 7.502755
v -1.942320 -27.089331 6.650607
v -2.488120 -28.420504 7.477923
v -1.818250 -27.988049 5.820187
v -2.488120 -28.420504 7.477923
v -1.942320 -27.089331 6.650607
v -1.818250 -27.988049 5.820187
v -2.321990 -28.990244 6.445667
v -2.488120 -28.420504 7.477923
v -1.007420 -26.182968 9.923290
v -2.016150 -27.244984 9.607927
v -1.083230 -26.719273 10.559639
v -1.007420 -26.182968 9.923290
v -1.576230 -26.049028 8.904816
v -2.016150 -27.244984 9.607927
v -2.027850 -26.289883 7.502755
v -2.016150 -27.244984 9.607927
v -1.576230 -26.049028 8.904816
v -2.027850 -26.289883 7.502755
v -2.604300 -27.870358 8.475178
v -2.016150 -27.244984 9.607927
v -1.007420 -26.182968 9.923290
v -0.222470 -26.536659 10.889593
v -0.222270 -25.999214 10.158533
v -1.007420 -26.182968 9.923290
v -1.083230 -26.719273 10.559639
v -0.222470 -26.536659 10.889593
v 1.276270 -27.952145 5.881579
v 1.963660 -28.369764 7.564582
v 1.773780 -28.945290 6.522271
v 1.276270 -27.952145 5.881579
v 1.424440 -27.048557 6.720505
v 1.963660 -28.369764 7.564582
v 1.539960 -26.246990 7.576254
v 1.963660 -28.369764 7.564582
v 1.424440 -27.048557 6.720505
v 1.539960 -26.246990 7.576254
v 2.109230 -27.816450 8.567270
v 1.963660 -28.369764 7.564582
v 2.149280 -29.621933 1.749216
v 2.233130 -29.623507 5.294205
v 2.914420 -31.069538 2.673666
v 2.149280 -29.621933 1.749216
v 1.626200 -28.486197 4.552264
v 2.233130 -29.623507 5.294205
v 1.276270 -27.952145 5.881579
v 2.233130 -29.623507 5.294205
v 1.626200 -28.486197 4.552264
v 1.276270 -27.952145 5.881579
v 1.773780 -28.945290 6.522271
v 2.233130 -29.623507 5.294205
v 1.501720 -40.149387 -16.126143
v 2.465870 -39.280060 -12.208662
v 2.025400 -41.131813 -15.563480
v 1.501720 -40.149387 -16.126143
v 1.819350 -38.044998 -12.927036
v 2.465870 -39.280060 -12.208662
v 2.274400 -35.372627 -8.865961
v 2.465870 -39.280060 -12.208662
v 1.819350 -38.044998 -12.927036
v 2.274400 -35.372627 -8.865961
v 3.086860 -36.928726 -7.948430
v 2.465870 -39.280060 -12.208662
v 1.333980 -49.368797 -32.241879
v 2.626710 -47.944550 -27.914511
v 1.612460 -50.868984 -33.213692
v 1.333980 -49.368797 -32.241879
v 1.993620 -46.813225 -28.550602
v 2.626710 -47.944550 -27.914511
v 2.211960 -43.422035 -22.814106
v 2.626710 -47.944550 -27.914511
v 1.993620 -46.813225 -28.550602
v 2.211960 -43.422035 -22.814106
v 2.928200 -44.711128 -22.054028
v 2.626710 -47.944550 -27.914511
v -1.630730 -40.163498 -16.147968
v -0.116650 -37.651695 -13.197765
v -0.064660 -39.835247 -16.336185
v -1.630730 -40.163498 -16.147968
v -2.052350 -38.061142 -12.951691
v -0.116650 -37.651695 -13.197765
v -2.595710 -35.391491 -8.894329
v -0.116650 -37.651695 -13.197765
v -2.052350 -38.061142 -12.951691
v -2.595710 -35.391491 -8.894329
v -0.160650 -34.881042 -9.218357
v -0.116650 -37.651695 -13.197765
v 2.274400 -35.372627 -8.865961
v -0.116650 -37.651695 -13.197765
v -0.160650 -34.881042 -9.218357
v 2.274400 -35.372627 -8.865961
v 1.819350 -38.044998 -12.927036
v -0.116650 -37.651695 -13.197765
v 1.501720 -40.149387 -16.126143
v -0.116650 -37.651695 -13.197765
v 1.819350 -38.044998 -12.927036
v 1.501720 -40.149387 -16.126143
v -0.064660 -39.835247 -16.336185
v -0.116650 -37.651695 -13.197765
v -2.595710 -35.391491 -8.894329
v -2.697170 -39.301598 -12.241526
v -3.406520 -36.953861 -7.986262
v -2.595710 -35.391491 -8.894329
v -2.052350 -38.061142 -12.951691
v -2.697170 -39.301598 -12.241526
v -1.630730 -40.163498 -16.147968
v -2.697170 -39.301598 -12.241526
v -2.052350 -38.061142 -12.951691
v -1.630730 -40.163498 -16.147968
v -2.152880 -41.150642 -15.592636
v -2.697170 -39.301598 -12.241526
v 2.211960 -43.422035 -22.814106
v 2.438160 -42.678242 -18.367647
v 2.928200 -44.711128 -22.054028
v 2.211960 -43.422035 -22.814106
v 1.828350 -41.556107 -19.019764
v 2.438160 -42.678242 -18.367647
v 1.501720 -40.149387 -16.126143
v 2.438160 -42.678242 -18.367647
v 1.828350 -41.556107 -19.019764
v 1.501720 -40.149387 -16.126143
v 2.025400 -41.131813 -15.563480
v 2.438160 -42.678242 -18.367647
v -2.649780 -29.658199 1.689211
v -0.253830 -28.176760 4.180696
v -0.237270 -29.189735 1.352376
v -2.649780 -29.658199 1.689211
v -2.169140 -28.526306 4.484098
v -0.253830 -28.176760 4.180696
v -1.818250 -27.988049 5.820187
v -0.253830 -28.176760 4.180696
v -2.169140 -28.526306 4.484098
v -1.818250 -27.988049 5.820187
v -0.255510 -27.678387 5.565829
v -0.253830 -28.176760 4.180696
v 1.276270 -27.952145 5.881579
v -0.253830 -28.176760 4.180696
v -0.255510 -27.678387 5.565829
v 1.276270 -27.952145 5.881579
v 1.626200 -28.486197 4.552264
v -0.253830 -28.176760 4.180696
v 2.149280 -29.621933 1.749216
v -0.253830 -28.176760 4.180696
v 1.626200 -28.486197 4.552264
v 2.149280 -29.621933 1.749216
v -0.237270 -29.189735 1.352376
v -0.253830 -28.176760 4.180696
v -1.818250 -27.988049 5.820187
v -2.783110 -29.674158 5.208376
v -2.321990 -28.990244 6.445667
v -1.818250 -27.988049 5.820187
v -2.169140 -28.526306 4.484098
v -2.783110 -29.674158 5.208376
v -2.649780 -29.658199 1.689211
v -2.783110 -29.674158 5.208376
v -2.169140 -28.526306 4.484098
v -2.649780 -29.658199 1.689211
v -3.424510 -31.119944 2.589865
v -2.783110 -29.674158 5.208376
v 2.274400 -35.372627 -8.865961
v 3.260880 -33.883423 -2.427911
v 3.086860 -36.928726 -7.948430
v 2.274400 -35.372627 -8.865961
v 2.393620 -32.258011 -3.379235
v 3.260880 -33.883423 -2.427911
v 2.149280 -29.621933 1.749216
v 3.260880 -33.883423 -2.427911
v 2.393620 -32.258011 -3.379235
v 2.149280 -29.621933 1.749216
v 2.914420 -31.069538 2.673666
v 3.260880 -33.883423 -2.427911
v 1.276270 -27.952145 5.881579
v -0.241290 -26.675629 6.318623
v 1.424440 -27.048557 6.720505
v 1.276270 -27.952145 5.881579
v -0.255510 -27.678387 5.565829
v -0.241290 -26.675629 6.318623
v -1.818250 -27.988049 5.820187
v -0.241290 -26.675629 6.318623
v -0.255510 -27.678387 5.565829
v -1.818250 -27.988049 5.820187
v -1.942320 -27.089331 6.650607
v -0.241290 -26.675629 6.318623
v -2.027850 -26.289883 7.502755
v -0.241290 -26.675629 6.318623
v -1.942320 -27.089331 6.650607
v -2.027850 -26.289883 7.502755
v -0.224900 -25.792692 7.122976
v -0.241290 -26.675629 6.318623
v 1.539960 -26.246990 7.576254
v -0.241290 -26.675629 6.318623
v -0.224900 -25.792692 7.122976
v 1.539960 -26.246990 7.576254
v 1.424440 -27.048557 6.720505
v -0.241290 -26.675629 6.318623
v 1.539960 -26.246990 7.576254
v -0.220840 -25.657314 8.656440
v 1.110700 -26.020996 8.952427
v 1.539960 -26.246990 7.576254
v -0.224900 -25.792692 7.122976
v -0.220840 -25.657314 8.656440
v 0.558940 -26.173977 9.937744
v -0.220840 -25.657314 8.656440
v -0.222270 -25.999214 10.158533
v 0.558940 -26.173977 9.937744
v 1.110700 -26.020996 8.952427
v -0.220840 -25.657314 8.656440
v 0.558940 -26.173977 9.937744
v -0.222470 -26.536659 10.889593
v 0.635940 -26.710995 10.572589
v 0.558940 -26.173977 9.937744
v -0.222270 -25.999214 10.158533
v -0.222470 -26.536659 10.889593
v 1.539960 -26.246990 7.576254
v 1.544310 -27.207882 9.670949
v 2.109230 -27.816450 8.567270
v 1.539960 -26.246990 7.576254
v 1.110700 -26.020996 8.952427
v 1.544310 -27.207882 9.670949
v 0.558940 -26.173977 9.937744
v 1.544310 -27.207882 9.670949
v 1.110700 -26.020996 8.952427
v 0.558940 -26.173977 9.937744
v 0.635940 -26.710995 10.572589
v 1.544310 -27.207882 9.670949
v 2.943620 -38.171185 -8.123277
v 3.598930 -38.589912 -9.343538
v 3.763900 -38.642097 -9.187653
v 2.943620 -38.171185 -8.123277
v 2.779210 -38.118164 -8.277671
v 3.598930 -38.589912 -9.343538
v 3.763900 -38.642097 -9.187653
v 4.428280 -39.050514 -10.389231
v 4.593760 -39.101845 -10.231781
v 3.763900 -38.642097 -9.187653
v 3.598930 -38.589912 -9.343538
v 4.428280 -39.050514 -10.389231
v 4.593760 -39.101845 -10.231781
v 5.266610 -39.499725 -11.414276
v 5.432720 -39.550224 -11.255329
v 4.593760 -39.101845 -10.231781
v 4.428280 -39.050514 -10.389231
v 5.266610 -39.499725 -11.414276
v 5.432720 -39.550224 -11.255329
v 6.113580 -39.937366 -12.418372
v 6.280020 -39.987026 -12.257904
v 5.432720 -39.550224 -11.255329
v 5.266610 -39.499725 -11.414276
v 6.113580 -39.937366 -12.418372
v 6.280020 -39.987026 -12.257904
v 7.074830 -40.224712 -13.443711
v 7.173160 -40.314034 -13.253489
v 6.280020 -39.987026 -12.257904
v 6.113580 -39.937366 -12.418372
v 7.074830 -40.224712 -13.443711
v 7.173160 -40.314034 -13.253489
v 6.982210 -40.729652 -13.679165
v 7.013590 -40.764076 -13.459759
v 7.173160 -40.314034 -13.253489
v 7.074830 -40.224712 -13.443711
v 6.982210 -40.729652 -13.679165
v 7.013590 -40.764076 -13.459759
v 6.116390 -41.858459 -13.921267
v 6.148990 -41.893311 -13.702620
v 7.013590 -40.764076 -13.459759
v 6.982210 -40.729652 -13.679165
v 6.116390 -41.858459 -13.921267
v 6.148990 -41.893311 -13.702620
v 5.259820 -43.000572 -14.151056
v 5.293280 -43.035767 -13.933031
v 6.148990 -41.893311 -13.702620
v 6.116390 -41.858459 -13.921267
v 5.259820 -43.000572 -14.151056
v 5.293280 -43.035767 -13.933031
v 4.408510 -44.149841 -14.366236
v 4.443010 -44.185436 -14.148951
v 5.293280 -43.035767 -13.933031
v 5.259820 -43.000572 -14.151056
v 4.408510 -44.149841 -14.366236
v 4.443010 -44.185436 -14.148951
v 3.501720 -45.154842 -14.569591
v 3.508600 -45.219849 -14.366367
v 4.443010 -44.185436 -14.148951
v 4.408510 -44.149841 -14.366236
v 3.501720 -45.154842 -14.569591
v 3.508600 -45.219849 -14.366367
v 2.995710 -45.519855 -15.190525
v 2.957230 -45.765404 -14.637235
v 3.508600 -45.219849 -14.366367
v 3.501720 -45.154842 -14.569591
v 2.995710 -45.519855 -15.190525
v 2.957230 -45.765404 -14.637235
v 2.665890 -45.923439 -15.126237
v 2.702460 -45.960140 -14.910971
v 2.957230 -45.765404 -14.637235
v 2.995710 -45.519855 -15.190525
v 2.665890 -45.923439 -15.126237
v 3.038470 -37.995262 -8.123033
v 3.694230 -38.413654 -9.342704
v 2.874290 -37.942375 -8.277673
v 3.038470 -37.995262 -8.123033
v 3.859050 -38.465694 -9.186532
v 3.694230 -38.413654 -9.342704
v 3.859050 -38.465694 -9.186532
v 4.523800 -38.873844 -10.387640
v 3.694230 -38.413654 -9.342704
v 3.859050 -38.465694 -9.186532
v 4.689110 -38.925034 -10.229937
v 4.523800 -38.873844 -10.387640
v 4.689110 -38.925034 -10.229937
v 5.362410 -39.322666 -11.411986
v 4.523800 -38.873844 -10.387640
v 4.689110 -38.925034 -10.229937
v 5.528290 -39.373062 -11.252846
v 5.362410 -39.322666 -11.411986
v 5.528290 -39.373062 -11.252846
v 6.209550 -39.759892 -12.415319
v 5.362410 -39.322666 -11.411986
v 5.528290 -39.373062 -11.252846
v 6.375850 -39.809467 -12.254690
v 6.209550 -39.759892 -12.415319
v 6.375850 -39.809467 -12.254690
v 7.364310 -40.034725 -13.520867
v 6.209550 -39.759892 -12.415319
v 6.375850 -39.809467 -12.254690
v 7.462410 -40.123882 -13.330324
v 7.364310 -40.034725 -13.520867
v 7.462410 -40.123882 -13.330324
v 7.155960 -40.832806 -13.713097
v 7.364310 -40.034725 -13.520867
v 7.462410 -40.123882 -13.330324
v 7.187240 -40.867306 -13.493820
v 7.155960 -40.832806 -13.713097
v 7.187240 -40.867306 -13.493820
v 6.290530 -41.962521 -13.956811
v 7.155960 -40.832806 -13.713097
v 7.187240 -40.867306 -13.493820
v 6.322810 -41.997314 -13.738070
v 6.290530 -41.962521 -13.956811
v 6.322810 -41.997314 -13.738070
v 5.434180 -43.105350 -14.187895
v 6.290530 -41.962521 -13.956811
v 6.322810 -41.997314 -13.738070
v 5.467610 -43.140583 -13.969954
v 5.434180 -43.105350 -14.187895
v 5.467610 -43.140583 -13.969954
v 4.583180 -44.255394 -14.404500
v 5.434180 -43.105350 -14.187895
v 5.467610 -43.140583 -13.969954
v 4.617540 -44.290962 -14.187149
v 4.583180 -44.255394 -14.404500
v 4.617540 -44.290962 -14.187149
v 3.676700 -45.261307 -14.609510
v 4.583180 -44.255394 -14.404500
v 4.617540 -44.290962 -14.187149
v 3.683450 -45.326328 -14.406292
v 3.676700 -45.261307 -14.609510
v 3.683450 -45.326328 -14.406292
v 3.170990 -45.626740 -15.231196
v 3.676700 -45.261307 -14.609510
v 3.683450 -45.326328 -14.406292
v 3.132380 -45.872402 -14.678118
v 3.170990 -45.626740 -15.231196
v 3.132380 -45.872402 -14.678118
v 2.841230 -46.030643 -15.167486
v 3.170990 -45.626740 -15.231196
v 3.132380 -45.872402 -14.678118
v 2.877600 -46.067352 -14.952237
v 2.841230 -46.030643 -15.167486
v 2.943620 -38.171185 -8.123277
v 2.874290 -37.942375 -8.277673
v 2.779210 -38.118164 -8.277671
v 2.943620 -38.171185 -8.123277
v 3.038470 -37.995262 -8.123033
v 2.874290 -37.942375 -8.277673
v 2.779210 -38.118164 -8.277671
v 3.694230 -38.413654 -9.342704
v 3.598930 -38.589912 -9.343538
v 2.779210 -38.118164 -8.277671
v 2.874290 -37.942375 -8.277673
v 3.694230 -38.413654 -9.342704
v 3.598930 -38.589912 -9.343538
v 4.523800 -38.873844 -10.387640
v 4.428280 -39.050514 -10.389231
v 3.598930 -38.589912 -9.343538
v 3.694230 -38.413654 -9.342704
v 4.523800 -38.873844 -10.387640
v 4.428280 -39.050514 -10.389231
v 5.362410 -39.322666 -11.411986
v 5.266610 -39.499725 -11.414276
v 4.428280 -39.050514 -10.389231
v 4.523800 -38.873844 -10.387640
v 5.362410 -39.322666 -11.411986
v 5.266610 -39.499725 -11.414276
v 6.209550 -39.759892 -12.415319
v 6.113580 -39.937366 -12.418372
v 5.266610 -39.499725 -11.414276
v 5.362410 -39.322666 -11.411986
v 6.209550 -39.759892 -12.415319
v 6.113580 -39.937366 -12.418372
v 7.364310 -40.034725 -13.520867
v 7.074830 -40.224712 -13.443711
v 6.113580 -39.937366 -12.418372
v 6.209550 -39.759892 -12.415319
v 7.364310 -40.034725 -13.520867
v 7.074830 -40.224712 -13.443711
v 7.155960 -40.832806 -13.713097
v 6.982210 -40.729652 -13.679165
v 7.074830 -40.224712 -13.443711
v 7.364310 -40.034725 -13.520867
v 7.155960 -40.832806 -13.713097
v 6.982210 -40.729652 -13.679165
v 6.290530 -41.962521 -13.956811
v 6.116390 -41.858459 -13.921267
v 6.982210 -40.729652 -13.679165
v 7.155960 -40.832806 -13.713097
v 6.290530 -41.962521 -13.956811
v 6.116390 -41.858459 -13.921267
v 5.434180 -43.105350 -14.187895
v 5.259820 -43.000572 -14.151056
v 6.116390 -41.858459 -13.921267
v 6.290530 -41.962521 -13.956811
v 5.434180 -43.105350 -14.187895
v 5.259820 -43.000572 -14.151056
v 4.583180 -44.255394 -14.404500
v 4.408510 -44.149841 -14.366236
v 5.259820 -43.000572 -14.151056
v 5.434180 -43.105350 -14.187895
v 4.583180 -44.255394 -14.404500
v 4.408510 -44.149841 -14.366236
v 3.676700 -45.261307 -14.609510
v 3.501720 -45.154842 -14.569591
v 4.408510 -44.149841 -14.366236
v 4.583180 -44.255394 -14.404500
v 3.676700 -45.261307 -14.609510
v 3.501720 -45.154842 -14.569591
v 3.170990 -45.626740 -15.231196
v 2.995710 -45.519855 -15.190525
v 3.501720 -45.154842 -14.569591
v 3.676700 -45.261307 -14.609510
v 3.170990 -45.626740 -15.231196
v 2.995710 -45.519855 -15.190525
v 2.841230 -46.030643 -15.167486
v 2.665890 -45.923439 -15.126237
v 2.995710 -45.519855 -15.190525
v 3.170990 -45.626740 -15.231196
v 2.841230 -46.030643 -15.167486
v 2.665890 -45.923439 -15.126237
v 2.877600 -46.067352 -14.952237
v 2.702460 -45.960140 -14.910971
v 2.665890 -45.923439 -15.126237
v 2.841230 -46.030643 -15.167486
v 2.877600 -46.067352 -14.952237
v 2.702460 -45.960140 -14.910971
v 3.132380 -45.872402 -14.678118
v 2.957230 -45.765404 -14.637235
v 2.702460 -45.960140 -14.910971
v 2.877600 -46.067352 -14.952237
v 3.132380 -45.872402 -14.678118
v 2.957230 -45.765404 -14.637235
v 3.683450 -45.326328 -14.406292
v 3.508600 -45.219849 -14.366367
v 2.957230 -45.765404 -14.637235
v 3.132380 -45.872402 -14.678118
v 3.683450 -45.326328 -14.406292
v 3.508600 -45.219849 -14.366367
v 4.617540 -44.290962 -14.187149
v 4.443010 -44.185436 -14.148951
v 3.508600 -45.219849 -14.366367
v 3.683450 -45.326328 -14.406292
v 4.617540 -44.290962 -14.187149
v 4.443010 -44.185436 -14.148951
v 5.467610 -43.140583 -13.969954
v 5.293280 -43.035767 -13.933031
v 4.443010 -44.185436 -14.148951
v 4.617540 -44.290962 -14.187149
v 5.467610 -43.140583 -13.969954
v 5.293280 -43.035767 -13.933031
v 6.322810 -41.997314 -13.738070
v 6.148990 -41.893311 -13.702620
v 5.293280 -43.035767 -13.933031
v 5.467610 -43.140583 -13.969954
v 6.322810 -41.997314 -13.738070
v 6.148990 -41.893311 -13.702620
v 7.187240 -40.867306 -13.493820
v 7.013590 -40.764076 -13.459759
v 6.148990 -41.893311 -13.702620
v 6.322810 -41.997314 -13.738070
v 7.187240 -40.867306 -13.493820
v 7.013590 -40.764076 -13.459759
v 7.187240 -40.867306 -13.493820
v 7.462410 -40.123882 -13.330324
v 7.013590 -40.764076 -13.459759
v 7.462410 -40.123882 -13.330324
v 7.173160 -40.314034 -13.253489
v 7.173160 -40.314034 -13.253489
v 6.375850 -39.809467 -12.254690
v 6.280020 -39.987026 -12.257904
v 7.173160 -40.314034 -13.253489
v 7.462410 -40.123882 -13.330324
v 6.375850 -39.809467 -12.254690
v 6.280020 -39.987026 -12.257904
v 5.528290 -39.373062 -11.252846
v 5.432720 -39.550224 -11.255329
v 6.280020 -39.987026 -12.257904
v 6.375850 -39.809467 -12.254690
v 5.528290 -39.373062 -11.252846
v 5.432720 -39.550224 -11.255329
v 4.689110 -38.925034 -10.229937
v 4.593760 -39.101845 -10.231781
v 5.432720 -39.550224 -11.255329
v 5.528290 -39.373062 -11.252846
v 4.689110 -38.925034 -10.229937
v 4.593760 -39.101845 -10.231781
v 3.859050 -38.465694 -9.186532
v 3.763900 -38.642097 -9.187653
v 4.593760 -39.101845 -10.231781
v 4.689110 -38.925034 -10.229937
v 3.859050 -38.465694 -9.186532
v 3.763900 -38.642097 -9.187653
v 3.038470 -37.995262 -8.123033
v 2.943620 -38.171185 -8.123277
v 3.763900 -38.642097 -9.187653
v 3.859050 -38.465694 -9.186532
v 3.038470 -37.995262 -8.123033
v -0.251690 -37.551403 -6.650224
v -1.694790 -37.394985 -6.564229
v -0.316130 -37.748817 -6.743636
v -0.251690 -37.551403 -6.650224
v -1.629080 -37.198204 -6.471965
v -1.694790 -37.394985 -6.564229
v -1.629080 -37.198204 -6.471965
v -3.067420 -37.023048 -6.352007
v -1.694790 -37.394985 -6.564229
v -1.629080 -37.198204 -6.471965
v -3.000350 -36.826832 -6.260779
v -3.067420 -37.023048 -6.352007
v -3.000350 -36.826832 -6.260779
v -4.432830 -36.633121 -6.107196
v -3.067420 -37.023048 -6.352007
v -3.000350 -36.826832 -6.260779
v -4.364460 -36.437664 -6.017354
v -4.432830 -36.633121 -6.107196
v -4.364460 -36.437664 -6.017354
v -5.789830 -36.225639 -5.830580
v -4.432830 -36.633121 -6.107196
v -4.364460 -36.437664 -6.017354
v -5.720250 -36.030842 -5.741929
v -5.789830 -36.225639 -5.830580
v -5.720250 -36.030842 -5.741929
v -7.197650 -35.743023 -5.680798
v -5.789830 -36.225639 -5.830580
v -5.720250 -36.030842 -5.741929
v -7.078430 -35.591251 -5.545566
v -7.197650 -35.743023 -5.680798
v -7.078430 -35.591251 -5.545566
v -7.465850 -35.838482 -5.161294
v -7.197650 -35.743023 -5.680798
v -7.078430 -35.591251 -5.545566
v -7.281190 -35.738445 -5.084873
v -7.465850 -35.838482 -5.161294
v -7.281190 -35.738445 -5.084873
v -7.535600 -36.494038 -3.961607
v -7.465850 -35.838482 -5.161294
v -7.281190 -35.738445 -5.084873
v -7.351690 -36.393990 -3.885181
v -7.535600 -36.494038 -3.961607
v -7.351690 -36.393990 -3.885181
v -7.622150 -37.131897 -2.729827
v -7.535600 -36.494038 -3.961607
v -7.351690 -36.393990 -3.885181
v -7.439040 -37.031921 -2.653523
v -7.622150 -37.131897 -2.729827
v -7.439040 -37.031921 -2.653523
v -7.720680 -37.756042 -1.473185
v -7.622150 -37.131897 -2.729827
v -7.439040 -37.031921 -2.653523
v -7.538440 -37.656261 -1.397253
v -7.720680 -37.756042 -1.473185
v -7.538440 -37.656261 -1.397253
v -7.781770 -38.435776 -0.365731
v -7.720680 -37.756042 -1.473185
v -7.538440 -37.656261 -1.397253
v -7.608270 -38.360020 -0.259118
v -7.781770 -38.435776 -0.365731
v -7.608270 -38.360020 -0.259118
v -8.259230 -38.991272 -0.043375
v -7.781770 -38.435776 -0.365731
v -7.608270 -38.360020 -0.259118
v -7.779690 -38.825455 0.321835
v -8.259230 -38.991272 -0.043375
v -7.779690 -38.825455 0.321835
v -8.169340 -39.190895 0.429110
v -8.259230 -38.991272 -0.043375
v -7.779690 -38.825455 0.321835
v -7.988060 -39.092033 0.503390
v -8.169340 -39.190895 0.429110
v -0.251910 -37.491463 -6.844731
v -1.696390 -37.335106 -6.758817
v -1.630520 -37.138298 -6.666533
v -0.251910 -37.491463 -6.844731
v -0.316480 -37.688885 -6.938128
v -1.696390 -37.335106 -6.758817
v -1.630520 -37.138298 -6.666533
v -3.070150 -36.963100 -6.546497
v -3.003030 -36.766979 -6.455433
v -1.630520 -37.138298 -6.666533
v -1.696390 -37.335106 -6.758817
v -3.070150 -36.963100 -6.546497
v -3.003030 -36.766979 -6.455433
v -4.436720 -36.573219 -6.301764
v -4.368300 -36.377750 -6.211904
v -3.003030 -36.766979 -6.455433
v -3.070150 -36.963100 -6.546497
v -4.436720 -36.573219 -6.301764
v -4.368300 -36.377750 -6.211904
v -5.794890 -36.165630 -6.024944
v -5.725270 -35.970867 -5.936353
v -4.368300 -36.377750 -6.211904
v -4.436720 -36.573219 -6.301764
v -5.794890 -36.165630 -6.024944
v -5.725270 -35.970867 -5.936353
v -7.360510 -35.552376 -5.895800
v -7.241030 -35.400864 -5.761020
v -5.725270 -35.970867 -5.936353
v -5.794890 -36.165630 -6.024944
v -7.360510 -35.552376 -5.895800
v -7.241030 -35.400864 -5.761020
v -7.589020 -35.696201 -5.046207
v -7.404420 -35.596329 -4.970084
v -7.241030 -35.400864 -5.761020
v -7.360510 -35.552376 -5.895800
v -7.589020 -35.696201 -5.046207
v -7.404420 -35.596329 -4.970084
v -7.657970 -36.351665 -3.846364
v -7.474170 -36.251839 -3.770331
v -7.404420 -35.596329 -4.970084
v -7.589020 -35.696201 -5.046207
v -7.657970 -36.351665 -3.846364
v -7.474170 -36.251839 -3.770331
v -7.743690 -36.989494 -2.614533
v -7.560690 -36.889660 -2.538492
v -7.474170 -36.251839 -3.770331
v -7.657970 -36.351665 -3.846364
v -7.743690 -36.989494 -2.614533
v -7.560690 -36.889660 -2.538492
v -7.841340 -37.613647 -1.357900
v -7.659300 -37.514027 -1.282243
v -7.560690 -36.889660 -2.538492
v -7.743690 -36.989494 -2.614533
v -7.841340 -37.613647 -1.357900
v -7.659300 -37.514027 -1.282243
v -7.901770 -38.293510 -0.250691
v -7.728360 -38.217888 -0.144302
v -7.659300 -37.514027 -1.282243
v -7.841340 -37.613647 -1.357900
v -7.901770 -38.293510 -0.250691
v -7.728360 -38.217888 -0.144302
v -8.378570 -38.848644 0.072333
v -7.899270 -38.683273 0.436714
v -7.728360 -38.217888 -0.144302
v -7.901770 -38.293510 -0.250691
v -8.378570 -38.848644 0.072333
v -7.899270 -38.683273 0.436714
v -8.288490 -39.048443 0.544490
v -8.107320 -38.949692 0.618581
v -7.899270 -38.683273 0.436714
v -8.378570 -38.848644 0.072333
v -8.288490 -39.048443 0.544490
v -0.251690 -37.551403 -6.650224
v -0.316480 -37.688885 -6.938128
v -0.251910 -37.491463 -6.844731
v -0.251690 -37.551403 -6.650224
v -0.316130 -37.748817 -6.743636
v -0.316480 -37.688885 -6.938128
v -0.316130 -37.748817 -6.743636
v -1.696390 -37.335106 -6.758817
v -0.316480 -37.688885 -6.938128
v -0.316130 -37.748817 -6.743636
v -1.694790 -37.394985 -6.564229
v -1.696390 -37.335106 -6.758817
v -1.694790 -37.394985 -6.564229
v -3.070150 -36.963100 -6.546497
v -1.696390 -37.335106 -6.758817
v -1.694790 -37.394985 -6.564229
v -3.067420 -37.023048 -6.352007
v -3.070150 -36.963100 -6.546497
v -3.067420 -37.023048 -6.352007
v -4.436720 -36.573219 -6.301764
v -3.070150 -36.963100 -6.546497
v -3.067420 -37.023048 -6.352007
v -4.432830 -36.633121 -6.107196
v -4.436720 -36.573219 -6.301764
v -4.432830 -36.633121 -6.107196
v -5.794890 -36.165630 -6.024944
v -4.436720 -36.573219 -6.301764
v -4.432830 -36.633121 -6.107196
v -5.789830 -36.225639 -5.830580
v -5.794890 -36.165630 -6.024944
v -5.789830 -36.225639 -5.830580
v -7.360510 -35.552376 -5.895800
v -5.794890 -36.165630 -6.024944
v -5.789830 -36.225639 -5.830580
v -7.197650 -35.743023 -5.680798
v -7.360510 -35.552376 -5.895800
v -7.197650 -35.743023 -5.680798
v -7.589020 -35.696201 -5.046207
v -7.360510 -35.552376 -5.895800
v -7.197650 -35.743023 -5.680798
v -7.465850 -35.838482 -5.161294
v -7.589020 -35.696201 -5.046207
v -7.465850 -35.838482 -5.161294
v -7.657970 -36.351665 -3.846364
v -7.589020 -35.696201 -5.046207
v -7.465850 -35.838482 -5.161294
v -7.535600 -36.494038 -3.961607
v -7.657970 -36.351665 -3.846364
v -7.535600 -36.494038 -3.961607
v -7.743690 -36.989494 -2.614533
v -7.657970 -36.351665 -3.846364
v -7.535600 -36.494038 -3.961607
v -7.622150 -37.131897 -2.729827
v -7.743690 -36.989494 -2.614533
v -7.622150 -37.131897 -2.729827
v -7.841340 -37.613647 -1.357900
v -7.743690 -36.989494 -2.614533
v -7.622150 -37.131897 -2.729827
v -7.720680 -37.756042 -1.473185
v -7.841340 -37.613647 -1.357900
v -7.720680 -37.756042 -1.473185
v -7.901770 -38.293510 -0.250691
v -7.841340 -37.613647 -1.357900
v -7.720680 -37.756042 -1.473185
v -7.781770 -38.435776 -0.365731
v -7.901770 -38.293510 -0.250691
v -7.781770 -38.435776 -0.365731
v -8.378570 -38.848644 0.072333
v -7.901770 -38.293510 -0.250691
v -7.781770 -38.435776 -0.365731
v -8.259230 -38.991272 -0.043375
v -8.378570 -38.848644 0.072333
v -8.259230 -38.991272 -0.043375
v -8.288490 -39.048443 0.544490
v -8.378570 -38.848644 0.072333
v -8.259230 -38.991272 -0.043375
v -8.169340 -39.190895 0.429110
v -8.288490 -39.048443 0.544490
v -8.169340 -39.190895 0.429110
v -8.107320 -38.949692 0.618581
v -8.288490 -39.048443 0.544490
v -8.169340 -39.190895 0.429110
v -7.988060 -39.092033 0.503390
v -8.107320 -38.949692 0.618581
v -7.988060 -39.092033 0.503390
v -7.899270 -38.683273 0.436714
v -8.107320 -38.949692 0.618581
v -7.988060 -39.092033 0.503390
v -7.779690 -38.825455 0.321835
v -7.899270 -38.683273 0.436714
v -7.779690 -38.825455 0.321835
v -7.728360 -38.217888 -0.144302
v -7.899270 -38.683273 0.436714
v -7.779690 -38.825455 0.321835
v -7.608270 -38.360020 -0.259118
v -7.728360 -38.217888 -0.144302
v -7.608270 -38.360020 -0.259118
v -7.659300 -37.514027 -1.282243
v -7.728360 -38.217888 -0.144302
v -7.608270 -38.360020 -0.259118
v -7.538440 -37.656261 -1.397253
v -7.659300 -37.514027 -1.282243
v -7.538440 -37.656261 -1.397253
v -7.560690 -36.889660 -2.538492
v -7.659300 -37.514027 -1.282243
v -7.538440 -37.656261 -1.397253
v -7.439040 -37.031921 -2.653523
v -7.560690 -36.889660 -2.538492
v -7.439040 -37.031921 -2.653523
v -7.474170 -36.251839 -3.770331
v -7.560690 -36.889660 -2.538492
v -7.439040 -37.031921 -2.653523
v -7.351690 -36.393990 -3.885181
v -7.474170 -36.251839 -3.770331
v -7.351690 -36.393990 -3.885181
v -7.404420 -35.596329 -4.970084
v -7.474170 -36.251839 -3.770331
v -7.351690 -36.393990 -3.885181
v -7.281190 -35.738445 -5.084873
v -7.404420 -35.596329 -4.970084
v -7.281190 -35.738445 -5.084873
v -7.241030 -35.400864 -5.761020
v -7.404420 -35.596329 -4.970084
v -7.281190 -35.738445 -5.084873
v -7.078430 -35.591251 -5.545566
v -7.241030 -35.400864 -5.761020
v -7.078430 -35.591251 -5.545566
v -5.725270 -35.970867 -5.936353
v -7.241030 -35.400864 -5.761020
v -7.078430 -35.591251 -5.545566
v -5.720250 -36.030842 -5.741929
v -5.725270 -35.970867 -5.936353
v -5.720250 -36.030842 -5.741929
v -4.368300 -36.377750 -6.211904
v -5.725270 -35.970867 -5.936353
v -5.720250 -36.030842 -5.741929
v -4.364460 -36.437664 -6.017354
v -4.368300 -36.377750 -6.211904
v -4.364460 -36.437664 -6.017354
v -3.003030 -36.766979 -6.455433
v -4.368300 -36.377750 -6.211904
v -4.364460 -36.437664 -6.017354
v -3.000350 -36.826832 -6.260779
v -3.003030 -36.766979 -6.455433
v -3.000350 -36.826832 -6.260779
v -1.630520 -37.138298 -6.666533
v -3.003030 -36.766979 -6.455433
v -3.000350 -36.826832 -6.260779
v -1.629080 -37.198204 -6.471965
v -1.630520 -37.138298 -6.666533
v -1.629080 -37.198204 -6.471965
v -0.251910 -37.491463 -6.844731
v -1.630520 -37.138298 -6.666533
v -1.629080 -37.198204 -6.471965
v -0.251690 -37.551403 -6.650224
v -0.251910 -37.491463 -6.844731
v -1.888020 -35.274429 -3.494669
v -2.901820 -34.667671 -2.592968
v -2.042750 -35.432640 -3.516906
v -1.888020 -35.274429 -3.494669
v -2.747800 -34.510456 -2.572534
v -2.901820 -34.667671 -2.592968
v -2.747800 -34.510456 -2.572534
v -3.746860 -33.894218 -1.653655
v -2.901820 -34.667671 -2.592968
v -2.747800 -34.510456 -2.572534
v -3.593540 -33.738026 -1.635060
v -3.746860 -33.894218 -1.653655
v -3.593540 -33.738026 -1.635060
v -4.575740 -33.112114 -0.698676
v -3.746860 -33.894218 -1.653655
v -3.593540 -33.738026 -1.635060
v -4.423550 -32.957249 -0.682502
v -4.575740 -33.112114 -0.698676
v -4.423550 -32.957249 -0.682502
v -5.330890 -32.276379 0.353416
v -4.575740 -33.112114 -0.698676
v -4.423550 -32.957249 -0.682502
v -5.181700 -32.124378 0.364386
v -5.330890 -32.276379 0.353416
v -5.181700 -32.124378 0.364386
v -6.109370 -31.290215 1.415095
v -5.330890 -32.276379 0.353416
v -5.181700 -32.124378 0.364386
v -5.918440 -31.205198 1.429271
v -6.109370 -31.290215 1.415095
v -5.918440 -31.205198 1.429271
v -6.069580 -31.325703 2.042929
v -6.109370 -31.290215 1.415095
v -5.918440 -31.205198 1.429271
v -5.877510 -31.310577 1.965450
v -6.069580 -31.325703 2.042929
v -5.877510 -31.310577 1.965450
v -5.741670 -32.052132 3.113678
v -6.069580 -31.325703 2.042929
v -5.877510 -31.310577 1.965450
v -5.549690 -32.035744 3.038486
v -5.741670 -32.052132 3.113678
v -5.549690 -32.035744 3.038486
v -5.431370 -32.773521 4.193589
v -5.741670 -32.052132 3.113678
v -5.549690 -32.035744 3.038486
v -5.238840 -32.755299 4.121724
v -5.431370 -32.773521 4.193589
v -5.238840 -32.755299 4.121724
v -5.136690 -33.492519 5.277844
v -5.431370 -32.773521 4.193589
v -5.238840 -32.755299 4.121724
v -4.942950 -33.471897 5.210324
v -5.136690 -33.492519 5.277844
v -4.942950 -33.471897 5.210324
v -4.909510 -34.267830 6.211733
v -5.136690 -33.492519 5.277844
v -4.942950 -33.471897 5.210324
v -4.713330 -34.268356 6.180069
v -4.909510 -34.267830 6.211733
v -4.713330 -34.268356 6.180069
v -5.292910 -34.681419 6.791176
v -4.909510 -34.267830 6.211733
v -4.713330 -34.268356 6.180069
v -4.730740 -34.731354 6.765246
v -5.292910 -34.681419 6.791176
v -4.730740 -34.731354 6.765246
v -5.086430 -34.966553 7.108556
v -5.292910 -34.681419 6.791176
v -4.730740 -34.731354 6.765246
v -4.889160 -34.941368 7.049280
v -5.086430 -34.966553 7.108556
v -1.970630 -35.199753 -3.662364
v -2.984560 -34.592278 -2.759355
v -2.830340 -34.435169 -2.739115
v -1.970630 -35.199753 -3.662364
v -2.125450 -35.357811 -3.684320
v -2.984560 -34.592278 -2.759355
v -2.830340 -34.435169 -2.739115
v -3.829580 -33.818237 -1.818985
v -3.676060 -33.662151 -1.800593
v -2.830340 -34.435169 -2.739115
v -2.984560 -34.592278 -2.759355
v -3.829580 -33.818237 -1.818985
v -3.676060 -33.662151 -1.800593
v -4.658370 -33.035480 -0.862823
v -4.506040 -32.880718 -0.846844
v -3.676060 -33.662151 -1.800593
v -3.829580 -33.818237 -1.818985
v -4.658370 -33.035480 -0.862823
v -4.506040 -32.880718 -0.846844
v -5.413420 -32.199028 0.190554
v -5.264080 -32.047123 0.201368
v -4.506040 -32.880718 -0.846844
v -4.658370 -33.035480 -0.862823
v -5.413420 -32.199028 0.190554
v -5.264080 -32.047123 0.201368
v -6.272980 -31.023623 1.337758
v -6.082350 -30.939150 1.350918
v -5.264080 -32.047123 0.201368
v -5.413420 -32.199028 0.190554
v -6.272980 -31.023623 1.337758
v -6.082350 -30.939150 1.350918
v -6.058790 -31.152136 2.214567
v -5.867610 -31.137459 2.136250
v -6.082350 -30.939150 1.350918
v -6.272980 -31.023623 1.337758
v -6.058790 -31.152136 2.214567
v -5.867610 -31.137459 2.136250
v -5.732150 -31.879440 3.283718
v -5.541040 -31.863564 3.207586
v -5.867610 -31.137459 2.136250
v -6.058790 -31.152136 2.214567
v -5.732150 -31.879440 3.283718
v -5.541040 -31.863564 3.207586
v -5.423730 -32.602402 4.360782
v -5.232100 -32.584591 4.288152
v -5.541040 -31.863564 3.207586
v -5.732150 -31.879440 3.283718
v -5.423730 -32.602402 4.360782
v -5.232100 -32.584591 4.288152
v -5.131580 -33.323448 5.441327
v -4.938640 -33.303181 5.373155
v -5.232100 -32.584591 4.288152
v -5.423730 -32.602402 4.360782
v -5.131580 -33.323448 5.441327
v -4.938640 -33.303181 5.373155
v -4.907000 -34.101017 6.371110
v -4.711700 -34.101971 6.338687
v -4.938640 -33.303181 5.373155
v -5.131580 -33.323448 5.441327
v -4.907000 -34.101017 6.371110
v -4.711700 -34.101971 6.338687
v -5.289870 -34.514923 6.949997
v -4.730220 -34.566162 6.921704
v -4.711700 -34.101971 6.338687
v -4.907000 -34.101017 6.371110
v -5.289870 -34.514923 6.949997
v -4.730220 -34.566162 6.921704
v -5.085050 -34.801300 7.265117
v -4.888520 -34.776409 7.205306
v -4.730220 -34.566162 6.921704
v -5.289870 -34.514923 6.949997
v -5.085050 -34.801300 7.265117
v -1.888020 -35.274429 -3.494669
v -2.125450 -35.357811 -3.684320
v -1.970630 -35.199753 -3.662364
v -1.888020 -35.274429 -3.494669
v -2.042750 -35.432640 -3.516906
v -2.125450 -35.357811 -3.684320
v -2.042750 -35.432640 -3.516906
v -2.984560 -34.592278 -2.759355
v -2.125450 -35.357811 -3.684320
v -2.042750 -35.432640 -3.516906
v -2.901820 -34.667671 -2.592968
v -2.984560 -34.592278 -2.759355
v -2.901820 -34.667671 -2.592968
v -3.829580 -33.818237 -1.818985
v -2.984560 -34.592278 -2.759355
v -2.901820 -34.667671 -2.592968
v -3.746860 -33.894218 -1.653655
v -3.829580 -33.818237 -1.818985
v -3.746860 -33.894218 -1.653655
v -4.658370 -33.035480 -0.862823
v -3.829580 -33.818237 -1.818985
v -3.746860 -33.894218 -1.653655
v -4.575740 -33.112114 -0.698676
v -4.658370 -33.035480 -0.862823
v -4.575740 -33.112114 -0.698676
v -5.413420 -32.199028 0.190554
v -4.658370 -33.035480 -0.862823
v -4.575740 -33.112114 -0.698676
v -5.330890 -32.276379 0.353416
v -5.413420 -32.199028 0.190554
v -5.330890 -32.276379 0.353416
v -6.272980 -31.023623 1.337758
v -5.413420 -32.199028 0.190554
v -5.330890 -32.276379 0.353416
v -6.109370 -31.290215 1.415095
v -6.272980 -31.023623 1.337758
v -6.109370 -31.290215 1.415095
v -6.058790 -31.152136 2.214567
v -6.272980 -31.023623 1.337758
v -6.109370 -31.290215 1.415095
v -6.069580 -31.325703 2.042929
v -6.058790 -31.152136 2.214567
v -6.069580 -31.325703 2.042929
v -5.732150 -31.879440 3.283718
v -6.058790 -31.152136 2.214567
v -6.069580 -31.325703 2.042929
v -5.741670 -32.052132 3.113678
v -5.732150 -31.879440 3.283718
v -5.741670 -32.052132 3.113678
v -5.423730 -32.602402 4.360782
v -5.732150 -31.879440 3.283718
v -5.741670 -32.052132 3.113678
v -5.431370 -32.773521 4.193589
v -5.423730 -32.602402 4.360782
v -5.431370 -32.773521 4.193589
v -5.131580 -33.323448 5.441327
v -5.423730 -32.602402 4.360782
v -5.431370 -32.773521 4.193589
v -5.136690 -33.492519 5.277844
v -5.131580 -33.323448 5.441327
v -5.136690 -33.492519 5.277844
v -4.907000 -34.101017 6.371110
v -5.131580 -33.323448 5.441327
v -5.136690 -33.492519 5.277844
v -4.909510 -34.267830 6.211733
v -4.907000 -34.101017 6.371110
v -4.909510 -34.267830 6.211733
v -5.289870 -34.514923 6.949997
v -4.907000 -34.101017 6.371110
v -4.909510 -34.267830 6.211733
v -5.292910 -34.681419 6.791176
v -5.289870 -34.514923 6.949997
v -5.292910 -34.681419 6.791176
v -5.085050 -34.801300 7.265117
v -5.289870 -34.514923 6.949997
v -5.292910 -34.681419 6.791176
v -5.086430 -34.966553 7.108556
v -5.085050 -34.801300 7.265117
v -5.086430 -34.966553 7.108556
v -4.888520 -34.776409 7.205306
v -5.085050 -34.801300 7.265117
v -5.086430 -34.966553 7.108556
v -4.889160 -34.941368 7.049280
v -4.888520 -34.776409 7.205306
v -4.889160 -34.941368 7.049280
v -4.730220 -34.566162 6.921704
v -4.888520 -34.776409 7.205306
v -4.889160 -34.941368 7.049280
v -4.730740 -34.731354 6.765246
v -4.730220 -34.566162 6.921704
v -4.730740 -34.731354 6.765246
v -4.711700 -34.101971 6.338687
v -4.730220 -34.566162 6.921704
v -4.730740 -34.731354 6.765246
v -4.713330 -34.268356 6.180069
v -4.711700 -34.101971 6.338687
v -4.713330 -34.268356 6.180069
v -4.938640 -33.303181 5.373155
v -4.711700 -34.101971 6.338687
v -4.713330 -34.268356 6.180069
v -4.942950 -33.471897 5.210324
v -4.938640 -33.303181 5.373155
v -4.942950 -33.471897 5.210324
v -5.232100 -32.584591 4.288152
v -4.938640 -33.303181 5.373155
v -4.942950 -33.471897 5.210324
v -5.238840 -32.755299 4.121724
v -5.232100 -32.584591 4.288152
v -5.238840 -32.755299 4.121724
v -5.541040 -31.863564 3.207586
v -5.232100 -32.584591 4.288152
v -5.238840 -32.755299 4.121724
v -5.549690 -32.035744 3.038486
v -5.541040 -31.863564 3.207586
v -5.549690 -32.035744 3.038486
v -5.867610 -31.137459 2.136250
v -5.541040 -31.863564 3.207586
v -5.549690 -32.035744 3.038486
v -5.877510 -31.310577 1.965450
v -5.867610 -31.137459 2.136250
v -5.877510 -31.310577 1.965450
v -6.082350 -30.939150 1.350918
v -5.867610 -31.137459 2.136250
v -5.877510 -31.310577 1.965450
v -5.918440 -31.205198 1.429271
v -6.082350 -30.939150 1.350918
v -5.918440 -31.205198 1.429271
v -5.264080 -32.047123 0.201368
v -6.082350 -30.939150 1.350918
v -5.918440 -31.205198 1.429271
v -5.181700 -32.124378 0.364386
v -5.264080 -32.047123 0.201368
v -5.181700 -32.124378 0.364386
v -4.506040 -32.880718 -0.846844
v -5.264080 -32.047123 0.201368
v -5.181700 -32.124378 0.364386
v -4.423550 -32.957249 -0.682502
v -4.506040 -32.880718 -0.846844
v -4.423550 -32.957249 -0.682502
v -3.676060 -33.662151 -1.800593
v -4.506040 -32.880718 -0.846844
v -4.423550 -32.957249 -0.682502
v -3.593540 -33.738026 -1.635060
v -3.676060 -33.662151 -1.800593
v -3.593540 -33.738026 -1.635060
v -2.830340 -34.435169 -2.739115
v -3.676060 -33.662151 -1.800593
v -3.593540 -33.738026 -1.635060
v -2.747800 -34.510456 -2.572534
v -2.830340 -34.435169 -2.739115
v -2.747800 -34.510456 -2.572534
v -1.970630 -35.199753 -3.662364
v -2.830340 -34.435169 -2.739115
v -2.747800 -34.510456 -2.572534
v -1.888020 -35.274429 -3.494669
v -1.970630 -35.199753 -3.662364
v -3.076200 -38.199581 -8.167581
v -3.725440 -38.624458 -9.397429
v -2.911160 -38.145035 -8.319591
v -3.076200 -38.199581 -8.167581
v -3.891000 -38.678162 -9.243896
v -3.725440 -38.624458 -9.397429
v -3.891000 -38.678162 -9.243896
v -4.549640 -39.092823 -10.455222
v -3.725440 -38.624458 -9.397429
v -3.891000 -38.678162 -9.243896
v -4.715810 -39.145634 -10.300058
v -4.549640 -39.092823 -10.455222
v -4.715810 -39.145634 -10.300058
v -5.383260 -39.549797 -11.492348
v -4.549640 -39.092823 -10.455222
v -4.715810 -39.145634 -10.300058
v -5.549940 -39.601810 -11.335738
v -5.383260 -39.549797 -11.492348
v -5.549940 -39.601810 -11.335738
v -6.225780 -39.995132 -12.508368
v -5.383260 -39.549797 -11.492348
v -5.549940 -39.601810 -11.335738
v -6.392930 -40.046406 -12.350409
v -6.225780 -39.995132 -12.508368
v -6.392930 -40.046406 -12.350409
v -7.183370 -40.291298 -13.547395
v -6.225780 -39.995132 -12.508368
v -6.392930 -40.046406 -12.350409
v -7.282270 -40.381523 -13.358578
v -7.183370 -40.291298 -13.547395
v -7.282270 -40.381523 -13.358578
v -7.087920 -40.795223 -13.781252
v -7.183370 -40.291298 -13.547395
v -7.282270 -40.381523 -13.358578
v -7.120170 -40.829994 -13.562396
v -7.087920 -40.795223 -13.781252
v -7.120170 -40.829994 -13.562396
v -6.216180 -41.915897 -14.010666
v -7.087920 -40.795223 -13.781252
v -7.120170 -40.829994 -13.562396
v -6.249420 -41.951046 -13.792506
v -6.216180 -41.915897 -14.010666
v -6.249420 -41.951046 -13.792506
v -5.353780 -43.049885 -14.227788
v -6.216180 -41.915897 -14.010666
v -6.249420 -41.951046 -13.792506
v -5.388070 -43.085430 -14.010313
v -5.353780 -43.049885 -14.227788
v -5.388070 -43.085430 -14.010313
v -4.497140 -44.191143 -14.430466
v -5.353780 -43.049885 -14.227788
v -5.388070 -43.085430 -14.010313
v -4.532420 -44.227066 -14.213717
v -4.497140 -44.191143 -14.430466
v -4.532420 -44.227066 -14.213717
v -3.585700 -45.187653 -14.620625
v -4.497140 -44.191143 -14.430466
v -4.532420 -44.227066 -14.213717
v -3.593100 -45.252712 -14.417452
v -3.585700 -45.187653 -14.620625
v -3.593100 -45.252712 -14.417452
v -3.075800 -45.547867 -15.234058
v -3.585700 -45.187653 -14.620625
v -3.593100 -45.252712 -14.417452
v -3.038780 -45.793079 -14.680258
v -3.075800 -45.547867 -15.234058
v -3.038780 -45.793079 -14.680258
v -2.744920 -45.948406 -15.165053
v -3.075800 -45.547867 -15.234058
v -3.038780 -45.793079 -14.680258
v -2.782060 -45.985451 -14.950293
v -2.744920 -45.948406 -15.165053
v -3.171740 -38.024529 -8.168683
v -3.821460 -38.449135 -9.398060
v -3.986860 -38.502678 -9.244230
v -3.171740 -38.024529 -8.168683
v -3.006990 -37.970066 -8.320861
v -3.821460 -38.449135 -9.398060
v -3.986860 -38.502678 -9.244230
v -4.645970 -38.917072 -10.455065
v -4.811930 -38.969818 -10.299776
v -3.986860 -38.502678 -9.244230
v -3.821460 -38.449135 -9.398060
v -4.645970 -38.917072 -10.455065
v -4.811930 -38.969818 -10.299776
v -5.479710 -39.373623 -11.491418
v -5.646340 -39.425537 -11.334644
v -4.811930 -38.969818 -10.299776
v -4.645970 -38.917072 -10.455065
v -5.479710 -39.373623 -11.491418
v -5.646340 -39.425537 -11.334644
v -6.322450 -39.818645 -12.506868
v -6.489430 -39.869736 -12.348585
v -5.646340 -39.425537 -11.334644
v -5.479710 -39.373623 -11.491418
v -6.322450 -39.818645 -12.506868
v -6.489430 -39.869736 -12.348585
v -7.473730 -40.104000 -13.628745
v -7.572430 -40.194096 -13.439692
v -6.489430 -39.869736 -12.348585
v -6.322450 -39.818645 -12.506868
v -7.473730 -40.104000 -13.628745
v -7.572430 -40.194096 -13.439692
v -7.261360 -40.900036 -13.817770
v -7.293470 -40.934792 -13.598866
v -7.572430 -40.194096 -13.439692
v -7.473730 -40.104000 -13.628745
v -7.261360 -40.900036 -13.817770
v -7.293470 -40.934792 -13.598866
v -6.389940 -42.021538 -14.048681
v -6.423120 -42.056652 -13.830447
v -7.293470 -40.934792 -13.598866
v -7.261360 -40.900036 -13.817770
v -6.389940 -42.021538 -14.048681
v -6.423120 -42.056652 -13.830447
v -5.527930 -43.156326 -14.267235
v -5.562060 -43.191822 -14.049683
v -6.423120 -42.056652 -13.830447
v -6.389940 -42.021538 -14.048681
v -5.527930 -43.156326 -14.267235
v -5.562060 -43.191822 -14.049683
v -4.671520 -44.298283 -14.471195
v -4.706610 -44.334251 -14.254501
v -5.562060 -43.191822 -14.049683
v -5.527930 -43.156326 -14.267235
v -4.671520 -44.298283 -14.471195
v -4.706610 -44.334251 -14.254501
v -3.760270 -45.295738 -14.663050
v -3.767550 -45.360783 -14.459874
v -4.706610 -44.334251 -14.254501
v -4.671520 -44.298283 -14.471195
v -3.760270 -45.295738 -14.663050
v -3.767550 -45.360783 -14.459874
v -3.250840 -45.656349 -15.277212
v -3.213410 -45.901672 -14.723601
v -3.767550 -45.360783 -14.459874
v -3.760270 -45.295738 -14.663050
v -3.250840 -45.656349 -15.277212
v -3.213410 -45.901672 -14.723601
v -2.919840 -46.057217 -15.208803
v -2.956840 -46.094238 -14.994006
v -3.213410 -45.901672 -14.723601
v -3.250840 -45.656349 -15.277212
v -2.919840 -46.057217 -15.208803
v -3.076200 -38.199581 -8.167581
v -3.006990 -37.970066 -8.320861
v -3.171740 -38.024529 -8.168683
v -3.076200 -38.199581 -8.167581
v -2.911160 -38.145035 -8.319591
v -3.006990 -37.970066 -8.320861
v -2.911160 -38.145035 -8.319591
v -3.821460 -38.449135 -9.398060
v -3.006990 -37.970066 -8.320861
v -2.911160 -38.145035 -8.319591
v -3.725440 -38.624458 -9.397429
v -3.821460 -38.449135 -9.398060
v -3.725440 -38.624458 -9.397429
v -4.645970 -38.917072 -10.455065
v -3.821460 -38.449135 -9.398060
v -3.725440 -38.624458 -9.397429
v -4.549640 -39.092823 -10.455222
v -4.645970 -38.917072 -10.455065
v -4.549640 -39.092823 -10.455222
v -5.479710 -39.373623 -11.491418
v -4.645970 -38.917072 -10.455065
v -4.549640 -39.092823 -10.455222
v -5.383260 -39.549797 -11.492348
v -5.479710 -39.373623 -11.491418
v -5.383260 -39.549797 -11.492348
v -6.322450 -39.818645 -12.506868
v -5.479710 -39.373623 -11.491418
v -5.383260 -39.549797 -11.492348
v -6.225780 -39.995132 -12.508368
v -6.322450 -39.818645 -12.506868
v -6.225780 -39.995132 -12.508368
v -7.473730 -40.104000 -13.628745
v -6.322450 -39.818645 -12.506868
v -6.225780 -39.995132 -12.508368
v -7.183370 -40.291298 -13.547395
v -7.473730 -40.104000 -13.628745
v -7.183370 -40.291298 -13.547395
v -7.261360 -40.900036 -13.817770
v -7.473730 -40.104000 -13.628745
v -7.183370 -40.291298 -13.547395
v -7.087920 -40.795223 -13.781252
v -7.261360 -40.900036 -13.817770
v -7.087920 -40.795223 -13.781252
v -6.389940 -42.021538 -14.048681
v -7.261360 -40.900036 -13.817770
v -7.087920 -40.795223 -13.781252
v -6.216180 -41.915897 -14.010666
v -6.389940 -42.021538 -14.048681
v -6.216180 -41.915897 -14.010666
v -5.527930 -43.156326 -14.267235
v -6.389940 -42.021538 -14.048681
v -6.216180 -41.915897 -14.010666
v -5.353780 -43.049885 -14.227788
v -5.527930 -43.156326 -14.267235
v -5.353780 -43.049885 -14.227788
v -4.671520 -44.298283 -14.471195
v -5.527930 -43.156326 -14.267235
v -5.353780 -43.049885 -14.227788
v -4.497140 -44.191143 -14.430466
v -4.671520 -44.298283 -14.471195
v -4.497140 -44.191143 -14.430466
v -3.760270 -45.295738 -14.663050
v -4.671520 -44.298283 -14.471195
v -4.497140 -44.191143 -14.430466
v -3.585700 -45.187653 -14.620625
v -3.760270 -45.295738 -14.663050
v -3.585700 -45.187653 -14.620625
v -3.250840 -45.656349 -15.277212
v -3.760270 -45.295738 -14.663050
v -3.585700 -45.187653 -14.620625
v -3.075800 -45.547867 -15.234058
v -3.250840 -45.656349 -15.277212
v -3.075800 -45.547867 -15.234058
v -2.919840 -46.057217 -15.208803
v -3.250840 -45.656349 -15.277212
v -3.075800 -45.547867 -15.234058
v -2.744920 -45.948406 -15.165053
v -2.919840 -46.057217 -15.208803
v -2.744920 -45.948406 -15.165053
v -2.956840 -46.094238 -14.994006
v -2.919840 -46.057217 -15.208803
v -2.744920 -45.948406 -15.165053
v -2.782060 -45.985451 -14.950293
v -2.956840 -46.094238 -14.994006
v -2.782060 -45.985451 -14.950293
v -3.213410 -45.901672 -14.723601
v -2.956840 -46.094238 -14.994006
v -2.782060 -45.985451 -14.950293
v -3.038780 -45.793079 -14.680258
v -3.213410 -45.901672 -14.723601
v -3.038780 -45.793079 -14.680258
v -3.767550 -45.360783 -14.459874
v -3.213410 -45.901672 -14.723601
v -3.038780 -45.793079 -14.680258
v -3.593100 -45.252712 -14.417452
v -3.767550 -45.360783 -14.459874
v -3.593100 -45.252712 -14.417452
v -4.706610 -44.334251 -14.254501
v -3.767550 -45.360783 -14.459874
v -3.593100 -45.252712 -14.417452
v -4.532420 -44.227066 -14.213717
v -4.706610 -44.334251 -14.254501
v -4.532420 -44.227066 -14.213717
v -5.562060 -43.191822 -14.049683
v -4.706610 -44.334251 -14.254501
v -4.532420 -44.227066 -14.213717
v -5.388070 -43.085430 -14.010313
v -5.562060 -43.191822 -14.049683
v -5.388070 -43.085430 -14.010313
v -6.423120 -42.056652 -13.830447
v -5.562060 -43.191822 -14.049683
v -5.388070 -43.085430 -14.010313
v -6.249420 -41.951046 -13.792506
v -6.423120 -42.056652 -13.830447
v -6.249420 -41.951046 -13.792506
v -7.293470 -40.934792 -13.598866
v -6.423120 -42.056652 -13.830447
v -6.249420 -41.951046 -13.792506
v -7.120170 -40.829994 -13.562396
v -7.293470 -40.934792 -13.598866
v -7.120170 -40.829994 -13.562396
v -7.572430 -40.194096 -13.439692
v -7.293470 -40.934792 -13.598866
v -7.120170 -40.829994 -13.562396
v -7.282270 -40.381523 -13.358578
v -7.572430 -40.194096 -13.439692
v -7.282270 -40.381523 -13.358578
v -6.489430 -39.869736 -12.348585
v -7.572430 -40.194096 -13.439692
v -7.282270 -40.381523 -13.358578
v -6.392930 -40.046406 -12.350409
v -6.489430 -39.869736 -12.348585
v -6.392930 -40.046406 -12.350409
v -5.646340 -39.425537 -11.334644
v -6.489430 -39.869736 -12.348585
v -6.392930 -40.046406 -12.350409
v -5.549940 -39.601810 -11.335738
v -5.646340 -39.425537 -11.334644
v -5.549940 -39.601810 -11.335738
v -4.811930 -38.969818 -10.299776
v -5.646340 -39.425537 -11.334644
v -5.549940 -39.601810 -11.335738
v -4.715810 -39.145634 -10.300058
v -4.811930 -38.969818 -10.299776
v -4.715810 -39.145634 -10.300058
v -3.986860 -38.502678 -9.244230
v -4.811930 -38.969818 -10.299776
v -4.715810 -39.145634 -10.300058
v -3.891000 -38.678162 -9.243896
v -3.986860 -38.502678 -9.244230
v -3.891000 -38.678162 -9.243896
v -3.171740 -38.024529 -8.168683
v -3.986860 -38.502678 -9.244230
v -3.891000 -38.678162 -9.243896
v -3.076200 -38.199581 -8.167581
v -3.171740 -38.024529 -8.168683
v 0.566490 -27.799755 6.854586
v 2.877100 -25.976780 7.831049
v 2.775840 -25.821331 8.009771
v 0.566490 -27.799755 6.854586
v 0.676270 -27.969301 6.650313
v 2.877100 -25.976780 7.831049
v 2.775840 -25.821331 8.009771
v 5.023430 -23.960484 9.054956
v 4.930210 -23.816669 9.212579
v 2.775840 -25.821331 8.009771
v 2.877100 -25.976780 7.831049
v 5.023430 -23.960484 9.054956
v 4.930210 -23.816669 9.212579
v 7.289230 -21.998676 10.179955
v 7.201810 -21.862110 10.324439
v 4.930210 -23.816669 9.212579
v 5.023430 -23.960484 9.054956
v 7.289230 -21.998676 10.179955
v 7.201810 -21.862110 10.324439
v 9.683350 -20.135813 11.125462
v 9.597730 -19.999691 11.269142
v 7.201810 -21.862110 10.324439
v 7.289230 -21.998676 10.179955
v 9.683350 -20.135813 11.125462
v 9.597730 -19.999691 11.269142
v 12.091230 -18.358276 11.916702
v 12.001610 -18.210684 12.081027
v 9.597730 -19.999691 11.269142
v 9.683350 -20.135813 11.125462
v 12.091230 -18.358276 11.916702
v 12.001610 -18.210684 12.081027
v 14.387130 -16.515461 12.825993
v 14.284030 -16.353416 13.016508
v 12.001610 -18.210684 12.081027
v 12.091230 -18.358276 11.916702
v 14.387130 -16.515461 12.825993
v 14.284030 -16.353416 13.016508
v 16.576960 -14.635620 13.802144
v 16.477730 -14.480200 13.980813
v 14.284030 -16.353416 13.016508
v 14.387130 -16.515461 12.825993
v 16.576960 -14.635620 13.802144
v 16.477730 -14.480200 13.980813
v 18.766470 -12.817303 14.667176
v 18.670010 -12.661945 14.845725
v 16.477730 -14.480200 13.980813
v 16.576960 -14.635620 13.802144
v 18.766470 -12.817303 14.667176
v 18.670010 -12.661945 14.845725
v 20.947920 -11.033531 15.469586
v 20.857500 -10.880154 15.644555
v 18.670010 -12.661945 14.845725
v 18.766470 -12.817303 14.667176
v 20.947920 -11.033531 15.469586
v 20.857500 -10.880154 15.644555
v 23.082430 -9.364460 16.156624
v 23.064960 -9.168724 16.341263
v 20.857500 -10.880154 15.644555
v 20.947920 -11.033531 15.469586
v 23.082430 -9.364460 16.156624
v 23.064960 -9.168724 16.341263
v 24.261780 -8.986118 16.029438
v 24.360800 -8.340549 16.575449
v 23.064960 -9.168724 16.341263
v 23.082430 -9.364460 16.156624
v 24.261780 -8.986118 16.029438
v 24.360800 -8.340549 16.575449
v 25.030001 -8.267696 16.369453
v 24.951550 -8.118450 16.536877
v 24.360800 -8.340549 16.575449
v 24.261780 -8.986118 16.029438
v 25.030001 -8.267696 16.369453
v 0.507490 -27.653381 6.667801
v 2.824840 -25.834499 7.636834
v 0.617520 -27.823317 6.462807
v 0.507490 -27.653381 6.667801
v 2.723290 -25.678699 7.816184
v 2.824840 -25.834499 7.636834
v 2.723290 -25.678699 7.816184
v 4.974150 -23.820286 8.856964
v 2.824840 -25.834499 7.636834
v 2.723290 -25.678699 7.816184
v 4.880480 -23.676081 9.015287
v 4.974150 -23.820286 8.856964
v 4.880480 -23.676081 9.015287
v 7.239110 -21.859304 9.980466
v 4.974150 -23.820286 8.856964
v 4.880480 -23.676081 9.015287
v 7.151250 -21.722309 10.125719
v 7.239110 -21.859304 9.980466
v 7.151250 -21.722309 10.125719
v 9.633910 -19.993900 10.930583
v 7.239110 -21.859304 9.980466
v 7.151250 -21.722309 10.125719
v 9.547730 -19.857388 11.074960
v 9.633910 -19.993900 10.930583
v 9.547730 -19.857388 11.074960
v 12.042680 -18.210196 11.732917
v 9.633910 -19.993900 10.930583
v 9.547730 -19.857388 11.074960
v 11.951580 -18.062740 11.896986
v 12.042680 -18.210196 11.732917
v 11.951580 -18.062740 11.896986
v 14.336560 -16.362360 12.651299
v 12.042680 -18.210196 11.732917
v 11.951580 -18.062740 11.896986
v 14.233200 -16.201160 12.840290
v 14.336560 -16.362360 12.651299
v 14.233200 -16.201160 12.840290
v 16.528379 -14.483427 13.625896
v 14.336560 -16.362360 12.651299
v 14.233200 -16.201160 12.840290
v 16.429050 -14.328043 13.804506
v 16.528379 -14.483427 13.625896
v 16.429050 -14.328043 13.804506
v 18.720070 -12.663517 14.493805
v 16.528379 -14.483427 13.625896
v 16.429050 -14.328043 13.804506
v 18.623381 -12.508133 14.672413
v 18.720070 -12.663517 14.493805
v 18.623381 -12.508133 14.672413
v 20.904470 -10.878960 15.297654
v 18.720070 -12.663517 14.493805
v 18.623381 -12.508133 14.672413
v 20.813770 -10.725563 15.472628
v 20.904470 -10.878960 15.297654
v 20.813770 -10.725563 15.472628
v 23.041439 -9.209465 15.985421
v 20.904470 -10.878960 15.297654
v 20.813770 -10.725563 15.472628
v 23.023760 -9.013615 16.170273
v 23.041439 -9.209465 15.985421
v 23.023760 -9.013615 16.170273
v 24.223181 -8.830978 15.858507
v 23.041439 -9.209465 15.985421
v 23.023760 -9.013615 16.170273
v 24.321560 -8.185326 16.404667
v 24.223181 -8.830978 15.858507
v 24.321560 -8.185326 16.404667
v 24.992350 -8.112385 16.198828
v 24.223181 -8.830978 15.858507
v 24.321560 -8.185326 16.404667
v 24.913500 -7.963100 16.366344
v 24.992350 -8.112385 16.198828
v 0.566490 -27.799755 6.854586
v 0.617520 -27.823317 6.462807
v 0.676270 -27.969301 6.650313
v 0.566490 -27.799755 6.854586
v 0.507490 -27.653381 6.667801
v 0.617520 -27.823317 6.462807
v 0.676270 -27.969301 6.650313
v 2.824840 -25.834499 7.636834
v 2.877100 -25.976780 7.831049
v 0.676270 -27.969301 6.650313
v 0.617520 -27.823317 6.462807
v 2.824840 -25.834499 7.636834
v 2.877100 -25.976780 7.831049
v 4.974150 -23.820286 8.856964
v 5.023430 -23.960484 9.054956
v 2.877100 -25.976780 7.831049
v 2.824840 -25.834499 7.636834
v 4.974150 -23.820286 8.856964
v 5.023430 -23.960484 9.054956
v 7.239110 -21.859304 9.980466
v 7.289230 -21.998676 10.179955
v 5.023430 -23.960484 9.054956
v 4.974150 -23.820286 8.856964
v 7.239110 -21.859304 9.980466
v 7.289230 -21.998676 10.179955
v 9.633910 -19.993900 10.930583
v 9.683350 -20.135813 11.125462
v 7.289230 -21.998676 10.179955
v 7.239110 -21.859304 9.980466
v 9.633910 -19.993900 10.930583
v 9.683350 -20.135813 11.125462
v 12.042680 -18.210196 11.732917
v 12.091230 -18.358276 11.916702
v 9.683350 -20.135813 11.125462
v 9.633910 -19.993900 10.930583
v 12.042680 -18.210196 11.732917
v 12.091230 -18.358276 11.916702
v 14.336560 -16.362360 12.651299
v 14.387130 -16.515461 12.825993
v 12.091230 -18.358276 11.916702
v 12.042680 -18.210196 11.732917
v 14.336560 -16.362360 12.651299
v 14.387130 -16.515461 12.825993
v 16.528379 -14.483427 13.625896
v 16.576960 -14.635620 13.802144
v 14.387130 -16.515461 12.825993
v 14.336560 -16.362360 12.651299
v 16.528379 -14.483427 13.625896
v 16.576960 -14.635620 13.802144
v 18.720070 -12.663517 14.493805
v 18.766470 -12.817303 14.667176
v 16.576960 -14.635620 13.802144
v 16.528379 -14.483427 13.625896
v 18.720070 -12.663517 14.493805
v 18.766470 -12.817303 14.667176
v 20.904470 -10.878960 15.297654
v 20.947920 -11.033531 15.469586
v 18.766470 -12.817303 14.667176
v 18.720070 -12.663517 14.493805
v 20.904470 -10.878960 15.297654
v 20.947920 -11.033531 15.469586
v 23.041439 -9.209465 15.985421
v 23.082430 -9.364460 16.156624
v 20.947920 -11.033531 15.469586
v 20.904470 -10.878960 15.297654
v 23.041439 -9.209465 15.985421
v 23.082430 -9.364460 16.156624
v 24.223181 -8.830978 15.858507
v 24.261780 -8.986118 16.029438
v 23.082430 -9.364460 16.156624
v 23.041439 -9.209465 15.985421
v 24.223181 -8.830978 15.858507
v 24.261780 -8.986118 16.029438
v 24.992350 -8.112385 16.198828
v 25.030001 -8.267696 16.369453
v 24.261780 -8.986118 16.029438
v 24.223181 -8.830978 15.858507
v 24.992350 -8.112385 16.198828
v 25.030001 -8.267696 16.369453
v 24.913500 -7.963100 16.366344
v 24.951550 -8.118450 16.536877
v 25.030001 -8.267696 16.369453
v 24.992350 -8.112385 16.198828
v 24.913500 -7.963100 16.366344
v 24.951550 -8.118450 16.536877
v 24.321560 -8.185326 16.404667
v 24.360800 -8.340549 16.575449
v 24.951550 -8.118450 16.536877
v 24.913500 -7.963100 16.366344
v 24.321560 -8.185326 16.404667
v 24.360800 -8.340549 16.575449
v 23.023760 -9.013615 16.170273
v 23.064960 -9.168724 16.341263
v 24.360800 -8.340549 16.575449
v 24.321560 -8.185326 16.404667
v 23.023760 -9.013615 16.170273
v 23.064960 -9.168724 16.341263
v 20.813770 -10.725563 15.472628
v 20.857500 -10.880154 15.644555
v 23.064960 -9.168724 16.341263
v 23.023760 -9.013615 16.170273
v 20.813770 -10.725563 15.472628
v 20.857500 -10.880154 15.644555
v 18.623381 -12.508133 14.672413
v 18.670010 -12.661945 14.845725
v 20.857500 -10.880154 15.644555
v 20.813770 -10.725563 15.472628
v 18.623381 -12.508133 14.672413
v 18.670010 -12.661945 14.845725
v 16.429050 -14.328043 13.804506
v 16.477730 -14.480200 13.980813
v 18.670010 -12.661945 14.845725
v 18.623381 -12.508133 14.672413
v 16.429050 -14.328043 13.804506
v 16.477730 -14.480200 13.980813
v 14.233200 -16.201160 12.840290
v 14.284030 -16.353416 13.016508
v 16.477730 -14.480200 13.980813
v 16.429050 -14.328043 13.804506
v 14.233200 -16.201160 12.840290
v 14.284030 -16.353416 13.016508
v 11.951580 -18.062740 11.896986
v 12.001610 -18.210684 12.081027
v 14.284030 -16.353416 13.016508
v 14.233200 -16.201160 12.840290
v 11.951580 -18.062740 11.896986
v 12.001610 -18.210684 12.081027
v 9.547730 -19.857388 11.074960
v 9.597730 -19.999691 11.269142
v 12.001610 -18.210684 12.081027
v 11.951580 -18.062740 11.896986
v 9.547730 -19.857388 11.074960
v 9.597730 -19.999691 11.269142
v 7.151250 -21.722309 10.125719
v 7.201810 -21.862110 10.324439
v 9.597730 -19.999691 11.269142
v 9.547730 -19.857388 11.074960
v 7.151250 -21.722309 10.125719
v 7.201810 -21.862110 10.324439
v 4.880480 -23.676081 9.015287
v 4.930210 -23.816669 9.212579
v 7.201810 -21.862110 10.324439
v 7.151250 -21.722309 10.125719
v 4.880480 -23.676081 9.015287
v 4.930210 -23.816669 9.212579
v 2.723290 -25.678699 7.816184
v 2.775840 -25.821331 8.009771
v 4.930210 -23.816669 9.212579
v 4.880480 -23.676081 9.015287
v 2.723290 -25.678699 7.816184
v 2.775840 -25.821331 8.009771
v 0.507490 -27.653381 6.667801
v 0.566490 -27.799755 6.854586
v 2.775840 -25.821331 8.009771
v 2.723290 -25.678699 7.816184
v 0.507490 -27.653381 6.667801
v -1.897920 -35.274311 -3.494449
v -2.911730 -34.667442 -2.592522
v -2.052660 -35.432507 -3.516660
v -1.897920 -35.274311 -3.494449
v -2.757650 -34.510269 -2.572180
v -2.911730 -34.667442 -2.592522
v -2.757650 -34.510269 -2.572180
v -3.756630 -33.893967 -1.653188
v -2.911730 -34.667442 -2.592522
v -2.757650 -34.510269 -2.572180
v -3.603310 -33.737774 -1.634616
v -3.756630 -33.893967 -1.653188
v -3.603310 -33.737774 -1.634616
v -4.585340 -33.111694 -0.697903
v -3.756630 -33.893967 -1.653188
v -3.603310 -33.737774 -1.634616
v -4.433160 -32.956852 -0.681772
v -4.585340 -33.111694 -0.697903
v -4.433160 -32.956852 -0.681772
v -5.339940 -32.275440 0.355116
v -4.585340 -33.111694 -0.697903
v -4.433160 -32.956852 -0.681772
v -5.190760 -32.123478 0.366026
v -5.339940 -32.275440 0.355116
v -5.190760 -32.123478 0.366026
v -6.118090 -31.289036 1.417244
v -5.339940 -32.275440 0.355116
v -5.190760 -32.123478 0.366026
v -5.927110 -31.204046 1.431355
v -6.118090 -31.289036 1.417244
v -5.927110 -31.204046 1.431355
v -6.078190 -31.324497 2.045121
v -6.118090 -31.289036 1.417244
v -5.927110 -31.204046 1.431355
v -5.886140 -31.309420 1.967543
v -6.078190 -31.324497 2.045121
v -5.886140 -31.309420 1.967543
v -5.750270 -32.050995 3.115750
v -6.078190 -31.324497 2.045121
v -5.886140 -31.309420 1.967543
v -5.558300 -32.034645 3.040484
v -5.750270 -32.050995 3.115750
v -5.558300 -32.034645 3.040484
v -5.439930 -32.772442 4.195552
v -5.750270 -32.050995 3.115750
v -5.558300 -32.034645 3.040484
v -5.247440 -32.754257 4.123596
v -5.439930 -32.772442 4.195552
v -5.247440 -32.754257 4.123596
v -5.145310 -33.491508 5.279687
v -5.439930 -32.772442 4.195552
v -5.247440 -32.754257 4.123596
v -4.951570 -33.470909 5.212111
v -5.145310 -33.491508 5.279687
v -4.951570 -33.470909 5.212111
v -4.918210 -34.266964 6.213313
v -5.145310 -33.491508 5.279687
v -4.951570 -33.470909 5.212111
v -4.722080 -34.267498 6.181640
v -4.918210 -34.266964 6.213313
v -4.722080 -34.267498 6.181640
v -5.301630 -34.680496 6.792858
v -4.918210 -34.266964 6.213313
v -4.722080 -34.267498 6.181640
v -4.739570 -34.730610 6.766598
v -5.301630 -34.680496 6.792858
v -4.739570 -34.730610 6.766598
v -5.095190 -34.965771 7.109976
v -5.301630 -34.680496 6.792858
v -4.739570 -34.730610 6.766598
v -4.897930 -34.940590 7.050714
v -5.095190 -34.965771 7.109976
v -1.980560 -35.199635 -3.662144
v -2.994410 -34.592052 -2.758931
v -2.840180 -34.434933 -2.738675
v -1.980560 -35.199635 -3.662144
v -2.135380 -35.357723 -3.684151
v -2.994410 -34.592052 -2.758931
v -2.840180 -34.434933 -2.738675
v -3.839340 -33.817940 -1.818419
v -3.685820 -33.661861 -1.800044
v -2.840180 -34.434933 -2.738675
v -2.994410 -34.592052 -2.758931
v -3.839340 -33.817940 -1.818419
v -3.685820 -33.661861 -1.800044
v -4.668030 -33.035019 -0.861982
v -4.515640 -32.880302 -0.846079
v -3.685820 -33.661861 -1.800044
v -3.839340 -33.817940 -1.818419
v -4.668030 -33.035019 -0.861982
v -4.515640 -32.880302 -0.846079
v -5.422500 -32.198158 0.192142
v -5.273230 -32.046272 0.202923
v -4.515640 -32.880302 -0.846079
v -4.668030 -33.035019 -0.861982
v -5.422500 -32.198158 0.192142
v -5.273230 -32.046272 0.202923
v -6.281680 -31.022415 1.339937
v -6.091060 -30.937954 1.353115
v -5.273230 -32.046272 0.202923
v -5.422500 -32.198158 0.192142
v -6.281680 -31.022415 1.339937
v -6.091060 -30.937954 1.353115
v -6.067400 -31.150927 2.216745
v -5.876240 -31.136295 2.138373
v -6.091060 -30.937954 1.353115
v -6.281680 -31.022415 1.339937
v -6.067400 -31.150927 2.216745
v -5.876240 -31.136295 2.138373
v -5.740690 -31.878307 3.285790
v -5.549620 -31.862396 3.209718
v -5.876240 -31.136295 2.138373
v -6.067400 -31.150927 2.216745
v -5.740690 -31.878307 3.285790
v -5.549620 -31.862396 3.209718
v -5.432300 -32.601276 4.362836
v -5.240650 -32.583527 4.290090
v -5.549620 -31.862396 3.209718
v -5.740690 -31.878307 3.285790
v -5.432300 -32.601276 4.362836
v -5.240650 -32.583527 4.290090
v -5.140160 -33.322441 5.443171
v -4.947240 -33.302216 5.374921
v -5.240650 -32.583527 4.290090
v -5.432300 -32.601276 4.362836
v -5.140160 -33.322441 5.443171
v -4.947240 -33.302216 5.374921
v -4.915670 -34.100113 6.372760
v -4.720420 -34.101051 6.340354
v -4.947240 -33.302216 5.374921
v -5.140160 -33.322441 5.443171
v -4.915670 -34.100113 6.372760
v -4.720420 -34.101051 6.340354
v -5.298540 -34.513992 6.951689
v -4.738990 -34.565399 6.923090
v -4.720420 -34.101051 6.340354
v -4.915670 -34.100113 6.372760
v -5.298540 -34.513992 6.951689
v -4.738990 -34.565399 6.923090
v -5.093780 -34.800465 7.266632
v -4.897280 -34.775604 7.206759
v -4.738990 -34.565399 6.923090
v -5.298540 -34.513992 6.951689
v -5.093780 -34.800465 7.266632
v -1.897920 -35.274311 -3.494449
v -2.135380 -35.357723 -3.684151
v -1.980560 -35.199635 -3.662144
v -1.897920 -35.274311 -3.494449
v -2.052660 -35.432507 -3.516660
v -2.135380 -35.357723 -3.684151
v -2.052660 -35.432507 -3.516660
v -2.994410 -34.592052 -2.758931
v -2.135380 -35.357723 -3.684151
v -2.052660 -35.432507 -3.516660
v -2.911730 -34.667442 -2.592522
v -2.994410 -34.592052 -2.758931
v -2.911730 -34.667442 -2.592522
v -3.839340 -33.817940 -1.818419
v -2.994410 -34.592052 -2.758931
v -2.911730 -34.667442 -2.592522
v -3.756630 -33.893967 -1.653188
v -3.839340 -33.817940 -1.818419
v -3.756630 -33.893967 -1.653188
v -4.668030 -33.035019 -0.861982
v -3.839340 -33.817940 -1.818419
v -3.756630 -33.893967 -1.653188
v -4.585340 -33.111694 -0.697903
v -4.668030 -33.035019 -0.861982
v -4.585340 -33.111694 -0.697903
v -5.422500 -32.198158 0.192142
v -4.668030 -33.035019 -0.861982
v -4.585340 -33.111694 -0.697903
v -5.339940 -32.275440 0.355116
v -5.422500 -32.198158 0.192142
v -5.339940 -32.275440 0.355116
v -6.281680 -31.022415 1.339937
v -5.422500 -32.198158 0.192142
v -5.339940 -32.275440 0.355116
v -6.118090 -31.289036 1.417244
v -6.281680 -31.022415 1.339937
v -6.118090 -31.289036 1.417244
v -6.067400 -31.150927 2.216745
v -6.281680 -31.022415 1.339937
v -6.118090 -31.289036 1.417244
v -6.078190 -31.324497 2.045121
v -6.067400 -31.150927 2.216745
v -6.078190 -31.324497 2.045121
v -5.740690 -31.878307 3.285790
v -6.067400 -31.150927 2.216745
v -6.078190 -31.324497 2.045121
v -5.750270 -32.050995 3.115750
v -5.740690 -31.878307 3.285790
v -5.750270 -32.050995 3.115750
v -5.432300 -32.601276 4.362836
v -5.740690 -31.878307 3.285790
v -5.750270 -32.050995 3.115750
v -5.439930 -32.772442 4.195552
v -5.432300 -32.601276 4.362836
v -5.439930 -32.772442 4.195552
v -5.140160 -33.322441 5.443171
v -5.432300 -32.601276 4.362836
v -5.439930 -32.772442 4.195552
v -5.145310 -33.491508 5.279687
v -5.140160 -33.322441 5.443171
v -5.145310 -33.491508 5.279687
v -4.915670 -34.100113 6.372760
v -5.140160 -33.322441 5.443171
v -5.145310 -33.491508 5.279687
v -4.918210 -34.266964 6.213313
v -4.915670 -34.100113 6.372760
v -4.918210 -34.266964 6.213313
v -5.298540 -34.513992 6.951689
v -4.915670 -34.100113 6.372760
v -4.918210 -34.266964 6.213313
v -5.301630 -34.680496 6.792858
v -5.298540 -34.513992 6.951689
v -5.301630 -34.680496 6.792858
v -5.093780 -34.800465 7.266632
v -5.298540 -34.513992 6.951689
v -5.301630 -34.680496 6.792858
v -5.095190 -34.965771 7.109976
v -5.093780 -34.800465 7.266632
v -5.095190 -34.965771 7.109976
v -4.897280 -34.775604 7.206759
v -5.093780 -34.800465 7.266632
v -5.095190 -34.965771 7.109976
v -4.897930 -34.940590 7.050714
v -4.897280 -34.775604 7.206759
v -4.897930 -34.940590 7.050714
v -4.738990 -34.565399 6.923090
v -4.897280 -34.775604 7.206759
v -4.897930 -34.940590 7.050714
v -4.739570 -34.730610 6.766598
v -4.738990 -34.565399 6.923090
v -4.739570 -34.730610 6.766598
v -4.720420 -34.101051 6.340354
v -4.738990 -34.565399 6.923090
v -4.739570 -34.730610 6.766598
v -4.722080 -34.267498 6.181640
v -4.720420 -34.101051 6.340354
v -4.722080 -34.267498 6.181640
v -4.947240 -33.302216 5.374921
v -4.720420 -34.101051 6.340354
v -4.722080 -34.267498 6.181640
v -4.951570 -33.470909 5.212111
v -4.947240 -33.302216 5.374921
v -4.951570 -33.470909 5.212111
v -5.240650 -32.583527 4.290090
v -4.947240 -33.302216 5.374921
v -4.951570 -33.470909 5.212111
v -5.247440 -32.754257 4.123596
v -5.240650 -32.583527 4.290090
v -5.247440 -32.754257 4.123596
v -5.549620 -31.862396 3.209718
v -5.240650 -32.583527 4.290090
v -5.247440 -32.754257 4.123596
v -5.558300 -32.034645 3.040484
v -5.549620 -31.862396 3.209718
v -5.558300 -32.034645 3.040484
v -5.876240 -31.136295 2.138373
v -5.549620 -31.862396 3.209718
v -5.558300 -32.034645 3.040484
v -5.886140 -31.309420 1.967543
v -5.876240 -31.136295 2.138373
v -5.886140 -31.309420 1.967543
v -6.091060 -30.937954 1.353115
v -5.876240 -31.136295 2.138373
v -5.886140 -31.309420 1.967543
v -5.927110 -31.204046 1.431355
v -6.091060 -30.937954 1.353115
v -5.927110 -31.204046 1.431355
v -5.273230 -32.046272 0.202923
v -6.091060 -30.937954 1.353115
v -5.927110 -31.204046 1.431355
v -5.190760 -32.123478 0.366026
v -5.273230 -32.046272 0.202923
v -5.190760 -32.123478 0.366026
v -4.515640 -32.880302 -0.846079
v -5.273230 -32.046272 0.202923
v -5.190760 -32.123478 0.366026
v -4.433160 -32.956852 -0.681772
v -4.515640 -32.880302 -0.846079
v -4.433160 -32.956852 -0.681772
v -3.685820 -33.661861 -1.800044
v -4.515640 -32.880302 -0.846079
v -4.433160 -32.956852 -0.681772
v -3.603310 -33.737774 -1.634616
v -3.685820 -33.661861 -1.800044
v -3.603310 -33.737774 -1.634616
v -2.840180 -34.434933 -2.738675
v -3.685820 -33.661861 -1.800044
v -3.603310 -33.737774 -1.634616
v -2.757650 -34.510269 -2.572180
v -2.840180 -34.434933 -2.738675
v -2.757650 -34.510269 -2.572180
v -1.980560 -35.199635 -3.662144
v -2.840180 -34.434933 -2.738675
v -2.757650 -34.510269 -2.572180
v -1.897920 -35.274311 -3.494449
v -1.980560 -35.199635 -3.662144
v 0.566490 -27.799755 6.854586
v 2.877100 -25.976780 7.831049
v 2.775840 -25.821331 8.009771
v 0.566490 -27.799755 6.854586
v 0.676270 -27.969301 6.650313
v 2.877100 -25.976780 7.831049
v 2.775840 -25.821331 8.009771
v 5.023430 -23.960484 9.054956
v 4.930210 -23.816669 9.212579
v 2.775840 -25.821331 8.009771
v 2.877100 -25.976780 7.831049
v 5.023430 -23.960484 9.054956
v 4.930210 -23.816669 9.212579
v 7.289230 -21.998676 10.179955
v 7.201810 -21.862110 10.324439
v 4.930210 -23.816669 9.212579
v 5.023430 -23.960484 9.054956
v 7.289230 -21.998676 10.179955
v 7.201810 -21.862110 10.324439
v 9.683350 -20.135813 11.125462
v 9.597730 -19.999691 11.269142
v 7.201810 -21.862110 10.324439
v 7.289230 -21.998676 10.179955
v 9.683350 -20.135813 11.125462
v 9.597730 -19.999691 11.269142
v 12.091230 -18.358276 11.916702
v 12.001610 -18.210684 12.081027
v 9.597730 -19.999691 11.269142
v 9.683350 -20.135813 11.125462
v 12.091230 -18.358276 11.916702
v 12.001610 -18.210684 12.081027
v 14.387130 -16.515461 12.825993
v 14.284030 -16.353416 13.016508
v 12.001610 -18.210684 12.081027
v 12.091230 -18.358276 11.916702
v 14.387130 -16.515461 12.825993
v 14.284030 -16.353416 13.016508
v 16.576960 -14.635620 13.802144
v 16.477730 -14.480200 13.980813
v 14.284030 -16.353416 13.016508
v 14.387130 -16.515461 12.825993
v 16.576960 -14.635620 13.802144
v 16.477730 -14.480200 13.980813
v 18.766470 -12.817303 14.667176
v 18.670010 -12.661945 14.845725
v 16.477730 -14.480200 13.980813
v 16.576960 -14.635620 13.802144
v 18.766470 -12.817303 14.667176
v 18.670010 -12.661945 14.845725
v 20.947920 -11.033531 15.469586
v 20.857500 -10.880154 15.644555
v 18.670010 -12.661945 14.845725
v 18.766470 -12.817303 14.667176
v 20.947920 -11.033531 15.469586
v 20.857500 -10.880154 15.644555
v 23.082430 -9.364460 16.156624
v 23.064960 -9.168724 16.341263
v 20.857500 -10.880154 15.644555
v 20.947920 -11.033531 15.469586
v 23.082430 -9.364460 16.156624
v 23.064960 -9.168724 16.341263
v 24.261780 -8.986118 16.029438
v 24.360800 -8.340549 16.575449
v 23.064960 -9.168724 16.341263
v 23.082430 -9.364460 16.156624
v 24.261780 -8.986118 16.029438
v 24.360800 -8.340549 16.575449
v 25.030001 -8.267696 16.369453
v 24.951550 -8.118450 16.536877
v 24.360800 -8.340549 16.575449
v 24.261780 -8.986118 16.029438
v 25.030001 -8.267696 16.369453
v 0.507490 -27.653381 6.667801
v 2.824840 -25.834499 7.636834
v 0.617520 -27.823317 6.462807
v 0.507490 -27.653381 6.667801
v 2.723290 -25.678699 7.816184
v 2.824840 -25.834499 7.636834
v 2.723290 -25.678699 7.816184
v 4.974150 -23.820286 8.856964
v 2.824840 -25.834499 7.636834
v 2.723290 -25.678699 7.816184
v 4.880480 -23.676081 9.015287
v 4.974150 -23.820286 8.856964
v 4.880480 -23.676081 9.015287
v 7.239110 -21.859304 9.980466
v 4.974150 -23.820286 8.856964
v 4.880480 -23.676081 9.015287
v 7.151250 -21.722309 10.125719
v 7.239110 -21.859304 9.980466
v 7.151250 -21.722309 10.125719
v 9.633910 -19.993900 10.930583
v 7.239110 -21.859304 9.980466
v 7.151250 -21.722309 10.125719
v 9.547730 -19.857388 11.074960
v 9.633910 -19.993900 10.930583
v 9.547730 -19.857388 11.074960
v 12.042680 -18.210196 11.732917
v 9.633910 -19.993900 10.930583
v 9.547730 -19.857388 11.074960
v 11.951580 -18.062740 11.896986
v 12.042680 -18.210196 11.732917
v 11.951580 -18.062740 11.896986
v 14.336560 -16.362360 12.651299
v 12.042680 -18.210196 11.732917
v 11.951580 -18.062740 11.896986
v 14.233200 -16.201160 12.840290
v 14.336560 -16.362360 12.651299
v 14.233200 -16.201160 12.840290
v 16.528379 -14.483427 13.625896
v 14.336560 -16.362360 12.651299
v 14.233200 -16.201160 12.840290
v 16.429050 -14.328043 13.804506
v 16.528379 -14.483427 13.625896
v 16.429050 -14.328043 13.804506
v 18.720070 -12.663517 14.493805
v 16.528379 -14.483427 13.625896
v 16.429050 -14.328043 13.804506
v 18.623381 -12.508133 14.672413
v 18.720070 -12.663517 14.493805
v 18.623381 -12.508133 14.672413
v 20.904470 -10.878960 15.297654
v 18.720070 -12.663517 14.493805
v 18.623381 -12.508133 14.672413
v 20.813770 -10.725563 15.472628
v 20.904470 -10.878960 15.297654
v 20.813770 -10.725563 15.472628
v 23.041439 -9.209465 15.985421
v 20.904470 -10.878960 15.297654
v 20.813770 -10.725563 15.472628
v 23.023760 -9.013615 16.170273
v 23.041439 -9.209465 15.985421
v 23.023760 -9.013615 16.170273
v 24.223181 -8.830978 15.858507
v 23.041439 -9.209465 15.985421
v 23.023760 -9.013615 16.170273
v 24.321560 -8.185326 16.404667
v 24.223181 -8.830978 15.858507
v 24.321560 -8.185326 16.404667
v 24.992350 -8.112385 16.198828
v 24.223181 -8.830978 15.858507
v 24.321560 -8.185326 16.404667
v 24.913500 -7.963100 16.366344
v 24.992350 -8.112385 16.198828
v 0.566490 -27.799755 6.854586
v 0.617520 -27.823317 6.462807
v 0.676270 -27.969301 6.650313
v 0.566490 -27.799755 6.854586
v 0.507490 -27.653381 6.667801
v 0.617520 -27.823317 6.462807
v 0.676270 -27.969301 6.650313
v 2.824840 -25.834499 7.636834
v 2.877100 -25.976780 7.831049
v 0.676270 -27.969301 6.650313
v 0.617520 -27.823317 6.462807
v 2.824840 -25.834499 7.636834
v 2.877100 -25.976780 7.831049
v 4.974150 -23.820286 8.856964
v 5.023430 -23.960484 9.054956
v 2.877100 -25.976780 7.831049
v 2.824840 -25.834499 7.636834
v 4.974150 -23.820286 8.856964
v 5.023430 -23.960484 9.054956
v 7.239110 -21.859304 9.980466
v 7.289230 -21.998676 10.179955
v 5.023430 -23.960484 9.054956
v 4.974150 -23.820286 8.856964
v 7.239110 -21.859304 9.980466
v 7.289230 -21.998676 10.179955
v 9.633910 -19.993900 10.930583
v 9.683350 -20.135813 11.125462
v 7.289230 -21.998676 10.179955
v 7.239110 -21.859304 9.980466
v 9.633910 -19.993900 10.930583
v 9.683350 -20.135813 11.125462
v 12.042680 -18.210196 11.732917
v 12.091230 -18.358276 11.916702
v 9.683350 -20.135813 11.125462
v 9.633910 -19.993900 10.930583
v 12.042680 -18.210196 11.732917
v 12.091230 -18.358276 11.916702
v 14.336560 -16.362360 12.651299
v 14.387130 -16.515461 12.825993
v 12.091230 -18.358276 11.916702
v 12.042680 -18.210196 11.732917
v 14.336560 -16.362360 12.651299
v 14.387130 -16.515461 12.825993
v 16.528379 -14.483427 13.625896
v 16.576960 -14.635620 13.802144
v 14.387130 -16.515461 12.825993
v 14.336560 -16.362360 12.651299
v 16.528379 -14.483427 13.625896
v 16.576960 -14.635620 13.802144
v 18.720070 -12.663517 14.493805
v 18.766470 -12.817303 14.667176
v 16.576960 -14.635620 13.802144
v 16.528379 -14.483427 13.625896
v 18.720070 -12.663517 14.493805
v 18.766470 -12.817303 14.667176
v 20.904470 -10.878960 15.297654
v 20.947920 -11.033531 15.469586
v 18.766470 -12.817303 14.667176
v 18.720070 -12.663517 14.493805
v 20.904470 -10.878960 15.297654
v 20.947920 -11.033531 15.469586
v 23.041439 -9.209465 15.985421
v 23.082430 -9.364460 16.156624
v 20.947920 -11.033531 15.469586
v 20.904470 -10.878960 15.297654
v 23.041439 -9.209465 15.985421
v 23.082430 -9.364460 16.156624
v 24.223181 -8.830978 15.858507
v 24.261780 -8.986118 16.029438
v 23.082430 -9.364460 16.156624
v 23.041439 -9.209465 15.985421
v 24.223181 -8.830978 15.858507
v 24.261780 -8.986118 16.029438
v 24.992350 -8.112385 16.198828
v 25.030001 -8.267696 16.369453
v 24.261780 -8.986118 16.029438
v 24.223181 -8.830978 15.858507
v 24.992350 -8.112385 16.198828
v 25.030001 -8.267696 16.369453
v 24.913500 -7.963100 16.366344
v 24.951550 -8.118450 16.536877
v 25.030001 -8.267696 16.369453
v 24.992350 -8.112385 16.198828
v 24.913500 -7.963100 16.366344
v 24.951550 -8.118450 16.536877
v 24.321560 -8.185326 16.404667
v 24.360800 -8.340549 16.575449
v 24.951550 -8.118450 16.536877
v 24.913500 -7.963100 16.366344
v 24.321560 -8.185326 16.404667
v 24.360800 -8.340549 16.575449
v 23.023760 -9.013615 16.170273
v 23.064960 -9.168724 16.341263
v 24.360800 -8.340549 16.575449
v 24.321560 -8.185326 16.404667
v 23.023760 -9.013615 16.170273
v 23.064960 -9.168724 16.341263
v 20.813770 -10.725563 15.472628
v 20.857500 -10.880154 15.644555
v 23.064960 -9.168724 16.341263
v 23.023760 -9.013615 16.170273
v 20.813770 -10.725563 15.472628
v 20.857500 -10.880154 15.644555
v 18.623381 -12.508133 14.672413
v 18.670010 -12.661945 14.845725
v 20.857500 -10.880154 15.644555
v 20.813770 -10.725563 15.472628
v 18.623381 -12.508133 14.672413
v 18.670010 -12.661945 14.845725
v 16.429050 -14.328043 13.804506
v 16.477730 -14.480200 13.980813
v 18.670010 -12.661945 14.845725
v 18.623381 -12.508133 14.672413
v 16.429050 -14.328043 13.804506
v 16.477730 -14.480200 13.980813
v 14.233200 -16.201160 12.840290
v 14.284030 -16.353416 13.016508
v 16.477730 -14.480200 13.980813
v 16.429050 -14.328043 13.804506
v 14.233200 -16.201160 12.840290
v 14.284030 -16.353416 13.016508
v 11.951580 -18.062740 11.896986
v 12.001610 -18.210684 12.081027
v 14.284030 -16.353416 13.016508
v 14.233200 -16.201160 12.840290
v 11.951580 -18.062740 11.896986
v 12.001610 -18.210684 12.081027
v 9.547730 -19.857388 11.074960
v 9.597730 -19.999691 11.269142
v 12.001610 -18.210684 12.081027
v 11.951580 -18.062740 11.896986
v 9.547730 -19.857388 11.074960
v 9.597730 -19.999691 11.269142
v 7.151250 -21.722309 10.125719
v 7.201810 -21.862110 10.324439
v 9.597730 -19.999691 11.269142
v 9.547730 -19.857388 11.074960
v 7.151250 -21.722309 10.125719
v 7.201810 -21.862110 10.324439
v 4.880480 -23.676081 9.015287
v 4.930210 -23.816669 9.212579
v 7.201810 -21.862110 10.324439
v 7.151250 -21.722309 10.125719
v 4.880480 -23.676081 9.015287
v 4.930210 -23.816669 9.212579
v 2.723290 -25.678699 7.816184
v 2.775840 -25.821331 8.009771
v 4.930210 -23.816669 9.212579
v 4.880480 -23.676081 9.015287
v 2.723290 -25.678699 7.816184
v 2.775840 -25.821331 8.009771
v 0.507490 -27.653381 6.667801
v 0.566490 -27.799755 6.854586
v 2.775840 -25.821331 8.009771
v 2.723290 -25.678699 7.816184
v 0.507490 -27.653381 6.667801
v -1.897920 -35.274311 -3.494449
v -2.911730 -34.667442 -2.592522
v -2.052660 -35.432507 -3.516660
v -1.897920 -35.274311 -3.494449
v -2.757650 -34.510269 -2.572180
v -2.911730 -34.667442 -2.592522
v -2.757650 -34.510269 -2.572180
v -3.756630 -33.893967 -1.653188
v -2.911730 -34.667442 -2.592522
v -2.757650 -34.510269 -2.572180
v -3.603310 -33.737774 -1.634616
v -3.756630 -33.893967 -1.653188
v -3.603310 -33.737774 -1.634616
v -4.585340 -33.111694 -0.697903
v -3.756630 -33.893967 -1.653188
v -3.603310 -33.737774 -1.634616
v -4.433160 -32.956852 -0.681772
v -4.585340 -33.111694 -0.697903
v -4.433160 -32.956852 -0.681772
v -5.339940 -32.275440 0.355116
v -4.585340 -33.111694 -0.697903
v -4.433160 -32.956852 -0.681772
v -5.190760 -32.123478 0.366026
v -5.339940 -32.275440 0.355116
v -5.190760 -32.123478 0.366026
v -6.118090 -31.289036 1.417244
v -5.339940 -32.275440 0.355116
v -5.190760 -32.123478 0.366026
v -5.927110 -31.204046 1.431355
v -6.118090 -31.289036 1.417244
v -5.927110 -31.204046 1.431355
v -6.078190 -31.324497 2.045121
v -6.118090 -31.289036 1.417244
v -5.927110 -31.204046 1.431355
v -5.886140 -31.309420 1.967543
v -6.078190 -31.324497 2.045121
v -5.886140 -31.309420 1.967543
v -5.750270 -32.050995 3.115750
v -6.078190 -31.324497 2.045121
v -5.886140 -31.309420 1.967543
v -5.558300 -32.034645 3.040484
v -5.750270 -32.050995 3.115750
v -5.558300 -32.034645 3.040484
v -5.439930 -32.772442 4.195552
v -5.750270 -32.050995 3.115750
v -5.558300 -32.034645 3.040484
v -5.247440 -32.754257 4.123596
v -5.439930 -32.772442 4.195552
v -5.247440 -32.754257 4.123596
v -5.145310 -33.491508 5.279687
v -5.439930 -32.772442 4.195552
v -5.247440 -32.754257 4.123596
v -4.951570 -33.470909 5.212111
v -5.145310 -33.491508 5.279687
v -4.951570 -33.470909 5.212111
v -4.918210 -34.266964 6.213313
v -5.145310 -33.491508 5.279687
v -4.951570 -33.470909 5.212111
v -4.722080 -34.267498 6.181640
v -4.918210 -34.266964 6.213313
v -4.722080 -34.267498 6.181640
v -5.301630 -34.680496 6.792858
v -4.918210 -34.266964 6.213313
v -4.722080 -34.267498 6.181640
v -4.739570 -34.730610 6.766598
v -5.301630 -34.680496 6.792858
v -4.739570 -34.730610 6.766598
v -5.095190 -34.965771 7.109976
v -5.301630 -34.680496 6.792858
v -4.739570 -34.730610 6.766598
v -4.897930 -34.940590 7.050714
v -5.095190 -34.965771 7.109976
v -1.980560 -35.199635 -3.662144
v -2.994410 -34.592052 -2.758931
v -2.840180 -34.434933 -2.738675
v -1.980560 -35.199635 -3.662144
v -2.135380 -35.357723 -3.684151
v -2.994410 -34.592052 -2.758931
v -2.840180 -34.434933 -2.738675
v -3.839340 -33.817940 -1.818419
v -3.685820 -33.661861 -1.800044
v -2.840180 -34.434933 -2.738675
v -2.994410 -34.592052 -2.758931
v -3.839340 -33.817940 -1.818419
v -3.685820 -33.661861 -1.800044
v -4.668030 -33.035019 -0.861982
v -4.515640 -32.880302 -0.846079
v -3.685820 -33.661861 -1.800044
v -3.839340 -33.817940 -1.818419
v -4.668030 -33.035019 -0.861982
v -4.515640 -32.880302 -0.846079
v -5.422500 -32.198158 0.192142
v -5.273230 -32.046272 0.202923
v -4.515640 -32.880302 -0.846079
v -4.668030 -33.035019 -0.861982
v -5.422500 -32.198158 0.192142
v -5.273230 -32.046272 0.202923
v -6.281680 -31.022415 1.339937
v -6.091060 -30.937954 1.353115
v -5.273230 -32.046272 0.202923
v -5.422500 -32.198158 0.192142
v -6.281680 -31.022415 1.339937
v -6.091060 -30.937954 1.353115
v -6.067400 -31.150927 2.216745
v -5.876240 -31.136295 2.138373
v -6.091060 -30.937954 1.353115
v -6.281680 -31.022415 1.339937
v -6.067400 -31.150927 2.216745
v -5.876240 -31.136295 2.138373
v -5.740690 -31.878307 3.285790
v -5.549620 -31.862396 3.209718
v -5.876240 -31.136295 2.138373
v -6.067400 -31.150927 2.216745
v -5.740690 -31.878307 3.285790
v -5.549620 -31.862396 3.209718
v -5.432300 -32.601276 4.362836
v -5.240650 -32.583527 4.290090
v -5.549620 -31.862396 3.209718
v -5.740690 -31.878307 3.285790
v -5.432300 -32.601276 4.362836
v -5.240650 -32.583527 4.290090
v -5.140160 -33.322441 5.443171
v -4.947240 -33.302216 5.374921
v -5.240650 -32.583527 4.290090
v -5.432300 -32.601276 4.362836
v -5.140160 -33.322441 5.443171
v -4.947240 -33.302216 5.374921
v -4.915670 -34.100113 6.372760
v -4.720420 -34.101051 6.340354
v -4.947240 -33.302216 5.374921
v -5.140160 -33.322441 5.443171
v -4.915670 -34.100113 6.372760
v -4.720420 -34.101051 6.340354
v -5.298540 -34.513992 6.951689
v -4.738990 -34.565399 6.923090
v -4.720420 -34.101051 6.340354
v -4.915670 -34.100113 6.372760
v -5.298540 -34.513992 6.951689
v -4.738990 -34.565399 6.923090
v -5.093780 -34.800465 7.266632
v -4.897280 -34.775604 7.206759
v -4.738990 -34.565399 6.923090
v -5.298540 -34.513992 6.951689
v -5.093780 -34.800465 7.266632
v -1.897920 -35.274311 -3.494449
v -2.135380 -35.357723 -3.684151
v -1.980560 -35.199635 -3.662144
v -1.897920 -35.274311 -3.494449
v -2.052660 -35.432507 -3.516660
v -2.135380 -35.357723 -3.684151
v -2.052660 -35.432507 -3.516660
v -2.994410 -34.592052 -2.758931
v -2.135380 -35.357723 -3.684151
v -2.052660 -35.432507 -3.516660
v -2.911730 -34.667442 -2.592522
v -2.994410 -34.592052 -2.758931
v -2.911730 -34.667442 -2.592522
v -3.839340 -33.817940 -1.818419
v -2.994410 -34.592052 -2.758931
v -2.911730 -34.667442 -2.592522
v -3.756630 -33.893967 -1.653188
v -3.839340 -33.817940 -1.818419
v -3.756630 -33.893967 -1.653188
v -4.668030 -33.035019 -0.861982
v -3.839340 -33.817940 -1.818419
v -3.756630 -33.893967 -1.653188
v -4.585340 -33.111694 -0.697903
v -4.668030 -33.035019 -0.861982
v -4.585340 -33.111694 -0.697903
v -5.422500 -32.198158 0.192142
v -4.668030 -33.035019 -0.861982
v -4.585340 -33.111694 -0.697903
v -5.339940 -32.275440 0.355116
v -5.422500 -32.198158 0.192142
v -5.339940 -32.275440 0.355116
v -6.281680 -31.022415 1.339937
v -5.422500 -32.198158 0.192142
v -5.339940 -32.275440 0.355116
v -6.118090 -31.289036 1.417244
v -6.281680 -31.022415 1.339937
v -6.118090 -31.289036 1.417244
v -6.067400 -31.150927 2.216745
v -6.281680 -31.022415 1.339937
v -6.118090 -31.289036 1.417244
v -6.078190 -31.324497 2.045121
v -6.067400 -31.150927 2.216745
v -6.078190 -31.324497 2.045121
v -5.740690 -31.878307 3.285790
v -6.067400 -31.150927 2.216745
v -6.078190 -31.324497 2.045121
v -5.750270 -32.050995 3.115750
v -5.740690 -31.878307 3.285790
v -5.750270 -32.050995 3.115750
v -5.432300 -32.601276 4.362836
v -5.740690 -31.878307 3.285790
v -5.750270 -32.050995 3.115750
v -5.439930 -32.772442 4.195552
v -5.432300 -32.601276 4.362836
v -5.439930 -32.772442 4.195552
v -5.140160 -33.322441 5.443171
v -5.432300 -32.601276 4.362836
v -5.439930 -32.772442 4.195552
v -5.145310 -33.491508 5.279687
v -5.140160 -33.322441 5.443171
v -5.145310 -33.491508 5.279687
v -4.915670 -34.100113 6.372760
v -5.140160 -33.322441 5.443171
v -5.145310 -33.491508 5.279687
v -4.918210 -34.266964 6.213313
v -4.915670 -34.100113 6.372760
v -4.918210 -34.266964 6.213313
v -5.298540 -34.513992 6.951689
v -4.915670 -34.100113 6.372760
v -4.918210 -34.266964 6.213313
v -5.301630 -34.680496 6.792858
v -5.298540 -34.513992 6.951689
v -5.301630 -34.680496 6.792858
v -5.093780 -34.800465 7.266632
v -5.298540 -34.513992 6.951689
v -5.301630 -34.680496 6.792858
v -5.095190 -34.965771 7.109976
v -5.093780 -34.800465 7.266632
v -5.095190 -34.965771 7.109976
v -4.897280 -34.775604 7.206759
v -5.093780 -34.800465 7.266632
v -5.095190 -34.965771 7.109976
v -4.897930 -34.940590 7.050714
v -4.897280 -34.775604 7.206759
v -4.897930 -34.940590 7.050714
v -4.738990 -34.565399 6.923090
v -4.897280 -34.775604 7.206759
v -4.897930 -34.940590 7.050714
v -4.739570 -34.730610 6.766598
v -4.738990 -34.565399 6.923090
v -4.739570 -34.730610 6.766598
v -4.720420 -34.101051 6.340354
v -4.738990 -34.565399 6.923090
v -4.739570 -34.730610 6.766598
v -4.722080 -34.267498 6.181640
v -4.720420 -34.101051 6.340354
v -4.722080 -34.267498 6.181640
v -4.947240 -33.302216 5.374921
v -4.720420 -34.101051 6.340354
v -4.722080 -34.267498 6.181640
v -4.951570 -33.470909 5.212111
v -4.947240 -33.302216 5.374921
v -4.951570 -33.470909 5.212111
v -5.240650 -32.583527 4.290090
v -4.947240 -33.302216 5.374921
v -4.951570 -33.470909 5.212111
v -5.247440 -32.754257 4.123596
v -5.240650 -32.583527 4.290090
v -5.247440 -32.754257 4.123596
v -5.549620 -31.862396 3.209718
v -5.240650 -32.583527 4.290090
v -5.247440 -32.754257 4.123596
v -5.558300 -32.034645 3.040484
v -5.549620 -31.862396 3.209718
v -5.558300 -32.034645 3.040484
v -5.876240 -31.136295 2.138373
v -5.549620 -31.862396 3.209718
v -5.558300 -32.034645 3.040484
v -5.886140 -31.309420 1.967543
v -5.876240 -31.136295 2.138373
v -5.886140 -31.309420 1.967543
v -6.091060 -30.937954 1.353115
v -5.876240 -31.136295 2.138373
v -5.886140 -31.309420 1.967543
v -5.927110 -31.204046 1.431355
v -6.091060 -30.937954 1.353115
v -5.927110 -31.204046 1.431355
v -5.273230 -32.046272 0.202923
v -6.091060 -30.937954 1.353115
v -5.927110 -31.204046 1.431355
v -5.190760 -32.123478 0.366026
v -5.273230 -32.046272 0.202923
v -5.190760 -32.123478 0.366026
v -4.515640 -32.880302 -0.846079
v -5.273230 -32.046272 0.202923
v -5.190760 -32.123478 0.366026
v -4.433160 -32.956852 -0.681772
v -4.515640 -32.880302 -0.846079
v -4.433160 -32.956852 -0.681772
v -3.685820 -33.661861 -1.800044
v -4.515640 -32.880302 -0.846079
v -4.433160 -32.956852 -0.681772
v -3.603310 -33.737774 -1.634616
v -3.685820 -33.661861 -1.800044
v -3.603310 -33.737774 -1.634616
v -2.840180 -34.434933 -2.738675
v -3.685820 -33.661861 -1.800044
v -3.603310 -33.737774 -1.634616
v -2.757650 -34.510269 -2.572180
v -2.840180 -34.434933 -2.738675
v -2.757650 -34.510269 -2.572180
v -1.980560 -35.199635 -3.662144
v -2.840180 -34.434933 -2.738675
v -2.757650 -34.510269 -2.572180
v -1.897920 -35.274311 -3.494449
v -1.980560 -35.199635 -3.662144
v -0.251690 -37.551403 -6.650224
v -1.694790 -37.394985 -6.564229
v -0.316130 -37.748817 -6.743636
v -0.251690 -37.551403 -6.650224
v -1.629080 -37.198204 -6.471965
v -1.694790 -37.394985 -6.564229
v -1.629080 -37.198204 -6.471965
v -3.067420 -37.023048 -6.352007
v -1.694790 -37.394985 -6.564229
v -1.629080 -37.198204 -6.471965
v -3.000350 -36.826832 -6.260779
v -3.067420 -37.023048 -6.352007
v -3.000350 -36.826832 -6.260779
v -4.432830 -36.633121 -6.107196
v -3.067420 -37.023048 -6.352007
v -3.000350 -36.826832 -6.260779
v -4.364460 -36.437664 -6.017354
v -4.432830 -36.633121 -6.107196
v -4.364460 -36.437664 -6.017354
v -5.789830 -36.225639 -5.830580
v -4.432830 -36.633121 -6.107196
v -4.364460 -36.437664 -6.017354
v -5.720250 -36.030842 -5.741929
v -5.789830 -36.225639 -5.830580
v -5.720250 -36.030842 -5.741929
v -7.197650 -35.743023 -5.680798
v -5.789830 -36.225639 -5.830580
v -5.720250 -36.030842 -5.741929
v -7.078430 -35.591251 -5.545566
v -7.197650 -35.743023 -5.680798
v -7.078430 -35.591251 -5.545566
v -7.465850 -35.838482 -5.161294
v -7.197650 -35.743023 -5.680798
v -7.078430 -35.591251 -5.545566
v -7.281190 -35.738445 -5.084873
v -7.465850 -35.838482 -5.161294
v -7.281190 -35.738445 -5.084873
v -7.535600 -36.494038 -3.961607
v -7.465850 -35.838482 -5.161294
v -7.281190 -35.738445 -5.084873
v -7.351690 -36.393990 -3.885181
v -7.535600 -36.494038 -3.961607
v -7.351690 -36.393990 -3.885181
v -7.622150 -37.131897 -2.729827
v -7.535600 -36.494038 -3.961607
v -7.351690 -36.393990 -3.885181
v -7.439040 -37.031921 -2.653523
v -7.622150 -37.131897 -2.729827
v -7.439040 -37.031921 -2.653523
v -7.720680 -37.756042 -1.473185
v -7.622150 -37.131897 -2.729827
v -7.439040 -37.031921 -2.653523
v -7.538440 -37.656261 -1.397253
v -7.720680 -37.756042 -1.473185
v -7.538440 -37.656261 -1.397253
v -7.781770 -38.435776 -0.365731
v -7.720680 -37.756042 -1.473185
v -7.538440 -37.656261 -1.397253
v -7.608270 -38.360020 -0.259118
v -7.781770 -38.435776 -0.365731
v -7.608270 -38.360020 -0.259118
v -8.259230 -38.991272 -0.043375
v -7.781770 -38.435776 -0.365731
v -7.608270 -38.360020 -0.259118
v -7.779690 -38.825455 0.321835
v -8.259230 -38.991272 -0.043375
v -7.779690 -38.825455 0.321835
v -8.169340 -39.190895 0.429110
v -8.259230 -38.991272 -0.043375
v -7.779690 -38.825455 0.321835
v -7.988060 -39.092033 0.503390
v -8.169340 -39.190895 0.429110
v -0.251910 -37.491463 -6.844731
v -1.696390 -37.335106 -6.758817
v -1.630520 -37.138298 -6.666533
v -0.251910 -37.491463 -6.844731
v -0.316480 -37.688885 -6.938128
v -1.696390 -37.335106 -6.758817
v -1.630520 -37.138298 -6.666533
v -3.070150 -36.963100 -6.546497
v -3.003030 -36.766979 -6.455433
v -1.630520 -37.138298 -6.666533
v -1.696390 -37.335106 -6.758817
v -3.070150 -36.963100 -6.546497
v -3.003030 -36.766979 -6.455433
v -4.436720 -36.573219 -6.301764
v -4.368300 -36.377750 -6.211904
v -3.003030 -36.766979 -6.455433
v -3.070150 -36.963100 -6.546497
v -4.436720 -36.573219 -6.301764
v -4.368300 -36.377750 -6.211904
v -5.794890 -36.165630 -6.024944
v -5.725270 -35.970867 -5.936353
v -4.368300 -36.377750 -6.211904
v -4.436720 -36.573219 -6.301764
v -5.794890 -36.165630 -6.024944
v -5.725270 -35.970867 -5.936353
v -7.360510 -35.552376 -5.895800
v -7.241030 -35.400864 -5.761020
v -5.725270 -35.970867 -5.936353
v -5.794890 -36.165630 -6.024944
v -7.360510 -35.552376 -5.895800
v -7.241030 -35.400864 -5.761020
v -7.589020 -35.696201 -5.046207
v -7.404420 -35.596329 -4.970084
v -7.241030 -35.400864 -5.761020
v -7.360510 -35.552376 -5.895800
v -7.589020 -35.696201 -5.046207
v -7.404420 -35.596329 -4.970084
v -7.657970 -36.351665 -3.846364
v -7.474170 -36.251839 -3.770331
v -7.404420 -35.596329 -4.970084
v -7.589020 -35.696201 -5.046207
v -7.657970 -36.351665 -3.846364
v -7.474170 -36.251839 -3.770331
v -7.743690 -36.989494 -2.614533
v -7.560690 -36.889660 -2.538492
v -7.474170 -36.251839 -3.770331
v -7.657970 -36.351665 -3.846364
v -7.743690 -36.989494 -2.614533
v -7.560690 -36.889660 -2.538492
v -7.841340 -37.613647 -1.357900
v -7.659300 -37.514027 -1.282243
v -7.560690 -36.889660 -2.538492
v -7.743690 -36.989494 -2.614533
v -7.841340 -37.613647 -1.357900
v -7.659300 -37.514027 -1.282243
v -7.901770 -38.293510 -0.250691
v -7.728360 -38.217888 -0.144302
v -7.659300 -37.514027 -1.282243
v -7.841340 -37.613647 -1.357900
v -7.901770 -38.293510 -0.250691
v -7.728360 -38.217888 -0.144302
v -8.378570 -38.848644 0.072333
v -7.899270 -38.683273 0.436714
v -7.728360 -38.217888 -0.144302
v -7.901770 -38.293510 -0.250691
v -8.378570 -38.848644 0.072333
v -7.899270 -38.683273 0.436714
v -8.288490 -39.048443 0.544490
v -8.107320 -38.949692 0.618581
v -7.899270 -38.683273 0.436714
v -8.378570 -38.848644 0.072333
v -8.288490 -39.048443 0.544490
v -0.251690 -37.551403 -6.650224
v -0.316480 -37.688885 -6.938128
v -0.251910 -37.491463 -6.844731
v -0.251690 -37.551403 -6.650224
v -0.316130 -37.748817 -6.743636
v -0.316480 -37.688885 -6.938128
v -0.316130 -37.748817 -6.743636
v -1.696390 -37.335106 -6.758817
v -0.316480 -37.688885 -6.938128
v -0.316130 -37.748817 -6.743636
v -1.694790 -37.394985 -6.564229
v -1.696390 -37.335106 -6.758817
v -1.694790 -37.394985 -6.564229
v -3.070150 -36.963100 -6.546497
v -1.696390 -37.335106 -6.758817
v -1.694790 -37.394985 -6.564229
v -3.067420 -37.023048 -6.352007
v -3.070150 -36.963100 -6.546497
v -3.067420 -37.023048 -6.352007
v -4.436720 -36.573219 -6.301764
v -3.070150 -36.963100 -6.546497
v -3.067420 -37.023048 -6.352007
v -4.432830 -36.633121 -6.107196
v -4.436720 -36.573219 -6.301764
v -4.432830 -36.633121 -6.107196
v -5.794890 -36.165630 -6.024944
v -4.436720 -36.573219 -6.301764
v -4.432830 -36.633121 -6.107196
v -5.789830 -36.225639 -5.830580
v -5.794890 -36.165630 -6.024944
v -5.789830 -36.225639 -5.830580
v -7.360510 -35.552376 -5.895800
v -5.794890 -36.165630 -6.024944
v -5.789830 -36.225639 -5.830580
v -7.197650 -35.743023 -5.680798
v -7.360510 -35.552376 -5.895800
v -7.197650 -35.743023 -5.680798
v -7.589020 -35.696201 -5.046207
v -7.360510 -35.552376 -5.895800
v -7.197650 -35.743023 -5.680798
v -7.465850 -35.838482 -5.161294
v -7.589020 -35.696201 -5.046207
v -7.465850 -35.838482 -5.161294
v -7.657970 -36.351665 -3.846364
v -7.589020 -35.696201 -5.046207
v -7.465850 -35.838482 -5.161294
v -7.535600 -36.494038 -3.961607
v -7.657970 -36.351665 -3.846364
v -7.535600 -36.494038 -3.961607
v -7.743690 -36.989494 -2.614533
v -7.657970 -36.351665 -3.846364
v -7.535600 -36.494038 -3.961607
v -7.622150 -37.131897 -2.729827
v -7.743690 -36.989494 -2.614533
v -7.622150 -37.131897 -2.729827
v -7.841340 -37.613647 -1.357900
v -7.743690 -36.989494 -2.614533
v -7.622150 -37.131897 -2.729827
v -7.720680 -37.756042 -1.473185
v -7.841340 -37.613647 -1.357900
v -7.720680 -37.756042 -1.473185
v -7.901770 -38.293510 -0.250691
v -7.841340 -37.613647 -1.357900
v -7.720680 -37.756042 -1.473185
v -7.781770 -38.435776 -0.365731
v -7.901770 -38.293510 -0.250691
v -7.781770 -38.435776 -0.365731
v -8.378570 -38.848644 0.072333
v -7.901770 -38.293510 -0.250691
v -7.781770 -38.435776 -0.365731
v -8.259230 -38.991272 -0.043375
v -8.378570 -38.848644 0.072333
v -8.259230 -38.991272 -0.043375
v -8.288490 -39.048443 0.544490
v -8.378570 -38.848644 0.072333
v -8.259230 -38.991272 -0.043375
v -8.169340 -39.190895 0.429110
v -8.288490 -39.048443 0.544490
v -8.169340 -39.190895 0.429110
v -8.107320 -38.949692 0.618581
v -8.288490 -39.048443 0.544490
v -8.169340 -39.190895 0.429110
v -7.988060 -39.092033 0.503390
v -8.107320 -38.949692 0.618581
v -7.988060 -39.092033 0.503390
v -7.899270 -38.683273 0.436714
v -8.107320 -38.949692 0.618581
v -7.988060 -39.092033 0.503390
v -7.779690 -38.825455 0.321835
v -7.899270 -38.683273 0.436714
v -7.779690 -38.825455 0.321835
v -7.728360 -38.217888 -0.144302
v -7.899270 -38.683273 0.436714
v -7.779690 -38.825455 0.321835
v -7.608270 -38.360020 -0.259118
v -7.728360 -38.217888 -0.144302
v -7.608270 -38.360020 -0.259118
v -7.659300 -37.514027 -1.282243
v -7.728360 -38.217888 -0.144302
v -7.608270 -38.360020 -0.259118
v -7.538440 -37.656261 -1.397253
v -7.659300 -37.514027 -1.282243
v -7.538440 -37.656261 -1.397253
v -7.560690 -36.889660 -2.538492
v -7.659300 -37.514027 -1.282243
v -7.538440 -37.656261 -1.397253
v -7.439040 -37.031921 -2.653523
v -7.560690 -36.889660 -2.538492
v -7.439040 -37.031921 -2.653523
v -7.474170 -36.251839 -3.770331
v -7.560690 -36.889660 -2.538492
v -7.439040 -37.031921 -2.653523
v -7.351690 -36.393990 -3.885181
v -7.474170 -36.251839 -3.770331
v -7.351690 -36.393990 -3.885181
v -7.404420 -35.596329 -4.970084
v -7.474170 -36.251839 -3.770331
v -7.351690 -36.393990 -3.885181
v -7.281190 -35.738445 -5.084873
v -7.404420 -35.596329 -4.970084
v -7.281190 -35.738445 -5.084873
v -7.241030 -35.400864 -5.761020
v -7.404420 -35.596329 -4.970084
v -7.281190 -35.738445 -5.084873
v -7.078430 -35.591251 -5.545566
v -7.241030 -35.400864 -5.761020
v -7.078430 -35.591251 -5.545566
v -5.725270 -35.970867 -5.936353
v -7.241030 -35.400864 -5.761020
v -7.078430 -35.591251 -5.545566
v -5.720250 -36.030842 -5.741929
v -5.725270 -35.970867 -5.936353
v -5.720250 -36.030842 -5.741929
v -4.368300 -36.377750 -6.211904
v -5.725270 -35.970867 -5.936353
v -5.720250 -36.030842 -5.741929
v -4.364460 -36.437664 -6.017354
v -4.368300 -36.377750 -6.211904
v -4.364460 -36.437664 -6.017354
v -3.003030 -36.766979 -6.455433
v -4.368300 -36.377750 -6.211904
v -4.364460 -36.437664 -6.017354
v -3.000350 -36.826832 -6.260779
v -3.003030 -36.766979 -6.455433
v -3.000350 -36.826832 -6.260779
v -1.630520 -37.138298 -6.666533
v -3.003030 -36.766979 -6.455433
v -3.000350 -36.826832 -6.260779
v -1.629080 -37.198204 -6.471965
v -1.630520 -37.138298 -6.666533
v -1.629080 -37.198204 -6.471965
v -0.251910 -37.491463 -6.844731
v -1.630520 -37.138298 -6.666533
v -1.629080 -37.198204 -6.471965
v -0.251690 -37.551403 -6.650224
v -0.251910 -37.491463 -6.844731
v -3.076200 -38.199581 -8.167581
v -3.725440 -38.624458 -9.397429
v -2.911160 -38.145035 -8.319591
v -3.076200 -38.199581 -8.167581
v -3.891000 -38.678162 -9.243896
v -3.725440 -38.624458 -9.397429
v -3.891000 -38.678162 -9.243896
v -4.549640 -39.092823 -10.455222
v -3.725440 -38.624458 -9.397429
v -3.891000 -38.678162 -9.243896
v -4.715810 -39.145634 -10.300058
v -4.549640 -39.092823 -10.455222
v -4.715810 -39.145634 -10.300058
v -5.383260 -39.549797 -11.492348
v -4.549640 -39.092823 -10.455222
v -4.715810 -39.145634 -10.300058
v -5.549940 -39.601810 -11.335738
v -5.383260 -39.549797 -11.492348
v -5.549940 -39.601810 -11.335738
v -6.225780 -39.995132 -12.508368
v -5.383260 -39.549797 -11.492348
v -5.549940 -39.601810 -11.335738
v -6.392930 -40.046406 -12.350409
v -6.225780 -39.995132 -12.508368
v -6.392930 -40.046406 -12.350409
v -7.183370 -40.291298 -13.547395
v -6.225780 -39.995132 -12.508368
v -6.392930 -40.046406 -12.350409
v -7.282270 -40.381523 -13.358578
v -7.183370 -40.291298 -13.547395
v -7.282270 -40.381523 -13.358578
v -7.087920 -40.795223 -13.781252
v -7.183370 -40.291298 -13.547395
v -7.282270 -40.381523 -13.358578
v -7.120170 -40.829994 -13.562396
v -7.087920 -40.795223 -13.781252
v -7.120170 -40.829994 -13.562396
v -6.216180 -41.915897 -14.010666
v -7.087920 -40.795223 -13.781252
v -7.120170 -40.829994 -13.562396
v -6.249420 -41.951046 -13.792506
v -6.216180 -41.915897 -14.010666
v -6.249420 -41.951046 -13.792506
v -5.353780 -43.049885 -14.227788
v -6.216180 -41.915897 -14.010666
v -6.249420 -41.951046 -13.792506
v -5.388070 -43.085430 -14.010313
v -5.353780 -43.049885 -14.227788
v -5.388070 -43.085430 -14.010313
v -4.497140 -44.191143 -14.430466
v -5.353780 -43.049885 -14.227788
v -5.388070 -43.085430 -14.010313
v -4.532420 -44.227066 -14.213717
v -4.497140 -44.191143 -14.430466
v -4.532420 -44.227066 -14.213717
v -3.585700 -45.187653 -14.620625
v -4.497140 -44.191143 -14.430466
v -4.532420 -44.227066 -14.213717
v -3.593100 -45.252712 -14.417452
v -3.585700 -45.187653 -14.620625
v -3.593100 -45.252712 -14.417452
v -3.075800 -45.547867 -15.234058
v -3.585700 -45.187653 -14.620625
v -3.593100 -45.252712 -14.417452
v -3.038780 -45.793079 -14.680258
v -3.075800 -45.547867 -15.234058
v -3.038780 -45.793079 -14.680258
v -2.744920 -45.948406 -15.165053
v -3.075800 -45.547867 -15.234058
v -3.038780 -45.793079 -14.680258
v -2.782060 -45.985451 -14.950293
v -2.744920 -45.948406 -15.165053
v -3.171740 -38.024529 -8.168683
v -3.821460 -38.449135 -9.398060
v -3.986860 -38.502678 -9.244230
v -3.171740 -38.024529 -8.168683
v -3.006990 -37.970066 -8.320861
v -3.821460 -38.449135 -9.398060
v -3.986860 -38.502678 -9.244230
v -4.645970 -38.917072 -10.455065
v -4.811930 -38.969818 -10.299776
v -3.986860 -38.502678 -9.244230
v -3.821460 -38.449135 -9.398060
v -4.645970 -38.917072 -10.455065
v -4.811930 -38.969818 -10.299776
v -5.479710 -39.373623 -11.491418
v -5.646340 -39.425537 -11.334644
v -4.811930 -38.969818 -10.299776
v -4.645970 -38.917072 -10.455065
v -5.479710 -39.373623 -11.491418
v -5.646340 -39.425537 -11.334644
v -6.322450 -39.818645 -12.506868
v -6.489430 -39.869736 -12.348585
v -5.646340 -39.425537 -11.334644
v -5.479710 -39.373623 -11.491418
v -6.322450 -39.818645 -12.506868
v -6.489430 -39.869736 -12.348585
v -7.473730 -40.104000 -13.628745
v -7.572430 -40.194096 -13.439692
v -6.489430 -39.869736 -12.348585
v -6.322450 -39.818645 -12.506868
v -7.473730 -40.104000 -13.628745
v -7.572430 -40.194096 -13.439692
v -7.261360 -40.900036 -13.817770
v -7.293470 -40.934792 -13.598866
v -7.572430 -40.194096 -13.439692
v -7.473730 -40.104000 -13.628745
v -7.261360 -40.900036 -13.817770
v -7.293470 -40.934792 -13.598866
v -6.389940 -42.021538 -14.048681
v -6.423120 -42.056652 -13.830447
v -7.293470 -40.934792 -13.598866
v -7.261360 -40.900036 -13.817770
v -6.389940 -42.021538 -14.048681
v -6.423120 -42.056652 -13.830447
v -5.527930 -43.156326 -14.267235
v -5.562060 -43.191822 -14.049683
v -6.423120 -42.056652 -13.830447
v -6.389940 -42.021538 -14.048681
v -5.527930 -43.156326 -14.267235
v -5.562060 -43.191822 -14.049683
v -4.671520 -44.298283 -14.471195
v -4.706610 -44.334251 -14.254501
v -5.562060 -43.191822 -14.049683
v -5.527930 -43.156326 -14.267235
v -4.671520 -44.298283 -14.471195
v -4.706610 -44.334251 -14.254501
v -3.760270 -45.295738 -14.663050
v -3.767550 -45.360783 -14.459874
v -4.706610 -44.334251 -14.254501
v -4.671520 -44.298283 -14.471195
v -3.760270 -45.295738 -14.663050
v -3.767550 -45.360783 -14.459874
v -3.250840 -45.656349 -15.277212
v -3.213410 -45.901672 -14.723601
v -3.767550 -45.360783 -14.459874
v -3.760270 -45.295738 -14.663050
v -3.250840 -45.656349 -15.277212
v -3.213410 -45.901672 -14.723601
v -2.919840 -46.057217 -15.208803
v -2.956840 -46.094238 -14.994006
v -3.213410 -45.901672 -14.723601
v -3.250840 -45.656349 -15.277212
v -2.919840 -46.057217 -15.208803
v -3.076200 -38.199581 -8.167581
v -3.006990 -37.970066 -8.320861
v -3.171740 -38.024529 -8.168683
v -3.076200 -38.199581 -8.167581
v -2.911160 -38.145035 -8.319591
v -3.006990 -37.970066 -8.320861
v -2.911160 -38.145035 -8.319591
v -3.821460 -38.449135 -9.398060
v -3.006990 -37.970066 -8.320861
v -2.911160 -38.145035 -8.319591
v -3.725440 -38.624458 -9.397429
v -3.821460 -38.449135 -9.398060
v -3.725440 -38.624458 -9.397429
v -4.645970 -38.917072 -10.455065
v -3.821460 -38.449135 -9.398060
v -3.725440 -38.624458 -9.397429
v -4.549640 -39.092823 -10.455222
v -4.645970 -38.917072 -10.455065
v -4.549640 -39.092823 -10.455222
v -5.479710 -39.373623 -11.491418
v -4.645970 -38.917072 -10.455065
v -4.549640 -39.092823 -10.455222
v -5.383260 -39.549797 -11.492348
v -5.479710 -39.373623 -11.491418
v -5.383260 -39.549797 -11.492348
v -6.322450 -39.818645 -12.506868
v -5.479710 -39.373623 -11.491418
v -5.383260 -39.549797 -11.492348
v -6.225780 -39.995132 -12.508368
v -6.322450 -39.818645 -12.506868
v -6.225780 -39.995132 -12.508368
v -7.473730 -40.104000 -13.628745
v -6.322450 -39.818645 -12.506868
v -6.225780 -39.995132 -12.508368
v -7.183370 -40.291298 -13.547395
v -7.473730 -40.104000 -13.628745
v -7.183370 -40.291298 -13.547395
v -7.261360 -40.900036 -13.817770
v -7.473730 -40.104000 -13.628745
v -7.183370 -40.291298 -13.547395
v -7.087920 -40.795223 -13.781252
v -7.261360 -40.900036 -13.817770
v -7.087920 -40.795223 -13.781252
v -6.389940 -42.021538 -14.048681
v -7.261360 -40.900036 -13.817770
v -7.087920 -40.795223 -13.781252
v -6.216180 -41.915897 -14.010666
v -6.389940 -42.021538 -14.048681
v -6.216180 -41.915897 -14.010666
v -5.527930 -43.156326 -14.267235
v -6.389940 -42.021538 -14.048681
v -6.216180 -41.915897 -14.010666
v -5.353780 -43.049885 -14.227788
v -5.527930 -43.156326 -14.267235
v -5.353780 -43.049885 -14.227788
v -4.671520 -44.298283 -14.471195
v -5.527930 -43.156326 -14.267235
v -5.353780 -43.049885 -14.227788
v -4.497140 -44.191143 -14.430466
v -4.671520 -44.298283 -14.471195
v -4.497140 -44.191143 -14.430466
v -3.760270 -45.295738 -14.663050
v -4.671520 -44.298283 -14.471195
v -4.497140 -44.191143 -14.430466
v -3.585700 -45.187653 -14.620625
v -3.760270 -45.295738 -14.663050
v -3.585700 -45.187653 -14.620625
v -3.250840 -45.656349 -15.277212
v -3.760270 -45.295738 -14.663050
v -3.585700 -45.187653 -14.620625
v -3.075800 -45.547867 -15.234058
v -3.250840 -45.656349 -15.277212
v -3.075800 -45.547867 -15.234058
v -2.919840 -46.057217 -15.208803
v -3.250840 -45.656349 -15.277212
v -3.075800 -45.547867 -15.234058
v -2.744920 -45.948406 -15.165053
v -2.919840 -46.057217 -15.208803
v -2.744920 -45.948406 -15.165053
v -2.956840 -46.094238 -14.994006
v -2.919840 -46.057217 -15.208803
v -2.744920 -45.948406 -15.165053
v -2.782060 -45.985451 -14.950293
v -2.956840 -46.094238 -14.994006
v -2.782060 -45.985451 -14.950293
v -3.213410 -45.901672 -14.723601
v -2.956840 -46.094238 -14.994006
v -2.782060 -45.985451 -14.950293
v -3.038780 -45.793079 -14.680258
v -3.213410 -45.901672 -14.723601
v -3.038780 -45.793079 -14.680258
v -3.767550 -45.360783 -14.459874
v -3.213410 -45.901672 -14.723601
v -3.038780 -45.793079 -14.680258
v -3.593100 -45.252712 -14.417452
v -3.767550 -45.360783 -14.459874
v -3.593100 -45.252712 -14.417452
v -4.706610 -44.334251 -14.254501
v -3.767550 -45.360783 -14.459874
v -3.593100 -45.252712 -14.417452
v -4.532420 -44.227066 -14.213717
v -4.706610 -44.334251 -14.254501
v -4.532420 -44.227066 -14.213717
v -5.562060 -43.191822 -14.049683
v -4.706610 -44.334251 -14.254501
v -4.532420 -44.227066 -14.213717
v -5.388070 -43.085430 -14.010313
v -5.562060 -43.191822 -14.049683
v -5.388070 -43.085430 -14.010313
v -6.423120 -42.056652 -13.830447
v -5.562060 -43.191822 -14.049683
v -5.388070 -43.085430 -14.010313
v -6.249420 -41.951046 -13.792506
v -6.423120 -42.056652 -13.830447
v -6.249420 -41.951046 -13.792506
v -7.293470 -40.934792 -13.598866
v -6.423120 -42.056652 -13.830447
v -6.249420 -41.951046 -13.792506
v -7.120170 -40.829994 -13.562396
v -7.293470 -40.934792 -13.598866
v -7.120170 -40.829994 -13.562396
v -7.572430 -40.194096 -13.439692
v -7.293470 -40.934792 -13.598866
v -7.120170 -40.829994 -13.562396
v -7.282270 -40.381523 -13.358578
v -7.572430 -40.194096 -13.439692
v -7.282270 -40.381523 -13.358578
v -6.489430 -39.869736 -12.348585
v -7.572430 -40.194096 -13.439692
v -7.282270 -40.381523 -13.358578
v -6.392930 -40.046406 -12.350409
v -6.489430 -39.869736 -12.348585
v -6.392930 -40.046406 -12.350409
v -5.646340 -39.425537 -11.334644
v -6.489430 -39.869736 -12.348585
v -6.392930 -40.046406 -12.350409
v -5.549940 -39.601810 -11.335738
v -5.646340 -39.425537 -11.334644
v -5.549940 -39.601810 -11.335738
v -4.811930 -38.969818 -10.299776
v -5.646340 -39.425537 -11.334644
v -5.549940 -39.601810 -11.335738
v -4.715810 -39.145634 -10.300058
v -4.811930 -38.969818 -10.299776
v -4.715810 -39.145634 -10.300058
v -3.986860 -38.502678 -9.244230
v -4.811930 -38.969818 -10.299776
v -4.715810 -39.145634 -10.300058
v -3.891000 -38.678162 -9.243896
v -3.986860 -38.502678 -9.244230
v -3.891000 -38.678162 -9.243896
v -3.171740 -38.024529 -8.168683
v -3.986860 -38.502678 -9.244230
v -3.891000 -38.678162 -9.243896
v -3.076200 -38.199581 -8.167581
v -3.171740 -38.024529 -8.168683
v 1.432510 -35.263592 -3.478982
v 2.441630 -34.650261 -2.567770
v 2.287190 -34.494011 -2.548721
v 1.432510 -35.263592 -3.478982
v 1.587600 -35.420753 -3.499701
v 2.441630 -34.650261 -2.567770
v 2.287190 -34.494011 -2.548721
v 3.281400 -33.871517 -1.620879
v 3.127650 -33.716309 -1.603719
v 2.287190 -34.494011 -2.548721
v 2.441630 -34.650261 -2.567770
v 3.281400 -33.871517 -1.620879
v 3.127650 -33.716309 -1.603719
v 4.095510 -33.076820 -0.645046
v 3.943390 -32.923313 -0.630959
v 3.127650 -33.716309 -1.603719
v 3.281400 -33.871517 -1.620879
v 4.095510 -33.076820 -0.645046
v 3.943390 -32.923313 -0.630959
v 4.821490 -32.217525 0.447975
v 4.672160 -32.066612 0.457345
v 3.943390 -32.923313 -0.630959
v 4.095510 -33.076820 -0.645046
v 4.821490 -32.217525 0.447975
v 4.672160 -32.066612 0.457345
v 5.578400 -31.213753 1.539752
v 5.387470 -31.130140 1.551830
v 4.672160 -32.066612 0.457345
v 4.821490 -32.217525 0.447975
v 5.578400 -31.213753 1.539752
v 5.387470 -31.130140 1.551830
v 5.534280 -31.247272 2.171244
v 5.343290 -31.234056 2.090757
v 5.387470 -31.130140 1.551830
v 5.578400 -31.213753 1.539752
v 5.534280 -31.247272 2.171244
v 5.343290 -31.234056 2.090757
v 5.205440 -31.975763 3.239041
v 5.014630 -31.961420 3.160595
v 5.343290 -31.234056 2.090757
v 5.534280 -31.247272 2.171244
v 5.205440 -31.975763 3.239041
v 5.014630 -31.961420 3.160595
v 4.896190 -32.701023 4.312688
v 4.704870 -32.684803 4.237629
v 5.014630 -31.961420 3.160595
v 5.205440 -31.975763 3.239041
v 4.896190 -32.701023 4.312688
v 4.704870 -32.684803 4.237629
v 4.604820 -33.425789 5.387194
v 4.412360 -33.407234 5.316377
v 4.704870 -32.684803 4.237629
v 4.896190 -32.701023 4.312688
v 4.604820 -33.425789 5.387194
v 4.412360 -33.407234 5.316377
v 4.384130 -34.208717 6.307776
v 4.189620 -34.211624 6.272281
v 4.412360 -33.407234 5.316377
v 4.604820 -33.425789 5.387194
v 4.384130 -34.208717 6.307776
v 4.189620 -34.211624 6.272281
v 4.767950 -34.621277 6.888190
v 4.210890 -34.678333 6.850674
v 4.189620 -34.211624 6.272281
v 4.384130 -34.208717 6.307776
v 4.767950 -34.621277 6.888190
v 4.210890 -34.678333 6.850674
v 4.565680 -34.911362 7.197089
v 4.369830 -34.888283 7.134461
v 4.210890 -34.678333 6.850674
v 4.767950 -34.621277 6.888190
v 4.565680 -34.911362 7.197089
v 1.515280 -35.188332 -3.645826
v 2.524500 -34.574310 -2.733339
v 1.670530 -35.345409 -3.666363
v 1.515280 -35.188332 -3.645826
v 2.369930 -34.418209 -2.714572
v 2.524500 -34.574310 -2.733339
v 2.369930 -34.418209 -2.714572
v 3.364220 -33.794930 -1.785301
v 2.524500 -34.574310 -2.733339
v 2.369930 -34.418209 -2.714572
v 3.210390 -33.639866 -1.768405
v 3.364220 -33.794930 -1.785301
v 3.210390 -33.639866 -1.768405
v 4.178440 -32.999722 -0.808527
v 3.364220 -33.794930 -1.785301
v 3.210390 -33.639866 -1.768405
v 4.026180 -32.846352 -0.794708
v 4.178440 -32.999722 -0.808527
v 4.026180 -32.846352 -0.794708
v 4.904440 -32.139843 0.285542
v 4.178440 -32.999722 -0.808527
v 4.026180 -32.846352 -0.794708
v 4.754940 -31.989033 0.294718
v 4.904440 -32.139843 0.285542
v 4.754940 -31.989033 0.294718
v 5.740420 -30.945358 1.465288
v 4.904440 -32.139843 0.285542
v 4.754940 -31.989033 0.294718
v 5.549770 -30.862200 1.476540
v 5.740420 -30.945358 1.465288
v 5.549770 -30.862200 1.476540
v 5.521240 -31.072762 2.344635
v 5.740420 -30.945358 1.465288
v 5.549770 -30.862200 1.476540
v 5.331050 -31.059803 2.263651
v 5.521240 -31.072762 2.344635
v 5.331050 -31.059803 2.263651
v 5.193620 -31.802095 3.410886
v 5.521240 -31.072762 2.344635
v 5.331050 -31.059803 2.263651
v 5.003600 -31.788015 3.331957
v 5.193620 -31.802095 3.410886
v 5.003600 -31.788015 3.331957
v 4.886240 -32.528831 4.481841
v 5.193620 -31.802095 3.410886
v 5.003600 -31.788015 3.331957
v 4.695720 -32.512993 4.406100
v 4.886240 -32.528831 4.481841
v 4.695720 -32.512993 4.406100
v 4.597410 -33.255688 5.552539
v 4.886240 -32.528831 4.481841
v 4.695720 -32.512993 4.406100
v 4.405700 -33.237442 5.481183
v 4.597410 -33.255688 5.552539
v 4.405700 -33.237442 5.481183
v 4.379310 -34.040833 6.469136
v 4.597410 -33.255688 5.552539
v 4.405700 -33.237442 5.481183
v 4.185660 -34.044132 6.432929
v 4.379310 -34.040833 6.469136
v 4.185660 -34.044132 6.432929
v 4.762700 -34.453777 7.048847
v 4.379310 -34.040833 6.469136
v 4.185660 -34.044132 6.432929
v 4.208000 -34.512039 7.009152
v 4.762700 -34.453777 7.048847
v 4.208000 -34.512039 7.009152
v 4.562030 -34.745049 7.355556
v 4.762700 -34.453777 7.048847
v 4.208000 -34.512039 7.009152
v 4.366890 -34.722252 7.292442
v 4.562030 -34.745049 7.355556
v 1.432510 -35.263592 -3.478982
v 1.670530 -35.345409 -3.666363
v 1.587600 -35.420753 -3.499701
v 1.432510 -35.263592 -3.478982
v 1.515280 -35.188332 -3.645826
v 1.670530 -35.345409 -3.666363
v 1.587600 -35.420753 -3.499701
v 2.524500 -34.574310 -2.733339
v 2.441630 -34.650261 -2.567770
v 1.587600 -35.420753 -3.499701
v 1.670530 -35.345409 -3.666363
v 2.524500 -34.574310 -2.733339
v 2.441630 -34.650261 -2.567770
v 3.364220 -33.794930 -1.785301
v 3.281400 -33.871517 -1.620879
v 2.441630 -34.650261 -2.567770
v 2.524500 -34.574310 -2.733339
v 3.364220 -33.794930 -1.785301
v 3.281400 -33.871517 -1.620879
v 4.178440 -32.999722 -0.808527
v 4.095510 -33.076820 -0.645046
v 3.281400 -33.871517 -1.620879
v 3.364220 -33.794930 -1.785301
v 4.178440 -32.999722 -0.808527
v 4.095510 -33.076820 -0.645046
v 4.904440 -32.139843 0.285542
v 4.821490 -32.217525 0.447975
v 4.095510 -33.076820 -0.645046
v 4.178440 -32.999722 -0.808527
v 4.904440 -32.139843 0.285542
v 4.821490 -32.217525 0.447975
v 5.740420 -30.945358 1.465288
v 5.578400 -31.213753 1.539752
v 4.821490 -32.217525 0.447975
v 4.904440 -32.139843 0.285542
v 5.740420 -30.945358 1.465288
v 5.578400 -31.213753 1.539752
v 5.521240 -31.072762 2.344635
v 5.534280 -31.247272 2.171244
v 5.578400 -31.213753 1.539752
v 5.740420 -30.945358 1.465288
v 5.521240 -31.072762 2.344635
v 5.534280 -31.247272 2.171244
v 5.193620 -31.802095 3.410886
v 5.205440 -31.975763 3.239041
v 5.534280 -31.247272 2.171244
v 5.521240 -31.072762 2.344635
v 5.193620 -31.802095 3.410886
v 5.205440 -31.975763 3.239041
v 4.886240 -32.528831 4.481841
v 4.896190 -32.701023 4.312688
v 5.205440 -31.975763 3.239041
v 5.193620 -31.802095 3.410886
v 4.886240 -32.528831 4.481841
v 4.896190 -32.701023 4.312688
v 4.597410 -33.255688 5.552539
v 4.604820 -33.425789 5.387194
v 4.896190 -32.701023 4.312688
v 4.886240 -32.528831 4.481841
v 4.597410 -33.255688 5.552539
v 4.604820 -33.425789 5.387194
v 4.379310 -34.040833 6.469136
v 4.384130 -34.208717 6.307776
v 4.604820 -33.425789 5.387194
v 4.597410 -33.255688 5.552539
v 4.379310 -34.040833 6.469136
v 4.384130 -34.208717 6.307776
v 4.762700 -34.453777 7.048847
v 4.767950 -34.621277 6.888190
v 4.384130 -34.208717 6.307776
v 4.379310 -34.040833 6.469136
v 4.762700 -34.453777 7.048847
v 4.767950 -34.621277 6.888190
v 4.562030 -34.745049 7.355556
v 4.565680 -34.911362 7.197089
v 4.767950 -34.621277 6.888190
v 4.762700 -34.453777 7.048847
v 4.562030 -34.745049 7.355556
v 4.565680 -34.911362 7.197089
v 4.366890 -34.722252 7.292442
v 4.369830 -34.888283 7.134461
v 4.565680 -34.911362 7.197089
v 4.562030 -34.745049 7.355556
v 4.366890 -34.722252 7.292442
v 4.369830 -34.888283 7.134461
v 4.208000 -34.512039 7.009152
v 4.210890 -34.678333 6.850674
v 4.369830 -34.888283 7.134461
v 4.366890 -34.722252 7.292442
v 4.208000 -34.512039 7.009152
v 4.210890 -34.678333 6.850674
v 4.185660 -34.044132 6.432929
v 4.189620 -34.211624 6.272281
v 4.210890 -34.678333 6.850674
v 4.208000 -34.512039 7.009152
v 4.185660 -34.044132 6.432929
v 4.189620 -34.211624 6.272281
v 4.405700 -33.237442 5.481183
v 4.412360 -33.407234 5.316377
v 4.189620 -34.211624 6.272281
v 4.185660 -34.044132 6.432929
v 4.405700 -33.237442 5.481183
v 4.412360 -33.407234 5.316377
v 4.695720 -32.512993 4.406100
v 4.704870 -32.684803 4.237629
v 4.412360 -33.407234 5.316377
v 4.405700 -33.237442 5.481183
v 4.695720 -32.512993 4.406100
v 4.704870 -32.684803 4.237629
v 5.003600 -31.788015 3.331957
v 5.014630 -31.961420 3.160595
v 4.704870 -32.684803 4.237629
v 4.695720 -32.512993 4.406100
v 5.003600 -31.788015 3.331957
v 5.014630 -31.961420 3.160595
v 5.331050 -31.059803 2.263651
v 5.343290 -31.234056 2.090757
v 5.014630 -31.961420 3.160595
v 5.003600 -31.788015 3.331957
v 5.331050 -31.059803 2.263651
v 5.343290 -31.234056 2.090757
v 5.549770 -30.862200 1.476540
v 5.387470 -31.130140 1.551830
v 5.343290 -31.234056 2.090757
v 5.331050 -31.059803 2.263651
v 5.549770 -30.862200 1.476540
v 5.387470 -31.130140 1.551830
v 4.754940 -31.989033 0.294718
v 4.672160 -32.066612 0.457345
v 5.387470 -31.130140 1.551830
v 5.549770 -30.862200 1.476540
v 4.754940 -31.989033 0.294718
v 4.672160 -32.066612 0.457345
v 4.026180 -32.846352 -0.794708
v 3.943390 -32.923313 -0.630959
v 4.672160 -32.066612 0.457345
v 4.754940 -31.989033 0.294718
v 4.026180 -32.846352 -0.794708
v 3.943390 -32.923313 -0.630959
v 3.210390 -33.639866 -1.768405
v 3.127650 -33.716309 -1.603719
v 3.943390 -32.923313 -0.630959
v 4.026180 -32.846352 -0.794708
v 3.210390 -33.639866 -1.768405
v 3.127650 -33.716309 -1.603719
v 2.369930 -34.418209 -2.714572
v 2.287190 -34.494011 -2.548721
v 3.127650 -33.716309 -1.603719
v 3.210390 -33.639866 -1.768405
v 2.369930 -34.418209 -2.714572
v 2.287190 -34.494011 -2.548721
v 1.515280 -35.188332 -3.645826
v 1.432510 -35.263592 -3.478982
v 2.287190 -34.494011 -2.548721
v 2.369930 -34.418209 -2.714572
v 1.515280 -35.188332 -3.645826
v -0.223120 -37.551346 -6.650165
v 1.219240 -37.385784 -6.551013
v 1.152790 -37.189400 -6.459327
v -0.223120 -37.551346 -6.650165
v -0.157880 -37.748329 -6.742926
v 1.219240 -37.385784 -6.551013
v 1.152790 -37.189400 -6.459327
v 2.589930 -37.005226 -6.326440
v 2.522090 -36.809486 -6.235919
v 1.152790 -37.189400 -6.459327
v 1.219240 -37.385784 -6.551013
v 2.589930 -37.005226 -6.326440
v 2.522090 -36.809486 -6.235919
v 3.952800 -36.606857 -6.069601
v 3.883800 -36.411732 -5.980179
v 2.522090 -36.809486 -6.235919
v 2.589930 -37.005226 -6.326440
v 3.952800 -36.606857 -6.069601
v 3.883800 -36.411732 -5.980179
v 5.307000 -36.190903 -5.780847
v 5.236670 -35.996525 -5.692784
v 3.883800 -36.411732 -5.980179
v 3.952800 -36.606857 -6.069601
v 5.307000 -36.190903 -5.780847
v 5.236670 -35.996525 -5.692784
v 6.711620 -35.699654 -5.618768
v 6.591750 -35.548611 -5.484570
v 5.236670 -35.996525 -5.692784
v 5.307000 -36.190903 -5.780847
v 6.711620 -35.699654 -5.618768
v 6.591750 -35.548611 -5.484570
v 6.978430 -35.793472 -5.096924
v 6.793600 -35.694572 -5.022130
v 6.591750 -35.548611 -5.484570
v 6.711620 -35.699654 -5.618768
v 6.978430 -35.793472 -5.096924
v 6.793600 -35.694572 -5.022130
v 7.046740 -36.448696 -3.896793
v 6.862620 -36.349838 -3.822090
v 6.793600 -35.694572 -5.022130
v 6.978430 -35.793472 -5.096924
v 7.046740 -36.448696 -3.896793
v 6.862620 -36.349838 -3.822090
v 7.131770 -37.086182 -2.664560
v 6.948390 -36.987396 -2.589978
v 6.862620 -36.349838 -3.822090
v 7.046740 -36.448696 -3.896793
v 7.131770 -37.086182 -2.664560
v 6.948390 -36.987396 -2.589978
v 7.228460 -37.709980 -1.407508
v 7.046030 -37.611317 -1.333147
v 6.948390 -36.987396 -2.589978
v 7.131770 -37.086182 -2.664560
v 7.228460 -37.709980 -1.407508
v 7.046030 -37.611317 -1.333147
v 7.288320 -38.389561 -0.299934
v 7.114580 -38.314877 -0.194838
v 7.046030 -37.611317 -1.333147
v 7.228460 -37.709980 -1.407508
v 7.288320 -38.389561 -0.299934
v 7.114580 -38.314877 -0.194838
v 7.765680 -38.942207 0.026474
v 7.285390 -38.779385 0.387368
v 7.114580 -38.314877 -0.194838
v 7.288320 -38.389561 -0.299934
v 7.765680 -38.942207 0.026474
v 7.285390 -38.779385 0.387368
v 7.675110 -39.142445 0.498043
v 7.493670 -39.044716 0.570718
v 7.285390 -38.779385 0.387368
v 7.765680 -38.942207 0.026474
v 7.675110 -39.142445 0.498043
v -0.222520 -37.491390 -6.844625
v 1.221110 -37.325901 -6.745615
v -0.157310 -37.688381 -6.937415
v -0.222520 -37.491390 -6.844625
v 1.154550 -37.129501 -6.653903
v 1.221110 -37.325901 -6.745615
v 1.154550 -37.129501 -6.653903
v 2.592890 -36.945305 -6.520973
v 1.221110 -37.325901 -6.745615
v 1.154550 -37.129501 -6.653903
v 2.525090 -36.749622 -6.430555
v 2.592890 -36.945305 -6.520973
v 2.525090 -36.749622 -6.430555
v 3.957000 -36.546844 -6.263965
v 2.592890 -36.945305 -6.520973
v 2.525090 -36.749622 -6.430555
v 3.887880 -36.351803 -6.174703
v 3.957000 -36.546844 -6.263965
v 3.887880 -36.351803 -6.174703
v 5.312300 -36.130882 -5.975193
v 3.957000 -36.546844 -6.263965
v 3.887880 -36.351803 -6.174703
v 5.241990 -35.936493 -5.887136
v 5.312300 -36.130882 -5.975193
v 5.241990 -35.936493 -5.887136
v 6.874290 -35.507988 -5.832304
v 5.312300 -36.130882 -5.975193
v 5.241990 -35.936493 -5.887136
v 6.754190 -35.357170 -5.698506
v 6.874290 -35.507988 -5.832304
v 6.754190 -35.357170 -5.698506
v 7.100700 -35.650459 -4.980794
v 6.874290 -35.507988 -5.832304
v 6.754190 -35.357170 -5.698506
v 6.915950 -35.551727 -4.906320
v 7.100700 -35.650459 -4.980794
v 6.915950 -35.551727 -4.906320
v 7.168260 -36.305622 -3.780582
v 7.100700 -35.650459 -4.980794
v 6.915950 -35.551727 -4.906320
v 6.984270 -36.206966 -3.706215
v 7.168260 -36.305622 -3.780582
v 6.984270 -36.206966 -3.706215
v 7.252460 -36.943085 -2.548293
v 7.168260 -36.305622 -3.780582
v 6.984270 -36.206966 -3.706215
v 7.069220 -36.844482 -2.474034
v 7.252460 -36.943085 -2.548293
v 7.069220 -36.844482 -2.474034
v 7.348330 -37.566856 -1.291189
v 7.252460 -36.943085 -2.548293
v 7.069220 -36.844482 -2.474034
v 7.165980 -37.468399 -1.217216
v 7.348330 -37.566856 -1.291189
v 7.165980 -37.468399 -1.217216
v 7.407400 -38.246513 -0.183753
v 7.348330 -37.566856 -1.291189
v 7.165980 -37.468399 -1.217216
v 7.233780 -38.172031 -0.079015
v 7.407400 -38.246513 -0.183753
v 7.233780 -38.172031 -0.079015
v 7.884080 -38.798859 0.143186
v 7.407400 -38.246513 -0.183753
v 7.233780 -38.172031 -0.079015
v 7.404100 -38.636536 0.503200
v 7.884080 -38.798859 0.143186
v 7.404100 -38.636536 0.503200
v 7.793330 -38.999321 0.614353
v 7.884080 -38.798859 0.143186
v 7.404100 -38.636536 0.503200
v 7.612090 -38.901768 0.686722
v 7.793330 -38.999321 0.614353
v -0.223120 -37.551346 -6.650165
v -0.157310 -37.688381 -6.937415
v -0.157880 -37.748329 -6.742926
v -0.223120 -37.551346 -6.650165
v -0.222520 -37.491390 -6.844625
v -0.157310 -37.688381 -6.937415
v -0.157880 -37.748329 -6.742926
v 1.221110 -37.325901 -6.745615
v 1.219240 -37.385784 -6.551013
v -0.157880 -37.748329 -6.742926
v -0.157310 -37.688381 -6.937415
v 1.221110 -37.325901 -6.745615
v 1.219240 -37.385784 -6.551013
v 2.592890 -36.945305 -6.520973
v 2.589930 -37.005226 -6.326440
v 1.219240 -37.385784 -6.551013
v 1.221110 -37.325901 -6.745615
v 2.592890 -36.945305 -6.520973
v 2.589930 -37.005226 -6.326440
v 3.957000 -36.546844 -6.263965
v 3.952800 -36.606857 -6.069601
v 2.589930 -37.005226 -6.326440
v 2.592890 -36.945305 -6.520973
v 3.957000 -36.546844 -6.263965
v 3.952800 -36.606857 -6.069601
v 5.312300 -36.130882 -5.975193
v 5.307000 -36.190903 -5.780847
v 3.952800 -36.606857 -6.069601
v 3.957000 -36.546844 -6.263965
v 5.312300 -36.130882 -5.975193
v 5.307000 -36.190903 -5.780847
v 6.874290 -35.507988 -5.832304
v 6.711620 -35.699654 -5.618768
v 5.307000 -36.190903 -5.780847
v 5.312300 -36.130882 -5.975193
v 6.874290 -35.507988 -5.832304
v 6.711620 -35.699654 -5.618768
v 6.874290 -35.507988 -5.832304
v 7.100700 -35.650459 -4.980794
v 6.711620 -35.699654 -5.618768
v 7.100700 -35.650459 -4.980794
v 6.978430 -35.793472 -5.096924
v 6.978430 -35.793472 -5.096924
v 7.168260 -36.305622 -3.780582
v 7.046740 -36.448696 -3.896793
v 6.978430 -35.793472 -5.096924
v 7.100700 -35.650459 -4.980794
v 7.168260 -36.305622 -3.780582
v 7.046740 -36.448696 -3.896793
v 7.252460 -36.943085 -2.548293
v 7.131770 -37.086182 -2.664560
v 7.046740 -36.448696 -3.896793
v 7.168260 -36.305622 -3.780582
v 7.252460 -36.943085 -2.548293
v 7.131770 -37.086182 -2.664560
v 7.348330 -37.566856 -1.291189
v 7.228460 -37.709980 -1.407508
v 7.131770 -37.086182 -2.664560
v 7.252460 -36.943085 -2.548293
v 7.348330 -37.566856 -1.291189
v 7.228460 -37.709980 -1.407508
v 7.407400 -38.246513 -0.183753
v 7.288320 -38.389561 -0.299934
v 7.228460 -37.709980 -1.407508
v 7.348330 -37.566856 -1.291189
v 7.407400 -38.246513 -0.183753
v 7.288320 -38.389561 -0.299934
v 7.884080 -38.798859 0.143186
v 7.765680 -38.942207 0.026474
v 7.288320 -38.389561 -0.299934
v 7.407400 -38.246513 -0.183753
v 7.884080 -38.798859 0.143186
v 7.765680 -38.942207 0.026474
v 7.793330 -38.999321 0.614353
v 7.675110 -39.142445 0.498043
v 7.765680 -38.942207 0.026474
v 7.884080 -38.798859 0.143186
v 7.793330 -38.999321 0.614353
v 7.675110 -39.142445 0.498043
v 7.612090 -38.901768 0.686722
v 7.493670 -39.044716 0.570718
v 7.675110 -39.142445 0.498043
v 7.793330 -38.999321 0.614353
v 7.612090 -38.901768 0.686722
v 7.493670 -39.044716 0.570718
v 7.404100 -38.636536 0.503200
v 7.285390 -38.779385 0.387368
v 7.493670 -39.044716 0.570718
v 7.612090 -38.901768 0.686722
v 7.404100 -38.636536 0.503200
v 7.285390 -38.779385 0.387368
v 7.233780 -38.172031 -0.079015
v 7.114580 -38.314877 -0.194838
v 7.285390 -38.779385 0.387368
v 7.404100 -38.636536 0.503200
v 7.233780 -38.172031 -0.079015
v 7.114580 -38.314877 -0.194838
v 7.165980 -37.468399 -1.217216
v 7.046030 -37.611317 -1.333147
v 7.114580 -38.314877 -0.194838
v 7.233780 -38.172031 -0.079015
v 7.165980 -37.468399 -1.217216
v 7.046030 -37.611317 -1.333147
v 7.069220 -36.844482 -2.474034
v 6.948390 -36.987396 -2.589978
v 7.046030 -37.611317 -1.333147
v 7.165980 -37.468399 -1.217216
v 7.069220 -36.844482 -2.474034
v 6.948390 -36.987396 -2.589978
v 6.984270 -36.206966 -3.706215
v 6.862620 -36.349838 -3.822090
v 6.948390 -36.987396 -2.589978
v 7.069220 -36.844482 -2.474034
v 6.984270 -36.206966 -3.706215
v 6.862620 -36.349838 -3.822090
v 6.915950 -35.551727 -4.906320
v 6.793600 -35.694572 -5.022130
v 6.862620 -36.349838 -3.822090
v 6.984270 -36.206966 -3.706215
v 6.915950 -35.551727 -4.906320
v 6.793600 -35.694572 -5.022130
v 6.915950 -35.551727 -4.906320
v 6.754190 -35.357170 -5.698506
v 6.793600 -35.694572 -5.022130
v 6.754190 -35.357170 -5.698506
v 6.591750 -35.548611 -5.484570
v 6.591750 -35.548611 -5.484570
v 5.241990 -35.936493 -5.887136
v 5.236670 -35.996525 -5.692784
v 6.591750 -35.548611 -5.484570
v 6.754190 -35.357170 -5.698506
v 5.241990 -35.936493 -5.887136
v 5.236670 -35.996525 -5.692784
v 3.887880 -36.351803 -6.174703
v 3.883800 -36.411732 -5.980179
v 5.236670 -35.996525 -5.692784
v 5.241990 -35.936493 -5.887136
v 3.887880 -36.351803 -6.174703
v 3.883800 -36.411732 -5.980179
v 2.525090 -36.749622 -6.430555
v 2.522090 -36.809486 -6.235919
v 3.883800 -36.411732 -5.980179
v 3.887880 -36.351803 -6.174703
v 2.525090 -36.749622 -6.430555
v 2.522090 -36.809486 -6.235919
v 1.154550 -37.129501 -6.653903
v 1.152790 -37.189400 -6.459327
v 2.522090 -36.809486 -6.235919
v 2.525090 -36.749622 -6.430555
v 1.154550 -37.129501 -6.653903
v 1.152790 -37.189400 -6.459327
v -0.222520 -37.491390 -6.844625
v -0.223120 -37.551346 -6.650165
v 1.152790 -37.189400 -6.459327
v 1.154550 -37.129501 -6.653903
v -0.222520 -37.491390 -6.844625
v 2.943620 -38.171185 -8.123277
v 3.598930 -38.589912 -9.343538
v 3.763900 -38.642097 -9.187653
v 2.943620 -38.171185 -8.123277
v 2.779210 -38.118164 -8.277671
v 3.598930 -38.589912 -9.343538
v 3.763900 -38.642097 -9.187653
v 4.428280 -39.050514 -10.389231
v 4.593760 -39.101845 -10.231781
v 3.763900 -38.642097 -9.187653
v 3.598930 -38.589912 -9.343538
v 4.428280 -39.050514 -10.389231
v 4.593760 -39.101845 -10.231781
v 5.266610 -39.499725 -11.414276
v 5.432720 -39.550224 -11.255329
v 4.593760 -39.101845 -10.231781
v 4.428280 -39.050514 -10.389231
v 5.266610 -39.499725 -11.414276
v 5.432720 -39.550224 -11.255329
v 6.113580 -39.937366 -12.418372
v 6.280020 -39.987026 -12.257904
v 5.432720 -39.550224 -11.255329
v 5.266610 -39.499725 -11.414276
v 6.113580 -39.937366 -12.418372
v 6.280020 -39.987026 -12.257904
v 7.074830 -40.224712 -13.443711
v 7.173160 -40.314034 -13.253489
v 6.280020 -39.987026 -12.257904
v 6.113580 -39.937366 -12.418372
v 7.074830 -40.224712 -13.443711
v 7.173160 -40.314034 -13.253489
v 6.982210 -40.729652 -13.679165
v 7.013590 -40.764076 -13.459759
v 7.173160 -40.314034 -13.253489
v 7.074830 -40.224712 -13.443711
v 6.982210 -40.729652 -13.679165
v 7.013590 -40.764076 -13.459759
v 6.116390 -41.858459 -13.921267
v 6.148990 -41.893311 -13.702620
v 7.013590 -40.764076 -13.459759
v 6.982210 -40.729652 -13.679165
v 6.116390 -41.858459 -13.921267
v 6.148990 -41.893311 -13.702620
v 5.259820 -43.000572 -14.151056
v 5.293280 -43.035767 -13.933031
v 6.148990 -41.893311 -13.702620
v 6.116390 -41.858459 -13.921267
v 5.259820 -43.000572 -14.151056
v 5.293280 -43.035767 -13.933031
v 4.408510 -44.149841 -14.366236
v 4.443010 -44.185436 -14.148951
v 5.293280 -43.035767 -13.933031
v 5.259820 -43.000572 -14.151056
v 4.408510 -44.149841 -14.366236
v 4.443010 -44.185436 -14.148951
v 3.501720 -45.154842 -14.569591
v 3.508600 -45.219849 -14.366367
v 4.443010 -44.185436 -14.148951
v 4.408510 -44.149841 -14.366236
v 3.501720 -45.154842 -14.569591
v 3.508600 -45.219849 -14.366367
v 2.995710 -45.519855 -15.190525
v 2.957230 -45.765404 -14.637235
v 3.508600 -45.219849 -14.366367
v 3.501720 -45.154842 -14.569591
v 2.995710 -45.519855 -15.190525
v 2.957230 -45.765404 -14.637235
v 2.665890 -45.923439 -15.126237
v 2.702460 -45.960140 -14.910971
v 2.957230 -45.765404 -14.637235
v 2.995710 -45.519855 -15.190525
v 2.665890 -45.923439 -15.126237
v 3.038470 -37.995262 -8.123033
v 3.694230 -38.413654 -9.342704
v 2.874290 -37.942375 -8.277673
v 3.038470 -37.995262 -8.123033
v 3.859050 -38.465694 -9.186532
v 3.694230 -38.413654 -9.342704
v 3.859050 -38.465694 -9.186532
v 4.523800 -38.873844 -10.387640
v 3.694230 -38.413654 -9.342704
v 3.859050 -38.465694 -9.186532
v 4.689110 -38.925034 -10.229937
v 4.523800 -38.873844 -10.387640
v 4.689110 -38.925034 -10.229937
v 5.362410 -39.322666 -11.411986
v 4.523800 -38.873844 -10.387640
v 4.689110 -38.925034 -10.229937
v 5.528290 -39.373062 -11.252846
v 5.362410 -39.322666 -11.411986
v 5.528290 -39.373062 -11.252846
v 6.209550 -39.759892 -12.415319
v 5.362410 -39.322666 -11.411986
v 5.528290 -39.373062 -11.252846
v 6.375850 -39.809467 -12.254690
v 6.209550 -39.759892 -12.415319
v 6.375850 -39.809467 -12.254690
v 7.364310 -40.034725 -13.520867
v 6.209550 -39.759892 -12.415319
v 6.375850 -39.809467 -12.254690
v 7.462410 -40.123882 -13.330324
v 7.364310 -40.034725 -13.520867
v 7.462410 -40.123882 -13.330324
v 7.155960 -40.832806 -13.713097
v 7.364310 -40.034725 -13.520867
v 7.462410 -40.123882 -13.330324
v 7.187240 -40.867306 -13.493820
v 7.155960 -40.832806 -13.713097
v 7.187240 -40.867306 -13.493820
v 6.290530 -41.962521 -13.956811
v 7.155960 -40.832806 -13.713097
v 7.187240 -40.867306 -13.493820
v 6.322810 -41.997314 -13.738070
v 6.290530 -41.962521 -13.956811
v 6.322810 -41.997314 -13.738070
v 5.434180 -43.105350 -14.187895
v 6.290530 -41.962521 -13.956811
v 6.322810 -41.997314 -13.738070
v 5.467610 -43.140583 -13.969954
v 5.434180 -43.105350 -14.187895
v 5.467610 -43.140583 -13.969954
v 4.583180 -44.255394 -14.404500
v 5.434180 -43.105350 -14.187895
v 5.467610 -43.140583 -13.969954
v 4.617540 -44.290962 -14.187149
v 4.583180 -44.255394 -14.404500
v 4.617540 -44.290962 -14.187149
v 3.676700 -45.261307 -14.609510
v 4.583180 -44.255394 -14.404500
v 4.617540 -44.290962 -14.187149
v 3.683450 -45.326328 -14.406292
v 3.676700 -45.261307 -14.609510
v 3.683450 -45.326328 -14.406292
v 3.170990 -45.626740 -15.231196
v 3.676700 -45.261307 -14.609510
v 3.683450 -45.326328 -14.406292
v 3.132380 -45.872402 -14.678118
v 3.170990 -45.626740 -15.231196
v 3.132380 -45.872402 -14.678118
v 2.841230 -46.030643 -15.167486
v 3.170990 -45.626740 -15.231196
v 3.132380 -45.872402 -14.678118
v 2.877600 -46.067352 -14.952237
v 2.841230 -46.030643 -15.167486
v 2.943620 -38.171185 -8.123277
v 2.874290 -37.942375 -8.277673
v 2.779210 -38.118164 -8.277671
v 2.943620 -38.171185 -8.123277
v 3.038470 -37.995262 -8.123033
v 2.874290 -37.942375 -8.277673
v 2.779210 -38.118164 -8.277671
v 3.694230 -38.413654 -9.342704
v 3.598930 -38.589912 -9.343538
v 2.779210 -38.118164 -8.277671
v 2.874290 -37.942375 -8.277673
v 3.694230 -38.413654 -9.342704
v 3.598930 -38.589912 -9.343538
v 4.523800 -38.873844 -10.387640
v 4.428280 -39.050514 -10.389231
v 3.598930 -38.589912 -9.343538
v 3.694230 -38.413654 -9.342704
v 4.523800 -38.873844 -10.387640
v 4.428280 -39.050514 -10.389231
v 5.362410 -39.322666 -11.411986
v 5.266610 -39.499725 -11.414276
v 4.428280 -39.050514 -10.389231
v 4.523800 -38.873844 -10.387640
v 5.362410 -39.322666 -11.411986
v 5.266610 -39.499725 -11.414276
v 6.209550 -39.759892 -12.415319
v 6.113580 -39.937366 -12.418372
v 5.266610 -39.499725 -11.414276
v 5.362410 -39.322666 -11.411986
v 6.209550 -39.759892 -12.415319
v 6.113580 -39.937366 -12.418372
v 7.364310 -40.034725 -13.520867
v 7.074830 -40.224712 -13.443711
v 6.113580 -39.937366 -12.418372
v 6.209550 -39.759892 -12.415319
v 7.364310 -40.034725 -13.520867
v 7.074830 -40.224712 -13.443711
v 7.155960 -40.832806 -13.713097
v 6.982210 -40.729652 -13.679165
v 7.074830 -40.224712 -13.443711
v 7.364310 -40.034725 -13.520867
v 7.155960 -40.832806 -13.713097
v 6.982210 -40.729652 -13.679165
v 6.290530 -41.962521 -13.956811
v 6.116390 -41.858459 -13.921267
v 6.982210 -40.729652 -13.679165
v 7.155960 -40.832806 -13.713097
v 6.290530 -41.962521 -13.956811
v 6.116390 -41.858459 -13.921267
v 5.434180 -43.105350 -14.187895
v 5.259820 -43.000572 -14.151056
v 6.116390 -41.858459 -13.921267
v 6.290530 -41.962521 -13.956811
v 5.434180 -43.105350 -14.187895
v 5.259820 -43.000572 -14.151056
v 4.583180 -44.255394 -14.404500
v 4.408510 -44.149841 -14.366236
v 5.259820 -43.000572 -14.151056
v 5.434180 -43.105350 -14.187895
v 4.583180 -44.255394 -14.404500
v 4.408510 -44.149841 -14.366236
v 3.676700 -45.261307 -14.609510
v 3.501720 -45.154842 -14.569591
v 4.408510 -44.149841 -14.366236
v 4.583180 -44.255394 -14.404500
v 3.676700 -45.261307 -14.609510
v 3.501720 -45.154842 -14.569591
v 3.170990 -45.626740 -15.231196
v 2.995710 -45.519855 -15.190525
v 3.501720 -45.154842 -14.569591
v 3.676700 -45.261307 -14.609510
v 3.170990 -45.626740 -15.231196
v 2.995710 -45.519855 -15.190525
v 2.841230 -46.030643 -15.167486
v 2.665890 -45.923439 -15.126237
v 2.995710 -45.519855 -15.190525
v 3.170990 -45.626740 -15.231196
v 2.841230 -46.030643 -15.167486
v 2.665890 -45.923439 -15.126237
v 2.877600 -46.067352 -14.952237
v 2.702460 -45.960140 -14.910971
v 2.665890 -45.923439 -15.126237
v 2.841230 -46.030643 -15.167486
v 2.877600 -46.067352 -14.952237
v 2.702460 -45.960140 -14.910971
v 3.132380 -45.872402 -14.678118
v 2.957230 -45.765404 -14.637235
v 2.702460 -45.960140 -14.910971
v 2.877600 -46.067352 -14.952237
v 3.132380 -45.872402 -14.678118
v 2.957230 -45.765404 -14.637235
v 3.683450 -45.326328 -14.406292
v 3.508600 -45.219849 -14.366367
v 2.957230 -45.765404 -14.637235
v 3.132380 -45.872402 -14.678118
v 3.683450 -45.326328 -14.406292
v 3.508600 -45.219849 -14.366367
v 4.617540 -44.290962 -14.187149
v 4.443010 -44.185436 -14.148951
v 3.508600 -45.219849 -14.366367
v 3.683450 -45.326328 -14.406292
v 4.617540 -44.290962 -14.187149
v 4.443010 -44.185436 -14.148951
v 5.467610 -43.140583 -13.969954
v 5.293280 -43.035767 -13.933031
v 4.443010 -44.185436 -14.148951
v 4.617540 -44.290962 -14.187149
v 5.467610 -43.140583 -13.969954
v 5.293280 -43.035767 -13.933031
v 6.322810 -41.997314 -13.738070
v 6.148990 -41.893311 -13.702620
v 5.293280 -43.035767 -13.933031
v 5.467610 -43.140583 -13.969954
v 6.322810 -41.997314 -13.738070
v 6.148990 -41.893311 -13.702620
v 7.187240 -40.867306 -13.493820
v 7.013590 -40.764076 -13.459759
v 6.148990 -41.893311 -13.702620
v 6.322810 -41.997314 -13.738070
v 7.187240 -40.867306 -13.493820
v 7.013590 -40.764076 -13.459759
v 7.187240 -40.867306 -13.493820
v 7.462410 -40.123882 -13.330324
v 7.013590 -40.764076 -13.459759
v 7.462410 -40.123882 -13.330324
v 7.173160 -40.314034 -13.253489
v 7.173160 -40.314034 -13.253489
v 6.375850 -39.809467 -12.254690
v 6.280020 -39.987026 -12.257904
v 7.173160 -40.314034 -13.253489
v 7.462410 -40.123882 -13.330324
v 6.375850 -39.809467 -12.254690
v 6.280020 -39.987026 -12.257904
v 5.528290 -39.373062 -11.252846
v 5.432720 -39.550224 -11.255329
v 6.280020 -39.987026 -12.257904
v 6.375850 -39.809467 -12.254690
v 5.528290 -39.373062 -11.252846
v 5.432720 -39.550224 -11.255329
v 4.689110 -38.925034 -10.229937
v 4.593760 -39.101845 -10.231781
v 5.432720 -39.550224 -11.255329
v 5.528290 -39.373062 -11.252846
v 4.689110 -38.925034 -10.229937
v 4.593760 -39.101845 -10.231781
v 3.859050 -38.465694 -9.186532
v 3.763900 -38.642097 -9.187653
v 4.593760 -39.101845 -10.231781
v 4.689110 -38.925034 -10.229937
v 3.859050 -38.465694 -9.186532
v 3.763900 -38.642097 -9.187653
v 3.038470 -37.995262 -8.123033
v 2.943620 -38.171185 -8.123277
v 3.763900 -38.642097 -9.187653
v 3.859050 -38.465694 -9.186532
v 3.038470 -37.995262 -8.123033
v -1.888020 -35.274429 -3.494669
v -2.901820 -34.667671 -2.592968
v -2.042750 -35.432640 -3.516906
v -1.888020 -35.274429 -3.494669
v -2.747800 -34.510456 -2.572534
v -2.901820 -34.667671 -2.592968
v -2.747800 -34.510456 -2.572534
v -3.746860 -33.894218 -1.653655
v -2.901820 -34.667671 -2.592968
v -2.747800 -34.510456 -2.572534
v -3.593540 -33.738026 -1.635060
v -3.746860 -33.894218 -1.653655
v -3.593540 -33.738026 -1.635060
v -4.575740 -33.112114 -0.698676
v -3.746860 -33.894218 -1.653655
v -3.593540 -33.738026 -1.635060
v -4.423550 -32.957249 -0.682502
v -4.575740 -33.112114 -0.698676
v -4.423550 -32.957249 -0.682502
v -5.330890 -32.276379 0.353416
v -4.575740 -33.112114 -0.698676
v -4.423550 -32.957249 -0.682502
v -5.181700 -32.124378 0.364386
v -5.330890 -32.276379 0.353416
v -5.181700 -32.124378 0.364386
v -6.109370 -31.290215 1.415095
v -5.330890 -32.276379 0.353416
v -5.181700 -32.124378 0.364386
v -5.918440 -31.205198 1.429271
v -6.109370 -31.290215 1.415095
v -5.918440 -31.205198 1.429271
v -6.069580 -31.325703 2.042929
v -6.109370 -31.290215 1.415095
v -5.918440 -31.205198 1.429271
v -5.877510 -31.310577 1.965450
v -6.069580 -31.325703 2.042929
v -5.877510 -31.310577 1.965450
v -5.741670 -32.052132 3.113678
v -6.069580 -31.325703 2.042929
v -5.877510 -31.310577 1.965450
v -5.549690 -32.035744 3.038486
v -5.741670 -32.052132 3.113678
v -5.549690 -32.035744 3.038486
v -5.431370 -32.773521 4.193589
v -5.741670 -32.052132 3.113678
v -5.549690 -32.035744 3.038486
v -5.238840 -32.755299 4.121724
v -5.431370 -32.773521 4.193589
v -5.238840 -32.755299 4.121724
v -5.136690 -33.492519 5.277844
v -5.431370 -32.773521 4.193589
v -5.238840 -32.755299 4.121724
v -4.942950 -33.471897 5.210324
v -5.136690 -33.492519 5.277844
v -4.942950 -33.471897 5.210324
v -4.909510 -34.267830 6.211733
v -5.136690 -33.492519 5.277844
v -4.942950 -33.471897 5.210324
v -4.713330 -34.268356 6.180069
v -4.909510 -34.267830 6.211733
v -4.713330 -34.268356 6.180069
v -5.292910 -34.681419 6.791176
v -4.909510 -34.267830 6.211733
v -4.713330 -34.268356 6.180069
v -4.730740 -34.731354 6.765246
v -5.292910 -34.681419 6.791176
v -4.730740 -34.731354 6.765246
v -5.086430 -34.966553 7.108556
v -5.292910 -34.681419 6.791176
v -4.730740 -34.731354 6.765246
v -4.889160 -34.941368 7.049280
v -5.086430 -34.966553 7.108556
v -1.970630 -35.199753 -3.662364
v -2.984560 -34.592278 -2.759355
v -2.830340 -34.435169 -2.739115
v -1.970630 -35.199753 -3.662364
v -2.125450 -35.357811 -3.684320
v -2.984560 -34.592278 -2.759355
v -2.830340 -34.435169 -2.739115
v -3.829580 -33.818237 -1.818985
v -3.676060 -33.662151 -1.800593
v -2.830340 -34.435169 -2.739115
v -2.984560 -34.592278 -2.759355
v -3.829580 -33.818237 -1.818985
v -3.676060 -33.662151 -1.800593
v -4.658370 -33.035480 -0.862823
v -4.506040 -32.880718 -0.846844
v -3.676060 -33.662151 -1.800593
v -3.829580 -33.818237 -1.818985
v -4.658370 -33.035480 -0.862823
v -4.506040 -32.880718 -0.846844
v -5.413420 -32.199028 0.190554
v -5.264080 -32.047123 0.201368
v -4.506040 -32.880718 -0.846844
v -4.658370 -33.035480 -0.862823
v -5.413420 -32.199028 0.190554
v -5.264080 -32.047123 0.201368
v -6.272980 -31.023623 1.337758
v -6.082350 -30.939150 1.350918
v -5.264080 -32.047123 0.201368
v -5.413420 -32.199028 0.190554
v -6.272980 -31.023623 1.337758
v -6.082350 -30.939150 1.350918
v -6.058790 -31.152136 2.214567
v -5.867610 -31.137459 2.136250
v -6.082350 -30.939150 1.350918
v -6.272980 -31.023623 1.337758
v -6.058790 -31.152136 2.214567
v -5.867610 -31.137459 2.136250
v -5.732150 -31.879440 3.283718
v -5.541040 -31.863564 3.207586
v -5.867610 -31.137459 2.136250
v -6.058790 -31.152136 2.214567
v -5.732150 -31.879440 3.283718
v -5.541040 -31.863564 3.207586
v -5.423730 -32.602402 4.360782
v -5.232100 -32.584591 4.288152
v -5.541040 -31.863564 3.207586
v -5.732150 -31.879440 3.283718
v -5.423730 -32.602402 4.360782
v -5.232100 -32.584591 4.288152
v -5.131580 -33.323448 5.441327
v -4.938640 -33.303181 5.373155
v -5.232100 -32.584591 4.288152
v -5.423730 -32.602402 4.360782
v -5.131580 -33.323448 5.441327
v -4.938640 -33.303181 5.373155
v -4.907000 -34.101017 6.371110
v -4.711700 -34.101971 6.338687
v -4.938640 -33.303181 5.373155
v -5.131580 -33.323448 5.441327
v -4.907000 -34.101017 6.371110
v -4.711700 -34.101971 6.338687
v -5.289870 -34.514923 6.949997
v -4.730220 -34.566162 6.921704
v -4.711700 -34.101971 6.338687
v -4.907000 -34.101017 6.371110
v -5.289870 -34.514923 6.949997
v -4.730220 -34.566162 6.921704
v -5.085050 -34.801300 7.265117
v -4.888520 -34.776409 7.205306
v -4.730220 -34.566162 6.921704
v -5.289870 -34.514923 6.949997
v -5.085050 -34.801300 7.265117
v -1.888020 -35.274429 -3.494669
v -2.125450 -35.357811 -3.684320
v -1.970630 -35.199753 -3.662364
v -1.888020 -35.274429 -3.494669
v -2.042750 -35.432640 -3.516906
v -2.125450 -35.357811 -3.684320
v -2.042750 -35.432640 -3.516906
v -2.984560 -34.592278 -2.759355
v -2.125450 -35.357811 -3.684320
v -2.042750 -35.432640 -3.516906
v -2.901820 -34.667671 -2.592968
v -2.984560 -34.592278 -2.759355
v -2.901820 -34.667671 -2.592968
v -3.829580 -33.818237 -1.818985
v -2.984560 -34.592278 -2.759355
v -2.901820 -34.667671 -2.592968
v -3.746860 -33.894218 -1.653655
v -3.829580 -33.818237 -1.818985
v -3.746860 -33.894218 -1.653655
v -4.658370 -33.035480 -0.862823
v -3.829580 -33.818237 -1.818985
v -3.746860 -33.894218 -1.653655
v -4.575740 -33.112114 -0.698676
v -4.658370 -33.035480 -0.862823
v -4.575740 -33.112114 -0.698676
v -5.413420 -32.199028 0.190554
v -4.658370 -33.035480 -0.862823
v -4.575740 -33.112114 -0.698676
v -5.330890 -32.276379 0.353416
v -5.413420 -32.199028 0.190554
v -5.330890 -32.276379 0.353416
v -6.272980 -31.023623 1.337758
v -5.413420 -32.199028 0.190554
v -5.330890 -32.276379 0.353416
v -6.109370 -31.290215 1.415095
v -6.272980 -31.023623 1.337758
v -6.109370 -31.290215 1.415095
v -6.058790 -31.152136 2.214567
v -6.272980 -31.023623 1.337758
v -6.109370 -31.290215 1.415095
v -6.069580 -31.325703 2.042929
v -6.058790 -31.152136 2.214567
v -6.069580 -31.325703 2.042929
v -5.732150 -31.879440 3.283718
v -6.058790 -31.152136 2.214567
v -6.069580 -31.325703 2.042929
v -5.741670 -32.052132 3.113678
v -5.732150 -31.879440 3.283718
v -5.741670 -32.052132 3.113678
v -5.423730 -32.602402 4.360782
v -5.732150 -31.879440 3.283718
v -5.741670 -32.052132 3.113678
v -5.431370 -32.773521 4.193589
v -5.423730 -32.602402 4.360782
v -5.431370 -32.773521 4.193589
v -5.131580 -33.323448 5.441327
v -5.423730 -32.602402 4.360782
v -5.431370 -32.773521 4.193589
v -5.136690 -33.492519 5.277844
v -5.131580 -33.323448 5.441327
v -5.136690 -33.492519 5.277844
v -4.907000 -34.101017 6.371110
v -5.131580 -33.323448 5.441327
v -5.136690 -33.492519 5.277844
v -4.909510 -34.267830 6.211733
v -4.907000 -34.101017 6.371110
v -4.909510 -34.267830 6.211733
v -5.289870 -34.514923 6.949997
v -4.907000 -34.101017 6.371110
v -4.909510 -34.267830 6.211733
v -5.292910 -34.681419 6.791176
v -5.289870 -34.514923 6.949997
v -5.292910 -34.681419 6.791176
v -5.085050 -34.801300 7.265117
v -5.289870 -34.514923 6.949997
v -5.292910 -34.681419 6.791176
v -5.086430 -34.966553 7.108556
v -5.085050 -34.801300 7.265117
v -5.086430 -34.966553 7.108556
v -4.888520 -34.776409 7.205306
v -5.085050 -34.801300 7.265117
v -5.086430 -34.966553 7.108556
v -4.889160 -34.941368 7.049280
v -4.888520 -34.776409 7.205306
v -4.889160 -34.941368 7.049280
v -4.730220 -34.566162 6.921704
v -4.888520 -34.776409 7.205306
v -4.889160 -34.941368 7.049280
v -4.730740 -34.731354 6.765246
v -4.730220 -34.566162 6.921704
v -4.730740 -34.731354 6.765246
v -4.711700 -34.101971 6.338687
v -4.730220 -34.566162 6.921704
v -4.730740 -34.731354 6.765246
v -4.713330 -34.268356 6.180069
v -4.711700 -34.101971 6.338687
v -4.713330 -34.268356 6.180069
v -4.938640 -33.303181 5.373155
v -4.711700 -34.101971 6.338687
v -4.713330 -34.268356 6.180069
v -4.942950 -33.471897 5.210324
v -4.938640 -33.303181 5.373155
v -4.942950 -33.471897 5.210324
v -5.232100 -32.584591 4.288152
v -4.938640 -33.303181 5.373155
v -4.942950 -33.471897 5.210324
v -5.238840 -32.755299 4.121724
v -5.232100 -32.584591 4.288152
v -5.238840 -32.755299 4.121724
v -5.541040 -31.863564 3.207586
v -5.232100 -32.584591 4.288152
v -5.238840 -32.755299 4.121724
v -5.549690 -32.035744 3.038486
v -5.541040 -31.863564 3.207586
v -5.549690 -32.035744 3.038486
v -5.867610 -31.137459 2.136250
v -5.541040 -31.863564 3.207586
v -5.549690 -32.035744 3.038486
v -5.877510 -31.310577 1.965450
v -5.867610 -31.137459 2.136250
v -5.877510 -31.310577 1.965450
v -6.082350 -30.939150 1.350918
v -5.867610 -31.137459 2.136250
v -5.877510 -31.310577 1.965450
v -5.918440 -31.205198 1.429271
v -6.082350 -30.939150 1.350918
v -5.918440 -31.205198 1.429271
v -5.264080 -32.047123 0.201368
v -6.082350 -30.939150 1.350918
v -5.918440 -31.205198 1.429271
v -5.181700 -32.124378 0.364386
v -5.264080 -32.047123 0.201368
v -5.181700 -32.124378 0.364386
v -4.506040 -32.880718 -0.846844
v -5.264080 -32.047123 0.201368
v -5.181700 -32.124378 0.364386
v -4.423550 -32.957249 -0.682502
v -4.506040 -32.880718 -0.846844
v -4.423550 -32.957249 -0.682502
v -3.676060 -33.662151 -1.800593
v -4.506040 -32.880718 -0.846844
v -4.423550 -32.957249 -0.682502
v -3.593540 -33.738026 -1.635060
v -3.676060 -33.662151 -1.800593
v -3.593540 -33.738026 -1.635060
v -2.830340 -34.435169 -2.739115
v -3.676060 -33.662151 -1.800593
v -3.593540 -33.738026 -1.635060
v -2.747800 -34.510456 -2.572534
v -2.830340 -34.435169 -2.739115
v -2.747800 -34.510456 -2.572534
v -1.970630 -35.199753 -3.662364
v -2.830340 -34.435169 -2.739115
v -2.747800 -34.510456 -2.572534
v -1.888020 -35.274429 -3.494669
v -1.970630 -35.199753 -3.662364
v -0.854100 -27.824509 6.811414
v -3.226980 -26.061422 7.684927
v -0.965900 -27.998001 6.600252
v -0.854100 -27.824509 6.811414
v -3.124390 -25.902611 7.869489
v -3.226980 -26.061422 7.684927
v -3.124390 -25.902611 7.869489
v -5.385790 -24.064381 8.879038
v -3.226980 -26.061422 7.684927
v -3.124390 -25.902611 7.869489
v -5.291330 -23.918167 9.040794
v -5.385790 -24.064381 8.879038
v -5.291330 -23.918167 9.040794
v -7.627650 -22.102692 10.009217
v -5.385790 -24.064381 8.879038
v -5.291330 -23.918167 9.040794
v -7.539820 -21.964439 10.156538
v -7.627650 -22.102692 10.009217
v -7.539820 -21.964439 10.156538
v -10.008620 -20.218567 10.998950
v -7.627650 -22.102692 10.009217
v -7.539820 -21.964439 10.156538
v -9.922730 -20.082035 11.143166
v -10.008620 -20.218567 10.998950
v -9.922730 -20.082035 11.143166
v -12.418450 -18.415592 11.841706
v -10.008620 -20.218567 10.998950
v -9.922730 -20.082035 11.143166
v -12.327910 -18.271622 11.999356
v -12.418450 -18.415592 11.841706
v -12.327910 -18.271622 11.999356
v -14.734500 -16.573917 12.754506
v -12.418450 -18.415592 11.841706
v -12.327910 -18.271622 11.999356
v -14.630970 -16.414921 12.939307
v -14.734500 -16.573917 12.754506
v -14.630970 -16.414921 12.939307
v -16.935270 -14.691866 13.740148
v -14.734500 -16.573917 12.754506
v -14.630970 -16.414921 12.939307
v -16.835609 -14.536453 13.918552
v -16.935270 -14.691866 13.740148
v -16.835609 -14.536453 13.918552
v -19.131029 -12.863865 14.627913
v -16.935270 -14.691866 13.740148
v -16.835609 -14.536453 13.918552
v -19.033911 -12.708374 14.806492
v -19.131029 -12.863865 14.627913
v -19.033911 -12.708374 14.806492
v -21.327860 -11.077522 15.440223
v -19.131029 -12.863865 14.627913
v -19.033911 -12.708374 14.806492
v -21.235590 -10.923382 15.616360
v -21.327860 -11.077522 15.440223
v -21.235590 -10.923382 15.616360
v -23.473101 -9.405945 16.136898
v -21.327860 -11.077522 15.440223
v -21.235590 -10.923382 15.616360
v -23.454210 -9.209332 16.323076
v -23.473101 -9.405945 16.136898
v -23.454210 -9.209332 16.323076
v -24.663870 -9.027409 16.012894
v -23.473101 -9.405945 16.136898
v -23.454210 -9.209332 16.323076
v -24.757589 -8.379452 16.563446
v -24.663870 -9.027409 16.012894
v -24.757589 -8.379452 16.563446
v -25.435539 -8.306576 16.359097
v -24.663870 -9.027409 16.012894
v -24.757589 -8.379452 16.563446
v -25.354401 -8.156765 16.527386
v -25.435539 -8.306576 16.359097
v -0.793000 -27.676243 6.627903
v -3.173550 -25.918087 7.492471
v -3.070640 -25.758839 7.677831
v -0.793000 -27.676243 6.627903
v -0.905010 -27.850065 6.416145
v -3.173550 -25.918087 7.492471
v -3.070640 -25.758839 7.677831
v -5.336480 -23.923515 8.682136
v -5.241520 -23.776867 8.844684
v -3.070640 -25.758839 7.677831
v -3.173550 -25.918087 7.492471
v -5.336480 -23.923515 8.682136
v -5.241520 -23.776867 8.844684
v -7.578100 -21.963177 9.809853
v -7.489780 -21.824497 9.957953
v -5.241520 -23.776867 8.844684
v -5.336480 -23.923515 8.682136
v -7.578100 -21.963177 9.809853
v -7.489780 -21.824497 9.957953
v -9.958880 -20.077288 10.802783
v -9.872420 -19.940453 10.947551
v -7.489780 -21.824497 9.957953
v -7.578100 -21.963177 9.809853
v -9.958880 -20.077288 10.802783
v -9.872420 -19.940453 10.947551
v -12.368830 -18.269655 11.653961
v -12.277680 -18.125965 11.811102
v -9.872420 -19.940453 10.947551
v -9.958880 -20.077288 10.802783
v -12.368830 -18.269655 11.653961
v -12.277680 -18.125965 11.811102
v -14.683410 -16.422493 12.576668
v -14.579640 -16.264416 12.759853
v -12.277680 -18.125965 11.811102
v -12.368830 -18.269655 11.653961
v -14.683410 -16.422493 12.576668
v -14.579640 -16.264416 12.759853
v -16.886351 -14.540010 13.563156
v -16.786579 -14.384750 13.741281
v -14.579640 -16.264416 12.759853
v -14.683410 -16.422493 12.576668
v -16.886351 -14.540010 13.563156
v -16.786579 -14.384750 13.741281
v -19.084181 -12.710430 14.453808
v -18.986950 -12.554981 14.632308
v -16.786579 -14.384750 13.741281
v -16.886351 -14.540010 13.563156
v -19.084181 -12.710430 14.453808
v -18.986950 -12.554981 14.632308
v -21.283751 -10.922966 15.268129
v -21.191219 -10.768921 15.444101
v -18.986950 -12.554981 14.632308
v -19.084181 -12.710430 14.453808
v -21.283751 -10.922966 15.268129
v -21.191219 -10.768921 15.444101
v -23.431530 -9.250927 15.965637
v -23.412510 -9.054340 16.151775
v -21.191219 -10.768921 15.444101
v -21.283751 -10.922966 15.268129
v -23.431530 -9.250927 15.965637
v -23.412510 -9.054340 16.151775
v -24.624290 -8.872326 15.841760
v -24.717360 -8.224277 16.392483
v -23.412510 -9.054340 16.151775
v -23.431530 -9.250927 15.965637
v -24.624290 -8.872326 15.841760
v -24.717360 -8.224277 16.392483
v -25.396910 -8.151360 16.188217
v -25.315331 -8.001461 16.356651
v -24.717360 -8.224277 16.392483
v -24.624290 -8.872326 15.841760
v -25.396910 -8.151360 16.188217
v -0.854100 -27.824509 6.811414
v -0.905010 -27.850065 6.416145
v -0.793000 -27.676243 6.627903
v -0.854100 -27.824509 6.811414
v -0.965900 -27.998001 6.600252
v -0.905010 -27.850065 6.416145
v -0.965900 -27.998001 6.600252
v -3.173550 -25.918087 7.492471
v -0.905010 -27.850065 6.416145
v -0.965900 -27.998001 6.600252
v -3.226980 -26.061422 7.684927
v -3.173550 -25.918087 7.492471
v -3.226980 -26.061422 7.684927
v -5.336480 -23.923515 8.682136
v -3.173550 -25.918087 7.492471
v -3.226980 -26.061422 7.684927
v -5.385790 -24.064381 8.879038
v -5.336480 -23.923515 8.682136
v -5.385790 -24.064381 8.879038
v -7.578100 -21.963177 9.809853
v -5.336480 -23.923515 8.682136
v -5.385790 -24.064381 8.879038
v -7.627650 -22.102692 10.009217
v -7.578100 -21.963177 9.809853
v -7.627650 -22.102692 10.009217
v -9.958880 -20.077288 10.802783
v -7.578100 -21.963177 9.809853
v -7.627650 -22.102692 10.009217
v -10.008620 -20.218567 10.998950
v -9.958880 -20.077288 10.802783
v -10.008620 -20.218567 10.998950
v -12.368830 -18.269655 11.653961
v -9.958880 -20.077288 10.802783
v -10.008620 -20.218567 10.998950
v -12.418450 -18.415592 11.841706
v -12.368830 -18.269655 11.653961
v -12.418450 -18.415592 11.841706
v -14.683410 -16.422493 12.576668
v -12.368830 -18.269655 11.653961
v -12.418450 -18.415592 11.841706
v -14.734500 -16.573917 12.754506
v -14.683410 -16.422493 12.576668
v -14.734500 -16.573917 12.754506
v -16.886351 -14.540010 13.563156
v -14.683410 -16.422493 12.576668
v -14.734500 -16.573917 12.754506
v -16.935270 -14.691866 13.740148
v -16.886351 -14.540010 13.563156
v -16.935270 -14.691866 13.740148
v -19.084181 -12.710430 14.453808
v -16.886351 -14.540010 13.563156
v -16.935270 -14.691866 13.740148
v -19.131029 -12.863865 14.627913
v -19.084181 -12.710430 14.453808
v -19.131029 -12.863865 14.627913
v -21.283751 -10.922966 15.268129
v -19.084181 -12.710430 14.453808
v -19.131029 -12.863865 14.627913
v -21.327860 -11.077522 15.440223
v -21.283751 -10.922966 15.268129
v -21.327860 -11.077522 15.440223
v -23.431530 -9.250927 15.965637
v -21.283751 -10.922966 15.268129
v -21.327860 -11.077522 15.440223
v -23.473101 -9.405945 16.136898
v -23.431530 -9.250927 15.965637
v -23.473101 -9.405945 16.136898
v -24.624290 -8.872326 15.841760
v -23.431530 -9.250927 15.965637
v -23.473101 -9.405945 16.136898
v -24.663870 -9.027409 16.012894
v -24.624290 -8.872326 15.841760
v -24.663870 -9.027409 16.012894
v -25.396910 -8.151360 16.188217
v -24.624290 -8.872326 15.841760
v -24.663870 -9.027409 16.012894
v -25.435539 -8.306576 16.359097
v -25.396910 -8.151360 16.188217
v -25.435539 -8.306576 16.359097
v -25.315331 -8.001461 16.356651
v -25.396910 -8.151360 16.188217
v -25.435539 -8.306576 16.359097
v -25.354401 -8.156765 16.527386
v -25.315331 -8.001461 16.356651
v -25.354401 -8.156765 16.527386
v -24.717360 -8.224277 16.392483
v -25.315331 -8.001461 16.356651
v -25.354401 -8.156765 16.527386
v -24.757589 -8.379452 16.563446
v -24.717360 -8.224277 16.392483
v -24.757589 -8.379452 16.563446
v -23.412510 -9.054340 16.151775
v -24.717360 -8.224277 16.392483
v -24.757589 -8.379452 16.563446
v -23.454210 -9.209332 16.323076
v -23.412510 -9.054340 16.151775
v -23.454210 -9.209332 16.323076
v -21.191219 -10.768921 15.444101
v -23.412510 -9.054340 16.151775
v -23.454210 -9.209332 16.323076
v -21.235590 -10.923382 15.616360
v -21.191219 -10.768921 15.444101
v -21.235590 -10.923382 15.616360
v -18.986950 -12.554981 14.632308
v -21.191219 -10.768921 15.444101
v -21.235590 -10.923382 15.616360
v -19.033911 -12.708374 14.806492
v -18.986950 -12.554981 14.632308
v -19.033911 -12.708374 14.806492
v -16.786579 -14.384750 13.741281
v -18.986950 -12.554981 14.632308
v -19.033911 -12.708374 14.806492
v -16.835609 -14.536453 13.918552
v -16.786579 -14.384750 13.741281
v -16.835609 -14.536453 13.918552
v -14.579640 -16.264416 12.759853
v -16.786579 -14.384750 13.741281
v -16.835609 -14.536453 13.918552
v -14.630970 -16.414921 12.939307
v -14.579640 -16.264416 12.759853
v -14.630970 -16.414921 12.939307
v -12.277680 -18.125965 11.811102
v -14.579640 -16.264416 12.759853
v -14.630970 -16.414921 12.939307
v -12.327910 -18.271622 11.999356
v -12.277680 -18.125965 11.811102
v -12.327910 -18.271622 11.999356
v -9.872420 -19.940453 10.947551
v -12.277680 -18.125965 11.811102
v -12.327910 -18.271622 11.999356
v -9.922730 -20.082035 11.143166
v -9.872420 -19.940453 10.947551
v -9.922730 -20.082035 11.143166
v -7.489780 -21.824497 9.957953
v -9.872420 -19.940453 10.947551
v -9.922730 -20.082035 11.143166
v -7.539820 -21.964439 10.156538
v -7.489780 -21.824497 9.957953
v -7.539820 -21.964439 10.156538
v -5.241520 -23.776867 8.844684
v -7.489780 -21.824497 9.957953
v -7.539820 -21.964439 10.156538
v -5.291330 -23.918167 9.040794
v -5.241520 -23.776867 8.844684
v -5.291330 -23.918167 9.040794
v -3.070640 -25.758839 7.677831
v -5.241520 -23.776867 8.844684
v -5.291330 -23.918167 9.040794
v -3.124390 -25.902611 7.869489
v -3.070640 -25.758839 7.677831
v -3.124390 -25.902611 7.869489
v -0.793000 -27.676243 6.627903
v -3.070640 -25.758839 7.677831
v -3.124390 -25.902611 7.869489
v -0.854100 -27.824509 6.811414
v -0.793000 -27.676243 6.627903
vn -0.4007 -0.4904 0.7739
vn -0.3976 -0.4943 0.7730
vn -0.4099 -0.4910 0.7687
vn -0.4064 -0.4953 0.7678
vn -0.4264 -0.4922 0.7589
vn -0.4200 -0.4998 0.7575
vn -0.4717 -0.5113 0.7184
vn -0.4610 -0.5227 0.7171
vn -0.2410 -0.6540 0.7171
vn -0.4433 -0.4854 0.7536
vn 0.0114 -0.9820 -0.1884
vn -0.4040 -0.9115 -0.0766
vn 0.1521 -0.8385 -0.5233
vn 0.1619 -0.8377 -0.5216
vn 0.1349 -0.8401 -0.5254
vn 0.1519 -0.8388 -0.5229
vn 0.1145 -0.8395 -0.5312
vn 0.1362 -0.8380 -0.5283
vn 0.1250 -0.7733 -0.6216
vn 0.1533 -0.7706 -0.6186
vn 0.1211 -0.7703 -0.6260
vn 0.1262 -0.7672 -0.6288
vn 0.1111 -0.7682 -0.6305
vn 0.1209 -0.7619 -0.6363
vn 0.3980 0.4944 -0.7728
vn 0.4012 0.4903 -0.7737
vn 0.4069 0.4952 -0.7676
vn 0.4105 0.4909 -0.7685
vn 0.4205 0.4997 -0.7573
vn 0.4269 0.4921 -0.7587
vn 0.4614 0.5226 -0.7169
vn 0.4719 0.5115 -0.7181
vn 0.4247 0.4681 -0.7749
vn 0.2279 0.6236 -0.7478
vn 0.4005 0.8874 0.2284
vn -0.0337 0.9715 0.2345
vn -0.1651 0.8370 0.5218
vn -0.1553 0.8378 0.5235
vn -0.1555 0.8376 0.5237
vn -0.1395 0.8388 0.5262
vn -0.1411 0.8364 0.5297
vn -0.1185 0.8380 0.5327
vn -0.1578 0.7682 0.6205
vn -0.1297 0.7710 0.6235
vn -0.1310 0.7645 0.6312
vn -0.1256 0.7678 0.6283
vn -0.1254 0.7591 0.6388
vn -0.1152 0.7657 0.6328
vn -0.6263 -0.5445 -0.5578
vn -0.6260 -0.5459 -0.5568
vn 0.6719 -0.7406 -0.0034
vn 0.6710 -0.7415 -0.0013
vn 0.6796 -0.7336 0.0006
vn 0.6786 -0.7345 0.0027
vn 0.6920 -0.7219 0.0106
vn 0.6914 -0.7224 0.0118
vn 0.7317 -0.6799 0.0485
vn 0.7310 -0.6806 0.0498
vn 0.8408 -0.5333 -0.0926
vn 0.7708 -0.6304 0.0921
vn 0.9975 0.0050 0.0700
vn 0.8643 -0.4813 0.1457
vn 0.9691 -0.1369 0.2050
vn 0.9693 -0.1331 0.2068
vn 0.9727 -0.1317 0.1912
vn 0.9729 -0.1257 0.1939
vn 0.9756 -0.1297 0.1771
vn 0.9760 -0.1213 0.1809
vn 0.9837 -0.1092 0.1430
vn 0.9839 -0.1008 0.1478
vn 0.8767 0.3470 -0.3331
vn 0.8770 0.3458 -0.3336
vn 0.9024 -0.2867 0.3217
vn 0.9033 -0.2818 0.3234
vn -0.2981 -0.6607 0.6889
vn -0.2996 -0.6616 0.6874
vn -0.9100 -0.2942 0.2921
vn -0.9100 -0.2941 0.2922
vn -0.9994 -0.0332 0.0100
vn -0.9994 -0.0306 0.0139
vn -0.9844 0.1013 -0.1441
vn -0.9848 0.1076 -0.1365
vn -0.9755 0.1252 -0.1807
vn -0.9758 0.1313 -0.1747
vn -0.9727 0.1290 -0.1931
vn -0.9729 0.1334 -0.1888
vn -0.9692 0.1358 -0.2054
vn -0.9694 0.1386 -0.2027
vn -0.8510 0.5243 0.0313
vn -0.9609 0.1581 -0.2273
vn -0.7517 0.6558 -0.0698
vn -0.8456 0.5300 0.0634
vn -0.7297 0.6821 -0.0483
vn -0.7308 0.6810 -0.0471
vn -0.6902 0.7235 -0.0110
vn -0.6912 0.7226 -0.0098
vn -0.6779 0.7352 -0.0022
vn -0.6792 0.7340 -0.0005
vn -0.6704 0.7420 0.0021
vn -0.6716 0.7409 0.0036
vn -0.2503 -0.6789 0.6903
vn -0.2363 -0.6677 0.7059
vn -0.2304 -0.6706 0.7051
vn -0.2140 -0.6592 0.7209
vn -0.2136 -0.6594 0.7208
vn -0.2025 -0.6509 0.7316
vn -0.2084 -0.6481 0.7325
vn -0.2063 -0.6463 0.7347
vn -0.2207 -0.6393 0.7366
vn -0.2304 -0.6490 0.7250
vn -0.2454 -0.6626 0.7076
vn -0.2483 -0.6612 0.7080
vn -0.2455 -0.6588 0.7111
vn -0.2561 -0.6535 0.7123
vn -0.2577 -0.6549 0.7104
vn -0.2661 -0.6507 0.7112
vn -0.2670 -0.6515 0.7101
vn -0.2741 -0.6480 0.7106
vn -0.2735 -0.6474 0.7114
vn -0.2793 -0.6459 0.7105
vn -0.2794 -0.6449 0.7114
vn -0.2834 -0.6444 0.7102
vn -0.2834 -0.6444 0.7103
vn 0.2371 0.6679 -0.7055
vn 0.2508 0.6789 -0.6900
vn 0.2148 0.6594 -0.7204
vn 0.2311 0.6709 -0.7047
vn 0.2035 0.6512 -0.7311
vn 0.2144 0.6596 -0.7204
vn 0.2063 0.6466 -0.7344
vn 0.2086 0.6487 -0.7319
vn 0.2288 0.6487 -0.7259
vn 0.2200 0.6399 -0.7363
vn 0.2431 0.6620 -0.7090
vn 0.2285 0.6488 -0.7258
vn 0.2448 0.6588 -0.7114
vn 0.2465 0.6603 -0.7094
vn 0.2570 0.6551 -0.7105
vn 0.2552 0.6535 -0.7126
vn 0.2663 0.6515 -0.7104
vn 0.2655 0.6508 -0.7113
vn 0.2730 0.6474 -0.7116
vn 0.2735 0.6479 -0.7110
vn 0.2789 0.6448 -0.7116
vn 0.2788 0.6459 -0.7107
vn 0.2827 0.6445 -0.7105
vn 0.2827 0.6444 -0.7105
vn 0.8808 -0.4661 -0.0833
vn 0.8808 -0.4662 -0.0833
vn -0.6678 -0.4567 -0.5878
vn -0.6796 -0.4853 -0.5501
vn -0.7126 -0.4533 -0.5355
vn -0.7180 -0.4683 -0.5149
vn -0.6943 -0.4916 -0.5256
vn -0.6958 -0.4957 -0.5198
vn -0.6498 -0.5374 -0.5375
vn -0.6474 -0.5311 -0.5466
vn -0.6151 -0.5575 -0.5575
vn -0.6080 -0.5410 -0.5812
vn -0.6392 -0.5161 -0.5701
vn -0.6291 -0.4933 -0.6008
vn -0.6615 -0.4664 -0.5872
vn -0.6624 -0.4683 -0.5848
vn -0.6433 -0.4841 -0.5931
vn -0.6420 -0.4813 -0.5969
vn -0.6253 -0.4943 -0.6039
vn -0.6252 -0.4942 -0.6041
vn -0.5991 -0.5132 -0.6145
vn -0.6001 -0.5151 -0.6119
vn -0.1554 -0.7133 -0.6834
vn -0.1558 -0.7137 -0.6829
vn -0.6821 -0.4564 -0.5713
vn -0.6828 -0.4573 -0.5698
vn -0.9230 0.3646 0.1226
vn -0.9233 0.3647 0.1205
vn 0.2186 0.6964 0.6835
vn 0.2185 0.6964 0.6836
vn 0.4910 0.5845 0.6460
vn 0.4908 0.5833 0.6472
vn 0.5955 0.5182 0.6138
vn 0.5950 0.5161 0.6161
vn 0.6239 0.4951 0.6047
vn 0.6239 0.4954 0.6044
vn 0.6419 0.4813 0.5969
vn 0.6428 0.4850 0.5929
vn 0.6607 0.4702 0.5851
vn 0.6609 0.4711 0.5842
vn 0.6398 0.4889 0.5930
vn 0.6445 0.5119 0.5680
vn 0.6132 0.5371 0.5792
vn 0.6163 0.5541 0.5596
vn 0.6466 0.5292 0.5494
vn 0.6477 0.5363 0.5412
vn 0.6913 0.4970 0.5245
vn 0.6906 0.4921 0.5300
vn 0.7111 0.4722 0.5209
vn 0.7083 0.4548 0.5398
vn 0.6701 0.4913 0.5565
vn 0.6636 0.4584 0.5913
vn -0.0132 -0.4267 0.9043
vn -0.0128 -0.4295 0.9030
vn -0.0287 -0.4277 0.9034
vn -0.0282 -0.4307 0.9021
vn -0.0441 -0.4291 0.9022
vn -0.0436 -0.4317 0.9009
vn -0.0595 -0.4297 0.9010
vn -0.0588 -0.4330 0.8995
vn 0.0863 -0.6226 0.7778
vn 0.0350 -0.4019 0.9150
vn -0.4899 -0.8697 -0.0607
vn -0.6654 -0.7159 0.2115
vn -0.5520 -0.7448 -0.3749
vn -0.5508 -0.7454 -0.3756
vn -0.5509 -0.7562 -0.3530
vn -0.5498 -0.7568 -0.3536
vn -0.5504 -0.7641 -0.3365
vn -0.5491 -0.7647 -0.3372
vn -0.5585 -0.7202 -0.4115
vn -0.5577 -0.7206 -0.4120
vn -0.5551 -0.7219 -0.4131
vn -0.5576 -0.7228 -0.4082
vn -0.5546 -0.7216 -0.4143
vn -0.5552 -0.7219 -0.4131
vn 0.0127 0.4295 -0.9030
vn 0.0131 0.4267 -0.9043
vn 0.0282 0.4308 -0.9020
vn 0.0288 0.4275 -0.9036
vn 0.0437 0.4315 -0.9011
vn 0.0443 0.4287 -0.9024
vn 0.0589 0.4326 -0.8997
vn 0.0596 0.4297 -0.9010
vn -0.0715 0.3900 -0.9180
vn -0.1304 0.5979 -0.7909
vn 0.7410 0.6660 -0.0856
vn 0.5021 0.8580 0.1082
vn 0.5501 0.7456 0.3761
vn 0.5513 0.7451 0.3754
vn 0.5491 0.7571 0.3541
vn 0.5503 0.7565 0.3534
vn 0.5485 0.7649 0.3377
vn 0.5495 0.7644 0.3372
vn 0.5567 0.7209 0.4128
vn 0.5577 0.7205 0.4122
vn 0.5569 0.7228 0.4092
vn 0.5545 0.7220 0.4138
vn 0.5546 0.7219 0.4139
vn 0.5541 0.7216 0.4149
vn -0.9572 -0.2757 -0.0878
vn -0.9573 -0.2755 -0.0879
vn 0.2807 -0.9181 -0.2798
vn 0.2805 -0.9175 -0.2820
vn 0.2989 -0.9133 -0.2768
vn 0.2988 -0.9129 -0.2780
vn 0.3170 -0.9081 -0.2735
vn 0.3169 -0.9078 -0.2748
vn 0.3348 -0.9029 -0.2697
vn 0.3348 -0.9024 -0.2714
vn 0.3391 -0.8137 -0.4721
vn 0.3780 -0.8874 -0.2638
vn 0.5563 -0.7828 -0.2789
vn 0.8209 -0.3150 -0.4763
vn 0.8334 -0.4637 -0.3006
vn 0.8317 -0.4663 -0.3014
vn 0.8351 -0.4629 -0.2971
vn 0.8333 -0.4658 -0.2979
vn 0.8368 -0.4621 -0.2937
vn 0.8349 -0.4650 -0.2944
vn 0.8394 -0.4418 -0.3164
vn 0.8380 -0.4440 -0.3172
vn 0.6362 0.0976 -0.7653
vn 0.6350 0.0942 -0.7668
vn 0.8040 -0.5870 -0.0948
vn 0.8041 -0.5869 -0.0948
vn -0.0198 -0.6201 0.7843
vn -0.0207 -0.6202 0.7842
vn -0.6805 -0.0282 0.7322
vn -0.6816 -0.0286 0.7311
vn -0.8247 0.2987 0.4803
vn -0.8257 0.2977 0.4791
vn -0.8374 0.4409 0.3229
vn -0.8388 0.4393 0.3215
vn -0.8342 0.4653 0.2958
vn -0.8361 0.4630 0.2942
vn -0.8325 0.4662 0.2992
vn -0.8344 0.4640 0.2976
vn -0.8311 0.4666 0.3026
vn -0.8327 0.4647 0.3011
vn -0.8300 0.4783 0.2869
vn -0.3939 0.8131 0.4286
vn -0.3393 0.9014 0.2691
vn -0.3679 0.8142 0.4492
vn -0.3346 0.9026 0.2710
vn -0.3343 0.9030 0.2698
vn -0.3167 0.9080 0.2744
vn -0.3165 0.9084 0.2732
vn -0.2987 0.9129 0.2783
vn -0.2983 0.9136 0.2764
vn -0.2805 0.9175 0.2820
vn -0.2801 0.9182 0.2801
vn 0.2862 -0.8863 0.3640
vn 0.2209 -0.9093 0.3527
vn 0.2227 -0.8705 0.4389
vn 0.2275 -0.8703 0.4369
vn -0.2256 -0.8715 0.4353
vn -0.2213 -0.8717 0.4371
vn -0.2193 -0.9097 0.3527
vn -0.2850 -0.8867 0.3640
vn 0.2250 -0.8203 0.5258
vn 0.2292 -0.8182 0.5273
vn 0.2289 -0.8145 0.5331
vn 0.2327 -0.8147 0.5311
vn -0.2328 -0.8200 0.5229
vn -0.2292 -0.8197 0.5250
vn -0.2293 -0.8218 0.5216
vn -0.2251 -0.8238 0.5202
vn 0.2409 -0.8566 0.4562
vn 0.2358 -0.8588 0.4549
vn 0.2341 -0.8323 0.5024
vn 0.2294 -0.8322 0.5047
vn -0.2276 -0.8340 0.5026
vn -0.2334 -0.8342 0.4996
vn -0.2344 -0.8605 0.4522
vn -0.2395 -0.8585 0.4535
vn -0.2820 -0.3176 0.9053
vn -0.2303 -0.2913 0.9285
vn -0.2901 -0.5701 0.7686
vn -0.2838 -0.5794 0.7640
vn 0.4660 -0.8807 0.0851
vn 0.5839 -0.8114 0.0246
vn -0.5825 -0.8124 0.0251
vn -0.4647 -0.8814 0.0854
vn -0.8314 -0.5385 0.1372
vn -0.8839 -0.4643 0.0565
vn -0.8971 -0.4088 0.1678
vn -0.9008 -0.4014 0.1658
vn -0.8991 -0.3396 0.2763
vn -0.9025 -0.3350 0.2707
vn -0.9025 -0.3347 0.2711
vn -0.9049 -0.3284 0.2707
vn -0.9115 -0.3768 0.1649
vn -0.9083 -0.3819 0.1707
vn -0.9077 -0.3494 0.2323
vn -0.9119 -0.3392 0.2309
vn -0.9179 -0.3909 0.0680
vn -0.9310 -0.3637 -0.0315
vn -0.9388 -0.3441 0.0164
vn -0.9543 -0.2945 0.0513
vn -0.8720 -0.0600 0.4859
vn -0.8727 -0.0598 0.4846
vn -0.7072 0.1079 0.6987
vn -0.7221 0.0302 0.6912
vn -0.3739 0.0952 0.9226
vn -0.3433 0.0684 0.9367
vn 0.9554 -0.2942 0.0237
vn 0.9396 -0.3422 -0.0107
vn 0.9323 -0.3580 -0.0521
vn 0.9210 -0.3869 0.0459
vn 0.8777 -0.1967 0.4369
vn 0.8746 -0.2284 0.4276
vn 0.8907 -0.2577 0.3746
vn 0.8913 -0.2570 0.3735
vn 0.9072 -0.4100 0.0941
vn 0.9062 -0.4122 0.0944
vn 0.9071 -0.4080 0.1033
vn 0.9043 -0.4127 0.1091
vn 0.9018 -0.3963 0.1722
vn 0.8980 -0.4039 0.1742
vn 0.8847 -0.4628 0.0565
vn 0.8326 -0.5367 0.1368
vn 0.2354 -0.8935 0.3824
vn 0.2403 -0.8916 0.3839
vn 0.2403 -0.8927 0.3812
vn 0.2418 -0.8927 0.3803
vn -0.2393 -0.8950 0.3766
vn -0.2376 -0.8950 0.3776
vn -0.2376 -0.8947 0.3783
vn -0.2326 -0.8966 0.3768
vn -0.9008 -0.4251 0.0883
vn -0.9037 -0.4202 0.0822
vn -0.9035 -0.4211 0.0806
vn -0.9046 -0.4187 0.0802
vn 0.9018 -0.3083 0.3028
vn 0.8995 -0.3147 0.3031
vn 0.9007 -0.3207 0.2931
vn 0.8971 -0.3255 0.2988
vn 0.2213 -0.7672 0.6021
vn 0.2174 -0.7701 0.5998
vn 0.2155 -0.7601 0.6130
vn 0.2329 -0.7674 0.5974
vn -0.2336 -0.7675 0.5970
vn -0.2170 -0.7600 0.6127
vn -0.2185 -0.7713 0.5978
vn -0.2222 -0.7686 0.5999
vn -0.8913 -0.2676 0.3661
vn -0.8909 -0.2680 0.3667
vn -0.8731 -0.2325 0.4285
vn -0.8766 -0.2005 0.4375
vn 0.9146 -0.3246 0.2411
vn 0.9076 -0.3419 0.2435
vn 0.9092 -0.3749 0.1810
vn 0.9124 -0.3698 0.1752
vn 0.2553 -0.9636 0.0797
vn 0.3029 -0.9429 0.1384
vn 0.3044 -0.9293 0.2093
vn 0.3308 -0.9298 0.1615
vn -0.3145 -0.9337 0.1711
vn -0.2888 -0.9319 0.2194
vn -0.2848 -0.9474 0.1459
vn -0.2353 -0.9681 0.0858
vn 0.2753 -0.5818 0.7653
vn 0.2825 -0.5710 0.7709
vn 0.2111 -0.2859 0.9347
vn 0.2740 -0.3175 0.9078
vn 0.3322 0.0695 0.9406
vn 0.3619 0.0956 0.9273
vn 0.7131 0.0330 0.7003
vn 0.6964 0.1105 0.7091
vn 0.8752 -0.0607 0.4799
vn 0.8745 -0.0609 0.4812
vn 0.2202 0.7831 -0.5815
vn 0.2856 0.7806 -0.5560
vn -0.2866 0.7802 -0.5560
vn -0.2208 0.7829 -0.5817
vn -0.2225 0.8344 -0.5042
vn -0.2269 0.8328 -0.5050
vn 0.2265 0.8339 -0.5033
vn 0.2216 0.8357 -0.5025
vn 0.2280 0.8827 -0.4110
vn 0.2236 0.8825 -0.4137
vn -0.2260 0.8792 -0.4194
vn -0.2304 0.8793 -0.4169
vn -0.2303 0.8810 -0.4133
vn -0.2341 0.8793 -0.4147
vn 0.2317 0.8839 -0.4062
vn 0.2278 0.8856 -0.4048
vn 0.2348 0.8431 -0.4837
vn 0.2399 0.8431 -0.4813
vn -0.2408 0.8413 -0.4840
vn -0.2357 0.8413 -0.4864
vn -0.2347 0.8674 -0.4387
vn -0.2299 0.8694 -0.4373
vn 0.2300 0.8706 -0.4349
vn 0.2332 0.8693 -0.4357
vn -0.2812 0.9560 -0.0837
vn -0.2889 0.9547 -0.0709
vn -0.2262 0.9414 0.2502
vn -0.2826 0.9354 0.2126
vn -0.4671 0.5400 -0.7001
vn -0.5849 0.4517 -0.6737
vn 0.5848 0.4518 -0.6737
vn 0.4667 0.5402 -0.7003
vn -0.9016 0.3527 -0.2503
vn -0.8981 0.3582 -0.2554
vn -0.8856 0.2919 -0.3613
vn -0.8328 0.4012 -0.3814
vn -0.9051 0.4038 -0.1332
vn -0.9025 0.4077 -0.1385
vn -0.9026 0.4075 -0.1389
vn -0.8990 0.4150 -0.1399
vn -0.9100 0.3800 -0.1660
vn -0.9078 0.3834 -0.1700
vn -0.9084 0.3482 -0.2316
vn -0.9120 0.3395 -0.2302
vn -0.9517 0.2082 -0.2257
vn -0.9357 0.2055 -0.2867
vn -0.9278 0.1759 -0.3290
vn -0.9145 0.2736 -0.2982
vn -0.7221 0.5690 0.3935
vn -0.7068 0.5333 0.4649
vn -0.8732 0.4419 0.2054
vn -0.8713 0.4450 0.2067
vn -0.3437 0.7567 0.5562
vn -0.3740 0.7306 0.5712
vn 0.9150 0.2587 -0.3095
vn 0.9269 0.1621 -0.3384
vn 0.9344 0.1882 -0.3024
vn 0.9509 0.1911 -0.2435
vn 0.8893 0.4568 -0.0208
vn 0.8876 0.4601 -0.0208
vn 0.8724 0.4876 0.0338
vn 0.8755 0.4791 0.0629
vn 0.9033 0.3142 -0.2920
vn 0.9067 0.3054 -0.2909
vn 0.9058 0.3002 -0.2990
vn 0.9070 0.2985 -0.2970
vn 0.8329 0.4014 -0.3809
vn 0.8855 0.2926 -0.3609
vn 0.8981 0.3628 -0.2486
vn 0.9016 0.3574 -0.2436
vn -0.2339 0.7963 -0.5579
vn -0.2391 0.7965 -0.5554
vn -0.2391 0.7962 -0.5559
vn -0.2407 0.7953 -0.5564
vn 0.2410 0.7977 -0.5528
vn 0.2395 0.7985 -0.5523
vn 0.2395 0.8001 -0.5501
vn 0.2345 0.7998 -0.5526
vn -0.9054 0.2894 -0.3106
vn -0.9042 0.2911 -0.3126
vn -0.9044 0.2919 -0.3113
vn -0.9011 0.3009 -0.3124
vn 0.8959 0.4286 -0.1173
vn 0.8995 0.4213 -0.1162
vn 0.8982 0.4265 -0.1060
vn 0.9007 0.4226 -0.1005
vn -0.2241 0.9171 -0.3298
vn -0.2201 0.9167 -0.3334
vn -0.2184 0.9237 -0.3148
vn -0.2348 0.9145 -0.3293
vn 0.2315 0.9155 -0.3291
vn 0.2144 0.9246 -0.3150
vn 0.2167 0.9182 -0.3316
vn 0.2208 0.9186 -0.3277
vn -0.8758 0.4787 0.0618
vn -0.8726 0.4874 0.0328
vn -0.8895 0.4558 -0.0316
vn -0.8911 0.4527 -0.0317
vn 0.9119 0.3465 -0.2199
vn 0.9083 0.3551 -0.2213
vn 0.9066 0.3913 -0.1579
vn 0.9105 0.3851 -0.1506
vn 0.3124 0.6183 -0.7212
vn 0.2625 0.5769 -0.7735
vn -0.2419 0.5847 -0.7743
vn -0.2933 0.6266 -0.7220
vn -0.2963 0.6815 -0.6691
vn -0.3234 0.6405 -0.6965
vn 0.3413 0.6295 -0.6980
vn 0.3124 0.6719 -0.6715
vn 0.2774 0.9581 -0.0708
vn 0.2689 0.9594 -0.0854
vn 0.2704 0.9387 0.2139
vn 0.2005 0.9448 0.2590
vn 0.3616 0.7330 0.5762
vn 0.3284 0.7610 0.5595
vn 0.8729 0.4441 0.2019
vn 0.8748 0.4410 0.2005
vn 0.6954 0.5406 0.4734
vn 0.7127 0.5758 0.4007
vn -0.3889 -0.9152 0.1052
vn -0.3918 -0.9142 0.1033
vn -0.3815 -0.9188 0.1014
vn -0.3843 -0.9178 0.0995
vn -0.3738 -0.9223 0.0976
vn -0.3768 -0.9214 0.0956
vn -0.3665 -0.9257 0.0936
vn -0.3690 -0.9249 0.0918
vn -0.4857 -0.8606 -0.1531
vn -0.2861 -0.9582 0.0003
vn -0.9504 0.2563 0.1761
vn -0.8955 -0.0423 0.4430
vn -0.7976 0.5657 0.2091
vn -0.7975 0.5681 0.2032
vn -0.8021 0.5578 0.2131
vn -0.8021 0.5595 0.2088
vn -0.8038 0.5534 0.2183
vn -0.8038 0.5555 0.2130
vn -0.7460 0.6265 0.2257
vn -0.7459 0.6282 0.2213
vn -0.7392 0.6331 0.2296
vn -0.7380 0.6350 0.2281
vn -0.7363 0.6352 0.2334
vn -0.7348 0.6374 0.2318
vn 0.3916 0.9143 -0.1031
vn 0.3886 0.9154 -0.1051
vn 0.3840 0.9180 -0.0994
vn 0.3812 0.9189 -0.1013
vn 0.3765 0.9215 -0.0955
vn 0.3737 0.9224 -0.0974
vn 0.3689 0.9249 -0.0916
vn 0.3662 0.9258 -0.0934
vn 0.2587 0.9655 0.0302
vn 0.4384 0.8794 0.1858
vn 0.8629 -0.1063 -0.4940
vn 0.9346 -0.3060 -0.1815
vn 0.7980 -0.5675 -0.2031
vn 0.7981 -0.5656 -0.2077
vn 0.8025 -0.5594 -0.2074
vn 0.8026 -0.5571 -0.2132
vn 0.8042 -0.5549 -0.2131
vn 0.8042 -0.5531 -0.2176
vn 0.7465 -0.6277 -0.2207
vn 0.7467 -0.6260 -0.2251
vn 0.7385 -0.6347 -0.2276
vn 0.7399 -0.6325 -0.2293
vn 0.7354 -0.6369 -0.2316
vn 0.7365 -0.6352 -0.2328
vn -0.5917 0.3200 0.7399
vn -0.5934 0.3189 0.7390
vn -0.6567 0.3582 -0.6636
vn -0.6578 0.3558 -0.6639
vn -0.6490 0.3569 -0.6719
vn -0.6500 0.3546 -0.6722
vn -0.6411 0.3556 -0.6801
vn -0.6421 0.3533 -0.6804
vn -0.6330 0.3542 -0.6883
vn -0.6340 0.3519 -0.6886
vn -0.5305 0.5443 -0.6498
vn -0.6067 0.3404 -0.7183
vn 0.0668 0.4116 -0.9089
vn -0.4326 0.3163 -0.8443
vn -0.0504 0.2463 -0.9679
vn -0.0448 0.2433 -0.9689
vn -0.0604 0.2402 -0.9688
vn -0.0558 0.2379 -0.9697
vn -0.0709 0.2341 -0.9696
vn -0.0659 0.2316 -0.9706
vn -0.0654 0.2543 -0.9649
vn -0.0600 0.2510 -0.9661
vn 0.2822 0.7087 -0.6466
vn 0.2833 0.7082 -0.6467
vn -0.2165 0.0215 -0.9760
vn -0.2140 0.0207 -0.9766
vn -0.5306 -0.8459 -0.0541
vn -0.5302 -0.8461 -0.0547
vn -0.2442 -0.6683 0.7027
vn -0.2439 -0.6688 0.7023
vn -0.0417 -0.4102 0.9111
vn -0.0398 -0.4128 0.9100
vn 0.0573 -0.2547 0.9653
vn 0.0618 -0.2598 0.9637
vn 0.0664 -0.2314 0.9706
vn 0.0702 -0.2349 0.9695
vn 0.0558 -0.2374 0.9698
vn 0.0600 -0.2414 0.9686
vn 0.0455 -0.2432 0.9689
vn 0.0495 -0.2471 0.9677
vn 0.0521 -0.2328 0.9711
vn 0.5144 -0.5013 0.6958
vn 0.6349 -0.3551 0.6862
vn 0.5210 -0.5186 0.6779
vn 0.6339 -0.3516 0.6889
vn 0.6324 -0.3538 0.6891
vn 0.6418 -0.3532 0.6807
vn 0.6405 -0.3551 0.6810
vn 0.6496 -0.3547 0.6725
vn 0.6483 -0.3566 0.6727
vn 0.6577 -0.3555 0.6641
vn 0.6559 -0.3580 0.6645
vn 0.0072 -0.4296 0.9030
vn 0.0077 -0.4266 0.9044
vn 0.0228 -0.4306 0.9022
vn 0.0232 -0.4280 0.9035
vn 0.0382 -0.4320 0.9011
vn 0.0388 -0.4285 0.9027
vn 0.0536 -0.4325 0.9001
vn 0.0542 -0.4296 0.9014
vn -0.0404 -0.4019 0.9148
vn -0.0891 -0.6227 0.7774
vn 0.6670 -0.7139 0.2132
vn 0.4944 -0.8672 -0.0595
vn 0.5566 -0.7423 -0.3732
vn 0.5581 -0.7415 -0.3724
vn 0.5558 -0.7535 -0.3511
vn 0.5571 -0.7529 -0.3504
vn 0.5552 -0.7614 -0.3347
vn 0.5560 -0.7610 -0.3342
vn 0.5635 -0.7176 -0.4094
vn 0.5644 -0.7172 -0.4088
vn 0.5635 -0.7197 -0.4056
vn 0.5611 -0.7189 -0.4104
vn 0.5611 -0.7188 -0.4104
vn 0.5605 -0.7185 -0.4117
vn -0.0076 0.4266 -0.9044
vn -0.0072 0.4296 -0.9030
vn -0.0233 0.4276 -0.9037
vn -0.0228 0.4307 -0.9022
vn -0.0388 0.4286 -0.9027
vn -0.0383 0.4316 -0.9013
vn -0.0543 0.4294 -0.9015
vn -0.0536 0.4325 -0.9000
vn 0.1334 0.5979 -0.7904
vn 0.0770 0.3899 -0.9176
vn -0.5068 0.8554 0.1067
vn -0.7429 0.6636 -0.0875
vn -0.5572 0.7419 0.3730
vn -0.5558 0.7426 0.3737
vn -0.5566 0.7531 0.3508
vn -0.5550 0.7539 0.3517
vn -0.5556 0.7611 0.3347
vn -0.5547 0.7616 0.3351
vn -0.5639 0.7172 0.4094
vn -0.5631 0.7176 0.4099
vn -0.5605 0.7190 0.4110
vn -0.5630 0.7198 0.4060
vn -0.5602 0.7187 0.4119
vn -0.5606 0.7188 0.4111
vn 0.9582 -0.2731 -0.0852
vn 0.9584 -0.2723 -0.0856
vn -0.2725 -0.9196 -0.2829
vn -0.2727 -0.9202 -0.2809
vn -0.2910 -0.9151 -0.2792
vn -0.2910 -0.9154 -0.2781
vn -0.3091 -0.9100 -0.2762
vn -0.3092 -0.9106 -0.2742
vn -0.3270 -0.9050 -0.2721
vn -0.3271 -0.9053 -0.2710
vn -0.3705 -0.8902 -0.2652
vn -0.3303 -0.8164 -0.4737
vn -0.5498 -0.7866 -0.2810
vn -0.8171 -0.3188 -0.4804
vn -0.8281 -0.4705 -0.3046
vn -0.8301 -0.4676 -0.3038
vn -0.8299 -0.4697 -0.3010
vn -0.8318 -0.4669 -0.3002
vn -0.8316 -0.4689 -0.2975
vn -0.8335 -0.4660 -0.2968
vn -0.8347 -0.4478 -0.3205
vn -0.8358 -0.4462 -0.3200
vn -0.6299 0.0923 -0.7712
vn -0.6313 0.0961 -0.7695
vn -0.8007 -0.5910 -0.0973
vn -0.8008 -0.5910 -0.0973
vn 0.0175 -0.6204 0.7841
vn 0.0170 -0.6203 0.7842
vn 0.6775 -0.0273 0.7351
vn 0.6759 -0.0267 0.7365
vn 0.8222 0.3012 0.4831
vn 0.8209 0.3023 0.4844
vn 0.8354 0.4434 0.3249
vn 0.8340 0.4449 0.3263
vn 0.8327 0.4670 0.2975
vn 0.8311 0.4690 0.2989
vn 0.8312 0.4677 0.3006
vn 0.8292 0.4702 0.3023
vn 0.8293 0.4687 0.3043
vn 0.8276 0.4706 0.3058
vn 0.8265 0.4825 0.2900
vn 0.3854 0.8162 0.4304
vn 0.3594 0.8171 0.4508
vn 0.3316 0.9039 0.2703
vn 0.3265 0.9055 0.2709
vn 0.3269 0.9050 0.2723
vn 0.3086 0.9108 0.2744
vn 0.3089 0.9103 0.2756
vn 0.2904 0.9157 0.2776
vn 0.2909 0.9150 0.2796
vn 0.2721 0.9202 0.2813
vn 0.2724 0.9196 0.2831
vn 0.3938 -0.4940 0.7752
vn 0.3971 -0.4899 0.7761
vn 0.4029 -0.4948 0.7699
vn 0.4063 -0.4906 0.7708
vn 0.4125 -0.4959 0.7642
vn 0.4173 -0.4900 0.7653
vn 0.4472 -0.5158 0.7307
vn 0.4587 -0.5031 0.7324
vn 0.4328 -0.4799 0.7631
vn 0.2354 -0.6492 0.7233
vn 0.4103 -0.9086 -0.0774
vn -0.0005 -0.9812 -0.1928
vn -0.1455 -0.8389 -0.5245
vn -0.1345 -0.8396 -0.5263
vn -0.1333 -0.8414 -0.5237
vn -0.1166 -0.8424 -0.5261
vn -0.1169 -0.8420 -0.5266
vn -0.0947 -0.8431 -0.5293
vn -0.1312 -0.7782 -0.6141
vn -0.1017 -0.7804 -0.6169
vn -0.1025 -0.7763 -0.6219
vn -0.0978 -0.7791 -0.6193
vn -0.0975 -0.7710 -0.6293
vn -0.0882 -0.7768 -0.6235
vn -0.3974 0.4900 -0.7759
vn -0.3943 0.4939 -0.7750
vn -0.4066 0.4907 -0.7706
vn -0.4032 0.4949 -0.7697
vn -0.4177 0.4901 -0.7651
vn -0.4128 0.4960 -0.7639
vn -0.4589 0.5033 -0.7322
vn -0.4475 0.5159 -0.7305
vn -0.2219 0.6183 -0.7539
vn -0.4138 0.4626 -0.7841
vn 0.0233 0.9708 0.2388
vn -0.4075 0.8840 0.2291
vn 0.1398 0.8389 0.5260
vn 0.1504 0.8382 0.5242
vn 0.1214 0.8413 0.5267
vn 0.1390 0.8402 0.5242
vn 0.0991 0.8418 0.5307
vn 0.1220 0.8405 0.5279
vn 0.1065 0.7783 0.6188
vn 0.1361 0.7759 0.6160
vn 0.1025 0.7766 0.6216
vn 0.1074 0.7738 0.6243
vn 0.0923 0.7745 0.6257
vn 0.1023 0.7684 0.6318
vn 0.6323 -0.5425 -0.5531
vn 0.6327 -0.5408 -0.5543
vn -0.6672 -0.7448 -0.0033
vn -0.6680 -0.7441 -0.0050
vn -0.6748 -0.7380 0.0011
vn -0.6756 -0.7372 -0.0008
vn -0.6829 -0.7304 0.0060
vn -0.6840 -0.7295 0.0038
vn -0.7181 -0.6949 0.0371
vn -0.7193 -0.6939 0.0349
vn -0.7639 -0.6399 0.0832
vn -0.8332 -0.5424 -0.1071
vn -0.8615 -0.4884 0.1389
vn -0.9980 -0.0005 0.0632
vn -0.9695 -0.1391 0.2016
vn -0.9693 -0.1432 0.1997
vn -0.9729 -0.1329 0.1894
vn -0.9726 -0.1389 0.1866
vn -0.9756 -0.1296 0.1773
vn -0.9751 -0.1382 0.1734
vn -0.9832 -0.1105 0.1450
vn -0.9829 -0.1192 0.1402
vn -0.8780 0.3375 -0.3394
vn -0.8777 0.3391 -0.3387
vn -0.9012 -0.2905 0.3218
vn -0.9001 -0.2956 0.3200
vn 0.2942 -0.6586 0.6926
vn 0.2925 -0.6577 0.6942
vn 0.9112 -0.2849 0.2974
vn 0.9112 -0.2848 0.2977
vn 0.9997 -0.0189 0.0167
vn 0.9997 -0.0217 0.0125
vn 0.9840 0.1179 -0.1338
vn 0.9837 0.1114 -0.1414
vn 0.9753 0.1401 -0.1710
vn 0.9751 0.1339 -0.1769
vn 0.9728 0.1410 -0.1840
vn 0.9726 0.1363 -0.1885
vn 0.9696 0.1450 -0.1973
vn 0.9694 0.1420 -0.2002
vn 0.9613 0.1636 -0.2216
vn 0.8454 0.5327 0.0402
vn 0.8386 0.5393 0.0771
vn 0.7437 0.6658 -0.0602
vn 0.7181 0.6951 -0.0335
vn 0.7166 0.6966 -0.0353
vn 0.6835 0.7299 -0.0032
vn 0.6822 0.7312 -0.0049
vn 0.6754 0.7374 0.0013
vn 0.6742 0.7385 -0.0003
vn 0.6678 0.7443 0.0055
vn 0.6664 0.7456 0.0037
vn 0.3978 -0.9114 0.1049
vn 0.3950 -0.9125 0.1067
vn 0.3904 -0.9151 0.1010
vn 0.3873 -0.9162 0.1030
vn 0.3827 -0.9187 0.0972
vn 0.3800 -0.9197 0.0990
vn 0.3752 -0.9222 0.0931
vn 0.3727 -0.9231 0.0948
vn 0.2943 -0.9557 0.0012
vn 0.4936 -0.8565 -0.1507
vn 0.8927 -0.0392 0.4489
vn 0.9483 0.2605 0.1811
vn 0.7922 0.5737 0.2079
vn 0.7923 0.5717 0.2128
vn 0.7970 0.5654 0.2125
vn 0.7970 0.5634 0.2177
vn 0.7988 0.5609 0.2176
vn 0.7987 0.5590 0.2227
vn 0.7399 0.6338 0.2255
vn 0.7401 0.6322 0.2294
vn 0.7317 0.6409 0.2319
vn 0.7333 0.6385 0.2337
vn 0.7289 0.6427 0.2359
vn 0.7297 0.6414 0.2368
vn -0.3946 0.9126 -0.1067
vn -0.3979 0.9115 -0.1045
vn -0.3873 0.9162 -0.1027
vn -0.3901 0.9152 -0.1009
vn -0.3797 0.9198 -0.0989
vn -0.3827 0.9188 -0.0969
vn -0.3724 0.9232 -0.0948
vn -0.3749 0.9224 -0.0931
vn -0.4472 0.8754 0.1837
vn -0.2671 0.9632 0.0291
vn -0.9320 -0.3110 -0.1861
vn -0.8586 -0.1101 -0.5007
vn -0.7928 -0.5712 -0.2125
vn -0.7927 -0.5733 -0.2073
vn -0.7975 -0.5630 -0.2170
vn -0.7974 -0.5649 -0.2121
vn -0.7992 -0.5586 -0.2221
vn -0.7992 -0.5606 -0.2169
vn -0.7406 -0.6317 -0.2288
vn -0.7405 -0.6332 -0.2250
vn -0.7338 -0.6381 -0.2332
vn -0.7323 -0.6405 -0.2313
vn -0.7302 -0.6411 -0.2363
vn -0.7293 -0.6424 -0.2354
vn 0.5825 0.3226 0.7461
vn 0.5809 0.3236 0.7469
vn 0.6615 0.3575 -0.6592
vn 0.6607 0.3595 -0.6590
vn 0.6540 0.3558 -0.6676
vn 0.6528 0.3584 -0.6674
vn 0.6460 0.3547 -0.6759
vn 0.6451 0.3567 -0.6757
vn 0.6381 0.3530 -0.6843
vn 0.6373 0.3549 -0.6840
vn 0.6114 0.3409 -0.7141
vn 0.5331 0.5455 -0.6468
vn 0.4398 0.3169 -0.8403
vn -0.0570 0.4114 -0.9097
vn 0.0568 0.2435 -0.9683
vn 0.0619 0.2462 -0.9672
vn 0.0674 0.2378 -0.9690
vn 0.0724 0.2404 -0.9680
vn 0.0780 0.2317 -0.9697
vn 0.0825 0.2340 -0.9687
vn 0.0713 0.2509 -0.9654
vn 0.0769 0.2543 -0.9641
vn -0.2806 0.7077 -0.6483
vn -0.2793 0.7085 -0.6481
vn 0.2269 0.0212 -0.9737
vn 0.2296 0.0221 -0.9730
vn 0.5369 -0.8420 -0.0526
vn 0.5371 -0.8419 -0.0523
vn 0.2401 -0.6685 0.7039
vn 0.2405 -0.6678 0.7044
vn 0.0306 -0.4126 0.9104
vn 0.0324 -0.4101 0.9115
vn -0.0733 -0.2597 0.9629
vn -0.0690 -0.2548 0.9645
vn -0.0821 -0.2351 0.9685
vn -0.0780 -0.2313 0.9698
vn -0.0715 -0.2412 0.9678
vn -0.0674 -0.2373 0.9691
vn -0.0611 -0.2470 0.9671
vn -0.0569 -0.2429 0.9684
vn -0.0636 -0.2325 0.9705
vn -0.5179 -0.5020 0.6927
vn -0.5242 -0.5195 0.6748
vn -0.6389 -0.3560 0.6819
vn -0.6366 -0.3548 0.6848
vn -0.6378 -0.3530 0.6845
vn -0.6443 -0.3566 0.6765
vn -0.6459 -0.3542 0.6762
vn -0.6523 -0.3577 0.6682
vn -0.6537 -0.3558 0.6679
vn -0.6599 -0.3592 0.6599
vn -0.6616 -0.3569 0.6595
vn 0.2269 -0.6675 0.7092
vn 0.2423 -0.6786 0.6934
vn 0.2083 -0.6580 0.7236
vn 0.2242 -0.6689 0.7088
vn 0.1992 -0.6491 0.7341
vn 0.2098 -0.6573 0.7238
vn 0.2105 -0.6439 0.7355
vn 0.2103 -0.6438 0.7357
vn 0.2428 -0.6521 0.7182
vn 0.2270 -0.6359 0.7377
vn 0.2532 -0.6650 0.7026
vn 0.2402 -0.6534 0.7179
vn 0.2493 -0.6578 0.7107
vn 0.2562 -0.6635 0.7030
vn 0.2619 -0.6535 0.7101
vn 0.2604 -0.6522 0.7119
vn 0.2705 -0.6503 0.7099
vn 0.2697 -0.6496 0.7109
vn 0.2766 -0.6462 0.7113
vn 0.2772 -0.6469 0.7104
vn 0.2834 -0.6443 0.7104
vn 0.2834 -0.6446 0.7101
vn 0.2883 -0.6437 0.7089
vn 0.2883 -0.6438 0.7089
vn -0.2429 0.6787 -0.6930
vn -0.2276 0.6676 -0.7088
vn -0.2248 0.6690 -0.7084
vn -0.2091 0.6582 -0.7232
vn -0.2105 0.6575 -0.7234
vn -0.2001 0.6495 -0.7336
vn -0.2104 0.6445 -0.7351
vn -0.2104 0.6445 -0.7350
vn -0.2261 0.6368 -0.7371
vn -0.2406 0.6517 -0.7193
vn -0.2381 0.6529 -0.7190
vn -0.2510 0.6644 -0.7040
vn -0.2547 0.6625 -0.7044
vn -0.2490 0.6578 -0.7108
vn -0.2598 0.6524 -0.7120
vn -0.2613 0.6537 -0.7102
vn -0.2692 0.6497 -0.7109
vn -0.2699 0.6504 -0.7101
vn -0.2767 0.6469 -0.7106
vn -0.2762 0.6464 -0.7113
vn -0.2828 0.6448 -0.7102
vn -0.2828 0.6442 -0.7106
vn -0.2876 0.6437 -0.7092
vn -0.2876 0.6438 -0.7091
vn -0.8807 -0.4658 -0.0867
vn -0.8807 -0.4656 -0.0867
vn 0.7072 -0.4660 -0.5317
vn 0.6980 -0.4423 -0.5631
vn 0.7255 -0.4635 -0.5088
vn 0.7213 -0.4517 -0.5250
vn 0.6914 -0.4990 -0.5224
vn 0.6909 -0.4976 -0.5244
vn 0.6366 -0.5375 -0.5529
vn 0.6397 -0.5453 -0.5417
vn 0.5950 -0.5418 -0.5937
vn 0.6046 -0.5631 -0.5634
vn 0.6296 -0.4848 -0.6071
vn 0.6397 -0.5071 -0.5776
vn 0.6622 -0.4671 -0.5859
vn 0.6592 -0.4606 -0.5945
vn 0.6381 -0.4832 -0.5994
vn 0.6394 -0.4859 -0.5958
vn 0.6261 -0.4945 -0.6028
vn 0.6254 -0.4931 -0.6048
vn 0.6002 -0.5161 -0.6110
vn 0.5992 -0.5141 -0.6137
vn 0.1553 -0.7138 -0.6829
vn 0.1552 -0.7136 -0.6832
vn 0.6818 -0.4598 -0.5690
vn 0.6812 -0.4590 -0.5704
vn 0.9272 0.3558 0.1173
vn 0.9269 0.3558 0.1193
vn -0.2174 0.6970 0.6834
vn -0.2174 0.6969 0.6834
vn -0.4900 0.5836 0.6475
vn -0.4904 0.5858 0.6452
vn -0.5949 0.5166 0.6158
vn -0.5954 0.5185 0.6138
vn -0.6236 0.4938 0.6060
vn -0.6240 0.4955 0.6042
vn -0.6387 0.4865 0.5962
vn -0.6378 0.4828 0.6001
vn -0.6578 0.4656 0.5920
vn -0.6588 0.4699 0.5875
vn -0.6444 0.5009 0.5778
vn -0.6399 0.4804 0.5997
vn -0.6067 0.5586 0.5656
vn -0.6019 0.5345 0.5933
vn -0.6379 0.5441 0.5451
vn -0.6364 0.5349 0.5558
vn -0.6874 0.4983 0.5284
vn -0.6876 0.4999 0.5266
vn -0.7173 0.4536 0.5289
vn -0.7194 0.4670 0.5142
vn -0.6939 0.4438 0.5670
vn -0.6990 0.4718 0.5374
vn 0.3938 -0.4941 0.7751
vn 0.3972 -0.4898 0.7761
vn 0.4030 -0.4948 0.7699
vn 0.4064 -0.4906 0.7708
vn 0.4127 -0.4959 0.7641
vn 0.4175 -0.4900 0.7652
vn 0.4475 -0.5159 0.7304
vn 0.4591 -0.5032 0.7321
vn 0.4331 -0.4799 0.7630
vn 0.2355 -0.6493 0.7232
vn 0.4101 -0.9087 -0.0774
vn -0.0008 -0.9812 -0.1928
vn -0.1460 -0.8388 -0.5245
vn -0.1348 -0.8396 -0.5263
vn -0.1337 -0.8413 -0.5237
vn -0.1171 -0.8424 -0.5261
vn -0.1173 -0.8420 -0.5266
vn -0.0950 -0.8431 -0.5293
vn -0.1315 -0.7781 -0.6143
vn -0.1018 -0.7803 -0.6170
vn -0.1025 -0.7764 -0.6218
vn -0.0984 -0.7788 -0.6195
vn -0.0981 -0.7708 -0.6295
vn -0.0881 -0.7770 -0.6233
vn -0.3974 0.4901 -0.7758
vn -0.3943 0.4940 -0.7749
vn -0.4067 0.4907 -0.7706
vn -0.4032 0.4950 -0.7697
vn -0.4178 0.4901 -0.7650
vn -0.4129 0.4961 -0.7638
vn -0.4593 0.5033 -0.7319
vn -0.4478 0.5161 -0.7302
vn -0.2219 0.6185 -0.7538
vn -0.4141 0.4626 -0.7839
vn 0.0236 0.9708 0.2388
vn -0.4075 0.8840 0.2292
vn 0.1396 0.8389 0.5260
vn 0.1508 0.8381 0.5242
vn 0.1220 0.8413 0.5267
vn 0.1388 0.8402 0.5242
vn 0.0995 0.8417 0.5307
vn 0.1225 0.8404 0.5279
vn 0.1065 0.7782 0.6189
vn 0.1366 0.7758 0.6160
vn 0.1031 0.7763 0.6219
vn 0.1073 0.7738 0.6242
vn 0.0926 0.7746 0.6257
vn 0.1029 0.7682 0.6319
vn 0.6324 -0.5423 -0.5531
vn 0.6327 -0.5411 -0.5540
vn -0.6672 -0.7449 -0.0031
vn -0.6681 -0.7440 -0.0051
vn -0.6749 -0.7379 0.0010
vn -0.6758 -0.7371 -0.0009
vn -0.6831 -0.7303 0.0059
vn -0.6841 -0.7294 0.0039
vn -0.7183 -0.6947 0.0374
vn -0.7194 -0.6937 0.0354
vn -0.7639 -0.6399 0.0836
vn -0.8333 -0.5423 -0.1069
vn -0.8615 -0.4883 0.1390
vn -0.9980 -0.0006 0.0634
vn -0.9693 -0.1430 0.1998
vn -0.9729 -0.1326 0.1895
vn -0.9725 -0.1390 0.1866
vn -0.9756 -0.1297 0.1772
vn -0.9751 -0.1380 0.1735
vn -0.9832 -0.1104 0.1451
vn -0.9829 -0.1190 0.1402
vn -0.8780 0.3376 -0.3393
vn -0.8777 0.3393 -0.3386
vn -0.9012 -0.2903 0.3219
vn 0.2943 -0.6587 0.6924
vn 0.9113 -0.2849 0.2974
vn 0.9997 -0.0192 0.0166
vn 0.9997 -0.0219 0.0125
vn 0.9840 0.1177 -0.1338
vn 0.9837 0.1112 -0.1414
vn 0.9753 0.1400 -0.1710
vn 0.9751 0.1338 -0.1770
vn 0.9727 0.1409 -0.1841
vn 0.9726 0.1363 -0.1886
vn 0.9694 0.1421 -0.2002
vn 0.9613 0.1637 -0.2216
vn 0.8454 0.5327 0.0401
vn 0.8386 0.5393 0.0767
vn 0.7436 0.6659 -0.0608
vn 0.7181 0.6951 -0.0341
vn 0.7169 0.6963 -0.0355
vn 0.6837 0.7298 -0.0032
vn 0.6823 0.7310 -0.0049
vn 0.6756 0.7373 0.0014
vn 0.6744 0.7384 -0.0001
vn 0.6680 0.7441 0.0056
vn 0.6664 0.7456 0.0036
vt 0.198300 0.682080
vt 0.193300 0.686680
vt 0.192860 0.685980
vt 0.198740 0.682780
vt 0.187770 0.690510
vt 0.187340 0.689810
vt 0.182100 0.694220
vt 0.181680 0.693530
vt 0.175810 0.697530
vt 0.175420 0.696850
vt 0.169190 0.700980
vt 0.168950 0.700110
vt 0.166790 0.700780
vt 0.167080 0.699910
vt 0.186800 0.643570
vt 0.187430 0.637990
vt 0.188300 0.638230
vt 0.185930 0.643330
vt 0.188840 0.632650
vt 0.189710 0.632890
vt 0.190170 0.627320
vt 0.191050 0.627550
vt 0.191180 0.622100
vt 0.192060 0.622180
vt 0.189430 0.619140
vt 0.191970 0.619000
vt 0.190350 0.617280
vt 0.191240 0.617520
vt 0.198550 0.636610
vt 0.203560 0.632010
vt 0.198110 0.635910
vt 0.204000 0.632720
vt 0.209090 0.628180
vt 0.209520 0.628880
vt 0.214770 0.624470
vt 0.215180 0.625160
vt 0.221060 0.621160
vt 0.221450 0.621840
vt 0.228470 0.617340
vt 0.228710 0.618210
vt 0.231620 0.618340
vt 0.021660 0.611200
vt 0.020660 0.613800
vt 0.021530 0.614040
vt 0.020030 0.619380
vt 0.019160 0.619140
vt 0.018630 0.624720
vt 0.017760 0.624480
vt 0.017310 0.630060
vt 0.016440 0.629820
vt 0.016320 0.635270
vt 0.015430 0.635200
vt 0.018070 0.638240
vt 0.015540 0.638370
vt 0.017150 0.640090
vt 0.016260 0.639860
vt 0.329680 0.809910
vt 0.328590 0.810020
vt 0.328970 0.809340
vt 0.329300 0.810590
vt 0.090470 0.307320
vt 0.092010 0.302350
vt 0.091330 0.301870
vt 0.091150 0.307800
vt 0.092870 0.296810
vt 0.092180 0.296350
vt 0.093720 0.291130
vt 0.093040 0.290670
vt 0.094550 0.284840
vt 0.093870 0.284390
vt 0.096500 0.277440
vt 0.095280 0.277770
vt 0.093960 0.274280
vt 0.093680 0.275370
vt 0.088620 0.271790
vt 0.088340 0.272870
vt 0.083280 0.269280
vt 0.083000 0.270340
vt 0.077940 0.266760
vt 0.077660 0.267810
vt 0.072730 0.264990
vt 0.072450 0.266010
vt 0.069770 0.263670
vt 0.069480 0.264690
vt 0.067910 0.263140
vt 0.067630 0.264150
vt 0.178240 0.685330
vt 0.177430 0.684420
vt 0.178430 0.684430
vt 0.177230 0.685310
vt 0.180080 0.317230
vt 0.178310 0.317610
vt 0.178590 0.316600
vt 0.179790 0.318240
vt 0.175130 0.316440
vt 0.175420 0.315420
vt 0.169760 0.314580
vt 0.170040 0.313530
vt 0.164420 0.312040
vt 0.164700 0.310980
vt 0.159080 0.309510
vt 0.159360 0.308430
vt 0.153740 0.307000
vt 0.154020 0.305920
vt 0.151140 0.304370
vt 0.152360 0.304050
vt 0.152810 0.297120
vt 0.153500 0.297580
vt 0.153650 0.290850
vt 0.154330 0.291320
vt 0.154500 0.285190
vt 0.155180 0.285660
vt 0.155360 0.279670
vt 0.156040 0.280140
vt 0.156220 0.274220
vt 0.156900 0.274700
vt 0.633350 0.641830
vt 0.625830 0.631010
vt 0.634580 0.641320
vt 0.624730 0.631480
vt 0.616500 0.621170
vt 0.615530 0.621600
vt 0.607510 0.610940
vt 0.606610 0.611340
vt 0.599250 0.600080
vt 0.598370 0.600480
vt 0.591750 0.589090
vt 0.590800 0.589510
vt 0.583900 0.578530
vt 0.582800 0.579000
vt 0.575660 0.568500
vt 0.574600 0.568950
vt 0.567930 0.558480
vt 0.566870 0.558930
vt 0.560590 0.548460
vt 0.559540 0.548890
vt 0.553970 0.538680
vt 0.552790 0.538770
vt 0.553580 0.533250
vt 0.549920 0.532820
vt 0.550550 0.529730
vt 0.549540 0.530100
vt 0.564690 0.536590
vt 0.572170 0.547440
vt 0.573270 0.546980
vt 0.563460 0.537100
vt 0.581470 0.557310
vt 0.582450 0.556880
vt 0.590450 0.567530
vt 0.591350 0.567130
vt 0.598730 0.578390
vt 0.599610 0.577990
vt 0.606260 0.589380
vt 0.607220 0.588960
vt 0.614180 0.599930
vt 0.615260 0.599460
vt 0.622420 0.609980
vt 0.623480 0.609530
vt 0.630160 0.620000
vt 0.631220 0.619560
vt 0.637510 0.630030
vt 0.638560 0.629610
vt 0.644130 0.639830
vt 0.645320 0.639740
vt 0.644520 0.645270
vt 0.648190 0.645690
vt 0.647560 0.648790
vt 0.648570 0.648420
vt 0.055640 0.657620
vt 0.056460 0.659230
vt 0.056650 0.658000
vt 0.055450 0.658850
vt 0.440210 0.507000
vt 0.450280 0.513090
vt 0.439940 0.508010
vt 0.450530 0.512080
vt 0.402520 0.879550
vt 0.396440 0.888430
vt 0.401510 0.879130
vt 0.397450 0.888880
vt 0.222690 0.380620
vt 0.232690 0.386700
vt 0.222470 0.381630
vt 0.232920 0.385690
vt 0.243550 0.391800
vt 0.243770 0.390790
vt 0.254540 0.396920
vt 0.254760 0.395910
vt 0.265090 0.402030
vt 0.265330 0.401020
vt 0.275140 0.407120
vt 0.275360 0.406120
vt 0.285160 0.412240
vt 0.285370 0.411230
vt 0.295190 0.417360
vt 0.295390 0.416350
vt 0.304990 0.422300
vt 0.305180 0.421300
vt 0.310430 0.424080
vt 0.310610 0.423070
vt 0.313950 0.426100
vt 0.314130 0.425100
vt 0.206270 0.682580
vt 0.205070 0.683280
vt 0.205270 0.682270
vt 0.206070 0.683590
vt 0.031090 0.294640
vt 0.034000 0.294590
vt 0.031270 0.293630
vt 0.033810 0.295600
vt 0.039950 0.297290
vt 0.039760 0.298290
vt 0.050080 0.302370
vt 0.049880 0.303380
vt 0.060130 0.307500
vt 0.059910 0.308510
vt 0.070160 0.312610
vt 0.069940 0.313620
vt 0.080230 0.317710
vt 0.079990 0.318720
vt 0.090730 0.322810
vt 0.090500 0.323820
vt 0.101700 0.327930
vt 0.101470 0.328940
vt 0.112560 0.333030
vt 0.112330 0.334040
vt 0.122810 0.338100
vt 0.122590 0.339110
vt 0.404990 0.844460
vt 0.400930 0.854080
vt 0.406000 0.844900
vt 0.399920 0.853670
vt 0.005000 0.554980
vt 0.015630 0.559060
vt 0.005240 0.553970
vt 0.015350 0.560060
vt 0.226210 0.304530
vt 0.225430 0.311110
vt 0.224620 0.310810
vt 0.227030 0.304830
vt 0.223670 0.317360
vt 0.222860 0.317050
vt 0.221740 0.323580
vt 0.220930 0.323260
vt 0.219640 0.329750
vt 0.218840 0.329430
vt 0.217860 0.336160
vt 0.216980 0.335610
vt 0.216030 0.337370
vt 0.215510 0.336530
vt 0.684460 0.626170
vt 0.683300 0.620600
vt 0.684140 0.620820
vt 0.683610 0.625960
vt 0.682920 0.615240
vt 0.683750 0.615450
vt 0.682470 0.609870
vt 0.683310 0.610090
vt 0.682200 0.604630
vt 0.682990 0.604680
vt 0.680020 0.601700
vt 0.682210 0.601510
vt 0.680440 0.599820
vt 0.681260 0.600040
vt 0.099770 0.318240
vt 0.100540 0.311650
vt 0.098940 0.317940
vt 0.101350 0.311960
vt 0.102300 0.305400
vt 0.103110 0.305710
vt 0.104240 0.299180
vt 0.105040 0.299490
vt 0.106340 0.293000
vt 0.107130 0.293320
vt 0.108340 0.285870
vt 0.109220 0.286420
vt 0.111360 0.284840
vt 0.722280 0.604180
vt 0.723020 0.606780
vt 0.723860 0.607000
vt 0.724170 0.612360
vt 0.723330 0.612140
vt 0.724550 0.617720
vt 0.723720 0.617500
vt 0.724990 0.623090
vt 0.724160 0.622870
vt 0.725260 0.628330
vt 0.724470 0.628280
vt 0.727430 0.631250
vt 0.725240 0.631450
vt 0.727020 0.633130
vt 0.726190 0.632920
vt 0.304920 0.995000
vt 0.304790 0.993560
vt 0.305480 0.994180
vt 0.304230 0.994380
vt 0.698180 0.690830
vt 0.691890 0.692490
vt 0.691890 0.691800
vt 0.698170 0.691510
vt 0.685630 0.693460
vt 0.685640 0.692780
vt 0.679410 0.694430
vt 0.679430 0.693740
vt 0.673230 0.695390
vt 0.673250 0.694710
vt 0.666110 0.697500
vt 0.666850 0.696260
vt 0.692080 0.556190
vt 0.693330 0.556580
vt 0.690790 0.553570
vt 0.690500 0.554360
vt 0.685440 0.550380
vt 0.685150 0.551170
vt 0.680070 0.547030
vt 0.679780 0.547820
vt 0.674710 0.543540
vt 0.674410 0.544330
vt 0.669470 0.540770
vt 0.669170 0.541560
vt 0.666540 0.540770
vt 0.666250 0.541560
vt 0.664660 0.539390
vt 0.664370 0.540180
vt 0.322930 0.895300
vt 0.321630 0.895010
vt 0.322420 0.894470
vt 0.322140 0.895840
vt 0.057520 0.319190
vt 0.055760 0.319870
vt 0.056050 0.319090
vt 0.057230 0.319980
vt 0.052590 0.318670
vt 0.052880 0.317880
vt 0.047180 0.315830
vt 0.047470 0.315050
vt 0.041810 0.312350
vt 0.042110 0.311560
vt 0.036450 0.308990
vt 0.036740 0.308210
vt 0.031090 0.305800
vt 0.031380 0.305020
vt 0.722460 0.607070
vt 0.721540 0.605430
vt 0.715390 0.606010
vt 0.715360 0.606700
vt 0.709210 0.606980
vt 0.709190 0.607660
vt 0.703000 0.607940
vt 0.702980 0.608630
vt 0.696750 0.608920
vt 0.696740 0.609600
vt 0.690460 0.609890
vt 0.690460 0.610580
vt 0.792810 0.675260
vt 0.772520 0.669610
vt 0.800040 0.669610
vt 0.772460 0.678260
vt 0.742100 0.679270
vt 0.742390 0.669480
vt 0.742290 0.659680
vt 0.772490 0.660950
vt 0.792820 0.663970
vt 0.723130 0.669190
vt 0.722890 0.677520
vt 0.708270 0.676030
vt 0.708470 0.668890
vt 0.708390 0.661730
vt 0.723040 0.660860
vt 0.668780 0.679560
vt 0.640600 0.668260
vt 0.669160 0.668450
vt 0.640150 0.680110
vt 0.614110 0.679080
vt 0.614730 0.668100
vt 0.614380 0.657030
vt 0.640300 0.656400
vt 0.668940 0.657340
vt 0.573490 0.664580
vt 0.577520 0.668170
vt 0.572160 0.668160
vt 0.577390 0.661960
vt 0.583650 0.659850
vt 0.584010 0.668160
vt 0.809090 0.669610
vt 0.799920 0.676520
vt 0.799940 0.662690
vt 0.471710 0.220970
vt 0.468470 0.241420
vt 0.467640 0.213860
vt 0.474390 0.241310
vt 0.476210 0.271500
vt 0.469390 0.271720
vt 0.469970 0.290960
vt 0.475880 0.290760
vt 0.475570 0.305410
vt 0.470410 0.305600
vt 0.479830 0.344860
vt 0.472470 0.373950
vt 0.471600 0.345200
vt 0.481050 0.373500
vt 0.481060 0.399420
vt 0.473260 0.400260
vt 0.479220 0.419800
vt 0.474020 0.425710
vt 0.473860 0.420340
vt 0.481140 0.425040
vt 0.482610 0.430150
vt 0.474180 0.430910
vt 0.474350 0.436800
vt 0.480670 0.436410
vt 0.478000 0.440300
vt 0.474500 0.441760
vt 0.485520 0.554590
vt 0.489100 0.551140
vt 0.485170 0.551090
vt 0.489100 0.554840
vt 0.005000 0.219940
vt 0.013580 0.224240
vt 0.013420 0.219020
vt 0.006460 0.225050
vt 0.008380 0.230330
vt 0.013740 0.229670
vt 0.013930 0.236070
vt 0.007780 0.236960
vt 0.006550 0.250730
vt 0.014340 0.249710
vt 0.007780 0.305400
vt 0.016680 0.327190
vt 0.016010 0.305010
vt 0.010170 0.327470
vt 0.012040 0.344890
vt 0.017200 0.344650
vt 0.011400 0.378720
vt 0.019140 0.408950
vt 0.018220 0.378440
vt 0.013220 0.409080
vt 0.015900 0.429430
vt 0.019970 0.436540
vt 0.691120 0.668650
vt 0.690860 0.677480
vt 0.690990 0.659820
vt 0.470940 0.323050
vt 0.477450 0.322810
vt 0.017640 0.359250
vt 0.011730 0.359500
vt 0.601090 0.668020
vt 0.600340 0.676690
vt 0.593710 0.675070
vt 0.594310 0.668020
vt 0.594000 0.660830
vt 0.600660 0.659210
vt 0.473670 0.413890
vt 0.479830 0.413140
vt 0.015150 0.276270
vt 0.006570 0.276770
vt 0.589110 0.668090
vt 0.588440 0.675780
vt 0.583320 0.676320
vt 0.588750 0.660250
vt 0.577180 0.674300
vt 0.573440 0.671740
vt 0.492680 0.554590
vt 0.493010 0.551090
vt 0.009610 0.210050
vt 0.013250 0.213280
vt 0.013110 0.208590
vt 0.006940 0.213800
vt 0.623420 0.569040
vt 0.643870 0.574700
vt 0.643840 0.566030
vt 0.616240 0.574690
vt 0.623410 0.580340
vt 0.643810 0.583360
vt 0.674040 0.584620
vt 0.674040 0.574830
vt 0.674230 0.565040
vt 0.693320 0.575110
vt 0.693460 0.566790
vt 0.693310 0.583440
vt 0.707970 0.582560
vt 0.707990 0.575420
vt 0.708080 0.568280
vt 0.747670 0.564750
vt 0.776180 0.576050
vt 0.776440 0.564210
vt 0.747430 0.575860
vt 0.747520 0.586960
vt 0.776290 0.587900
vt 0.802370 0.587210
vt 0.802130 0.576210
vt 0.802690 0.565320
vt 0.833010 0.584370
vt 0.839010 0.576130
vt 0.832670 0.576150
vt 0.839070 0.582310
vt 0.842760 0.579720
vt 0.485520 0.547510
vt 0.489100 0.547330
vt 0.489100 0.542500
vt 0.606950 0.574690
vt 0.616110 0.581600
vt 0.616130 0.567770
vt 0.462560 0.271790
vt 0.462550 0.241560
vt 0.464010 0.221160
vt 0.465250 0.305720
vt 0.464050 0.291060
vt 0.465440 0.400120
vt 0.463880 0.374040
vt 0.463360 0.345270
vt 0.465710 0.430760
vt 0.466880 0.425560
vt 0.468470 0.420210
vt 0.470920 0.440510
vt 0.468030 0.436820
vt 0.019130 0.229880
vt 0.020730 0.224490
vt 0.021890 0.219270
vt 0.022170 0.249980
vt 0.020120 0.236340
vt 0.022360 0.344580
vt 0.023190 0.327140
vt 0.024250 0.304990
vt 0.023600 0.429240
vt 0.025060 0.408820
vt 0.025050 0.378430
vt 0.725380 0.575660
vt 0.725390 0.584490
vt 0.725530 0.566830
vt 0.464420 0.323140
vt 0.023560 0.359200
vt 0.815590 0.576280
vt 0.815970 0.585020
vt 0.822460 0.583420
vt 0.822180 0.576290
vt 0.822780 0.569310
vt 0.816330 0.567710
vt 0.467480 0.413720
vt 0.023730 0.276230
vt 0.827470 0.576230
vt 0.828180 0.568630
vt 0.827810 0.583980
vt 0.833400 0.568100
vt 0.839320 0.570060
vt 0.492660 0.547510
vt 0.842830 0.572580
vt 0.019580 0.213340
vt 0.016690 0.209830
vt 0.511270 0.283710
vt 0.517030 0.286700
vt 0.516540 0.287450
vt 0.511750 0.282960
vt 0.522200 0.290480
vt 0.521700 0.291240
vt 0.527270 0.294300
vt 0.526760 0.295060
vt 0.532230 0.298170
vt 0.531710 0.298930
vt 0.536920 0.302550
vt 0.536380 0.303000
vt 0.644280 0.774050
vt 0.644920 0.771420
vt 0.645570 0.772200
vt 0.643490 0.773520
vt 0.648790 0.767850
vt 0.649440 0.768620
vt 0.652740 0.764290
vt 0.653390 0.765070
vt 0.656750 0.760780
vt 0.657400 0.761550
vt 0.660220 0.757650
vt 0.660950 0.758290
vt 0.660220 0.754360
vt 0.662460 0.755960
vt 0.661950 0.753680
vt 0.662590 0.754440
vt 0.075280 0.298350
vt 0.069520 0.295360
vt 0.074800 0.299100
vt 0.070010 0.294610
vt 0.064350 0.291580
vt 0.064850 0.290820
vt 0.059290 0.287750
vt 0.059800 0.287000
vt 0.054330 0.283890
vt 0.054850 0.283130
vt 0.049360 0.278620
vt 0.049900 0.278180
vt 0.132290 0.283390
vt 0.130400 0.286540
vt 0.133090 0.283930
vt 0.129760 0.285760
vt 0.126530 0.290120
vt 0.125890 0.289340
vt 0.122580 0.293680
vt 0.121940 0.292910
vt 0.118570 0.297200
vt 0.117930 0.296430
vt 0.115100 0.300340
vt 0.114370 0.299700
vt 0.115110 0.303630
vt 0.112860 0.302030
vt 0.113380 0.304320
vt 0.454630 0.436730
vt 0.456160 0.435560
vt 0.456920 0.435400
vt 0.209300 0.657490
vt 0.208980 0.656230
vt 0.208550 0.656920
vt 0.209730 0.656800
vt 0.349040 0.909350
vt 0.347730 0.904480
vt 0.348420 0.904070
vt 0.348350 0.909760
vt 0.069110 0.295790
vt 0.063930 0.292010
vt 0.058870 0.288190
vt 0.053910 0.284330
vt 0.049220 0.279940
vt 0.046750 0.279570
vt 0.047120 0.280370
vt 0.614710 0.885400
vt 0.617860 0.881210
vt 0.618650 0.881530
vt 0.613910 0.885070
vt 0.621770 0.877260
vt 0.622560 0.877580
vt 0.625650 0.873250
vt 0.626440 0.873570
vt 0.382390 0.988560
vt 0.378850 0.991900
vt 0.379260 0.992700
vt 0.382000 0.987770
vt 0.375570 0.994210
vt 0.375970 0.995000
vt 0.179770 0.988050
vt 0.180480 0.985990
vt 0.181280 0.986310
vt 0.178970 0.987720
vt 0.456510 0.434600
vt 0.455750 0.434770
vt 0.454220 0.435930
vt 0.452290 0.439240
vt 0.451890 0.438440
vt 0.449030 0.443500
vt 0.448640 0.442700
vt 0.391220 0.926830
vt 0.395890 0.923140
vt 0.395100 0.922820
vt 0.392020 0.927150
vt 0.399800 0.919190
vt 0.399000 0.918870
vt 0.403740 0.915330
vt 0.402950 0.915000
vt 0.404990 0.912790
vt 0.538230 0.302270
vt 0.536240 0.304320
vt 0.531290 0.299360
vt 0.526340 0.295500
vt 0.521290 0.291670
vt 0.516120 0.287890
vt 0.198730 0.737520
vt 0.198800 0.731840
vt 0.198110 0.732250
vt 0.199420 0.737110
vt 0.518140 0.601820
vt 0.517440 0.595240
vt 0.518970 0.601520
vt 0.516620 0.595540
vt 0.515740 0.588980
vt 0.514930 0.589280
vt 0.513880 0.582750
vt 0.513070 0.583060
vt 0.511850 0.576560
vt 0.511050 0.576880
vt 0.510140 0.570140
vt 0.509250 0.570690
vt 0.508320 0.568920
vt 0.507790 0.569760
vt 0.243340 0.551360
vt 0.244500 0.545790
vt 0.244190 0.551150
vt 0.243660 0.546010
vt 0.244900 0.540430
vt 0.244060 0.540640
vt 0.245350 0.535060
vt 0.244520 0.535270
vt 0.245630 0.529820
vt 0.244840 0.529870
vt 0.247800 0.526890
vt 0.245620 0.526690
vt 0.247390 0.525010
vt 0.246570 0.525230
vt 0.520790 0.503990
vt 0.521490 0.510570
vt 0.522310 0.510270
vt 0.519970 0.504280
vt 0.523190 0.516840
vt 0.524000 0.516530
vt 0.525050 0.523070
vt 0.525860 0.522760
vt 0.527090 0.529260
vt 0.527890 0.528950
vt 0.529020 0.536400
vt 0.529900 0.535860
vt 0.528630 0.966050
vt 0.527040 0.968860
vt 0.527890 0.968650
vt 0.532020 0.537450
vt 0.526730 0.974220
vt 0.527570 0.974010
vt 0.526340 0.979590
vt 0.527170 0.979370
vt 0.525900 0.984960
vt 0.526720 0.984740
vt 0.525620 0.990190
vt 0.526410 0.990150
vt 0.523450 0.993120
vt 0.525630 0.993320
vt 0.523860 0.995000
vt 0.524680 0.994790
vt 0.160390 0.727370
vt 0.160520 0.728820
vt 0.161080 0.728000
vt 0.159830 0.728200
vt 0.419060 0.523840
vt 0.425350 0.525490
vt 0.419060 0.524520
vt 0.425350 0.524810
vt 0.431620 0.526460
vt 0.431610 0.525770
vt 0.437850 0.527420
vt 0.437830 0.526740
vt 0.444040 0.528380
vt 0.444020 0.527690
vt 0.451180 0.530490
vt 0.450440 0.529240
vt 0.535130 0.978250
vt 0.536420 0.980850
vt 0.533880 0.977850
vt 0.536710 0.980060
vt 0.541780 0.984030
vt 0.542070 0.983250
vt 0.547140 0.987390
vt 0.547440 0.986600
vt 0.552510 0.990870
vt 0.552800 0.990090
vt 0.557750 0.993640
vt 0.558040 0.992850
vt 0.560680 0.993620
vt 0.560970 0.992830
vt 0.562560 0.995000
vt 0.562850 0.994220
vt 0.272480 0.757570
vt 0.271180 0.757850
vt 0.271700 0.757030
vt 0.271960 0.758400
vt 0.486910 0.491990
vt 0.488670 0.491300
vt 0.487200 0.491200
vt 0.488380 0.492080
vt 0.491850 0.492500
vt 0.491550 0.493280
vt 0.497250 0.495330
vt 0.496960 0.496110
vt 0.502620 0.498810
vt 0.502330 0.499590
vt 0.507980 0.502160
vt 0.507690 0.502940
vt 0.513340 0.505350
vt 0.513050 0.506130
vt 0.528450 0.968940
vt 0.529370 0.967290
vt 0.535540 0.967880
vt 0.535570 0.968560
vt 0.541730 0.968830
vt 0.541750 0.969520
vt 0.547960 0.969790
vt 0.547970 0.970480
vt 0.554220 0.970760
vt 0.554230 0.971450
vt 0.560510 0.971730
vt 0.560510 0.972420
vt 0.665700 0.746220
vt 0.660740 0.741590
vt 0.666150 0.745510
vt 0.660300 0.742300
vt 0.655260 0.737740
vt 0.654830 0.738440
vt 0.649700 0.733960
vt 0.649280 0.734660
vt 0.643630 0.730520
vt 0.643230 0.731200
vt 0.637170 0.726970
vt 0.636920 0.727840
vt 0.634790 0.727150
vt 0.635060 0.728020
vt 0.059020 0.361730
vt 0.058400 0.356150
vt 0.059890 0.361490
vt 0.057520 0.356390
vt 0.056980 0.350810
vt 0.056100 0.351050
vt 0.055640 0.345470
vt 0.054760 0.345710
vt 0.054600 0.340260
vt 0.053710 0.340330
vt 0.056350 0.337290
vt 0.053790 0.337160
vt 0.055410 0.335440
vt 0.054510 0.335670
vt 0.059380 0.326450
vt 0.064340 0.331080
vt 0.064780 0.330370
vt 0.058930 0.327160
vt 0.069820 0.334930
vt 0.070260 0.334230
vt 0.075400 0.338710
vt 0.075820 0.338010
vt 0.081470 0.342150
vt 0.081870 0.341470
vt 0.088700 0.346070
vt 0.088950 0.345200
vt 0.495610 0.329360
vt 0.495710 0.332200
vt 0.496590 0.331960
vt 0.091850 0.345100
vt 0.497210 0.337540
vt 0.498080 0.337300
vt 0.498610 0.342880
vt 0.499490 0.342640
vt 0.499950 0.348220
vt 0.500830 0.347980
vt 0.500970 0.353430
vt 0.501860 0.353350
vt 0.499220 0.356400
vt 0.501780 0.356530
vt 0.500160 0.358250
vt 0.501050 0.358010
vt 0.272920 0.695080
vt 0.274000 0.695200
vt 0.273290 0.695770
vt 0.273630 0.694510
vt 0.673880 0.598050
vt 0.672340 0.602970
vt 0.673200 0.597570
vt 0.673020 0.603450
vt 0.671480 0.608460
vt 0.672170 0.608930
vt 0.670630 0.614030
vt 0.671320 0.614500
vt 0.669800 0.620110
vt 0.670480 0.620570
vt 0.667850 0.627340
vt 0.669070 0.627030
vt 0.670390 0.630480
vt 0.670670 0.629410
vt 0.675720 0.632990
vt 0.676000 0.631920
vt 0.681060 0.635540
vt 0.681350 0.634490
vt 0.686400 0.638110
vt 0.686680 0.637070
vt 0.691610 0.639950
vt 0.691900 0.638940
vt 0.694580 0.641260
vt 0.694870 0.640250
vt 0.696440 0.641830
vt 0.696720 0.640830
vt 0.075580 0.684420
vt 0.074760 0.685330
vt 0.074590 0.684430
vt 0.075760 0.685320
vt 0.182450 0.298210
vt 0.184220 0.297840
vt 0.182740 0.297220
vt 0.183940 0.298840
vt 0.187390 0.299050
vt 0.187110 0.300060
vt 0.192770 0.300990
vt 0.192490 0.302020
vt 0.198110 0.303580
vt 0.197830 0.304630
vt 0.203450 0.306140
vt 0.203170 0.307210
vt 0.208790 0.308660
vt 0.208510 0.309730
vt 0.211390 0.311280
vt 0.210160 0.311590
vt 0.209710 0.318370
vt 0.209030 0.317910
vt 0.208880 0.324420
vt 0.208200 0.323950
vt 0.208020 0.329980
vt 0.207340 0.329500
vt 0.207170 0.335450
vt 0.206490 0.334980
vt 0.206310 0.340850
vt 0.205630 0.340370
vt 0.660890 0.731550
vt 0.666700 0.728590
vt 0.661360 0.732300
vt 0.666220 0.727830
vt 0.671940 0.724830
vt 0.671450 0.724070
vt 0.677070 0.721030
vt 0.676580 0.720270
vt 0.682090 0.717180
vt 0.681590 0.716420
vt 0.686860 0.712820
vt 0.686330 0.712370
vt 0.134640 0.306920
vt 0.134000 0.309540
vt 0.135430 0.307450
vt 0.133350 0.308760
vt 0.130130 0.313040
vt 0.129490 0.312270
vt 0.126180 0.316530
vt 0.125540 0.315750
vt 0.122170 0.319970
vt 0.121530 0.319200
vt 0.118700 0.323030
vt 0.117980 0.322390
vt 0.118720 0.326280
vt 0.116470 0.324670
vt 0.116990 0.326940
vt 0.116340 0.326180
vt 0.514020 0.303390
vt 0.508210 0.306350
vt 0.508690 0.307100
vt 0.513550 0.302640
vt 0.502970 0.310110
vt 0.503460 0.310870
vt 0.497850 0.313910
vt 0.498340 0.314670
vt 0.492830 0.317760
vt 0.493330 0.318520
vt 0.487760 0.323010
vt 0.488290 0.323460
vt 0.216300 0.577460
vt 0.218190 0.574340
vt 0.218840 0.575120
vt 0.215510 0.576930
vt 0.222060 0.570830
vt 0.222700 0.571600
vt 0.226000 0.567330
vt 0.226650 0.568110
vt 0.230010 0.563880
vt 0.230660 0.564650
vt 0.233480 0.560810
vt 0.234210 0.561460
vt 0.233470 0.557560
vt 0.235720 0.559170
vt 0.310120 0.773660
vt 0.312390 0.775000
vt 0.311630 0.774830
vt 0.235200 0.556900
vt 0.255960 0.977610
vt 0.256270 0.976350
vt 0.255520 0.976920
vt 0.256710 0.977040
vt 0.302500 0.820880
vt 0.303810 0.825820
vt 0.303180 0.820480
vt 0.303120 0.826230
vt 0.304420 0.831060
vt 0.303730 0.831470
vt 0.502560 0.309670
vt 0.497430 0.313470
vt 0.492410 0.317310
vt 0.487640 0.321680
vt 0.485170 0.322040
vt 0.485560 0.321250
vt 0.364760 0.960210
vt 0.361580 0.956020
vt 0.365550 0.959880
vt 0.360790 0.956340
vt 0.357650 0.952070
vt 0.356850 0.952400
vt 0.353740 0.948060
vt 0.352950 0.948390
vt 0.300520 0.757600
vt 0.297040 0.754240
vt 0.300110 0.758400
vt 0.297460 0.753440
vt 0.293800 0.751920
vt 0.294220 0.751120
vt 0.046520 0.968910
vt 0.045810 0.966850
vt 0.047320 0.968580
vt 0.045010 0.967180
vt 0.311970 0.775790
vt 0.311210 0.775620
vt 0.309700 0.774450
vt 0.307830 0.771130
vt 0.307420 0.771930
vt 0.304640 0.766850
vt 0.304230 0.767640
vt 0.258950 0.650210
vt 0.254250 0.646520
vt 0.258150 0.650530
vt 0.255040 0.646200
vt 0.250320 0.642580
vt 0.251120 0.642250
vt 0.246360 0.638710
vt 0.247150 0.638380
vt 0.245080 0.636170
vt 0.688170 0.713110
vt 0.686210 0.711040
vt 0.681180 0.715980
vt 0.676170 0.719830
vt 0.671040 0.723630
vt 0.226630 0.714370
vt 0.226560 0.720010
vt 0.225950 0.714780
vt 0.227250 0.719600
vt 0.227180 0.725340
vt 0.227870 0.724940
vt 0.292250 0.453720
vt 0.284190 0.464260
vt 0.283120 0.463800
vt 0.293450 0.454220
vt 0.274700 0.474050
vt 0.273750 0.473620
vt 0.265730 0.484380
vt 0.264850 0.483980
vt 0.257690 0.495300
vt 0.256810 0.494910
vt 0.250460 0.506280
vt 0.249470 0.505870
vt 0.242610 0.516750
vt 0.241490 0.516280
vt 0.234420 0.526730
vt 0.233350 0.526280
vt 0.226800 0.536720
vt 0.225740 0.536280
vt 0.219510 0.546670
vt 0.218460 0.546250
vt 0.212930 0.556400
vt 0.211750 0.556320
vt 0.212550 0.561780
vt 0.208910 0.562230
vt 0.209550 0.565280
vt 0.208550 0.564930
vt 0.242800 0.977610
vt 0.250830 0.967040
vt 0.241600 0.977110
vt 0.251900 0.967500
vt 0.260300 0.957240
vt 0.261250 0.957660
vt 0.269260 0.946910
vt 0.270150 0.947310
vt 0.277320 0.935990
vt 0.278200 0.936380
vt 0.284610 0.925000
vt 0.285600 0.925420
vt 0.292510 0.914540
vt 0.293620 0.915010
vt 0.300700 0.904550
vt 0.301760 0.905000
vt 0.308330 0.894550
vt 0.309390 0.894990
vt 0.315630 0.884590
vt 0.316670 0.885000
vt 0.322200 0.874840
vt 0.323380 0.874920
vt 0.322580 0.869450
vt 0.326230 0.869010
vt 0.325590 0.865950
vt 0.326590 0.866310
vt 0.006000 0.888880
vt 0.005190 0.887290
vt 0.006190 0.887680
vt 0.005000 0.888490
vt 0.276400 0.770180
vt 0.282490 0.761350
vt 0.281480 0.760920
vt 0.277410 0.770570
vt 0.287560 0.751880
vt 0.286550 0.751430
vt 0.398950 0.867620
vt 0.388850 0.873720
vt 0.388620 0.872710
vt 0.399180 0.868630
vt 0.377930 0.878840
vt 0.377700 0.877830
vt 0.366940 0.883970
vt 0.366720 0.882970
vt 0.356480 0.889090
vt 0.356250 0.888090
vt 0.346480 0.894200
vt 0.346260 0.893200
vt 0.336490 0.899330
vt 0.336280 0.898330
vt 0.326530 0.904470
vt 0.326330 0.903460
vt 0.316780 0.909430
vt 0.316600 0.908420
vt 0.311390 0.911210
vt 0.311220 0.910200
vt 0.307890 0.913240
vt 0.307710 0.912230
vt 0.206810 0.961640
vt 0.208010 0.960940
vt 0.207000 0.960640
vt 0.207810 0.961950
vt 0.253110 0.623320
vt 0.250230 0.623280
vt 0.250410 0.624290
vt 0.252930 0.622320
vt 0.244310 0.625990
vt 0.244500 0.626990
vt 0.234240 0.631090
vt 0.234440 0.632090
vt 0.224250 0.636220
vt 0.224460 0.637230
vt 0.214240 0.641350
vt 0.214460 0.642360
vt 0.204230 0.646460
vt 0.204460 0.647470
vt 0.193820 0.651580
vt 0.194050 0.652590
vt 0.182860 0.656710
vt 0.183090 0.657720
vt 0.171930 0.661830
vt 0.172160 0.662840
vt 0.161570 0.666920
vt 0.161800 0.667930
vt 0.275670 0.878440
vt 0.279730 0.868640
vt 0.280740 0.869060
vt 0.274660 0.877990
vt 0.269350 0.842040
vt 0.259000 0.846120
vt 0.259270 0.847120
vt 0.269110 0.841030
vt 0.056790 0.647050
vt 0.051840 0.642430
vt 0.057240 0.646350
vt 0.051390 0.643130
vt 0.046350 0.638580
vt 0.045920 0.639270
vt 0.040790 0.634800
vt 0.040370 0.635490
vt 0.034710 0.631350
vt 0.034320 0.632040
vt 0.028250 0.627810
vt 0.028000 0.628680
vt 0.025870 0.627990
vt 0.026140 0.628860
vt 0.010300 0.650530
vt 0.009680 0.644950
vt 0.011180 0.650290
vt 0.008810 0.645190
vt 0.008270 0.639620
vt 0.007390 0.639850
vt 0.006930 0.634280
vt 0.006040 0.634510
vt 0.005890 0.629060
vt 0.005000 0.629140
vt 0.007640 0.626090
vt 0.005080 0.625960
vt 0.006700 0.624240
vt 0.005800 0.624480
vt 0.047200 0.975390
vt 0.052160 0.980010
vt 0.052600 0.979310
vt 0.046750 0.976100
vt 0.057650 0.983870
vt 0.058080 0.983170
vt 0.063220 0.987650
vt 0.063640 0.986950
vt 0.069300 0.991090
vt 0.069700 0.990410
vt 0.076540 0.995000
vt 0.076780 0.994140
vt 0.015430 0.917400
vt 0.015540 0.920240
vt 0.016410 0.920000
vt 0.079680 0.994030
vt 0.017030 0.925580
vt 0.017900 0.925340
vt 0.018440 0.930920
vt 0.019310 0.930680
vt 0.019770 0.936260
vt 0.020650 0.936020
vt 0.020790 0.941470
vt 0.021680 0.941400
vt 0.019050 0.944440
vt 0.021600 0.944570
vt 0.019980 0.946290
vt 0.020880 0.946050
vt 0.017170 0.994320
vt 0.018260 0.994440
vt 0.017550 0.995000
vt 0.017880 0.993750
vt 0.268510 0.700690
vt 0.266970 0.705610
vt 0.267830 0.700200
vt 0.267660 0.706090
vt 0.266120 0.711100
vt 0.266800 0.711570
vt 0.265270 0.716670
vt 0.265950 0.717140
vt 0.264430 0.722760
vt 0.265110 0.723220
vt 0.262480 0.729990
vt 0.263710 0.729670
vt 0.265020 0.733130
vt 0.265300 0.732060
vt 0.270360 0.735640
vt 0.270640 0.734570
vt 0.275700 0.738190
vt 0.275980 0.737130
vt 0.281040 0.740750
vt 0.281320 0.739720
vt 0.286250 0.742600
vt 0.286530 0.741580
vt 0.289220 0.743910
vt 0.289500 0.742900
vt 0.291070 0.744480
vt 0.291360 0.743480
vt 0.028610 0.994100
vt 0.027790 0.995000
vt 0.027610 0.994110
vt 0.028790 0.995000
vt 0.265960 0.825350
vt 0.267730 0.824980
vt 0.266250 0.824360
vt 0.267440 0.825980
vt 0.270900 0.826190
vt 0.270620 0.827200
vt 0.276280 0.828130
vt 0.276000 0.829160
vt 0.281620 0.830720
vt 0.281340 0.831770
vt 0.286960 0.833280
vt 0.286680 0.834350
vt 0.292300 0.835800
vt 0.292020 0.836870
vt 0.294900 0.838420
vt 0.293670 0.838730
vt 0.293220 0.845510
vt 0.292540 0.845050
vt 0.292380 0.851560
vt 0.291700 0.851100
vt 0.291530 0.857120
vt 0.290850 0.856650
vt 0.290680 0.862600
vt 0.290000 0.862120
vt 0.289820 0.868000
vt 0.289140 0.867520
vt 0.283550 0.883440
vt 0.275490 0.893980
vt 0.274430 0.893520
vt 0.284750 0.883940
vt 0.266000 0.903770
vt 0.265050 0.903340
vt 0.257030 0.914100
vt 0.256150 0.913700
vt 0.248990 0.925020
vt 0.248110 0.924630
vt 0.241760 0.936000
vt 0.240770 0.935590
vt 0.233910 0.946470
vt 0.232790 0.946000
vt 0.225720 0.956460
vt 0.224650 0.956000
vt 0.218100 0.966440
vt 0.217040 0.966000
vt 0.210810 0.976390
vt 0.209760 0.975980
vt 0.204240 0.986120
vt 0.203060 0.986040
vt 0.203860 0.991500
vt 0.200210 0.991950
vt 0.200850 0.995000
vt 0.199850 0.994650
vt 0.213230 0.995000
vt 0.221250 0.984440
vt 0.212030 0.994500
vt 0.222320 0.984900
vt 0.230720 0.974630
vt 0.231680 0.975060
vt 0.239680 0.964310
vt 0.240570 0.964710
vt 0.247740 0.953380
vt 0.248630 0.953780
vt 0.255040 0.942400
vt 0.256020 0.942820
vt 0.262930 0.931940
vt 0.264050 0.932410
vt 0.271120 0.921940
vt 0.272180 0.922400
vt 0.278750 0.911950
vt 0.279810 0.912390
vt 0.286050 0.901990
vt 0.287090 0.902400
vt 0.292630 0.892240
vt 0.293810 0.892320
vt 0.293010 0.886850
vt 0.296650 0.886400
vt 0.296010 0.883340
vt 0.297020 0.883700
vt 0.039060 0.995000
vt 0.038240 0.993410
vt 0.039250 0.993810
vt 0.038050 0.994610
vt 0.185930 0.994610
vt 0.192020 0.985780
vt 0.191010 0.985350
vt 0.186940 0.995000
vt 0.197090 0.976310
vt 0.196080 0.975860
vt 0.264990 0.684950
vt 0.254890 0.691050
vt 0.254660 0.690040
vt 0.265210 0.685960
vt 0.243960 0.696160
vt 0.243740 0.695150
vt 0.232980 0.701300
vt 0.232760 0.700290
vt 0.222520 0.706420
vt 0.222290 0.705410
vt 0.212520 0.711530
vt 0.212300 0.710520
vt 0.202530 0.716660
vt 0.202320 0.715650
vt 0.192570 0.721790
vt 0.192370 0.720790
vt 0.182820 0.726750
vt 0.182630 0.725740
vt 0.177430 0.728530
vt 0.177260 0.727520
vt 0.173920 0.730560
vt 0.173750 0.729550
vt 0.229430 0.749390
vt 0.230630 0.748690
vt 0.229620 0.748390
vt 0.230430 0.749700
vt 0.230490 0.682480
vt 0.227620 0.682430
vt 0.227800 0.683440
vt 0.230320 0.681470
vt 0.221700 0.685140
vt 0.221890 0.686140
vt 0.211620 0.690240
vt 0.211820 0.691240
vt 0.201630 0.695380
vt 0.201840 0.696380
vt 0.191620 0.700500
vt 0.191850 0.701510
vt 0.181610 0.705620
vt 0.181840 0.706620
vt 0.171200 0.710730
vt 0.171430 0.711740
vt 0.160240 0.715870
vt 0.160470 0.716880
vt 0.149310 0.720980
vt 0.149540 0.721990
vt 0.138960 0.726070
vt 0.139180 0.727080
vt 0.289590 0.826250
vt 0.293650 0.816440
vt 0.294660 0.816870
vt 0.288580 0.825800
vt 0.297180 0.767230
vt 0.286840 0.771310
vt 0.287110 0.772310
vt 0.296940 0.766220
vt 0.241200 0.614000
vt 0.236250 0.609370
vt 0.241660 0.613290
vt 0.235810 0.610080
vt 0.230770 0.605520
vt 0.230330 0.606220
vt 0.225200 0.601740
vt 0.224780 0.602430
vt 0.219130 0.598300
vt 0.218730 0.598980
vt 0.212670 0.594750
vt 0.212420 0.595620
vt 0.210290 0.594930
vt 0.210560 0.595810
vt 0.069460 0.676630
vt 0.068840 0.671050
vt 0.070330 0.676390
vt 0.067960 0.671290
vt 0.067420 0.665710
vt 0.066540 0.665950
vt 0.066080 0.660370
vt 0.065190 0.660610
vt 0.065040 0.655160
vt 0.064150 0.655230
vt 0.066790 0.652190
vt 0.064230 0.652060
vt 0.065850 0.650340
vt 0.064950 0.650570
vt 0.356880 0.898840
vt 0.361840 0.903460
vt 0.362280 0.902760
vt 0.356430 0.899550
vt 0.367330 0.907320
vt 0.367760 0.906620
vt 0.372900 0.911100
vt 0.373320 0.910400
vt 0.378980 0.914540
vt 0.379370 0.913860
vt 0.386210 0.918450
vt 0.386460 0.917590
vt 0.339030 0.825190
vt 0.339140 0.828030
vt 0.340010 0.827790
vt 0.389360 0.917480
vt 0.340630 0.833370
vt 0.341500 0.833130
vt 0.342030 0.838710
vt 0.342910 0.838470
vt 0.343370 0.844050
vt 0.344250 0.843810
vt 0.344390 0.849260
vt 0.345280 0.849190
vt 0.342640 0.852230
vt 0.345200 0.852360
vt 0.343580 0.854080
vt 0.344470 0.853850
vt 0.208550 0.952570
vt 0.209630 0.952680
vt 0.208920 0.953250
vt 0.209250 0.952000
vt 0.566010 0.930340
vt 0.564470 0.935260
vt 0.565330 0.929850
vt 0.565150 0.935740
vt 0.563620 0.940750
vt 0.564300 0.941220
vt 0.562770 0.946320
vt 0.563450 0.946790
vt 0.561930 0.952400
vt 0.562610 0.952860
vt 0.559980 0.959640
vt 0.561210 0.959320
vt 0.562520 0.962780
vt 0.562800 0.961710
vt 0.567860 0.965290
vt 0.568140 0.964220
vt 0.573200 0.967840
vt 0.573480 0.966780
vt 0.578540 0.970400
vt 0.578820 0.969370
vt 0.583750 0.972250
vt 0.584030 0.971230
vt 0.586720 0.973560
vt 0.587000 0.972550
vt 0.588570 0.974130
vt 0.588860 0.973130
vt 0.086020 0.720960
vt 0.085200 0.721860
vt 0.085020 0.720970
vt 0.086200 0.721860
vt 0.572160 0.948880
vt 0.573930 0.948510
vt 0.572440 0.947880
vt 0.573640 0.949500
vt 0.577100 0.949720
vt 0.576820 0.950720
vt 0.582480 0.951650
vt 0.582200 0.952680
vt 0.587820 0.954240
vt 0.587540 0.955290
vt 0.593160 0.956800
vt 0.592880 0.957870
vt 0.598500 0.959320
vt 0.598210 0.960400
vt 0.601100 0.961940
vt 0.599870 0.962260
vt 0.599420 0.969030
vt 0.598740 0.968570
vt 0.598580 0.975090
vt 0.597900 0.974620
vt 0.597730 0.980650
vt 0.597050 0.980170
vt 0.596880 0.986120
vt 0.596190 0.985650
vt 0.596020 0.991520
vt 0.595340 0.991040
vt 0.250220 0.488730
vt 0.249520 0.482150
vt 0.251040 0.488440
vt 0.248700 0.482450
vt 0.247820 0.475890
vt 0.247010 0.476200
vt 0.245950 0.469670
vt 0.245150 0.469980
vt 0.243920 0.463480
vt 0.243120 0.463790
vt 0.242210 0.457060
vt 0.241330 0.457600
vt 0.240400 0.455830
vt 0.239860 0.456680
vt 0.575640 0.941070
vt 0.576800 0.935500
vt 0.576480 0.940860
vt 0.575960 0.935710
vt 0.577190 0.930130
vt 0.576360 0.930350
vt 0.577640 0.924770
vt 0.576810 0.924980
vt 0.577920 0.919530
vt 0.577130 0.919580
vt 0.580100 0.916600
vt 0.577910 0.916400
vt 0.579690 0.914720
vt 0.578860 0.914930
vt 0.572980 0.582280
vt 0.573680 0.588860
vt 0.574500 0.588560
vt 0.572160 0.582570
vt 0.575380 0.595130
vt 0.576190 0.594820
vt 0.577250 0.601360
vt 0.578050 0.601050
vt 0.579280 0.607550
vt 0.580080 0.607240
vt 0.581210 0.614690
vt 0.582090 0.614150
vt 0.038020 0.390180
vt 0.036430 0.393000
vt 0.037270 0.392790
vt 0.584210 0.615740
vt 0.036120 0.398360
vt 0.036960 0.398150
vt 0.035730 0.403730
vt 0.036560 0.403510
vt 0.035280 0.409090
vt 0.036110 0.408880
vt 0.035010 0.414330
vt 0.035800 0.414280
vt 0.032830 0.417260
vt 0.035020 0.417460
vt 0.033240 0.419140
vt 0.034070 0.418930
vt 0.275220 0.748250
vt 0.275350 0.749700
vt 0.275900 0.748870
vt 0.274660 0.749070
vt 0.405140 0.511660
vt 0.411440 0.513320
vt 0.405140 0.512340
vt 0.411430 0.512630
vt 0.417700 0.514280
vt 0.417690 0.513600
vt 0.423930 0.515250
vt 0.423920 0.514560
vt 0.430130 0.516200
vt 0.430100 0.515520
vt 0.437270 0.518310
vt 0.436520 0.517060
vt 0.265470 0.430220
vt 0.266760 0.432820
vt 0.264220 0.429820
vt 0.267050 0.432040
vt 0.272120 0.436010
vt 0.272410 0.435220
vt 0.277480 0.439360
vt 0.277770 0.438580
vt 0.282850 0.442840
vt 0.283140 0.442060
vt 0.288090 0.445610
vt 0.288380 0.444830
vt 0.291020 0.445590
vt 0.291310 0.444800
vt 0.292900 0.446980
vt 0.293190 0.446200
vt 0.095030 0.721030
vt 0.093720 0.721320
vt 0.094240 0.720490
vt 0.094510 0.721860
vt 0.231160 0.413700
vt 0.232920 0.413010
vt 0.231460 0.412910
vt 0.232630 0.413790
vt 0.236100 0.414210
vt 0.235810 0.414990
vt 0.241500 0.417040
vt 0.241210 0.417820
vt 0.246870 0.420520
vt 0.246580 0.421300
vt 0.252240 0.423870
vt 0.251950 0.424660
vt 0.257600 0.427060
vt 0.257300 0.427840
vt 0.037840 0.393080
vt 0.038760 0.391430
vt 0.044930 0.392010
vt 0.044960 0.392700
vt 0.051120 0.392970
vt 0.051140 0.393660
vt 0.057350 0.393930
vt 0.057360 0.394620
vt 0.063600 0.394900
vt 0.063610 0.395590
vt 0.069890 0.395870
vt 0.069890 0.396560
vt 0.568680 0.639340
vt 0.574490 0.636380
vt 0.569150 0.640090
vt 0.574010 0.635620
vt 0.579730 0.632620
vt 0.579250 0.631860
vt 0.584860 0.628820
vt 0.584370 0.628060
vt 0.589890 0.624980
vt 0.589380 0.624210
vt 0.594650 0.620610
vt 0.594120 0.620160
vt 0.240760 0.494810
vt 0.240120 0.497430
vt 0.241560 0.495340
vt 0.239480 0.496650
vt 0.236260 0.500930
vt 0.235610 0.500160
vt 0.232310 0.504420
vt 0.231660 0.503650
vt 0.228300 0.507870
vt 0.227660 0.507100
vt 0.224830 0.510930
vt 0.224110 0.510280
vt 0.224840 0.514170
vt 0.222590 0.512570
vt 0.223110 0.514830
vt 0.222470 0.514070
vt 0.607970 0.632200
vt 0.602160 0.635170
vt 0.602640 0.635920
vt 0.607500 0.631450
vt 0.596920 0.638930
vt 0.597410 0.639680
vt 0.591790 0.642730
vt 0.592290 0.643490
vt 0.586770 0.646570
vt 0.587280 0.647330
vt 0.581710 0.651820
vt 0.582240 0.652270
vt 0.534680 0.960210
vt 0.536570 0.957090
vt 0.537210 0.957860
vt 0.533880 0.959680
vt 0.540430 0.953580
vt 0.541080 0.954350
vt 0.544380 0.950080
vt 0.545030 0.950850
vt 0.548390 0.946630
vt 0.549030 0.947400
vt 0.551860 0.943560
vt 0.552590 0.944210
vt 0.551850 0.940310
vt 0.554100 0.941920
vt 0.372760 0.954590
vt 0.375020 0.955930
vt 0.374270 0.955760
vt 0.553580 0.939650
vt 0.278570 0.821030
vt 0.278890 0.819770
vt 0.278140 0.820340
vt 0.279330 0.820460
vt 0.083280 0.686920
vt 0.084600 0.691860
vt 0.083970 0.686520
vt 0.083910 0.692270
vt 0.085210 0.697100
vt 0.084520 0.697500
vt 0.596510 0.638490
vt 0.591380 0.642290
vt 0.586360 0.646130
vt 0.581590 0.650500
vt 0.579120 0.650850
vt 0.579500 0.650060
vt 0.055090 0.634870
vt 0.051900 0.630680
vt 0.055880 0.634550
vt 0.051110 0.631010
vt 0.047970 0.626730
vt 0.047180 0.627060
vt 0.044070 0.622730
vt 0.043270 0.623050
vt 0.375330 0.900260
vt 0.371850 0.896900
vt 0.374920 0.901060
vt 0.372270 0.896110
vt 0.368610 0.894580
vt 0.369030 0.893780
vt 0.281390 0.977610
vt 0.280680 0.975550
vt 0.282190 0.977280
vt 0.279880 0.975870
vt 0.374600 0.956730
vt 0.373840 0.956560
vt 0.372330 0.955390
vt 0.370470 0.952070
vt 0.370050 0.952860
vt 0.367270 0.947780
vt 0.366870 0.948580
vt 0.027560 0.580610
vt 0.022860 0.576930
vt 0.026760 0.580940
vt 0.023650 0.576610
vt 0.018940 0.572990
vt 0.019730 0.572660
vt 0.014970 0.569120
vt 0.015760 0.568790
vt 0.013690 0.566580
vt 0.595960 0.620900
vt 0.594000 0.618840
vt 0.588970 0.623770
vt 0.583960 0.627620
vt 0.578840 0.631420
vt 0.176180 0.639560
vt 0.176110 0.645200
vt 0.175490 0.639970
vt 0.176800 0.644790
vt 0.176730 0.650530
vt 0.177420 0.650130
vt 0.615840 0.913470
vt 0.610840 0.918070
vt 0.610400 0.917360
vt 0.616290 0.914170
vt 0.605320 0.921900
vt 0.604890 0.921200
vt 0.599640 0.925610
vt 0.599230 0.924920
vt 0.593350 0.928920
vt 0.592970 0.928240
vt 0.586740 0.932370
vt 0.586500 0.931500
vt 0.584340 0.932170
vt 0.584620 0.931300
vt 0.487780 0.419140
vt 0.488410 0.413570
vt 0.489280 0.413800
vt 0.486910 0.418900
vt 0.489820 0.408230
vt 0.490690 0.408460
vt 0.491150 0.402890
vt 0.492030 0.403120
vt 0.492160 0.397670
vt 0.493040 0.397750
vt 0.490410 0.394710
vt 0.492950 0.394570
vt 0.491330 0.392850
vt 0.492220 0.393090
vt 0.586520 0.911500
vt 0.591530 0.906890
vt 0.586080 0.910790
vt 0.591970 0.907600
vt 0.597060 0.903060
vt 0.597490 0.903770
vt 0.602740 0.899350
vt 0.603150 0.900050
vt 0.609030 0.896040
vt 0.609420 0.896720
vt 0.616440 0.892230
vt 0.616670 0.893100
vt 0.619590 0.893230
vt 0.604480 0.687750
vt 0.603480 0.690350
vt 0.604350 0.690590
vt 0.602850 0.695930
vt 0.601980 0.695690
vt 0.601450 0.701270
vt 0.600580 0.701030
vt 0.600130 0.706610
vt 0.599260 0.706370
vt 0.599140 0.711820
vt 0.598260 0.711750
vt 0.600890 0.714790
vt 0.598360 0.714920
vt 0.599970 0.716640
vt 0.599080 0.716410
vt 0.282700 0.968230
vt 0.281620 0.968340
vt 0.282000 0.967660
vt 0.282330 0.968910
vt 0.615880 0.989310
vt 0.617420 0.984330
vt 0.616740 0.983860
vt 0.616560 0.989790
vt 0.618280 0.978800
vt 0.617590 0.978330
vt 0.619130 0.973120
vt 0.618450 0.972660
vt 0.619960 0.966830
vt 0.619280 0.966370
vt 0.621910 0.959430
vt 0.620690 0.959760
vt 0.619370 0.956270
vt 0.619090 0.957360
vt 0.614030 0.953780
vt 0.613750 0.954860
vt 0.608690 0.951260
vt 0.608410 0.952330
vt 0.603350 0.948750
vt 0.603070 0.949790
vt 0.598140 0.946980
vt 0.597860 0.948000
vt 0.595180 0.945660
vt 0.594890 0.946680
vt 0.593320 0.945130
vt 0.593040 0.946140
vt 0.286110 0.732300
vt 0.285290 0.731390
vt 0.286300 0.731410
vt 0.285100 0.732280
vt 0.641110 0.755650
vt 0.639350 0.756030
vt 0.639630 0.755020
vt 0.640830 0.756660
vt 0.636170 0.754860
vt 0.636460 0.753840
vt 0.630800 0.753000
vt 0.631080 0.751950
vt 0.625460 0.750460
vt 0.625740 0.749400
vt 0.620120 0.747930
vt 0.620400 0.746850
vt 0.614780 0.745420
vt 0.615060 0.744340
vt 0.612170 0.742790
vt 0.613400 0.742470
vt 0.613850 0.735540
vt 0.614530 0.736000
vt 0.614690 0.729270
vt 0.615370 0.729740
vt 0.615540 0.723610
vt 0.616220 0.724080
vt 0.616400 0.718090
vt 0.617080 0.718560
vt 0.617260 0.712640
vt 0.617940 0.713120
vt 0.073110 0.354990
vt 0.072340 0.361560
vt 0.071520 0.361260
vt 0.073930 0.355280
vt 0.070570 0.367810
vt 0.069760 0.367500
vt 0.068640 0.374030
vt 0.067830 0.373710
vt 0.066540 0.380200
vt 0.065740 0.379880
vt 0.064760 0.386610
vt 0.063880 0.386060
vt 0.062930 0.387830
vt 0.062410 0.386980
vt 0.479160 0.535710
vt 0.478010 0.530130
vt 0.478850 0.530350
vt 0.478320 0.535490
vt 0.477620 0.524770
vt 0.478460 0.524980
vt 0.477180 0.519400
vt 0.478010 0.519620
vt 0.476910 0.514160
vt 0.477700 0.514210
vt 0.474730 0.511240
vt 0.476920 0.511040
vt 0.475140 0.509360
vt 0.475970 0.509570
vt 0.623430 0.739260
vt 0.624210 0.732680
vt 0.622610 0.738960
vt 0.625020 0.732980
vt 0.625970 0.726420
vt 0.626780 0.726730
vt 0.627910 0.720200
vt 0.628710 0.720510
vt 0.630000 0.714020
vt 0.630800 0.714340
vt 0.632010 0.706890
vt 0.632890 0.707440
vt 0.635020 0.705860
vt 0.657910 0.691170
vt 0.658650 0.693770
vt 0.659490 0.693990
vt 0.659800 0.699340
vt 0.658960 0.699130
vt 0.660180 0.704710
vt 0.659350 0.704490
vt 0.660620 0.710070
vt 0.659790 0.709860
vt 0.660890 0.715310
vt 0.660100 0.715260
vt 0.663060 0.718240
vt 0.660870 0.718440
vt 0.662650 0.720120
vt 0.661820 0.719910
vt 0.287520 0.876700
vt 0.287390 0.875250
vt 0.288080 0.875880
vt 0.286840 0.876080
vt 0.447650 0.482050
vt 0.441360 0.483720
vt 0.441370 0.483030
vt 0.447650 0.482740
vt 0.435100 0.484690
vt 0.435120 0.484000
vt 0.428880 0.485660
vt 0.428900 0.484970
vt 0.422700 0.486620
vt 0.422730 0.485930
vt 0.415580 0.488730
vt 0.416320 0.487490
vt 0.264100 0.385690
vt 0.265350 0.386090
vt 0.262810 0.383080
vt 0.262520 0.383860
vt 0.257450 0.379890
vt 0.257160 0.380670
vt 0.252090 0.376530
vt 0.251800 0.377320
vt 0.246720 0.373040
vt 0.246430 0.373830
vt 0.241480 0.370280
vt 0.241190 0.371060
vt 0.238560 0.370280
vt 0.238270 0.371070
vt 0.236680 0.368890
vt 0.236380 0.369680
vt 0.256820 0.709140
vt 0.255520 0.708860
vt 0.256310 0.708320
vt 0.256030 0.709680
vt 0.638600 0.547100
vt 0.636840 0.547780
vt 0.637140 0.546990
vt 0.638310 0.547890
vt 0.633670 0.546570
vt 0.633960 0.545790
vt 0.628260 0.543740
vt 0.628550 0.542950
vt 0.622900 0.540260
vt 0.623180 0.539470
vt 0.617530 0.536900
vt 0.617820 0.536110
vt 0.612170 0.533710
vt 0.612470 0.532930
vt 0.658090 0.694060
vt 0.657170 0.692420
vt 0.651010 0.693000
vt 0.650990 0.693690
vt 0.644840 0.693970
vt 0.644820 0.694650
vt 0.638630 0.694930
vt 0.638610 0.695620
vt 0.632370 0.695900
vt 0.632360 0.696590
vt 0.626090 0.696880
vt 0.626090 0.697570
vt 0.031090 0.353300
vt 0.036850 0.356290
vt 0.036360 0.357040
vt 0.031580 0.352550
vt 0.042030 0.360070
vt 0.041530 0.360830
vt 0.047090 0.363900
vt 0.046590 0.364650
vt 0.052050 0.367760
vt 0.051540 0.368520
vt 0.056740 0.372140
vt 0.056200 0.372590
vt 0.604270 0.941070
vt 0.604910 0.938440
vt 0.605550 0.939220
vt 0.603470 0.940530
vt 0.608780 0.934860
vt 0.609420 0.935640
vt 0.612730 0.931310
vt 0.613370 0.932080
vt 0.616740 0.927800
vt 0.617380 0.928570
vt 0.620210 0.924670
vt 0.620940 0.925310
vt 0.620200 0.921380
vt 0.622450 0.922980
vt 0.621930 0.920700
vt 0.622580 0.921460
vt 0.651140 0.613250
vt 0.645380 0.610260
vt 0.650660 0.614000
vt 0.645870 0.609510
vt 0.640210 0.606470
vt 0.640710 0.605720
vt 0.635150 0.602650
vt 0.635660 0.601890
vt 0.630200 0.598790
vt 0.630710 0.598030
vt 0.625220 0.593520
vt 0.625760 0.593070
vt 0.097500 0.352980
vt 0.095600 0.356130
vt 0.098290 0.353520
vt 0.094960 0.355350
vt 0.091730 0.359710
vt 0.091090 0.358930
vt 0.087790 0.363270
vt 0.087140 0.362500
vt 0.083780 0.366790
vt 0.083130 0.366020
vt 0.080300 0.369930
vt 0.079580 0.369290
vt 0.080310 0.373220
vt 0.078070 0.371620
vt 0.078580 0.373910
vt 0.244120 0.682030
vt 0.245650 0.680870
vt 0.246410 0.680710
vt 0.026620 0.706200
vt 0.026310 0.704950
vt 0.025870 0.705640
vt 0.027060 0.705510
vt 0.309030 0.965020
vt 0.307710 0.960150
vt 0.308410 0.959740
vt 0.308340 0.965430
vt 0.644970 0.610690
vt 0.639800 0.606910
vt 0.634730 0.603090
vt 0.629770 0.599220
vt 0.625080 0.594840
vt 0.622610 0.594470
vt 0.622980 0.595260
vt 0.501620 0.995000
vt 0.504770 0.990810
vt 0.505570 0.991140
vt 0.500830 0.994680
vt 0.508680 0.986860
vt 0.509480 0.987190
vt 0.512560 0.982850
vt 0.513360 0.983180
vt 0.326720 0.932890
vt 0.323180 0.936230
vt 0.323590 0.937020
vt 0.326320 0.932090
vt 0.319890 0.938530
vt 0.320300 0.939330
vt 0.190210 0.734040
vt 0.190910 0.731980
vt 0.191710 0.732310
vt 0.189410 0.733710
vt 0.245990 0.679910
vt 0.245240 0.680070
vt 0.243710 0.681230
vt 0.241780 0.684550
vt 0.241380 0.683750
vt 0.238520 0.688810
vt 0.238120 0.688010
vt 0.603470 0.650210
vt 0.608150 0.646520
vt 0.607350 0.646190
vt 0.604270 0.650530
vt 0.612050 0.642570
vt 0.611250 0.642250
vt 0.615990 0.638700
vt 0.615200 0.638380
vt 0.617240 0.636170
vt 0.058060 0.371860
vt 0.056060 0.373910
vt 0.051110 0.368950
vt 0.046170 0.365090
vt 0.041110 0.361260
vt 0.035950 0.357480
vt 0.005620 0.676630
vt 0.005690 0.670950
vt 0.005000 0.671360
vt 0.006310 0.676210
vt 0.244670 0.363470
vt 0.239720 0.358850
vt 0.245130 0.362760
vt 0.239280 0.359550
vt 0.234240 0.354990
vt 0.233810 0.355690
vt 0.228670 0.351210
vt 0.228250 0.351910
vt 0.222610 0.347770
vt 0.222210 0.348450
vt 0.216150 0.344220
vt 0.215900 0.345090
vt 0.213770 0.344400
vt 0.214040 0.345280
vt 0.493960 0.386090
vt 0.493340 0.380510
vt 0.494840 0.385850
vt 0.492460 0.380750
vt 0.491920 0.375170
vt 0.491050 0.375410
vt 0.490580 0.369830
vt 0.489700 0.370070
vt 0.489540 0.364620
vt 0.488650 0.364690
vt 0.491290 0.361650
vt 0.488730 0.361520
vt 0.490350 0.359790
vt 0.489450 0.360030
vt 0.635240 0.533480
vt 0.640200 0.538110
vt 0.640640 0.537400
vt 0.634790 0.534190
vt 0.645680 0.541960
vt 0.646120 0.541260
vt 0.651260 0.545740
vt 0.651680 0.545050
vt 0.657330 0.549180
vt 0.657730 0.548500
vt 0.664570 0.553100
vt 0.664810 0.552240
vt 0.633050 0.766040
vt 0.633160 0.768880
vt 0.634030 0.768640
vt 0.667710 0.552130
vt 0.634650 0.774220
vt 0.635520 0.773980
vt 0.636060 0.779560
vt 0.636930 0.779320
vt 0.637390 0.784900
vt 0.638270 0.784660
vt 0.638410 0.790110
vt 0.639300 0.790040
vt 0.636660 0.793080
vt 0.639220 0.793210
vt 0.637600 0.794930
vt 0.638490 0.794700
vt 0.292060 0.931690
vt 0.293140 0.931800
vt 0.292430 0.932370
vt 0.292760 0.931120
vt 0.661700 0.606750
vt 0.660160 0.611670
vt 0.661020 0.606260
vt 0.660840 0.612150
vt 0.659310 0.617160
vt 0.659990 0.617630
vt 0.658450 0.622730
vt 0.659140 0.623200
vt 0.657620 0.628810
vt 0.658300 0.629270
vt 0.655670 0.636040
vt 0.656890 0.635720
vt 0.658210 0.639180
vt 0.658490 0.638110
vt 0.663550 0.641690
vt 0.663830 0.640620
vt 0.668880 0.644240
vt 0.669170 0.643180
vt 0.674220 0.646800
vt 0.674510 0.645770
vt 0.679430 0.648650
vt 0.679720 0.647640
vt 0.682400 0.649960
vt 0.682690 0.648950
vt 0.684260 0.650530
vt 0.684540 0.649530
vt 0.030350 0.696600
vt 0.029530 0.697500
vt 0.029350 0.696610
vt 0.030520 0.697500
vt 0.234640 0.433910
vt 0.236410 0.433540
vt 0.234930 0.432920
vt 0.236130 0.434540
vt 0.239590 0.434750
vt 0.239300 0.435760
vt 0.244970 0.436690
vt 0.244680 0.437720
vt 0.250310 0.439280
vt 0.250020 0.440330
vt 0.255650 0.441840
vt 0.255360 0.442910
vt 0.260980 0.444360
vt 0.260700 0.445440
vt 0.263590 0.446980
vt 0.262360 0.447290
vt 0.261910 0.454070
vt 0.261220 0.453610
vt 0.261070 0.460120
vt 0.260390 0.459650
vt 0.260220 0.465680
vt 0.259530 0.465200
vt 0.259360 0.471160
vt 0.258680 0.470680
vt 0.258500 0.476550
vt 0.257820 0.476070
vt 0.568980 0.627910
vt 0.561450 0.617090
vt 0.570210 0.627400
vt 0.560360 0.617560
vt 0.552130 0.607250
vt 0.551160 0.607680
vt 0.543140 0.597020
vt 0.542240 0.597420
vt 0.534880 0.586170
vt 0.534000 0.586560
vt 0.527380 0.575180
vt 0.526430 0.575590
vt 0.519520 0.564610
vt 0.518430 0.565090
vt 0.511290 0.554580
vt 0.510220 0.555030
vt 0.503560 0.544560
vt 0.502490 0.545010
vt 0.496220 0.534550
vt 0.495170 0.534970
vt 0.489600 0.524760
vt 0.488420 0.524850
vt 0.489210 0.519330
vt 0.485550 0.518910
vt 0.486180 0.515810
vt 0.485170 0.516180
vt 0.486410 0.500050
vt 0.493880 0.510910
vt 0.494980 0.510440
vt 0.485170 0.500560
vt 0.503180 0.520770
vt 0.504160 0.520340
vt 0.512160 0.531000
vt 0.513060 0.530590
vt 0.520440 0.541850
vt 0.521320 0.541460
vt 0.527980 0.552840
vt 0.528930 0.552430
vt 0.535890 0.563400
vt 0.536970 0.562930
vt 0.544130 0.573450
vt 0.545190 0.572990
vt 0.551870 0.583470
vt 0.552940 0.583020
vt 0.559220 0.593500
vt 0.560270 0.593080
vt 0.565840 0.603290
vt 0.567030 0.603210
vt 0.566230 0.608730
vt 0.569900 0.609160
vt 0.569270 0.612260
vt 0.570280 0.611880
vt 0.255710 0.895970
vt 0.256530 0.897580
vt 0.256720 0.896340
vt 0.255520 0.897200
vt 0.047030 0.663580
vt 0.057100 0.669670
vt 0.046750 0.664590
vt 0.057340 0.668660
vt 0.011070 0.684700
vt 0.005000 0.693580
vt 0.010060 0.684280
vt 0.006010 0.694030
vt 0.229650 0.398020
vt 0.239650 0.404100
vt 0.229430 0.399030
vt 0.239870 0.403090
vt 0.250500 0.409200
vt 0.250730 0.408190
vt 0.261500 0.414320
vt 0.261720 0.413310
vt 0.272050 0.419420
vt 0.272280 0.418420
vt 0.282100 0.424520
vt 0.282320 0.423510
vt 0.292120 0.429630
vt 0.292330 0.428630
vt 0.302150 0.434760
vt 0.302350 0.433750
vt 0.311950 0.439700
vt 0.312130 0.438690
vt 0.317380 0.441470
vt 0.317570 0.440470
vt 0.320910 0.443500
vt 0.321080 0.442490
vt 0.006200 0.879170
vt 0.005000 0.879870
vt 0.005190 0.878860
vt 0.006000 0.880180
vt 0.542580 0.515590
vt 0.545490 0.515540
vt 0.542760 0.514580
vt 0.545300 0.516550
vt 0.551440 0.518240
vt 0.551250 0.519240
vt 0.561570 0.523320
vt 0.561370 0.524330
vt 0.571620 0.528450
vt 0.571410 0.529460
vt 0.581660 0.533560
vt 0.581430 0.534570
vt 0.591720 0.538660
vt 0.591490 0.539670
vt 0.602220 0.543760
vt 0.601990 0.544770
vt 0.613190 0.548880
vt 0.612960 0.549890
vt 0.624050 0.553980
vt 0.623820 0.554990
vt 0.634300 0.559050
vt 0.634080 0.560060
vt 0.319740 0.921010
vt 0.315680 0.930630
vt 0.320750 0.921450
vt 0.314670 0.930210
vt 0.102420 0.720250
vt 0.113050 0.724330
vt 0.102670 0.719250
vt 0.112780 0.725340
s 0
usemtl BLy_Orange
f 1/1/1 2/2/1 3/3/1
f 4/1/2 5/4/2 6/2/2
s 1
f 7/3/3 8/5/3 9/6/3
s 0
f 10/3/4 11/2/4 12/5/4
f 13/6/5 14/7/5 15/8/5
f 16/6/6 17/5/6 18/7/6
f 19/8/7 20/9/7 21/10/7
f 22/8/8 23/7/8 24/9/8
f 25/10/9 26/11/9 27/12/9
f 28/10/10 29/9/10 30/11/10
f 31/12/11 32/13/11 33/14/11
f 34/12/12 35/11/12 36/13/12
f 37/15/13 38/16/13 39/17/13
f 40/15/14 41/18/14 42/16/14
f 43/17/15 44/19/15 45/20/15
f 46/17/16 47/16/16 48/19/16
f 49/20/17 50/21/17 51/22/17
f 52/20/18 53/19/18 54/21/18
f 55/22/19 56/23/19 57/24/19
f 58/22/20 59/21/20 60/23/20
f 61/24/21 62/25/21 63/26/21
f 64/24/22 65/23/22 66/25/22
f 67/26/23 68/27/23 69/28/23
f 70/26/24 71/25/24 72/27/24
f 73/29/25 74/30/25 75/31/25
f 76/29/26 77/32/26 78/30/26
f 79/32/27 80/33/27 81/30/27
f 82/32/28 83/34/28 84/33/28
f 85/34/29 86/35/29 87/33/29
f 88/34/30 89/36/30 90/35/30
f 91/36/31 92/37/31 93/35/31
f 94/36/32 95/38/32 96/37/32
f 97/38/33 98/39/33 99/37/33
f 100/38/34 101/40/34 102/39/34
f 103/40/35 104/41/35 105/39/35
f 106/42/36 107/43/36 108/44/36
f 109/43/37 110/45/37 111/44/37
f 112/43/38 113/46/38 114/45/38
f 115/46/39 116/47/39 117/45/39
f 118/46/40 119/48/40 120/47/40
f 121/48/41 122/49/41 123/47/41
f 124/48/42 125/50/42 126/49/42
f 127/50/43 128/51/43 129/49/43
s 1
f 130/50/44 131/52/44 132/51/44
s 0
f 133/52/45 134/53/45 135/51/45
f 136/52/46 137/54/46 138/53/46
f 139/54/47 140/55/47 141/53/47
s 1
f 142/54/48 143/56/48 144/55/48
s 0
f 145/57/49 146/58/49 147/59/49
f 148/57/50 149/60/50 150/58/50
f 151/61/51 152/62/51 153/63/51
f 154/61/52 155/64/52 156/62/52
f 157/63/53 158/65/53 159/66/53
f 160/63/54 161/62/54 162/65/54
f 163/66/55 164/67/55 165/68/55
f 166/66/56 167/65/56 168/67/56
f 169/68/57 170/69/57 171/70/57
f 172/68/58 173/67/58 174/69/58
f 175/70/59 176/71/59 177/72/59
f 178/70/60 179/69/60 180/71/60
f 181/72/61 182/73/61 183/74/61
f 184/72/62 185/71/62 186/73/62
f 187/74/63 188/75/63 189/76/63
f 190/74/64 191/73/64 192/75/64
f 193/76/65 194/77/65 195/78/65
f 196/76/66 197/75/66 198/77/66
f 199/78/67 200/79/67 201/80/67
f 202/78/68 203/77/68 204/79/68
f 205/80/69 206/81/69 207/82/69
f 208/80/70 209/79/70 210/81/70
f 211/82/71 212/83/71 213/84/71
f 214/82/72 215/81/72 216/83/72
f 217/84/73 218/85/73 219/86/73
f 220/84/74 221/83/74 222/85/74
f 223/87/75 224/88/75 225/89/75
f 226/87/76 227/90/76 228/88/76
f 229/91/77 230/92/77 231/93/77
f 232/91/78 233/94/78 234/92/78
f 235/93/79 236/95/79 237/96/79
f 238/93/80 239/92/80 240/95/80
f 241/96/81 242/97/81 243/98/81
f 244/96/82 245/95/82 246/97/82
f 247/98/83 248/99/83 249/100/83
f 250/98/84 251/97/84 252/99/84
f 253/100/85 254/101/85 255/102/85
f 256/100/86 257/99/86 258/101/86
f 259/102/87 260/103/87 261/104/87
f 262/102/88 263/101/88 264/103/88
f 265/104/89 266/105/89 267/106/89
f 268/104/90 269/103/90 270/105/90
f 271/106/91 272/107/91 273/108/91
f 274/106/92 275/105/92 276/107/92
f 277/108/93 278/109/93 279/110/93
f 280/108/94 281/107/94 282/109/94
f 283/110/95 284/111/95 285/112/95
f 286/110/96 287/109/96 288/111/96
f 289/112/97 290/113/97 291/114/97
f 292/112/98 293/111/98 294/113/98
f 295/114/99 296/115/99 297/116/99
f 298/114/100 299/113/100 300/115/100
f 301/117/101 302/118/101 303/119/101
f 304/117/102 305/120/102 306/118/102
f 307/120/103 308/121/103 309/118/103
f 310/120/104 311/122/104 312/121/104
f 313/122/105 314/123/105 315/121/105
f 316/122/106 317/124/106 318/123/106
f 319/124/107 320/125/107 321/123/107
f 322/124/108 323/126/108 324/125/108
f 325/126/109 326/127/109 327/125/109
f 328/126/110 329/128/110 330/127/110
f 331/128/110 332/129/110 333/127/110
f 334/128/111 335/130/111 336/129/111
f 337/130/112 338/131/112 339/129/112
f 340/130/113 341/132/113 342/131/113
f 343/132/114 344/133/114 345/131/114
f 346/132/115 347/134/115 348/133/115
f 349/134/116 350/135/116 351/133/116
f 352/134/117 353/136/117 354/135/117
f 355/136/118 356/137/118 357/135/118
f 358/136/119 359/138/119 360/137/119
f 361/138/120 362/139/120 363/137/120
f 364/138/121 365/140/121 366/139/121
f 367/140/122 368/141/122 369/139/122
f 370/140/123 371/142/123 372/141/123
f 373/143/124 374/144/124 375/145/124
f 376/143/125 377/146/125 378/144/125
f 379/145/126 380/147/126 381/148/126
f 382/145/127 383/144/127 384/147/127
f 385/148/128 386/149/128 387/150/128
f 388/148/129 389/147/129 390/149/129
f 391/150/130 392/151/130 393/152/130
f 394/150/131 395/149/131 396/151/131
f 397/152/132 398/153/132 399/154/132
f 400/152/133 401/151/133 402/153/133
s 1
f 403/154/134 404/155/134 405/156/134
s 0
f 406/154/135 407/153/135 408/155/135
f 409/156/136 410/157/136 411/158/136
f 412/156/137 413/155/137 414/157/137
f 415/158/138 416/159/138 417/160/138
f 418/158/139 419/157/139 420/159/139
f 421/160/140 422/161/140 423/162/140
f 424/160/141 425/159/141 426/161/141
f 427/162/142 428/163/142 429/164/142
f 430/162/143 431/161/143 432/163/143
f 433/164/144 434/165/144 435/166/144
f 436/164/145 437/163/145 438/165/145
f 439/166/146 440/167/146 441/168/146
f 442/166/147 443/165/147 444/167/147
f 445/169/148 446/170/148 447/171/148
f 448/169/149 449/172/149 450/170/149
f 451/173/150 452/174/150 453/175/150
f 454/173/151 455/176/151 456/174/151
f 457/177/152 458/178/152 459/179/152
f 460/177/153 461/180/153 462/178/153
f 463/181/154 464/182/154 465/183/154
f 466/181/155 467/184/155 468/182/155
f 469/184/156 470/185/156 471/182/156
f 472/184/157 473/186/157 474/185/157
f 475/186/158 476/187/158 477/185/158
f 478/186/159 479/188/159 480/187/159
f 481/188/160 482/189/160 483/187/160
f 484/188/161 485/190/161 486/189/161
f 487/190/162 488/191/162 489/189/162
f 490/190/163 491/192/163 492/191/163
f 493/192/164 494/193/164 495/191/164
f 496/192/165 497/194/165 498/193/165
f 499/194/166 500/195/166 501/193/166
f 502/194/167 503/196/167 504/195/167
f 505/196/168 506/197/168 507/195/168
f 508/196/169 509/198/169 510/197/169
f 511/198/170 512/199/170 513/197/170
f 514/198/171 515/200/171 516/199/171
f 517/200/172 518/201/172 519/199/172
f 520/200/173 521/202/173 522/201/173
f 523/203/174 524/204/174 525/205/174
f 526/203/175 527/206/175 528/204/175
f 529/207/176 530/208/176 531/209/176
f 532/207/177 533/210/177 534/208/177
f 535/210/178 536/211/178 537/208/178
f 538/210/179 539/212/179 540/211/179
f 541/212/180 542/213/180 543/211/180
f 544/212/181 545/214/181 546/213/181
f 547/214/182 548/215/182 549/213/182
f 550/214/183 551/216/183 552/215/183
f 553/216/184 554/217/184 555/215/184
f 556/216/185 557/218/185 558/217/185
f 559/218/186 560/219/186 561/217/186
f 562/218/187 563/220/187 564/219/187
f 565/220/188 566/221/188 567/219/188
f 568/220/189 569/222/189 570/221/189
f 571/222/190 572/223/190 573/221/190
f 574/222/191 575/224/191 576/223/191
f 577/224/192 578/225/192 579/223/192
f 580/224/193 581/226/193 582/225/193
f 583/226/194 584/227/194 585/225/194
f 586/226/195 587/228/195 588/227/195
s 1
f 589/229/196 590/230/196 591/231/196
s 0
f 592/229/197 593/232/197 594/230/197
f 595/233/198 596/234/198 597/235/198
f 598/233/199 599/236/199 600/234/199
f 601/237/200 602/238/200 603/239/200
f 604/237/201 605/240/201 606/238/201
f 607/239/202 608/241/202 609/242/202
f 610/239/203 611/238/203 612/241/203
f 613/242/204 614/243/204 615/244/204
f 616/242/205 617/241/205 618/243/205
f 619/244/206 620/245/206 621/246/206
f 622/244/207 623/243/207 624/245/207
f 625/246/208 626/247/208 627/248/208
f 628/246/209 629/245/209 630/247/209
f 631/248/210 632/249/210 633/250/210
f 634/248/211 635/247/211 636/249/211
f 637/251/212 638/252/212 639/253/212
s 1
f 640/251/213 641/254/213 642/252/213
s 0
f 643/253/214 644/255/214 645/256/214
f 646/253/215 647/252/215 648/255/215
f 649/256/216 650/257/216 651/258/216
f 652/256/217 653/255/217 654/257/217
f 655/258/218 656/259/218 657/260/218
f 658/258/219 659/257/219 660/259/219
f 661/260/220 662/261/220 663/262/220
f 664/260/221 665/259/221 666/261/221
f 667/262/222 668/263/222 669/264/222
f 670/262/223 671/261/223 672/263/223
f 673/265/224 674/266/224 675/267/224
f 676/265/225 677/268/225 678/266/225
f 679/268/226 680/269/226 681/266/226
f 682/268/227 683/270/227 684/269/227
s 1
f 685/270/228 686/271/228 687/269/228
s 0
f 688/270/229 689/272/229 690/271/229
f 691/272/230 692/273/230 693/271/230
f 694/272/231 695/274/231 696/273/231
f 697/274/232 698/275/232 699/273/232
f 700/274/233 701/276/233 702/275/233
f 703/276/234 704/277/234 705/275/234
f 706/278/235 707/279/235 708/280/235
f 709/279/236 710/281/236 711/280/236
f 712/279/237 713/282/237 714/281/237
f 715/282/238 716/283/238 717/281/238
f 718/282/239 719/284/239 720/283/239
f 721/284/240 722/285/240 723/283/240
f 724/284/241 725/286/241 726/285/241
s 1
f 727/286/242 728/287/242 729/285/242
s 0
f 730/286/243 731/288/243 732/287/243
f 733/288/244 734/289/244 735/287/244
f 736/288/245 737/290/245 738/289/245
f 739/290/246 740/291/246 741/289/246
f 742/290/247 743/292/247 744/291/247
f 745/293/248 746/294/248 747/295/248
f 748/293/249 749/296/249 750/294/249
f 751/297/250 752/298/250 753/299/250
f 754/297/251 755/300/251 756/298/251
f 757/299/252 758/301/252 759/302/252
f 760/299/253 761/298/253 762/301/253
f 763/302/254 764/303/254 765/304/254
f 766/302/255 767/301/255 768/303/255
f 769/304/256 770/305/256 771/306/256
f 772/304/257 773/303/257 774/305/257
f 775/306/258 776/307/258 777/308/258
f 778/306/259 779/305/259 780/307/259
f 781/309/260 782/310/260 783/311/260
f 784/309/261 785/311/261 786/312/261
f 787/312/262 788/313/262 789/314/262
f 790/312/263 791/311/263 792/313/263
f 793/314/264 794/315/264 795/316/264
f 796/314/265 797/313/265 798/315/265
f 799/316/266 800/317/266 801/318/266
f 802/316/267 803/315/267 804/317/267
f 805/318/268 806/319/268 807/320/268
f 808/318/269 809/317/269 810/319/269
f 811/320/270 812/321/270 813/322/270
f 814/320/271 815/319/271 816/321/271
f 817/322/272 818/323/272 819/324/272
f 820/322/273 821/321/273 822/323/273
f 823/325/274 824/326/274 825/327/274
f 826/325/275 827/328/275 828/326/275
f 829/329/276 830/330/276 831/331/276
f 832/329/277 833/332/277 834/330/277
f 835/331/278 836/333/278 837/334/278
f 838/331/279 839/330/279 840/333/279
f 841/334/280 842/335/280 843/336/280
f 844/334/281 845/333/281 846/335/281
f 847/336/282 848/337/282 849/338/282
f 850/336/283 851/335/283 852/337/283
f 853/338/284 854/339/284 855/340/284
s 1
f 856/338/285 857/337/285 858/339/285
s 0
f 859/340/286 860/341/286 861/342/286
f 862/340/287 863/339/287 864/341/287
f 865/343/288 866/279/288 867/278/288
f 868/343/289 869/278/289 870/344/289
f 871/344/290 872/345/290 873/346/290
f 874/344/291 875/278/291 876/345/291
f 877/346/292 878/347/292 879/348/292
f 880/346/293 881/345/293 882/347/293
f 883/348/294 884/349/294 885/350/294
f 886/348/295 887/347/295 888/349/295
f 889/350/296 890/351/296 891/352/296
f 892/350/297 893/349/297 894/351/297
f 895/352/298 896/353/298 897/354/298
s 1
f 898/352/299 899/351/299 900/353/299
s 0
f 901/355/300 902/356/300 903/357/300
f 904/355/301 905/358/301 906/356/301
f 907/359/302 908/356/302 909/358/302
f 910/359/303 911/360/303 912/356/303
f 913/361/304 914/356/304 915/360/304
f 916/361/305 917/362/305 918/356/305
f 919/363/306 920/356/306 921/362/306
f 922/363/307 923/357/307 924/356/307
f 925/359/308 926/364/308 927/360/308
f 928/359/309 929/365/309 930/364/309
f 931/366/310 932/364/310 933/365/310
f 934/366/311 935/367/311 936/364/311
f 937/368/312 938/364/312 939/367/312
f 940/368/313 941/369/313 942/364/313
f 943/361/314 944/364/314 945/369/314
f 946/361/315 947/360/315 948/364/315
f 949/370/316 950/371/316 951/372/316
f 952/370/317 953/373/317 954/371/317
f 955/374/318 956/371/318 957/373/318
f 958/374/319 959/375/319 960/371/319
f 961/376/320 962/371/320 963/375/320
f 964/376/321 965/377/321 966/371/321
f 967/378/322 968/371/322 969/377/322
f 970/378/323 971/372/323 972/371/323
f 973/379/324 974/380/324 975/381/324
f 976/379/325 977/382/325 978/380/325
f 979/383/326 980/380/326 981/382/326
f 982/383/327 983/384/327 984/380/327
f 985/355/328 986/385/328 987/386/328
f 988/355/329 989/357/329 990/385/329
f 991/363/330 992/385/330 993/357/330
f 994/363/331 995/387/331 996/385/331
f 997/388/332 998/389/332 999/390/332
f 1000/388/333 1001/391/333 1002/389/333
f 1003/392/334 1004/389/334 1005/391/334
f 1006/392/335 1007/393/335 1008/389/335
f 1009/392/336 1010/394/336 1011/393/336
f 1012/392/337 1013/395/337 1014/394/337
f 1015/396/338 1016/394/338 1017/395/338
f 1018/396/339 1019/397/339 1020/394/339
f 1021/398/340 1022/399/340 1023/400/340
f 1024/398/341 1025/401/341 1026/399/341
f 1027/402/342 1028/399/342 1029/401/342
f 1030/402/343 1031/403/343 1032/399/343
f 1033/404/344 1034/405/344 1035/406/344
f 1036/404/345 1037/407/345 1038/405/345
f 1039/408/346 1040/405/346 1041/407/346
f 1042/408/347 1043/409/347 1044/405/347
s 1
f 1045/408/348 1046/410/348 1047/409/348
s 0
f 1048/408/349 1049/411/349 1050/410/349
f 1051/412/350 1052/410/350 1053/411/350
f 1054/412/351 1055/413/351 1056/410/351
f 1057/414/352 1058/415/352 1059/416/352
f 1060/414/353 1061/417/353 1062/415/353
f 1063/418/354 1064/419/354 1065/420/354
f 1066/418/355 1067/421/355 1068/419/355
f 1069/422/356 1070/419/356 1071/421/356
f 1072/422/357 1073/423/357 1074/419/357
f 1075/422/358 1076/424/358 1077/423/358
f 1078/422/359 1079/425/359 1080/424/359
f 1081/426/360 1082/424/360 1083/425/360
f 1084/426/361 1085/427/361 1086/424/361
f 1087/428/362 1088/429/362 1089/430/362
f 1090/428/363 1091/431/363 1092/429/363
f 1093/432/364 1094/429/364 1095/431/364
f 1096/432/365 1097/433/365 1098/429/365
f 1099/434/366 1100/435/366 1101/436/366
f 1102/434/367 1103/437/367 1104/435/367
s 1
f 1105/438/368 1106/435/368 1107/437/368
s 0
f 1108/438/369 1109/439/369 1110/435/369
f 1111/366/370 1112/440/370 1113/367/370
f 1114/366/371 1115/441/371 1116/440/371
f 1117/370/372 1118/440/372 1119/441/372
f 1120/370/373 1121/372/373 1122/440/373
f 1123/378/374 1124/440/374 1125/372/374
f 1126/378/375 1127/442/375 1128/440/375
f 1129/368/376 1130/440/376 1131/442/376
f 1132/368/377 1133/367/377 1134/440/377
f 1135/396/378 1136/443/378 1137/397/378
f 1138/396/379 1139/444/379 1140/443/379
f 1141/398/380 1142/443/380 1143/444/380
s 1
f 1144/398/381 1145/400/381 1146/443/381
s 0
f 1147/432/382 1148/445/382 1149/433/382
f 1150/432/383 1151/446/383 1152/445/383
s 1
f 1153/434/384 1154/445/384 1155/446/384
s 0
f 1156/434/385 1157/436/385 1158/445/385
f 1159/374/386 1160/447/386 1161/375/386
f 1162/374/387 1163/448/387 1164/447/387
f 1165/449/388 1166/447/388 1167/448/388
f 1168/449/389 1169/450/389 1170/447/389
f 1171/451/390 1172/447/390 1173/450/390
f 1174/451/391 1175/452/391 1176/447/391
f 1177/376/392 1178/447/392 1179/452/392
f 1180/376/393 1181/375/393 1182/447/393
f 1183/402/394 1184/453/394 1185/403/394
f 1186/402/395 1187/454/395 1188/453/395
f 1189/404/396 1190/453/396 1191/454/396
f 1192/404/397 1193/406/397 1194/453/397
f 1195/426/398 1196/455/398 1197/427/398
f 1198/426/399 1199/456/399 1200/455/399
f 1201/428/400 1202/455/400 1203/456/400
f 1204/428/401 1205/430/401 1206/455/401
f 1207/449/402 1208/457/402 1209/450/402
f 1210/449/403 1211/458/403 1212/457/403
f 1213/459/404 1214/457/404 1215/458/404
s 1
f 1216/459/405 1217/384/405 1218/457/405
s 0
f 1219/383/406 1220/457/406 1221/384/406
f 1222/383/407 1223/460/407 1224/457/407
f 1225/451/408 1226/457/408 1227/460/408
f 1228/451/409 1229/450/409 1230/457/409
f 1231/459/410 1232/380/410 1233/384/410
f 1234/459/411 1235/461/411 1236/380/411
f 1237/462/412 1238/380/412 1239/461/412
f 1240/462/413 1241/381/413 1242/380/413
f 1243/463/414 1244/415/414 1245/417/414
f 1246/463/415 1247/464/415 1248/415/415
f 1249/465/416 1250/466/416 1251/467/416
f 1252/465/417 1253/468/417 1254/466/417
f 1255/418/418 1256/466/418 1257/468/418
f 1258/418/419 1259/420/419 1260/466/419
f 1261/469/420 1262/470/420 1263/471/420
f 1264/469/421 1265/472/421 1266/470/421
f 1267/473/422 1268/470/422 1269/472/422
f 1270/473/423 1271/474/423 1272/470/423
f 1273/475/424 1274/470/424 1275/474/424
f 1276/475/425 1277/476/425 1278/470/425
f 1279/477/426 1280/470/426 1281/476/426
f 1282/477/427 1283/471/427 1284/470/427
f 1285/477/428 1286/478/428 1287/479/428
f 1288/477/429 1289/476/429 1290/478/429
s 1
f 1291/475/430 1292/478/430 1293/476/430
s 0
f 1294/475/431 1295/480/431 1296/478/431
f 1297/481/432 1298/478/432 1299/480/432
f 1300/481/433 1301/482/433 1302/478/433
f 1303/483/434 1304/478/434 1305/482/434
f 1306/483/435 1307/479/435 1308/478/435
f 1309/484/436 1310/485/436 1311/486/436
f 1312/484/437 1313/487/437 1314/485/437
f 1315/488/438 1316/485/438 1317/487/438
f 1318/488/439 1319/489/439 1320/485/439
f 1321/490/440 1322/485/440 1323/489/440
f 1324/490/441 1325/491/441 1326/485/441
f 1327/492/442 1328/485/442 1329/491/442
f 1330/492/443 1331/486/443 1332/485/443
f 1333/493/444 1334/494/444 1335/495/444
f 1336/493/445 1337/496/445 1338/494/445
f 1339/497/446 1340/494/446 1341/496/446
f 1342/498/447 1343/499/447 1344/500/447
f 1345/473/448 1346/501/448 1347/502/448
f 1348/473/449 1349/472/449 1350/501/449
f 1351/469/450 1352/501/450 1353/472/450
f 1354/469/451 1355/503/451 1356/501/451
f 1357/504/452 1358/389/452 1359/393/452
f 1360/504/453 1361/505/453 1362/389/453
f 1363/506/454 1364/389/454 1365/505/454
f 1366/506/455 1367/390/455 1368/389/455
f 1369/507/456 1370/394/456 1371/397/456
f 1372/507/457 1373/508/457 1374/394/457
f 1375/504/458 1376/394/458 1377/508/458
s 1
f 1378/504/459 1379/393/459 1380/394/459
s 0
f 1381/509/460 1382/399/460 1383/403/460
f 1384/509/461 1385/510/461 1386/399/461
f 1387/511/462 1388/399/462 1389/510/462
s 1
f 1390/511/463 1391/400/463 1392/399/463
s 0
f 1393/512/464 1394/405/464 1395/409/464
f 1396/512/465 1397/513/465 1398/405/465
f 1399/514/466 1400/405/466 1401/513/466
f 1402/514/467 1403/406/467 1404/405/467
f 1405/515/468 1406/410/468 1407/413/468
f 1408/515/469 1409/516/469 1410/410/469
f 1411/512/470 1412/410/470 1413/516/470
f 1414/512/471 1415/409/471 1416/410/471
f 1417/498/472 1418/415/472 1419/499/472
f 1420/498/473 1421/416/473 1422/415/473
f 1423/517/474 1424/419/474 1425/423/474
f 1426/517/475 1427/518/475 1428/419/475
f 1429/519/476 1430/419/476 1431/518/476
f 1432/519/477 1433/420/477 1434/419/477
f 1435/520/478 1436/424/478 1437/427/478
f 1438/520/479 1439/521/479 1440/424/479
f 1441/517/480 1442/424/480 1443/521/480
f 1444/517/481 1445/423/481 1446/424/481
f 1447/522/482 1448/429/482 1449/433/482
f 1450/522/483 1451/523/483 1452/429/483
f 1453/524/484 1454/429/484 1455/523/484
f 1456/524/485 1457/430/485 1458/429/485
f 1459/525/486 1460/435/486 1461/439/486
f 1462/525/487 1463/526/487 1464/435/487
f 1465/527/488 1466/435/488 1467/526/488
f 1468/527/489 1469/436/489 1470/435/489
f 1471/481/490 1472/528/490 1473/482/490
f 1474/481/491 1475/529/491 1476/528/491
f 1477/488/492 1478/528/492 1479/529/492
f 1480/488/493 1481/487/493 1482/528/493
f 1483/484/494 1484/528/494 1485/487/494
f 1486/484/495 1487/530/495 1488/528/495
f 1489/483/496 1490/528/496 1491/530/496
f 1492/483/497 1493/482/497 1494/528/497
f 1495/511/498 1496/443/498 1497/400/498
s 1
f 1498/511/499 1499/531/499 1500/443/499
s 0
f 1501/507/500 1502/443/500 1503/531/500
f 1504/507/501 1505/397/501 1506/443/501
f 1507/527/502 1508/445/502 1509/436/502
f 1510/527/503 1511/532/503 1512/445/503
f 1513/522/504 1514/445/504 1515/532/504
f 1516/522/505 1517/433/505 1518/445/505
f 1519/490/506 1520/533/506 1521/491/506
f 1522/490/507 1523/534/507 1524/533/507
f 1525/535/508 1526/533/508 1527/534/508
f 1528/535/509 1529/536/509 1530/533/509
f 1531/537/510 1532/533/510 1533/536/510
s 1
f 1534/537/511 1535/538/511 1536/533/511
f 1537/492/512 1538/533/512 1539/538/512
s 0
f 1540/492/513 1541/491/513 1542/533/513
f 1543/514/514 1544/453/514 1545/406/514
f 1546/514/515 1547/539/515 1548/453/515
f 1549/509/516 1550/453/516 1551/539/516
f 1552/509/517 1553/403/517 1554/453/517
f 1555/524/518 1556/455/518 1557/430/518
f 1558/524/519 1559/540/519 1560/455/519
f 1561/520/520 1562/455/520 1563/540/520
f 1564/520/521 1565/427/521 1566/455/521
f 1567/537/522 1568/541/522 1569/542/522
f 1570/537/523 1571/536/523 1572/541/523
f 1573/535/524 1574/541/524 1575/536/524
f 1576/535/525 1577/543/525 1578/541/525
f 1579/493/526 1580/541/526 1581/543/526
f 1582/493/527 1583/495/527 1584/541/527
f 1585/544/528 1586/541/528 1587/495/528
f 1588/544/529 1589/542/529 1590/541/529
f 1591/544/530 1592/494/530 1593/545/530
f 1594/544/531 1595/495/531 1596/494/531
f 1597/546/532 1598/500/532 1599/499/532
f 1600/547/533 1601/545/533 1602/494/533
f 1603/546/534 1604/415/534 1605/464/534
f 1606/546/535 1607/499/535 1608/415/535
f 1609/519/536 1610/466/536 1611/420/536
f 1612/519/537 1613/548/537 1614/466/537
f 1615/549/538 1616/466/538 1617/548/538
f 1618/549/539 1619/467/539 1620/466/539
f 1621/550/540 1622/551/540 1623/552/540
f 1624/550/541 1625/553/541 1626/551/541
f 1627/552/542 1628/554/542 1629/555/542
f 1630/552/543 1631/551/543 1632/554/543
f 1633/555/544 1634/556/544 1635/557/544
f 1636/555/545 1637/554/545 1638/556/545
f 1639/557/546 1640/558/546 1641/559/546
f 1642/557/547 1643/556/547 1644/558/547
f 1645/559/548 1646/560/548 1647/561/548
f 1648/559/549 1649/558/549 1650/560/549
f 1651/562/550 1652/563/550 1653/564/550
f 1654/562/551 1655/565/551 1656/563/551
f 1657/564/552 1658/566/552 1659/567/552
f 1660/564/553 1661/563/553 1662/566/553
f 1663/567/554 1664/568/554 1665/569/554
s 1
f 1666/567/555 1667/566/555 1668/568/555
f 1669/569/556 1670/570/556 1671/571/556
s 0
f 1672/569/557 1673/568/557 1674/570/557
f 1675/571/558 1676/572/558 1677/573/558
f 1678/571/559 1679/570/559 1680/572/559
f 1681/573/560 1682/574/560 1683/575/560
f 1684/573/561 1685/572/561 1686/574/561
f 1687/575/562 1688/576/562 1689/577/562
f 1690/575/563 1691/574/563 1692/576/563
f 1693/578/564 1694/579/564 1695/580/564
s 1
f 1696/578/565 1697/581/565 1698/579/565
s 0
f 1699/581/566 1700/582/566 1701/579/566
f 1702/581/567 1703/583/567 1704/582/567
f 1705/583/568 1706/584/568 1707/582/568
f 1708/583/569 1709/585/569 1710/584/569
f 1711/585/570 1712/586/570 1713/584/570
f 1714/585/571 1715/587/571 1716/586/571
f 1717/587/572 1718/588/572 1719/586/572
f 1720/587/573 1721/589/573 1722/588/573
f 1723/590/574 1724/591/574 1725/592/574
f 1726/590/575 1727/593/575 1728/591/575
f 1729/593/576 1730/594/576 1731/591/576
f 1732/593/577 1733/595/577 1734/594/577
f 1735/595/578 1736/596/578 1737/594/578
f 1738/595/579 1739/597/579 1740/596/579
f 1741/597/580 1742/598/580 1743/596/580
f 1744/597/581 1745/599/581 1746/598/581
f 1747/599/582 1748/600/582 1749/598/582
f 1750/599/583 1751/601/583 1752/600/583
f 1753/601/584 1754/602/584 1755/600/584
f 1756/601/585 1757/603/585 1758/602/585
f 1759/603/586 1760/604/586 1761/602/586
f 1762/605/587 1763/606/587 1764/607/587
f 1765/608/588 1766/609/588 1767/610/588
f 1768/608/589 1769/611/589 1770/609/589
f 1771/612/590 1772/613/590 1773/614/590
f 1774/612/591 1775/615/591 1776/613/591
f 1777/616/592 1778/582/592 1779/617/592
f 1780/616/593 1781/579/593 1782/582/593
f 1783/617/594 1784/584/594 1785/618/594
f 1786/617/595 1787/582/595 1788/584/595
f 1789/618/596 1790/586/596 1791/619/596
f 1792/618/597 1793/584/597 1794/586/597
f 1795/619/598 1796/588/598 1797/620/598
f 1798/619/599 1799/586/599 1800/588/599
f 1801/620/600 1802/621/600 1803/622/600
f 1804/620/601 1805/588/601 1806/621/601
f 1807/623/602 1808/624/602 1809/625/602
f 1810/623/603 1811/626/603 1812/624/603
f 1813/625/604 1814/627/604 1815/628/604
f 1816/625/605 1817/624/605 1818/627/605
f 1819/628/606 1820/629/606 1821/630/606
f 1822/628/607 1823/627/607 1824/629/607
f 1825/631/608 1826/632/608 1827/633/608
f 1828/631/609 1829/634/609 1830/632/609
f 1831/633/610 1832/635/610 1833/636/610
f 1834/633/611 1835/632/611 1836/635/611
f 1837/637/612 1838/638/612 1839/639/612
f 1840/637/613 1841/640/613 1842/638/613
f 1843/641/614 1844/606/614 1845/642/614
f 1846/641/615 1847/607/615 1848/606/615
f 1849/642/616 1850/605/616 1851/643/616
f 1852/642/617 1853/606/617 1854/605/617
f 1855/643/618 1856/644/618 1857/645/618
f 1858/643/619 1859/605/619 1860/644/619
f 1861/645/620 1862/646/620 1863/647/620
f 1864/645/621 1865/644/621 1866/646/621
f 1867/648/622 1868/649/622 1869/650/622
f 1870/648/623 1871/651/623 1872/649/623
f 1873/650/624 1874/652/624 1875/653/624
f 1876/650/625 1877/649/625 1878/652/625
f 1879/653/626 1880/654/626 1881/655/626
f 1882/653/627 1883/652/627 1884/654/627
f 1885/655/628 1886/654/628 1887/656/628
f 1888/657/629 1889/658/629 1890/561/629
f 1891/561/630 1892/659/630 1893/559/630
s 1
f 1894/561/631 1895/658/631 1896/659/631
s 0
f 1897/559/632 1898/660/632 1899/557/632
f 1900/559/633 1901/659/633 1902/660/633
f 1903/557/634 1904/661/634 1905/555/634
s 1
f 1906/557/635 1907/660/635 1908/661/635
s 0
f 1909/555/636 1910/662/636 1911/552/636
f 1912/555/637 1913/661/637 1914/662/637
f 1915/663/638 1916/664/638 1917/665/638
f 1918/663/639 1919/666/639 1920/664/639
f 1921/667/640 1922/668/640 1923/669/640
f 1924/667/641 1925/670/641 1926/668/641
f 1927/670/642 1928/671/642 1929/668/642
f 1930/670/643 1931/672/643 1932/671/643
f 1933/672/644 1934/673/644 1935/671/644
s 1
f 1936/672/645 1937/674/645 1938/673/645
f 1939/674/646 1940/675/646 1941/673/646
s 0
f 1942/674/647 1943/676/647 1944/675/647
f 1945/676/648 1946/677/648 1947/675/648
f 1948/676/649 1949/678/649 1950/677/649
f 1951/678/650 1952/679/650 1953/677/650
f 1954/678/651 1955/680/651 1956/679/651
f 1957/681/652 1958/682/652 1959/683/652
f 1960/681/653 1961/684/653 1962/682/653
f 1963/684/654 1964/685/654 1965/682/654
f 1966/684/655 1967/686/655 1968/685/655
f 1969/686/656 1970/687/656 1971/685/656
f 1972/686/657 1973/688/657 1974/687/657
f 1975/688/658 1976/689/658 1977/687/658
f 1978/688/659 1979/690/659 1980/689/659
f 1981/690/660 1982/691/660 1983/689/660
f 1984/690/661 1985/692/661 1986/691/661
f 1987/692/662 1988/693/662 1989/691/662
f 1990/692/663 1991/694/663 1992/693/663
f 1993/695/664 1994/696/664 1995/697/664
f 1996/695/665 1997/698/665 1998/696/665
s 1
f 1999/697/666 2000/699/666 2001/700/666
s 0
f 2002/697/667 2003/696/667 2004/699/667
f 2005/700/668 2006/701/668 2007/702/668
s 1
f 2008/700/669 2009/699/669 2010/701/669
s 0
f 2011/702/670 2012/703/670 2013/704/670
f 2014/702/671 2015/701/671 2016/703/671
f 2017/704/672 2018/705/672 2019/706/672
f 2020/704/673 2021/703/673 2022/705/673
f 2023/707/674 2024/708/674 2025/709/674
f 2026/706/675 2027/705/675 2028/710/675
f 2029/709/676 2030/711/676 2031/712/676
s 1
f 2032/709/677 2033/708/677 2034/711/677
s 0
f 2035/712/678 2036/713/678 2037/714/678
f 2038/712/679 2039/711/679 2040/713/679
f 2041/714/680 2042/715/680 2043/716/680
f 2044/714/681 2045/713/681 2046/715/681
f 2047/716/682 2048/717/682 2049/718/682
f 2050/716/683 2051/715/683 2052/717/683
f 2053/718/684 2054/719/684 2055/720/684
f 2056/718/685 2057/717/685 2058/719/685
f 2059/720/686 2060/721/686 2061/722/686
f 2062/720/687 2063/719/687 2064/721/687
f 2065/723/688 2066/724/688 2067/725/688
f 2068/723/689 2069/726/689 2070/724/689
f 2071/727/690 2072/728/690 2073/729/690
f 2074/727/691 2075/730/691 2076/728/691
f 2077/730/692 2078/731/692 2079/728/692
f 2080/730/693 2081/732/693 2082/731/693
f 2083/732/694 2084/733/694 2085/731/694
s 1
f 2086/732/695 2087/734/695 2088/733/695
s 0
f 2089/734/696 2090/735/696 2091/733/696
f 2092/734/697 2093/736/697 2094/735/697
f 2095/736/698 2096/737/698 2097/735/698
s 1
f 2098/736/699 2099/738/699 2100/737/699
s 0
f 2101/739/700 2102/740/700 2103/741/700
f 2104/739/701 2105/742/701 2106/740/701
f 2107/742/702 2108/743/702 2109/740/702
f 2110/742/703 2111/744/703 2112/743/703
f 2113/744/704 2114/745/704 2115/743/704
f 2116/744/705 2117/746/705 2118/745/705
f 2119/746/706 2120/747/706 2121/745/706
f 2122/746/707 2123/748/707 2124/747/707
f 2125/748/708 2126/749/708 2127/747/708
f 2128/748/709 2129/750/709 2130/749/709
f 2131/750/710 2132/751/710 2133/749/710
f 2134/750/711 2135/752/711 2136/751/711
f 2137/752/712 2138/753/712 2139/751/712
f 2140/752/713 2141/754/713 2142/753/713
f 2143/755/714 2144/756/714 2145/757/714
f 2146/755/715 2147/758/715 2148/756/715
f 2149/759/716 2150/760/716 2151/761/716
f 2152/759/717 2153/762/717 2154/760/717
f 2155/762/718 2156/763/718 2157/760/718
f 2158/762/719 2159/764/719 2160/763/719
f 2161/764/720 2162/765/720 2163/763/720
f 2164/764/721 2165/766/721 2166/765/721
f 2167/766/722 2168/767/722 2169/765/722
f 2170/766/723 2171/768/723 2172/767/723
f 2173/768/724 2174/769/724 2175/767/724
f 2176/768/725 2177/770/725 2178/769/725
s 1
f 2179/770/726 2180/771/726 2181/769/726
s 0
f 2182/770/727 2183/772/727 2184/771/727
f 2185/773/728 2186/707/728 2187/709/728
f 2188/773/729 2189/774/729 2190/707/729
f 2191/774/730 2192/775/730 2193/707/730
f 2194/774/731 2195/776/731 2196/775/731
f 2197/776/732 2198/777/732 2199/775/732
f 2200/776/733 2201/778/733 2202/777/733
f 2203/778/734 2204/779/734 2205/777/734
f 2206/778/735 2207/780/735 2208/779/735
f 2209/780/736 2210/781/736 2211/779/736
f 2212/780/737 2213/782/737 2214/781/737
f 2215/782/738 2216/783/738 2217/781/738
f 2218/782/739 2219/784/739 2220/783/739
f 2221/785/740 2222/786/740 2223/787/740
f 2224/785/741 2225/788/741 2226/786/741
f 2227/788/742 2228/789/742 2229/786/742
s 1
f 2230/788/743 2231/790/743 2232/789/743
s 0
f 2233/790/744 2234/791/744 2235/789/744
f 2236/790/745 2237/792/745 2238/791/745
f 2239/792/746 2240/793/746 2241/791/746
f 2242/792/747 2243/794/747 2244/793/747
f 2245/794/748 2246/795/748 2247/793/748
f 2248/794/749 2249/796/749 2250/795/749
s 1
f 2251/796/750 2252/797/750 2253/795/750
s 0
f 2254/796/751 2255/798/751 2256/797/751
f 2257/799/752 2258/800/752 2259/801/752
f 2260/799/753 2261/802/753 2262/800/753
f 2263/802/754 2264/803/754 2265/800/754
f 2266/802/755 2267/804/755 2268/803/755
f 2269/804/756 2270/805/756 2271/803/756
f 2272/804/757 2273/806/757 2274/805/757
f 2275/806/758 2276/807/758 2277/805/758
f 2278/806/759 2279/808/759 2280/807/759
f 2281/808/760 2282/809/760 2283/807/760
f 2284/808/761 2285/810/761 2286/809/761
f 2287/810/762 2288/811/762 2289/809/762
f 2290/810/763 2291/812/763 2292/811/763
f 2293/813/764 2294/814/764 2295/815/764
f 2296/813/765 2297/816/765 2298/814/765
f 2299/815/766 2300/817/766 2301/818/766
f 2302/815/767 2303/814/767 2304/817/767
f 2305/818/768 2306/819/768 2307/820/768
f 2308/818/769 2309/817/769 2310/819/769
f 2311/820/770 2312/821/770 2313/822/770
f 2314/820/771 2315/819/771 2316/821/771
f 2317/822/772 2318/823/772 2319/824/772
f 2320/822/773 2321/821/773 2322/823/773
f 2323/825/774 2324/826/774 2325/827/774
f 2326/824/775 2327/823/775 2328/828/775
f 2329/827/776 2330/829/776 2331/830/776
f 2332/827/777 2333/826/777 2334/829/777
f 2335/830/778 2336/831/778 2337/832/778
f 2338/830/779 2339/829/779 2340/831/779
f 2341/832/780 2342/833/780 2343/834/780
f 2344/832/781 2345/831/781 2346/833/781
f 2347/834/782 2348/835/782 2349/836/782
f 2350/834/783 2351/833/783 2352/835/783
f 2353/836/784 2354/837/784 2355/838/784
f 2356/836/785 2357/835/785 2358/837/785
s 1
f 2359/838/786 2360/839/786 2361/840/786
s 0
f 2362/838/787 2363/837/787 2364/839/787
f 2365/841/788 2366/842/788 2367/843/788
f 2368/841/789 2369/844/789 2370/842/789
f 2371/845/790 2372/846/790 2373/847/790
f 2374/845/791 2375/848/791 2376/846/791
f 2377/848/792 2378/849/792 2379/846/792
f 2380/848/793 2381/850/793 2382/849/793
f 2383/850/794 2384/851/794 2385/849/794
s 1
f 2386/850/795 2387/852/795 2388/851/795
s 0
f 2389/852/796 2390/853/796 2391/851/796
f 2392/852/797 2393/854/797 2394/853/797
f 2395/854/798 2396/855/798 2397/853/798
s 1
f 2398/854/799 2399/856/799 2400/855/799
s 0
f 2401/856/800 2402/857/800 2403/855/800
f 2404/856/801 2405/858/801 2406/857/801
f 2407/858/802 2408/859/802 2409/857/802
f 2410/858/803 2411/860/803 2412/859/803
f 2413/860/804 2414/861/804 2415/859/804
f 2416/860/805 2417/862/805 2418/861/805
f 2419/862/806 2420/863/806 2421/861/806
f 2422/862/807 2423/864/807 2424/863/807
f 2425/864/808 2426/865/808 2427/863/808
f 2428/864/809 2429/866/809 2430/865/809
f 2431/866/810 2432/867/810 2433/865/810
f 2434/866/811 2435/868/811 2436/867/811
f 2437/868/812 2438/869/812 2439/867/812
f 2440/868/813 2441/870/813 2442/869/813
f 2443/871/814 2444/872/814 2445/873/814
f 2446/871/815 2447/874/815 2448/872/815
f 2449/875/816 2450/876/816 2451/877/816
f 2452/875/817 2453/878/817 2454/876/817
f 2455/878/818 2456/879/818 2457/876/818
f 2458/878/819 2459/880/819 2460/879/819
f 2461/880/820 2462/881/820 2463/879/820
f 2464/880/821 2465/882/821 2466/881/821
f 2467/882/822 2468/883/822 2469/881/822
s 1
f 2470/882/823 2471/884/823 2472/883/823
s 0
f 2473/884/824 2474/885/824 2475/883/824
f 2476/884/825 2477/886/825 2478/885/825
f 2479/886/826 2480/887/826 2481/885/826
f 2482/886/827 2483/888/827 2484/887/827
f 2485/888/828 2486/889/828 2487/887/828
f 2488/888/829 2489/890/829 2490/889/829
f 2491/890/830 2492/891/830 2493/889/830
f 2494/890/831 2495/892/831 2496/891/831
f 2497/892/832 2498/893/832 2499/891/832
f 2500/892/833 2501/894/833 2502/893/833
f 2503/894/834 2504/895/834 2505/893/834
f 2506/894/835 2507/896/835 2508/895/835
f 2509/896/836 2510/897/836 2511/895/836
f 2512/896/837 2513/898/837 2514/897/837
f 2515/898/838 2516/899/838 2517/897/838
f 2518/898/839 2519/900/839 2520/899/839
f 2521/901/840 2522/902/840 2523/903/840
f 2524/901/841 2525/904/841 2526/902/841
f 2527/904/842 2528/905/842 2529/902/842
f 2530/904/843 2531/906/843 2532/905/843
f 2533/906/844 2534/907/844 2535/905/844
f 2536/906/845 2537/908/845 2538/907/845
f 2539/908/846 2540/909/846 2541/907/846
f 2542/908/847 2543/910/847 2544/909/847
f 2545/910/848 2546/911/848 2547/909/848
f 2548/910/849 2549/912/849 2550/911/849
f 2551/913/850 2552/914/850 2553/915/850
f 2554/913/851 2555/916/851 2556/914/851
f 2557/916/852 2558/917/852 2559/914/852
f 2560/916/853 2561/918/853 2562/917/853
f 2563/918/854 2564/919/854 2565/917/854
f 2566/918/855 2567/920/855 2568/919/855
f 2569/920/856 2570/921/856 2571/919/856
f 2572/920/857 2573/922/857 2574/921/857
f 2575/922/858 2576/923/858 2577/921/858
f 2578/922/859 2579/924/859 2580/923/859
f 2581/924/860 2582/925/860 2583/923/860
f 2584/924/861 2585/926/861 2586/925/861
f 2587/926/862 2588/927/862 2589/925/862
f 2590/926/863 2591/928/863 2592/927/863
f 2593/929/864 2594/930/864 2595/931/864
f 2596/929/865 2597/932/865 2598/930/865
f 2599/931/866 2600/933/866 2601/934/866
f 2602/931/867 2603/930/867 2604/933/867
f 2605/934/868 2606/935/868 2607/936/868
f 2608/934/869 2609/933/869 2610/935/869
f 2611/936/870 2612/937/870 2613/938/870
f 2614/936/871 2615/935/871 2616/937/871
f 2617/938/872 2618/939/872 2619/940/872
f 2620/938/873 2621/937/873 2622/939/873
f 2623/941/874 2624/942/874 2625/943/874
f 2626/941/875 2627/944/875 2628/942/875
f 2629/943/876 2630/945/876 2631/946/876
f 2632/943/877 2633/942/877 2634/945/877
f 2635/946/878 2636/947/878 2637/948/878
f 2638/946/879 2639/945/879 2640/947/879
f 2641/948/880 2642/949/880 2643/950/880
f 2644/948/881 2645/947/881 2646/949/881
f 2647/950/882 2648/951/882 2649/952/882
f 2650/950/883 2651/949/883 2652/951/883
f 2653/952/884 2654/953/884 2655/954/884
f 2656/952/885 2657/951/885 2658/953/885
f 2659/955/886 2660/956/886 2661/957/886
f 2662/954/887 2663/953/887 2664/958/887
f 2665/959/888 2666/960/888 2667/961/888
f 2668/959/889 2669/962/889 2670/960/889
f 2671/963/890 2672/964/890 2673/965/890
f 2674/963/891 2675/966/891 2676/964/891
f 2677/966/892 2678/967/892 2679/964/892
f 2680/966/893 2681/968/893 2682/967/893
f 2683/969/894 2684/935/894 2685/933/894
f 2686/969/895 2687/970/895 2688/935/895
f 2689/970/896 2690/937/896 2691/935/896
f 2692/970/897 2693/971/897 2694/937/897
f 2695/971/898 2696/939/898 2697/937/898
f 2698/971/899 2699/972/899 2700/939/899
f 2701/972/900 2702/973/900 2703/939/900
f 2704/972/901 2705/974/901 2706/973/901
f 2707/975/902 2708/976/902 2709/977/902
f 2710/975/903 2711/978/903 2712/976/903
f 2713/978/904 2714/979/904 2715/976/904
f 2716/978/905 2717/980/905 2718/979/905
f 2719/980/906 2720/981/906 2721/979/906
f 2722/980/907 2723/982/907 2724/981/907
f 2725/983/908 2726/984/908 2727/985/908
f 2728/983/909 2729/986/909 2730/984/909
f 2731/986/910 2732/987/910 2733/984/910
f 2734/986/911 2735/988/911 2736/987/911
f 2737/989/912 2738/990/912 2739/991/912
f 2740/989/913 2741/992/913 2742/990/913
f 2743/993/914 2744/957/914 2745/956/914
s 1
f 2746/993/915 2747/994/915 2748/957/915
s 0
f 2749/994/916 2750/955/916 2751/957/916
f 2752/994/917 2753/995/917 2754/955/917
f 2755/995/918 2756/996/918 2757/955/918
f 2758/995/919 2759/997/919 2760/996/919
f 2761/997/920 2762/998/920 2763/996/920
f 2764/997/921 2765/999/921 2766/998/921
f 2767/1000/922 2768/1001/922 2769/1002/922
f 2770/1000/923 2771/1003/923 2772/1001/923
f 2773/1003/924 2774/1004/924 2775/1001/924
f 2776/1003/925 2777/1005/925 2778/1004/925
f 2779/1005/926 2780/1006/926 2781/1004/926
f 2782/1005/927 2783/1007/927 2784/1006/927
f 2785/1007/928 2786/1008/928 2787/1006/928
f 2788/1009/929 2789/912/929 2790/1010/929
f 2791/912/930 2792/1011/930 2793/1010/930
f 2794/912/931 2795/910/931 2796/1011/931
f 2797/910/932 2798/1012/932 2799/1011/932
f 2800/910/933 2801/908/933 2802/1012/933
f 2803/908/934 2804/1013/934 2805/1012/934
f 2806/908/935 2807/906/935 2808/1013/935
f 2809/1014/936 2810/1015/936 2811/1016/936
f 2812/1014/937 2813/1017/937 2814/1015/937
f 2815/1017/938 2816/1018/938 2817/1015/938
f 2818/1017/939 2819/1019/939 2820/1018/939
f 2821/1020/940 2822/1021/940 2823/1022/940
f 2824/1020/941 2825/1023/941 2826/1021/941
f 2827/1022/942 2828/1024/942 2829/1025/942
f 2830/1022/943 2831/1021/943 2832/1024/943
f 2833/1025/944 2834/1026/944 2835/1027/944
f 2836/1025/945 2837/1024/945 2838/1026/945
f 2839/1027/946 2840/1028/946 2841/1029/946
f 2842/1027/947 2843/1026/947 2844/1028/947
f 2845/1029/948 2846/1030/948 2847/1031/948
f 2848/1029/949 2849/1028/949 2850/1030/949
f 2851/1031/950 2852/1032/950 2853/1033/950
f 2854/1031/951 2855/1030/951 2856/1032/951
f 2857/1033/952 2858/1034/952 2859/1035/952
f 2860/1033/953 2861/1032/953 2862/1034/953
f 2863/1035/954 2864/1036/954 2865/1037/954
f 2866/1035/955 2867/1034/955 2868/1036/955
f 2869/1037/956 2870/1038/956 2871/1039/956
f 2872/1037/957 2873/1036/957 2874/1038/957
f 2875/1039/958 2876/1040/958 2877/1041/958
f 2878/1039/959 2879/1038/959 2880/1040/959
f 2881/1041/960 2882/1042/960 2883/1043/960
f 2884/1041/961 2885/1040/961 2886/1042/961
f 2887/1043/962 2888/1044/962 2889/1045/962
f 2890/1043/963 2891/1042/963 2892/1044/963
f 2893/1046/964 2894/1047/964 2895/1048/964
f 2896/1046/965 2897/1049/965 2898/1047/965
f 2899/1049/966 2900/1050/966 2901/1047/966
f 2902/1049/967 2903/1051/967 2904/1050/967
s 1
f 2905/1051/968 2906/1052/968 2907/1050/968
s 0
f 2908/1051/969 2909/1053/969 2910/1052/969
f 2911/1053/970 2912/1054/970 2913/1052/970
f 2914/1053/971 2915/1055/971 2916/1054/971
f 2917/1055/972 2918/1056/972 2919/1054/972
f 2920/1055/973 2921/1057/973 2922/1056/973
f 2923/1057/974 2924/1058/974 2925/1056/974
f 2926/1057/975 2927/1059/975 2928/1058/975
f 2929/1059/976 2930/1060/976 2931/1058/976
f 2932/1059/977 2933/1061/977 2934/1060/977
f 2935/1061/978 2936/1062/978 2937/1060/978
f 2938/1061/979 2939/1063/979 2940/1062/979
f 2941/1063/980 2942/1064/980 2943/1062/980
f 2944/1063/981 2945/1065/981 2946/1064/981
f 2947/1065/982 2948/1066/982 2949/1064/982
f 2950/1065/983 2951/1067/983 2952/1066/983
f 2953/1067/984 2954/1068/984 2955/1066/984
f 2956/1067/985 2957/1069/985 2958/1068/985
f 2959/1069/986 2960/1070/986 2961/1068/986
f 2962/1069/987 2963/1071/987 2964/1070/987
f 2965/1072/988 2966/1073/988 2967/1074/988
f 2968/1072/989 2969/1075/989 2970/1073/989
f 2971/1076/990 2972/1077/990 2973/1078/990
f 2974/1076/991 2975/1079/991 2976/1077/991
f 2977/1078/992 2978/1080/992 2979/1081/992
f 2980/1078/993 2981/1077/993 2982/1080/993
f 2983/1082/994 2984/1083/994 2985/1084/994
f 2986/1082/995 2987/1085/995 2988/1083/995
f 2989/1084/996 2990/1086/996 2991/1087/996
f 2992/1084/997 2993/1083/997 2994/1086/997
s 1
f 2995/1087/998 2996/1088/998 2997/1089/998
s 0
f 2998/1087/999 2999/1086/999 3000/1088/999
f 3001/1089/1000 3002/1090/1000 3003/1091/1000
f 3004/1089/1001 3005/1088/1001 3006/1090/1001
f 3007/1091/1002 3008/1092/1002 3009/1093/1002
f 3010/1091/1003 3011/1090/1003 3012/1092/1003
f 3013/1093/1004 3014/1094/1004 3015/1095/1004
f 3016/1093/1005 3017/1092/1005 3018/1094/1005
f 3019/1095/1006 3020/1096/1006 3021/1097/1006
f 3022/1095/1007 3023/1094/1007 3024/1096/1007
f 3025/1097/1008 3026/1098/1008 3027/1099/1008
f 3028/1097/1009 3029/1096/1009 3030/1098/1009
f 3031/1099/1010 3032/1100/1010 3033/1101/1010
f 3034/1099/1011 3035/1098/1011 3036/1100/1011
f 3037/1101/1012 3038/1102/1012 3039/1103/1012
f 3040/1101/1013 3041/1100/1013 3042/1102/1013
f 3043/1104/1014 3044/1105/1014 3045/1106/1014
f 3046/1104/1015 3047/1107/1015 3048/1105/1015
f 3049/1108/1016 3050/1109/1016 3051/1110/1016
f 3052/1108/1017 3053/1111/1017 3054/1109/1017
f 3055/1110/1018 3056/1112/1018 3057/1113/1018
f 3058/1110/1019 3059/1109/1019 3060/1112/1019
f 3061/1113/1020 3062/1114/1020 3063/1115/1020
f 3064/1113/1021 3065/1112/1021 3066/1114/1021
f 3067/1115/1022 3068/1116/1022 3069/1117/1022
f 3070/1115/1023 3071/1114/1023 3072/1116/1023
f 3073/1117/1024 3074/1118/1024 3075/1119/1024
f 3076/1117/1025 3077/1116/1025 3078/1118/1025
f 3079/1119/1026 3080/1120/1026 3081/1121/1026
f 3082/1119/1027 3083/1118/1027 3084/1120/1027
f 3085/1121/1028 3086/1122/1028 3087/1123/1028
f 3088/1121/1029 3089/1120/1029 3090/1122/1029
f 3091/1123/1030 3092/1124/1030 3093/1125/1030
f 3094/1123/1031 3095/1122/1031 3096/1124/1031
f 3097/1125/1032 3098/1126/1032 3099/1127/1032
f 3100/1125/1033 3101/1124/1033 3102/1126/1033
f 3103/1127/1034 3104/1128/1034 3105/1129/1034
f 3106/1127/1035 3107/1126/1035 3108/1128/1035
f 3109/1130/1036 3110/1131/1036 3111/1132/1036
f 3112/1130/1037 3113/1133/1037 3114/1131/1037
f 3115/1134/1038 3116/1135/1038 3117/1136/1038
f 3118/1134/1039 3119/1137/1039 3120/1135/1039
f 3121/1138/1040 3122/1139/1040 3123/1140/1040
f 3124/1138/1041 3125/1141/1041 3126/1139/1041
f 3127/1141/1042 3128/1142/1042 3129/1139/1042
f 3130/1141/1043 3131/1143/1043 3132/1142/1043
f 3133/1143/1044 3134/1144/1044 3135/1142/1044
f 3136/1143/1045 3137/1145/1045 3138/1144/1045
f 3139/1145/1046 3140/1146/1046 3141/1144/1046
f 3142/1145/1047 3143/1147/1047 3144/1146/1047
f 3145/1147/1048 3146/1148/1048 3147/1146/1048
f 3148/1147/1049 3149/1149/1049 3150/1148/1049
f 3151/1149/1050 3152/1150/1050 3153/1148/1050
f 3154/1149/1051 3155/1151/1051 3156/1150/1051
f 3157/1152/1052 3158/1153/1052 3159/1154/1052
f 3160/1152/1053 3161/1155/1053 3162/1153/1053
f 3163/1155/1054 3164/1156/1054 3165/1153/1054
f 3166/1155/1055 3167/1157/1055 3168/1156/1055
f 3169/1157/1056 3170/1158/1056 3171/1156/1056
f 3172/1157/1057 3173/1159/1057 3174/1158/1057
f 3175/1159/1058 3176/1160/1058 3177/1158/1058
s 1
f 3178/1159/1059 3179/1161/1059 3180/1160/1059
s 0
f 3181/1161/1060 3182/1162/1060 3183/1160/1060
f 3184/1161/1061 3185/1163/1061 3186/1162/1061
f 3187/1163/1062 3188/1164/1062 3189/1162/1062
f 3190/1163/1063 3191/1165/1063 3192/1164/1063
f 3193/1166/1064 3194/1167/1064 3195/1168/1064
f 3196/1166/1065 3197/1169/1065 3198/1167/1065
f 3199/1168/1066 3200/1170/1066 3201/1171/1066
f 3202/1168/1067 3203/1167/1067 3204/1170/1067
f 3205/1171/1068 3206/1172/1068 3207/1173/1068
f 3208/1171/1069 3209/1170/1069 3210/1172/1069
f 3211/1173/1070 3212/1174/1070 3213/1175/1070
f 3214/1173/1071 3215/1172/1071 3216/1174/1071
f 3217/1175/1072 3218/1176/1072 3219/1177/1072
f 3220/1175/1073 3221/1174/1073 3222/1176/1073
f 3223/1178/1074 3224/1179/1074 3225/1180/1074
f 3226/1177/1075 3227/1176/1075 3228/1181/1075
s 1
f 3229/1180/1076 3230/1182/1076 3231/1183/1076
s 0
f 3232/1180/1077 3233/1179/1077 3234/1182/1077
f 3235/1183/1078 3236/1184/1078 3237/1185/1078
f 3238/1183/1079 3239/1182/1079 3240/1184/1079
f 3241/1185/1080 3242/1186/1080 3243/1187/1080
f 3244/1185/1081 3245/1184/1081 3246/1186/1081
f 3247/1187/1082 3248/1188/1082 3249/1189/1082
f 3250/1187/1083 3251/1186/1083 3252/1188/1083
f 3253/1189/1084 3254/1190/1084 3255/1191/1084
f 3256/1189/1085 3257/1188/1085 3258/1190/1085
f 3259/1191/1086 3260/1192/1086 3261/1193/1086
f 3262/1191/1087 3263/1190/1087 3264/1192/1087
f 3265/1194/1088 3266/1195/1088 3267/1196/1088
f 3268/1194/1089 3269/1197/1089 3270/1195/1089
f 3271/1198/1090 3272/1199/1090 3273/1200/1090
f 3274/1198/1091 3275/1201/1091 3276/1199/1091
f 3277/1201/1092 3278/1202/1092 3279/1199/1092
f 3280/1201/1093 3281/1203/1093 3282/1202/1093
f 3283/1203/1094 3284/1204/1094 3285/1202/1094
f 3286/1203/1095 3287/1205/1095 3288/1204/1095
f 3289/1205/1096 3290/1206/1096 3291/1204/1096
f 3292/1205/1097 3293/1207/1097 3294/1206/1097
f 3295/1207/1098 3296/1208/1098 3297/1206/1098
f 3298/1207/1099 3299/1209/1099 3300/1208/1099
f 3301/1209/1100 3302/1210/1100 3303/1208/1100
f 3304/1209/1101 3305/1211/1101 3306/1210/1101
f 3307/1211/802 3308/1212/802 3309/1210/802
f 3310/1211/1102 3311/1213/1102 3312/1212/1102
f 3313/1213/1103 3314/1214/1103 3315/1212/1103
f 3316/1213/1104 3317/1215/1104 3318/1214/1104
f 3319/1215/1105 3320/1216/1105 3321/1214/1105
f 3322/1215/1106 3323/1217/1106 3324/1216/1106
f 3325/1217/1107 3326/1218/1107 3327/1216/1107
f 3328/1217/1108 3329/1219/1108 3330/1218/1108
f 3331/1219/1109 3332/1220/1109 3333/1218/1109
f 3334/1219/1110 3335/1221/1110 3336/1220/1110
f 3337/1221/1111 3338/1222/1111 3339/1220/1111
f 3340/1221/813 3341/1223/813 3342/1222/813
f 3343/1224/1112 3344/1225/1112 3345/1226/1112
f 3346/1224/815 3347/1227/815 3348/1225/815
f 3349/1228/1113 3350/1229/1113 3351/1230/1113
f 3352/1228/1113 3353/1231/1113 3354/1229/1113
f 3355/1231/1114 3356/1232/1114 3357/1229/1114
f 3358/1231/1115 3359/1233/1115 3360/1232/1115
f 3361/1233/1116 3362/1234/1116 3363/1232/1116
f 3364/1233/1117 3365/1235/1117 3366/1234/1117
f 3367/1235/1118 3368/1236/1118 3369/1234/1118
f 3370/1235/1119 3371/1237/1119 3372/1236/1119
f 3373/1237/1120 3374/1238/1120 3375/1236/1120
f 3376/1237/1121 3377/1239/1121 3378/1238/1121
s 1
f 3379/1239/826 3380/1240/826 3381/1238/826
s 0
f 3382/1239/1122 3383/1241/1122 3384/1240/1122
f 3385/1241/1123 3386/1242/1123 3387/1240/1123
f 3388/1241/1124 3389/1243/1124 3390/1242/1124
f 3391/1243/1125 3392/1244/1125 3393/1242/1125
f 3394/1243/1126 3395/1245/1126 3396/1244/1126
f 3397/1245/1127 3398/1246/1127 3399/1244/1127
f 3400/1245/1128 3401/1247/1128 3402/1246/1128
f 3403/1247/1129 3404/1248/1129 3405/1246/1129
f 3406/1247/1130 3407/1249/1130 3408/1248/1130
f 3409/1249/1131 3410/1250/1131 3411/1248/1131
f 3412/1249/1132 3413/1251/1132 3414/1250/1132
f 3415/1251/1133 3416/1252/1133 3417/1250/1133
f 3418/1251/1134 3419/1253/1134 3420/1252/1134
f 3421/1254/940 3422/1255/940 3423/1256/940
f 3424/1254/941 3425/1257/941 3426/1255/941
f 3427/1256/942 3428/1258/942 3429/1259/942
f 3430/1256/943 3431/1255/943 3432/1258/943
f 3433/1259/944 3434/1260/944 3435/1261/944
f 3436/1259/945 3437/1258/945 3438/1260/945
f 3439/1261/946 3440/1262/946 3441/1263/946
f 3442/1261/947 3443/1260/947 3444/1262/947
f 3445/1263/948 3446/1264/948 3447/1265/948
f 3448/1263/949 3449/1262/949 3450/1264/949
f 3451/1265/950 3452/1266/950 3453/1267/950
f 3454/1265/951 3455/1264/951 3456/1266/951
f 3457/1267/952 3458/1268/952 3459/1269/952
f 3460/1267/953 3461/1266/953 3462/1268/953
f 3463/1269/954 3464/1270/954 3465/1271/954
f 3466/1269/955 3467/1268/955 3468/1270/955
f 3469/1271/956 3470/1272/956 3471/1273/956
f 3472/1271/957 3473/1270/957 3474/1272/957
f 3475/1273/958 3476/1274/958 3477/1275/958
f 3478/1273/959 3479/1272/959 3480/1274/959
f 3481/1275/960 3482/1276/960 3483/1277/960
f 3484/1275/961 3485/1274/961 3486/1276/961
f 3487/1277/962 3488/1278/962 3489/1279/962
f 3490/1277/963 3491/1276/963 3492/1278/963
f 3493/1280/964 3494/1281/964 3495/1282/964
f 3496/1280/965 3497/1283/965 3498/1281/965
f 3499/1283/966 3500/1284/966 3501/1281/966
f 3502/1283/967 3503/1285/967 3504/1284/967
s 1
f 3505/1285/968 3506/1286/968 3507/1284/968
s 0
f 3508/1285/969 3509/1287/969 3510/1286/969
f 3511/1287/970 3512/1288/970 3513/1286/970
f 3514/1287/971 3515/1289/971 3516/1288/971
f 3517/1289/972 3518/1290/972 3519/1288/972
f 3520/1289/973 3521/1291/973 3522/1290/973
f 3523/1291/974 3524/1292/974 3525/1290/974
f 3526/1291/975 3527/1293/975 3528/1292/975
f 3529/1293/976 3530/1294/976 3531/1292/976
f 3532/1293/977 3533/1295/977 3534/1294/977
f 3535/1295/978 3536/1296/978 3537/1294/978
f 3538/1295/979 3539/1297/979 3540/1296/979
f 3541/1297/980 3542/1298/980 3543/1296/980
f 3544/1297/981 3545/1299/981 3546/1298/981
f 3547/1299/982 3548/1300/982 3549/1298/982
f 3550/1299/983 3551/1301/983 3552/1300/983
f 3553/1301/984 3554/1302/984 3555/1300/984
f 3556/1301/985 3557/1303/985 3558/1302/985
f 3559/1303/986 3560/1304/986 3561/1302/986
f 3562/1303/987 3563/1305/987 3564/1304/987
f 3565/1306/988 3566/1307/988 3567/1308/988
f 3568/1306/989 3569/1309/989 3570/1307/989
f 3571/1310/990 3572/1311/990 3573/1312/990
f 3574/1310/991 3575/1313/991 3576/1311/991
f 3577/1312/992 3578/1314/992 3579/1315/992
f 3580/1312/993 3581/1311/993 3582/1314/993
f 3583/1316/994 3584/1317/994 3585/1318/994
f 3586/1316/995 3587/1319/995 3588/1317/995
f 3589/1318/996 3590/1320/996 3591/1321/996
f 3592/1318/997 3593/1317/997 3594/1320/997
s 1
f 3595/1321/998 3596/1322/998 3597/1323/998
s 0
f 3598/1321/999 3599/1320/999 3600/1322/999
f 3601/1323/1000 3602/1324/1000 3603/1325/1000
f 3604/1323/1001 3605/1322/1001 3606/1324/1001
f 3607/1325/1002 3608/1326/1002 3609/1327/1002
f 3610/1325/1003 3611/1324/1003 3612/1326/1003
f 3613/1327/1004 3614/1328/1004 3615/1329/1004
f 3616/1327/1005 3617/1326/1005 3618/1328/1005
f 3619/1329/1006 3620/1330/1006 3621/1331/1006
f 3622/1329/1007 3623/1328/1007 3624/1330/1007
f 3625/1331/1008 3626/1332/1008 3627/1333/1008
f 3628/1331/1009 3629/1330/1009 3630/1332/1009
f 3631/1333/1010 3632/1334/1010 3633/1335/1010
f 3634/1333/1011 3635/1332/1011 3636/1334/1011
f 3637/1335/1012 3638/1336/1012 3639/1337/1012
f 3640/1335/1013 3641/1334/1013 3642/1336/1013
f 3643/1338/1014 3644/1339/1014 3645/1340/1014
f 3646/1338/1015 3647/1341/1015 3648/1339/1015
f 3649/1342/1016 3650/1343/1016 3651/1344/1016
f 3652/1342/1017 3653/1345/1017 3654/1343/1017
f 3655/1344/1018 3656/1346/1018 3657/1347/1018
f 3658/1344/1019 3659/1343/1019 3660/1346/1019
f 3661/1347/1020 3662/1348/1020 3663/1349/1020
f 3664/1347/1021 3665/1346/1021 3666/1348/1021
f 3667/1349/1022 3668/1350/1022 3669/1351/1022
f 3670/1349/1023 3671/1348/1023 3672/1350/1023
f 3673/1351/1024 3674/1352/1024 3675/1353/1024
f 3676/1351/1025 3677/1350/1025 3678/1352/1025
f 3679/1353/1026 3680/1354/1026 3681/1355/1026
f 3682/1353/1027 3683/1352/1027 3684/1354/1027
f 3685/1355/1028 3686/1356/1028 3687/1357/1028
f 3688/1355/1029 3689/1354/1029 3690/1356/1029
f 3691/1357/1030 3692/1358/1030 3693/1359/1030
f 3694/1357/1031 3695/1356/1031 3696/1358/1031
f 3697/1359/1032 3698/1360/1032 3699/1361/1032
f 3700/1359/1033 3701/1358/1033 3702/1360/1033
f 3703/1361/1034 3704/1362/1034 3705/1363/1034
f 3706/1361/1035 3707/1360/1035 3708/1362/1035
f 3709/1364/1036 3710/1365/1036 3711/1366/1036
f 3712/1364/1037 3713/1367/1037 3714/1365/1037
f 3715/1368/1038 3716/1369/1038 3717/1370/1038
f 3718/1368/1039 3719/1371/1039 3720/1369/1039
f 3721/1372/1040 3722/1373/1040 3723/1374/1040
f 3724/1372/1041 3725/1375/1041 3726/1373/1041
f 3727/1375/1042 3728/1376/1042 3729/1373/1042
f 3730/1375/1043 3731/1377/1043 3732/1376/1043
f 3733/1377/1044 3734/1378/1044 3735/1376/1044
f 3736/1377/1045 3737/1379/1045 3738/1378/1045
f 3739/1379/1046 3740/1380/1046 3741/1378/1046
f 3742/1379/1047 3743/1381/1047 3744/1380/1047
f 3745/1381/1048 3746/1382/1048 3747/1380/1048
f 3748/1381/1049 3749/1383/1049 3750/1382/1049
f 3751/1383/1050 3752/1384/1050 3753/1382/1050
f 3754/1383/1051 3755/1385/1051 3756/1384/1051
f 3757/1386/1052 3758/1387/1052 3759/1388/1052
f 3760/1386/1053 3761/1389/1053 3762/1387/1053
f 3763/1389/1054 3764/1390/1054 3765/1387/1054
f 3766/1389/1055 3767/1391/1055 3768/1390/1055
f 3769/1391/1056 3770/1392/1056 3771/1390/1056
f 3772/1391/1057 3773/1393/1057 3774/1392/1057
f 3775/1393/1058 3776/1394/1058 3777/1392/1058
s 1
f 3778/1393/1059 3779/1395/1059 3780/1394/1059
s 0
f 3781/1395/1060 3782/1396/1060 3783/1394/1060
f 3784/1395/1061 3785/1397/1061 3786/1396/1061
f 3787/1397/1062 3788/1398/1062 3789/1396/1062
f 3790/1397/1063 3791/1399/1063 3792/1398/1063
f 3793/1400/1064 3794/1401/1064 3795/1402/1064
f 3796/1400/1065 3797/1403/1065 3798/1401/1065
f 3799/1402/1066 3800/1404/1066 3801/1405/1066
f 3802/1402/1067 3803/1401/1067 3804/1404/1067
f 3805/1405/1068 3806/1406/1068 3807/1407/1068
f 3808/1405/1069 3809/1404/1069 3810/1406/1069
f 3811/1407/1070 3812/1408/1070 3813/1409/1070
f 3814/1407/1071 3815/1406/1071 3816/1408/1071
f 3817/1409/1072 3818/1410/1072 3819/1411/1072
f 3820/1409/1073 3821/1408/1073 3822/1410/1073
f 3823/1412/1074 3824/1413/1074 3825/1414/1074
f 3826/1411/1075 3827/1410/1075 3828/1415/1075
s 1
f 3829/1414/1076 3830/1416/1076 3831/1417/1076
s 0
f 3832/1414/1077 3833/1413/1077 3834/1416/1077
f 3835/1417/1078 3836/1418/1078 3837/1419/1078
f 3838/1417/1079 3839/1416/1079 3840/1418/1079
f 3841/1419/1080 3842/1420/1080 3843/1421/1080
f 3844/1419/1081 3845/1418/1081 3846/1420/1081
f 3847/1421/1082 3848/1422/1082 3849/1423/1082
f 3850/1421/1083 3851/1420/1083 3852/1422/1083
f 3853/1423/1084 3854/1424/1084 3855/1425/1084
f 3856/1423/1085 3857/1422/1085 3858/1424/1085
f 3859/1425/1086 3860/1426/1086 3861/1427/1086
f 3862/1425/1087 3863/1424/1087 3864/1426/1087
f 3865/1428/1088 3866/1429/1088 3867/1430/1088
f 3868/1428/1089 3869/1431/1089 3870/1429/1089
f 3871/1432/1090 3872/1433/1090 3873/1434/1090
f 3874/1432/1091 3875/1435/1091 3876/1433/1091
f 3877/1435/1092 3878/1436/1092 3879/1433/1092
f 3880/1435/1093 3881/1437/1093 3882/1436/1093
f 3883/1437/1094 3884/1438/1094 3885/1436/1094
f 3886/1437/1095 3887/1439/1095 3888/1438/1095
f 3889/1439/1096 3890/1440/1096 3891/1438/1096
f 3892/1439/1097 3893/1441/1097 3894/1440/1097
f 3895/1441/1098 3896/1442/1098 3897/1440/1098
f 3898/1441/1099 3899/1443/1099 3900/1442/1099
f 3901/1443/1100 3902/1444/1100 3903/1442/1100
f 3904/1443/1101 3905/1445/1101 3906/1444/1101
f 3907/1445/802 3908/1446/802 3909/1444/802
f 3910/1445/1102 3911/1447/1102 3912/1446/1102
f 3913/1447/1103 3914/1448/1103 3915/1446/1103
f 3916/1447/1104 3917/1449/1104 3918/1448/1104
f 3919/1449/1105 3920/1450/1105 3921/1448/1105
f 3922/1449/1106 3923/1451/1106 3924/1450/1106
f 3925/1451/1107 3926/1452/1107 3927/1450/1107
f 3928/1451/1108 3929/1453/1108 3930/1452/1108
f 3931/1453/1109 3932/1454/1109 3933/1452/1109
f 3934/1453/1110 3935/1455/1110 3936/1454/1110
f 3937/1455/1111 3938/1456/1111 3939/1454/1111
f 3940/1455/813 3941/1457/813 3942/1456/813
f 3943/1458/1112 3944/1459/1112 3945/1460/1112
f 3946/1458/815 3947/1461/815 3948/1459/815
f 3949/1462/1113 3950/1463/1113 3951/1464/1113
f 3952/1462/1113 3953/1465/1113 3954/1463/1113
f 3955/1465/1114 3956/1466/1114 3957/1463/1114
f 3958/1465/1115 3959/1467/1115 3960/1466/1115
f 3961/1467/1116 3962/1468/1116 3963/1466/1116
f 3964/1467/1117 3965/1469/1117 3966/1468/1117
f 3967/1469/1118 3968/1470/1118 3969/1468/1118
f 3970/1469/1119 3971/1471/1119 3972/1470/1119
f 3973/1471/1120 3974/1472/1120 3975/1470/1120
f 3976/1471/1121 3977/1473/1121 3978/1472/1121
s 1
f 3979/1473/826 3980/1474/826 3981/1472/826
s 0
f 3982/1473/1122 3983/1475/1122 3984/1474/1122
f 3985/1475/1123 3986/1476/1123 3987/1474/1123
f 3988/1475/1124 3989/1477/1124 3990/1476/1124
f 3991/1477/1125 3992/1478/1125 3993/1476/1125
f 3994/1477/1126 3995/1479/1126 3996/1478/1126
f 3997/1479/1127 3998/1480/1127 3999/1478/1127
f 4000/1479/1128 4001/1481/1128 4002/1480/1128
f 4003/1481/1129 4004/1482/1129 4005/1480/1129
f 4006/1481/1130 4007/1483/1130 4008/1482/1130
f 4009/1483/1131 4010/1484/1131 4011/1482/1131
f 4012/1483/1132 4013/1485/1132 4014/1484/1132
f 4015/1485/1133 4016/1486/1133 4017/1484/1133
f 4018/1485/1134 4019/1487/1134 4020/1486/1134
f 4021/1488/640 4022/1489/640 4023/1490/640
f 4024/1488/641 4025/1491/641 4026/1489/641
f 4027/1491/642 4028/1492/642 4029/1489/642
f 4030/1491/643 4031/1493/643 4032/1492/643
f 4033/1493/644 4034/1494/644 4035/1492/644
s 1
f 4036/1493/645 4037/1495/645 4038/1494/645
f 4039/1495/646 4040/1496/646 4041/1494/646
s 0
f 4042/1495/647 4043/1497/647 4044/1496/647
f 4045/1497/648 4046/1498/648 4047/1496/648
f 4048/1497/649 4049/1499/649 4050/1498/649
f 4051/1499/650 4052/1500/650 4053/1498/650
f 4054/1499/651 4055/1501/651 4056/1500/651
f 4057/1502/652 4058/1503/652 4059/1504/652
f 4060/1502/653 4061/1505/653 4062/1503/653
f 4063/1505/654 4064/1506/654 4065/1503/654
f 4066/1505/655 4067/1507/655 4068/1506/655
f 4069/1507/656 4070/1508/656 4071/1506/656
f 4072/1507/657 4073/1509/657 4074/1508/657
f 4075/1509/658 4076/1510/658 4077/1508/658
f 4078/1509/659 4079/1511/659 4080/1510/659
f 4081/1511/660 4082/1512/660 4083/1510/660
f 4084/1511/661 4085/1513/661 4086/1512/661
f 4087/1513/662 4088/1514/662 4089/1512/662
f 4090/1513/663 4091/1515/663 4092/1514/663
f 4093/1516/664 4094/1517/664 4095/1518/664
f 4096/1516/665 4097/1519/665 4098/1517/665
s 1
f 4099/1518/666 4100/1520/666 4101/1521/666
s 0
f 4102/1518/667 4103/1517/667 4104/1520/667
f 4105/1521/668 4106/1522/668 4107/1523/668
s 1
f 4108/1521/669 4109/1520/669 4110/1522/669
s 0
f 4111/1523/670 4112/1524/670 4113/1525/670
f 4114/1523/671 4115/1522/671 4116/1524/671
f 4117/1525/672 4118/1526/672 4119/1527/672
f 4120/1525/673 4121/1524/673 4122/1526/673
f 4123/1528/674 4124/1529/674 4125/1530/674
f 4126/1527/675 4127/1526/675 4128/1531/675
f 4129/1530/676 4130/1532/676 4131/1533/676
s 1
f 4132/1530/677 4133/1529/677 4134/1532/677
s 0
f 4135/1533/678 4136/1534/678 4137/1535/678
f 4138/1533/679 4139/1532/679 4140/1534/679
f 4141/1535/680 4142/1536/680 4143/1537/680
f 4144/1535/681 4145/1534/681 4146/1536/681
f 4147/1537/682 4148/1538/682 4149/1539/682
f 4150/1537/683 4151/1536/683 4152/1538/683
f 4153/1539/684 4154/1540/684 4155/1541/684
f 4156/1539/685 4157/1538/685 4158/1540/685
f 4159/1541/686 4160/1542/686 4161/1543/686
f 4162/1541/687 4163/1540/687 4164/1542/687
f 4165/1544/688 4166/1545/688 4167/1546/688
f 4168/1544/689 4169/1547/689 4170/1545/689
f 4171/1548/690 4172/1549/690 4173/1550/690
f 4174/1548/691 4175/1551/691 4176/1549/691
f 4177/1551/692 4178/1552/692 4179/1549/692
f 4180/1551/693 4181/1553/693 4182/1552/693
f 4183/1553/694 4184/1554/694 4185/1552/694
s 1
f 4186/1553/695 4187/1555/695 4188/1554/695
s 0
f 4189/1555/696 4190/1556/696 4191/1554/696
f 4192/1555/697 4193/1557/697 4194/1556/697
f 4195/1557/698 4196/1558/698 4197/1556/698
s 1
f 4198/1557/699 4199/1559/699 4200/1558/699
s 0
f 4201/1560/700 4202/1561/700 4203/1562/700
f 4204/1560/701 4205/1563/701 4206/1561/701
f 4207/1563/702 4208/1564/702 4209/1561/702
f 4210/1563/703 4211/1565/703 4212/1564/703
f 4213/1565/704 4214/1566/704 4215/1564/704
f 4216/1565/705 4217/1567/705 4218/1566/705
f 4219/1567/706 4220/1568/706 4221/1566/706
f 4222/1567/707 4223/1569/707 4224/1568/707
f 4225/1569/708 4226/1570/708 4227/1568/708
f 4228/1569/709 4229/1571/709 4230/1570/709
f 4231/1571/710 4232/1572/710 4233/1570/710
f 4234/1571/711 4235/1573/711 4236/1572/711
f 4237/1573/712 4238/1574/712 4239/1572/712
f 4240/1573/713 4241/1575/713 4242/1574/713
f 4243/1576/714 4244/1577/714 4245/1578/714
f 4246/1576/715 4247/1579/715 4248/1577/715
f 4249/1580/716 4250/1581/716 4251/1582/716
f 4252/1580/717 4253/1583/717 4254/1581/717
f 4255/1583/718 4256/1584/718 4257/1581/718
f 4258/1583/719 4259/1585/719 4260/1584/719
f 4261/1585/720 4262/1586/720 4263/1584/720
f 4264/1585/721 4265/1587/721 4266/1586/721
f 4267/1587/722 4268/1588/722 4269/1586/722
f 4270/1587/723 4271/1589/723 4272/1588/723
f 4273/1589/724 4274/1590/724 4275/1588/724
f 4276/1589/725 4277/1591/725 4278/1590/725
s 1
f 4279/1591/726 4280/1592/726 4281/1590/726
s 0
f 4282/1591/727 4283/1593/727 4284/1592/727
f 4285/1594/728 4286/1528/728 4287/1530/728
f 4288/1594/729 4289/1595/729 4290/1528/729
f 4291/1595/730 4292/1596/730 4293/1528/730
f 4294/1595/731 4295/1597/731 4296/1596/731
f 4297/1597/732 4298/1598/732 4299/1596/732
f 4300/1597/733 4301/1599/733 4302/1598/733
f 4303/1599/734 4304/1600/734 4305/1598/734
f 4306/1599/735 4307/1601/735 4308/1600/735
f 4309/1601/736 4310/1602/736 4311/1600/736
f 4312/1601/737 4313/1603/737 4314/1602/737
f 4315/1603/738 4316/1604/738 4317/1602/738
f 4318/1603/739 4319/1605/739 4320/1604/739
f 4321/1606/840 4322/1607/840 4323/1608/840
f 4324/1606/841 4325/1609/841 4326/1607/841
f 4327/1609/842 4328/1610/842 4329/1607/842
f 4330/1609/843 4331/1611/843 4332/1610/843
f 4333/1611/844 4334/1612/844 4335/1610/844
f 4336/1611/845 4337/1613/845 4338/1612/845
f 4339/1613/846 4340/1614/846 4341/1612/846
f 4342/1613/847 4343/1615/847 4344/1614/847
f 4345/1615/848 4346/1616/848 4347/1614/848
f 4348/1615/849 4349/1617/849 4350/1616/849
f 4351/1618/850 4352/1619/850 4353/1620/850
f 4354/1618/851 4355/1621/851 4356/1619/851
f 4357/1621/852 4358/1622/852 4359/1619/852
f 4360/1621/853 4361/1623/853 4362/1622/853
f 4363/1623/854 4364/1624/854 4365/1622/854
f 4366/1623/855 4367/1625/855 4368/1624/855
f 4369/1625/856 4370/1626/856 4371/1624/856
f 4372/1625/857 4373/1627/857 4374/1626/857
f 4375/1627/858 4376/1628/858 4377/1626/858
f 4378/1627/859 4379/1629/859 4380/1628/859
f 4381/1629/860 4382/1630/860 4383/1628/860
f 4384/1629/861 4385/1631/861 4386/1630/861
f 4387/1631/862 4388/1632/862 4389/1630/862
f 4390/1631/863 4391/1633/863 4392/1632/863
f 4393/1634/864 4394/1635/864 4395/1636/864
f 4396/1634/865 4397/1637/865 4398/1635/865
f 4399/1636/866 4400/1638/866 4401/1639/866
f 4402/1636/867 4403/1635/867 4404/1638/867
f 4405/1639/868 4406/1640/868 4407/1641/868
f 4408/1639/869 4409/1638/869 4410/1640/869
f 4411/1641/870 4412/1642/870 4413/1643/870
f 4414/1641/871 4415/1640/871 4416/1642/871
f 4417/1643/872 4418/1644/872 4419/1645/872
f 4420/1643/873 4421/1642/873 4422/1644/873
f 4423/1646/874 4424/1647/874 4425/1648/874
f 4426/1646/875 4427/1649/875 4428/1647/875
f 4429/1648/876 4430/1650/876 4431/1651/876
f 4432/1648/877 4433/1647/877 4434/1650/877
f 4435/1651/878 4436/1652/878 4437/1653/878
f 4438/1651/879 4439/1650/879 4440/1652/879
f 4441/1653/880 4442/1654/880 4443/1655/880
f 4444/1653/881 4445/1652/881 4446/1654/881
f 4447/1655/882 4448/1656/882 4449/1657/882
f 4450/1655/883 4451/1654/883 4452/1656/883
f 4453/1657/884 4454/1658/884 4455/1659/884
f 4456/1657/885 4457/1656/885 4458/1658/885
f 4459/1660/886 4460/1661/886 4461/1662/886
f 4462/1659/887 4463/1658/887 4464/1663/887
f 4465/1664/888 4466/1665/888 4467/1666/888
f 4468/1664/889 4469/1667/889 4470/1665/889
f 4471/1668/890 4472/1669/890 4473/1670/890
f 4474/1668/891 4475/1671/891 4476/1669/891
f 4477/1671/892 4478/1672/892 4479/1669/892
f 4480/1671/893 4481/1673/893 4482/1672/893
f 4483/1674/894 4484/1640/894 4485/1638/894
f 4486/1674/895 4487/1675/895 4488/1640/895
f 4489/1675/896 4490/1642/896 4491/1640/896
f 4492/1675/897 4493/1676/897 4494/1642/897
f 4495/1676/898 4496/1644/898 4497/1642/898
f 4498/1676/899 4499/1677/899 4500/1644/899
f 4501/1677/900 4502/1678/900 4503/1644/900
f 4504/1677/901 4505/1679/901 4506/1678/901
f 4507/1680/902 4508/1681/902 4509/1682/902
f 4510/1680/903 4511/1683/903 4512/1681/903
f 4513/1683/904 4514/1684/904 4515/1681/904
f 4516/1683/905 4517/1685/905 4518/1684/905
f 4519/1685/906 4520/1686/906 4521/1684/906
f 4522/1685/907 4523/1687/907 4524/1686/907
f 4525/1688/908 4526/1689/908 4527/1690/908
f 4528/1688/909 4529/1691/909 4530/1689/909
f 4531/1691/910 4532/1692/910 4533/1689/910
f 4534/1691/911 4535/1693/911 4536/1692/911
f 4537/1694/912 4538/1695/912 4539/1696/912
f 4540/1694/913 4541/1697/913 4542/1695/913
f 4543/1698/914 4544/1662/914 4545/1661/914
s 1
f 4546/1698/915 4547/1699/915 4548/1662/915
s 0
f 4549/1699/916 4550/1660/916 4551/1662/916
f 4552/1699/917 4553/1700/917 4554/1660/917
f 4555/1700/918 4556/1701/918 4557/1660/918
f 4558/1700/919 4559/1702/919 4560/1701/919
f 4561/1702/920 4562/1703/920 4563/1701/920
f 4564/1702/921 4565/1704/921 4566/1703/921
f 4567/1705/922 4568/1706/922 4569/1707/922
f 4570/1705/923 4571/1708/923 4572/1706/923
f 4573/1708/924 4574/1709/924 4575/1706/924
f 4576/1708/925 4577/1710/925 4578/1709/925
f 4579/1710/926 4580/1711/926 4581/1709/926
f 4582/1710/927 4583/1712/927 4584/1711/927
f 4585/1712/928 4586/1713/928 4587/1711/928
f 4588/1714/929 4589/1617/929 4590/1715/929
f 4591/1617/930 4592/1716/930 4593/1715/930
f 4594/1617/931 4595/1615/931 4596/1716/931
f 4597/1615/932 4598/1717/932 4599/1716/932
f 4600/1615/933 4601/1613/933 4602/1717/933
f 4603/1613/934 4604/1718/934 4605/1717/934
f 4606/1613/935 4607/1611/935 4608/1718/935
f 4609/1719/936 4610/1720/936 4611/1721/936
f 4612/1719/937 4613/1722/937 4614/1720/937
f 4615/1722/938 4616/1723/938 4617/1720/938
f 4618/1722/939 4619/1724/939 4620/1723/939
f 4621/1725/1 4622/1726/1 4623/1727/1
f 4624/1725/2 4625/1728/2 4626/1726/2
s 1
f 4627/1727/3 4628/1729/3 4629/1730/3
s 0
f 4630/1727/4 4631/1726/4 4632/1729/4
f 4633/1730/5 4634/1731/5 4635/1732/5
f 4636/1730/6 4637/1729/6 4638/1731/6
f 4639/1732/7 4640/1733/7 4641/1734/7
f 4642/1732/8 4643/1731/8 4644/1733/8
f 4645/1734/9 4646/1735/9 4647/1736/9
f 4648/1734/10 4649/1733/10 4650/1735/10
f 4651/1736/11 4652/1737/11 4653/1738/11
f 4654/1736/12 4655/1735/12 4656/1737/12
f 4657/1739/13 4658/1740/13 4659/1741/13
f 4660/1739/14 4661/1742/14 4662/1740/14
f 4663/1741/15 4664/1743/15 4665/1744/15
f 4666/1741/16 4667/1740/16 4668/1743/16
f 4669/1744/17 4670/1745/17 4671/1746/17
f 4672/1744/18 4673/1743/18 4674/1745/18
f 4675/1746/19 4676/1747/19 4677/1748/19
f 4678/1746/20 4679/1745/20 4680/1747/20
f 4681/1748/21 4682/1749/21 4683/1750/21
f 4684/1748/22 4685/1747/22 4686/1749/22
f 4687/1750/23 4688/1751/23 4689/1752/23
f 4690/1750/24 4691/1749/24 4692/1751/24
f 4693/1753/25 4694/1754/25 4695/1755/25
f 4696/1753/26 4697/1756/26 4698/1754/26
f 4699/1756/27 4700/1757/27 4701/1754/27
f 4702/1756/28 4703/1758/28 4704/1757/28
f 4705/1758/29 4706/1759/29 4707/1757/29
f 4708/1758/30 4709/1760/30 4710/1759/30
f 4711/1760/31 4712/1761/31 4713/1759/31
f 4714/1760/32 4715/1762/32 4716/1761/32
f 4717/1762/33 4718/1763/33 4719/1761/33
f 4720/1762/34 4721/1764/34 4722/1763/34
f 4723/1764/35 4724/1765/35 4725/1763/35
f 4726/1766/36 4727/1767/36 4728/1768/36
f 4729/1767/37 4730/1769/37 4731/1768/37
f 4732/1767/38 4733/1770/38 4734/1769/38
f 4735/1770/39 4736/1771/39 4737/1769/39
f 4738/1770/40 4739/1772/40 4740/1771/40
f 4741/1772/41 4742/1773/41 4743/1771/41
f 4744/1772/42 4745/1774/42 4746/1773/42
f 4747/1774/43 4748/1775/43 4749/1773/43
s 1
f 4750/1774/44 4751/1776/44 4752/1775/44
s 0
f 4753/1776/45 4754/1777/45 4755/1775/45
f 4756/1776/46 4757/1778/46 4758/1777/46
f 4759/1778/47 4760/1779/47 4761/1777/47
s 1
f 4762/1778/48 4763/1780/48 4764/1779/48
s 0
f 4765/1781/49 4766/1782/49 4767/1783/49
f 4768/1781/50 4769/1784/50 4770/1782/50
f 4771/1785/51 4772/1786/51 4773/1787/51
f 4774/1785/52 4775/1788/52 4776/1786/52
f 4777/1787/53 4778/1789/53 4779/1790/53
f 4780/1787/54 4781/1786/54 4782/1789/54
f 4783/1790/55 4784/1791/55 4785/1792/55
f 4786/1790/56 4787/1789/56 4788/1791/56
f 4789/1792/57 4790/1793/57 4791/1794/57
f 4792/1792/58 4793/1791/58 4794/1793/58
f 4795/1794/59 4796/1795/59 4797/1796/59
f 4798/1794/60 4799/1793/60 4800/1795/60
f 4801/1796/61 4802/1797/61 4803/1798/61
f 4804/1796/62 4805/1795/62 4806/1797/62
f 4807/1798/63 4808/1799/63 4809/1800/63
f 4810/1798/64 4811/1797/64 4812/1799/64
f 4813/1800/65 4814/1801/65 4815/1802/65
f 4816/1800/66 4817/1799/66 4818/1801/66
f 4819/1802/67 4820/1803/67 4821/1804/67
f 4822/1802/68 4823/1801/68 4824/1803/68
f 4825/1804/69 4826/1805/69 4827/1806/69
f 4828/1804/70 4829/1803/70 4830/1805/70
f 4831/1806/71 4832/1807/71 4833/1808/71
f 4834/1806/72 4835/1805/72 4836/1807/72
f 4837/1808/73 4838/1809/73 4839/1810/73
f 4840/1808/74 4841/1807/74 4842/1809/74
f 4843/1811/75 4844/1812/75 4845/1813/75
f 4846/1811/76 4847/1814/76 4848/1812/76
f 4849/1815/77 4850/1816/77 4851/1817/77
f 4852/1815/78 4853/1818/78 4854/1816/78
f 4855/1817/79 4856/1819/79 4857/1820/79
f 4858/1817/80 4859/1816/80 4860/1819/80
f 4861/1820/81 4862/1821/81 4863/1822/81
f 4864/1820/82 4865/1819/82 4866/1821/82
f 4867/1822/83 4868/1823/83 4869/1824/83
f 4870/1822/84 4871/1821/84 4872/1823/84
f 4873/1824/85 4874/1825/85 4875/1826/85
f 4876/1824/86 4877/1823/86 4878/1825/86
f 4879/1826/87 4880/1827/87 4881/1828/87
f 4882/1826/88 4883/1825/88 4884/1827/88
f 4885/1828/89 4886/1829/89 4887/1830/89
f 4888/1828/90 4889/1827/90 4890/1829/90
f 4891/1830/91 4892/1831/91 4893/1832/91
f 4894/1830/92 4895/1829/92 4896/1831/92
f 4897/1832/93 4898/1833/93 4899/1834/93
f 4900/1832/94 4901/1831/94 4902/1833/94
f 4903/1834/95 4904/1835/95 4905/1836/95
f 4906/1834/96 4907/1833/96 4908/1835/96
f 4909/1836/97 4910/1837/97 4911/1838/97
f 4912/1836/98 4913/1835/98 4914/1837/98
f 4915/1838/99 4916/1839/99 4917/1840/99
f 4918/1838/100 4919/1837/100 4920/1839/100
f 4921/1841/200 4922/1842/200 4923/1843/200
f 4924/1841/201 4925/1844/201 4926/1842/201
f 4927/1843/202 4928/1845/202 4929/1846/202
f 4930/1843/203 4931/1842/203 4932/1845/203
f 4933/1846/204 4934/1847/204 4935/1848/204
f 4936/1846/205 4937/1845/205 4938/1847/205
f 4939/1848/206 4940/1849/206 4941/1850/206
f 4942/1848/207 4943/1847/207 4944/1849/207
f 4945/1850/208 4946/1851/208 4947/1852/208
f 4948/1850/209 4949/1849/209 4950/1851/209
f 4951/1852/210 4952/1853/210 4953/1854/210
f 4954/1852/211 4955/1851/211 4956/1853/211
f 4957/1855/212 4958/1856/212 4959/1857/212
s 1
f 4960/1855/213 4961/1858/213 4962/1856/213
s 0
f 4963/1857/214 4964/1859/214 4965/1860/214
f 4966/1857/215 4967/1856/215 4968/1859/215
f 4969/1860/216 4970/1861/216 4971/1862/216
f 4972/1860/217 4973/1859/217 4974/1861/217
f 4975/1862/218 4976/1863/218 4977/1864/218
f 4978/1862/219 4979/1861/219 4980/1863/219
f 4981/1864/220 4982/1865/220 4983/1866/220
f 4984/1864/221 4985/1863/221 4986/1865/221
f 4987/1866/222 4988/1867/222 4989/1868/222
f 4990/1866/223 4991/1865/223 4992/1867/223
f 4993/1869/224 4994/1870/224 4995/1871/224
f 4996/1869/225 4997/1872/225 4998/1870/225
f 4999/1872/226 5000/1873/226 5001/1870/226
f 5002/1872/227 5003/1874/227 5004/1873/227
s 1
f 5005/1874/228 5006/1875/228 5007/1873/228
s 0
f 5008/1874/229 5009/1876/229 5010/1875/229
f 5011/1876/230 5012/1877/230 5013/1875/230
f 5014/1876/231 5015/1878/231 5016/1877/231
f 5017/1878/232 5018/1879/232 5019/1877/232
f 5020/1878/233 5021/1880/233 5022/1879/233
f 5023/1880/234 5024/1881/234 5025/1879/234
f 5026/1882/235 5027/1883/235 5028/1884/235
f 5029/1883/236 5030/1885/236 5031/1884/236
f 5032/1883/237 5033/1886/237 5034/1885/237
f 5035/1886/238 5036/1887/238 5037/1885/238
f 5038/1886/239 5039/1888/239 5040/1887/239
f 5041/1888/240 5042/1889/240 5043/1887/240
f 5044/1888/241 5045/1890/241 5046/1889/241
s 1
f 5047/1890/242 5048/1891/242 5049/1889/242
s 0
f 5050/1890/243 5051/1892/243 5052/1891/243
f 5053/1892/244 5054/1893/244 5055/1891/244
f 5056/1892/245 5057/1894/245 5058/1893/245
f 5059/1894/246 5060/1895/246 5061/1893/246
f 5062/1894/247 5063/1896/247 5064/1895/247
f 5065/1897/248 5066/1898/248 5067/1899/248
f 5068/1897/249 5069/1900/249 5070/1898/249
f 5071/1901/250 5072/1902/250 5073/1903/250
f 5074/1901/251 5075/1904/251 5076/1902/251
f 5077/1903/252 5078/1905/252 5079/1906/252
f 5080/1903/253 5081/1902/253 5082/1905/253
f 5083/1906/254 5084/1907/254 5085/1908/254
f 5086/1906/255 5087/1905/255 5088/1907/255
f 5089/1908/256 5090/1909/256 5091/1910/256
f 5092/1908/257 5093/1907/257 5094/1909/257
f 5095/1910/258 5096/1911/258 5097/1912/258
f 5098/1910/259 5099/1909/259 5100/1911/259
f 5101/1913/260 5102/1914/260 5103/1915/260
f 5104/1913/261 5105/1915/261 5106/1916/261
f 5107/1916/262 5108/1917/262 5109/1918/262
f 5110/1916/263 5111/1915/263 5112/1917/263
f 5113/1918/264 5114/1919/264 5115/1920/264
f 5116/1918/265 5117/1917/265 5118/1919/265
f 5119/1920/266 5120/1921/266 5121/1922/266
f 5122/1920/267 5123/1919/267 5124/1921/267
f 5125/1922/268 5126/1923/268 5127/1924/268
f 5128/1922/269 5129/1921/269 5130/1923/269
f 5131/1924/270 5132/1925/270 5133/1926/270
f 5134/1924/271 5135/1923/271 5136/1925/271
f 5137/1926/272 5138/1927/272 5139/1928/272
f 5140/1926/273 5141/1925/273 5142/1927/273
f 5143/1929/274 5144/1930/274 5145/1931/274
f 5146/1929/275 5147/1932/275 5148/1930/275
f 5149/1933/276 5150/1934/276 5151/1935/276
f 5152/1933/277 5153/1936/277 5154/1934/277
f 5155/1935/278 5156/1937/278 5157/1938/278
f 5158/1935/279 5159/1934/279 5160/1937/279
f 5161/1938/280 5162/1939/280 5163/1940/280
f 5164/1938/281 5165/1937/281 5166/1939/281
f 5167/1940/282 5168/1941/282 5169/1942/282
f 5170/1940/283 5171/1939/283 5172/1941/283
f 5173/1942/284 5174/1943/284 5175/1944/284
s 1
f 5176/1942/285 5177/1941/285 5178/1943/285
s 0
f 5179/1944/286 5180/1945/286 5181/1946/286
f 5182/1944/287 5183/1943/287 5184/1945/287
f 5185/1947/288 5186/1883/288 5187/1882/288
f 5188/1947/289 5189/1882/289 5190/1948/289
f 5191/1948/290 5192/1949/290 5193/1950/290
f 5194/1948/291 5195/1882/291 5196/1949/291
f 5197/1950/292 5198/1951/292 5199/1952/292
f 5200/1950/293 5201/1949/293 5202/1951/293
f 5203/1952/294 5204/1953/294 5205/1954/294
f 5206/1952/295 5207/1951/295 5208/1953/295
f 5209/1954/296 5210/1955/296 5211/1956/296
f 5212/1954/297 5213/1953/297 5214/1955/297
f 5215/1956/298 5216/1957/298 5217/1958/298
s 1
f 5218/1956/299 5219/1955/299 5220/1957/299
s 0
f 5221/1959/540 5222/1960/540 5223/1961/540
f 5224/1959/541 5225/1962/541 5226/1960/541
f 5227/1961/542 5228/1963/542 5229/1964/542
f 5230/1961/543 5231/1960/543 5232/1963/543
f 5233/1964/544 5234/1965/544 5235/1966/544
f 5236/1964/545 5237/1963/545 5238/1965/545
f 5239/1966/546 5240/1967/546 5241/1968/546
f 5242/1966/547 5243/1965/547 5244/1967/547
f 5245/1968/548 5246/1969/548 5247/1970/548
f 5248/1968/549 5249/1967/549 5250/1969/549
f 5251/1971/550 5252/1972/550 5253/1973/550
f 5254/1971/551 5255/1974/551 5256/1972/551
f 5257/1973/552 5258/1975/552 5259/1976/552
f 5260/1973/553 5261/1972/553 5262/1975/553
f 5263/1976/554 5264/1977/554 5265/1978/554
s 1
f 5266/1976/555 5267/1975/555 5268/1977/555
f 5269/1978/556 5270/1979/556 5271/1980/556
s 0
f 5272/1978/557 5273/1977/557 5274/1979/557
f 5275/1980/558 5276/1981/558 5277/1982/558
f 5278/1980/559 5279/1979/559 5280/1981/559
f 5281/1982/560 5282/1983/560 5283/1984/560
f 5284/1982/561 5285/1981/561 5286/1983/561
f 5287/1984/562 5288/1985/562 5289/1986/562
f 5290/1984/563 5291/1983/563 5292/1985/563
f 5293/1987/564 5294/1988/564 5295/1989/564
s 1
f 5296/1987/565 5297/1990/565 5298/1988/565
s 0
f 5299/1990/566 5300/1991/566 5301/1988/566
f 5302/1990/567 5303/1992/567 5304/1991/567
f 5305/1992/568 5306/1993/568 5307/1991/568
f 5308/1992/569 5309/1994/569 5310/1993/569
f 5311/1994/570 5312/1995/570 5313/1993/570
f 5314/1994/571 5315/1996/571 5316/1995/571
f 5317/1996/572 5318/1997/572 5319/1995/572
f 5320/1996/573 5321/1998/573 5322/1997/573
f 5323/1999/574 5324/2000/574 5325/2001/574
f 5326/1999/575 5327/2002/575 5328/2000/575
f 5329/2002/576 5330/2003/576 5331/2000/576
f 5332/2002/577 5333/2004/577 5334/2003/577
f 5335/2004/578 5336/2005/578 5337/2003/578
f 5338/2004/579 5339/2006/579 5340/2005/579
f 5341/2006/580 5342/2007/580 5343/2005/580
f 5344/2006/581 5345/2008/581 5346/2007/581
f 5347/2008/582 5348/2009/582 5349/2007/582
f 5350/2008/583 5351/2010/583 5352/2009/583
f 5353/2010/584 5354/2011/584 5355/2009/584
f 5356/2010/585 5357/2012/585 5358/2011/585
f 5359/2012/586 5360/2013/586 5361/2011/586
f 5362/2014/587 5363/2015/587 5364/2016/587
f 5365/2017/588 5366/2018/588 5367/2019/588
f 5368/2017/589 5369/2020/589 5370/2018/589
f 5371/2021/590 5372/2022/590 5373/2023/590
f 5374/2021/591 5375/2024/591 5376/2022/591
f 5377/2025/592 5378/1991/592 5379/2026/592
f 5380/2025/593 5381/1988/593 5382/1991/593
f 5383/2026/594 5384/1993/594 5385/2027/594
f 5386/2026/595 5387/1991/595 5388/1993/595
f 5389/2027/596 5390/1995/596 5391/2028/596
f 5392/2027/597 5393/1993/597 5394/1995/597
f 5395/2028/598 5396/1997/598 5397/2029/598
f 5398/2028/599 5399/1995/599 5400/1997/599
f 5401/2029/600 5402/2030/600 5403/2031/600
f 5404/2029/601 5405/1997/601 5406/2030/601
f 5407/2032/602 5408/2033/602 5409/2034/602
f 5410/2032/603 5411/2035/603 5412/2033/603
f 5413/2034/604 5414/2036/604 5415/2037/604
f 5416/2034/605 5417/2033/605 5418/2036/605
f 5419/2037/606 5420/2038/606 5421/2039/606
f 5422/2037/607 5423/2036/607 5424/2038/607
f 5425/2040/608 5426/2041/608 5427/2042/608
f 5428/2040/609 5429/2043/609 5430/2041/609
f 5431/2042/610 5432/2044/610 5433/2045/610
f 5434/2042/611 5435/2041/611 5436/2044/611
f 5437/2046/612 5438/2047/612 5439/2048/612
f 5440/2046/613 5441/2049/613 5442/2047/613
f 5443/2050/614 5444/2015/614 5445/2051/614
f 5446/2050/615 5447/2016/615 5448/2015/615
f 5449/2051/616 5450/2014/616 5451/2052/616
f 5452/2051/617 5453/2015/617 5454/2014/617
f 5455/2052/618 5456/2053/618 5457/2054/618
f 5458/2052/619 5459/2014/619 5460/2053/619
f 5461/2054/620 5462/2055/620 5463/2056/620
f 5464/2054/621 5465/2053/621 5466/2055/621
f 5467/2057/622 5468/2058/622 5469/2059/622
f 5470/2057/623 5471/2060/623 5472/2058/623
f 5473/2059/624 5474/2061/624 5475/2062/624
f 5476/2059/625 5477/2058/625 5478/2061/625
f 5479/2062/626 5480/2063/626 5481/2064/626
f 5482/2062/627 5483/2061/627 5484/2063/627
f 5485/2064/628 5486/2063/628 5487/2065/628
f 5488/2066/629 5489/2067/629 5490/1970/629
f 5491/1970/630 5492/2068/630 5493/1968/630
s 1
f 5494/1970/631 5495/2067/631 5496/2068/631
s 0
f 5497/1968/632 5498/2069/632 5499/1966/632
f 5500/1968/633 5501/2068/633 5502/2069/633
f 5503/1966/634 5504/2070/634 5505/1964/634
s 1
f 5506/1966/635 5507/2069/635 5508/2070/635
s 0
f 5509/1964/636 5510/2071/636 5511/1961/636
f 5512/1964/637 5513/2070/637 5514/2071/637
f 5515/2072/638 5516/2073/638 5517/2074/638
f 5518/2072/639 5519/2075/639 5520/2073/639
f 5521/2076/740 5522/2077/740 5523/2078/740
f 5524/2076/741 5525/2079/741 5526/2077/741
f 5527/2079/742 5528/2080/742 5529/2077/742
s 1
f 5530/2079/743 5531/2081/743 5532/2080/743
s 0
f 5533/2081/744 5534/2082/744 5535/2080/744
f 5536/2081/745 5537/2083/745 5538/2082/745
f 5539/2083/746 5540/2084/746 5541/2082/746
f 5542/2083/747 5543/2085/747 5544/2084/747
f 5545/2085/748 5546/2086/748 5547/2084/748
f 5548/2085/749 5549/2087/749 5550/2086/749
s 1
f 5551/2087/750 5552/2088/750 5553/2086/750
s 0
f 5554/2087/751 5555/2089/751 5556/2088/751
f 5557/2090/752 5558/2091/752 5559/2092/752
f 5560/2090/753 5561/2093/753 5562/2091/753
f 5563/2093/754 5564/2094/754 5565/2091/754
f 5566/2093/755 5567/2095/755 5568/2094/755
f 5569/2095/756 5570/2096/756 5571/2094/756
f 5572/2095/757 5573/2097/757 5574/2096/757
f 5575/2097/758 5576/2098/758 5577/2096/758
f 5578/2097/759 5579/2099/759 5580/2098/759
f 5581/2099/760 5582/2100/760 5583/2098/760
f 5584/2099/761 5585/2101/761 5586/2100/761
f 5587/2101/762 5588/2102/762 5589/2100/762
f 5590/2101/763 5591/2103/763 5592/2102/763
f 5593/2104/764 5594/2105/764 5595/2106/764
f 5596/2104/765 5597/2107/765 5598/2105/765
f 5599/2106/766 5600/2108/766 5601/2109/766
f 5602/2106/767 5603/2105/767 5604/2108/767
f 5605/2109/768 5606/2110/768 5607/2111/768
f 5608/2109/769 5609/2108/769 5610/2110/769
f 5611/2111/770 5612/2112/770 5613/2113/770
f 5614/2111/771 5615/2110/771 5616/2112/771
f 5617/2113/772 5618/2114/772 5619/2115/772
f 5620/2113/773 5621/2112/773 5622/2114/773
f 5623/2116/774 5624/2117/774 5625/2118/774
f 5626/2115/775 5627/2114/775 5628/2119/775
f 5629/2118/776 5630/2120/776 5631/2121/776
f 5632/2118/777 5633/2117/777 5634/2120/777
f 5635/2121/778 5636/2122/778 5637/2123/778
f 5638/2121/779 5639/2120/779 5640/2122/779
f 5641/2123/780 5642/2124/780 5643/2125/780
f 5644/2123/781 5645/2122/781 5646/2124/781
f 5647/2125/782 5648/2126/782 5649/2127/782
f 5650/2125/783 5651/2124/783 5652/2126/783
f 5653/2127/784 5654/2128/784 5655/2129/784
f 5656/2127/785 5657/2126/785 5658/2128/785
s 1
f 5659/2129/786 5660/2130/786 5661/2131/786
s 0
f 5662/2129/787 5663/2128/787 5664/2130/787
f 5665/2132/788 5666/2133/788 5667/2134/788
f 5668/2132/789 5669/2135/789 5670/2133/789
f 5671/2136/790 5672/2137/790 5673/2138/790
f 5674/2136/791 5675/2139/791 5676/2137/791
f 5677/2139/792 5678/2140/792 5679/2137/792
f 5680/2139/793 5681/2141/793 5682/2140/793
f 5683/2141/794 5684/2142/794 5685/2140/794
s 1
f 5686/2141/795 5687/2143/795 5688/2142/795
s 0
f 5689/2143/796 5690/2144/796 5691/2142/796
f 5692/2143/797 5693/2145/797 5694/2144/797
f 5695/2145/798 5696/2146/798 5697/2144/798
s 1
f 5698/2145/799 5699/2147/799 5700/2146/799
s 0
f 5701/2147/800 5702/2148/800 5703/2146/800
f 5704/2147/801 5705/2149/801 5706/2148/801
f 5707/2149/802 5708/2150/802 5709/2148/802
f 5710/2149/803 5711/2151/803 5712/2150/803
f 5713/2151/804 5714/2152/804 5715/2150/804
f 5716/2151/805 5717/2153/805 5718/2152/805
f 5719/2153/806 5720/2154/806 5721/2152/806
f 5722/2153/807 5723/2155/807 5724/2154/807
f 5725/2155/808 5726/2156/808 5727/2154/808
f 5728/2155/809 5729/2157/809 5730/2156/809
f 5731/2157/810 5732/2158/810 5733/2156/810
f 5734/2157/811 5735/2159/811 5736/2158/811
f 5737/2159/812 5738/2160/812 5739/2158/812
f 5740/2159/813 5741/2161/813 5742/2160/813
f 5743/2162/814 5744/2163/814 5745/2164/814
f 5746/2162/815 5747/2165/815 5748/2163/815
f 5749/2166/816 5750/2167/816 5751/2168/816
f 5752/2166/817 5753/2169/817 5754/2167/817
f 5755/2169/818 5756/2170/818 5757/2167/818
f 5758/2169/819 5759/2171/819 5760/2170/819
f 5761/2171/820 5762/2172/820 5763/2170/820
f 5764/2171/821 5765/2173/821 5766/2172/821
f 5767/2173/822 5768/2174/822 5769/2172/822
s 1
f 5770/2173/823 5771/2175/823 5772/2174/823
s 0
f 5773/2175/824 5774/2176/824 5775/2174/824
f 5776/2175/825 5777/2177/825 5778/2176/825
f 5779/2177/826 5780/2178/826 5781/2176/826
f 5782/2177/827 5783/2179/827 5784/2178/827
f 5785/2179/828 5786/2180/828 5787/2178/828
f 5788/2179/829 5789/2181/829 5790/2180/829
f 5791/2181/830 5792/2182/830 5793/2180/830
f 5794/2181/831 5795/2183/831 5796/2182/831
f 5797/2183/832 5798/2184/832 5799/2182/832
f 5800/2183/833 5801/2185/833 5802/2184/833
f 5803/2185/834 5804/2186/834 5805/2184/834
f 5806/2185/835 5807/2187/835 5808/2186/835
f 5809/2187/836 5810/2188/836 5811/2186/836
f 5812/2187/837 5813/2189/837 5814/2188/837
f 5815/2189/838 5816/2190/838 5817/2188/838
f 5818/2189/839 5819/2191/839 5820/2190/839
f 5821/2192/101 5822/2193/101 5823/2194/101
f 5824/2192/102 5825/2195/102 5826/2193/102
f 5827/2195/103 5828/2196/103 5829/2193/103
f 5830/2195/104 5831/2197/104 5832/2196/104
f 5833/2197/105 5834/2198/105 5835/2196/105
f 5836/2197/106 5837/2199/106 5838/2198/106
f 5839/2199/107 5840/2200/107 5841/2198/107
f 5842/2199/108 5843/2201/108 5844/2200/108
f 5845/2201/109 5846/2202/109 5847/2200/109
f 5848/2201/110 5849/2203/110 5850/2202/110
f 5851/2203/110 5852/2204/110 5853/2202/110
f 5854/2203/111 5855/2205/111 5856/2204/111
f 5857/2205/112 5858/2206/112 5859/2204/112
f 5860/2205/113 5861/2207/113 5862/2206/113
f 5863/2207/114 5864/2208/114 5865/2206/114
f 5866/2207/115 5867/2209/115 5868/2208/115
f 5869/2209/116 5870/2210/116 5871/2208/116
f 5872/2209/117 5873/2211/117 5874/2210/117
f 5875/2211/118 5876/2212/118 5877/2210/118
f 5878/2211/119 5879/2213/119 5880/2212/119
f 5881/2213/120 5882/2214/120 5883/2212/120
f 5884/2213/121 5885/2215/121 5886/2214/121
f 5887/2215/122 5888/2216/122 5889/2214/122
f 5890/2215/123 5891/2217/123 5892/2216/123
f 5893/2218/124 5894/2219/124 5895/2220/124
f 5896/2218/125 5897/2221/125 5898/2219/125
f 5899/2220/126 5900/2222/126 5901/2223/126
f 5902/2220/127 5903/2219/127 5904/2222/127
f 5905/2223/128 5906/2224/128 5907/2225/128
f 5908/2223/129 5909/2222/129 5910/2224/129
f 5911/2225/130 5912/2226/130 5913/2227/130
f 5914/2225/131 5915/2224/131 5916/2226/131
f 5917/2227/132 5918/2228/132 5919/2229/132
f 5920/2227/133 5921/2226/133 5922/2228/133
s 1
f 5923/2229/134 5924/2230/134 5925/2231/134
s 0
f 5926/2229/135 5927/2228/135 5928/2230/135
f 5929/2231/136 5930/2232/136 5931/2233/136
f 5932/2231/137 5933/2230/137 5934/2232/137
f 5935/2233/138 5936/2234/138 5937/2235/138
f 5938/2233/139 5939/2232/139 5940/2234/139
f 5941/2235/140 5942/2236/140 5943/2237/140
f 5944/2235/141 5945/2234/141 5946/2236/141
f 5947/2237/142 5948/2238/142 5949/2239/142
f 5950/2237/143 5951/2236/143 5952/2238/143
f 5953/2239/144 5954/2240/144 5955/2241/144
f 5956/2239/145 5957/2238/145 5958/2240/145
f 5959/2241/146 5960/2242/146 5961/2243/146
f 5962/2241/147 5963/2240/147 5964/2242/147
f 5965/2244/148 5966/2245/148 5967/2246/148
f 5968/2244/149 5969/2247/149 5970/2245/149
f 5971/2248/150 5972/2249/150 5973/2250/150
f 5974/2248/151 5975/2251/151 5976/2249/151
f 5977/2252/152 5978/2253/152 5979/2254/152
f 5980/2252/153 5981/2255/153 5982/2253/153
f 5983/2256/154 5984/2257/154 5985/2258/154
f 5986/2256/155 5987/2259/155 5988/2257/155
f 5989/2259/156 5990/2260/156 5991/2257/156
f 5992/2259/157 5993/2261/157 5994/2260/157
f 5995/2261/158 5996/2262/158 5997/2260/158
f 5998/2261/159 5999/2263/159 6000/2262/159
f 6001/2263/160 6002/2264/160 6003/2262/160
f 6004/2263/161 6005/2265/161 6006/2264/161
f 6007/2265/162 6008/2266/162 6009/2264/162
f 6010/2265/163 6011/2267/163 6012/2266/163
f 6013/2267/164 6014/2268/164 6015/2266/164
f 6016/2267/165 6017/2269/165 6018/2268/165
f 6019/2269/166 6020/2270/166 6021/2268/166
f 6022/2269/167 6023/2271/167 6024/2270/167
f 6025/2271/168 6026/2272/168 6027/2270/168
f 6028/2271/169 6029/2273/169 6030/2272/169
f 6031/2273/170 6032/2274/170 6033/2272/170
f 6034/2273/171 6035/2275/171 6036/2274/171
f 6037/2275/172 6038/2276/172 6039/2274/172
f 6040/2275/173 6041/2277/173 6042/2276/173
f 6043/2278/174 6044/2279/174 6045/2280/174
f 6046/2278/175 6047/2281/175 6048/2279/175
f 6049/2282/176 6050/2283/176 6051/2284/176
f 6052/2282/177 6053/2285/177 6054/2283/177
f 6055/2285/178 6056/2286/178 6057/2283/178
f 6058/2285/179 6059/2287/179 6060/2286/179
f 6061/2287/180 6062/2288/180 6063/2286/180
f 6064/2287/181 6065/2289/181 6066/2288/181
f 6067/2289/182 6068/2290/182 6069/2288/182
f 6070/2289/183 6071/2291/183 6072/2290/183
f 6073/2291/184 6074/2292/184 6075/2290/184
f 6076/2291/185 6077/2293/185 6078/2292/185
f 6079/2293/186 6080/2294/186 6081/2292/186
f 6082/2293/187 6083/2295/187 6084/2294/187
f 6085/2295/188 6086/2296/188 6087/2294/188
f 6088/2295/189 6089/2297/189 6090/2296/189
f 6091/2297/190 6092/2298/190 6093/2296/190
f 6094/2297/191 6095/2299/191 6096/2298/191
f 6097/2299/192 6098/2300/192 6099/2298/192
f 6100/2299/193 6101/2301/193 6102/2300/193
f 6103/2301/194 6104/2302/194 6105/2300/194
f 6106/2301/195 6107/2303/195 6108/2302/195
s 1
f 6109/2304/196 6110/2305/196 6111/2306/196
s 0
f 6112/2304/197 6113/2307/197 6114/2305/197
f 6115/2308/198 6116/2309/198 6117/2310/198
f 6118/2308/199 6119/2311/199 6120/2309/199
