# Blender 4.5.4 LTS
# www.blender.org
mtllib butterfly_right_wing.mtl
o 1
v -18.568520 -56.489075 -41.183380
v -20.352449 -57.111080 -43.218357
v -21.549021 -56.436386 -42.864445
v -20.635500 -55.080898 -40.491112
v -18.568520 -56.489075 -41.183380
v -19.106020 -58.667076 -44.294140
v -20.476360 -58.304382 -44.626419
v -20.352449 -57.111080 -43.218357
v -18.568520 -56.489075 -41.183380
v -20.635500 -55.080898 -40.491112
v -19.024521 -52.888222 -36.845848
v -15.809310 -53.446651 -37.206570
v -5.432740 -33.836105 -6.748206
v -2.401690 -30.153912 -0.188453
v -1.536830 -32.644897 -4.042129
v -3.494530 -35.117092 -8.630707
v -5.432740 -33.836105 -6.748206
v -9.131430 -29.810646 -0.201829
v -8.436020 -28.865700 1.550191
v -2.401690 -30.153912 -0.188453
v -5.432740 -33.836105 -6.748206
v -3.494530 -35.117092 -8.630707
v -4.850510 -39.652733 -15.273222
v -6.079710 -39.337395 -14.984685
v -5.432740 -33.836105 -6.748206
v -6.079710 -39.337395 -14.984685
v -7.799650 -39.223091 -15.110247
v -8.400460 -34.611645 -8.349623
v -5.432740 -33.836105 -6.748206
v -8.400460 -34.611645 -8.349623
v -11.428720 -31.467886 -3.116872
v -9.131430 -29.810646 -0.201829
v -44.199741 -43.287048 -24.068104
v -40.339420 -43.691277 -24.673996
v -42.642429 -46.438850 -29.136566
v -47.166908 -44.815834 -26.503654
v -44.199741 -43.287048 -24.068104
v -47.166908 -44.815834 -26.503654
v -50.286308 -42.570671 -22.763378
v -44.827042 -41.506199 -21.055744
v -44.199741 -43.287048 -24.068104
v -44.827042 -41.506199 -21.055744
v -39.362301 -41.126183 -20.308151
v -40.339420 -43.691277 -24.673996
v -4.093520 -34.937138 -8.080403
v -3.494530 -35.117092 -8.630707
v -1.536830 -32.644897 -4.042129
v -1.650850 -32.444710 -3.506980
v -4.093520 -34.937138 -8.080403
v -3.537370 -30.452362 -0.542161
v -6.074870 -32.123901 -3.676303
v -6.015030 -35.673855 -9.484549
v -4.093520 -34.937138 -8.080403
v -1.650850 -32.444710 -3.506980
v -2.054290 -29.178061 1.577155
v -3.537370 -30.452362 -0.542161
v -0.340500 -32.907707 -4.132183
v -1.650850 -32.444710 -3.506980
v -1.536830 -32.644897 -4.042129
v -0.324300 -32.834087 -4.148227
v -13.196390 -32.646194 -5.259565
v -11.428720 -31.467886 -3.116872
v -8.400460 -34.611645 -8.349623
v -11.502770 -35.103737 -9.374303
v -13.196390 -32.646194 -5.259565
v -17.620180 -32.304188 -4.799308
v -17.290939 -30.232689 -1.253594
v -11.428720 -31.467886 -3.116872
v -13.196390 -32.646194 -5.259565
v -11.502770 -35.103737 -9.374303
v -16.642050 -35.051437 -9.464598
v -17.620180 -32.304188 -4.799308
v -21.167761 -57.286690 -43.922680
v -20.352449 -57.111080 -43.218357
v -20.476360 -58.304382 -44.626419
v -21.262030 -57.758507 -44.523174
v -21.167761 -57.286690 -43.922680
v -22.344160 -56.694813 -43.950592
v -21.549021 -56.436386 -42.864445
v -20.352449 -57.111080 -43.218357
v -21.167761 -57.286690 -43.922680
v -21.262030 -57.758507 -44.523174
v -22.546619 -57.479588 -45.111111
v -22.344160 -56.694813 -43.950592
v -22.546619 -57.479588 -45.111111
v -22.894489 -57.660805 -45.280342
v -24.875879 -55.907673 -43.839233
v -24.957100 -55.849701 -44.337116
v -22.546619 -57.479588 -45.111111
v -24.957100 -55.849701 -44.337116
v -24.535830 -55.721622 -43.487305
v -22.344160 -56.694813 -43.950592
v -22.546619 -57.479588 -45.111111
v -21.407310 -59.709568 -46.782898
v -21.874760 -59.958046 -47.181164
v -22.894489 -57.660805 -45.280342
v -22.546619 -57.479588 -45.111111
v -21.262030 -57.758507 -44.523174
v -20.476360 -58.304382 -44.626419
v -21.407310 -59.709568 -46.782898
v -50.161701 -38.085457 -15.228197
v -53.090080 -37.518291 -14.199331
v -48.833080 -35.470249 -10.285085
v -46.468681 -37.034241 -13.440205
v -50.161701 -38.085457 -15.228197
v -46.468681 -37.034241 -13.440205
v -45.262772 -39.198177 -17.127142
v -50.467331 -40.056900 -18.475914
v -50.161701 -38.085457 -15.228197
v -50.467331 -40.056900 -18.475914
v -55.958271 -40.428162 -19.026815
v -53.090080 -37.518291 -14.199331
v -21.407310 -59.709568 -46.782898
v -20.476360 -58.304382 -44.626419
v -19.106020 -58.667076 -44.294140
v -20.017111 -60.659500 -47.030834
v -16.961269 -65.524261 -52.191566
v -16.534630 -65.839752 -52.509224
v -17.066071 -66.448532 -53.408592
v -17.699051 -65.643753 -52.493412
v -16.961269 -65.524261 -52.191566
v -16.829180 -64.893623 -51.383522
v -16.180519 -65.022896 -51.441135
v -16.534630 -65.839752 -52.509224
v -16.961269 -65.524261 -52.191566
v -17.699051 -65.643753 -52.493412
v -18.047480 -64.750458 -51.415596
v -16.829180 -64.893623 -51.383522
v -8.525980 -33.731945 -6.587082
v -8.269150 -35.978115 -10.232067
v -6.015030 -35.673855 -9.484549
v -6.074870 -32.123901 -3.676303
v -8.525980 -33.731945 -6.587082
v -11.644570 -32.979042 -5.481483
v -11.473580 -35.610970 -9.958403
v -8.269150 -35.978115 -10.232067
v -8.525980 -33.731945 -6.587082
v -6.074870 -32.123901 -3.676303
v -8.600650 -29.871704 -0.016479
v -11.644570 -32.979042 -5.481483
v -49.702679 -38.095886 -14.986248
v -48.858002 -39.969303 -18.181477
v -44.628010 -38.619705 -15.868307
v -46.441921 -36.619263 -12.466260
v -49.702679 -38.095886 -14.986248
v -54.066490 -37.680317 -14.062639
v -53.516232 -40.773033 -19.207607
v -48.858002 -39.969303 -18.181477
v -49.702679 -38.095886 -14.986248
v -46.441921 -36.619263 -12.466260
v -49.253368 -35.284943 -9.826996
v -54.066490 -37.680317 -14.062639
v -16.873529 -65.890862 -52.437096
v -16.927731 -65.256790 -51.661446
v -18.057159 -65.402863 -52.069500
v -17.482969 -66.161232 -52.933201
v -16.873529 -65.890862 -52.437096
v -16.458851 -66.070389 -52.596931
v -16.221460 -65.212219 -51.499344
v -16.927731 -65.256790 -51.661446
v -16.873529 -65.890862 -52.437096
v -17.482969 -66.161232 -52.933201
v -16.749540 -66.854424 -53.747726
v -16.458851 -66.070389 -52.596931
v -38.326969 -41.089867 -19.971348
v -40.797890 -42.533134 -22.481462
v -36.828571 -43.716835 -24.422050
v -34.874290 -41.263477 -20.197163
v -38.326969 -41.089867 -19.971348
v -34.874290 -41.263477 -20.197163
v -34.383320 -38.759506 -15.908070
v -39.054081 -39.443085 -17.166451
v -38.326969 -41.089867 -19.971348
v -39.054081 -39.443085 -17.166451
v -43.103710 -40.738972 -19.464817
v -40.797890 -42.533134 -22.481462
v -19.253241 -53.436317 -37.441597
v -17.558729 -56.988098 -41.534634
v -14.586660 -57.032230 -41.212627
v -13.405910 -53.679626 -37.052620
v -19.253241 -53.436317 -37.441597
v -13.405910 -53.679626 -37.052620
v -12.598800 -50.356846 -32.891880
v -17.676180 -49.827930 -32.690830
v -19.253241 -53.436317 -37.441597
v -17.676180 -49.827930 -32.690830
v -21.977961 -48.733791 -31.983448
v -24.635050 -51.574821 -35.955120
v -19.253241 -53.436317 -37.441597
v -22.433380 -54.933727 -40.540283
v -20.233040 -57.096706 -42.929535
v -17.558729 -56.988098 -41.534634
v -20.233040 -57.096706 -42.929535
v -21.886709 -57.369537 -44.434113
v -20.990330 -59.943390 -46.662334
v -19.208790 -59.987888 -45.726360
v -20.233040 -57.096706 -42.929535
v -19.208790 -59.987888 -45.726360
v -16.374020 -60.030479 -45.135101
v -17.558729 -56.988098 -41.534634
v -20.233040 -57.096706 -42.929535
v -22.433380 -54.933727 -40.540283
v -23.739820 -55.729797 -42.556419
v -21.886709 -57.369537 -44.434113
v -23.739820 -55.729797 -42.556419
v -22.433380 -54.933727 -40.540283
v -26.719540 -53.475632 -39.444878
v -27.503500 -54.310799 -41.399677
v -23.739820 -55.729797 -42.556419
v -27.503500 -54.310799 -41.399677
v -27.907209 -54.906414 -42.647148
v -24.875879 -55.907673 -43.839233
v -23.739820 -55.729797 -42.556419
v -24.875879 -55.907673 -43.839233
v -22.894489 -57.660805 -45.280342
v -21.886709 -57.369537 -44.434113
v -27.907209 -54.906414 -42.647148
v -27.503500 -54.310799 -41.399677
v -33.187840 -53.581970 -41.018631
v -33.589851 -54.427105 -42.450050
v -27.907209 -54.906414 -42.647148
v -33.589851 -54.427105 -42.450050
v -33.864681 -55.161274 -43.743923
v -28.235250 -55.306297 -43.882767
v -27.907209 -54.906414 -42.647148
v -28.235250 -55.306297 -43.882767
v -24.957100 -55.849701 -44.337116
v -24.875879 -55.907673 -43.839233
v -28.235250 -55.306297 -43.882767
v -33.864681 -55.161274 -43.743923
v -34.019531 -54.434341 -42.707211
v -28.279970 -54.838104 -42.780926
v -28.235250 -55.306297 -43.882767
v -28.279970 -54.838104 -42.780926
v -24.535830 -55.721622 -43.487305
v -24.957100 -55.849701 -44.337116
v -28.279970 -54.838104 -42.780926
v -34.019531 -54.434341 -42.707211
v -34.071190 -53.561573 -41.292992
v -28.211580 -54.203384 -41.629593
v -28.279970 -54.838104 -42.780926
v -28.211580 -54.203384 -41.629593
v -23.991150 -55.389870 -42.300854
v -24.535830 -55.721622 -43.487305
v -23.991150 -55.389870 -42.300854
v -21.549021 -56.436386 -42.864445
v -22.344160 -56.694813 -43.950592
v -24.535830 -55.721622 -43.487305
v -23.991150 -55.389870 -42.300854
v -28.211580 -54.203384 -41.629593
v -28.080790 -53.401768 -40.027187
v -23.329201 -54.584747 -40.499477
v -23.991150 -55.389870 -42.300854
v -23.329201 -54.584747 -40.499477
v -20.635500 -55.080898 -40.491112
v -21.549021 -56.436386 -42.864445
v -23.329201 -54.584747 -40.499477
v -28.080790 -53.401768 -40.027187
v -27.366980 -51.303772 -36.452995
v -22.401979 -52.323654 -37.083984
v -23.329201 -54.584747 -40.499477
v -22.401979 -52.323654 -37.083984
v -19.024521 -52.888222 -36.845848
v -20.635500 -55.080898 -40.491112
v -22.401979 -52.323654 -37.083984
v -27.366980 -51.303772 -36.452995
v -26.061689 -48.136890 -31.583241
v -21.099770 -48.773209 -32.209297
v -22.401979 -52.323654 -37.083984
v -21.099770 -48.773209 -32.209297
v -16.533131 -49.815926 -32.760597
v -19.024521 -52.888222 -36.845848
v -16.533131 -49.815926 -32.760597
v -11.893770 -50.433575 -33.093460
v -15.809310 -53.446651 -37.206570
v -19.024521 -52.888222 -36.845848
v -16.533131 -49.815926 -32.760597
v -21.099770 -48.773209 -32.209297
v -19.166470 -45.331837 -26.880499
v -13.895320 -46.480499 -27.726810
v -16.533131 -49.815926 -32.760597
v -13.895320 -46.480499 -27.726810
v -10.086160 -47.272026 -28.356857
v -11.893770 -50.433575 -33.093460
v -10.086160 -47.272026 -28.356857
v -7.750910 -47.874008 -28.734957
v -9.598890 -50.884644 -33.157326
v -11.893770 -50.433575 -33.093460
v -10.086160 -47.272026 -28.356857
v -13.895320 -46.480499 -27.726810
v -11.578540 -43.069424 -21.951859
v -8.502000 -43.777733 -22.458275
v -10.086160 -47.272026 -28.356857
v -8.502000 -43.777733 -22.458275
v -6.662600 -44.217827 -22.799288
v -7.750910 -47.874008 -28.734957
v -6.662600 -44.217827 -22.799288
v -5.209870 -44.616173 -23.098854
v -6.176190 -48.513260 -29.046177
v -7.750910 -47.874008 -28.734957
v -6.662600 -44.217827 -22.799288
v -8.502000 -43.777733 -22.458275
v -7.799650 -39.223091 -15.110247
v -6.079710 -39.337395 -14.984685
v -6.662600 -44.217827 -22.799288
v -6.079710 -39.337395 -14.984685
v -4.850510 -39.652733 -15.273222
v -5.209870 -44.616173 -23.098854
v -6.176190 -48.513260 -29.046177
v -6.688200 -48.101986 -28.919495
v -8.317780 -50.984264 -33.250584
v -7.971830 -51.284637 -33.097591
v -6.176190 -48.513260 -29.046177
v -7.971830 -51.284637 -33.097591
v -9.598890 -50.884644 -33.157326
v -7.750910 -47.874008 -28.734957
v -6.176190 -48.513260 -29.046177
v -5.209870 -44.616173 -23.098854
v -5.512260 -44.595913 -22.966404
v -6.688200 -48.101986 -28.919495
v -5.512260 -44.595913 -22.966404
v -6.998430 -44.198841 -22.621637
v -8.469500 -47.657269 -28.498640
v -6.688200 -48.101986 -28.919495
v -5.512260 -44.595913 -22.966404
v -5.209870 -44.616173 -23.098854
v -4.850510 -39.652733 -15.273222
v -5.329900 -39.796768 -15.316196
v -5.512260 -44.595913 -22.966404
v -5.329900 -39.796768 -15.316196
v -6.712050 -39.834560 -15.612529
v -6.998430 -44.198841 -22.621637
v -6.712050 -39.834560 -15.612529
v -8.790640 -39.646721 -15.755747
v -8.801900 -43.770004 -22.276499
v -6.998430 -44.198841 -22.621637
v -6.712050 -39.834560 -15.612529
v -5.329900 -39.796768 -15.316196
v -4.093520 -34.937138 -8.080403
v -6.015030 -35.673855 -9.484549
v -6.712050 -39.834560 -15.612529
v -6.015030 -35.673855 -9.484549
v -8.269150 -35.978115 -10.232067
v -8.790640 -39.646721 -15.755747
v -8.801900 -43.770004 -22.276499
v -13.354480 -42.782726 -21.676481
v -15.365820 -46.283253 -27.495201
v -10.922850 -47.145786 -28.092899
v -8.801900 -43.770004 -22.276499
v -10.922850 -47.145786 -28.092899
v -8.469500 -47.657269 -28.498640
v -6.998430 -44.198841 -22.621637
v -8.801900 -43.770004 -22.276499
v -8.790640 -39.646721 -15.755747
v -11.961270 -39.056038 -15.552631
v -13.354480 -42.782726 -21.676481
v -11.961270 -39.056038 -15.552631
v -17.921070 -38.662594 -15.371795
v -18.936970 -42.041840 -21.110584
v -13.354480 -42.782726 -21.676481
v -11.961270 -39.056038 -15.552631
v -8.790640 -39.646721 -15.755747
v -8.269150 -35.978115 -10.232067
v -11.473580 -35.610970 -9.958403
v -11.961270 -39.056038 -15.552631
v -11.473580 -35.610970 -9.958403
v -17.587500 -35.412018 -9.836551
v -17.921070 -38.662594 -15.371795
v -17.587500 -35.412018 -9.836551
v -23.484190 -35.303150 -9.780867
v -23.673820 -38.468121 -15.185362
v -17.921070 -38.662594 -15.371795
v -17.587500 -35.412018 -9.836551
v -11.473580 -35.610970 -9.958403
v -11.644570 -32.979042 -5.481483
v -17.188761 -32.074257 -4.132997
v -17.587500 -35.412018 -9.836551
v -17.188761 -32.074257 -4.132997
v -23.548140 -32.109161 -4.324803
v -23.484190 -35.303150 -9.780867
v -23.548140 -32.109161 -4.324803
v -17.188761 -32.074257 -4.132997
v -16.322380 -29.477087 0.320150
v -23.866751 -29.888975 -0.538259
v -23.548140 -32.109161 -4.324803
v -23.866751 -29.888975 -0.538259
v -31.014250 -30.376801 -1.512408
v -30.146070 -32.590553 -5.280344
v -23.548140 -32.109161 -4.324803
v -30.146070 -32.590553 -5.280344
v -29.461300 -35.491291 -10.222242
v -23.484190 -35.303150 -9.780867
v -29.461300 -35.491291 -10.222242
v -30.146070 -32.590553 -5.280344
v -36.641350 -33.374336 -6.750525
v -35.189121 -36.093452 -11.366309
v -29.461300 -35.491291 -10.222242
v -35.189121 -36.093452 -11.366309
v -34.383320 -38.759506 -15.908070
v -29.187300 -38.463951 -15.299524
v -29.461300 -35.491291 -10.222242
v -29.187300 -38.463951 -15.299524
v -23.673820 -38.468121 -15.185362
v -23.484190 -35.303150 -9.780867
v -29.187300 -38.463951 -15.299524
v -34.383320 -38.759506 -15.908070
v -34.874290 -41.263477 -20.197163
v -29.813841 -41.461166 -20.430563
v -29.187300 -38.463951 -15.299524
v -29.813841 -41.461166 -20.430563
v -24.492599 -41.675568 -20.663418
v -23.673820 -38.468121 -15.185362
v -24.492599 -41.675568 -20.663418
v -29.813841 -41.461166 -20.430563
v -31.712790 -44.342766 -25.347300
v -26.131060 -44.793880 -25.971563
v -24.492599 -41.675568 -20.663418
v -26.131060 -44.793880 -25.971563
v -20.408529 -45.402466 -26.812033
v -18.936970 -42.041840 -21.110584
v -24.492599 -41.675568 -20.663418
v -18.936970 -42.041840 -21.110584
v -17.921070 -38.662594 -15.371795
v -23.673820 -38.468121 -15.185362
v -20.408529 -45.402466 -26.812033
v -26.131060 -44.793880 -25.971563
v -28.360161 -47.670311 -30.837421
v -21.977961 -48.733791 -31.983448
v -20.408529 -45.402466 -26.812033
v -21.977961 -48.733791 -31.983448
v -17.676180 -49.827930 -32.690830
v -15.365820 -46.283253 -27.495201
v -20.408529 -45.402466 -26.812033
v -15.365820 -46.283253 -27.495201
v -13.354480 -42.782726 -21.676481
v -18.936970 -42.041840 -21.110584
v -28.360161 -47.670311 -30.837421
v -26.131060 -44.793880 -25.971563
v -31.712790 -44.342766 -25.347300
v -34.393040 -47.153084 -29.976437
v -28.360161 -47.670311 -30.837421
v -34.393040 -47.153084 -29.976437
v -37.265701 -50.031960 -34.592663
v -30.781691 -50.372635 -35.402565
v -28.360161 -47.670311 -30.837421
v -30.781691 -50.372635 -35.402565
v -24.635050 -51.574821 -35.955120
v -21.977961 -48.733791 -31.983448
v -30.781691 -50.372635 -35.402565
v -37.265701 -50.031960 -34.592663
v -39.206551 -52.099327 -38.049950
v -32.485420 -52.484848 -39.100300
v -30.781691 -50.372635 -35.402565
v -32.485420 -52.484848 -39.100300
v -26.719540 -53.475632 -39.444878
v -24.635050 -51.574821 -35.955120
v -32.485420 -52.484848 -39.100300
v -39.206551 -52.099327 -38.049950
v -40.227161 -53.259663 -40.036064
v -33.187840 -53.581970 -41.018631
v -32.485420 -52.484848 -39.100300
v -33.187840 -53.581970 -41.018631
v -27.503500 -54.310799 -41.399677
v -26.719540 -53.475632 -39.444878
v -40.227161 -53.259663 -40.036064
v -39.206551 -52.099327 -38.049950
v -45.754879 -50.511940 -35.573624
v -47.222519 -51.488132 -37.195206
v -40.227161 -53.259663 -40.036064
v -47.222519 -51.488132 -37.195206
v -48.421680 -52.192360 -38.397877
v -40.921619 -54.147675 -41.576164
v -40.227161 -53.259663 -40.036064
v -40.921619 -54.147675 -41.576164
v -33.589851 -54.427105 -42.450050
v -33.187840 -53.581970 -41.018631
v -40.921619 -54.147675 -41.576164
v -48.421680 -52.192360 -38.397877
v -49.533089 -52.733360 -39.436470
v -41.498791 -54.912529 -42.990002
v -40.921619 -54.147675 -41.576164
v -41.498791 -54.912529 -42.990002
v -33.864681 -55.161274 -43.743923
v -33.589851 -54.427105 -42.450050
v -41.498791 -54.912529 -42.990002
v -49.533089 -52.733360 -39.436470
v -49.020741 -52.227913 -38.702465
v -41.350262 -54.194096 -41.914345
v -41.498791 -54.912529 -42.990002
v -41.350262 -54.194096 -41.914345
v -34.019531 -54.434341 -42.707211
v -33.864681 -55.161274 -43.743923
v -41.350262 -54.194096 -41.914345
v -49.020741 -52.227913 -38.702465
v -48.078892 -51.487610 -37.434895
v -41.007030 -53.267204 -40.346230
v -41.350262 -54.194096 -41.914345
v -41.007030 -53.267204 -40.346230
v -34.071190 -53.561573 -41.292992
v -34.019531 -54.434341 -42.707211
v -41.007030 -53.267204 -40.346230
v -48.078892 -51.487610 -37.434895
v -47.008770 -50.573360 -35.876194
v -40.446190 -52.133335 -38.439449
v -41.007030 -53.267204 -40.346230
v -40.446190 -52.133335 -38.439449
v -33.912811 -52.640102 -39.434715
v -34.071190 -53.561573 -41.292992
v -33.912811 -52.640102 -39.434715
v -28.080790 -53.401768 -40.027187
v -28.211580 -54.203384 -41.629593
v -34.071190 -53.561573 -41.292992
v -33.912811 -52.640102 -39.434715
v -40.446190 -52.133335 -38.439449
v -39.275211 -50.195339 -35.220757
v -33.212341 -50.664814 -35.957333
v -33.912811 -52.640102 -39.434715
v -33.212341 -50.664814 -35.957333
v -27.366980 -51.303772 -36.452995
v -28.080790 -53.401768 -40.027187
v -33.212341 -50.664814 -35.957333
v -39.275211 -50.195339 -35.220757
v -37.234909 -47.238823 -30.445202
v -31.670460 -47.651348 -31.100906
v -33.212341 -50.664814 -35.957333
v -31.670460 -47.651348 -31.100906
v -26.061689 -48.136890 -31.583241
v -27.366980 -51.303772 -36.452995
v -31.670460 -47.651348 -31.100906
v -37.234909 -47.238823 -30.445202
v -35.165199 -44.081841 -25.249727
v -29.877850 -44.408531 -25.668781
v -31.670460 -47.651348 -31.100906
v -29.877850 -44.408531 -25.668781
v -24.521049 -44.761200 -26.124962
v -26.061689 -48.136890 -31.583241
v -24.521049 -44.761200 -26.124962
v -19.166470 -45.331837 -26.880499
v -21.099770 -48.773209 -32.209297
v -26.061689 -48.136890 -31.583241
v -24.521049 -44.761200 -26.124962
v -29.877850 -44.408531 -25.668781
v -28.051689 -40.975754 -19.821131
v -22.790239 -41.331825 -20.298384
v -24.521049 -44.761200 -26.124962
v -22.790239 -41.331825 -20.298384
v -17.160999 -41.927666 -21.093025
v -19.166470 -45.331837 -26.880499
v -17.160999 -41.927666 -21.093025
v -11.578540 -43.069424 -21.951859
v -13.895320 -46.480499 -27.726810
v -19.166470 -45.331837 -26.880499
v -17.160999 -41.927666 -21.093025
v -22.790239 -41.331825 -20.298384
v -21.480030 -37.877518 -14.388086
v -15.429650 -38.288288 -14.903981
v -17.160999 -41.927666 -21.093025
v -15.429650 -38.288288 -14.903981
v -9.288670 -39.003353 -15.112631
v -11.578540 -43.069424 -21.951859
v -9.288670 -39.003353 -15.112631
v -7.799650 -39.223091 -15.110247
v -8.502000 -43.777733 -22.458275
v -11.578540 -43.069424 -21.951859
v -9.288670 -39.003353 -15.112631
v -15.429650 -38.288288 -14.903981
v -16.642050 -35.051437 -9.464598
v -11.502770 -35.103737 -9.374303
v -9.288670 -39.003353 -15.112631
v -11.502770 -35.103737 -9.374303
v -8.400460 -34.611645 -8.349623
v -7.799650 -39.223091 -15.110247
v -15.429650 -38.288288 -14.903981
v -21.480030 -37.877518 -14.388086
v -22.624241 -34.928448 -9.381271
v -16.642050 -35.051437 -9.464598
v -22.624241 -34.928448 -9.381271
v -21.480030 -37.877518 -14.388086
v -28.036270 -37.928982 -14.617174
v -29.029140 -35.039566 -9.702841
v -22.624241 -34.928448 -9.381271
v -29.029140 -35.039566 -9.702841
v -30.229839 -32.133007 -4.757209
v -23.632240 -31.861979 -4.162758
v -22.624241 -34.928448 -9.381271
v -23.632240 -31.861979 -4.162758
v -17.620180 -32.304188 -4.799308
v -16.642050 -35.051437 -9.464598
v -23.632240 -31.861979 -4.162758
v -30.229839 -32.133007 -4.757209
v -31.071091 -30.214190 -1.492867
v -24.064659 -29.768452 -0.591603
v -23.632240 -31.861979 -4.162758
v -24.064659 -29.768452 -0.591603
v -17.290939 -30.232689 -1.253594
v -17.620180 -32.304188 -4.799308
v -24.064659 -29.768452 -0.591603
v -31.071091 -30.214190 -1.492867
v -31.448151 -29.383694 -0.074818
v -24.273560 -28.888784 0.912895
v -24.064659 -29.768452 -0.591603
v -24.273560 -28.888784 0.912895
v -16.670300 -28.412582 1.871322
v -17.290939 -30.232689 -1.253594
v -16.670300 -28.412582 1.871322
v -9.131430 -29.810646 -0.201829
v -11.428720 -31.467886 -3.116872
v -17.290939 -30.232689 -1.253594
v -16.670300 -28.412582 1.871322
v -24.273560 -28.888784 0.912895
v -24.473440 -28.185352 2.123078
v -16.477690 -27.648790 3.191184
v -16.670300 -28.412582 1.871322
v -16.477690 -27.648790 3.191184
v -8.436020 -28.865700 1.550191
v -9.131430 -29.810646 -0.201829
v -16.477690 -27.648790 3.191184
v -24.473440 -28.185352 2.123078
v -24.288549 -27.943014 2.545704
v -16.406679 -27.952984 2.640954
v -16.477690 -27.648790 3.191184
v -16.406679 -27.952984 2.640954
v -7.604720 -28.308136 2.628052
v -8.436020 -28.865700 1.550191
v -7.604720 -28.308136 2.628052
v -1.197540 -29.018402 1.650601
v -2.401690 -30.153912 -0.188453
v -8.436020 -28.865700 1.550191
v -7.604720 -28.308136 2.628052
v -16.406679 -27.952984 2.640954
v -16.337629 -28.144260 2.627024
v -7.136590 -28.184605 3.192883
v -7.604720 -28.308136 2.628052
v -7.136590 -28.184605 3.192883
v -1.202140 -28.946289 2.005429
v -1.197540 -29.018402 1.650601
v -7.136590 -28.184605 3.192883
v -16.337629 -28.144260 2.627024
v -16.384319 -28.380478 2.191783
v -8.335670 -28.812489 1.947236
v -7.136590 -28.184605 3.192883
v -8.335670 -28.812489 1.947236
v -2.054290 -29.178061 1.577155
v -1.202140 -28.946289 2.005429
v -8.335670 -28.812489 1.947236
v -16.384319 -28.380478 2.191783
v -16.107710 -28.362724 2.226012
v -7.178990 -28.607395 2.305950
v -8.335670 -28.812489 1.947236
v -7.178990 -28.607395 2.305950
v -3.537370 -30.452362 -0.542161
v -2.054290 -29.178061 1.577155
v -7.178990 -28.607395 2.305950
v -16.107710 -28.362724 2.226012
v -16.322380 -29.477087 0.320150
v -8.600650 -29.871704 -0.016479
v -7.178990 -28.607395 2.305950
v -8.600650 -29.871704 -0.016479
v -6.074870 -32.123901 -3.676303
v -3.537370 -30.452362 -0.542161
v -16.107710 -28.362724 2.226012
v -16.384319 -28.380478 2.191783
v -24.388750 -28.233562 2.265587
v -24.125351 -28.954874 1.048831
v -16.107710 -28.362724 2.226012
v -24.125351 -28.954874 1.048831
v -23.866751 -29.888975 -0.538259
v -16.322380 -29.477087 0.320150
v -24.125351 -28.954874 1.048831
v -24.388750 -28.233562 2.265587
v -31.707050 -28.900898 0.981422
v -31.422850 -29.495558 -0.020705
v -24.125351 -28.954874 1.048831
v -31.422850 -29.495558 -0.020705
v -31.014250 -30.376801 -1.512408
v -23.866751 -29.888975 -0.538259
v -31.422850 -29.495558 -0.020705
v -31.707050 -28.900898 0.981422
v -38.822880 -29.853262 -0.787694
v -38.467072 -30.456182 -1.804095
v -31.422850 -29.495558 -0.020705
v -38.467072 -30.456182 -1.804095
v -37.950161 -31.311646 -3.251420
v -31.014250 -30.376801 -1.512408
v -37.950161 -31.311646 -3.251420
v -38.467072 -30.456182 -1.804095
v -45.417992 -31.732609 -4.101229
v -44.446430 -32.696030 -5.702703
v -37.950161 -31.311646 -3.251420
v -44.446430 -32.696030 -5.702703
v -42.354610 -34.684361 -9.075224
v -36.641350 -33.374336 -6.750525
v -37.950161 -31.311646 -3.251420
v -36.641350 -33.374336 -6.750525
v -30.146070 -32.590553 -5.280344
v -31.014250 -30.376801 -1.512408
v -42.354610 -34.684361 -9.075224
v -44.446430 -32.696030 -5.702703
v -49.253368 -35.284943 -9.826996
v -46.441921 -36.619263 -12.466260
v -42.354610 -34.684361 -9.075224
v -46.441921 -36.619263 -12.466260
v -44.628010 -38.619705 -15.868307
v -40.208172 -37.159702 -13.287452
v -42.354610 -34.684361 -9.075224
v -40.208172 -37.159702 -13.287452
v -35.189121 -36.093452 -11.366309
v -36.641350 -33.374336 -6.750525
v -40.208172 -37.159702 -13.287452
v -44.628010 -38.619705 -15.868307
v -43.103710 -40.738972 -19.464817
v -39.054081 -39.443085 -17.166451
v -40.208172 -37.159702 -13.287452
v -39.054081 -39.443085 -17.166451
v -34.383320 -38.759506 -15.908070
v -35.189121 -36.093452 -11.366309
v -44.446430 -32.696030 -5.702703
v -45.417992 -31.732609 -4.101229
v -51.989979 -33.778450 -7.473487
v -49.253368 -35.284943 -9.826996
v -51.989979 -33.778450 -7.473487
v -45.417992 -31.732609 -4.101229
v -45.953690 -31.152405 -3.143173
v -52.747398 -33.175903 -6.695779
v -51.989979 -33.778450 -7.473487
v -52.747398 -33.175903 -6.695779
v -58.148140 -36.622780 -12.286405
v -56.770451 -37.118786 -12.864843
v -51.989979 -33.778450 -7.473487
v -56.770451 -37.118786 -12.864843
v -54.066490 -37.680317 -14.062639
v -49.253368 -35.284943 -9.826996
v -56.770451 -37.118786 -12.864843
v -58.148140 -36.622780 -12.286405
v -59.874039 -40.879822 -19.588348
v -58.209839 -40.870163 -19.703192
v -56.770451 -37.118786 -12.864843
v -58.209839 -40.870163 -19.703192
v -53.516232 -40.773033 -19.207607
v -54.066490 -37.680317 -14.062639
v -58.209839 -40.870163 -19.703192
v -56.540211 -44.976528 -26.563744
v -52.885571 -44.036110 -24.956118
v -53.516232 -40.773033 -19.207607
v -58.209839 -40.870163 -19.703192
v -59.874039 -40.879822 -19.588348
v -58.485771 -45.371342 -27.287130
v -56.540211 -44.976528 -26.563744
v -58.485771 -45.371342 -27.287130
v -53.998341 -48.806236 -32.961868
v -52.037182 -47.971649 -31.703712
v -56.540211 -44.976528 -26.563744
v -58.485771 -45.371342 -27.287130
v -59.874039 -40.879822 -19.588348
v -61.244621 -40.772514 -19.541702
v -59.966709 -45.541981 -27.796059
v -58.485771 -45.371342 -27.287130
v -59.966709 -45.541981 -27.796059
v -55.522240 -49.442753 -33.972252
v -53.998341 -48.806236 -32.961868
v -55.522240 -49.442753 -33.972252
v -48.421680 -52.192360 -38.397877
v -47.222519 -51.488132 -37.195206
v -53.998341 -48.806236 -32.961868
v -55.522240 -49.442753 -33.972252
v -59.966709 -45.541981 -27.796059
v -59.515511 -45.234009 -27.236494
v -55.218788 -49.342445 -33.672508
v -55.522240 -49.442753 -33.972252
v -55.218788 -49.342445 -33.672508
v -49.533089 -52.733360 -39.436470
v -48.421680 -52.192360 -38.397877
v -55.218788 -49.342445 -33.672508
v -59.515511 -45.234009 -27.236494
v -58.917320 -44.942657 -27.063599
v -54.898041 -48.951748 -33.369904
v -55.218788 -49.342445 -33.672508
v -54.898041 -48.951748 -33.369904
v -49.020741 -52.227913 -38.702465
v -49.533089 -52.733360 -39.436470
v -54.898041 -48.951748 -33.369904
v -58.917320 -44.942657 -27.063599
v -59.197079 -45.028954 -27.185318
v -55.052109 -48.861294 -33.198441
v -54.898041 -48.951748 -33.369904
v -55.052109 -48.861294 -33.198441
v -48.078892 -51.487610 -37.434895
v -49.020741 -52.227913 -38.702465
v -55.052109 -48.861294 -33.198441
v -59.197079 -45.028954 -27.185318
v -57.635422 -44.696480 -26.358131
v -53.545792 -48.096924 -31.963856
v -55.052109 -48.861294 -33.198441
v -53.545792 -48.096924 -31.963856
v -47.008770 -50.573360 -35.876194
v -48.078892 -51.487610 -37.434895
v -53.545792 -48.096924 -31.963856
v -57.635422 -44.696480 -26.358131
v -55.077881 -43.965958 -25.081049
v -51.301041 -46.935486 -30.126757
v -53.545792 -48.096924 -31.963856
v -51.301041 -46.935486 -30.126757
v -45.321442 -49.052738 -33.331993
v -47.008770 -50.573360 -35.876194
v -45.321442 -49.052738 -33.331993
v -39.275211 -50.195339 -35.220757
v -40.446190 -52.133335 -38.439449
v -47.008770 -50.573360 -35.876194
v -45.321442 -49.052738 -33.331993
v -51.301041 -46.935486 -30.126757
v -47.166908 -44.815834 -26.503654
v -42.642429 -46.438850 -29.136566
v -45.321442 -49.052738 -33.331993
v -42.642429 -46.438850 -29.136566
v -37.234909 -47.238823 -30.445202
v -39.275211 -50.195339 -35.220757
v -51.301041 -46.935486 -30.126757
v -55.077881 -43.965958 -25.081049
v -50.286308 -42.570671 -22.763378
v -47.166908 -44.815834 -26.503654
v -55.077881 -43.965958 -25.081049
v -57.635422 -44.696480 -26.358131
v -58.604839 -40.462215 -19.296997
v -55.958271 -40.428162 -19.026815
v -55.077881 -43.965958 -25.081049
v -55.958271 -40.428162 -19.026815
v -50.467331 -40.056900 -18.475914
v -50.286308 -42.570671 -22.763378
v -58.604839 -40.462215 -19.296997
v -57.635422 -44.696480 -26.358131
v -59.197079 -45.028954 -27.185318
v -60.142811 -40.600044 -19.340693
v -58.604839 -40.462215 -19.296997
v -60.142811 -40.600044 -19.340693
v -58.190239 -36.339012 -12.119769
v -56.844479 -36.778519 -12.583621
v -58.604839 -40.462215 -19.296997
v -56.844479 -36.778519 -12.583621
v -53.090080 -37.518291 -14.199331
v -55.958271 -40.428162 -19.026815
v -56.844479 -36.778519 -12.583621
v -51.797531 -33.610947 -7.427039
v -48.833080 -35.470249 -10.285085
v -53.090080 -37.518291 -14.199331
v -56.844479 -36.778519 -12.583621
v -58.190239 -36.339012 -12.119769
v -52.588589 -33.043575 -6.724982
v -51.797531 -33.610947 -7.427039
v -52.588589 -33.043575 -6.724982
v -45.573330 -31.317513 -3.666985
v -44.912571 -31.958984 -4.726631
v -51.797531 -33.610947 -7.427039
v -52.588589 -33.043575 -6.724982
v -58.190239 -36.339012 -12.119769
v -59.312950 -35.996693 -11.718863
v -53.261810 -32.608818 -6.021359
v -52.588589 -33.043575 -6.724982
v -53.261810 -32.608818 -6.021359
v -46.093140 -30.780376 -2.757332
v -45.573330 -31.317513 -3.666985
v -46.093140 -30.780376 -2.757332
v -38.870602 -29.616270 -0.613903
v -38.495720 -30.202152 -1.617553
v -45.573330 -31.317513 -3.666985
v -46.093140 -30.780376 -2.757332
v -53.261810 -32.608818 -6.021359
v -53.925152 -32.241882 -5.310410
v -46.553841 -30.297262 -1.898529
v -46.093140 -30.780376 -2.757332
v -46.553841 -30.297262 -1.898529
v -39.198780 -29.113792 0.277843
v -38.870602 -29.616270 -0.613903
v -39.198780 -29.113792 0.277843
v -31.979931 -28.253876 1.882204
v -31.729469 -28.778587 0.961204
v -38.870602 -29.616270 -0.613903
v -39.198780 -29.113792 0.277843
v -46.553841 -30.297262 -1.898529
v -46.363140 -30.638550 -2.296316
v -39.132210 -29.316481 0.104925
v -39.198780 -29.113792 0.277843
v -39.132210 -29.316481 0.104925
v -31.965780 -28.349957 1.882965
v -31.979931 -28.253876 1.882204
v -31.965780 -28.349957 1.882965
v -24.249640 -28.064827 2.640387
v -24.288549 -27.943014 2.545704
v -31.979931 -28.253876 1.882204
v -31.965780 -28.349957 1.882965
v -39.132210 -29.316481 0.104925
v -38.822880 -29.853262 -0.787694
v -31.707050 -28.900898 0.981422
v -31.965780 -28.349957 1.882965
v -31.707050 -28.900898 0.981422
v -24.388750 -28.233562 2.265587
v -24.249640 -28.064827 2.640387
v -24.249640 -28.064827 2.640387
v -16.337629 -28.144260 2.627024
v -16.406679 -27.952984 2.640954
v -24.288549 -27.943014 2.545704
v -24.249640 -28.064827 2.640387
v -24.388750 -28.233562 2.265587
v -16.384319 -28.380478 2.191783
v -16.337629 -28.144260 2.627024
v -39.132210 -29.316481 0.104925
v -46.363140 -30.638550 -2.296316
v -45.953690 -31.152405 -3.143173
v -38.822880 -29.853262 -0.787694
v -46.363140 -30.638550 -2.296316
v -46.553841 -30.297262 -1.898529
v -53.925152 -32.241882 -5.310410
v -53.368328 -32.714752 -5.963075
v -46.363140 -30.638550 -2.296316
v -53.368328 -32.714752 -5.963075
v -52.747398 -33.175903 -6.695779
v -45.953690 -31.152405 -3.143173
v -53.368328 -32.714752 -5.963075
v -53.925152 -32.241882 -5.310410
v -60.209961 -35.948357 -11.235914
v -59.250629 -36.195133 -11.803280
v -53.368328 -32.714752 -5.963075
v -59.250629 -36.195133 -11.803280
v -58.148140 -36.622780 -12.286405
v -52.747398 -33.175903 -6.695779
v -59.250629 -36.195133 -11.803280
v -60.209961 -35.948357 -11.235914
v -62.524311 -40.656799 -19.592548
v -61.244621 -40.772514 -19.541702
v -59.250629 -36.195133 -11.803280
v -61.244621 -40.772514 -19.541702
v -59.874039 -40.879822 -19.588348
v -58.148140 -36.622780 -12.286405
v -62.524311 -40.656799 -19.592548
v -59.515511 -45.234009 -27.236494
v -59.966709 -45.541981 -27.796059
v -61.244621 -40.772514 -19.541702
v -62.524311 -40.656799 -19.592548
v -60.209961 -35.948357 -11.235914
v -59.312950 -35.996693 -11.718863
v -60.435329 -40.711117 -19.366348
v -62.524311 -40.656799 -19.592548
v -60.435329 -40.711117 -19.366348
v -58.917320 -44.942657 -27.063599
v -59.515511 -45.234009 -27.236494
v -60.435329 -40.711117 -19.366348
v -59.312950 -35.996693 -11.718863
v -58.190239 -36.339012 -12.119769
v -60.142811 -40.600044 -19.340693
v -60.435329 -40.711117 -19.366348
v -60.142811 -40.600044 -19.340693
v -59.197079 -45.028954 -27.185318
v -58.917320 -44.942657 -27.063599
v -60.209961 -35.948357 -11.235914
v -53.925152 -32.241882 -5.310410
v -53.261810 -32.608818 -6.021359
v -59.312950 -35.996693 -11.718863
v -31.729469 -28.778587 0.961204
v -24.473440 -28.185352 2.123078
v -24.273560 -28.888784 0.912895
v -31.448151 -29.383694 -0.074818
v -31.729469 -28.778587 0.961204
v -31.448151 -29.383694 -0.074818
v -38.495720 -30.202152 -1.617553
v -38.870602 -29.616270 -0.613903
v -31.729469 -28.778587 0.961204
v -31.979931 -28.253876 1.882204
v -24.288549 -27.943014 2.545704
v -24.473440 -28.185352 2.123078
v -38.495720 -30.202152 -1.617553
v -31.448151 -29.383694 -0.074818
v -31.071091 -30.214190 -1.492867
v -37.997871 -30.973240 -2.932088
v -38.495720 -30.202152 -1.617553
v -37.997871 -30.973240 -2.932088
v -44.912571 -31.958984 -4.726631
v -45.573330 -31.317513 -3.666985
v -37.997871 -30.973240 -2.932088
v -31.071091 -30.214190 -1.492867
v -30.229839 -32.133007 -4.757209
v -36.924160 -32.616379 -5.719097
v -37.997871 -30.973240 -2.932088
v -36.924160 -32.616379 -5.719097
v -43.518940 -33.324646 -7.016144
v -44.912571 -31.958984 -4.726631
v -43.518940 -33.324646 -7.016144
v -36.924160 -32.616379 -5.719097
v -35.283321 -35.374512 -10.399721
v -41.225319 -35.912167 -11.435053
v -43.518940 -33.324646 -7.016144
v -41.225319 -35.912167 -11.435053
v -46.468681 -37.034241 -13.440205
v -48.833080 -35.470249 -10.285085
v -43.518940 -33.324646 -7.016144
v -48.833080 -35.470249 -10.285085
v -51.797531 -33.610947 -7.427039
v -44.912571 -31.958984 -4.726631
v -41.225319 -35.912167 -11.435053
v -35.283321 -35.374512 -10.399721
v -34.079201 -38.238464 -15.268744
v -39.765530 -38.608028 -16.016144
v -41.225319 -35.912167 -11.435053
v -39.765530 -38.608028 -16.016144
v -45.262772 -39.198177 -17.127142
v -46.468681 -37.034241 -13.440205
v -39.765530 -38.608028 -16.016144
v -34.079201 -38.238464 -15.268744
v -33.651958 -41.055218 -20.074760
v -39.362301 -41.126183 -20.308151
v -39.765530 -38.608028 -16.016144
v -39.362301 -41.126183 -20.308151
v -44.827042 -41.506199 -21.055744
v -45.262772 -39.198177 -17.127142
v -33.651958 -41.055218 -20.074760
v -28.051689 -40.975754 -19.821131
v -29.877850 -44.408531 -25.668781
v -35.165199 -44.081841 -25.249727
v -33.651958 -41.055218 -20.074760
v -35.165199 -44.081841 -25.249727
v -40.339420 -43.691277 -24.673996
v -39.362301 -41.126183 -20.308151
v -33.651958 -41.055218 -20.074760
v -34.079201 -38.238464 -15.268744
v -28.036270 -37.928982 -14.617174
v -28.051689 -40.975754 -19.821131
v -34.079201 -38.238464 -15.268744
v -35.283321 -35.374512 -10.399721
v -29.029140 -35.039566 -9.702841
v -28.036270 -37.928982 -14.617174
v -35.283321 -35.374512 -10.399721
v -36.924160 -32.616379 -5.719097
v -30.229839 -32.133007 -4.757209
v -29.029140 -35.039566 -9.702841
v -52.037182 -47.971649 -31.703712
v -45.754879 -50.511940 -35.573624
v -43.268780 -48.684395 -32.671272
v -48.807121 -46.671631 -29.271439
v -52.037182 -47.971649 -31.703712
v -48.807121 -46.671631 -29.271439
v -52.885571 -44.036110 -24.956118
v -56.540211 -44.976528 -26.563744
v -52.037182 -47.971649 -31.703712
v -53.998341 -48.806236 -32.961868
v -47.222519 -51.488132 -37.195206
v -45.754879 -50.511940 -35.573624
v -48.807121 -46.671631 -29.271439
v -43.268780 -48.684395 -32.671272
v -39.926201 -46.163452 -28.593189
v -44.720390 -44.591373 -26.007782
v -48.807121 -46.671631 -29.271439
v -44.720390 -44.591373 -26.007782
v -47.744450 -42.434814 -22.294250
v -52.885571 -44.036110 -24.956118
v -47.744450 -42.434814 -22.294250
v -44.720390 -44.591373 -26.007782
v -40.797890 -42.533134 -22.481462
v -43.103710 -40.738972 -19.464817
v -47.744450 -42.434814 -22.294250
v -43.103710 -40.738972 -19.464817
v -44.628010 -38.619705 -15.868307
v -48.858002 -39.969303 -18.181477
v -47.744450 -42.434814 -22.294250
v -48.858002 -39.969303 -18.181477
v -53.516232 -40.773033 -19.207607
v -52.885571 -44.036110 -24.956118
v -44.720390 -44.591373 -26.007782
v -39.926201 -46.163452 -28.593189
v -36.828571 -43.716835 -24.422050
v -40.797890 -42.533134 -22.481462
v -39.926201 -46.163452 -28.593189
v -34.393040 -47.153084 -29.976437
v -31.712790 -44.342766 -25.347300
v -36.828571 -43.716835 -24.422050
v -39.926201 -46.163452 -28.593189
v -43.268780 -48.684395 -32.671272
v -37.265701 -50.031960 -34.592663
v -34.393040 -47.153084 -29.976437
v -43.268780 -48.684395 -32.671272
v -45.754879 -50.511940 -35.573624
v -39.206551 -52.099327 -38.049950
v -37.265701 -50.031960 -34.592663
v -45.953690 -31.152405 -3.143173
v -45.417992 -31.732609 -4.101229
v -38.467072 -30.456182 -1.804095
v -38.822880 -29.853262 -0.787694
v -28.036270 -37.928982 -14.617174
v -21.480030 -37.877518 -14.388086
v -22.790239 -41.331825 -20.298384
v -28.051689 -40.975754 -19.821131
v -35.165199 -44.081841 -25.249727
v -37.234909 -47.238823 -30.445202
v -42.642429 -46.438850 -29.136566
v -40.339420 -43.691277 -24.673996
v -31.712790 -44.342766 -25.347300
v -29.813841 -41.461166 -20.430563
v -34.874290 -41.263477 -20.197163
v -36.828571 -43.716835 -24.422050
v -16.322380 -29.477087 0.320150
v -17.188761 -32.074257 -4.132997
v -11.644570 -32.979042 -5.481483
v -8.600650 -29.871704 -0.016479
v -10.922850 -47.145786 -28.092899
v -15.365820 -46.283253 -27.495201
v -17.676180 -49.827930 -32.690830
v -12.598800 -50.356846 -32.891880
v -10.922850 -47.145786 -28.092899
v -12.598800 -50.356846 -32.891880
v -10.086180 -50.695271 -33.071110
v -8.469500 -47.657269 -28.498640
v -10.086180 -50.695271 -33.071110
v -12.598800 -50.356846 -32.891880
v -13.405910 -53.679626 -37.052620
v -11.566360 -53.970699 -37.212929
v -10.086180 -50.695271 -33.071110
v -11.566360 -53.970699 -37.212929
v -10.285660 -54.148418 -37.397850
v -8.317780 -50.984264 -33.250584
v -10.086180 -50.695271 -33.071110
v -8.317780 -50.984264 -33.250584
v -6.688200 -48.101986 -28.919495
v -8.469500 -47.657269 -28.498640
v -10.285660 -54.148418 -37.397850
v -11.566360 -53.970699 -37.212929
v -13.155870 -57.236279 -41.303497
v -12.615830 -57.277603 -41.393204
v -10.285660 -54.148418 -37.397850
v -12.615830 -57.277603 -41.393204
v -14.015870 -57.054379 -41.361237
v -10.882670 -54.164513 -37.353134
v -10.285660 -54.148418 -37.397850
v -10.882670 -54.164513 -37.353134
v -7.971830 -51.284637 -33.097591
v -8.317780 -50.984264 -33.250584
v -10.882670 -54.164513 -37.353134
v -14.015870 -57.054379 -41.361237
v -15.981810 -56.667988 -41.130238
v -13.013000 -53.754993 -37.291473
v -10.882670 -54.164513 -37.353134
v -13.013000 -53.754993 -37.291473
v -9.598890 -50.884644 -33.157326
v -7.971830 -51.284637 -33.097591
v -13.013000 -53.754993 -37.291473
v -15.981810 -56.667988 -41.130238
v -18.568520 -56.489075 -41.183380
v -15.809310 -53.446651 -37.206570
v -13.013000 -53.754993 -37.291473
v -15.809310 -53.446651 -37.206570
v -11.893770 -50.433575 -33.093460
v -9.598890 -50.884644 -33.157326
v -15.981810 -56.667988 -41.130238
v -14.015870 -57.054379 -41.361237
v -15.846650 -59.610672 -44.728539
v -17.381290 -59.119125 -44.377125
v -15.981810 -56.667988 -41.130238
v -17.381290 -59.119125 -44.377125
v -19.106020 -58.667076 -44.294140
v -18.568520 -56.489075 -41.183380
v -17.381290 -59.119125 -44.377125
v -15.846650 -59.610672 -44.728539
v -17.257389 -61.821255 -47.669075
v -18.697149 -61.334793 -47.381908
v -17.381290 -59.119125 -44.377125
v -18.697149 -61.334793 -47.381908
v -20.017111 -60.659500 -47.030834
v -19.106020 -58.667076 -44.294140
v -18.697149 -61.334793 -47.381908
v -17.257389 -61.821255 -47.669075
v -17.922251 -63.503273 -49.847893
v -19.383570 -63.278130 -49.991001
v -18.697149 -61.334793 -47.381908
v -19.383570 -63.278130 -49.991001
v -20.500959 -62.809425 -49.903828
v -20.017111 -60.659500 -47.030834
v -20.500959 -62.809425 -49.903828
v -19.383570 -63.278130 -49.991001
v -19.314840 -64.699539 -51.801018
v -20.676140 -64.794586 -52.403820
v -20.500959 -62.809425 -49.903828
v -20.676140 -64.794586 -52.403820
v -20.869619 -64.163048 -52.248070
v -21.390671 -61.864506 -50.421795
v -20.500959 -62.809425 -49.903828
v -21.390671 -61.864506 -50.421795
v -21.407310 -59.709568 -46.782898
v -20.017111 -60.659500 -47.030834
v -21.390671 -61.864506 -50.421795
v -20.869619 -64.163048 -52.248070
v -20.776270 -64.075485 -52.109344
v -21.435511 -62.500668 -49.731972
v -21.390671 -61.864506 -50.421795
v -21.435511 -62.500668 -49.731972
v -21.874760 -59.958046 -47.181164
v -21.407310 -59.709568 -46.782898
v -21.435511 -62.500668 -49.731972
v -20.776270 -64.075485 -52.109344
v -20.040489 -64.477234 -51.621437
v -20.517160 -62.839264 -49.656837
v -21.435511 -62.500668 -49.731972
v -20.517160 -62.839264 -49.656837
v -20.990330 -59.943390 -46.662334
v -21.874760 -59.958046 -47.181164
v -20.517160 -62.839264 -49.656837
v -20.040489 -64.477234 -51.621437
v -18.483749 -64.373314 -50.854519
v -18.787189 -62.779045 -48.956856
v -20.517160 -62.839264 -49.656837
v -18.787189 -62.779045 -48.956856
v -19.208790 -59.987888 -45.726360
v -20.990330 -59.943390 -46.662334
v -18.787189 -62.779045 -48.956856
v -18.483749 -64.373314 -50.854519
v -16.872740 -64.327484 -50.503620
v -16.666201 -62.668373 -48.429649
v -18.787189 -62.779045 -48.956856
v -16.666201 -62.668373 -48.429649
v -16.374020 -60.030479 -45.135101
v -19.208790 -59.987888 -45.726360
v -16.666201 -62.668373 -48.429649
v -16.872740 -64.327484 -50.503620
v -15.967480 -64.053421 -50.050423
v -15.570810 -62.360718 -47.925896
v -16.666201 -62.668373 -48.429649
v -15.570810 -62.360718 -47.925896
v -14.852060 -60.148258 -45.106045
v -16.374020 -60.030479 -45.135101
v -14.852060 -60.148258 -45.106045
v -15.570810 -62.360718 -47.925896
v -15.239340 -62.170799 -47.819046
v -14.359980 -59.978016 -44.836456
v -14.852060 -60.148258 -45.106045
v -14.359980 -59.978016 -44.836456
v -13.155870 -57.236279 -41.303497
v -14.586660 -57.032230 -41.212627
v -14.852060 -60.148258 -45.106045
v -14.586660 -57.032230 -41.212627
v -17.558729 -56.988098 -41.534634
v -16.374020 -60.030479 -45.135101
v -14.359980 -59.978016 -44.836456
v -15.239340 -62.170799 -47.819046
v -15.871750 -62.241943 -47.990860
v -14.513740 -59.950657 -45.002369
v -14.359980 -59.978016 -44.836456
v -14.513740 -59.950657 -45.002369
v -12.615830 -57.277603 -41.393204
v -13.155870 -57.236279 -41.303497
v -14.513740 -59.950657 -45.002369
v -15.871750 -62.241943 -47.990860
v -17.257389 -61.821255 -47.669075
v -15.846650 -59.610672 -44.728539
v -14.513740 -59.950657 -45.002369
v -15.846650 -59.610672 -44.728539
v -14.015870 -57.054379 -41.361237
v -12.615830 -57.277603 -41.393204
v -15.871750 -62.241943 -47.990860
v -15.239340 -62.170799 -47.819046
v -15.818620 -63.837849 -49.939720
v -16.543060 -63.786812 -49.978378
v -15.871750 -62.241943 -47.990860
v -16.543060 -63.786812 -49.978378
v -17.922251 -63.503273 -49.847893
v -17.257389 -61.821255 -47.669075
v -16.543060 -63.786812 -49.978378
v -15.818620 -63.837849 -49.939720
v -16.180519 -65.022896 -51.441135
v -16.829180 -64.893623 -51.383522
v -16.543060 -63.786812 -49.978378
v -16.829180 -64.893623 -51.383522
v -18.047480 -64.750458 -51.415596
v -17.922251 -63.503273 -49.847893
v -15.818620 -63.837849 -49.939720
v -15.967480 -64.053421 -50.050423
v -16.221460 -65.212219 -51.499344
v -16.180519 -65.022896 -51.441135
v -15.818620 -63.837849 -49.939720
v -15.239340 -62.170799 -47.819046
v -15.570810 -62.360718 -47.925896
v -15.967480 -64.053421 -50.050423
v -15.967480 -64.053421 -50.050423
v -16.872740 -64.327484 -50.503620
v -16.927731 -65.256790 -51.661446
v -16.221460 -65.212219 -51.499344
v -16.872740 -64.327484 -50.503620
v -18.483749 -64.373314 -50.854519
v -18.057159 -65.402863 -52.069500
v -16.927731 -65.256790 -51.661446
v -18.483749 -64.373314 -50.854519
v -20.040489 -64.477234 -51.621437
v -19.198521 -65.573486 -52.657188
v -18.057159 -65.402863 -52.069500
v -19.198521 -65.573486 -52.657188
v -19.912319 -65.664162 -53.002464
v -19.100691 -66.393570 -53.721237
v -18.327080 -66.376358 -53.452156
v -19.198521 -65.573486 -52.657188
v -18.327080 -66.376358 -53.452156
v -17.482969 -66.161232 -52.933201
v -18.057159 -65.402863 -52.069500
v -19.198521 -65.573486 -52.657188
v -20.040489 -64.477234 -51.621437
v -20.776270 -64.075485 -52.109344
v -19.912319 -65.664162 -53.002464
v -18.327080 -66.376358 -53.452156
v -19.100691 -66.393570 -53.721237
v -18.574381 -66.811707 -54.014660
v -17.645010 -67.049103 -54.259087
v -18.327080 -66.376358 -53.452156
v -17.645010 -67.049103 -54.259087
v -16.749540 -66.854424 -53.747726
v -17.482969 -66.161232 -52.933201
v -17.645010 -67.049103 -54.259087
v -18.574381 -66.811707 -54.014660
v -18.939270 -66.418800 -53.895260
v -18.003620 -66.521561 -53.755939
v -17.645010 -67.049103 -54.259087
v -18.003620 -66.521561 -53.755939
v -17.066071 -66.448532 -53.408592
v -16.749540 -66.854424 -53.747726
v -18.003620 -66.521561 -53.755939
v -18.939270 -66.418800 -53.895260
v -19.754450 -65.882309 -53.458027
v -18.717270 -65.742767 -52.911602
v -18.003620 -66.521561 -53.755939
v -18.717270 -65.742767 -52.911602
v -17.699051 -65.643753 -52.493412
v -17.066071 -66.448532 -53.408592
v -18.717270 -65.742767 -52.911602
v -19.754450 -65.882309 -53.458027
v -20.676140 -64.794586 -52.403820
v -19.314840 -64.699539 -51.801018
v -18.717270 -65.742767 -52.911602
v -19.314840 -64.699539 -51.801018
v -18.047480 -64.750458 -51.415596
v -17.699051 -65.643753 -52.493412
v -20.066830 -65.482460 -53.425495
v -19.404680 -66.126129 -53.966892
v -19.100691 -66.393570 -53.721237
v -19.912319 -65.664162 -53.002464
v -20.066830 -65.482460 -53.425495
v -19.912319 -65.664162 -53.002464
v -20.776270 -64.075485 -52.109344
v -20.869619 -64.163048 -52.248070
v -19.314840 -64.699539 -51.801018
v -19.383570 -63.278130 -49.991001
v -17.922251 -63.503273 -49.847893
v -18.047480 -64.750458 -51.415596
v -13.155870 -57.236279 -41.303497
v -11.566360 -53.970699 -37.212929
v -13.405910 -53.679626 -37.052620
v -14.586660 -57.032230 -41.212627
v -5.329900 -39.796768 -15.316196
v -4.850510 -39.652733 -15.273222
v -3.494530 -35.117092 -8.630707
v -4.093520 -34.937138 -8.080403
v -26.719540 -53.475632 -39.444878
v -22.433380 -54.933727 -40.540283
v -19.253241 -53.436317 -37.441597
v -24.635050 -51.574821 -35.955120
v -20.990330 -59.943390 -46.662334
v -21.886709 -57.369537 -44.434113
v -22.894489 -57.660805 -45.280342
v -21.874760 -59.958046 -47.181164
v -16.749540 -66.854424 -53.747726
v -17.066071 -66.448532 -53.408592
v -16.534630 -65.839752 -52.509224
v -16.458851 -66.070389 -52.596931
v -16.221460 -65.212219 -51.499344
v -16.458851 -66.070389 -52.596931
v -16.534630 -65.839752 -52.509224
v -16.180519 -65.022896 -51.441135
v -50.467331 -40.056900 -18.475914
v -45.262772 -39.198177 -17.127142
v -44.827042 -41.506199 -21.055744
v -50.286308 -42.570671 -22.763378
v -1.202140 -28.946289 2.005429
v -2.054290 -29.178061 1.577155
v -1.650850 -32.444710 -3.506980
v -0.340500 -32.907707 -4.132183
v -1.197540 -29.018402 1.650601
v -0.324300 -32.834087 -4.148227
v -1.536830 -32.644897 -4.042129
v -2.401690 -30.153912 -0.188453
v -18.574381 -66.811707 -54.014660
v -19.100691 -66.393570 -53.721237
v -19.404680 -66.126129 -53.966892
v -18.939270 -66.418800 -53.895260
v -0.340500 -32.907707 -4.132183
v -0.324300 -32.834087 -4.148227
v -1.197540 -29.018402 1.650601
v -1.202140 -28.946289 2.005429
v -19.754450 -65.882309 -53.458027
v -18.939270 -66.418800 -53.895260
v -19.404680 -66.126129 -53.966892
v -20.066830 -65.482460 -53.425495
v -19.754450 -65.882309 -53.458027
v -20.066830 -65.482460 -53.425495
v -20.869619 -64.163048 -52.248070
v -20.676140 -64.794586 -52.403820
vn 0.3205 0.7755 -0.5440
vn 0.3205 0.7754 -0.5440
vn 0.3826 0.7128 -0.5878
vn 0.3825 0.7129 -0.5878
vn 0.1622 0.7675 -0.6201
vn 0.1623 0.7675 -0.6201
vn 0.1621 0.7676 -0.6201
vn 0.1620 0.7676 -0.6202
vn 0.0961 0.8526 -0.5137
vn 0.0445 0.8641 -0.5014
vn 0.0451 0.8641 -0.5013
vn 0.0315 0.8266 -0.5619
vn 0.0887 0.8257 -0.5571
vn 0.0889 0.8257 -0.5571
vn 0.0888 0.8257 -0.5571
vn 0.0348 0.8624 -0.5050
vn 0.0347 0.8624 -0.5050
vn 0.0347 0.8624 -0.5051
vn 0.0017 0.8494 -0.5277
vn 0.0015 0.8494 -0.5277
vn 0.0014 0.8494 -0.5278
vn -0.0098 0.8565 -0.5160
vn -0.0098 0.8565 -0.5161
vn -0.0099 0.8563 -0.5164
vn 0.0099 0.8614 -0.5078
vn 0.0095 0.8617 -0.5074
vn 0.0100 0.8614 -0.5079
vn 0.0101 0.8613 -0.5080
vn 0.1513 -0.8977 0.4138
vn -0.0644 -0.8539 0.5165
vn -0.0645 -0.8539 0.5164
vn -0.0759 -0.8493 0.5225
vn -0.0758 -0.8493 0.5225
vn -0.1987 -0.9644 0.1745
vn -0.1987 -0.9644 0.1746
vn 0.0304 0.8641 -0.5024
vn 0.0305 0.8641 -0.5024
vn 0.0302 0.8640 -0.5027
vn 0.0194 0.8650 -0.5013
vn 0.0194 0.8650 -0.5014
vn 0.0158 0.8623 -0.5062
vn 0.0160 0.8622 -0.5063
vn 0.0161 0.8622 -0.5063
vn 0.3893 0.6880 -0.6125
vn 0.3891 0.6880 -0.6126
vn 0.3892 0.6880 -0.6125
vn 0.3508 0.7876 -0.5065
vn 0.3970 0.7142 -0.5765
vn 0.3969 0.7143 -0.5764
vn -0.6103 -0.3169 -0.7260
vn -0.6104 -0.3169 -0.7260
vn -0.6103 -0.3170 -0.7260
vn 0.3337 0.8151 -0.4736
vn 0.3338 0.8151 -0.4735
vn 0.3338 0.8151 -0.4736
vn 0.3336 0.8150 -0.4737
vn 0.1644 0.6582 -0.7347
vn 0.1645 0.6582 -0.7346
vn 0.1645 0.6582 -0.7347
vn 0.4123 0.6763 -0.6104
vn 0.4124 0.6763 -0.6104
vn -0.0114 0.8851 -0.4652
vn -0.0036 0.8587 -0.5125
vn -0.0095 0.8575 -0.5143
vn -0.0093 0.8574 -0.5146
vn -0.0092 0.8573 -0.5147
vn 0.3524 0.7013 -0.6196
vn 0.1242 0.7850 -0.6069
vn 0.1239 0.7851 -0.6069
vn 0.1241 0.7850 -0.6069
vn 0.1026 0.7745 -0.6242
vn 0.1025 0.7746 -0.6241
vn 0.1147 0.7791 -0.6164
vn 0.1144 0.7789 -0.6166
vn 0.1146 0.7790 -0.6164
vn -0.0582 -0.8519 0.5205
vn -0.0580 -0.8518 0.5206
vn -0.0587 -0.8520 0.5202
vn -0.0400 -0.8575 0.5129
vn -0.0316 -0.8619 0.5060
vn -0.0317 -0.8619 0.5060
vn -0.0323 -0.8619 0.5060
vn -0.0011 -0.8625 0.5060
vn -0.0011 -0.8625 0.5061
vn -0.0010 -0.8622 0.5065
vn 0.0311 -0.8566 0.5151
vn 0.0310 -0.8565 0.5152
vn 0.0224 -0.8787 0.4768
vn 0.0227 -0.8787 0.4768
vn -0.1314 -0.7798 0.6120
vn -0.1314 -0.7798 0.6121
vn -0.0943 -0.7742 0.6258
vn -0.0944 -0.7741 0.6259
vn -0.0946 -0.7741 0.6260
vn -0.0948 -0.7740 0.6261
vn -0.1193 -0.8053 0.5808
vn -0.1192 -0.8053 0.5808
vn -0.1190 -0.8053 0.5808
vn -0.0100 -0.8626 0.5058
vn -0.0103 -0.8626 0.5057
vn -0.0104 -0.8630 0.5050
vn -0.0101 -0.8632 0.5048
vn -0.0095 -0.8634 0.5044
vn -0.0099 -0.8631 0.5049
vn -0.0099 -0.8633 0.5046
vn -0.0098 -0.8630 0.5051
vn -0.0763 -0.7670 0.6370
vn -0.0764 -0.7671 0.6369
vn -0.0766 -0.7672 0.6368
vn -0.0763 -0.7671 0.6370
vn -0.0660 -0.7788 0.6237
vn -0.0658 -0.7790 0.6235
vn -0.0657 -0.7791 0.6235
vn -0.0965 -0.7774 0.6216
vn -0.0963 -0.7774 0.6216
vn -0.2184 -0.7934 0.5682
vn -0.2185 -0.7934 0.5682
vn -0.3856 -0.6943 0.6077
vn -0.2156 -0.7519 0.6230
vn -0.2155 -0.7519 0.6231
vn -0.2156 -0.7520 0.6230
vn -0.2731 -0.8323 0.4823
vn -0.1841 -0.8713 0.4549
vn -0.1842 -0.8713 0.4549
vn -0.1867 -0.9020 0.3893
vn -0.1867 -0.9020 0.3892
vn -0.3038 -0.8192 0.4864
vn -0.3039 -0.8192 0.4864
vn -0.3037 -0.8192 0.4865
vn -0.0676 -0.8701 0.4883
vn -0.0677 -0.8701 0.4883
vn -0.0378 -0.9085 0.4163
vn -0.0378 -0.9084 0.4164
vn -0.0378 -0.9084 0.4163
vn -0.0377 -0.9085 0.4162
vn -0.1744 -0.9574 0.2300
vn -0.1743 -0.9574 0.2301
vn -0.1745 -0.9574 0.2299
vn 0.0331 0.8738 -0.4852
vn 0.0331 0.8737 -0.4853
vn 0.0332 0.8738 -0.4851
vn 0.1390 0.9393 -0.3138
vn 0.1390 0.9393 -0.3136
vn 0.0597 0.8605 -0.5060
vn 0.1615 0.8963 -0.4129
vn 0.1615 0.8963 -0.4130
vn 0.2911 0.8701 -0.3976
vn 0.2912 0.8701 -0.3976
vn 0.1732 0.8745 -0.4531
vn 0.1732 0.8745 -0.4530
vn 0.1731 0.8744 -0.4532
vn 0.1969 0.8384 -0.5082
vn 0.1969 0.8384 -0.5083
vn 0.1258 0.8282 -0.5461
vn 0.1258 0.8283 -0.5461
vn 0.1640 0.8067 -0.5678
vn 0.0627 0.8138 -0.5777
vn 0.0626 0.8138 -0.5777
vn 0.0625 0.8138 -0.5778
vn 0.0626 0.8138 -0.5778
vn 0.1312 0.7699 -0.6246
vn 0.1311 0.7699 -0.6246
vn 0.0606 0.7779 -0.6254
vn 0.0612 0.7780 -0.6253
vn 0.0615 0.7780 -0.6253
vn 0.0613 0.7780 -0.6253
vn 0.0992 0.8122 -0.5749
vn 0.0991 0.8122 -0.5750
vn 0.0705 0.8156 -0.5744
vn 0.0706 0.8155 -0.5744
vn 0.1255 0.7988 -0.5884
vn 0.0959 0.8423 -0.5303
vn 0.0961 0.8423 -0.5303
vn 0.1174 0.8380 -0.5329
vn 0.1696 0.8182 -0.5494
vn 0.0989 0.8411 -0.5318
vn 0.0988 0.8411 -0.5318
vn 0.1060 0.8387 -0.5342
vn -0.5149 -0.5983 0.6139
vn -0.5151 -0.5981 0.6139
vn 0.2010 0.7668 -0.6096
vn -0.2516 -0.8008 0.5435
vn -0.2514 -0.8008 0.5435
vn -0.2513 -0.8009 0.5435
vn -0.0965 -0.8481 0.5209
vn -0.0964 -0.8482 0.5209
vn 0.1913 -0.8332 0.5189
vn -0.0966 -0.8426 0.5298
vn -0.1061 -0.8413 0.5301
vn -0.0997 -0.8180 0.5665
vn -0.0999 -0.8179 0.5666
vn -0.1003 -0.8178 0.5666
vn -0.1000 -0.8179 0.5666
vn -0.0935 -0.8218 0.5620
vn -0.1018 -0.8402 0.5327
vn -0.1018 -0.8402 0.5326
vn -0.0946 -0.8466 0.5238
vn -0.0945 -0.8466 0.5238
vn -0.1158 -0.8381 0.5331
vn -0.0500 -0.8523 0.5207
vn -0.0501 -0.8523 0.5207
vn -0.0850 -0.8358 0.5425
vn -0.0290 -0.8555 0.5169
vn -0.0290 -0.8556 0.5169
vn -0.0289 -0.8555 0.5169
vn -0.0119 -0.8623 0.5062
vn -0.0120 -0.8623 0.5063
vn -0.0119 -0.8623 0.5063
vn -0.0180 -0.8622 0.5062
vn -0.0177 -0.8624 0.5059
vn -0.0108 -0.8629 0.5053
vn -0.0105 -0.8627 0.5056
vn -0.0108 -0.8628 0.5054
vn -0.0112 -0.8630 0.5051
vn -0.0105 -0.8629 0.5053
vn -0.0104 -0.8630 0.5051
vn -0.0099 -0.8630 0.5052
vn -0.0102 -0.8630 0.5051
vn -0.0101 -0.8630 0.5051
vn -0.0102 -0.8630 0.5052
vn -0.0101 -0.8631 0.5049
vn -0.0100 -0.8632 0.5048
vn -0.0106 -0.8629 0.5052
vn -0.0102 -0.8627 0.5056
vn -0.0103 -0.8629 0.5052
vn -0.0104 -0.8629 0.5053
vn -0.0118 -0.8624 0.5060
vn -0.0119 -0.8625 0.5060
vn -0.0124 -0.8606 0.5092
vn -0.0126 -0.8605 0.5094
vn -0.0160 -0.8597 0.5105
vn -0.0165 -0.8599 0.5102
vn -0.0161 -0.8598 0.5105
vn -0.0144 -0.8611 0.5082
vn -0.0143 -0.8612 0.5081
vn -0.0141 -0.8613 0.5079
vn -0.0142 -0.8612 0.5080
vn -0.0291 -0.8452 0.5337
vn -0.0290 -0.8453 0.5335
vn -0.0869 -0.8149 0.5731
vn -0.0870 -0.8149 0.5730
vn -0.0869 -0.8149 0.5730
vn -0.0677 -0.8480 0.5256
vn -0.0677 -0.8481 0.5255
vn -0.0676 -0.8481 0.5255
vn -0.0054 -0.8566 0.5159
vn -0.0055 -0.8566 0.5159
vn -0.0053 -0.8566 0.5160
vn 0.0103 -0.8572 0.5148
vn 0.0100 -0.8570 0.5152
vn 0.0098 -0.8568 0.5156
vn -0.0702 -0.8170 0.5723
vn -0.0701 -0.8170 0.5723
vn 0.0222 -0.8682 0.4957
vn 0.0221 -0.8681 0.4959
vn -0.1143 -0.8402 0.5301
vn -0.1148 -0.8404 0.5297
vn -0.1149 -0.8404 0.5297
vn 0.0278 -0.8707 0.4911
vn 0.0277 -0.8706 0.4913
vn 0.0278 -0.8706 0.4911
vn -0.1012 -0.8742 0.4750
vn -0.1012 -0.8742 0.4749
vn -0.0105 -0.8572 0.5148
vn -0.0105 -0.8572 0.5149
vn -0.0108 -0.8616 0.5075
vn -0.0107 -0.8615 0.5076
vn -0.0107 -0.8616 0.5076
vn 0.0277 -0.8679 0.4960
vn 0.0277 -0.8679 0.4959
vn -0.0238 -0.8754 0.4827
vn -0.0241 -0.8758 0.4820
vn -0.0239 -0.8755 0.4826
vn -0.0237 -0.8752 0.4831
vn 0.0211 -0.8775 0.4791
vn 0.0212 -0.8775 0.4792
vn -0.0197 0.8315 -0.5552
vn -0.0314 0.8248 -0.5645
vn 0.0072 0.8606 -0.5092
vn 0.0071 0.8606 -0.5092
vn -0.0306 0.8571 -0.5142
vn -0.0306 0.8571 -0.5143
vn 0.0054 0.8597 -0.5108
vn 0.0056 0.8598 -0.5106
vn 0.0056 0.8598 -0.5107
vn 0.0055 0.8597 -0.5107
vn -0.0165 0.8789 -0.4767
vn -0.0164 0.8789 -0.4767
vn 0.0713 0.8906 -0.4492
vn 0.0712 0.8905 -0.4494
vn 0.0710 0.8904 -0.4496
vn 0.0712 0.8905 -0.4493
vn -0.0024 0.8637 -0.5041
vn 0.0557 0.8598 -0.5076
vn 0.0558 0.8597 -0.5078
vn 0.0013 0.8497 -0.5272
vn 0.0015 0.8498 -0.5271
vn 0.0012 0.8497 -0.5272
vn 0.0360 0.8386 -0.5435
vn 0.0359 0.8387 -0.5435
vn 0.0357 0.8388 -0.5432
vn 0.0359 0.8387 -0.5434
vn 0.0068 0.8555 -0.5178
vn 0.0070 0.8555 -0.5177
vn 0.0073 0.8556 -0.5176
vn 0.0203 0.8516 -0.5238
vn 0.0202 0.8516 -0.5237
vn 0.0260 0.8412 -0.5401
vn 0.0261 0.8412 -0.5400
vn 0.0127 0.8604 -0.5095
vn 0.0128 0.8604 -0.5095
vn 0.0125 0.8603 -0.5096
vn 0.0124 0.8603 -0.5097
vn 0.0188 0.8592 -0.5113
vn 0.0193 0.8589 -0.5119
vn 0.0936 0.8418 -0.5316
vn 0.0942 0.8419 -0.5314
vn 0.0943 0.8419 -0.5314
vn 0.0171 0.8607 -0.5089
vn 0.0168 0.8606 -0.5090
vn 0.0860 0.8457 -0.5267
vn 0.1116 0.8386 -0.5331
vn 0.0523 0.8489 -0.5260
vn 0.0522 0.8489 -0.5260
vn 0.0737 0.8320 -0.5499
vn 0.0736 0.8320 -0.5499
vn 0.0130 0.8617 -0.5073
vn 0.0109 0.8627 -0.5056
vn 0.0104 0.8629 -0.5053
vn 0.0104 0.8632 -0.5048
vn 0.0101 0.8630 -0.5052
vn 0.0103 0.8628 -0.5054
vn 0.0100 0.8630 -0.5052
vn 0.0107 0.8626 -0.5057
vn 0.0100 0.8632 -0.5048
vn 0.0098 0.8632 -0.5048
vn 0.0100 0.8630 -0.5051
vn 0.0098 0.8640 -0.5034
vn 0.0098 0.8638 -0.5037
vn 0.0096 0.8636 -0.5041
vn 0.0096 0.8635 -0.5042
vn 0.0097 0.8634 -0.5045
vn 0.0098 0.8632 -0.5047
vn 0.0206 0.8621 -0.5064
vn 0.0207 0.8621 -0.5063
vn 0.0090 0.8652 -0.5014
vn 0.0090 0.8652 -0.5013
vn 0.0287 0.8700 -0.4922
vn -0.0018 -0.9013 0.4332
vn -0.0019 -0.9013 0.4333
vn -0.0019 -0.9013 0.4332
vn 0.0347 0.8765 -0.4802
vn 0.0347 0.8765 -0.4801
vn 0.0252 0.8569 -0.5149
vn 0.0252 0.8568 -0.5150
vn 0.0186 0.9944 0.1040
vn 0.0187 0.9944 0.1040
vn 0.0728 0.9674 -0.2425
vn -0.0329 -0.8788 0.4761
vn -0.0329 -0.8787 0.4762
vn -0.0204 -0.8790 0.4764
vn 0.0273 0.8235 -0.5667
vn -0.0208 -0.8528 0.5218
vn -0.0208 -0.8528 0.5217
vn -0.0207 -0.8528 0.5218
vn -0.0256 -0.8670 0.4976
vn -0.0256 -0.8670 0.4977
vn -0.0472 -0.8649 0.4997
vn -0.0474 -0.8649 0.4997
vn -0.0110 -0.8616 0.5075
vn -0.0110 -0.8615 0.5077
vn -0.0110 -0.8614 0.5077
vn -0.0106 -0.8625 0.5059
vn -0.0104 -0.8627 0.5056
vn -0.0106 -0.8612 0.5082
vn -0.0106 -0.8613 0.5081
vn -0.0104 -0.8622 0.5065
vn -0.0103 -0.8623 0.5064
vn -0.0110 -0.8613 0.5080
vn -0.0110 -0.8614 0.5078
vn -0.0105 -0.8625 0.5060
vn -0.0107 -0.8623 0.5063
vn -0.0108 -0.8622 0.5064
vn -0.0094 -0.8608 0.5089
vn -0.0094 -0.8608 0.5088
vn -0.0094 -0.8607 0.5091
vn -0.0094 -0.8607 0.5090
vn -0.0074 -0.8629 0.5053
vn -0.0065 -0.8632 0.5048
vn -0.0070 -0.8630 0.5051
vn -0.0073 -0.8629 0.5053
vn -0.0102 -0.8631 0.5050
vn -0.0102 -0.8632 0.5048
vn 0.0214 -0.8675 0.4969
vn -0.0087 -0.8640 0.5034
vn -0.0085 -0.8640 0.5034
vn -0.0085 -0.8634 0.5044
vn -0.0085 -0.8634 0.5045
vn -0.0084 -0.8633 0.5046
vn -0.0095 -0.8633 0.5047
vn -0.0104 -0.8631 0.5050
vn -0.0022 -0.8491 0.5282
vn -0.0293 -0.8361 0.5479
vn -0.0631 -0.8217 0.5664
vn -0.0630 -0.8218 0.5663
vn -0.0631 -0.8218 0.5663
vn 0.0046 -0.8611 0.5085
vn -0.0254 -0.8674 0.4969
vn -0.0254 -0.8674 0.4970
vn -0.0074 -0.8681 0.4964
vn -0.0074 -0.8681 0.4963
vn -0.0073 -0.8681 0.4964
vn -0.0190 -0.8647 0.5019
vn 0.0104 -0.8601 0.5101
vn 0.0079 -0.8566 0.5159
vn -0.0607 -0.8676 0.4935
vn -0.0608 -0.8676 0.4935
vn -0.0276 -0.8591 0.5110
vn -0.0064 -0.8517 0.5239
vn -0.0065 -0.8517 0.5239
vn 0.0883 0.8674 -0.4897
vn -0.0023 -0.8578 0.5140
vn -0.0022 -0.8577 0.5141
vn -0.0023 -0.8577 0.5141
vn -0.2300 0.7458 -0.6252
vn -0.1137 0.7949 -0.5960
vn -0.1135 0.7950 -0.5959
vn 0.0567 -0.8248 0.5626
vn 0.0566 -0.8248 0.5625
vn 0.0566 -0.8249 0.5625
vn 0.0181 0.8617 -0.5072
vn 0.0181 0.8616 -0.5072
vn 0.0180 0.8616 -0.5073
vn 0.0180 0.8616 -0.5072
vn 0.0354 0.8595 -0.5099
vn 0.0084 0.8537 -0.5207
vn 0.0083 0.8537 -0.5207
vn -0.0035 0.8571 -0.5152
vn -0.0036 0.8571 -0.5152
vn 0.0106 0.8486 -0.5290
vn 0.0022 0.8572 -0.5149
vn 0.0017 0.8570 -0.5153
vn 0.0016 0.8570 -0.5153
vn 0.0019 0.8571 -0.5151
vn 0.0111 0.8510 -0.5250
vn 0.0112 0.8510 -0.5250
vn 0.0113 0.8510 -0.5250
vn -0.0027 0.8502 -0.5265
vn -0.0027 0.8501 -0.5266
vn -0.0028 0.8502 -0.5265
vn -0.0028 0.8502 -0.5264
vn 0.0011 0.8602 -0.5100
vn 0.0007 0.8602 -0.5100
vn 0.0006 0.8602 -0.5100
vn 0.0242 0.8615 -0.5071
vn -0.0071 0.8627 -0.5056
vn -0.0076 0.8629 -0.5053
vn -0.0072 0.8627 -0.5056
vn -0.0070 0.8627 -0.5057
vn 0.0096 0.8651 -0.5015
vn 0.0097 0.8651 -0.5015
vn 0.0180 0.8665 -0.4988
vn 0.0179 0.8665 -0.4988
vn -0.0079 0.8696 -0.4937
vn 0.0020 0.8660 -0.5000
vn 0.0720 0.8165 -0.5728
vn 0.0721 0.8165 -0.5729
vn 0.0722 0.8164 -0.5729
vn 0.0256 0.8340 -0.5512
vn 0.0256 0.8340 -0.5511
vn 0.0318 0.8410 -0.5401
vn 0.0317 0.8410 -0.5401
vn 0.0116 0.8603 -0.5097
vn 0.0097 0.8642 -0.5030
vn 0.0096 0.8644 -0.5027
vn 0.0097 0.8643 -0.5030
vn -0.0072 0.8771 -0.4802
vn -0.0072 0.8772 -0.4801
vn -0.0072 0.8772 -0.4802
vn 0.0044 0.8723 -0.4889
vn 0.0044 0.8723 -0.4890
vn 0.0046 0.8721 -0.4892
vn 0.0045 0.8722 -0.4891
vn 0.0059 0.8708 -0.4916
vn 0.0059 0.8708 -0.4917
vn 0.0059 0.8709 -0.4915
vn -0.0826 -0.7396 0.6679
vn -0.0825 -0.7397 0.6678
vn -0.0825 -0.7397 0.6679
vn -0.1320 -0.5215 0.8430
vn -0.1320 -0.5214 0.8430
vn -0.0995 0.3787 0.9202
vn -0.0995 0.3790 0.9200
vn -0.0995 0.3789 0.9201
vn -0.0995 0.3787 0.9201
vn -0.0129 -0.8568 0.5154
vn -0.0129 -0.8569 0.5154
vn -0.0114 -0.8715 0.4903
vn -0.0036 0.2487 0.9686
vn -0.0036 0.2484 0.9686
vn -0.0036 0.2485 0.9686
vn -0.0102 -0.8935 0.4490
vn -0.0132 -0.8584 0.5129
vn -0.0133 -0.8583 0.5130
vn -0.0134 -0.8582 0.5132
vn -0.0131 -0.8584 0.5128
vn -0.0611 -0.8095 0.5839
vn -0.0165 -0.8556 0.5174
vn 0.0079 -0.8570 0.5153
vn -0.0434 -0.8349 0.5488
vn -0.0434 -0.8348 0.5488
vn -0.0234 -0.8632 0.5043
vn -0.0732 -0.8519 0.5185
vn -0.1567 -0.8693 0.4688
vn -0.1566 -0.8693 0.4689
vn -0.0137 0.8629 -0.5051
vn -0.0139 0.8629 -0.5051
vn -0.0139 0.8630 -0.5051
vn -0.0136 0.8629 -0.5052
vn -0.0024 0.8669 -0.4985
vn -0.0026 0.8669 -0.4985
vn -0.0026 0.8669 -0.4986
vn 0.0026 0.8559 -0.5171
vn 0.0027 0.8559 -0.5172
vn 0.0027 0.8558 -0.5172
vn 0.0026 0.8559 -0.5172
vn -0.9897 -0.0310 -0.1397
vn -0.9897 -0.0310 -0.1396
vn -0.9897 -0.0311 -0.1395
vn -0.9897 -0.0313 -0.1396
vn -0.0990 0.8926 -0.4398
vn -0.0989 0.8926 -0.4398
vn 0.0095 0.8652 -0.5013
vn 0.0095 0.8648 -0.5020
vn 0.0094 0.8647 -0.5021
vn 0.0096 0.8646 -0.5024
vn 0.0093 0.8649 -0.5018
vn 0.0079 0.8687 -0.4953
vn 0.0079 0.8686 -0.4954
vn 0.0080 0.8686 -0.4955
vn 0.0099 0.8640 -0.5034
vn 0.0099 0.8641 -0.5032
vn 0.0101 0.8615 -0.5077
vn 0.0101 0.8615 -0.5076
vn 0.0103 0.8632 -0.5048
vn 0.0102 0.8631 -0.5049
vn 0.0079 0.8620 -0.5069
vn 0.0080 0.8619 -0.5070
vn 0.0081 0.8618 -0.5072
vn 0.0080 0.8638 -0.5038
vn 0.0079 0.8637 -0.5040
vn 0.0079 0.8636 -0.5041
vn 0.0080 0.8637 -0.5039
vn -0.0237 0.8704 -0.4917
vn -0.0238 0.8704 -0.4917
vn -0.0028 0.8463 -0.5326
vn 0.0099 0.8630 -0.5051
vn 0.0102 0.8632 -0.5047
vn 0.0088 0.8633 -0.5046
vn 0.0094 0.8631 -0.5049
vn 0.0087 0.8633 -0.5046
vn 0.0090 0.8632 -0.5047
vn 0.0103 0.8631 -0.5049
vn 0.0099 0.8629 -0.5053
vn 0.0094 0.8627 -0.5056
vn 0.0092 0.8628 -0.5055
vn 0.0117 0.8611 -0.5083
vn 0.0118 0.8611 -0.5083
vn 0.0120 0.8612 -0.5081
vn 0.0118 0.8611 -0.5082
vn 0.0094 0.8616 -0.5075
vn 0.0093 0.8616 -0.5074
vn 0.0094 0.8616 -0.5074
vn 0.0106 0.8629 -0.5052
vn 0.0101 0.8630 -0.5051
vn 0.0099 0.8631 -0.5050
vn 0.0102 0.8631 -0.5050
vn -0.0127 -0.8566 0.5158
vn -0.0136 -0.8645 0.5025
vn -0.0135 -0.8645 0.5025
vn -0.0047 -0.8440 0.5363
vn 0.0086 -0.8509 0.5252
vn 0.0086 -0.8512 0.5247
vn 0.0086 -0.8513 0.5247
vn 0.0085 -0.8553 0.5181
vn 0.0086 -0.8553 0.5181
vn 0.0015 -0.8621 0.5068
vn 0.0015 -0.8619 0.5071
vn -0.0012 -0.8596 0.5109
vn -0.0011 -0.8596 0.5109
vn -0.0006 -0.8597 0.5107
vn 0.0217 -0.8628 0.5051
vn -0.0071 -0.8602 0.5099
vn -0.0072 -0.8601 0.5100
vn -0.0166 -0.8535 0.5209
vn -0.0166 -0.8535 0.5208
vn -0.0173 -0.8438 0.5364
vn -0.0172 -0.8438 0.5364
vn -0.0131 -0.8486 0.5289
vn -0.0132 -0.8486 0.5288
vn -0.0113 -0.8599 0.5103
vn -0.0113 -0.8600 0.5102
vn 0.0116 0.8625 -0.5059
vn 0.0113 0.8624 -0.5061
vn 0.0117 0.8626 -0.5058
vn 0.0115 0.8625 -0.5060
vn 0.0029 0.8525 -0.5227
vn 0.0028 0.8527 -0.5225
vn 0.0028 0.8527 -0.5224
vn 0.0029 0.8526 -0.5225
vn -0.0121 -0.8615 0.5077
vn -0.0119 -0.8614 0.5078
vn -0.0118 -0.8614 0.5078
vn -0.0119 -0.8614 0.5077
vn -0.0201 -0.8630 0.5048
vn -0.0204 -0.8631 0.5046
vn -0.0205 -0.8632 0.5045
vn -0.0704 -0.8132 0.5778
vn -0.0704 -0.8132 0.5777
vn -0.0728 -0.8178 0.5709
vn -0.0727 -0.8178 0.5709
vn -0.0626 -0.7729 0.6315
vn -0.0625 -0.7729 0.6315
vn -0.0625 -0.7729 0.6314
vn -0.0447 -0.7798 0.6244
vn -0.0726 -0.8181 0.5705
vn -0.0727 -0.8181 0.5705
vn -0.0725 -0.8182 0.5704
vn -0.0008 -0.7842 0.6205
vn -0.0007 -0.7842 0.6205
vn 0.0567 0.7789 -0.6245
vn 0.0568 0.7789 -0.6246
vn 0.0567 0.7790 -0.6245
vn -0.7818 0.6235 0.0053
vn -0.7818 0.6235 0.0054
vn -0.7818 0.6235 0.0055
vn 0.1019 0.7603 -0.6415
vn 0.1619 0.7528 -0.6380
vn 0.1618 0.7528 -0.6380
vn 0.0663 0.7695 -0.6352
vn 0.0659 0.7698 -0.6349
vn 0.0961 0.7680 -0.6332
vn 0.0960 0.7680 -0.6332
vn 0.0892 0.7727 -0.6285
vn 0.1110 0.7870 -0.6068
vn 0.1110 0.7870 -0.6069
vn 0.1184 0.7697 -0.6273
vn 0.1902 0.7552 -0.6273
vn 0.1568 0.7656 -0.6239
vn 0.2426 0.7518 -0.6131
vn 0.2403 0.7586 -0.6056
vn 0.2404 0.7586 -0.6056
vn 0.7982 0.4588 -0.3904
vn 0.7983 0.4586 -0.3904
vn 0.7982 0.4587 -0.3904
vn 0.5959 0.6496 -0.4721
vn 0.5960 0.6496 -0.4721
vn 0.5957 0.6497 -0.4723
vn -0.9746 -0.2088 -0.0813
vn -0.9746 -0.2089 -0.0811
vn -0.9746 -0.2088 -0.0812
vn -0.8558 0.3797 -0.3513
vn -0.8558 0.3798 -0.3513
vn -0.8559 0.3797 -0.3512
vn -0.4868 -0.7582 0.4337
vn -0.4870 -0.7582 0.4335
vn -0.4870 -0.7582 0.4336
vn -0.3338 -0.6999 0.6315
vn -0.2282 -0.7688 0.5973
vn -0.2282 -0.7689 0.5973
vn -0.2871 -0.7274 0.6233
vn -0.1155 -0.7698 0.6277
vn -0.1152 -0.7697 0.6280
vn -0.1153 -0.7697 0.6279
vn -0.1158 -0.7700 0.6275
vn -0.1323 -0.7632 0.6324
vn -0.1322 -0.7633 0.6324
vn -0.0757 -0.7739 0.6287
vn -0.0758 -0.7739 0.6287
vn -0.0709 -0.7758 0.6270
vn -0.0713 -0.7757 0.6271
vn -0.0717 -0.7755 0.6272
vn -0.0715 -0.7756 0.6271
vn 0.0830 -0.8046 0.5880
vn 0.0832 -0.8046 0.5879
vn 0.0832 -0.8046 0.5880
vn -0.0720 -0.7761 0.6265
vn -0.0719 -0.7762 0.6264
vn -0.0715 -0.7763 0.6264
vn -0.0717 -0.7762 0.6264
vn -0.0769 -0.7749 0.6274
vn -0.0770 -0.7749 0.6274
vn 0.2333 0.7335 -0.6383
vn 0.2332 0.7336 -0.6383
vn 0.2333 0.7336 -0.6383
vn 0.2960 -0.8187 0.4920
vn 0.2959 -0.8187 0.4921
vn 0.2959 -0.8187 0.4922
vn 0.2959 -0.8186 0.4922
vn 0.0798 0.7756 -0.6262
vn 0.0892 0.7735 -0.6275
vn 0.0862 0.7720 -0.6298
vn 0.0863 0.7720 -0.6298
vn 0.0861 0.7720 -0.6298
vn 0.0939 0.7723 -0.6283
vn 0.0940 0.7723 -0.6283
vn 0.0926 0.7717 -0.6292
vn 0.0927 0.7717 -0.6292
vn 0.1028 0.7730 -0.6260
vn 0.1032 0.7728 -0.6262
vn 0.8494 -0.4850 0.2080
vn 0.8494 -0.4850 0.2081
vn 0.8495 -0.4849 0.2079
vn 0.8495 -0.4850 0.2079
vn 0.4113 -0.7583 0.5057
vn 0.4111 -0.7584 0.5057
vn 0.4111 -0.7585 0.5057
vn 0.4113 -0.7584 0.5057
vn -0.0875 -0.7724 0.6291
vn -0.1179 -0.7747 0.6212
vn -0.1178 -0.7748 0.6212
vn -0.1178 -0.7747 0.6212
vn -0.2232 -0.7683 0.6000
vn -0.2231 -0.7683 0.6000
vn -0.2230 -0.7683 0.6000
vn -0.1858 -0.7864 0.5890
vn -0.1862 -0.7864 0.5890
vn -0.1863 -0.7864 0.5890
vn -0.1753 -0.7886 0.5894
vn -0.4655 -0.6921 0.5517
vn -0.4657 -0.6921 0.5515
vn -0.4656 -0.6921 0.5515
vn -0.4655 -0.6920 0.5517
vn -0.1079 -0.7627 0.6377
vn -0.1078 -0.7627 0.6377
vn -0.1413 -0.8143 0.5630
vn -0.1414 -0.8145 0.5626
vn -0.1415 -0.8147 0.5624
vn -0.1414 -0.8145 0.5627
vn 0.0628 0.5925 -0.8031
vn 0.0628 0.5927 -0.8030
vn 0.0628 0.5924 -0.8032
vn 0.0629 0.5927 -0.8030
vn 0.1985 0.7318 -0.6519
vn 0.1885 0.7889 -0.5848
vn 0.1886 0.7890 -0.5848
vn 0.1885 0.7889 -0.5849
vn 0.1606 0.7918 -0.5893
vn 0.1610 0.7917 -0.5893
vn 0.1611 0.7917 -0.5893
vn 0.2147 0.7672 -0.6044
vn 0.2148 0.7673 -0.6042
vn 0.2146 0.7671 -0.6046
vn 0.2144 0.7668 -0.6050
vn 0.1951 0.7748 -0.6013
vn 0.1952 0.7748 -0.6013
vn -0.6884 -0.7251 -0.0150
vn -0.7618 -0.6038 0.2348
vn -0.7617 -0.6038 0.2349
vn 0.1958 0.7679 -0.6099
vn -0.0672 -0.7672 0.6379
vn -0.0669 -0.7672 0.6379
vn -0.0673 -0.7672 0.6379
vn 0.2167 -0.8267 0.5192
vn -0.1405 -0.8298 0.5401
vn -0.1406 -0.8297 0.5403
vn -0.1407 -0.8293 0.5407
vn -0.3522 -0.6819 0.6410
vn -0.3521 -0.6819 0.6411
vn 0.4113 0.6688 -0.6193
vn 0.4112 0.6689 -0.6193
vn 0.4115 0.6687 -0.6193
vn 0.4114 0.6688 -0.6192
vn 0.8867 0.2155 -0.4090
vn 0.8867 0.2158 -0.4090
vn 0.8867 0.2156 -0.4089
vn -0.0102 0.8621 -0.5066
vn -0.0103 0.8620 -0.5067
vn -0.0103 0.8620 -0.5068
vn -0.0102 0.8621 -0.5067
vn -0.0412 -0.8421 0.5378
vn -0.0410 -0.8421 0.5378
vn 0.0573 0.8405 -0.5388
vn 0.0572 0.8405 -0.5388
vn -0.5853 -0.6779 -0.4448
vn -0.5854 -0.6780 -0.4446
vn -0.5854 -0.6780 -0.4447
vn 0.9893 0.1346 0.0561
vn 0.9893 0.1348 0.0560
vn 0.6593 0.7458 0.0959
vn 0.6592 0.7459 0.0957
vn 0.6592 0.7459 0.0956
vn 0.6593 0.7457 0.0958
vn 0.8834 0.3844 0.2679
vn 0.8834 0.3843 0.2681
vn 0.8834 0.3843 0.2682
vt 0.625380 0.088210
vt 0.615950 0.096340
vt 0.618910 0.101800
vt 0.631370 0.097630
vt 0.608120 0.090660
vt 0.607660 0.096910
vt 0.650770 0.090280
vt 0.648060 0.075620
vt 0.813140 0.028300
vt 0.847440 0.014480
vt 0.826530 0.010530
vt 0.802780 0.019460
vt 0.848180 0.045170
vt 0.857250 0.042000
vt 0.766180 0.025650
vt 0.768040 0.031250
vt 0.767810 0.039090
vt 0.805060 0.041830
vt 0.832890 0.055640
vt 0.723220 0.205090
vt 0.719900 0.187490
vt 0.696000 0.197990
vt 0.710110 0.218620
vt 0.730000 0.232850
vt 0.739180 0.207950
vt 0.742990 0.183030
vt 0.694720 0.977820
vt 0.697290 0.980550
vt 0.673540 0.989470
vt 0.670980 0.988950
vt 0.654720 0.980350
vt 0.670900 0.968780
vt 0.701940 0.969050
vt 0.643440 0.987120
vt 0.674510 0.994930
vt 0.674400 0.995000
vt 0.821750 0.063710
vt 0.799890 0.055980
vt 0.824350 0.083880
vt 0.843080 0.082380
vt 0.799660 0.079420
vt 0.612780 0.100060
vt 0.609330 0.100490
vt 0.614050 0.105420
vt 0.607670 0.106350
vt 0.118080 0.716460
vt 0.118700 0.716010
vt 0.131490 0.720710
vt 0.130580 0.721860
vt 0.614490 0.117340
vt 0.618120 0.115420
vt 0.595930 0.101150
vt 0.593790 0.103280
vt 0.606580 0.107930
vt 0.769990 0.232280
vt 0.775350 0.245640
vt 0.795470 0.226220
vt 0.779450 0.215440
vt 0.759950 0.209940
vt 0.752670 0.233680
vt 0.749640 0.258720
vt 0.592750 0.094810
vt 0.561200 0.080880
vt 0.559220 0.078930
vt 0.554270 0.081350
vt 0.559740 0.084240
vt 0.565830 0.080270
vt 0.565310 0.077310
vt 0.566040 0.085830
vt 0.686060 0.957600
vt 0.705580 0.958770
vt 0.679970 0.943380
vt 0.703650 0.944160
vt 0.651300 0.957260
vt 0.729160 0.769820
vt 0.746050 0.773670
vt 0.733830 0.792960
vt 0.715840 0.784690
vt 0.724570 0.749920
vt 0.751940 0.752430
vt 0.702380 0.771870
vt 0.940690 0.919530
vt 0.936170 0.919290
vt 0.938110 0.914140
vt 0.943270 0.916750
vt 0.941740 0.921420
vt 0.935430 0.922510
vt 0.948070 0.920100
vt 0.755670 0.821700
vt 0.768880 0.810430
vt 0.779240 0.828530
vt 0.756960 0.837440
vt 0.734320 0.839680
vt 0.740840 0.818380
vt 0.752870 0.799910
vt 0.852910 0.908680
vt 0.877230 0.916410
vt 0.876060 0.929960
vt 0.851950 0.935350
vt 0.827910 0.939030
vt 0.825890 0.915870
vt 0.820570 0.896260
vt 0.842760 0.884140
vt 0.868550 0.894180
vt 0.882950 0.904210
vt 0.889490 0.896670
vt 0.904210 0.900760
vt 0.900640 0.908880
vt 0.898420 0.921810
vt 0.878310 0.888220
vt 0.860870 0.874630
vt 0.870480 0.871060
vt 0.876760 0.869220
vt 0.883760 0.883040
vt 0.893490 0.892080
vt 0.867290 0.845130
vt 0.874870 0.843300
vt 0.881660 0.842050
vt 0.882540 0.867720
vt 0.885580 0.882670
vt 0.617540 0.132290
vt 0.618420 0.157960
vt 0.624170 0.158670
vt 0.622950 0.132490
vt 0.631750 0.158900
vt 0.628940 0.132180
vt 0.623550 0.112930
vt 0.637090 0.131580
vt 0.632490 0.109920
vt 0.655990 0.128330
vt 0.651150 0.105690
vt 0.682460 0.122380
vt 0.678520 0.099750
vt 0.673940 0.078920
vt 0.671200 0.057770
vt 0.707430 0.090930
vt 0.701440 0.066890
vt 0.697130 0.049520
vt 0.694250 0.038870
vt 0.669900 0.047300
vt 0.732030 0.056330
vt 0.728400 0.042300
vt 0.726040 0.033910
vt 0.723930 0.027280
vt 0.691540 0.031690
vt 0.808530 0.968320
vt 0.807080 0.965980
vt 0.830770 0.958550
vt 0.830870 0.960130
vt 0.669210 0.039880
vt 0.776140 0.972720
vt 0.775570 0.971350
vt 0.773300 0.964570
vt 0.804390 0.957860
vt 0.733900 0.974360
vt 0.734400 0.972180
vt 0.735650 0.965870
vt 0.735780 0.956390
vt 0.770950 0.956340
vt 0.766300 0.935580
vt 0.797260 0.926410
vt 0.801610 0.946670
vt 0.733610 0.941940
vt 0.731990 0.914760
vt 0.762360 0.910120
vt 0.702710 0.916280
vt 0.702240 0.889390
vt 0.730800 0.888520
vt 0.672580 0.918100
vt 0.673410 0.889090
vt 0.649070 0.922050
vt 0.653390 0.887640
vt 0.658350 0.855050
vt 0.678280 0.859010
vt 0.704410 0.862130
vt 0.685870 0.829380
vt 0.710300 0.836010
vt 0.731240 0.863380
vt 0.758340 0.860520
vt 0.759750 0.884790
vt 0.784330 0.851860
vt 0.787830 0.877320
vt 0.792540 0.903410
vt 0.813600 0.867150
vt 0.809020 0.839640
vt 0.833830 0.826540
vt 0.837800 0.856110
vt 0.852200 0.817690
vt 0.857210 0.848340
vt 0.862690 0.813030
vt 0.838790 0.787820
vt 0.847420 0.781130
vt 0.853780 0.775660
vt 0.870790 0.809870
vt 0.859110 0.770590
vt 0.878120 0.807230
vt 0.621950 0.192780
vt 0.640960 0.229420
vt 0.645020 0.227080
vt 0.627840 0.192100
vt 0.651710 0.222780
vt 0.636150 0.190530
vt 0.659950 0.217900
vt 0.646270 0.187980
vt 0.641190 0.158180
vt 0.663400 0.182640
vt 0.659420 0.154990
vt 0.689010 0.173330
vt 0.685480 0.147950
vt 0.716730 0.163890
vt 0.714330 0.139780
vt 0.711720 0.115350
vt 0.745250 0.131450
vt 0.742550 0.107460
vt 0.738050 0.081790
vt 0.773770 0.101480
vt 0.770790 0.073890
vt 0.768310 0.045890
vt 0.800270 0.106700
vt 0.772750 0.131380
vt 0.798750 0.135910
vt 0.824910 0.141390
vt 0.827870 0.111300
vt 0.842180 0.145220
vt 0.846750 0.113270
vt 0.849670 0.146940
vt 0.854700 0.114220
vt 0.859570 0.079550
vt 0.861080 0.115130
vt 0.866520 0.078670
vt 0.296480 0.977610
vt 0.303430 0.976730
vt 0.294170 0.940060
vt 0.285100 0.943230
vt 0.397450 0.958670
vt 0.391220 0.995000
vt 0.393460 0.994210
vt 0.394600 0.958280
vt 0.042100 0.704460
vt 0.039230 0.704140
vt 0.038360 0.664000
vt 0.032830 0.667790
vt 0.862780 0.038210
vt 0.857290 0.008990
vt 0.417320 0.946170
vt 0.418190 0.986310
vt 0.417700 0.985990
vt 0.419820 0.944030
vt 0.865280 0.036070
vt 0.858850 0.009010
vt 0.634790 0.963940
vt 0.636920 0.921980
vt 0.639170 0.921760
vt 0.641140 0.958470
vt 0.641220 0.991000
vt 0.357990 0.852040
vt 0.342510 0.885400
vt 0.342810 0.884160
vt 0.358200 0.846450
vt 0.485310 0.279150
vt 0.483430 0.284430
vt 0.498890 0.301030
vt 0.487620 0.307800
vt 0.457590 0.558320
vt 0.457330 0.517610
vt 0.467400 0.516630
vt 0.469640 0.551840
vt 0.196370 0.282490
vt 0.208420 0.276010
vt 0.228020 0.287530
vt 0.211830 0.299100
vt 0.639000 0.923030
vt 0.638540 0.885260
vt 0.644990 0.886460
vt 0.645130 0.851890
vt 0.650450 0.853180
vt 0.654290 0.819440
vt 0.659680 0.821060
vt 0.667340 0.823420
vt 0.671660 0.789360
vt 0.680180 0.793790
vt 0.698030 0.803330
vt 0.720310 0.813120
vt 0.689640 0.759390
vt 0.666550 0.786920
vt 0.685190 0.755940
vt 0.715140 0.731310
vt 0.718560 0.737590
vt 0.753680 0.723430
vt 0.754110 0.731020
vt 0.790570 0.738640
vt 0.782080 0.755310
vt 0.794330 0.729770
vt 0.824580 0.750230
vt 0.817700 0.759170
vt 0.753250 0.717180
vt 0.796720 0.723010
vt 0.830020 0.743280
vt 0.059150 0.677050
vt 0.082910 0.709430
vt 0.076550 0.714900
vt 0.053710 0.684000
vt 0.670050 0.256730
vt 0.703350 0.277000
vt 0.706260 0.274940
vt 0.671460 0.255340
vt 0.008140 0.576400
vt 0.006740 0.577780
vt 0.037230 0.603710
vt 0.031900 0.608780
vt 0.707620 0.272210
vt 0.673550 0.253880
vt 0.248100 0.754920
vt 0.234640 0.718640
vt 0.236000 0.718130
vt 0.247900 0.753810
vt 0.674440 0.254580
vt 0.331610 0.919600
vt 0.364110 0.938500
vt 0.368120 0.931380
vt 0.338230 0.912730
vt 0.681060 0.247710
vt 0.710960 0.266370
vt 0.717660 0.254700
vt 0.690970 0.237480
vt 0.673470 0.210210
vt 0.748500 0.270790
vt 0.405670 0.935800
vt 0.405180 0.942810
vt 0.748010 0.277800
vt 0.786250 0.268900
vt 0.783410 0.262760
vt 0.811000 0.239740
vt 0.815070 0.243350
vt 0.831080 0.211360
vt 0.825440 0.208340
vt 0.788620 0.274020
vt 0.818840 0.246420
vt 0.835900 0.213730
vt 0.847020 0.180790
vt 0.841720 0.179080
vt 0.822490 0.249440
vt 0.840390 0.215830
vt 0.851680 0.182290
vt 0.859980 0.149370
vt 0.855150 0.148220
vt 0.648390 0.817720
vt 0.659680 0.784180
vt 0.662030 0.785050
vt 0.649540 0.818030
vt 0.640320 0.850710
vt 0.640100 0.850640
vt 0.226010 0.994080
vt 0.261200 0.994720
vt 0.261020 0.994030
vt 0.225950 0.993710
vt 0.636680 0.885900
vt 0.297280 0.995000
vt 0.296970 0.994290
vt 0.677590 0.750560
vt 0.681250 0.753100
vt 0.709450 0.721900
vt 0.712250 0.726280
vt 0.753180 0.711350
vt 0.218990 0.650730
vt 0.259620 0.664450
vt 0.262530 0.662390
vt 0.219060 0.656560
vt 0.746890 0.288660
vt 0.790620 0.278110
vt 0.747650 0.279130
vt 0.044510 0.985840
vt 0.044550 0.986310
vt 0.005000 0.974460
vt 0.005430 0.974720
vt 0.863300 0.114290
vt 0.834770 0.176810
vt 0.820010 0.171910
vt 0.813280 0.201990
vt 0.795240 0.164430
vt 0.789930 0.191530
vt 0.769480 0.158940
vt 0.765690 0.184870
vt 0.744070 0.156990
vt 0.823160 0.799160
vt 0.805140 0.773900
vt 0.801300 0.814400
vt 0.787500 0.792540
vt 0.767920 0.778750
vt 0.829400 0.950490
vt 0.853260 0.943740
vt 0.854400 0.949580
vt 0.876900 0.936490
vt 0.877340 0.938950
vt 0.645680 0.050430
vt 0.622730 0.061060
vt 0.623370 0.067440
vt 0.645820 0.053150
vt 0.521310 0.314400
vt 0.523060 0.314600
vt 0.504390 0.333890
vt 0.504310 0.333180
vt 0.625180 0.076410
vt 0.647010 0.062870
vt 0.695680 0.706930
vt 0.696870 0.716640
vt 0.719760 0.701070
vt 0.719070 0.693650
vt 0.604220 0.075790
vt 0.606740 0.082790
vt 0.587550 0.082230
vt 0.589800 0.088790
vt 0.575090 0.085260
vt 0.575050 0.091920
vt 0.576480 0.097020
vt 0.564650 0.091610
vt 0.562060 0.097820
vt 0.564140 0.098700
vt 0.576640 0.101080
vt 0.267700 0.976380
vt 0.272480 0.963870
vt 0.272460 0.964620
vt 0.271800 0.977610
vt 0.577870 0.101280
vt 0.922200 0.898730
vt 0.935190 0.901740
vt 0.934210 0.905090
vt 0.922690 0.902920
vt 0.906280 0.896730
vt 0.930960 0.912190
vt 0.919810 0.910810
vt 0.929470 0.919540
vt 0.917480 0.920480
vt 0.927060 0.923670
vt 0.914790 0.925470
vt 0.898580 0.928750
vt 0.913930 0.926990
vt 0.897130 0.931000
vt 0.602940 0.069010
vt 0.586150 0.073020
vt 0.585310 0.075910
vt 0.602360 0.069710
vt 0.559610 0.576880
vt 0.560130 0.577460
vt 0.551280 0.557070
vt 0.553650 0.556630
vt 0.573950 0.075660
vt 0.573920 0.078970
vt 0.926120 0.924340
vt 0.934770 0.922690
vt 0.940820 0.908930
vt 0.942380 0.905680
vt 0.946900 0.909380
vt 0.945800 0.912900
vt 0.949020 0.911780
vt 0.950530 0.916020
vt 0.549540 0.083990
vt 0.551050 0.088230
vt 0.552430 0.089900
vt 0.552740 0.085630
vt 0.552000 0.079910
vt 0.555400 0.093610
vt 0.557860 0.088880
vt 0.274920 0.956190
vt 0.276190 0.952570
vt 0.277810 0.952910
vt 0.276620 0.957420
vt 0.558340 0.078580
vt 0.221810 0.742510
vt 0.215510 0.743600
vt 0.216390 0.743940
vt 0.222480 0.742330
vt 0.825670 0.005000
vt 0.278770 0.950790
vt 0.277510 0.952170
vt 0.380780 0.887380
vt 0.381050 0.887180
vt 0.407580 0.904910
vt 0.408500 0.906280
vt 0.006090 0.905050
vt 0.005000 0.908020
vt 0.006310 0.907620
vt 0.007580 0.904000
vt 0.010020 0.896310
vt 0.007910 0.898390
s 1
usemtl BLy_Orange.001
f 1/1/1 2/2/1 3/3/1
f 1/1/1 3/3/1 4/4/2
f 5/1/3 6/5/4 7/6/3
f 5/1/3 7/6/3 8/2/3
f 9/1/5 10/4/6 11/7/7
f 9/1/5 11/7/7 12/8/8
f 13/9/9 14/10/9 15/11/9
f 13/9/9 15/11/9 16/12/9
f 17/9/10 18/13/11 19/14/11
f 17/9/10 19/14/11 20/10/11
f 21/9/12 22/12/12 23/15/12
f 21/9/12 23/15/12 24/16/12
f 25/9/13 26/16/13 27/17/14
f 25/9/13 27/17/14 28/18/15
f 29/9/16 30/18/17 31/19/16
f 29/9/16 31/19/16 32/13/18
f 33/20/19 34/21/20 35/22/21
f 33/20/19 35/22/21 36/23/20
f 37/20/22 38/23/23 39/24/24
f 37/20/22 39/24/24 40/25/23
f 41/20/25 42/25/26 43/26/27
f 41/20/25 43/26/27 44/21/28
f 45/27/29 46/28/29 47/29/29
f 45/27/29 47/29/29 48/30/29
f 49/27/30 50/31/31 51/32/31
f 49/27/30 51/32/31 52/33/30
f 53/27/32 54/30/33 55/34/33
f 53/27/32 55/34/33 56/31/33
f 57/35/34 58/30/35 59/29/35
f 57/35/34 59/29/35 60/36/35
f 61/37/36 62/19/37 63/18/38
f 61/37/36 63/18/38 64/38/36
f 65/37/39 66/39/39 67/40/40
f 65/37/39 67/40/40 68/19/40
f 69/37/41 70/38/42 71/41/43
f 69/37/41 71/41/43 72/39/42
f 73/42/44 74/2/45 75/6/46
f 73/42/44 75/6/46 76/43/45
f 77/42/47 78/44/47 79/3/47
f 77/42/47 79/3/47 80/2/47
f 81/42/48 82/43/48 83/45/49
f 81/42/48 83/45/49 84/44/48
f 85/46/50 86/47/51 87/48/52
f 85/46/50 87/48/52 88/49/52
f 89/45/53 90/50/54 91/51/55
f 89/45/53 91/51/55 92/44/56
f 93/45/57 94/52/58 95/53/59
f 93/45/57 95/53/59 96/54/57
f 97/45/60 98/43/61 99/6/60
f 97/45/60 99/6/60 100/52/60
f 101/55/62 102/56/62 103/57/62
f 101/55/62 103/57/62 104/58/62
f 105/55/63 106/58/63 107/59/63
f 105/55/63 107/59/63 108/60/63
f 109/55/64 110/60/65 111/61/66
f 109/55/64 111/61/66 112/56/65
f 113/52/67 114/6/67 115/5/67
f 113/52/67 115/5/67 116/62/67
f 117/63/68 118/64/69 119/65/70
f 117/63/68 119/65/70 120/66/69
f 121/63/71 122/67/72 123/68/71
f 121/63/71 123/68/71 124/64/71
f 125/63/73 126/66/73 127/69/74
f 125/63/73 127/69/74 128/67/75
f 129/70/76 130/71/77 131/33/77
s 0
f 129/70/78 131/33/78 132/32/78
s 1
f 133/70/79 134/72/79 135/73/79
f 133/70/79 135/73/79 136/71/79
f 137/70/80 138/32/81 139/74/82
f 137/70/80 139/74/82 140/72/81
f 141/75/83 142/76/84 143/77/84
f 141/75/83 143/77/84 144/78/85
f 145/75/86 146/79/87 147/80/87
f 145/75/86 147/80/87 148/76/87
f 149/75/88 150/78/88 151/81/89
f 149/75/88 151/81/89 152/79/88
f 153/82/90 154/83/90 155/84/91
f 153/82/90 155/84/91 156/85/90
f 157/82/92 158/86/93 159/87/94
f 157/82/92 159/87/94 160/83/95
f 161/82/96 162/85/97 163/88/98
f 161/82/96 163/88/98 164/86/96
s 0
f 165/89/99 166/90/99 167/91/99
f 165/89/100 167/91/100 168/92/100
f 169/89/101 170/92/102 171/93/102
s 1
f 169/89/103 171/93/103 172/94/103
f 173/89/104 174/94/105 175/95/106
f 173/89/104 175/95/106 176/90/106
f 177/96/107 178/97/108 179/98/109
f 177/96/107 179/98/109 180/99/110
f 181/96/111 182/99/112 183/100/113
f 181/96/111 183/100/113 184/101/112
f 185/96/114 186/101/114 187/102/115
f 185/96/114 187/102/115 188/103/114
f 189/96/116 190/104/116 191/105/117
f 189/96/116 191/105/117 192/97/117
f 193/105/118 194/106/118 195/107/118
f 193/105/118 195/107/118 196/108/118
f 197/105/119 198/108/120 199/109/119
f 197/105/119 199/109/119 200/97/121
f 201/105/122 202/104/122 203/110/122
f 201/105/122 203/110/122 204/106/122
f 205/110/123 206/104/124 207/111/124
f 205/110/123 207/111/124 208/112/124
f 209/110/125 210/112/125 211/113/125
f 209/110/125 211/113/125 212/114/126
f 213/110/127 214/114/128 215/115/127
f 213/110/127 215/115/127 216/106/129
f 217/113/130 218/112/131 219/116/130
f 217/113/130 219/116/130 220/117/130
f 221/113/132 222/117/133 223/118/134
f 221/113/132 223/118/134 224/119/135
f 225/113/136 226/119/137 227/120/138
f 225/113/136 227/120/138 228/114/138
f 229/121/139 230/122/140 231/123/139
f 229/121/139 231/123/139 232/124/141
f 233/121/142 234/124/142 235/51/142
f 233/121/142 235/51/142 236/50/143
f 237/124/144 238/123/144 239/125/144
f 237/124/144 239/125/144 240/126/144
f 241/124/145 242/126/146 243/127/145
f 241/124/145 243/127/145 244/51/145
f 245/127/147 246/3/147 247/44/148
f 245/127/147 247/44/148 248/51/147
f 249/127/149 250/126/150 251/128/151
f 249/127/149 251/128/151 252/129/149
f 253/127/152 254/129/152 255/4/153
f 253/127/152 255/4/153 256/3/152
f 257/129/154 258/128/154 259/130/155
f 257/129/154 259/130/155 260/131/155
f 261/129/156 262/131/156 263/7/156
f 261/129/156 263/7/156 264/4/156
f 265/131/157 266/130/158 267/132/159
f 265/131/157 267/132/159 268/133/160
f 269/131/161 270/133/162 271/134/162
f 269/131/161 271/134/162 272/7/161
f 273/134/163 274/135/164 275/8/165
f 273/134/163 275/8/165 276/7/166
f 277/134/167 278/133/167 279/136/168
f 277/134/167 279/136/168 280/137/167
f 281/134/169 282/137/170 283/138/170
f 281/134/169 283/138/170 284/135/170
f 285/138/171 286/139/171 287/140/171
f 285/138/171 287/140/171 288/135/171
f 289/138/172 290/137/172 291/141/173
f 289/138/172 291/141/173 292/142/172
f 293/138/174 294/142/174 295/143/174
f 293/138/174 295/143/174 296/139/174
f 297/143/175 298/144/175 299/145/175
f 297/143/175 299/145/175 300/139/175
f 301/143/176 302/142/176 303/17/177
f 301/143/176 303/17/177 304/16/177
f 305/143/178 306/16/178 307/15/178
f 305/143/178 307/15/178 308/144/178
f 309/146/179 310/147/179 311/148/180
f 309/146/179 311/148/180 312/149/180
f 313/145/181 314/150/181 315/140/181
f 313/145/181 315/140/181 316/139/181
f 317/146/182 318/151/183 319/152/184
f 317/146/182 319/152/184 320/147/182
f 321/152/185 322/153/185 323/154/185
f 321/152/185 323/154/185 324/147/186
f 325/152/187 326/151/187 327/155/187
f 325/152/187 327/155/187 328/156/187
f 329/152/188 330/156/188 331/157/188
f 329/152/188 331/157/188 332/153/188
f 333/157/189 334/158/189 335/159/189
f 333/157/189 335/159/189 336/153/189
f 337/157/190 338/156/191 339/27/192
f 337/157/190 339/27/192 340/33/193
f 341/157/194 342/33/194 343/71/194
f 341/157/194 343/71/194 344/158/194
f 345/159/195 346/160/195 347/161/196
f 345/159/195 347/161/196 348/162/195
f 349/159/197 350/162/197 351/154/198
f 349/159/197 351/154/198 352/153/197
f 353/159/199 354/158/199 355/163/199
f 353/159/199 355/163/199 356/160/199
f 357/163/200 358/164/201 359/165/201
f 357/163/200 359/165/201 360/160/201
f 361/163/202 362/158/202 363/71/202
f 361/163/202 363/71/202 364/73/202
f 365/163/203 366/73/204 367/166/205
f 365/163/203 367/166/205 368/164/204
f 369/166/206 370/167/207 371/168/207
f 369/166/206 371/168/207 372/164/208
s 0
f 373/166/209 374/73/209 375/72/209
f 373/166/210 375/72/210 376/169/210
s 1
f 377/166/211 378/169/212 379/170/213
f 377/166/211 379/170/213 380/167/214
s 0
f 381/170/215 382/169/215 383/171/215
f 381/170/216 383/171/216 384/172/216
f 385/170/217 386/172/217 387/173/217
f 385/170/102 387/173/102 388/174/102
f 389/170/218 390/174/218 391/175/218
f 389/170/219 391/175/219 392/167/219
f 393/175/218 394/174/218 395/176/218
f 393/175/220 395/176/220 396/177/220
f 397/175/221 398/177/221 399/93/221
f 397/175/222 399/93/222 400/178/222
s 1
f 401/175/223 402/178/223 403/168/223
f 401/175/223 403/168/223 404/167/224
f 405/178/225 406/93/226 407/92/226
s 0
f 405/178/226 407/92/226 408/179/226
s 1
f 409/178/227 410/179/228 411/180/228
f 409/178/227 411/180/228 412/168/228
s 0
f 413/180/229 414/179/229 415/181/229
f 413/180/230 415/181/230 416/182/230
s 1
f 417/180/231 418/182/232 419/183/233
f 417/180/231 419/183/233 420/165/231
f 421/180/234 422/165/235 423/164/236
f 421/180/234 423/164/236 424/168/237
f 425/183/238 426/182/238 427/184/239
f 425/183/238 427/184/239 428/102/238
f 429/183/240 430/102/241 431/101/242
f 429/183/240 431/101/242 432/161/242
f 433/183/243 434/161/244 435/160/245
f 433/183/243 435/160/245 436/165/244
f 437/184/246 438/182/247 439/181/248
f 437/184/246 439/181/248 440/185/246
f 441/184/249 442/185/250 443/186/251
f 441/184/249 443/186/251 444/187/250
f 445/184/252 446/187/252 447/103/253
f 445/184/252 447/103/253 448/102/252
f 449/187/254 450/186/255 451/188/255
f 449/187/254 451/188/255 452/189/255
f 453/187/256 454/189/257 455/111/258
f 453/187/256 455/111/258 456/103/257
f 457/189/259 458/188/259 459/190/260
f 457/189/259 459/190/260 460/116/261
f 461/189/262 462/116/262 463/112/263
f 461/189/262 463/112/263 464/111/262
f 465/190/264 466/188/265 467/191/265
f 465/190/264 467/191/265 468/192/265
f 469/190/266 470/192/267 471/193/267
f 469/190/266 471/193/267 472/194/268
f 473/190/269 474/194/270 475/117/269
f 473/190/269 475/117/269 476/116/269
f 477/194/271 478/193/272 479/195/273
f 477/194/271 479/195/273 480/196/274
f 481/194/275 482/196/275 483/118/276
f 481/194/275 483/118/276 484/117/276
f 485/197/277 486/198/277 487/199/277
f 485/197/277 487/199/277 488/200/277
f 489/197/278 490/200/278 491/123/278
f 489/197/278 491/123/278 492/122/278
f 493/200/279 494/199/279 495/201/279
f 493/200/279 495/201/279 496/202/280
f 497/200/281 498/202/281 499/125/282
f 497/200/281 499/125/282 500/123/281
f 501/202/283 502/201/284 503/203/285
f 501/202/283 503/203/285 504/204/286
f 505/202/287 506/204/288 507/205/288
f 505/202/287 507/205/288 508/125/288
f 509/205/289 510/128/290 511/126/291
f 509/205/289 511/126/291 512/125/292
f 513/205/293 514/204/293 515/206/293
f 513/205/293 515/206/293 516/207/293
f 517/205/294 518/207/295 519/130/295
f 517/205/294 519/130/295 520/128/295
s 0
f 521/207/296 522/206/297 523/208/296
s 1
f 521/207/298 523/208/298 524/209/298
f 525/207/299 526/209/300 527/132/301
f 525/207/299 527/132/301 528/130/302
f 529/209/303 530/208/304 531/210/305
f 529/209/303 531/210/305 532/211/304
f 533/209/306 534/211/307 535/212/306
f 533/209/306 535/212/306 536/132/306
f 537/212/308 538/136/309 539/133/308
f 537/212/308 539/133/308 540/132/309
f 541/212/310 542/211/311 543/213/312
f 541/212/310 543/213/312 544/214/313
f 545/212/314 546/214/314 547/215/314
s 0
f 545/212/315 547/215/315 548/136/315
s 1
f 549/215/316 550/141/317 551/137/318
f 549/215/316 551/137/318 552/136/318
f 553/215/319 554/214/319 555/216/320
f 553/215/319 555/216/320 556/217/319
f 557/215/321 558/217/321 559/218/321
f 557/215/321 559/218/321 560/141/321
f 561/218/322 562/17/322 563/142/322
f 561/218/322 563/142/322 564/141/322
f 565/218/323 566/217/324 567/41/324
f 565/218/323 567/41/324 568/38/324
f 569/218/325 570/38/325 571/18/326
f 569/218/325 571/18/326 572/17/325
f 573/217/327 574/216/327 575/219/327
f 573/217/327 575/219/327 576/41/327
f 577/219/328 578/216/328 579/220/328
s 0
f 577/219/329 579/220/329 580/221/329
f 581/219/330 582/221/330 583/222/330
f 581/219/331 583/222/331 584/223/331
s 1
f 585/219/332 586/223/333 587/39/332
f 585/219/332 587/39/332 588/41/334
s 0
f 589/223/335 590/222/335 591/224/335
f 589/223/335 591/224/335 592/225/335
f 593/223/336 594/225/336 595/40/336
f 593/223/337 595/40/337 596/39/337
f 597/225/338 598/224/338 599/226/338
f 597/225/339 599/226/339 600/227/339
s 1
f 601/225/340 602/227/341 603/228/340
s 0
f 601/225/342 603/228/343 604/40/342
f 605/228/344 606/13/344 607/19/344
f 605/228/345 607/19/345 608/40/345
f 609/228/346 610/227/346 611/229/346
f 609/228/346 611/229/347 612/230/346
s 1
f 613/231/348 614/232/348 615/233/348
f 613/231/348 615/233/348 616/234/348
f 617/235/349 618/236/349 619/237/350
f 617/235/349 619/237/350 620/238/351
f 621/239/352 622/240/352 623/241/352
s 0
f 621/239/353 623/241/353 624/242/353
s 1
f 625/243/354 626/244/354 627/10/355
f 625/243/354 627/10/355 628/14/354
f 629/245/356 630/246/356 631/247/357
f 629/245/356 631/247/357 632/248/356
f 633/243/358 634/249/358 635/250/358
f 633/243/358 635/250/358 636/244/358
f 637/251/359 638/252/360 639/253/360
f 637/251/359 639/253/360 640/254/359
f 641/251/361 642/254/361 643/34/361
f 641/251/361 643/34/361 644/255/361
f 645/256/362 646/257/362 647/258/362
f 645/256/362 647/258/362 648/259/362
f 649/260/363 650/261/364 651/262/365
f 649/260/363 651/262/365 652/263/363
f 653/264/366 654/265/367 655/266/367
f 653/264/366 655/266/367 656/267/366
s 0
f 657/268/368 658/269/368 659/270/368
f 657/268/369 659/270/369 660/271/369
s 1
f 661/272/370 662/253/370 663/273/371
f 661/272/370 663/273/371 664/274/372
s 0
f 665/272/373 666/274/373 667/172/373
f 665/272/374 667/172/374 668/171/374
f 669/274/375 670/273/375 671/275/375
f 669/274/376 671/275/376 672/276/376
f 673/274/377 674/276/377 675/173/377
s 1
f 673/274/378 675/173/378 676/172/378
s 0
f 677/276/379 678/275/379 679/277/379
s 1
f 677/276/372 679/277/372 680/278/380
s 0
f 681/276/381 682/278/381 683/279/382
f 681/276/383 683/279/383 684/173/383
s 1
f 685/279/384 686/278/385 687/280/386
f 685/279/384 687/280/386 688/281/387
f 689/279/388 690/281/389 691/282/390
f 689/279/388 691/282/390 692/176/391
s 0
f 693/279/392 694/176/392 695/174/392
f 693/279/393 695/174/393 696/173/393
s 1
f 697/282/394 698/281/394 699/81/394
f 697/282/394 699/81/394 700/78/394
s 0
f 701/282/395 702/78/395 703/77/395
f 701/282/396 703/77/396 704/283/396
s 1
f 705/282/397 706/283/398 707/177/399
f 705/282/397 707/177/399 708/176/398
f 709/283/400 710/77/400 711/95/400
s 0
f 709/283/401 711/95/401 712/94/401
f 713/283/106 714/94/106 715/93/106
f 713/283/104 715/93/104 716/177/104
s 1
f 717/281/402 718/280/402 719/284/402
f 717/281/402 719/284/402 720/81/402
f 721/284/403 722/280/403 723/285/403
f 721/284/403 723/285/403 724/286/403
f 725/284/404 726/286/404 727/287/405
f 725/284/404 727/287/405 728/288/406
f 729/284/407 730/288/407 731/79/407
f 729/284/407 731/79/407 732/81/407
f 733/288/408 734/287/409 735/289/408
f 733/288/408 735/289/408 736/290/408
f 737/288/410 738/290/411 739/80/411
f 737/288/410 739/80/411 740/79/412
f 741/290/413 742/291/413 743/292/413
f 741/290/413 743/292/413 744/80/413
f 745/290/414 746/289/414 747/293/414
f 745/290/414 747/293/414 748/291/414
f 749/293/415 750/294/415 751/295/415
f 749/293/415 751/295/415 752/291/415
f 753/293/416 754/289/416 755/296/416
f 753/293/416 755/296/416 756/297/417
f 757/293/418 758/297/418 759/298/418
f 757/293/418 759/298/418 760/294/418
f 761/299/419 762/300/420 763/301/419
f 761/299/419 763/301/419 764/302/420
f 765/303/421 766/304/421 767/305/421
f 765/303/421 767/305/421 768/306/421
f 769/307/422 770/308/423 771/309/423
f 769/307/422 771/309/423 772/310/424
f 773/306/425 774/305/425 775/311/425
f 773/306/425 775/311/425 776/312/425
f 777/306/426 778/312/426 779/199/427
f 777/306/426 779/199/427 780/198/427
f 781/313/428 782/314/429 783/315/430
f 781/313/428 783/315/430 784/316/428
f 785/312/431 786/317/432 787/201/433
f 785/312/431 787/201/433 788/199/434
f 789/318/435 790/319/435 791/320/435
f 789/318/435 791/320/435 792/321/435
f 793/317/436 794/322/436 795/203/436
f 793/317/436 795/203/436 796/201/437
f 797/322/438 798/323/438 799/324/439
f 797/322/438 799/324/439 800/325/439
f 801/322/440 802/325/440 803/326/440
f 801/322/440 803/326/440 804/203/440
f 805/326/441 806/206/442 807/204/443
f 805/326/441 807/204/443 808/203/444
f 809/326/445 810/325/446 811/23/447
f 809/326/445 811/23/447 812/22/446
f 813/326/448 814/22/449 815/208/450
f 813/326/448 815/208/450 816/206/451
f 817/325/452 818/324/453 819/24/454
f 817/325/452 819/24/454 820/23/453
f 821/324/455 822/323/455 823/327/455
f 821/324/455 823/327/455 824/61/455
f 825/324/456 826/61/457 827/60/458
f 825/324/456 827/60/458 828/24/459
f 829/328/460 830/320/461 831/319/461
f 829/328/460 831/319/461 832/329/460
f 833/327/462 834/330/463 835/331/462
f 833/327/462 835/331/462 836/332/462
f 837/327/464 838/332/464 839/56/464
f 837/327/464 839/56/464 840/61/464
f 841/332/465 842/333/465 843/57/465
f 841/332/465 843/57/465 844/56/465
f 845/332/466 846/331/467 847/334/468
f 845/332/466 847/334/468 848/333/468
f 849/334/469 850/335/470 851/336/470
f 849/334/469 851/336/470 852/333/469
f 853/334/471 854/331/472 855/337/471
f 853/334/471 855/337/471 856/338/472
f 857/334/473 858/338/473 859/339/473
f 857/334/473 859/339/473 860/335/473
f 861/339/474 862/340/475 863/341/475
f 861/339/474 863/341/475 864/335/476
f 865/339/477 866/338/478 867/342/478
f 865/339/477 867/342/478 868/343/479
f 869/339/480 870/343/481 871/344/482
f 869/339/480 871/344/482 872/340/483
f 873/344/484 874/345/485 875/346/484
f 873/344/484 875/346/484 876/340/486
f 877/347/487 878/348/488 879/349/489
f 877/347/487 879/349/489 880/350/487
f 881/347/490 882/350/490 883/351/491
f 881/347/490 883/351/491 884/352/491
f 885/353/492 886/354/493 887/355/494
f 885/353/492 887/355/494 888/356/495
f 889/351/496 890/350/497 891/277/496
f 889/351/496 891/277/496 892/275/497
f 893/351/498 894/275/498 895/273/498
f 893/351/498 895/273/498 896/357/498
f 897/354/499 898/358/500 899/359/501
f 897/354/499 899/359/501 900/355/499
f 901/357/502 902/273/502 903/253/502
f 901/357/502 903/253/502 904/252/502
f 905/350/503 906/349/504 907/285/505
f 905/350/503 907/285/505 908/277/506
f 909/349/507 910/348/507 911/360/507
f 909/349/507 911/360/507 912/361/507
f 913/349/508 914/361/508 915/286/508
f 913/349/508 915/286/508 916/285/508
f 917/361/509 918/360/509 919/362/509
f 917/361/509 919/362/509 920/363/509
f 921/361/510 922/363/511 923/287/510
f 921/361/510 923/287/510 924/286/511
f 925/363/512 926/362/512 927/364/512
f 925/363/512 927/364/512 928/296/512
f 929/363/513 930/296/513 931/289/513
f 929/363/513 931/289/513 932/287/513
f 933/365/514 934/366/515 935/367/514
f 933/365/514 935/367/514 936/368/514
f 937/369/516 938/370/517 939/337/518
f 937/369/516 939/337/518 940/371/519
f 941/369/520 942/371/520 943/311/521
f 941/369/520 943/311/521 944/305/522
f 945/371/523 946/337/524 947/331/525
f 945/371/523 947/331/525 948/330/526
f 949/372/527 950/373/528 951/374/529
f 949/372/527 951/374/529 952/375/530
f 953/370/531 954/342/532 955/338/531
f 953/370/531 955/338/531 956/337/531
s 0
f 957/346/533 958/229/533 959/227/533
s 1
f 957/346/534 959/227/534 960/226/534
f 961/346/535 962/226/536 963/341/535
s 0
f 961/346/537 963/341/537 964/340/537
s 1
f 965/346/538 966/345/539 967/376/540
f 965/346/538 967/376/540 968/229/540
s 0
f 969/341/541 970/226/541 971/224/541
f 969/341/542 971/224/542 972/377/541
s 1
f 973/341/543 974/377/543 975/336/543
f 973/341/543 975/336/543 976/335/544
s 0
f 977/377/545 978/224/545 979/222/545
f 977/377/546 979/222/546 980/378/546
s 1
f 981/377/547 982/378/548 983/379/549
f 981/377/547 983/379/549 984/336/548
f 985/379/550 986/378/551 987/380/552
f 985/379/550 987/380/552 988/381/553
f 989/379/554 990/381/555 991/58/555
f 989/379/554 991/58/555 992/57/555
f 993/379/556 994/57/556 995/333/556
f 993/379/556 995/333/556 996/336/556
s 0
f 997/381/557 998/380/557 999/382/557
f 997/381/558 999/382/558 1000/383/558
s 1
f 1001/381/559 1002/383/560 1003/59/561
f 1001/381/559 1003/59/561 1004/58/562
s 0
f 1005/383/563 1006/382/563 1007/384/563
f 1005/383/564 1007/384/564 1008/26/564
f 1009/383/565 1010/26/565 1011/25/565
s 1
f 1009/383/566 1011/25/566 1012/59/566
f 1013/384/567 1014/213/568 1015/211/569
f 1013/384/567 1015/211/569 1016/210/570
f 1017/384/571 1018/210/571 1019/21/572
f 1017/384/571 1019/21/572 1020/26/573
s 0
f 1021/384/546 1022/382/546 1023/220/546
f 1021/384/574 1023/220/574 1024/213/574
f 1025/382/575 1026/380/575 1027/221/575
f 1025/382/337 1027/221/576 1028/220/337
f 1029/380/577 1030/378/577 1031/222/577
f 1029/380/335 1031/222/335 1032/221/335
s 1
f 1033/295/578 1034/191/578 1035/385/578
f 1033/295/578 1035/385/578 1036/386/578
f 1037/295/579 1038/386/580 1039/292/580
f 1037/295/579 1039/292/580 1040/291/580
f 1041/295/581 1042/294/581 1043/192/581
f 1041/295/581 1043/192/581 1044/191/581
f 1045/386/582 1046/385/583 1047/387/584
f 1045/386/582 1047/387/584 1048/388/583
f 1049/386/585 1050/388/586 1051/389/586
f 1049/386/585 1051/389/586 1052/292/586
f 1053/389/587 1054/388/588 1055/90/588
f 1053/389/587 1055/90/588 1056/95/588
f 1057/389/589 1058/95/590 1059/77/591
f 1057/389/589 1059/77/591 1060/76/590
f 1061/389/592 1062/76/592 1063/80/592
f 1061/389/592 1063/80/592 1064/292/592
s 0
f 1065/388/593 1066/387/593 1067/91/593
f 1065/388/594 1067/91/594 1068/90/594
s 1
f 1069/387/595 1070/185/596 1071/181/596
f 1069/387/595 1071/181/596 1072/91/596
f 1073/387/597 1074/385/597 1075/186/597
f 1073/387/597 1075/186/597 1076/185/598
f 1077/385/599 1078/191/599 1079/188/600
f 1077/385/599 1079/188/600 1080/186/599
f 1081/285/601 1082/280/602 1083/278/602
f 1081/285/601 1083/278/602 1084/277/602
f 1085/220/603 1086/216/604 1087/214/605
f 1085/220/603 1087/214/605 1088/213/606
f 1089/210/607 1090/208/608 1091/22/609
f 1089/210/607 1091/22/609 1092/21/610
f 1093/181/611 1094/179/612 1095/92/613
f 1093/181/611 1095/92/613 1096/91/614
f 1097/171/615 1098/169/616 1099/72/616
f 1097/171/615 1099/72/616 1100/74/617
f 1101/162/618 1102/161/619 1103/101/619
f 1101/162/618 1103/101/619 1104/100/619
f 1105/162/620 1106/100/621 1107/390/620
f 1105/162/620 1107/390/620 1108/154/621
f 1109/390/622 1110/100/623 1111/99/623
f 1109/390/622 1111/99/623 1112/391/624
f 1113/390/625 1114/391/625 1115/392/625
f 1113/390/625 1115/392/625 1116/148/625
f 1117/390/626 1118/148/627 1119/147/628
f 1117/390/626 1119/147/628 1120/154/628
f 1121/392/629 1122/391/630 1123/393/629
f 1121/392/629 1123/393/629 1124/394/630
f 1125/395/631 1126/396/632 1127/397/632
f 1125/395/631 1127/397/632 1128/398/633
f 1129/399/634 1130/400/635 1131/401/636
f 1129/399/634 1131/401/636 1132/402/634
f 1133/398/637 1134/397/637 1135/403/637
f 1133/398/637 1135/403/637 1136/404/637
f 1137/405/638 1138/406/639 1139/407/638
f 1137/405/638 1139/407/638 1140/408/638
s 0
f 1141/404/640 1142/403/640 1143/1/640
s 1
f 1141/404/641 1143/1/641 1144/8/641
f 1145/404/642 1146/8/643 1147/135/643
f 1145/404/642 1147/135/643 1148/140/642
f 1149/403/644 1150/397/644 1151/409/644
f 1149/403/644 1151/409/644 1152/410/644
f 1153/403/645 1154/410/646 1155/5/646
f 1153/403/645 1155/5/646 1156/1/646
f 1157/410/647 1158/409/647 1159/411/647
f 1157/410/647 1159/411/647 1160/412/647
f 1161/410/648 1162/412/648 1163/62/648
f 1161/410/648 1163/62/648 1164/5/648
f 1165/412/649 1166/411/649 1167/413/649
f 1165/412/649 1167/413/649 1168/414/649
f 1169/412/650 1170/414/650 1171/415/650
f 1169/412/650 1171/415/650 1172/62/650
f 1173/415/651 1174/414/652 1175/416/651
f 1173/415/651 1175/416/651 1176/417/651
f 1177/415/653 1178/417/654 1179/418/654
f 1177/415/653 1179/418/654 1180/419/655
f 1181/415/656 1182/419/657 1183/52/658
f 1181/415/656 1183/52/658 1184/62/658
f 1185/420/659 1186/421/660 1187/422/661
f 1185/420/659 1187/422/661 1188/423/659
f 1189/419/662 1190/424/663 1191/53/664
f 1189/419/662 1191/53/664 1192/52/663
f 1193/425/665 1194/426/666 1195/427/667
f 1193/425/665 1195/427/667 1196/428/665
f 1197/425/668 1198/428/668 1199/107/668
f 1197/425/668 1199/107/668 1200/429/668
f 1201/428/669 1202/427/670 1203/430/669
f 1201/428/669 1203/430/669 1204/431/669
f 1205/428/671 1206/431/671 1207/108/671
f 1205/428/671 1207/108/671 1208/107/671
f 1209/431/672 1210/430/673 1211/432/674
f 1209/431/672 1211/432/674 1212/433/675
f 1213/431/676 1214/433/677 1215/109/676
f 1213/431/676 1215/109/676 1216/108/676
f 1217/433/678 1218/432/679 1219/434/679
f 1217/433/678 1219/434/679 1220/435/678
f 1221/433/680 1222/435/681 1223/436/682
f 1221/433/680 1223/436/682 1224/109/683
f 1225/436/684 1226/435/685 1227/437/686
f 1225/436/684 1227/437/686 1228/438/684
f 1229/436/687 1230/438/688 1231/393/689
f 1229/436/687 1231/393/689 1232/98/690
f 1233/436/691 1234/98/691 1235/97/692
f 1233/436/691 1235/97/692 1236/109/691
f 1237/439/693 1238/440/694 1239/441/694
f 1237/439/693 1239/441/694 1240/442/695
f 1241/443/696 1242/444/697 1243/445/698
f 1241/443/696 1243/445/698 1244/446/699
f 1245/442/700 1246/441/700 1247/411/700
f 1245/442/700 1247/411/700 1248/409/700
f 1249/442/701 1250/409/701 1251/397/701
f 1249/442/701 1251/397/701 1252/396/701
f 1253/441/702 1254/440/703 1255/447/704
f 1253/441/702 1255/447/704 1256/448/703
f 1257/441/705 1258/448/705 1259/413/706
f 1257/441/705 1259/413/706 1260/411/705
f 1261/448/707 1262/447/708 1263/68/708
f 1261/448/707 1263/68/708 1264/67/707
f 1265/448/709 1266/67/710 1267/69/710
f 1265/448/709 1267/69/710 1268/413/710
f 1269/449/711 1270/434/712 1271/87/713
f 1269/449/711 1271/87/713 1272/450/714
f 1273/449/715 1274/437/716 1275/435/717
f 1273/449/715 1275/435/717 1276/434/718
f 1277/434/719 1278/432/719 1279/83/719
f 1277/434/719 1279/83/719 1280/87/719
f 1281/432/720 1282/430/721 1283/84/722
f 1281/432/720 1283/84/722 1284/83/721
f 1285/430/723 1286/427/724 1287/451/725
f 1285/430/723 1287/451/725 1288/84/725
f 1289/451/726 1290/452/727 1291/453/728
f 1289/451/726 1291/453/728 1292/454/727
f 1293/451/729 1294/454/729 1295/85/729
f 1293/451/729 1295/85/729 1296/84/729
f 1297/451/730 1298/427/731 1299/426/732
f 1297/451/730 1299/426/732 1300/452/733
f 1301/454/734 1302/453/734 1303/455/735
f 1301/454/734 1303/455/735 1304/456/735
f 1305/454/736 1306/456/737 1307/88/738
f 1305/454/736 1307/88/738 1308/85/739
f 1309/457/740 1310/458/741 1311/459/742
f 1309/457/740 1311/459/742 1312/460/743
f 1313/457/744 1314/460/744 1315/65/744
f 1313/457/744 1315/65/744 1316/461/744
f 1317/460/745 1318/459/746 1319/462/747
f 1317/460/745 1319/462/747 1320/463/746
f 1321/460/748 1322/463/749 1323/66/750
f 1321/460/748 1323/66/750 1324/65/749
f 1325/463/751 1326/462/752 1327/417/753
f 1325/463/751 1327/417/753 1328/416/754
f 1329/463/755 1330/416/755 1331/69/756
f 1329/463/755 1331/69/756 1332/66/755
f 1333/464/757 1334/465/757 1335/466/757
f 1333/464/757 1335/466/757 1336/467/757
f 1337/464/758 1338/467/758 1339/422/759
f 1337/464/758 1339/422/759 1340/421/758
f 1341/416/760 1342/414/760 1343/413/760
f 1341/416/760 1343/413/760 1344/69/760
f 1345/393/761 1346/391/762 1347/99/761
f 1345/393/761 1347/99/761 1348/98/763
f 1349/156/764 1350/155/764 1351/28/764
f 1349/156/764 1351/28/764 1352/27/764
f 1353/111/765 1354/104/766 1355/96/767
f 1353/111/765 1355/96/767 1356/103/766
f 1357/107/768 1358/106/768 1359/115/769
f 1357/107/768 1359/115/769 1360/429/768
f 1361/461/770 1362/65/771 1363/64/772
f 1361/461/770 1363/64/772 1364/468/773
f 1365/469/774 1366/470/775 1367/471/775
f 1365/469/774 1367/471/775 1368/472/776
f 1369/60/777 1370/59/778 1371/25/779
f 1369/60/777 1371/25/779 1372/24/780
s 0
f 1373/255/781 1374/34/781 1375/30/781
f 1373/255/782 1375/30/782 1376/35/782
s 1
f 1377/244/783 1378/473/783 1379/11/783
f 1377/244/783 1379/11/783 1380/10/784
f 1381/474/785 1382/466/786 1383/465/786
f 1381/474/785 1383/465/786 1384/475/787
f 1385/476/788 1386/477/788 1387/478/789
f 1385/476/788 1387/478/789 1388/479/789
f 1389/480/790 1390/481/791 1391/482/792
f 1389/480/790 1391/482/792 1392/483/793
f 1393/480/794 1394/483/795 1395/484/796
f 1393/480/794 1395/484/796 1396/485/795
o 2
v -85.328117 -24.349367 6.330940
v -84.750267 -23.688625 7.588446
v -84.280312 -24.240932 6.264806
v -83.779831 -24.322624 4.422533
v -85.328117 -24.349367 6.330940
v -83.779831 -24.322624 4.422533
v -83.963928 -23.871601 7.295865
v -85.202782 -23.849850 7.723133
v -85.328117 -24.349367 6.330940
v -85.202782 -23.849850 7.723133
v -85.102997 -23.088112 8.945807
v -84.750267 -23.688625 7.588446
v -85.235519 -22.289413 10.140676
v -85.107269 -23.133961 9.172867
v -84.017532 -22.940386 9.579712
v -84.628601 -21.787624 10.762682
v -85.235519 -22.289413 10.140676
v -85.102997 -23.088112 8.945807
v -85.202782 -23.849850 7.723133
v -85.107269 -23.133961 9.172867
v -3.474930 -29.496754 0.716579
v -2.557730 -28.588802 2.543856
v -5.933130 -27.399004 4.157541
v -6.466510 -27.948574 2.930451
v -3.474930 -29.496754 0.716579
v -3.314570 -30.776886 -1.276612
v -1.992990 -30.804174 -0.893892
v -1.697890 -29.896935 0.477358
v -3.474930 -29.496754 0.716579
v -5.561040 -30.144993 -0.859800
v -5.059200 -31.157484 -2.373787
v -3.314570 -30.776886 -1.276612
v -3.474930 -29.496754 0.716579
v -6.466510 -27.948574 2.930451
v -6.490370 -28.798597 1.270389
v -5.561040 -30.144993 -0.859800
v -3.474930 -29.496754 0.716579
v -1.697890 -29.896935 0.477358
v -1.167280 -29.149626 1.858202
v -2.557730 -28.588802 2.543856
v -85.107269 -23.133961 9.172867
v -85.202782 -23.849850 7.723133
v -83.963928 -23.871601 7.295865
v -84.017532 -22.940386 9.579712
v -49.317829 -36.908283 -16.178387
v -46.364288 -36.939804 -15.906590
v -45.841209 -38.692120 -18.227547
v -49.952202 -37.936359 -17.626160
v -49.317829 -36.908283 -16.178387
v -49.952202 -37.936359 -17.626160
v -53.845490 -36.972870 -16.432524
v -51.433182 -35.833744 -14.538362
v -49.317829 -36.908283 -16.178387
v -51.433182 -35.833744 -14.538362
v -48.043930 -35.077316 -13.275679
v -46.364288 -36.939804 -15.906590
v -4.242410 -29.688839 -0.092813
v -3.186860 -28.814661 1.658727
v -1.782340 -29.404379 0.747059
v -2.525370 -30.253036 -0.660012
v -4.242410 -29.688839 -0.092813
v -3.407160 -31.017359 -2.022460
v -4.758960 -31.192066 -2.617151
v -5.464510 -30.219639 -1.262255
v -4.242410 -29.688839 -0.092813
v -2.525370 -30.253036 -0.660012
v -1.822980 -31.269711 -1.929461
v -3.407160 -31.017359 -2.022460
v -4.242410 -29.688839 -0.092813
v -7.021210 -27.920286 2.465564
v -6.353850 -27.442806 3.632437
v -3.186860 -28.814661 1.658727
v -4.242410 -29.688839 -0.092813
v -5.464510 -30.219639 -1.262255
v -7.183150 -28.618454 1.055759
v -7.021210 -27.920286 2.465564
v -49.545521 -36.070217 -14.733817
v -46.884850 -35.684235 -14.039736
v -49.084202 -33.909019 -11.388086
v -51.977081 -34.975994 -13.163289
v -49.545521 -36.070217 -14.733817
v -51.977081 -34.975994 -13.163289
v -54.115429 -36.405052 -15.469812
v -49.960861 -37.340832 -16.602318
v -49.545521 -36.070217 -14.733817
v -49.960861 -37.340832 -16.602318
v -45.776009 -38.075233 -17.104904
v -46.884850 -35.684235 -14.039736
v -38.786240 -27.532578 -0.136936
v -36.640282 -28.722660 -2.068341
v -40.406872 -29.226643 -3.281909
v -41.987320 -27.459568 -0.253811
v -38.786240 -27.532578 -0.136936
v -37.315899 -26.338362 2.131954
v -33.222061 -27.633183 0.212602
v -36.640282 -28.722660 -2.068341
v -38.786240 -27.532578 -0.136936
v -41.987320 -27.459568 -0.253811
v -41.950779 -25.607306 3.137179
v -37.315899 -26.338362 2.131954
v -43.436531 -27.814535 -0.684185
v -46.526112 -28.224625 -1.600649
v -44.362888 -29.857922 -4.381257
v -41.165211 -28.825838 -2.334283
v -43.436531 -27.814535 -0.684185
v -43.317699 -26.481417 1.759946
v -48.081070 -26.389566 1.712970
v -46.526112 -28.224625 -1.600649
v -43.436531 -27.814535 -0.684185
v -41.165211 -28.825838 -2.334283
v -39.292770 -27.371904 0.406034
v -43.317699 -26.481417 1.759946
v -39.292770 -27.371904 0.406034
v -35.747662 -28.825911 -1.869740
v -33.538288 -27.032021 1.566850
v -38.070240 -25.538025 3.831115
v -39.292770 -27.371904 0.406034
v -38.070240 -25.538025 3.831115
v -43.190411 -24.524591 5.390172
v -43.317699 -26.481417 1.759946
v -39.292770 -27.371904 0.406034
v -41.165211 -28.825838 -2.334283
v -38.487560 -30.333164 -4.773897
v -35.747662 -28.825911 -1.869740
v -38.487560 -30.333164 -4.773897
v -36.185371 -32.219696 -7.823328
v -32.512642 -30.711597 -4.831272
v -35.747662 -28.825911 -1.869740
v -38.487560 -30.333164 -4.773897
v -41.165211 -28.825838 -2.334283
v -44.362888 -29.857922 -4.381257
v -42.069920 -31.581535 -7.235962
v -38.487560 -30.333164 -4.773897
v -42.069920 -31.581535 -7.235962
v -39.799969 -33.589390 -10.379605
v -36.185371 -32.219696 -7.823328
v -39.799969 -33.589390 -10.379605
v -37.683830 -36.024227 -13.711719
v -33.882778 -34.577782 -11.209093
v -36.185371 -32.219696 -7.823328
v -39.799969 -33.589390 -10.379605
v -42.069920 -31.581535 -7.235962
v -45.655869 -32.748878 -9.369367
v -43.304642 -34.860191 -12.582943
v -39.799969 -33.589390 -10.379605
v -43.304642 -34.860191 -12.582943
v -41.579552 -37.278038 -15.726583
v -37.683830 -36.024227 -13.711719
v -41.579552 -37.278038 -15.726583
v -40.934441 -38.373276 -17.247002
v -36.707100 -37.261749 -15.440395
v -37.683830 -36.024227 -13.711719
v -41.579552 -37.278038 -15.726583
v -43.304642 -34.860191 -12.582943
v -46.884850 -35.684235 -14.039736
v -45.776009 -38.075233 -17.104904
v -41.579552 -37.278038 -15.726583
v -45.776009 -38.075233 -17.104904
v -45.558781 -39.076153 -18.504360
v -40.934441 -38.373276 -17.247002
v -45.558781 -39.076153 -18.504360
v -45.421558 -39.726269 -19.497288
v -40.563641 -39.011372 -18.194752
v -40.934441 -38.373276 -17.247002
v -45.558781 -39.076153 -18.504360
v -45.776009 -38.075233 -17.104904
v -49.960861 -37.340832 -16.602318
v -50.545841 -38.751339 -18.579638
v -45.558781 -39.076153 -18.504360
v -50.545841 -38.751339 -18.579638
v -50.837090 -39.414074 -19.583645
v -45.421558 -39.726269 -19.497288
v -50.837090 -39.414074 -19.583645
v -51.082211 -39.990952 -20.507347
v -45.303711 -40.280041 -20.438286
v -45.421558 -39.726269 -19.497288
v -50.837090 -39.414074 -19.583645
v -50.545841 -38.751339 -18.579638
v -55.127811 -37.212612 -16.610254
v -55.828991 -37.787521 -17.520531
v -50.837090 -39.414074 -19.583645
v -55.828991 -37.787521 -17.520531
v -56.438049 -38.272591 -18.364536
v -51.082211 -39.990952 -20.507347
v -56.438049 -38.272591 -18.364536
v -55.828991 -37.787521 -17.520531
v -59.563660 -35.928467 -14.432611
v -60.356380 -36.421894 -15.255569
v -56.438049 -38.272591 -18.364536
v -60.356380 -36.421894 -15.255569
v -61.086510 -36.844193 -16.059494
v -57.035679 -38.659576 -19.197311
v -56.438049 -38.272591 -18.364536
v -57.035679 -38.659576 -19.197311
v -51.307232 -40.491531 -21.425581
v -51.082211 -39.990952 -20.507347
v -51.307232 -40.491531 -21.425581
v -51.211140 -40.225941 -21.192081
v -45.250591 -40.487923 -21.253868
v -45.193401 -40.727005 -21.345413
v -51.307232 -40.491531 -21.425581
v -45.193401 -40.727005 -21.345413
v -45.303711 -40.280041 -20.438286
v -51.082211 -39.990952 -20.507347
v -51.307232 -40.491531 -21.425581
v -57.035679 -38.659576 -19.197311
v -56.544102 -38.373947 -18.888840
v -51.211140 -40.225941 -21.192081
v -56.544102 -38.373947 -18.888840
v -57.035679 -38.659576 -19.197311
v -61.086510 -36.844193 -16.059494
v -60.263870 -36.467873 -15.602795
v -56.544102 -38.373947 -18.888840
v -60.263870 -36.467873 -15.602795
v -59.290451 -36.079647 -14.979189
v -55.794941 -37.993942 -18.213486
v -56.544102 -38.373947 -18.888840
v -55.794941 -37.993942 -18.213486
v -50.938240 -39.698112 -20.295883
v -51.211140 -40.225941 -21.192081
v -50.938240 -39.698112 -20.295883
v -50.637600 -39.117012 -19.376354
v -45.598541 -39.437042 -19.341364
v -45.413120 -40.035671 -20.348000
v -50.938240 -39.698112 -20.295883
v -45.413120 -40.035671 -20.348000
v -45.250591 -40.487923 -21.253868
v -51.211140 -40.225941 -21.192081
v -50.938240 -39.698112 -20.295883
v -55.794941 -37.993942 -18.213486
v -54.947819 -37.555359 -17.417986
v -50.637600 -39.117012 -19.376354
v -54.947819 -37.555359 -17.417986
v -55.794941 -37.993942 -18.213486
v -59.290451 -36.079647 -14.979189
v -58.189671 -35.652874 -14.277709
v -54.947819 -37.555359 -17.417986
v -58.189671 -35.652874 -14.277709
v -56.786900 -35.122566 -13.412470
v -53.845490 -36.972870 -16.432524
v -54.947819 -37.555359 -17.417986
v -53.845490 -36.972870 -16.432524
v -49.952202 -37.936359 -17.626160
v -50.637600 -39.117012 -19.376354
v -56.786900 -35.122566 -13.412470
v -54.366711 -34.256184 -12.028955
v -51.433182 -35.833744 -14.538362
v -53.845490 -36.972870 -16.432524
v -56.786900 -35.122566 -13.412470
v -58.189671 -35.652874 -14.277709
v -61.270359 -33.310360 -10.761091
v -59.639030 -32.729458 -9.967778
v -56.786900 -35.122566 -13.412470
v -59.639030 -32.729458 -9.967778
v -56.677422 -31.859810 -8.516668
v -54.366711 -34.256184 -12.028955
v -56.677422 -31.859810 -8.516668
v -52.767750 -30.877825 -6.791323
v -50.433651 -33.074432 -10.213496
v -54.366711 -34.256184 -12.028955
v -56.677422 -31.859810 -8.516668
v -59.639030 -32.729458 -9.967778
v -62.224701 -30.704180 -6.081833
v -58.868549 -29.670454 -4.395608
v -56.677422 -31.859810 -8.516668
v -58.868549 -29.670454 -4.395608
v -54.759102 -28.577370 -2.636490
v -52.767750 -30.877825 -6.791323
v -54.759102 -28.577370 -2.636490
v -50.653332 -27.762501 -1.221348
v -48.634350 -30.093521 -5.341587
v -52.767750 -30.877825 -6.791323
v -54.759102 -28.577370 -2.636490
v -58.868549 -29.670454 -4.395608
v -61.182129 -27.113735 0.081472
v -57.078930 -25.932781 1.902225
v -54.759102 -28.577370 -2.636490
v -57.078930 -25.932781 1.902225
v -52.752060 -25.112415 3.459158
v -50.653332 -27.762501 -1.221348
v -52.752060 -25.112415 3.459158
v -47.160400 -25.182606 3.627776
v -46.156040 -27.472204 -0.523928
v -50.653332 -27.762501 -1.221348
v -52.752060 -25.112415 3.459158
v -57.078930 -25.932781 1.902225
v -57.922421 -23.692547 6.007276
v -52.647171 -23.075348 7.288815
v -52.752060 -25.112415 3.459158
v -52.647171 -23.075348 7.288815
v -46.383461 -23.274567 7.245886
v -47.160400 -25.182606 3.627776
v -46.383461 -23.274567 7.245886
v -40.644749 -23.784517 6.636460
v -41.950779 -25.607306 3.137179
v -47.160400 -25.182606 3.627776
v -46.383461 -23.274567 7.245886
v -52.647171 -23.075348 7.288815
v -52.042622 -21.078514 11.255331
v -45.458679 -21.365505 11.069444
v -46.383461 -23.274567 7.245886
v -45.458679 -21.365505 11.069444
v -39.183071 -21.958591 10.367870
v -40.644749 -23.784517 6.636460
v -39.183071 -21.958591 10.367870
v -33.060909 -22.846985 9.120754
v -35.181278 -24.612770 5.496119
v -40.644749 -23.784517 6.636460
v -39.183071 -21.958591 10.367870
v -45.458679 -21.365505 11.069444
v -44.525990 -19.697075 14.680688
v -37.802441 -20.388790 13.791931
v -39.183071 -21.958591 10.367870
v -37.802441 -20.388790 13.791931
v -31.296789 -21.499683 12.162319
v -33.060909 -22.846985 9.120754
v -31.296789 -21.499683 12.162319
v -24.922609 -23.142696 9.952850
v -27.212330 -24.498001 6.844852
v -33.060909 -22.846985 9.120754
v -31.296789 -21.499683 12.162319
v -37.802441 -20.388790 13.791931
v -37.143200 -19.700382 15.374222
v -30.337761 -20.791088 13.791530
v -31.296789 -21.499683 12.162319
v -30.337761 -20.791088 13.791530
v -24.032551 -22.636826 11.168726
v -24.922609 -23.142696 9.952850
v -24.032551 -22.636826 11.168726
v -17.906610 -24.631706 8.267942
v -19.307421 -25.289179 6.593614
v -24.922609 -23.142696 9.952850
v -24.032551 -22.636826 11.168726
v -30.337761 -20.791088 13.791530
v -29.878740 -20.450977 14.560084
v -23.400240 -22.281212 12.027758
v -24.032551 -22.636826 11.168726
v -23.400240 -22.281212 12.027758
v -17.201750 -24.302685 9.125372
v -17.906610 -24.631706 8.267942
v -17.201750 -24.302685 9.125372
v -11.526750 -25.834904 5.527164
v -12.303110 -26.186636 4.559219
v -17.906610 -24.631706 8.267942
v -17.201750 -24.302685 9.125372
v -23.400240 -22.281212 12.027758
v -22.857031 -21.964525 12.750402
v -16.650330 -24.012131 9.821951
v -17.201750 -24.302685 9.125372
v -16.650330 -24.012131 9.821951
v -10.926520 -25.529589 6.362832
v -11.526750 -25.834904 5.527164
v -10.926520 -25.529589 6.362832
v -6.353850 -27.442806 3.632437
v -7.021210 -27.920286 2.465564
v -11.526750 -25.834904 5.527164
v -10.926520 -25.529589 6.362832
v -16.650330 -24.012131 9.821951
v -16.575050 -23.828880 10.168910
v -10.936330 -25.269783 6.966454
v -10.926520 -25.529589 6.362832
v -10.936330 -25.269783 6.966454
v -4.915360 -27.270172 4.205002
v -6.353850 -27.442806 3.632437
v -4.915360 -27.270172 4.205002
v -2.216080 -28.275257 2.726058
v -3.186860 -28.814661 1.658727
v -6.353850 -27.442806 3.632437
v -4.915360 -27.270172 4.205002
v -10.936330 -25.269783 6.966454
v -10.778950 -25.348427 7.133000
v -4.568570 -27.136044 4.642617
v -4.915360 -27.270172 4.205002
v -4.568570 -27.136044 4.642617
v -1.944740 -28.044161 3.362876
v -2.216080 -28.275257 2.726058
v -1.944740 -28.044161 3.362876
v -1.029960 -28.376936 2.984639
v -1.206860 -28.703667 2.044591
v -2.216080 -28.275257 2.726058
v -1.944740 -28.044161 3.362876
v -4.568570 -27.136044 4.642617
v -5.933130 -27.399004 4.157541
v -2.557730 -28.588802 2.543856
v -1.944740 -28.044161 3.362876
v -2.557730 -28.588802 2.543856
v -1.167280 -29.149626 1.858202
v -1.029960 -28.376936 2.984639
v -1.206860 -28.703667 2.044591
v -0.843780 -29.086153 1.385833
v -1.218640 -29.715097 0.289587
v -1.782340 -29.404379 0.747059
v -1.206860 -28.703667 2.044591
v -1.782340 -29.404379 0.747059
v -3.186860 -28.814661 1.658727
v -2.216080 -28.275257 2.726058
v -1.218640 -29.715097 0.289587
v -0.825350 -29.931723 0.240795
v -1.071490 -30.745682 -0.912466
v -1.613650 -30.490101 -0.879564
v -1.218640 -29.715097 0.289587
v -1.613650 -30.490101 -0.879564
v -2.525370 -30.253036 -0.660012
v -1.782340 -29.404379 0.747059
v -1.218640 -29.715097 0.289587
v -0.843780 -29.086153 1.385833
v -0.754560 -29.339102 0.992736
v -0.825350 -29.931723 0.240795
v -1.613650 -30.490101 -0.879564
v -1.071490 -30.745682 -0.912466
v -1.045380 -31.156155 -1.613282
v -1.235000 -31.231588 -1.764970
v -1.613650 -30.490101 -0.879564
v -1.235000 -31.231588 -1.764970
v -1.822980 -31.269711 -1.929461
v -2.525370 -30.253036 -0.660012
v -1.142130 -30.041616 0.358566
v -1.697890 -29.896935 0.477358
v -1.992990 -30.804174 -0.893892
v -1.388440 -30.885984 -0.806517
v -1.142130 -30.041616 0.358566
v -0.845750 -29.438589 1.443724
v -1.167280 -29.149626 1.858202
v -1.697890 -29.896935 0.477358
v -1.388440 -30.885984 -0.806517
v -1.992990 -30.804174 -0.893892
v -1.255620 -31.758474 -2.036296
v -0.998410 -31.590015 -1.685571
v -1.255620 -31.758474 -2.036296
v -1.992990 -30.804174 -0.893892
v -3.314570 -30.776886 -1.276612
v -2.338980 -31.672319 -2.370721
v -1.255620 -31.758474 -2.036296
v -2.338980 -31.672319 -2.370721
v -2.638710 -31.676004 -2.859778
v -1.111190 -32.220421 -3.164700
v -2.638710 -31.676004 -2.859778
v -3.407160 -31.017359 -2.022460
v -1.822980 -31.269711 -1.929461
v -1.111190 -32.220421 -3.164700
v -2.638710 -31.676004 -2.859778
v -2.338980 -31.672319 -2.370721
v -4.952550 -31.798843 -3.351328
v -4.982310 -31.772287 -3.548033
v -2.638710 -31.676004 -2.859778
v -4.982310 -31.772287 -3.548033
v -4.758960 -31.192066 -2.617151
v -3.407160 -31.017359 -2.022460
v -4.982310 -31.772287 -3.548033
v -4.952550 -31.798843 -3.351328
v -8.003350 -32.405167 -4.886082
v -8.141400 -32.264259 -4.953592
v -4.982310 -31.772287 -3.548033
v -8.141400 -32.264259 -4.953592
v -7.922410 -31.658348 -4.080156
v -4.758960 -31.192066 -2.617151
v -7.922410 -31.658348 -4.080156
v -8.802200 -30.771542 -2.990040
v -5.464510 -30.219639 -1.262255
v -4.758960 -31.192066 -2.617151
v -7.922410 -31.658348 -4.080156
v -8.141400 -32.264259 -4.953592
v -13.252340 -33.302208 -6.800474
v -13.431800 -32.822735 -6.186529
v -7.922410 -31.658348 -4.080156
v -13.431800 -32.822735 -6.186529
v -14.142510 -32.111309 -5.299395
v -8.802200 -30.771542 -2.990040
v -14.142510 -32.111309 -5.299395
v -15.229380 -31.073351 -3.931541
v -10.254190 -29.453037 -1.267576
v -8.802200 -30.771542 -2.990040
v -14.142510 -32.111309 -5.299395
v -13.431800 -32.822735 -6.186529
v -18.573050 -33.773743 -8.223471
v -19.266500 -33.124050 -7.287738
v -14.142510 -32.111309 -5.299395
v -19.266500 -33.124050 -7.287738
v -20.257990 -32.216904 -5.959307
v -15.229380 -31.073351 -3.931541
v -20.257990 -32.216904 -5.959307
v -22.076380 -30.515472 -3.387293
v -17.916731 -28.826534 -0.534915
v -15.229380 -31.073351 -3.931541
v -20.257990 -32.216904 -5.959307
v -19.266500 -33.124050 -7.287738
v -23.900829 -34.226772 -9.682149
v -24.725410 -33.496494 -8.612977
v -20.257990 -32.216904 -5.959307
v -24.725410 -33.496494 -8.612977
v -26.715839 -31.656719 -5.912017
v -22.076380 -30.515472 -3.387293
v -26.715839 -31.656719 -5.912017
v -29.279221 -29.458126 -2.532989
v -24.773090 -28.222868 0.350699
v -22.076380 -30.515472 -3.387293
v -26.715839 -31.656719 -5.912017
v -24.725410 -33.496494 -8.612977
v -29.230740 -34.534370 -10.879265
v -31.355700 -32.549637 -8.026657
v -26.715839 -31.656719 -5.912017
v -31.355700 -32.549637 -8.026657
v -33.889400 -30.446678 -4.818466
v -29.279221 -29.458126 -2.532989
v -33.889400 -30.446678 -4.818466
v -36.640282 -28.722660 -2.068341
v -33.222061 -27.633183 0.212602
v -29.279221 -29.458126 -2.532989
v -33.889400 -30.446678 -4.818466
v -31.355700 -32.549637 -8.026657
v -35.809780 -33.291332 -9.741691
v -38.111179 -31.113489 -6.411326
v -33.889400 -30.446678 -4.818466
v -38.111179 -31.113489 -6.411326
v -40.406872 -29.226643 -3.281909
v -36.640282 -28.722660 -2.068341
v -38.111179 -31.113489 -6.411326
v -35.809780 -33.291332 -9.741691
v -39.938240 -33.909100 -11.143058
v -42.192741 -31.630646 -7.628741
v -38.111179 -31.113489 -6.411326
v -42.192741 -31.630646 -7.628741
v -44.424541 -29.587978 -4.206583
v -40.406872 -29.226643 -3.281909
v -44.424541 -29.587978 -4.206583
v -42.192741 -31.630646 -7.628741
v -46.178360 -32.159443 -8.733685
v -48.634350 -30.093521 -5.341587
v -44.424541 -29.587978 -4.206583
v -48.634350 -30.093521 -5.341587
v -50.653332 -27.762501 -1.221348
v -46.156040 -27.472204 -0.523928
v -44.424541 -29.587978 -4.206583
v -46.156040 -27.472204 -0.523928
v -41.987320 -27.459568 -0.253811
v -40.406872 -29.226643 -3.281909
v -46.178360 -32.159443 -8.733685
v -42.192741 -31.630646 -7.628741
v -39.938240 -33.909100 -11.143058
v -43.871422 -34.412407 -12.240170
v -46.178360 -32.159443 -8.733685
v -43.871422 -34.412407 -12.240170
v -48.043930 -35.077316 -13.275679
v -50.433651 -33.074432 -10.213496
v -46.178360 -32.159443 -8.733685
v -50.433651 -33.074432 -10.213496
v -52.767750 -30.877825 -6.791323
v -48.634350 -30.093521 -5.341587
v -43.871422 -34.412407 -12.240170
v -39.938240 -33.909100 -11.143058
v -37.892220 -36.269650 -14.383390
v -42.138432 -36.990379 -15.649185
v -43.871422 -34.412407 -12.240170
v -42.138432 -36.990379 -15.649185
v -46.364288 -36.939804 -15.906590
v -48.043930 -35.077316 -13.275679
v -42.138432 -36.990379 -15.649185
v -37.892220 -36.269650 -14.383390
v -36.925549 -37.314240 -15.820880
v -41.299149 -38.241882 -17.357738
v -42.138432 -36.990379 -15.649185
v -41.299149 -38.241882 -17.357738
v -45.841209 -38.692120 -18.227547
v -46.364288 -36.939804 -15.906590
v -41.299149 -38.241882 -17.357738
v -36.925549 -37.314240 -15.820880
v -36.335152 -37.907658 -16.658657
v -40.793571 -38.924126 -18.358580
v -41.299149 -38.241882 -17.357738
v -40.793571 -38.924126 -18.358580
v -45.598541 -39.437042 -19.341364
v -45.841209 -38.692120 -18.227547
v -40.793571 -38.924126 -18.358580
v -36.335152 -37.907658 -16.658657
v -35.792480 -38.392475 -17.359873
v -40.356541 -39.462696 -19.188732
v -40.793571 -38.924126 -18.358580
v -40.356541 -39.462696 -19.188732
v -45.413120 -40.035671 -20.348000
v -45.598541 -39.437042 -19.341364
v -40.356541 -39.462696 -19.188732
v -35.792480 -38.392475 -17.359873
v -35.254230 -38.843452 -17.991247
v -39.960541 -39.908001 -19.942862
v -40.356541 -39.462696 -19.188732
v -39.960541 -39.908001 -19.942862
v -45.250591 -40.487923 -21.253868
v -45.413120 -40.035671 -20.348000
v -39.960541 -39.908001 -19.942862
v -35.254230 -38.843452 -17.991247
v -35.350201 -38.792889 -17.737993
v -39.927292 -39.990856 -19.846434
v -39.960541 -39.908001 -19.942862
v -39.927292 -39.990856 -19.846434
v -45.193401 -40.727005 -21.345413
v -45.250591 -40.487923 -21.253868
v -39.927292 -39.990856 -19.846434
v -35.350201 -38.792889 -17.737993
v -35.795280 -38.360008 -17.041218
v -40.239712 -39.542290 -19.032963
v -39.927292 -39.990856 -19.846434
v -40.239712 -39.542290 -19.032963
v -45.303711 -40.280041 -20.438286
v -45.193401 -40.727005 -21.345413
v -40.239712 -39.542290 -19.032963
v -35.795280 -38.360008 -17.041218
v -36.237209 -37.856506 -16.292984
v -40.563641 -39.011372 -18.194752
v -40.239712 -39.542290 -19.032963
v -40.563641 -39.011372 -18.194752
v -45.421558 -39.726269 -19.497288
v -45.303711 -40.280041 -20.438286
v -36.237209 -37.856506 -16.292984
v -35.795280 -38.360008 -17.041218
v -31.744640 -37.082226 -14.829649
v -32.130020 -36.599625 -14.111504
v -36.237209 -37.856506 -16.292984
v -32.130020 -36.599625 -14.111504
v -32.642681 -35.986050 -13.218170
v -36.707100 -37.261749 -15.440395
v -36.237209 -37.856506 -16.292984
v -36.707100 -37.261749 -15.440395
v -40.934441 -38.373276 -17.247002
v -40.563641 -39.011372 -18.194752
v -32.642681 -35.986050 -13.218170
v -32.130020 -36.599625 -14.111504
v -27.758400 -35.608326 -12.092628
v -28.421659 -34.816284 -10.935881
v -32.642681 -35.986050 -13.218170
v -28.421659 -34.816284 -10.935881
v -30.124310 -32.948593 -8.236044
v -33.882778 -34.577782 -11.209093
v -32.642681 -35.986050 -13.218170
v -33.882778 -34.577782 -11.209093
v -37.683830 -36.024227 -13.711719
v -36.707100 -37.261749 -15.440395
v -30.124310 -32.948593 -8.236044
v -28.421659 -34.816284 -10.935881
v -24.272570 -33.376991 -8.075578
v -26.682261 -31.072598 -4.634264
v -30.124310 -32.948593 -8.236044
v -26.682261 -31.072598 -4.634264
v -29.702520 -28.925606 -1.333890
v -32.512642 -30.711597 -4.831272
v -30.124310 -32.948593 -8.236044
v -32.512642 -30.711597 -4.831272
v -36.185371 -32.219696 -7.823328
v -33.882778 -34.577782 -11.209093
v -29.702520 -28.925606 -1.333890
v -26.682261 -31.072598 -4.634264
v -23.475410 -29.131432 -0.849243
v -27.234980 -27.024109 2.456663
v -29.702520 -28.925606 -1.333890
v -27.234980 -27.024109 2.456663
v -31.856840 -25.030205 5.409079
v -33.538288 -27.032021 1.566850
v -29.702520 -28.925606 -1.333890
v -33.538288 -27.032021 1.566850
v -35.747662 -28.825911 -1.869740
v -32.512642 -30.711597 -4.831272
v -31.856840 -25.030205 5.409079
v -27.234980 -27.024109 2.456663
v -25.282881 -25.142485 6.287949
v -30.433350 -22.930885 9.664956
v -31.856840 -25.030205 5.409079
v -30.433350 -22.930885 9.664956
v -36.604080 -21.544003 11.778068
v -37.076191 -23.459362 7.840672
v -31.856840 -25.030205 5.409079
v -37.076191 -23.459362 7.840672
v -38.070240 -25.538025 3.831115
v -33.538288 -27.032021 1.566850
v -37.076191 -23.459362 7.840672
v -36.604080 -21.544003 11.778068
v -43.277599 -20.670105 13.076347
v -43.271900 -22.577274 9.128284
v -37.076191 -23.459362 7.840672
v -43.271900 -22.577274 9.128284
v -43.190411 -24.524591 5.390172
v -38.070240 -25.538025 3.831115
v -43.271900 -22.577274 9.128284
v -43.277599 -20.670105 13.076347
v -50.296322 -20.120132 13.694838
v -49.887451 -22.096405 9.650936
v -43.271900 -22.577274 9.128284
v -49.887451 -22.096405 9.650936
v -49.443581 -24.123611 5.780250
v -43.190411 -24.524591 5.390172
v -49.443581 -24.123611 5.780250
v -49.887451 -22.096405 9.650936
v -56.479080 -22.174072 9.233748
v -55.718449 -24.427891 5.043211
v -49.443581 -24.123611 5.780250
v -55.718449 -24.427891 5.043211
v -53.213032 -26.836765 0.740775
v -48.081070 -26.389566 1.712970
v -49.443581 -24.123611 5.780250
v -48.081070 -26.389566 1.712970
v -43.317699 -26.481417 1.759946
v -43.190411 -24.524591 5.390172
v -53.213032 -26.836765 0.740775
v -55.718449 -24.427891 5.043211
v -60.157330 -25.460220 3.281378
v -57.364521 -27.966000 -1.267066
v -53.213032 -26.836765 0.740775
v -57.364521 -27.966000 -1.267066
v -54.611271 -30.164598 -5.191498
v -50.618160 -28.975582 -3.134950
v -53.213032 -26.836765 0.740775
v -50.618160 -28.975582 -3.134950
v -46.526112 -28.224625 -1.600649
v -48.081070 -26.389566 1.712970
v -50.618160 -28.975582 -3.134950
v -54.611271 -30.164598 -5.191498
v -51.782009 -32.197670 -8.424852
v -48.064640 -30.938381 -6.329500
v -50.618160 -28.975582 -3.134950
v -48.064640 -30.938381 -6.329500
v -44.362888 -29.857922 -4.381257
v -46.526112 -28.224625 -1.600649
v -48.064640 -30.938381 -6.329500
v -51.782009 -32.197670 -8.424852
v -49.084202 -33.909019 -11.388086
v -45.655869 -32.748878 -9.369367
v -48.064640 -30.938381 -6.329500
v -45.655869 -32.748878 -9.369367
v -42.069920 -31.581535 -7.235962
v -44.362888 -29.857922 -4.381257
v -51.782009 -32.197670 -8.424852
v -54.611271 -30.164598 -5.191498
v -58.136780 -31.476765 -7.447606
v -55.246071 -33.657784 -10.746832
v -51.782009 -32.197670 -8.424852
v -55.246071 -33.657784 -10.746832
v -51.977081 -34.975994 -13.163289
v -49.084202 -33.909019 -11.388086
v -55.246071 -33.657784 -10.746832
v -58.136780 -31.476765 -7.447606
v -60.600189 -32.547310 -9.232666
v -57.396931 -34.712723 -12.436960
v -55.246071 -33.657784 -10.746832
v -57.396931 -34.712723 -12.436960
v -54.115429 -36.405052 -15.469812
v -51.977081 -34.975994 -13.163289
v -57.396931 -34.712723 -12.436960
v -60.600189 -32.547310 -9.232666
v -61.963871 -33.174126 -10.274434
v -58.628132 -35.385696 -13.534310
v -57.396931 -34.712723 -12.436960
v -58.628132 -35.385696 -13.534310
v -55.127811 -37.212612 -16.610254
v -54.115429 -36.405052 -15.469812
v -58.628132 -35.385696 -13.534310
v -61.963871 -33.174126 -10.274434
v -63.000622 -33.669743 -11.080979
v -59.563660 -35.928467 -14.432611
v -58.628132 -35.385696 -13.534310
v -59.563660 -35.928467 -14.432611
v -55.828991 -37.787521 -17.520531
v -55.127811 -37.212612 -16.610254
v -63.000622 -33.669743 -11.080979
v -61.963871 -33.174126 -10.274434
v -65.230492 -31.093624 -6.543026
v -66.246422 -31.603151 -7.397729
v -63.000622 -33.669743 -11.080979
v -66.246422 -31.603151 -7.397729
v -67.141502 -32.091885 -8.226008
v -63.907829 -34.119713 -11.825437
v -63.000622 -33.669743 -11.080979
v -63.907829 -34.119713 -11.825437
v -60.356380 -36.421894 -15.255569
v -59.563660 -35.928467 -14.432611
v -63.907829 -34.119713 -11.825437
v -67.141502 -32.091885 -8.226008
v -67.706810 -32.428177 -8.927306
v -64.644386 -34.454369 -12.501291
v -63.907829 -34.119713 -11.825437
v -64.644386 -34.454369 -12.501291
v -61.086510 -36.844193 -16.059494
v -60.356380 -36.421894 -15.255569
v -64.644386 -34.454369 -12.501291
v -67.706810 -32.428177 -8.927306
v -66.597939 -32.076992 -8.398418
v -63.625591 -34.085609 -11.988844
v -64.644386 -34.454369 -12.501291
v -63.625591 -34.085609 -11.988844
v -60.263870 -36.467873 -15.602795
v -61.086510 -36.844193 -16.059494
v -63.625591 -34.085609 -11.988844
v -66.597939 -32.076992 -8.398418
v -65.447418 -31.730701 -7.806435
v -62.527950 -33.717339 -11.411189
v -63.625591 -34.085609 -11.988844
v -62.527950 -33.717339 -11.411189
v -59.290451 -36.079647 -14.979189
v -60.263870 -36.467873 -15.602795
v -62.527950 -33.717339 -11.411189
v -65.447418 -31.730701 -7.806435
v -64.173492 -31.326591 -7.124347
v -61.270359 -33.310360 -10.761091
v -62.527950 -33.717339 -11.411189
v -61.270359 -33.310360 -10.761091
v -58.189671 -35.652874 -14.277709
v -59.290451 -36.079647 -14.979189
v -64.173492 -31.326591 -7.124347
v -62.224701 -30.704180 -6.081833
v -59.639030 -32.729458 -9.967778
v -61.270359 -33.310360 -10.761091
v -64.173492 -31.326591 -7.124347
v -65.447418 -31.730701 -7.806435
v -68.742317 -29.557430 -4.491946
v -67.284187 -29.007391 -3.498310
v -64.173492 -31.326591 -7.124347
v -67.284187 -29.007391 -3.498310
v -64.886353 -28.167065 -1.997387
v -62.224701 -30.704180 -6.081833
v -64.886353 -28.167065 -1.997387
v -61.182129 -27.113735 0.081472
v -58.868549 -29.670454 -4.395608
v -62.224701 -30.704180 -6.081833
v -64.886353 -28.167065 -1.997387
v -67.284187 -29.007391 -3.498310
v -71.269241 -26.754618 0.789970
v -67.919670 -25.698299 2.636316
v -64.886353 -28.167065 -1.997387
v -67.919670 -25.698299 2.636316
v -62.980099 -24.653509 4.384862
v -61.182129 -27.113735 0.081472
v -62.980099 -24.653509 4.384862
v -57.922421 -23.692547 6.007276
v -57.078930 -25.932781 1.902225
v -61.182129 -27.113735 0.081472
v -62.980099 -24.653509 4.384862
v -67.919670 -25.698299 2.636316
v -69.311287 -23.864359 6.323376
v -64.149261 -22.496380 8.363726
v -62.980099 -24.653509 4.384862
v -64.149261 -22.496380 8.363726
v -58.348671 -21.538601 10.141991
v -57.922421 -23.692547 6.007276
v -58.348671 -21.538601 10.141991
v -52.042622 -21.078514 11.255331
v -52.647171 -23.075348 7.288815
v -57.922421 -23.692547 6.007276
v -58.348671 -21.538601 10.141991
v -64.149261 -22.496380 8.363726
v -64.771530 -20.742409 11.870537
v -58.570259 -19.420971 14.543192
v -58.348671 -21.538601 10.141991
v -58.570259 -19.420971 14.543192
v -51.492069 -19.310463 15.040668
v -52.042622 -21.078514 11.255331
v -51.492069 -19.310463 15.040668
v -44.525990 -19.697075 14.680688
v -45.458679 -21.365505 11.069444
v -52.042622 -21.078514 11.255331
v -51.492069 -19.310463 15.040668
v -58.570259 -19.420971 14.543192
v -58.496250 -18.589994 16.348204
v -51.171230 -18.456085 16.928947
v -51.492069 -19.310463 15.040668
v -51.171230 -18.456085 16.928947
v -44.041691 -18.954117 16.391979
v -44.525990 -19.697075 14.680688
v -44.041691 -18.954117 16.391979
v -37.143200 -19.700382 15.374222
v -37.802441 -20.388790 13.791931
v -44.525990 -19.697075 14.680688
v -44.041691 -18.954117 16.391979
v -51.171230 -18.456085 16.928947
v -50.986591 -18.049726 17.829481
v -43.764820 -18.565296 17.276188
v -44.041691 -18.954117 16.391979
v -43.764820 -18.565296 17.276188
v -36.785412 -19.339375 16.201801
v -37.143200 -19.700382 15.374222
v -36.785412 -19.339375 16.201801
v -29.878740 -20.450977 14.560084
v -30.337761 -20.791088 13.791530
v -37.143200 -19.700382 15.374222
v -36.785412 -19.339375 16.201801
v -43.764820 -18.565296 17.276188
v -43.537769 -18.249100 17.938183
v -36.500130 -19.032949 16.848988
v -36.785412 -19.339375 16.201801
v -36.500130 -19.032949 16.848988
v -29.466570 -20.114880 15.260684
v -29.878740 -20.450977 14.560084
v -29.466570 -20.114880 15.260684
v -22.857031 -21.964525 12.750402
v -23.400240 -22.281212 12.027758
v -29.878740 -20.450977 14.560084
v -29.466570 -20.114880 15.260684
v -36.500130 -19.032949 16.848988
v -36.322540 -18.966053 16.968927
v -29.365129 -20.161362 15.217669
v -29.466570 -20.114880 15.260684
v -29.365129 -20.161362 15.217669
v -22.724110 -21.889891 12.914624
v -22.857031 -21.964525 12.750402
v -22.724110 -21.889891 12.914624
v -16.575050 -23.828880 10.168910
v -16.650330 -24.012131 9.821951
v -22.857031 -21.964525 12.750402
v -22.724110 -21.889891 12.914624
v -29.365129 -20.161362 15.217669
v -29.260340 -20.296770 15.240059
v -22.641331 -22.045692 12.962129
v -22.724110 -21.889891 12.914624
v -22.641331 -22.045692 12.962129
v -16.488550 -23.963188 10.245084
v -16.575050 -23.828880 10.168910
v -16.488550 -23.963188 10.245084
v -10.778950 -25.348427 7.133000
v -10.936330 -25.269783 6.966454
v -16.575050 -23.828880 10.168910
v -16.488550 -23.963188 10.245084
v -22.641331 -22.045692 12.962129
v -22.540751 -22.164516 12.747904
v -16.433081 -24.192543 9.806494
v -16.488550 -23.963188 10.245084
v -16.433081 -24.192543 9.806494
v -10.567890 -25.634684 6.555367
v -10.778950 -25.348427 7.133000
v -10.567890 -25.634684 6.555367
v -5.933130 -27.399004 4.157541
v -4.568570 -27.136044 4.642617
v -10.778950 -25.348427 7.133000
v -10.567890 -25.634684 6.555367
v -16.433081 -24.192543 9.806494
v -16.824520 -24.523323 9.018777
v -11.024260 -26.003395 5.624042
v -10.567890 -25.634684 6.555367
v -11.024260 -26.003395 5.624042
v -6.466510 -27.948574 2.930451
v -5.933130 -27.399004 4.157541
v -11.024260 -26.003395 5.624042
v -16.824520 -24.523323 9.018777
v -17.263069 -24.872242 8.131466
v -12.415380 -26.490265 4.245188
v -11.024260 -26.003395 5.624042
v -12.415380 -26.490265 4.245188
v -6.490370 -28.798597 1.270389
v -6.466510 -27.948574 2.930451
v -12.415380 -26.490265 4.245188
v -17.263069 -24.872242 8.131466
v -18.830780 -25.772570 5.885325
v -14.322520 -27.428585 2.157771
v -12.415380 -26.490265 4.245188
v -14.322520 -27.428585 2.157771
v -10.536580 -29.421400 -0.968486
v -6.490370 -28.798597 1.270389
v -10.536580 -29.421400 -0.968486
v -7.938190 -31.129715 -3.049503
v -5.561040 -30.144993 -0.859800
v -6.490370 -28.798597 1.270389
v -10.536580 -29.421400 -0.968486
v -14.322520 -27.428585 2.157771
v -17.243111 -29.129223 -0.747614
v -14.788050 -31.008953 -3.574764
v -10.536580 -29.421400 -0.968486
v -14.788050 -31.008953 -3.574764
v -13.527840 -32.399837 -5.384864
v -7.938190 -31.129715 -3.049503
v -13.527840 -32.399837 -5.384864
v -12.965940 -33.183319 -6.380939
v -7.476240 -31.858887 -4.016744
v -7.938190 -31.129715 -3.049503
v -13.527840 -32.399837 -5.384864
v -14.788050 -31.008953 -3.574764
v -19.090290 -32.859215 -6.601443
v -18.488510 -33.625732 -7.730720
v -13.527840 -32.399837 -5.384864
v -18.488510 -33.625732 -7.730720
v -18.042850 -34.233551 -8.639336
v -12.965940 -33.183319 -6.380939
v -18.042850 -34.233551 -8.639336
v -17.666719 -34.747879 -9.507872
v -13.072590 -33.549309 -6.885498
v -12.965940 -33.183319 -6.380939
v -18.042850 -34.233551 -8.639336
v -18.488510 -33.625732 -7.730720
v -23.055710 -34.759838 -10.169040
v -22.559860 -35.284405 -10.978268
v -18.042850 -34.233551 -8.639336
v -22.559860 -35.284405 -10.978268
v -22.071920 -35.739182 -11.774817
v -17.666719 -34.747879 -9.507872
v -22.071920 -35.739182 -11.774817
v -22.652090 -35.250195 -11.159585
v -18.017929 -34.335777 -9.025923
v -17.666719 -34.747879 -9.507872
v -22.071920 -35.739182 -11.774817
v -22.559860 -35.284405 -10.978268
v -27.016621 -36.562859 -13.528805
v -26.756910 -36.879707 -14.155136
v -22.071920 -35.739182 -11.774817
v -26.756910 -36.879707 -14.155136
v -27.225401 -36.377865 -13.506645
v -22.652090 -35.250195 -11.159585
v -27.225401 -36.377865 -13.506645
v -27.732510 -35.899673 -12.823620
v -23.269409 -34.755363 -10.453405
v -22.652090 -35.250195 -11.159585
v -27.225401 -36.377865 -13.506645
v -26.756910 -36.879707 -14.155136
v -31.229080 -37.677628 -15.957557
v -31.685869 -37.239567 -15.336956
v -27.225401 -36.377865 -13.506645
v -31.685869 -37.239567 -15.336956
v -32.169540 -36.800846 -14.702594
v -27.732510 -35.899673 -12.823620
v -32.169540 -36.800846 -14.702594
v -32.710320 -36.320377 -14.014479
v -28.309219 -35.371826 -12.068447
v -27.732510 -35.899673 -12.823620
v -32.169540 -36.800846 -14.702594
v -31.685869 -37.239567 -15.336956
v -35.792480 -38.392475 -17.359873
v -36.335152 -37.907658 -16.658657
v -32.169540 -36.800846 -14.702594
v -36.335152 -37.907658 -16.658657
v -36.925549 -37.314240 -15.820880
v -32.710320 -36.320377 -14.014479
v -28.309219 -35.371826 -12.068447
v -29.230740 -34.534370 -10.879265
v -24.725410 -33.496494 -8.612977
v -23.900829 -34.226772 -9.682149
v -28.309219 -35.371826 -12.068447
v -23.900829 -34.226772 -9.682149
v -23.269409 -34.755363 -10.453405
v -27.732510 -35.899673 -12.823620
v -28.309219 -35.371826 -12.068447
v -32.710320 -36.320377 -14.014479
v -33.705399 -35.398457 -12.700624
v -29.230740 -34.534370 -10.879265
v -33.705399 -35.398457 -12.700624
v -35.809780 -33.291332 -9.741691
v -31.355700 -32.549637 -8.026657
v -29.230740 -34.534370 -10.879265
v -33.705399 -35.398457 -12.700624
v -32.710320 -36.320377 -14.014479
v -36.925549 -37.314240 -15.820880
v -37.892220 -36.269650 -14.383390
v -33.705399 -35.398457 -12.700624
v -37.892220 -36.269650 -14.383390
v -39.938240 -33.909100 -11.143058
v -35.809780 -33.291332 -9.741691
v -31.685869 -37.239567 -15.336956
v -31.229080 -37.677628 -15.957557
v -35.254230 -38.843452 -17.991247
v -35.792480 -38.392475 -17.359873
v -31.229080 -37.677628 -15.957557
v -26.756910 -36.879707 -14.155136
v -27.016621 -36.562859 -13.528805
v -31.388981 -37.522598 -15.529531
v -31.229080 -37.677628 -15.957557
v -31.388981 -37.522598 -15.529531
v -35.350201 -38.792889 -17.737993
v -35.254230 -38.843452 -17.991247
v -31.388981 -37.522598 -15.529531
v -27.016621 -36.562859 -13.528805
v -27.383970 -36.080154 -12.792665
v -31.744640 -37.082226 -14.829649
v -31.388981 -37.522598 -15.529531
v -31.744640 -37.082226 -14.829649
v -35.795280 -38.360008 -17.041218
v -35.350201 -38.792889 -17.737993
v -27.383970 -36.080154 -12.792665
v -27.016621 -36.562859 -13.528805
v -22.559860 -35.284405 -10.978268
v -23.055710 -34.759838 -10.169040
v -27.383970 -36.080154 -12.792665
v -23.055710 -34.759838 -10.169040
v -23.585951 -34.166813 -9.266613
v -27.758400 -35.608326 -12.092628
v -27.383970 -36.080154 -12.792665
v -27.758400 -35.608326 -12.092628
v -32.130020 -36.599625 -14.111504
v -31.744640 -37.082226 -14.829649
v -23.585951 -34.166813 -9.266613
v -23.055710 -34.759838 -10.169040
v -18.488510 -33.625732 -7.730720
v -19.090290 -32.859215 -6.601443
v -23.585951 -34.166813 -9.266613
v -19.090290 -32.859215 -6.601443
v -20.637850 -31.242037 -4.153787
v -24.272570 -33.376991 -8.075578
v -23.585951 -34.166813 -9.266613
v -24.272570 -33.376991 -8.075578
v -28.421659 -34.816284 -10.935881
v -27.758400 -35.608326 -12.092628
v -20.637850 -31.242037 -4.153787
v -19.090290 -32.859215 -6.601443
v -14.788050 -31.008953 -3.574764
v -17.243111 -29.129223 -0.747614
v -20.637850 -31.242037 -4.153787
v -17.243111 -29.129223 -0.747614
v -20.847521 -27.238472 2.759035
v -23.475410 -29.131432 -0.849243
v -20.637850 -31.242037 -4.153787
v -23.475410 -29.131432 -0.849243
v -26.682261 -31.072598 -4.634264
v -24.272570 -33.376991 -8.075578
v -20.847521 -27.238472 2.759035
v -17.243111 -29.129223 -0.747614
v -14.322520 -27.428585 2.157771
v -18.830780 -25.772570 5.885325
v -20.847521 -27.238472 2.759035
v -18.830780 -25.772570 5.885325
v -23.590580 -23.476688 9.928009
v -25.282881 -25.142485 6.287949
v -20.847521 -27.238472 2.759035
v -25.282881 -25.142485 6.287949
v -27.234980 -27.024109 2.456663
v -23.475410 -29.131432 -0.849243
v -23.590580 -23.476688 9.928009
v -18.830780 -25.772570 5.885325
v -17.263069 -24.872242 8.131466
v -23.134180 -22.905230 11.173401
v -23.590580 -23.476688 9.928009
v -23.134180 -22.905230 11.173401
v -29.566460 -21.236374 13.300609
v -29.865339 -21.838434 11.983994
v -23.590580 -23.476688 9.928009
v -29.865339 -21.838434 11.983994
v -30.433350 -22.930885 9.664956
v -25.282881 -25.142485 6.287949
v -29.865339 -21.838434 11.983994
v -29.566460 -21.236374 13.300609
v -36.206631 -19.856482 15.474014
v -36.310841 -20.381466 14.319014
v -29.865339 -21.838434 11.983994
v -36.310841 -20.381466 14.319014
v -36.604080 -21.544003 11.778068
v -30.433350 -22.930885 9.664956
v -36.310841 -20.381466 14.319014
v -36.206631 -19.856482 15.474014
v -43.236801 -18.967922 16.794443
v -43.248299 -19.458527 15.696903
v -36.310841 -20.381466 14.319014
v -43.248299 -19.458527 15.696903
v -43.277599 -20.670105 13.076347
v -36.604080 -21.544003 11.778068
v -43.248299 -19.458527 15.696903
v -43.236801 -18.967922 16.794443
v -50.508049 -18.377296 17.506525
v -50.455090 -18.917534 16.312923
v -43.248299 -19.458527 15.696903
v -50.455090 -18.917534 16.312923
v -50.296322 -20.120132 13.694838
v -43.277599 -20.670105 13.076347
v -50.455090 -18.917534 16.312923
v -50.508049 -18.377296 17.506525
v -57.991539 -18.295685 17.353504
v -57.815300 -18.864820 16.107422
v -50.455090 -18.917534 16.312923
v -57.815300 -18.864820 16.107422
v -57.360870 -20.072479 13.509633
v -50.296322 -20.120132 13.694838
v -57.360870 -20.072479 13.509633
v -57.815300 -18.864820 16.107422
v -65.040222 -19.156963 15.549574
v -63.868370 -20.822073 12.026775
v -57.360870 -20.072479 13.509633
v -63.868370 -20.822073 12.026775
v -62.484322 -22.885113 7.898059
v -56.479080 -22.174072 9.233748
v -57.360870 -20.072479 13.509633
v -56.479080 -22.174072 9.233748
v -49.887451 -22.096405 9.650936
v -50.296322 -20.120132 13.694838
v -62.484322 -22.885113 7.898059
v -63.868370 -20.822073 12.026775
v -69.318550 -22.144272 9.739725
v -67.230682 -24.225407 5.627661
v -62.484322 -22.885113 7.898059
v -67.230682 -24.225407 5.627661
v -63.956600 -26.791735 1.057375
v -60.157330 -25.460220 3.281378
v -62.484322 -22.885113 7.898059
v -60.157330 -25.460220 3.281378
v -55.718449 -24.427891 5.043211
v -56.479080 -22.174072 9.233748
v -63.956600 -26.791735 1.057375
v -67.230682 -24.225407 5.627661
v -70.571411 -25.396494 3.615674
v -67.082870 -28.096855 -1.224293
v -63.956600 -26.791735 1.057375
v -67.082870 -28.096855 -1.224293
v -63.824150 -30.426567 -5.420483
v -61.148201 -29.302050 -3.519315
v -63.956600 -26.791735 1.057375
v -61.148201 -29.302050 -3.519315
v -57.364521 -27.966000 -1.267066
v -60.157330 -25.460220 3.281378
v -61.148201 -29.302050 -3.519315
v -63.824150 -30.426567 -5.420483
v -60.600189 -32.547310 -9.232666
v -58.136780 -31.476765 -7.447606
v -61.148201 -29.302050 -3.519315
v -58.136780 -31.476765 -7.447606
v -54.611271 -30.164598 -5.191498
v -57.364521 -27.966000 -1.267066
v -63.824150 -30.426567 -5.420483
v -67.082870 -28.096855 -1.224293
v -68.844566 -28.989315 -2.859304
v -65.230492 -31.093624 -6.543026
v -63.824150 -30.426567 -5.420483
v -65.230492 -31.093624 -6.543026
v -61.963871 -33.174126 -10.274434
v -60.600189 -32.547310 -9.232666
v -68.844566 -28.989315 -2.859304
v -67.082870 -28.096855 -1.224293
v -70.571411 -25.396494 3.615674
v -73.249046 -26.499508 1.654250
v -68.844566 -28.989315 -2.859304
v -73.249046 -26.499508 1.654250
v -74.900970 -27.306246 0.235076
v -69.897469 -29.637503 -4.093925
v -68.844566 -28.989315 -2.859304
v -69.897469 -29.637503 -4.093925
v -66.246422 -31.603151 -7.397729
v -65.230492 -31.093624 -6.543026
v -69.897469 -29.637503 -4.093925
v -74.900970 -27.306246 0.235076
v -76.756470 -27.726238 -0.761164
v -71.192970 -30.045635 -4.768183
v -69.897469 -29.637503 -4.093925
v -71.192970 -30.045635 -4.768183
v -67.141502 -32.091885 -8.226008
v -66.246422 -31.603151 -7.397729
v -71.192970 -30.045635 -4.768183
v -76.756470 -27.726238 -0.761164
v -75.839691 -28.318466 -1.872416
v -71.188240 -30.204494 -5.428524
v -71.192970 -30.045635 -4.768183
v -71.188240 -30.204494 -5.428524
v -67.706810 -32.428177 -8.927306
v -67.141502 -32.091885 -8.226008
v -71.188240 -30.204494 -5.428524
v -69.957481 -30.079748 -5.383687
v -66.597939 -32.076992 -8.398418
v -67.706810 -32.428177 -8.927306
v -71.188240 -30.204494 -5.428524
v -75.839691 -28.318466 -1.872416
v -74.543541 -28.202374 -1.746483
v -69.957481 -30.079748 -5.383687
v -74.543541 -28.202374 -1.746483
v -73.510078 -27.544775 -0.610860
v -68.742317 -29.557430 -4.491946
v -69.957481 -30.079748 -5.383687
v -74.543541 -28.202374 -1.746483
v -75.839691 -28.318466 -1.872416
v -80.465073 -26.685669 1.522540
v -78.283257 -26.885473 1.309050
v -74.543541 -28.202374 -1.746483
v -78.283257 -26.885473 1.309050
v -77.087502 -26.219109 2.479247
v -73.510078 -27.544775 -0.610860
v -77.087502 -26.219109 2.479247
v -74.138779 -25.136042 4.364283
v -71.269241 -26.754618 0.789970
v -73.510078 -27.544775 -0.610860
v -77.087502 -26.219109 2.479247
v -78.283257 -26.885473 1.309050
v -80.085487 -25.762733 3.075732
v -78.056519 -25.546791 3.669205
v -77.087502 -26.219109 2.479247
v -78.056519 -25.546791 3.669205
v -74.660141 -23.916113 6.615788
v -74.138779 -25.136042 4.364283
v -74.660141 -23.916113 6.615788
v -70.721512 -22.070282 9.571855
v -69.311287 -23.864359 6.323376
v -74.138779 -25.136042 4.364283
v -74.660141 -23.916113 6.615788
v -78.056519 -25.546791 3.669205
v -78.880379 -24.221645 6.534871
v -75.452087 -22.729103 9.101480
v -74.660141 -23.916113 6.615788
v -75.452087 -22.729103 9.101480
v -70.873802 -20.965851 11.945409
v -70.721512 -22.070282 9.571855
v -70.873802 -20.965851 11.945409
v -65.092873 -19.556492 14.348860
v -64.771530 -20.742409 11.870537
v -70.721512 -22.070282 9.571855
v -70.873802 -20.965851 11.945409
v -75.452087 -22.729103 9.101480
v -76.103111 -21.607868 11.298347
v -71.355309 -19.877077 14.053365
v -70.873802 -20.965851 11.945409
v -71.355309 -19.877077 14.053365
v -65.329262 -18.699909 16.204159
v -65.092873 -19.556492 14.348860
v -65.329262 -18.699909 16.204159
v -58.431728 -18.081861 17.463409
v -58.496250 -18.589994 16.348204
v -65.092873 -19.556492 14.348860
v -65.329262 -18.699909 16.204159
v -71.355309 -19.877077 14.053365
v -71.796516 -19.025917 15.923968
v -65.816597 -17.841877 18.071280
v -65.329262 -18.699909 16.204159
v -65.816597 -17.841877 18.071280
v -58.369518 -17.650082 18.407303
v -58.431728 -18.081861 17.463409
v -58.369518 -17.650082 18.407303
v -50.824520 -17.699406 18.580807
v -50.986591 -18.049726 17.829481
v -58.431728 -18.081861 17.463409
v -58.369518 -17.650082 18.407303
v -65.816597 -17.841877 18.071280
v -65.889320 -17.418465 18.904602
v -58.306530 -17.204067 19.268072
v -58.369518 -17.650082 18.407303
v -58.306530 -17.204067 19.268072
v -50.673050 -17.298471 19.223713
v -50.824520 -17.699406 18.580807
v -50.673050 -17.298471 19.223713
v -43.436241 -18.085281 18.204554
v -43.537769 -18.249100 17.938183
v -50.824520 -17.699406 18.580807
v -50.673050 -17.298471 19.223713
v -58.306530 -17.204067 19.268072
v -58.244869 -16.800785 19.959423
v -50.553440 -17.137173 19.593500
v -50.673050 -17.298471 19.223713
v -50.553440 -17.137173 19.593500
v -43.318192 -18.140196 18.412716
v -43.436241 -18.085281 18.204554
v -43.318192 -18.140196 18.412716
v -36.200432 -19.068504 17.075871
v -36.322540 -18.966053 16.968927
v -43.436241 -18.085281 18.204554
v -43.318192 -18.140196 18.412716
v -50.553440 -17.137173 19.593500
v -50.544830 -17.633272 19.006367
v -43.202770 -18.279400 18.199219
v -43.318192 -18.140196 18.412716
v -43.202770 -18.279400 18.199219
v -36.118240 -19.131668 16.969093
v -36.200432 -19.068504 17.075871
v -36.118240 -19.131668 16.969093
v -29.181700 -20.400923 15.057365
v -29.260340 -20.296770 15.240059
v -36.200432 -19.068504 17.075871
v -36.118240 -19.131668 16.969093
v -43.202770 -18.279400 18.199219
v -43.224731 -18.611263 17.568523
v -36.152882 -19.473572 16.311586
v -36.118240 -19.131668 16.969093
v -36.152882 -19.473572 16.311586
v -29.362560 -20.805330 14.247399
v -29.181700 -20.400923 15.057365
v -29.362560 -20.805330 14.247399
v -22.832890 -22.524242 11.997749
v -22.540751 -22.164516 12.747904
v -29.181700 -20.400923 15.057365
v -29.362560 -20.805330 14.247399
v -36.152882 -19.473572 16.311586
v -36.206631 -19.856482 15.474014
v -29.566460 -21.236374 13.300609
v -29.362560 -20.805330 14.247399
v -29.566460 -21.236374 13.300609
v -23.134180 -22.905230 11.173401
v -22.832890 -22.524242 11.997749
v -22.832890 -22.524242 11.997749
v -16.824520 -24.523323 9.018777
v -16.433081 -24.192543 9.806494
v -22.540751 -22.164516 12.747904
v -22.832890 -22.524242 11.997749
v -23.134180 -22.905230 11.173401
v -17.263069 -24.872242 8.131466
v -16.824520 -24.523323 9.018777
v -36.152882 -19.473572 16.311586
v -43.224731 -18.611263 17.568523
v -43.236801 -18.967922 16.794443
v -36.206631 -19.856482 15.474014
v -43.224731 -18.611263 17.568523
v -43.202770 -18.279400 18.199219
v -50.544830 -17.633272 19.006367
v -50.533360 -18.000099 18.323017
v -43.224731 -18.611263 17.568523
v -50.533360 -18.000099 18.323017
v -50.508049 -18.377296 17.506525
v -43.236801 -18.967922 16.794443
v -50.533360 -18.000099 18.323017
v -50.544830 -17.633272 19.006367
v -58.172760 -17.396973 19.233444
v -58.098572 -17.839024 18.348997
v -50.533360 -18.000099 18.323017
v -58.098572 -17.839024 18.348997
v -57.991539 -18.295685 17.353504
v -50.508049 -18.377296 17.506525
v -58.098572 -17.839024 18.348997
v -58.172760 -17.396973 19.233444
v -65.801643 -17.616459 18.871687
v -65.643463 -18.026529 18.017662
v -58.098572 -17.839024 18.348997
v -65.643463 -18.026529 18.017662
v -65.440552 -18.470755 17.052773
v -57.991539 -18.295685 17.353504
v -65.440552 -18.470755 17.052773
v -65.643463 -18.026529 18.017662
v -72.229408 -18.749836 16.828232
v -71.752197 -19.349365 15.674496
v -65.440552 -18.470755 17.052773
v -71.752197 -19.349365 15.674496
v -70.774834 -20.445047 13.241770
v -65.040222 -19.156963 15.549574
v -65.440552 -18.470755 17.052773
v -65.040222 -19.156963 15.549574
v -57.815300 -18.864820 16.107422
v -57.991539 -18.295685 17.353504
v -70.774834 -20.445047 13.241770
v -71.752197 -19.349365 15.674496
v -76.444481 -20.687077 13.575129
v -75.291870 -21.915733 10.933386
v -70.774834 -20.445047 13.241770
v -75.291870 -21.915733 10.933386
v -73.496964 -23.392941 7.615467
v -69.318550 -22.144272 9.739725
v -70.774834 -20.445047 13.241770
v -69.318550 -22.144272 9.739725
v -63.868370 -20.822073 12.026775
v -65.040222 -19.156963 15.549574
v -73.496964 -23.392941 7.615467
v -75.291870 -21.915733 10.933386
v -78.966072 -23.048510 8.967770
v -77.089851 -24.450281 6.032159
v -73.496964 -23.392941 7.615467
v -77.089851 -24.450281 6.032159
v -73.249046 -26.499508 1.654250
v -70.571411 -25.396494 3.615674
v -73.496964 -23.392941 7.615467
v -70.571411 -25.396494 3.615674
v -67.230682 -24.225407 5.627661
v -69.318550 -22.144272 9.739725
v -77.089851 -24.450281 6.032159
v -78.966072 -23.048510 8.967770
v -81.253052 -23.653996 7.850804
v -79.658127 -25.287964 4.651080
v -77.089851 -24.450281 6.032159
v -79.658127 -25.287964 4.651080
v -74.900970 -27.306246 0.235076
v -73.249046 -26.499508 1.654250
v -79.658127 -25.287964 4.651080
v -81.253052 -23.653996 7.850804
v -83.963928 -23.871601 7.295865
v -83.779831 -24.322624 4.422533
v -79.658127 -25.287964 4.651080
v -83.779831 -24.322624 4.422533
v -76.756470 -27.726238 -0.761164
v -74.900970 -27.306246 0.235076
v -81.253052 -23.653996 7.850804
v -78.966072 -23.048510 8.967770
v -79.864250 -21.720901 11.856800
v -82.077660 -22.492271 10.489120
v -81.253052 -23.653996 7.850804
v -82.077660 -22.492271 10.489120
v -84.017532 -22.940386 9.579712
v -83.963928 -23.871601 7.295865
v -82.077660 -22.492271 10.489120
v -79.864250 -21.720901 11.856800
v -80.549049 -20.839268 13.537455
v -83.080879 -21.243237 11.760556
v -82.077660 -22.492271 10.489120
v -83.080879 -21.243237 11.760556
v -84.628601 -21.787624 10.762682
v -84.017532 -22.940386 9.579712
v -83.080879 -21.243237 11.760556
v -80.549049 -20.839268 13.537455
v -81.098190 -20.494385 14.193305
v -83.723221 -21.374702 11.908914
v -83.080879 -21.243237 11.760556
v -83.723221 -21.374702 11.908914
v -85.235519 -22.289413 10.140676
v -84.628601 -21.787624 10.762682
v -83.723221 -21.374702 11.908914
v -81.098190 -20.494385 14.193305
v -80.962120 -20.357773 13.589136
v -83.491943 -21.875643 10.973200
v -83.723221 -21.374702 11.908914
v -83.491943 -21.875643 10.973200
v -85.102997 -23.088112 8.945807
v -85.235519 -22.289413 10.140676
v -83.491943 -21.875643 10.973200
v -80.962120 -20.357773 13.589136
v -80.514900 -21.210333 12.314274
v -83.014908 -22.701164 9.729956
v -83.491943 -21.875643 10.973200
v -83.014908 -22.701164 9.729956
v -84.750267 -23.688625 7.588446
v -85.102997 -23.088112 8.945807
v -83.014908 -22.701164 9.729956
v -80.514900 -21.210333 12.314274
v -80.058571 -22.158764 10.553358
v -82.556549 -23.269754 8.114341
v -83.014908 -22.701164 9.729956
v -82.556549 -23.269754 8.114341
v -84.280312 -24.240932 6.264806
v -84.750267 -23.688625 7.588446
v -82.556549 -23.269754 8.114341
v -80.058571 -22.158764 10.553358
v -79.776604 -23.241215 8.253129
v -82.116074 -24.011158 6.581090
v -82.556549 -23.269754 8.114341
v -82.116074 -24.011158 6.581090
v -83.978943 -24.633957 5.404616
v -84.280312 -24.240932 6.264806
v -82.116074 -24.011158 6.581090
v -79.776604 -23.241215 8.253129
v -78.880379 -24.221645 6.534871
v -81.822487 -24.991442 5.107121
v -82.116074 -24.011158 6.581090
v -81.822487 -24.991442 5.107121
v -83.277061 -25.321213 4.420788
v -83.978943 -24.633957 5.404616
v -81.822487 -24.991442 5.107121
v -78.880379 -24.221645 6.534871
v -78.056519 -25.546791 3.669205
v -80.085487 -25.762733 3.075732
v -81.822487 -24.991442 5.107121
v -80.085487 -25.762733 3.075732
v -81.532570 -26.017450 2.841330
v -83.277061 -25.321213 4.420788
v -79.776604 -23.241215 8.253129
v -76.103111 -21.607868 11.298347
v -75.452087 -22.729103 9.101480
v -78.880379 -24.221645 6.534871
v -79.776604 -23.241215 8.253129
v -80.058571 -22.158764 10.553358
v -76.583801 -20.688938 13.404705
v -76.103111 -21.607868 11.298347
v -76.583801 -20.688938 13.404705
v -71.796516 -19.025917 15.923968
v -71.355309 -19.877077 14.053365
v -76.103111 -21.607868 11.298347
v -76.583801 -20.688938 13.404705
v -80.058571 -22.158764 10.553358
v -80.514900 -21.210333 12.314274
v -77.066521 -19.507511 14.975412
v -76.583801 -20.688938 13.404705
v -77.066521 -19.507511 14.975412
v -72.680931 -18.283089 17.654343
v -71.796516 -19.025917 15.923968
v -72.680931 -18.283089 17.654343
v -65.889320 -17.418465 18.904602
v -65.816597 -17.841877 18.071280
v -71.796516 -19.025917 15.923968
v -72.680931 -18.283089 17.654343
v -77.066521 -19.507511 14.975412
v -77.326973 -19.418690 16.174400
v -72.831520 -17.731014 18.406431
v -72.680931 -18.283089 17.654343
v -72.831520 -17.731014 18.406431
v -65.946838 -17.063532 19.576710
v -65.889320 -17.418465 18.904602
v -65.946838 -17.063532 19.576710
v -58.244869 -16.800785 19.959423
v -58.306530 -17.204067 19.268072
v -65.889320 -17.418465 18.904602
v -65.946838 -17.063532 19.576710
v -72.831520 -17.731014 18.406431
v -72.534767 -18.414616 17.763439
v -65.801643 -17.616459 18.871687
v -65.946838 -17.063532 19.576710
v -65.801643 -17.616459 18.871687
v -58.172760 -17.396973 19.233444
v -58.244869 -16.800785 19.959423
v -72.534767 -18.414616 17.763439
v -72.831520 -17.731014 18.406431
v -77.326973 -19.418690 16.174400
v -77.795731 -19.273186 16.482285
v -72.534767 -18.414616 17.763439
v -77.795731 -19.273186 16.482285
v -77.249947 -19.780033 15.270157
v -72.229408 -18.749836 16.828232
v -72.534767 -18.414616 17.763439
v -72.229408 -18.749836 16.828232
v -65.643463 -18.026529 18.017662
v -65.801643 -17.616459 18.871687
v -77.249947 -19.780033 15.270157
v -77.795731 -19.273186 16.482285
v -81.098190 -20.494385 14.193305
v -80.549049 -20.839268 13.537455
v -77.249947 -19.780033 15.270157
v -80.549049 -20.839268 13.537455
v -79.864250 -21.720901 11.856800
v -76.444481 -20.687077 13.575129
v -77.249947 -19.780033 15.270157
v -76.444481 -20.687077 13.575129
v -71.752197 -19.349365 15.674496
v -72.229408 -18.749836 16.828232
v -77.795731 -19.273186 16.482285
v -77.326973 -19.418690 16.174400
v -80.962120 -20.357773 13.589136
v -81.098190 -20.494385 14.193305
v -77.326973 -19.418690 16.174400
v -77.066521 -19.507511 14.975412
v -80.514900 -21.210333 12.314274
v -80.962120 -20.357773 13.589136
v -79.864250 -21.720901 11.856800
v -78.966072 -23.048510 8.967770
v -75.291870 -21.915733 10.933386
v -76.444481 -20.687077 13.575129
v -58.172760 -17.396973 19.233444
v -50.544830 -17.633272 19.006367
v -50.553440 -17.137173 19.593500
v -58.244869 -16.800785 19.959423
v -29.181700 -20.400923 15.057365
v -22.540751 -22.164516 12.747904
v -22.641331 -22.045692 12.962129
v -29.260340 -20.296770 15.240059
v -36.200432 -19.068504 17.075871
v -29.260340 -20.296770 15.240059
v -29.365129 -20.161362 15.217669
v -36.322540 -18.966053 16.968927
v -43.436241 -18.085281 18.204554
v -36.322540 -18.966053 16.968927
v -36.500130 -19.032949 16.848988
v -43.537769 -18.249100 17.938183
v -50.824520 -17.699406 18.580807
v -43.537769 -18.249100 17.938183
v -43.764820 -18.565296 17.276188
v -50.986591 -18.049726 17.829481
v -58.431728 -18.081861 17.463409
v -50.986591 -18.049726 17.829481
v -51.171230 -18.456085 16.928947
v -58.496250 -18.589994 16.348204
v -65.092873 -19.556492 14.348860
v -58.496250 -18.589994 16.348204
v -58.570259 -19.420971 14.543192
v -64.771530 -20.742409 11.870537
v -70.721512 -22.070282 9.571855
v -64.771530 -20.742409 11.870537
v -64.149261 -22.496380 8.363726
v -69.311287 -23.864359 6.323376
v -80.085487 -25.762733 3.075732
v -78.283257 -26.885473 1.309050
v -80.465073 -26.685669 1.522540
v -81.532570 -26.017450 2.841330
v -74.138779 -25.136042 4.364283
v -69.311287 -23.864359 6.323376
v -67.919670 -25.698299 2.636316
v -71.269241 -26.754618 0.789970
v -73.510078 -27.544775 -0.610860
v -71.269241 -26.754618 0.789970
v -67.284187 -29.007391 -3.498310
v -68.742317 -29.557430 -4.491946
v -69.957481 -30.079748 -5.383687
v -68.742317 -29.557430 -4.491946
v -65.447418 -31.730701 -7.806435
v -66.597939 -32.076992 -8.398418
v -23.269409 -34.755363 -10.453405
v -23.900829 -34.226772 -9.682149
v -19.266500 -33.124050 -7.287738
v -18.573050 -33.773743 -8.223471
v -23.269409 -34.755363 -10.453405
v -18.573050 -33.773743 -8.223471
v -18.017929 -34.335777 -9.025923
v -22.652090 -35.250195 -11.159585
v -18.017929 -34.335777 -9.025923
v -18.573050 -33.773743 -8.223471
v -13.431800 -32.822735 -6.186529
v -13.252340 -33.302208 -6.800474
v -18.017929 -34.335777 -9.025923
v -13.252340 -33.302208 -6.800474
v -13.072590 -33.549309 -6.885498
v -17.666719 -34.747879 -9.507872
v -13.072590 -33.549309 -6.885498
v -13.252340 -33.302208 -6.800474
v -8.141400 -32.264259 -4.953592
v -8.003350 -32.405167 -4.886082
v -13.072590 -33.549309 -6.885498
v -8.003350 -32.405167 -4.886082
v -7.476240 -31.858887 -4.016744
v -12.965940 -33.183319 -6.380939
v -7.476240 -31.858887 -4.016744
v -8.003350 -32.405167 -4.886082
v -4.952550 -31.798843 -3.351328
v -5.059200 -31.157484 -2.373787
v -7.476240 -31.858887 -4.016744
v -5.059200 -31.157484 -2.373787
v -5.561040 -30.144993 -0.859800
v -7.938190 -31.129715 -3.049503
v -24.773090 -28.222868 0.350699
v -29.714001 -26.085474 3.460656
v -27.212330 -24.498001 6.844852
v -21.847799 -26.632439 3.603895
v -24.773090 -28.222868 0.350699
v -21.847799 -26.632439 3.603895
v -17.916731 -28.826534 -0.534915
v -22.076380 -30.515472 -3.387293
v -24.773090 -28.222868 0.350699
v -29.279221 -29.458126 -2.532989
v -33.222061 -27.633183 0.212602
v -29.714001 -26.085474 3.460656
v -21.847799 -26.632439 3.603895
v -27.212330 -24.498001 6.844852
v -24.922609 -23.142696 9.952850
v -19.307421 -25.289179 6.593614
v -21.847799 -26.632439 3.603895
v -19.307421 -25.289179 6.593614
v -14.336100 -27.103298 2.485075
v -17.916731 -28.826534 -0.534915
v -14.336100 -27.103298 2.485075
v -10.254190 -29.453037 -1.267576
v -15.229380 -31.073351 -3.931541
v -17.916731 -28.826534 -0.534915
v -14.336100 -27.103298 2.485075
v -19.307421 -25.289179 6.593614
v -17.906610 -24.631706 8.267942
v -12.303110 -26.186636 4.559219
v -14.336100 -27.103298 2.485075
v -12.303110 -26.186636 4.559219
v -7.183150 -28.618454 1.055759
v -10.254190 -29.453037 -1.267576
v -29.714001 -26.085474 3.460656
v -33.222061 -27.633183 0.212602
v -37.315899 -26.338362 2.131954
v -35.181278 -24.612770 5.496119
v -29.714001 -26.085474 3.460656
v -35.181278 -24.612770 5.496119
v -33.060909 -22.846985 9.120754
v -27.212330 -24.498001 6.844852
v -10.254190 -29.453037 -1.267576
v -7.183150 -28.618454 1.055759
v -5.464510 -30.219639 -1.262255
v -8.802200 -30.771542 -2.990040
v -4.952550 -31.798843 -3.351328
v -2.338980 -31.672319 -2.370721
v -3.314570 -30.776886 -1.276612
v -5.059200 -31.157484 -2.373787
v -1.111190 -32.220421 -3.164700
v -1.822980 -31.269711 -1.929461
v -1.235000 -31.231588 -1.764970
v -0.957630 -31.646400 -2.363458
v -1.029960 -28.376936 2.984639
v -1.167280 -29.149626 1.858202
v -0.845750 -29.438589 1.443724
v -0.780690 -29.072802 2.199436
v -12.303110 -26.186636 4.559219
v -11.526750 -25.834904 5.527164
v -7.021210 -27.920286 2.465564
v -7.183150 -28.618454 1.055759
v -35.181278 -24.612770 5.496119
v -37.315899 -26.338362 2.131954
v -41.950779 -25.607306 3.137179
v -40.644749 -23.784517 6.636460
v -46.156040 -27.472204 -0.523928
v -47.160400 -25.182606 3.627776
v -41.950779 -25.607306 3.137179
v -41.987320 -27.459568 -0.253811
v -50.433651 -33.074432 -10.213496
v -48.043930 -35.077316 -13.275679
v -51.433182 -35.833744 -14.538362
v -54.366711 -34.256184 -12.028955
v -45.598541 -39.437042 -19.341364
v -50.637600 -39.117012 -19.376354
v -49.952202 -37.936359 -17.626160
v -45.841209 -38.692120 -18.227547
v -55.127811 -37.212612 -16.610254
v -50.545841 -38.751339 -18.579638
v -49.960861 -37.340832 -16.602318
v -54.115429 -36.405052 -15.469812
v -43.304642 -34.860191 -12.582943
v -45.655869 -32.748878 -9.369367
v -49.084202 -33.909019 -11.388086
v -46.884850 -35.684235 -14.039736
v -80.465073 -26.685669 1.522540
v -75.839691 -28.318466 -1.872416
v -76.756470 -27.726238 -0.761164
v -83.779831 -24.322624 4.422533
v -83.779831 -24.322624 4.422533
v -84.280312 -24.240932 6.264806
v -83.978943 -24.633957 5.404616
v -83.277061 -25.321213 4.420788
v -83.277061 -25.321213 4.420788
v -81.532570 -26.017450 2.841330
v -80.465073 -26.685669 1.522540
v -83.779831 -24.322624 4.422533
v -1.206860 -28.703667 2.044591
v -1.029960 -28.376936 2.984639
v -0.780690 -29.072802 2.199436
v -0.843780 -29.086153 1.385833
v -1.071490 -30.745682 -0.912466
v -1.388440 -30.885984 -0.806517
v -0.998410 -31.590015 -1.685571
v -1.045380 -31.156155 -1.613282
v -1.071490 -30.745682 -0.912466
v -0.825350 -29.931723 0.240795
v -1.142130 -30.041616 0.358566
v -1.388440 -30.885984 -0.806517
v -1.142130 -30.041616 0.358566
v -0.825350 -29.931723 0.240795
v -0.754560 -29.339102 0.992736
v -0.845750 -29.438589 1.443724
v -0.754560 -29.339102 0.992736
v -0.843780 -29.086153 1.385833
v -0.780690 -29.072802 2.199436
v -0.845750 -29.438589 1.443724
v -1.255620 -31.758474 -2.036296
v -1.111190 -32.220421 -3.164700
v -0.957630 -31.646400 -2.363458
v -0.998410 -31.590015 -1.685571
v -1.045380 -31.156155 -1.613282
v -0.998410 -31.590015 -1.685571
v -0.957630 -31.646400 -2.363458
v -1.235000 -31.231588 -1.764970
vn -0.1145 0.9667 -0.2287
vn -0.1145 0.9667 -0.2288
vn -0.1145 0.9668 -0.2287
vn -0.1145 0.9668 -0.2286
vn 0.1829 -0.9591 0.2162
vn 0.1829 -0.9590 0.2163
vn -0.4074 0.8358 -0.3681
vn -0.4073 0.8358 -0.3681
vn -0.4072 0.8358 -0.3681
vn -0.0945 -0.7455 0.6598
vn -0.0946 -0.7455 0.6598
vn -0.9998 0.0062 -0.0176
vn -0.9998 0.0063 -0.0176
vn -0.0979 -0.8793 0.4661
vn -0.1393 -0.8276 0.5437
vn -0.1394 -0.8277 0.5437
vn -0.1394 -0.8276 0.5437
vn -0.1395 -0.8407 0.5233
vn -0.1394 -0.8407 0.5232
vn -0.1140 -0.8711 0.4776
vn -0.1140 -0.8712 0.4776
vn -0.1161 -0.8603 0.4964
vn -0.1161 -0.8603 0.4963
vn -0.1160 -0.8604 0.4962
vn -0.1161 -0.8604 0.4963
vn 0.0709 -0.9129 0.4019
vn 0.0709 -0.9129 0.4020
vn 0.0616 0.8022 -0.5938
vn 0.0618 0.8023 -0.5937
vn 0.0618 0.8024 -0.5936
vn 0.0617 0.8023 -0.5937
vn 0.0194 0.8307 -0.5564
vn 0.0194 0.8307 -0.5563
vn 0.0357 0.8381 -0.5443
vn 0.0359 0.8381 -0.5444
vn 0.0751 0.8568 -0.5101
vn 0.0750 0.8569 -0.5100
vn 0.1309 0.8398 -0.5269
vn 0.1308 0.8398 -0.5269
vn 0.1263 0.8280 -0.5463
vn 0.1264 0.8280 -0.5463
vn 0.1059 0.8770 -0.4687
vn 0.1060 0.8770 -0.4687
vn 0.1275 0.8671 -0.4816
vn -0.0226 -0.8384 0.5447
vn -0.0228 -0.8383 0.5447
vn -0.0230 -0.8383 0.5447
vn -0.0229 -0.8383 0.5447
vn -0.0285 -0.8314 0.5550
vn -0.0285 -0.8314 0.5549
vn -0.0575 -0.8055 0.5898
vn -0.0575 -0.8055 0.5897
vn 0.0397 0.8710 -0.4896
vn 0.0396 0.8710 -0.4896
vn 0.0396 0.8711 -0.4896
vn 0.0464 0.8719 -0.4875
vn 0.0464 0.8719 -0.4874
vn 0.0354 0.8761 -0.4809
vn 0.0354 0.8760 -0.4809
vn 0.0356 0.8761 -0.4808
vn 0.0353 0.8760 -0.4810
vn -0.0308 -0.8715 0.4894
vn -0.0307 -0.8715 0.4894
vn -0.0228 -0.8782 0.4778
vn -0.0229 -0.8783 0.4776
vn -0.0231 -0.8784 0.4774
vn -0.0230 -0.8783 0.4775
vn -0.0336 -0.8750 0.4829
vn -0.0337 -0.8748 0.4832
vn -0.0338 -0.8746 0.4836
vn -0.0462 -0.8734 0.4848
vn -0.0463 -0.8732 0.4851
vn -0.0462 -0.8733 0.4849
vn -0.0462 -0.8734 0.4847
vn -0.0304 -0.8780 0.4778
vn -0.0307 -0.8780 0.4776
vn -0.0309 -0.8781 0.4775
vn -0.0306 -0.8780 0.4776
vn -0.0423 -0.8702 0.4909
vn -0.0422 -0.8702 0.4909
vn -0.0417 -0.8702 0.4910
vn -0.0501 -0.8660 0.4976
vn -0.0501 -0.8658 0.4978
vn -0.0501 -0.8661 0.4973
vn -0.0371 -0.8681 0.4950
vn -0.0371 -0.8678 0.4955
vn -0.0371 -0.8681 0.4949
vn -0.0420 -0.8596 0.5092
vn -0.0424 -0.8596 0.5092
vn -0.0427 -0.8595 0.5093
vn -0.0614 -0.8312 0.5527
vn -0.0614 -0.8312 0.5526
vn -0.0308 -0.8489 0.5277
vn -0.0308 -0.8489 0.5276
vn -0.0309 -0.8490 0.5275
vn -0.0528 -0.8137 0.5789
vn -0.0523 -0.8138 0.5788
vn -0.0526 -0.8137 0.5789
vn -0.0309 -0.8192 0.5727
vn -0.0508 -0.8007 0.5969
vn -0.0507 -0.8007 0.5970
vn -0.0507 -0.8007 0.5969
vn -0.0332 -0.8166 0.5762
vn -0.0334 -0.8165 0.5764
vn -0.0333 -0.8166 0.5763
vn -0.0232 -0.8357 0.5487
vn -0.0661 -0.8086 0.5846
vn -0.0661 -0.8086 0.5847
vn -0.0595 -0.8320 0.5516
vn -0.0532 -0.8523 0.5204
vn -0.0530 -0.8523 0.5204
vn -0.0396 -0.8295 0.5570
vn -0.0396 -0.8296 0.5570
vn -0.0398 -0.8297 0.5569
vn -0.0397 -0.8296 0.5569
vn -0.0558 -0.8437 0.5338
vn -0.0558 -0.8438 0.5338
vn -0.0048 -0.8606 0.5092
vn -0.0391 -0.8828 0.4682
vn -0.0391 -0.8827 0.4682
vn -0.0885 -0.8711 0.4831
vn 0.0235 0.5401 -0.8413
vn 0.0235 0.5400 -0.8413
vn 0.0235 0.5400 -0.8414
vn -0.0449 -0.8855 0.4625
vn -0.0419 0.7228 -0.6898
vn -0.0418 0.7228 -0.6898
vn -0.0798 0.8176 -0.5702
vn -0.0019 0.8619 -0.5071
vn 0.0663 0.8448 -0.5310
vn 0.0662 0.8447 -0.5310
vn 0.0662 0.8447 -0.5311
vn 0.0521 0.8502 -0.5238
vn 0.0521 0.8502 -0.5239
vn 0.0410 0.8767 -0.4793
vn 0.0610 0.8395 -0.5400
vn 0.0611 0.8395 -0.5400
vn 0.0076 0.8614 -0.5078
vn 0.0029 0.8553 -0.5181
vn 0.0029 0.8553 -0.5182
vn 0.0398 0.8278 -0.5596
vn 0.0398 0.8278 -0.5595
vn 0.0027 0.8512 -0.5249
vn 0.0027 0.8512 -0.5248
vn 0.0032 0.8281 -0.5606
vn 0.0239 0.8317 -0.5548
vn 0.0240 0.8316 -0.5548
vn 0.0149 0.8382 -0.5451
vn 0.0149 0.8382 -0.5452
vn 0.0149 0.8381 -0.5452
vn -0.0268 0.8780 -0.4779
vn -0.0270 0.8778 -0.4782
vn -0.0273 0.8776 -0.4787
vn -0.0165 0.8753 -0.4833
vn -0.0165 0.8753 -0.4832
vn -0.0166 0.8753 -0.4832
vn 0.0003 0.8726 -0.4884
vn 0.0004 0.8727 -0.4883
vn 0.0004 0.8728 -0.4882
vn -0.0179 0.8620 -0.5065
vn -0.0180 0.8620 -0.5066
vn 0.0064 0.8684 -0.4957
vn 0.0063 0.8685 -0.4957
vn 0.0223 0.8759 -0.4820
vn 0.0222 0.8758 -0.4822
vn 0.0082 0.8805 -0.4740
vn 0.0083 0.8805 -0.4739
vn 0.0251 0.8821 -0.4704
vn 0.0250 0.8822 -0.4702
vn 0.0251 0.8821 -0.4703
vn 0.0279 0.8819 -0.4706
vn 0.0281 0.8820 -0.4704
vn 0.0258 0.8917 -0.4520
vn 0.0257 0.8916 -0.4520
vn 0.0258 0.8917 -0.4519
vn 0.0328 0.8916 -0.4515
vn 0.0327 0.8918 -0.4512
vn 0.0324 0.8920 -0.4508
vn 0.0326 0.8918 -0.4512
vn 0.0384 0.8904 -0.4536
vn 0.0385 0.8904 -0.4535
vn 0.0386 0.8905 -0.4534
vn 0.0367 0.9030 -0.4280
vn 0.0369 0.9031 -0.4279
vn 0.0371 0.9032 -0.4276
vn 0.0368 0.9031 -0.4279
vn 0.0451 0.9022 -0.4290
vn 0.0451 0.9021 -0.4291
vn 0.0451 0.9023 -0.4288
vn 0.0779 0.8928 -0.4436
vn 0.0778 0.8928 -0.4437
vn 0.0776 0.8928 -0.4438
vn 0.0488 0.9067 -0.4190
vn 0.0489 0.9067 -0.4190
vn 0.0808 0.8966 -0.4354
vn 0.0808 0.8966 -0.4353
vn 0.0808 0.8967 -0.4352
vn 0.0872 0.8983 -0.4307
vn 0.0812 0.8956 -0.4373
vn 0.0908 0.8986 -0.4292
vn 0.0908 0.8987 -0.4292
vn 0.0196 0.9315 -0.3633
vn 0.0830 0.8915 -0.4454
vn 0.0830 0.8914 -0.4455
vn 0.0831 0.8914 -0.4455
vn 0.0169 0.9275 -0.3734
vn 0.0169 0.9275 -0.3735
vn 0.1219 0.8958 -0.4274
vn 0.1219 0.8958 -0.4273
vn -0.0112 0.9066 -0.4218
vn -0.0113 0.9066 -0.4218
vn 0.0976 0.8898 -0.4458
vn 0.0976 0.8898 -0.4457
vn 0.0701 0.8733 -0.4821
vn 0.1891 0.9508 -0.2452
vn 0.1892 0.9508 -0.2451
vn 0.1893 0.9508 -0.2451
vn 0.1892 0.9508 -0.2453
vn 0.1290 0.9139 -0.3848
vn 0.1290 0.9139 -0.3850
vn 0.1290 0.9139 -0.3849
vn 0.1590 0.9157 -0.3691
vn 0.1589 0.9157 -0.3691
vn -0.0245 -0.8328 0.5530
vn -0.0522 -0.8175 0.5736
vn -0.0521 -0.8174 0.5736
vn -0.0524 -0.8175 0.5735
vn -0.0521 -0.8175 0.5736
vn 0.0462 0.8654 -0.4990
vn 0.0460 0.8721 -0.4871
vn 0.0461 0.8720 -0.4874
vn 0.0461 0.8721 -0.4872
vn 0.3208 0.7381 -0.5936
vn 0.3207 0.7381 -0.5936
vn 0.0568 0.8331 -0.5502
vn 0.2361 0.7835 -0.5748
vn 0.2360 0.7835 -0.5748
vn 0.2828 0.8090 -0.5153
vn 0.2828 0.8090 -0.5154
vn 0.0829 0.7921 -0.6047
vn -0.1404 -0.8004 0.5827
vn -0.1404 -0.8004 0.5828
vn -0.1405 -0.8004 0.5828
vn -0.1148 -0.8546 0.5064
vn -0.1147 -0.8546 0.5064
vn -0.1142 -0.8547 0.5064
vn -0.1995 -0.8092 0.5526
vn -0.1996 -0.8092 0.5526
vn -0.1971 -0.8243 0.5308
vn -0.1971 -0.8243 0.5307
vn -0.1972 -0.8243 0.5307
vn -0.2278 -0.9297 0.2895
vn -0.2278 -0.9297 0.2894
vn 0.1782 0.8348 -0.5209
vn 0.1783 0.8348 -0.5209
vn 0.1784 0.8347 -0.5210
vn 0.0667 -0.9956 -0.0653
vn 0.1274 0.8303 -0.5425
vn 0.1274 0.8304 -0.5425
vn 0.4227 -0.6197 -0.6613
vn 0.4227 -0.6198 -0.6612
vn 0.1341 0.8126 -0.5671
vn 0.1362 0.8291 -0.5422
vn 0.1363 0.8291 -0.5422
vn 0.0523 0.8060 -0.5896
vn 0.0591 0.7991 -0.5984
vn 0.0591 0.7991 -0.5983
vn 0.0591 0.7990 -0.5984
vn 0.0467 0.8127 -0.5808
vn 0.0469 0.8126 -0.5810
vn 0.0470 0.8125 -0.5810
vn 0.0641 0.8227 -0.5649
vn 0.0462 0.8267 -0.5608
vn 0.0462 0.8267 -0.5607
vn 0.0261 0.8426 -0.5379
vn 0.0260 0.8426 -0.5379
vn 0.0258 0.8427 -0.5378
vn 0.0703 0.8474 -0.5262
vn 0.0697 0.8477 -0.5259
vn 0.0700 0.8509 -0.5207
vn 0.0700 0.8508 -0.5208
vn 0.0683 0.8657 -0.4958
vn 0.0683 0.8657 -0.4959
vn 0.0679 0.8658 -0.4958
vn 0.0741 0.8462 -0.5277
vn 0.0744 0.8461 -0.5278
vn 0.0742 0.8462 -0.5277
vn 0.0673 0.8585 -0.5085
vn 0.0672 0.8583 -0.5087
vn 0.0673 0.8584 -0.5086
vn 0.0673 0.8585 -0.5084
vn 0.0554 0.8683 -0.4929
vn 0.0556 0.8683 -0.4929
vn 0.0557 0.8683 -0.4929
vn 0.0582 0.8544 -0.5164
vn 0.0581 0.8544 -0.5163
vn 0.0461 0.8684 -0.4938
vn 0.0462 0.8684 -0.4937
vn 0.0461 0.8683 -0.4938
vn 0.0487 0.8516 -0.5219
vn 0.0488 0.8516 -0.5220
vn 0.0368 0.8680 -0.4952
vn 0.0369 0.8681 -0.4951
vn 0.0282 0.8644 -0.5019
vn 0.0281 0.8645 -0.5019
vn 0.0278 0.8645 -0.5018
vn 0.0227 0.8733 -0.4866
vn 0.0226 0.8732 -0.4868
vn 0.0225 0.8731 -0.4870
vn 0.0316 0.8718 -0.4889
vn 0.0315 0.8718 -0.4889
vn 0.0353 0.8499 -0.5258
vn 0.0354 0.8500 -0.5257
vn 0.0355 0.8501 -0.5254
vn 0.0354 0.8500 -0.5256
vn 0.0042 0.8406 -0.5417
vn 0.0041 0.8406 -0.5417
vn 0.0108 0.8510 -0.5250
vn 0.0109 0.8512 -0.5248
vn 0.0108 0.8511 -0.5248
vn 0.0108 0.8512 -0.5248
vn 0.0455 0.8143 -0.5787
vn 0.0454 0.8141 -0.5789
vn 0.0453 0.8140 -0.5791
vn 0.0301 0.8133 -0.5811
vn 0.0300 0.8133 -0.5810
vn 0.0317 0.8159 -0.5774
vn 0.0317 0.8159 -0.5773
vn 0.0389 0.8074 -0.5887
vn 0.0232 0.8278 -0.5605
vn 0.0240 0.8325 -0.5536
vn 0.0239 0.8325 -0.5535
vn 0.0239 0.8326 -0.5534
vn 0.0202 0.8372 -0.5466
vn 0.0201 0.8372 -0.5466
vn 0.0194 0.8530 -0.5216
vn 0.0194 0.8530 -0.5215
vn 0.0223 0.8462 -0.5324
vn 0.0144 0.8816 -0.4718
vn 0.2545 -0.9661 -0.0434
vn 0.2544 -0.9661 -0.0435
vn 0.2503 0.0558 -0.9666
vn 0.2504 0.0557 -0.9665
vn 0.2503 0.0557 -0.9666
vn -0.0010 -0.8639 0.5037
vn -0.0030 -0.8873 0.4611
vn -0.0030 -0.8874 0.4611
vn -0.0159 -0.8411 0.5407
vn -0.0159 -0.8410 0.5407
vn -0.0160 -0.8555 0.5176
vn -0.0330 -0.8380 0.5446
vn -0.0330 -0.8379 0.5448
vn -0.0332 -0.8377 0.5451
vn -0.0330 -0.8380 0.5447
vn -0.0403 -0.8321 0.5532
vn -0.0402 -0.8321 0.5532
vn -0.0220 -0.8297 0.5578
vn -0.0220 -0.8296 0.5579
vn -0.0599 -0.8387 0.5413
vn -0.0598 -0.8389 0.5409
vn -0.0598 -0.8389 0.5410
vn -0.0597 -0.8391 0.5407
vn -0.0638 -0.8374 0.5428
vn -0.0637 -0.8375 0.5428
vn -0.0483 -0.8286 0.5578
vn -0.0483 -0.8285 0.5578
vn -0.0765 -0.8478 0.5248
vn -0.0705 -0.8599 0.5055
vn -0.0703 -0.8599 0.5055
vn -0.0659 -0.8469 0.5276
vn -0.0659 -0.8470 0.5276
vn -0.0659 -0.8470 0.5275
vn -0.0669 -0.8688 0.4907
vn -0.0669 -0.8687 0.4908
vn -0.0669 -0.8688 0.4906
vn -0.0672 -0.8731 0.4829
vn -0.0670 -0.8731 0.4830
vn -0.0669 -0.8731 0.4830
vn -0.0579 -0.8693 0.4909
vn -0.0578 -0.8695 0.4905
vn -0.0774 -0.8814 0.4661
vn -0.0774 -0.8813 0.4662
vn -0.0774 -0.8812 0.4663
vn -0.0774 -0.8813 0.4661
vn -0.0523 -0.8919 0.4492
vn -0.0524 -0.8919 0.4492
vn -0.0524 -0.8919 0.4491
vn -0.0484 -0.8795 0.4735
vn -0.0484 -0.8794 0.4735
vn -0.0482 -0.8798 0.4730
vn -0.0347 -0.8985 0.4376
vn -0.0318 -0.8852 0.4640
vn -0.0316 -0.8854 0.4638
vn -0.0317 -0.8997 0.4353
vn -0.0316 -0.8996 0.4355
vn -0.0314 -0.8995 0.4357
vn -0.0315 -0.8996 0.4355
vn -0.0280 -0.8868 0.4612
vn -0.0281 -0.8868 0.4613
vn -0.0157 -0.8840 0.4671
vn -0.0157 -0.8840 0.4672
vn -0.0156 -0.8840 0.4672
vn -0.0142 -0.8760 0.4822
vn -0.0152 -0.8756 0.4828
vn -0.0243 -0.8781 0.4779
vn -0.0244 -0.8781 0.4778
vn -0.0247 -0.8783 0.4775
vn 0.0054 -0.8729 0.4878
vn 0.0055 -0.8728 0.4880
vn 0.0057 -0.8726 0.4884
vn 0.0044 -0.8726 0.4885
vn 0.0046 -0.8726 0.4884
vn 0.0049 -0.8726 0.4884
vn 0.0047 -0.8726 0.4884
vn -0.0154 -0.8789 0.4768
vn -0.0154 -0.8788 0.4769
vn -0.0154 -0.8788 0.4770
vn -0.0101 -0.8530 0.5218
vn -0.0102 -0.8530 0.5218
vn -0.0100 -0.8530 0.5218
vn -0.0217 -0.8641 0.5029
vn -0.0217 -0.8640 0.5029
vn -0.0217 -0.8641 0.5028
vn 0.0004 -0.8623 0.5063
vn 0.0005 -0.8623 0.5063
vn 0.0003 -0.8623 0.5063
vn -0.0163 -0.8633 0.5045
vn -0.0163 -0.8632 0.5046
vn -0.0163 -0.8632 0.5045
vn -0.0139 -0.8458 0.5334
vn -0.0139 -0.8457 0.5334
vn -0.0140 -0.8459 0.5332
vn 0.0175 -0.8628 0.5052
vn 0.0174 -0.8628 0.5052
vn -0.0211 -0.8403 0.5418
vn -0.0210 -0.8402 0.5418
vn 0.0257 -0.8614 0.5072
vn 0.0260 -0.8614 0.5073
vn 0.0265 -0.8613 0.5074
vn 0.0263 -0.8613 0.5073
vn -0.0261 -0.8398 0.5423
vn -0.0263 -0.8399 0.5421
vn -0.0263 -0.8400 0.5420
vn -0.0262 -0.8398 0.5423
vn 0.0343 -0.8490 0.5273
vn 0.0343 -0.8490 0.5272
vn 0.0344 -0.8490 0.5273
vn -0.0258 -0.8402 0.5416
vn -0.0258 -0.8402 0.5417
vn 0.0082 -0.8540 0.5203
vn 0.0082 -0.8539 0.5203
vn 0.0187 -0.8655 0.5005
vn 0.0147 -0.8659 0.4999
vn 0.0148 -0.8659 0.5000
vn 0.0147 -0.8659 0.5000
vn -0.0281 -0.8427 0.5377
vn -0.0282 -0.8427 0.5377
vn -0.0378 -0.8838 0.4663
vn -0.0684 -0.8591 0.5072
vn -0.0683 -0.8591 0.5073
vn -0.0380 0.8566 -0.5145
vn -0.0381 0.8566 -0.5145
vn -0.0380 0.8567 -0.5145
vn -0.0296 0.8188 -0.5733
vn -0.0176 0.8679 -0.4964
vn 0.0098 0.8384 -0.5449
vn 0.0098 0.8385 -0.5449
vn 0.0098 0.8385 -0.5448
vn -0.0195 0.8700 -0.4927
vn 0.0150 0.8391 -0.5438
vn 0.0151 0.8391 -0.5438
vn -0.0398 0.8695 -0.4924
vn -0.0397 0.8695 -0.4924
vn 0.0259 0.8500 -0.5262
vn 0.0259 0.8499 -0.5262
vn 0.0190 0.8524 -0.5226
vn 0.0190 0.8523 -0.5226
vn 0.0143 0.8629 -0.5051
vn -0.0131 0.8795 -0.4757
vn -0.0133 0.8794 -0.4760
vn -0.0132 0.8794 -0.4759
vn 0.0011 0.8759 -0.4825
vn 0.0008 0.8759 -0.4824
vn -0.0185 0.8702 -0.4924
vn -0.0184 0.8703 -0.4923
vn -0.0184 0.8702 -0.4923
vn -0.0342 0.8817 -0.4705
vn -0.0341 0.8818 -0.4705
vn -0.0341 0.8817 -0.4705
vn -0.0085 0.8823 -0.4706
vn -0.0086 0.8824 -0.4705
vn 0.0116 0.8898 -0.4562
vn 0.0117 0.8899 -0.4560
vn -0.0072 0.8978 -0.4403
vn 0.0133 0.9030 -0.4293
vn 0.0132 0.9031 -0.4292
vn 0.0131 0.9031 -0.4292
vn 0.0277 0.9043 -0.4259
vn 0.0279 0.9045 -0.4257
vn 0.0279 0.9045 -0.4256
vn 0.0277 0.9044 -0.4259
vn 0.0158 0.9090 -0.4165
vn 0.0157 0.9090 -0.4166
vn 0.0157 0.9089 -0.4166
vn 0.0310 0.9110 -0.4112
vn 0.0389 0.9115 -0.4095
vn 0.0389 0.9114 -0.4097
vn 0.0389 0.9114 -0.4096
vn 0.0328 0.9098 -0.4137
vn 0.0328 0.9097 -0.4139
vn 0.0375 0.9102 -0.4125
vn 0.0375 0.9101 -0.4126
vn 0.0375 0.9100 -0.4128
vn 0.0463 0.9056 -0.4215
vn 0.0319 0.8976 -0.4397
vn 0.0320 0.8978 -0.4392
vn 0.0375 0.8944 -0.4457
vn 0.0736 0.8868 -0.4562
vn 0.0736 0.8869 -0.4562
vn 0.0484 0.9079 -0.4164
vn 0.0484 0.9079 -0.4165
vn 0.0483 0.9079 -0.4164
vn 0.0993 0.9097 -0.4031
vn 0.0992 0.9097 -0.4031
vn 0.0992 0.9097 -0.4032
vn 0.0674 0.8795 -0.4711
vn 0.0674 0.8795 -0.4712
vn 0.3946 0.4469 0.8029
vn 0.3946 0.4468 0.8029
vn 0.4763 0.5651 0.6737
vn 0.4763 0.5652 0.6736
vn 0.4018 0.8496 0.3418
vn 0.4017 0.8496 0.3417
vn 0.4017 0.8497 0.3417
vn 0.4018 0.8495 0.3418
vn -0.0754 -0.8872 0.4552
vn -0.0755 -0.8873 0.4550
vn 0.0359 -0.8874 0.4596
vn 0.0359 -0.8874 0.4597
vn -0.0547 -0.8616 0.5046
vn -0.0547 -0.8616 0.5047
vn -0.0135 -0.9238 0.3825
vn -0.0135 -0.9238 0.3826
vn -0.1195 -0.8927 0.4346
vn -0.0233 -0.9317 0.3624
vn -0.1190 -0.8872 0.4457
vn -0.0026 -0.9198 0.3923
vn -0.0026 -0.9198 0.3924
vn -0.1023 -0.8824 0.4592
vn -0.1350 -0.8524 0.5052
vn -0.0194 -0.8473 0.5308
vn -0.0592 -0.8086 0.5854
vn -0.0591 -0.8086 0.5854
vn -0.0611 -0.8058 0.5890
vn -0.0611 -0.8059 0.5889
vn -0.0611 -0.8059 0.5890
vn -0.0562 -0.8216 0.5674
vn -0.0562 -0.8215 0.5674
vn -0.0562 -0.8216 0.5673
vn -0.0717 -0.8231 0.5633
vn -0.0718 -0.8231 0.5633
vn -0.0701 -0.8460 0.5286
vn -0.0700 -0.8501 0.5220
vn -0.0493 -0.8741 0.4832
vn -0.0493 -0.8742 0.4831
vn 0.1085 0.8114 -0.5743
vn -0.0192 -0.8831 0.4688
vn 0.0893 0.8184 -0.5676
vn 0.0894 0.8183 -0.5678
vn 0.0894 0.8183 -0.5679
vn 0.0892 0.8186 -0.5674
vn 0.0676 0.8421 -0.5351
vn 0.0736 0.8263 -0.5584
vn 0.0735 0.8263 -0.5584
vn 0.0735 0.8263 -0.5583
vn 0.0588 0.8395 -0.5402
vn 0.0588 0.8396 -0.5401
vn 0.0588 0.8395 -0.5401
vn 0.0585 0.8391 -0.5409
vn 0.0585 0.8390 -0.5409
vn 0.0364 0.8347 -0.5495
vn 0.0361 0.8349 -0.5493
vn 0.0407 0.8311 -0.5547
vn 0.0407 0.8310 -0.5547
vn 0.0706 0.8442 -0.5314
vn 0.0670 0.8444 -0.5315
vn 0.0670 0.8445 -0.5314
vn 0.0670 0.8444 -0.5314
vn 0.0595 0.8377 -0.5428
vn 0.0595 0.8373 -0.5435
vn 0.0644 0.8374 -0.5428
vn 0.0642 0.8375 -0.5427
vn 0.0479 0.8284 -0.5580
vn 0.0478 0.8284 -0.5580
vn 0.0478 0.8285 -0.5580
vn 0.0587 0.8283 -0.5573
vn 0.0585 0.8281 -0.5576
vn 0.0410 0.8298 -0.5565
vn 0.0409 0.8299 -0.5565
vn 0.0411 0.8297 -0.5566
vn 0.0410 0.8298 -0.5566
vn 0.0049 -0.9120 0.4101
vn 0.1133 -0.9386 0.3258
vn 0.1132 -0.9386 0.3258
vn -0.0501 -0.8514 0.5221
vn -0.0174 -0.8522 0.5229
vn -0.0563 -0.8505 0.5229
vn -0.0564 -0.8505 0.5229
vn -0.0563 -0.8506 0.5229
vn -0.0629 -0.8472 0.5275
vn -0.0569 -0.8421 0.5363
vn -0.0569 -0.8419 0.5366
vn -0.0568 -0.8422 0.5361
vn -0.0692 -0.8465 0.5279
vn -0.0639 -0.8499 0.5230
vn -0.0637 -0.8500 0.5230
vn -0.0693 -0.8454 0.5297
vn -0.0693 -0.8453 0.5297
vn -0.0202 -0.8403 0.5418
vn -0.0201 -0.8405 0.5414
vn -0.0079 -0.8654 0.5010
vn -0.0078 -0.8654 0.5010
vn -0.0646 -0.8573 0.5108
vn 0.0159 -0.8906 0.4545
vn -0.0593 -0.8931 0.4459
vn -0.0594 -0.8931 0.4459
vn -0.0520 -0.8773 0.4772
vn -0.0520 -0.8773 0.4771
vn -0.0781 -0.9017 0.4253
vn -0.0893 -0.8953 0.4364
vn -0.0882 -0.8907 0.4459
vn -0.0882 -0.8908 0.4457
vn -0.0512 -0.9055 0.4212
vn -0.0512 -0.9055 0.4213
vn -0.0525 -0.9023 0.4280
vn -0.0384 -0.9102 0.4124
vn -0.0384 -0.9102 0.4123
vn -0.0373 -0.9069 0.4197
vn -0.0372 -0.9071 0.4193
vn -0.0337 -0.9117 0.4095
vn -0.0337 -0.9116 0.4097
vn -0.0337 -0.9116 0.4096
vn -0.0334 -0.9080 0.4177
vn -0.0334 -0.9080 0.4175
vn -0.0334 -0.9080 0.4176
vn -0.0182 -0.9109 0.4122
vn -0.0182 -0.9109 0.4123
vn -0.0182 -0.9107 0.4126
vn -0.0182 -0.9108 0.4125
vn -0.0176 -0.9085 0.4176
vn -0.0177 -0.9084 0.4178
vn -0.0176 -0.9084 0.4177
vn 0.0053 -0.9047 0.4260
vn 0.0053 -0.9047 0.4261
vn 0.0053 -0.9046 0.4261
vn 0.0044 -0.8956 0.4449
vn 0.0043 -0.8955 0.4449
vn 0.0042 -0.8955 0.4450
vn 0.0043 -0.8956 0.4449
vn -0.0171 -0.8987 0.4382
vn -0.0175 -0.8990 0.4376
vn 0.0270 -0.8886 0.4578
vn 0.0272 -0.8884 0.4582
vn 0.0273 -0.8882 0.4587
vn 0.0118 -0.8694 0.4940
vn 0.0120 -0.8694 0.4939
vn 0.0121 -0.8694 0.4939
vn 0.0036 -0.8762 0.4820
vn 0.0034 -0.8763 0.4817
vn 0.0033 -0.8764 0.4815
vn 0.0064 -0.8708 0.4916
vn 0.0067 -0.8705 0.4921
vn 0.0069 -0.8703 0.4925
vn 0.0067 -0.8706 0.4920
vn 0.0122 -0.8719 0.4895
vn 0.0174 -0.8718 0.4896
vn 0.0175 -0.8716 0.4898
vn 0.0174 -0.8717 0.4897
vn 0.0175 -0.8716 0.4900
vn 0.0158 -0.8688 0.4950
vn 0.0160 -0.8688 0.4950
vn 0.0163 -0.8687 0.4950
vn 0.0160 -0.8687 0.4950
vn 0.0113 -0.8699 0.4931
vn 0.0112 -0.8701 0.4928
vn 0.0112 -0.8702 0.4925
vn 0.0113 -0.8700 0.4929
vn 0.0012 -0.8710 0.4912
vn 0.0012 -0.8711 0.4912
vn 0.0164 -0.8674 0.4973
vn 0.0166 -0.8674 0.4973
vn 0.0167 -0.8674 0.4974
vn 0.0166 -0.8674 0.4974
vn -0.0001 -0.8744 0.4852
vn -0.0000 -0.8744 0.4852
vn 0.0013 -0.8774 0.4797
vn -0.0121 -0.8695 0.4938
vn -0.0122 -0.8695 0.4938
vn -0.0174 -0.8824 0.4703
vn -0.0174 -0.8824 0.4702
vn 0.0012 -0.8594 0.5113
vn 0.0011 -0.8594 0.5112
vn 0.0011 -0.8594 0.5113
vn -0.1489 -0.9359 0.3193
vn -0.1488 -0.9359 0.3194
vn -0.1519 -0.9072 0.3924
vn -0.1518 -0.9072 0.3924
vn -0.0292 0.8246 -0.5650
vn -0.0474 0.8588 -0.5101
vn -0.0240 0.8754 -0.4828
vn -0.0240 0.8754 -0.4829
vn 0.0119 0.9151 -0.4031
vn 0.0119 0.9151 -0.4030
vn -0.0595 0.8894 -0.4532
vn -0.0594 0.8894 -0.4532
vn -0.0452 0.8969 -0.4399
vn -0.0452 0.8969 -0.4400
vn 0.0334 0.8676 -0.4961
vn 0.0335 0.8679 -0.4955
vn 0.0335 0.8680 -0.4955
vn -0.0059 0.8752 -0.4838
vn -0.0060 0.8752 -0.4837
vn -0.0352 0.8712 -0.4897
vn -0.0352 0.8711 -0.4898
vn -0.0565 0.8971 -0.4382
vn -0.0811 0.8953 -0.4380
vn -0.0383 0.9022 -0.4296
vn -0.0383 0.9022 -0.4297
vn -0.0506 0.8828 -0.4671
vn -0.0507 0.8831 -0.4664
vn -0.0507 0.8832 -0.4662
vn -0.0507 0.8830 -0.4667
vn -0.0249 0.8956 -0.4441
vn -0.0058 0.9085 -0.4179
vn -0.0058 0.9085 -0.4177
vn -0.0058 0.9086 -0.4177
vn -0.0058 0.9085 -0.4178
vn -0.0274 0.9064 -0.4214
vn -0.0274 0.9065 -0.4213
vn -0.0274 0.9066 -0.4212
vn -0.0274 0.9065 -0.4214
vn -0.0049 0.9086 -0.4176
vn -0.0048 0.9085 -0.4178
vn 0.0162 0.9071 -0.4206
vn -0.0028 0.8897 -0.4566
vn 0.0124 0.8705 -0.4920
vn 0.0124 0.8705 -0.4921
vn 0.0172 0.8472 -0.5311
vn 0.0172 0.8472 -0.5310
vn 0.0172 0.8473 -0.5309
vn 0.0122 0.8819 -0.4713
vn 0.0876 0.9726 -0.2151
vn 0.0876 0.9726 -0.2152
vn 0.0876 0.9727 -0.2150
vn 0.1773 0.9278 0.3282
vn 0.1773 0.9278 0.3284
vn 0.1773 0.9278 0.3283
vn -0.0039 -0.7837 0.6212
vn -0.0039 -0.7836 0.6212
vn -0.0107 -0.8483 0.5295
vn -0.0107 -0.8483 0.5294
vn -0.0245 -0.8714 0.4900
vn -0.0257 -0.8854 0.4642
vn -0.0257 -0.8853 0.4642
vn -0.0360 -0.8886 0.4572
vn -0.0359 -0.8886 0.4572
vn -0.0761 -0.8861 0.4572
vn -0.0761 -0.8861 0.4571
vn -0.0761 -0.8862 0.4571
vn -0.0502 -0.9059 0.4205
vn -0.0502 -0.9059 0.4204
vn -0.0871 -0.8959 0.4356
vn -0.0831 -0.8948 0.4387
vn -0.0830 -0.8948 0.4387
vn -0.0871 -0.9022 0.4224
vn -0.0363 -0.9077 0.4180
vn -0.0363 -0.9077 0.4181
vn -0.0257 -0.8826 0.4695
vn -0.0257 -0.8826 0.4694
vn -0.0257 -0.8825 0.4695
vn -0.0327 -0.9077 0.4183
vn -0.0327 -0.9076 0.4187
vn -0.0156 -0.8889 0.4578
vn -0.0182 -0.9087 0.4170
vn -0.0182 -0.9088 0.4169
vn -0.0182 -0.9088 0.4168
vn 0.0040 -0.8977 0.4406
vn 0.0040 -0.8977 0.4405
vn 0.0044 -0.9085 0.4179
vn 0.0043 -0.9083 0.4182
vn 0.0043 -0.9084 0.4181
vn 0.0220 -0.8940 0.4475
vn 0.0219 -0.8940 0.4475
vn 0.0340 -0.9061 0.4218
vn 0.0335 -0.9058 0.4224
vn 0.0046 -0.9092 0.4163
vn 0.0046 -0.9094 0.4160
vn 0.0640 -0.8969 0.4376
vn 0.0640 -0.8968 0.4377
vn 0.0542 -0.8950 0.4427
vn 0.0285 -0.8973 0.4404
vn 0.0285 -0.8974 0.4403
vn 0.0531 -0.8950 0.4429
vn 0.0532 -0.8948 0.4432
vn 0.0433 -0.8852 0.4631
vn 0.0432 -0.8852 0.4631
vn 0.0296 -0.8853 0.4640
vn 0.0296 -0.8853 0.4641
vn 0.0297 -0.8852 0.4642
vn 0.0294 -0.8892 0.4566
vn 0.0450 -0.8893 0.4551
vn 0.0447 -0.8894 0.4550
vn 0.0442 -0.8895 0.4549
vn 0.0444 -0.8894 0.4549
vn -0.1365 -0.9485 0.2857
vn -0.1365 -0.9485 0.2858
vn -0.1366 -0.9486 0.2856
vn -0.1537 -0.9292 0.3362
vn -0.1536 -0.9292 0.3362
vn -0.1536 -0.9292 0.3363
vn 0.0442 -0.9057 0.4217
vn 0.0443 -0.9057 0.4217
vn 0.0080 -0.9197 0.3924
vn 0.0081 -0.9197 0.3925
vn 0.0081 -0.9197 0.3926
vn -0.1404 -0.8392 0.5254
vn -0.1403 -0.8392 0.5254
vn -0.1404 -0.8392 0.5255
vn -0.1386 -0.7520 0.6444
vn -0.1386 -0.7518 0.6446
vn -0.1385 -0.7518 0.6447
vn 0.0178 -0.9596 0.2809
vn 0.0177 -0.9595 0.2810
vn 0.0177 -0.9596 0.2810
vn 0.0178 -0.9596 0.2808
vn 0.4667 -0.8830 -0.0505
vn -0.1852 0.9455 -0.2680
vn -0.1853 0.9455 -0.2679
vn -0.1853 0.9455 -0.2678
vn -0.1851 0.9455 -0.2680
vn 0.0427 0.8562 -0.5149
vn 0.0426 0.8562 -0.5149
vn 0.0427 0.8562 -0.5150
vn 0.0427 0.8561 -0.5150
vn 0.0553 0.8401 -0.5395
vn 0.0553 0.8401 -0.5396
vn 0.0162 0.8789 -0.4768
vn 0.0163 0.8789 -0.4768
vn 0.0161 0.8789 -0.4767
vn -0.0491 0.9060 -0.4204
vn -0.0491 0.9060 -0.4203
vn -0.0853 0.9217 -0.3784
vn 0.0121 0.9038 -0.4278
vn 0.0121 0.9038 -0.4277
vn 0.0121 0.9039 -0.4275
vn -0.0317 0.8993 -0.4361
vn -0.0318 0.8993 -0.4361
vn 0.0486 0.8591 -0.5095
vn 0.0644 0.8376 -0.5425
vn 0.0641 0.8377 -0.5424
vn 0.0637 0.8378 -0.5423
vn 0.0639 0.8377 -0.5424
vn -0.0182 0.9157 -0.4014
vn -0.0183 0.9157 -0.4016
vn -0.0183 0.9157 -0.4015
vn -0.0504 0.9074 -0.4173
vn -0.0503 0.9074 -0.4173
vn -0.0107 0.8793 -0.4762
vn -0.0472 0.9064 -0.4198
vn -0.0471 0.9064 -0.4198
vn -0.0878 0.9024 -0.4220
vn 0.0351 0.8465 -0.5313
vn 0.0351 0.8465 -0.5312
vn 0.0109 0.8658 -0.5002
vn 0.0110 0.8658 -0.5003
vn 0.0108 0.8659 -0.5002
vn -0.0324 0.9052 -0.4238
vn -0.0324 0.9051 -0.4239
vn -0.1225 0.9349 -0.3330
vn -0.1225 0.9350 -0.3329
vn -0.1224 0.9349 -0.3330
vn 0.0006 0.8435 -0.5371
vn 0.0005 0.8435 -0.5371
vn -0.0036 0.8740 -0.4860
vn -0.0322 -0.7418 0.6698
vn -0.0322 -0.7418 0.6699
vn -0.0323 -0.7418 0.6699
vn -0.0058 -0.7801 0.6256
vn -0.1852 -0.4762 0.8596
vn -0.1853 -0.4760 0.8597
vn -0.1853 -0.4761 0.8596
vn 0.0626 -0.9205 0.3858
vn 0.0626 -0.9205 0.3857
vn 0.0373 -0.9190 0.3925
vn 0.0373 -0.9190 0.3924
vn 0.0448 -0.8988 0.4361
vn 0.0281 -0.8780 0.4778
vn 0.0282 -0.8781 0.4777
vn 0.0335 -0.8772 0.4790
vn 0.0335 -0.8772 0.4789
vn -0.2013 0.9690 -0.1430
vn -0.2012 0.9690 -0.1430
vn -0.2014 0.9690 -0.1429
vn -0.0697 0.9256 -0.3721
vn -0.0697 0.9256 -0.3720
vn -0.0695 0.9256 -0.3722
vn 0.0493 -0.8995 0.4341
vn 0.0493 -0.8995 0.4340
vn -0.0040 -0.7689 0.6393
vn -0.0040 -0.7689 0.6394
vn -0.0738 -0.8833 0.4629
vn -0.0739 -0.8833 0.4629
vn 0.2937 0.6575 0.6938
vn 0.2938 0.6574 0.6939
vn 0.2937 0.6576 0.6938
vn 0.0149 0.8537 -0.5206
vn 0.0304 0.9008 -0.4332
vn 0.0163 0.9096 -0.4152
vn 0.0163 0.9097 -0.4149
vn 0.0164 0.9098 -0.4147
vn -0.0061 0.9046 -0.4263
vn -0.0296 0.8812 -0.4718
vn -0.0296 0.8812 -0.4717
vn -0.0101 0.8607 -0.5090
vn -0.0445 0.8918 -0.4503
vn -0.0444 0.8919 -0.4501
vn -0.0444 0.8918 -0.4501
vn -0.0127 0.8807 -0.4736
vn -0.0127 0.8807 -0.4735
vn -0.0126 0.8808 -0.4734
vn 0.0235 0.8460 -0.5327
vn 0.0235 0.8459 -0.5328
vn 0.0725 0.8463 -0.5278
vn 0.0726 0.8462 -0.5278
vn 0.0726 0.8462 -0.5279
vn 0.0770 0.8438 -0.5311
vn 0.0770 0.8437 -0.5312
vn 0.0770 0.8437 -0.5313
vn 0.0780 0.8221 -0.5640
vn 0.0780 0.8220 -0.5640
vn 0.1762 0.7197 -0.6716
vn 0.1763 0.7196 -0.6717
vn 0.2872 0.2767 -0.9170
vn 0.2871 0.2767 -0.9171
vn 0.2872 0.2765 -0.9171
vn -0.0413 -0.8235 0.5658
vn -0.0413 -0.8235 0.5659
vn -0.1273 -0.8208 0.5568
vn -0.1334 -0.8348 0.5342
vn -0.1334 -0.8348 0.5341
vn 0.0696 0.8764 -0.4765
vn 0.0697 0.8764 -0.4765
vn 0.0142 0.8739 -0.4858
vn 0.0142 0.8739 -0.4859
vn 0.0688 0.8714 -0.4857
vn 0.0688 0.8716 -0.4854
vn 0.0688 0.8715 -0.4855
vn 0.0688 0.8716 -0.4855
vn 0.0745 0.8887 -0.4524
vn 0.0746 0.8887 -0.4524
vn 0.0747 0.8887 -0.4523
vn -0.0103 0.8949 -0.4461
vn 0.0189 0.8491 -0.5280
vn 0.0191 0.8490 -0.5280
vn 0.0190 0.8491 -0.5280
vn 0.0045 0.9205 -0.3907
vn 0.0947 0.8822 -0.4612
vn 0.0947 0.8822 -0.4613
vn 0.0547 0.8756 -0.4798
vn 0.0548 0.8755 -0.4801
vn 0.0548 0.8753 -0.4804
vn 0.0663 0.8825 -0.4657
vn 0.0661 0.8824 -0.4658
vn 0.0660 0.8824 -0.4658
vn 0.0662 0.8824 -0.4658
vn 0.1367 0.8508 -0.5075
vn 0.1367 0.8507 -0.5075
vn -0.1578 -0.8308 0.5338
vn -0.1579 -0.8307 0.5338
vn -0.1578 -0.8307 0.5338
vn 0.0693 0.8177 -0.5715
vn 0.0692 0.8177 -0.5715
vn -0.2972 -0.8025 0.5174
vn -0.2971 -0.8025 0.5174
vn -0.2973 -0.8025 0.5174
vn 0.1180 0.8904 -0.4397
vn 0.1179 0.8904 -0.4397
vn 0.0354 0.8805 -0.4727
vn 0.0354 0.8804 -0.4729
vn 0.0354 0.8804 -0.4728
vn 0.0273 0.8777 -0.4785
vn 0.0274 0.8776 -0.4786
vn 0.0274 0.8776 -0.4785
vn 0.0033 0.8427 -0.5384
vn 0.0620 0.8238 -0.5634
vn 0.0620 0.8238 -0.5635
vn -0.0210 -0.8096 0.5866
vn -0.0210 -0.8096 0.5867
vn -0.0210 -0.8095 0.5867
vn -0.0277 -0.8431 0.5371
vn -0.0277 -0.8430 0.5371
vn -0.0277 -0.8430 0.5372
vn 0.2939 -0.5948 0.7483
vn 0.2938 -0.5949 0.7482
vn 0.8955 0.3386 0.2889
vn 0.8955 0.3385 0.2889
vn 0.7173 0.5381 0.4426
vn 0.7173 0.5383 0.4425
vn 0.6835 0.6934 -0.2280
vn 0.6835 0.6934 -0.2281
vn 0.6835 0.6935 -0.2279
vn 0.8118 -0.3546 0.4640
vn 0.8118 -0.3546 0.4639
vn 0.8119 -0.3545 0.4639
vn 0.8118 -0.3545 0.4640
vn 0.4608 -0.7652 0.4495
vn 0.7144 -0.6431 0.2758
vn 0.7145 -0.6430 0.2757
vn 0.9998 -0.0020 0.0221
vn 0.9998 -0.0019 0.0221
vn 0.5902 -0.7579 0.2779
vn 0.5903 -0.7578 0.2780
vn 0.5902 -0.7579 0.2780
vn 0.8349 0.5004 -0.2293
vn 0.8349 0.5003 -0.2293
vn 0.8350 0.5003 -0.2293
vt 0.384780 0.485250
vt 0.391250 0.482620
vt 0.384770 0.480480
vt 0.377350 0.478190
vt 0.331760 0.449260
vt 0.339190 0.456320
vt 0.326860 0.455480
vt 0.325140 0.449830
vt 0.391410 0.484680
vt 0.397970 0.484230
vt 0.312020 0.449680
vt 0.317780 0.450270
vt 0.315740 0.455240
vt 0.308420 0.452450
vt 0.056510 0.706200
vt 0.052580 0.700950
vt 0.048490 0.695810
vt 0.053620 0.701100
vt 0.365750 0.822540
vt 0.356470 0.826720
vt 0.347370 0.811330
vt 0.353460 0.808900
vt 0.376540 0.823270
vt 0.375110 0.829300
vt 0.367620 0.830640
vt 0.373440 0.813030
vt 0.381730 0.815320
vt 0.361950 0.808790
vt 0.360460 0.833060
vt 0.267270 0.321030
vt 0.268270 0.307560
vt 0.255090 0.305180
vt 0.259200 0.323930
vt 0.266120 0.341680
vt 0.276200 0.330680
vt 0.282920 0.315220
vt 0.347170 0.115470
vt 0.356070 0.110660
vt 0.351130 0.104250
vt 0.343630 0.107640
vt 0.336510 0.111660
vt 0.333770 0.117830
vt 0.341350 0.121050
vt 0.336290 0.104440
vt 0.361320 0.128140
vt 0.367010 0.125100
vt 0.354160 0.128880
vt 0.441650 0.612440
vt 0.438030 0.624570
vt 0.423500 0.614540
vt 0.432950 0.601350
vt 0.445320 0.591600
vt 0.451940 0.610550
vt 0.455620 0.629630
vt 0.352000 0.273000
vt 0.341660 0.263220
vt 0.335730 0.280400
vt 0.351710 0.287600
vt 0.363680 0.266300
vt 0.353140 0.247630
vt 0.369330 0.287440
vt 0.367340 0.640300
vt 0.371890 0.626210
vt 0.386600 0.636080
vt 0.376160 0.650660
vt 0.354650 0.640840
vt 0.354620 0.619120
vt 0.362030 0.659200
vt 0.374340 0.675360
vt 0.356690 0.685440
vt 0.344330 0.664770
vt 0.335860 0.641420
vt 0.389240 0.662870
vt 0.405590 0.673370
vt 0.390340 0.690120
vt 0.401800 0.646530
vt 0.418800 0.656880
vt 0.437540 0.666530
vt 0.424350 0.683870
vt 0.412890 0.630180
vt 0.430400 0.640900
vt 0.448360 0.648770
vt 0.456870 0.651710
vt 0.447190 0.670990
vt 0.463430 0.630620
vt 0.468840 0.631250
vt 0.462070 0.653400
vt 0.462970 0.607880
vt 0.468450 0.606550
vt 0.473420 0.605430
vt 0.473820 0.631790
vt 0.451670 0.586980
vt 0.456580 0.583790
vt 0.461020 0.581010
vt 0.440140 0.566750
vt 0.444520 0.563140
vt 0.448650 0.559810
vt 0.465190 0.578280
vt 0.478190 0.604410
vt 0.238360 0.330110
vt 0.239890 0.329670
vt 0.239040 0.302480
vt 0.238120 0.302220
vt 0.478420 0.632290
vt 0.251360 0.356230
vt 0.253230 0.353990
vt 0.267890 0.374700
vt 0.270550 0.370950
vt 0.273900 0.366510
vt 0.256760 0.350570
vt 0.244630 0.328420
vt 0.249590 0.327050
vt 0.248990 0.304070
vt 0.243640 0.303230
vt 0.260900 0.346710
vt 0.277650 0.361490
vt 0.282270 0.355090
vt 0.289720 0.344060
vt 0.296890 0.375540
vt 0.301350 0.368100
vt 0.309070 0.354600
vt 0.318120 0.336770
vt 0.299590 0.326120
vt 0.321310 0.379890
vt 0.330320 0.364590
vt 0.339770 0.345850
vt 0.347210 0.327120
vt 0.325630 0.317920
vt 0.353830 0.375140
vt 0.363720 0.356430
vt 0.371740 0.336690
vt 0.372240 0.311190
vt 0.350630 0.306610
vt 0.385040 0.360270
vt 0.391500 0.336220
vt 0.390870 0.307650
vt 0.387290 0.281480
vt 0.411700 0.333460
vt 0.410310 0.303430
vt 0.406180 0.274810
vt 0.399220 0.246900
vt 0.380890 0.256560
vt 0.428360 0.299180
vt 0.423260 0.268520
vt 0.414290 0.238850
vt 0.401800 0.209780
vt 0.386450 0.220220
vt 0.431070 0.265510
vt 0.422330 0.234480
vt 0.407750 0.205720
vt 0.391730 0.177790
vt 0.383630 0.184170
vt 0.426130 0.232380
vt 0.411940 0.202840
vt 0.395860 0.174570
vt 0.378180 0.148690
vt 0.373560 0.152230
vt 0.415520 0.200360
vt 0.399270 0.172060
vt 0.382170 0.145950
vt 0.401050 0.171710
vt 0.385140 0.146000
vt 0.369660 0.118540
vt 0.361520 0.106230
vt 0.385610 0.145280
vt 0.371680 0.116960
vt 0.364550 0.104990
vt 0.362300 0.100820
vt 0.357850 0.101630
vt 0.351990 0.829520
vt 0.344860 0.817550
vt 0.354250 0.833690
vt 0.354370 0.099970
vt 0.348610 0.101680
vt 0.347920 0.099890
vt 0.341500 0.101010
vt 0.342220 0.103480
vt 0.352240 0.099570
vt 0.337800 0.100890
vt 0.337020 0.101760
vt 0.368420 0.833180
vt 0.374950 0.832060
vt 0.362760 0.834530
vt 0.381810 0.832660
vt 0.380040 0.833830
vt 0.382920 0.827720
vt 0.384850 0.826350
vt 0.387310 0.833320
vt 0.331700 0.108160
vt 0.329230 0.101190
vt 0.387060 0.815800
vt 0.387770 0.815670
vt 0.328770 0.118850
vt 0.193250 0.663440
vt 0.192890 0.662740
vt 0.208460 0.665510
vt 0.208940 0.666190
vt 0.322110 0.133250
vt 0.326950 0.132250
vt 0.333280 0.136270
vt 0.312450 0.156560
vt 0.315980 0.157380
vt 0.321110 0.160620
vt 0.328890 0.165580
vt 0.343110 0.142890
vt 0.305770 0.180830
vt 0.310950 0.183990
vt 0.318270 0.188510
vt 0.332320 0.196800
vt 0.347440 0.177830
vt 0.299000 0.205120
vt 0.304890 0.208880
vt 0.319760 0.217960
vt 0.338130 0.229650
vt 0.352320 0.209100
vt 0.293580 0.229430
vt 0.309390 0.239120
vt 0.326860 0.250670
vt 0.300930 0.259430
vt 0.319060 0.269930
vt 0.294000 0.278260
vt 0.313080 0.288540
vt 0.331260 0.298720
vt 0.307520 0.306720
vt 0.288520 0.296200
vt 0.275800 0.268930
vt 0.269160 0.288290
vt 0.267730 0.264520
vt 0.259550 0.284460
vt 0.263070 0.261830
vt 0.254030 0.282160
vt 0.259190 0.259350
vt 0.249520 0.280170
vt 0.255660 0.256900
vt 0.245530 0.278360
vt 0.321680 0.808410
vt 0.317690 0.806600
vt 0.311190 0.830730
vt 0.315800 0.831470
vt 0.471010 0.656150
vt 0.460880 0.677610
vt 0.459770 0.677180
vt 0.470820 0.656300
vt 0.337740 0.866490
vt 0.337920 0.866340
vt 0.330330 0.890360
vt 0.331250 0.890620
vt 0.456030 0.675150
vt 0.466590 0.654880
vt 0.451920 0.673130
vt 0.444380 0.693620
vt 0.440440 0.691860
vt 0.435510 0.689520
vt 0.430220 0.711800
vt 0.423840 0.708770
vt 0.408900 0.701010
vt 0.409270 0.727700
vt 0.390410 0.716710
vt 0.372470 0.702930
vt 0.371050 0.731330
vt 0.353180 0.714190
vt 0.336960 0.693110
vt 0.333770 0.723090
vt 0.315380 0.699600
vt 0.303870 0.671460
vt 0.323770 0.669310
vt 0.296740 0.641020
vt 0.316670 0.641050
vt 0.293040 0.609020
vt 0.313500 0.610880
vt 0.333400 0.612910
vt 0.315320 0.580820
vt 0.337000 0.584290
vt 0.359480 0.595720
vt 0.346310 0.564050
vt 0.369980 0.576780
vt 0.390490 0.589340
vt 0.379660 0.607550
vt 0.407900 0.602240
vt 0.396750 0.619190
vt 0.402390 0.573260
vt 0.420400 0.586440
vt 0.411880 0.562030
vt 0.429490 0.576640
vt 0.417430 0.555810
vt 0.435360 0.571020
vt 0.421740 0.551080
vt 0.397950 0.540910
vt 0.402490 0.536280
vt 0.406870 0.532200
vt 0.425710 0.546940
vt 0.410410 0.529620
vt 0.429140 0.543580
vt 0.287400 0.390930
vt 0.306130 0.404890
vt 0.309030 0.399840
vt 0.290270 0.386280
vt 0.312150 0.394590
vt 0.293390 0.381280
vt 0.315770 0.388780
vt 0.330210 0.409620
vt 0.335390 0.402970
vt 0.343230 0.392030
vt 0.357450 0.421140
vt 0.367150 0.405860
vt 0.376440 0.383340
vt 0.385880 0.412210
vt 0.397060 0.388670
vt 0.406270 0.362220
vt 0.414900 0.391510
vt 0.428460 0.363230
vt 0.430670 0.330950
vt 0.437470 0.362890
vt 0.440060 0.329490
vt 0.436800 0.296970
vt 0.444540 0.328640
vt 0.441170 0.295710
vt 0.435160 0.263880
vt 0.444500 0.294670
vt 0.438410 0.262580
vt 0.309780 0.953250
vt 0.313030 0.951950
vt 0.304290 0.919870
vt 0.300760 0.921750
vt 0.429660 0.230500
vt 0.245360 0.583660
vt 0.254110 0.615740
vt 0.254730 0.614930
vt 0.245080 0.583200
vt 0.426020 0.962890
vt 0.426120 0.963420
vt 0.435960 0.994930
vt 0.434940 0.995000
vt 0.416330 0.199760
vt 0.449760 0.497230
vt 0.419470 0.495800
vt 0.419950 0.496380
vt 0.450140 0.497960
vt 0.478190 0.499170
vt 0.477800 0.498470
vt 0.401040 0.171320
vt 0.315500 0.763190
vt 0.300380 0.735130
vt 0.301500 0.735590
vt 0.317750 0.763450
vt 0.333860 0.790190
vt 0.330930 0.789230
vt 0.321610 0.761660
vt 0.338380 0.788110
vt 0.325910 0.759660
vt 0.344920 0.781770
vt 0.336810 0.752510
vt 0.355290 0.773070
vt 0.372190 0.790340
vt 0.384320 0.802190
vt 0.370640 0.759750
vt 0.386100 0.770950
vt 0.396440 0.776700
vt 0.402170 0.779260
vt 0.389810 0.804290
vt 0.402280 0.751330
vt 0.408490 0.754070
vt 0.413470 0.756110
vt 0.418070 0.757820
vt 0.405000 0.778770
vt 0.420700 0.733240
vt 0.425090 0.735510
vt 0.429270 0.737730
vt 0.287270 0.196780
vt 0.290820 0.199430
vt 0.301320 0.178290
vt 0.298470 0.176690
vt 0.438070 0.715180
vt 0.441260 0.716370
vt 0.275280 0.218150
vt 0.278990 0.220280
vt 0.282780 0.222600
vt 0.294740 0.202240
vt 0.266350 0.238540
vt 0.269800 0.240620
vt 0.273310 0.242830
vt 0.277130 0.245300
vt 0.286970 0.225230
vt 0.284430 0.249830
vt 0.450190 0.695970
vt 0.448150 0.695240
vt 0.434060 0.713510
vt 0.415780 0.730830
vt 0.388920 0.744270
vt 0.352490 0.743310
vt 0.315620 0.730810
vt 0.309400 0.732890
vt 0.297180 0.703550
vt 0.303740 0.702190
vt 0.285440 0.673270
vt 0.291190 0.672800
vt 0.278200 0.641210
vt 0.283640 0.641160
vt 0.274030 0.608050
vt 0.279970 0.608290
vt 0.274440 0.573920
vt 0.280650 0.574730
vt 0.293650 0.576800
vt 0.283520 0.541780
vt 0.301210 0.547120
vt 0.322210 0.553430
vt 0.313260 0.522270
vt 0.334230 0.531790
vt 0.358130 0.546720
vt 0.344850 0.516550
vt 0.370120 0.532460
vt 0.391990 0.547320
vt 0.381920 0.559530
vt 0.378610 0.524430
vt 0.355110 0.504340
vt 0.362550 0.496810
vt 0.384960 0.519630
vt 0.367440 0.488350
vt 0.388550 0.513720
vt 0.373170 0.492530
vt 0.391510 0.513740
vt 0.325030 0.420770
vt 0.325500 0.415160
vt 0.343370 0.441980
vt 0.344130 0.436070
vt 0.350120 0.431360
vt 0.360480 0.463080
vt 0.359180 0.453130
vt 0.365320 0.447670
vt 0.375240 0.434230
vt 0.368720 0.461350
vt 0.371550 0.452090
vt 0.386910 0.436600
vt 0.402790 0.418640
vt 0.385880 0.455850
vt 0.399420 0.440220
vt 0.414670 0.419340
vt 0.427380 0.392970
vt 0.410640 0.443180
vt 0.425480 0.421530
vt 0.436650 0.394050
vt 0.443030 0.362600
vt 0.434800 0.423540
vt 0.445970 0.396270
vt 0.447740 0.362310
vt 0.448300 0.327900
vt 0.450230 0.396610
vt 0.452150 0.362020
vt 0.451760 0.327210
vt 0.445930 0.294210
vt 0.455800 0.361740
vt 0.453580 0.326670
vt 0.446620 0.293670
vt 0.439220 0.261210
vt 0.439040 0.261770
vt 0.269920 0.640840
vt 0.262960 0.607840
vt 0.266410 0.607880
vt 0.271080 0.641370
vt 0.277890 0.673670
vt 0.277320 0.673300
vt 0.288340 0.705310
vt 0.287380 0.704950
vt 0.274330 0.641270
vt 0.281260 0.673520
vt 0.292460 0.704480
vt 0.305280 0.734260
vt 0.269950 0.607940
vt 0.264970 0.573100
vt 0.269470 0.573440
vt 0.266900 0.538310
vt 0.271210 0.539030
vt 0.276030 0.539950
vt 0.277560 0.508990
vt 0.283480 0.511170
vt 0.295570 0.515630
vt 0.294820 0.489770
vt 0.308040 0.495030
vt 0.324500 0.503210
vt 0.318390 0.478270
vt 0.333170 0.486830
vt 0.324180 0.467840
vt 0.340530 0.475120
vt 0.303970 0.474180
vt 0.311130 0.464080
vt 0.295320 0.471050
vt 0.303240 0.459510
vt 0.291950 0.468550
vt 0.302960 0.456580
vt 0.413580 0.477930
vt 0.424590 0.465960
vt 0.422540 0.465340
vt 0.408750 0.476880
vt 0.404520 0.484830
vt 0.415550 0.463300
vt 0.401950 0.474700
vt 0.406440 0.461220
vt 0.394290 0.472610
vt 0.394900 0.459940
vt 0.386550 0.470610
vt 0.380490 0.479100
vt 0.378490 0.469270
vt 0.375030 0.475900
vt 0.367210 0.467940
vt 0.421050 0.445380
vt 0.429950 0.447580
vt 0.443310 0.427580
vt 0.434870 0.448770
vt 0.447550 0.428260
vt 0.453690 0.396870
vt 0.262850 0.537640
vt 0.269000 0.506250
vt 0.273110 0.507600
vt 0.260740 0.572770
vt 0.206810 0.728260
vt 0.207940 0.724120
vt 0.229050 0.735780
vt 0.230980 0.734520
vt 0.316410 0.971000
vt 0.323440 0.947000
vt 0.329370 0.949490
vt 0.320860 0.972390
vt 0.286060 0.486100
vt 0.280130 0.483610
vt 0.436410 0.450900
vt 0.388300 0.495820
vt 0.387740 0.495170
vt 0.311540 0.155740
vt 0.322050 0.132620
vt 0.394490 0.801890
vt 0.369480 0.231630
vt 0.368780 0.195760
vt 0.363290 0.161500
vt 0.333710 0.100490
vt 0.358940 0.834830
vt 0.356060 0.471440
vt 0.381260 0.851130
vt 0.377300 0.843710
vt 0.377760 0.848000
vt 0.377350 0.853460
vt 0.378280 0.861270
vt 0.378720 0.868000
vt 0.357600 0.099690
vt 0.375040 0.833500
vt 0.378750 0.833620
vt 0.368630 0.834620
vt 0.364300 0.834950
vt 0.018910 0.738990
vt 0.020610 0.737680
vt 0.024290 0.737290
vt 0.021010 0.739260
vt 0.382830 0.834020
vt 0.336500 0.100680
s 1
usemtl BLy_Orange.001
f 1397/486/797 1398/487/798 1399/488/799
f 1397/486/797 1399/488/799 1400/489/800
f 1401/490/801 1402/491/801 1403/492/801
f 1401/490/801 1403/492/801 1404/493/802
f 1405/486/803 1406/494/803 1407/495/804
f 1405/486/803 1407/495/804 1408/487/805
f 1409/496/806 1410/497/807 1411/498/807
f 1409/496/806 1411/498/807 1412/499/806
f 1413/500/808 1414/501/809 1415/502/809
f 1413/500/808 1415/502/809 1416/503/808
f 1417/504/810 1418/505/810 1419/506/810
f 1417/504/810 1419/506/810 1420/507/810
f 1421/504/811 1422/508/812 1423/509/812
f 1421/504/811 1423/509/812 1424/510/813
f 1425/504/814 1426/511/815 1427/512/815
f 1425/504/814 1427/512/815 1428/508/815
f 1429/504/816 1430/507/817 1431/513/817
f 1429/504/816 1431/513/817 1432/511/816
f 1433/504/818 1434/510/819 1435/514/820
f 1433/504/818 1435/514/820 1436/505/821
f 1437/497/822 1438/493/822 1439/492/823
f 1437/497/822 1439/492/823 1440/498/822
f 1441/515/824 1442/516/825 1443/517/826
f 1441/515/824 1443/517/826 1444/518/827
f 1445/515/828 1446/518/828 1447/519/829
f 1445/515/828 1447/519/829 1448/520/828
f 1449/515/830 1450/520/831 1451/521/831
f 1449/515/830 1451/521/831 1452/516/831
f 1453/522/832 1454/523/832 1455/524/833
f 1453/522/832 1455/524/833 1456/525/832
f 1457/522/834 1458/526/834 1459/527/835
f 1457/522/834 1459/527/835 1460/528/834
f 1461/522/836 1462/525/836 1463/529/836
f 1461/522/836 1463/529/836 1464/526/837
f 1465/522/838 1466/530/839 1467/531/838
f 1465/522/838 1467/531/838 1468/523/838
f 1469/522/840 1470/528/840 1471/532/840
f 1469/522/840 1471/532/840 1472/530/840
f 1473/533/841 1474/534/842 1475/535/843
f 1473/533/841 1475/535/843 1476/536/844
f 1477/533/845 1478/536/845 1479/537/846
f 1477/533/845 1479/537/846 1480/538/845
f 1481/533/847 1482/538/848 1483/539/847
f 1481/533/847 1483/539/847 1484/534/847
f 1485/540/849 1486/541/850 1487/542/851
f 1485/540/849 1487/542/851 1488/543/850
f 1489/540/852 1490/544/852 1491/545/853
f 1489/540/852 1491/545/853 1492/541/853
f 1493/540/854 1494/543/855 1495/546/856
f 1493/540/854 1495/546/856 1496/544/857
f 1497/547/858 1498/548/858 1499/549/859
f 1497/547/858 1499/549/859 1500/550/858
f 1501/547/860 1502/551/861 1503/552/862
f 1501/547/860 1503/552/862 1504/548/863
f 1505/547/864 1506/550/865 1507/553/866
f 1505/547/864 1507/553/866 1508/551/865
f 1509/553/867 1510/554/868 1511/555/869
f 1509/553/867 1511/555/869 1512/556/870
f 1513/553/871 1514/556/872 1515/557/873
f 1513/553/871 1515/557/873 1516/551/874
s 0
f 1517/553/875 1518/550/876 1519/558/875
f 1517/553/877 1519/558/877 1520/554/877
f 1521/558/878 1522/559/879 1523/560/879
f 1521/558/880 1523/560/880 1524/554/880
s 1
f 1525/558/881 1526/550/882 1527/549/883
f 1525/558/881 1527/549/883 1528/561/883
f 1529/558/884 1530/561/885 1531/562/886
f 1529/558/884 1531/562/886 1532/559/885
f 1533/562/887 1534/563/888 1535/564/888
f 1533/562/887 1535/564/888 1536/559/888
f 1537/562/889 1538/561/890 1539/565/891
f 1537/562/889 1539/565/891 1540/566/889
f 1541/562/892 1542/566/893 1543/567/894
f 1541/562/892 1543/567/894 1544/563/893
f 1545/567/895 1546/568/895 1547/569/895
f 1545/567/895 1547/569/895 1548/563/895
f 1549/567/896 1550/566/897 1551/534/898
f 1549/567/896 1551/534/898 1552/539/897
f 1553/567/899 1554/539/900 1555/570/900
f 1553/567/899 1555/570/900 1556/568/901
f 1557/570/902 1558/571/902 1559/572/902
f 1557/570/902 1559/572/902 1560/568/902
f 1561/570/903 1562/539/903 1563/538/904
f 1561/570/903 1563/538/904 1564/573/903
f 1565/570/905 1566/573/905 1567/574/905
f 1565/570/905 1567/574/905 1568/571/905
f 1569/574/906 1570/575/907 1571/576/907
f 1569/574/906 1571/576/907 1572/571/907
f 1573/574/908 1574/573/909 1575/577/910
f 1573/574/908 1575/577/910 1576/578/911
f 1577/574/912 1578/578/913 1579/579/913
f 1577/574/912 1579/579/913 1580/575/913
f 1581/579/914 1582/578/914 1583/580/914
f 1581/579/914 1583/580/914 1584/581/914
f 1585/579/915 1586/581/916 1587/582/915
f 1585/579/915 1587/582/915 1588/583/915
f 1589/579/917 1590/583/917 1591/584/917
f 1589/579/917 1591/584/917 1592/575/917
f 1593/585/918 1594/586/918 1595/587/919
f 1593/585/918 1595/587/919 1596/588/920
f 1597/584/921 1598/589/921 1599/576/921
f 1597/584/921 1599/576/921 1600/575/921
f 1601/585/922 1602/590/923 1603/591/923
f 1601/585/922 1603/591/923 1604/586/922
f 1605/591/924 1606/590/924 1607/592/924
f 1605/591/924 1607/592/924 1608/593/924
f 1609/591/925 1610/593/925 1611/594/925
f 1609/591/925 1611/594/925 1612/595/925
f 1613/591/926 1614/595/927 1615/596/928
f 1613/591/926 1615/596/928 1616/586/928
f 1617/596/929 1618/597/929 1619/598/930
f 1617/596/929 1619/598/930 1620/599/929
f 1621/596/931 1622/599/931 1623/587/931
f 1621/596/931 1623/587/931 1624/586/931
f 1625/596/932 1626/595/933 1627/600/933
f 1625/596/932 1627/600/933 1628/597/933
f 1629/600/934 1630/595/934 1631/594/934
f 1629/600/934 1631/594/934 1632/601/934
f 1633/600/935 1634/601/936 1635/602/935
f 1633/600/935 1635/602/935 1636/519/936
f 1637/600/937 1638/519/938 1639/518/937
f 1637/600/937 1639/518/937 1640/597/937
f 1641/602/939 1642/603/940 1643/520/940
f 1641/602/939 1643/520/940 1644/519/940
f 1645/602/941 1646/601/941 1647/604/941
f 1645/602/941 1647/604/941 1648/605/941
f 1649/602/942 1650/605/943 1651/606/943
f 1649/602/942 1651/606/943 1652/603/942
f 1653/606/944 1654/607/945 1655/608/946
f 1653/606/944 1655/608/946 1656/603/945
f 1657/606/947 1658/605/948 1659/609/949
f 1657/606/947 1659/609/949 1660/610/948
f 1661/606/950 1662/610/951 1663/611/952
f 1661/606/950 1663/611/952 1664/607/951
f 1665/611/953 1666/612/954 1667/613/955
f 1665/611/953 1667/613/955 1668/607/954
f 1669/611/956 1670/610/956 1671/614/957
f 1669/611/956 1671/614/957 1672/615/956
f 1673/611/958 1674/615/959 1675/616/959
f 1673/611/958 1675/616/959 1676/612/959
f 1677/616/960 1678/617/960 1679/618/961
f 1677/616/960 1679/618/961 1680/612/960
f 1681/616/962 1682/615/963 1683/619/962
f 1681/616/962 1683/619/962 1684/620/963
s 0
f 1685/616/964 1686/620/965 1687/621/965
s 1
f 1685/616/966 1687/621/965 1688/617/966
f 1689/621/967 1690/622/968 1691/546/968
f 1689/621/967 1691/546/968 1692/617/967
f 1693/621/969 1694/620/970 1695/623/969
f 1693/621/969 1695/623/969 1696/624/971
f 1697/621/972 1698/624/973 1699/625/974
f 1697/621/972 1699/625/974 1700/622/975
f 1701/625/976 1702/626/977 1703/627/978
f 1701/625/976 1703/627/978 1704/622/977
f 1705/625/979 1706/624/980 1707/628/981
f 1705/625/979 1707/628/981 1708/629/982
f 1709/625/983 1710/629/984 1711/630/985
f 1709/625/983 1711/630/985 1712/626/983
f 1713/630/986 1714/631/987 1715/632/988
f 1713/630/986 1715/632/988 1716/626/987
f 1717/630/989 1718/629/990 1719/633/990
f 1717/630/989 1719/633/990 1720/634/989
f 1721/630/991 1722/634/992 1723/635/993
f 1721/630/991 1723/635/993 1724/631/993
f 1725/635/994 1726/636/994 1727/637/994
f 1725/635/994 1727/637/994 1728/631/994
f 1729/635/995 1730/634/995 1731/638/995
f 1729/635/995 1731/638/995 1732/639/995
f 1733/635/996 1734/639/997 1735/640/997
f 1733/635/996 1735/640/997 1736/636/997
f 1737/640/998 1738/641/998 1739/642/998
f 1737/640/998 1739/642/998 1740/636/998
f 1741/640/999 1742/639/1000 1743/643/1000
f 1741/640/999 1743/643/1000 1744/644/1001
f 1745/640/1002 1746/644/1003 1747/645/1002
f 1745/640/1002 1747/645/1002 1748/641/1002
f 1749/645/1004 1750/531/1004 1751/530/1005
f 1749/645/1004 1751/530/1005 1752/641/1004
f 1753/645/1006 1754/644/1007 1755/646/1006
f 1753/645/1006 1755/646/1006 1756/647/1006
f 1757/645/1008 1758/647/1009 1759/648/1009
f 1757/645/1008 1759/648/1009 1760/531/1008
f 1761/648/1010 1762/649/1010 1763/523/1010
f 1761/648/1010 1763/523/1010 1764/531/1010
f 1765/648/1011 1766/647/1012 1767/650/1013
f 1765/648/1011 1767/650/1013 1768/651/1014
f 1769/648/1015 1770/651/1015 1771/652/1016
f 1769/648/1015 1771/652/1016 1772/649/1017
f 1773/652/1018 1774/653/1018 1775/654/1018
f 1773/652/1018 1775/654/1018 1776/649/1019
f 1777/655/1020 1778/656/1020 1779/506/1020
f 1777/655/1020 1779/506/1020 1780/505/1020
f 1781/655/1021 1782/505/1022 1783/514/1023
f 1781/655/1021 1783/514/1023 1784/657/1024
f 1785/654/1025 1786/658/1025 1787/659/1025
f 1785/654/1025 1787/659/1025 1788/524/1025
f 1789/654/1026 1790/524/1027 1791/523/1028
f 1789/654/1026 1791/523/1028 1792/649/1027
f 1793/659/1029 1794/660/1030 1795/661/1030
f 1793/659/1029 1795/661/1030 1796/662/1030
f 1797/659/1031 1798/662/1031 1799/525/1031
f 1797/659/1031 1799/525/1031 1800/524/1031
f 1801/659/1032 1802/658/1033 1803/663/1033
f 1801/659/1032 1803/663/1033 1804/660/1032
f 1805/662/1034 1806/661/1034 1807/664/1034
f 1805/662/1034 1807/664/1034 1808/665/1035
f 1809/662/1036 1810/665/1036 1811/529/1036
f 1809/662/1036 1811/529/1036 1812/525/1036
f 1813/666/1037 1814/510/1038 1815/509/1039
f 1813/666/1037 1815/509/1039 1816/667/1039
f 1817/666/1040 1818/668/1041 1819/514/1040
s 0
f 1817/666/1042 1819/514/1042 1820/510/1042
s 1
f 1821/667/1043 1822/509/1043 1823/669/1044
f 1821/667/1043 1823/669/1044 1824/670/1044
f 1825/669/1045 1826/509/1046 1827/508/1045
f 1825/669/1045 1827/508/1045 1828/671/1047
f 1829/669/1048 1830/671/1049 1831/672/1048
f 1829/669/1048 1831/672/1048 1832/673/1048
f 1833/674/1050 1834/526/1051 1835/529/1052
f 1833/674/1050 1835/529/1052 1836/675/1051
f 1837/672/1053 1838/671/1053 1839/676/1053
f 1837/672/1053 1839/676/1053 1840/677/1053
f 1841/674/1054 1842/678/1055 1843/527/1054
f 1841/674/1054 1843/527/1054 1844/526/1054
f 1845/679/1056 1846/680/1056 1847/681/1057
f 1845/679/1056 1847/681/1057 1848/682/1057
f 1849/678/1058 1850/683/1058 1851/684/1058
f 1849/678/1058 1851/684/1058 1852/527/1058
f 1853/684/1059 1854/685/1059 1855/528/1060
f 1853/684/1059 1855/528/1060 1856/527/1060
f 1857/684/1061 1858/683/1061 1859/686/1061
f 1857/684/1061 1859/686/1061 1860/687/1061
f 1861/684/1062 1862/687/1063 1863/688/1063
f 1861/684/1062 1863/688/1063 1864/685/1064
f 1865/688/1065 1866/689/1066 1867/690/1067
f 1865/688/1065 1867/690/1067 1868/685/1067
f 1869/688/1068 1870/687/1068 1871/691/1068
f 1869/688/1068 1871/691/1068 1872/692/1068
f 1873/688/1069 1874/692/1070 1875/693/1070
f 1873/688/1069 1875/693/1070 1876/689/1069
f 1877/693/1071 1878/694/1072 1879/695/1073
f 1877/693/1071 1879/695/1073 1880/689/1072
s 0
f 1881/693/1074 1882/692/1074 1883/696/1074
s 1
f 1881/693/1075 1883/696/1075 1884/697/1075
f 1885/693/1076 1886/697/1077 1887/698/1077
f 1885/693/1076 1887/698/1077 1888/694/1077
f 1889/698/1078 1890/699/1079 1891/700/1080
f 1889/698/1078 1891/700/1080 1892/694/1078
f 1893/698/1081 1894/697/1081 1895/701/1082
f 1893/698/1081 1895/701/1082 1896/702/1083
f 1897/698/1084 1898/702/1085 1899/703/1086
f 1897/698/1084 1899/703/1086 1900/699/1087
f 1901/703/1088 1902/541/1089 1903/545/1088
f 1901/703/1088 1903/545/1088 1904/699/1090
f 1905/703/1091 1906/702/1091 1907/704/1091
f 1905/703/1091 1907/704/1091 1908/705/1092
f 1909/703/1093 1910/705/1094 1911/542/1095
f 1909/703/1093 1911/542/1095 1912/541/1094
f 1913/705/1096 1914/704/1097 1915/706/1097
f 1913/705/1096 1915/706/1097 1916/707/1097
f 1917/705/1098 1918/707/1099 1919/708/1098
f 1917/705/1098 1919/708/1098 1920/542/1098
f 1921/708/1100 1922/707/1101 1923/709/1102
f 1921/708/1100 1923/709/1102 1924/613/1101
f 1925/708/1103 1926/613/1104 1927/612/1105
f 1925/708/1103 1927/612/1105 1928/618/1104
f 1929/708/1106 1930/618/1107 1931/543/1106
f 1929/708/1106 1931/543/1106 1932/542/1107
f 1933/709/1108 1934/707/1109 1935/706/1110
f 1933/709/1108 1935/706/1110 1936/710/1111
f 1937/709/1112 1938/710/1113 1939/521/1113
f 1937/709/1112 1939/521/1113 1940/608/1113
f 1941/709/1114 1942/608/1115 1943/607/1116
f 1941/709/1114 1943/607/1116 1944/613/1117
f 1945/710/1118 1946/706/1119 1947/711/1120
f 1945/710/1118 1947/711/1120 1948/712/1119
f 1949/710/1121 1950/712/1122 1951/516/1122
f 1949/710/1121 1951/516/1122 1952/521/1122
f 1953/712/1123 1954/711/1124 1955/713/1124
f 1953/712/1123 1955/713/1124 1956/714/1123
f 1957/712/1125 1958/714/1125 1959/517/1125
f 1957/712/1125 1959/517/1125 1960/516/1125
f 1961/714/1126 1962/713/1126 1963/715/1126
f 1961/714/1126 1963/715/1126 1964/716/1126
f 1965/714/1127 1966/716/1128 1967/598/1128
f 1965/714/1127 1967/598/1128 1968/517/1129
f 1969/716/1130 1970/715/1130 1971/717/1131
f 1969/716/1130 1971/717/1131 1972/718/1131
f 1973/716/1132 1974/718/1133 1975/599/1132
f 1973/716/1132 1975/599/1132 1976/598/1133
f 1977/718/1134 1978/717/1134 1979/719/1134
f 1977/718/1134 1979/719/1134 1980/720/1134
f 1981/721/1135 1982/722/1135 1983/723/1135
f 1981/721/1135 1983/723/1135 1984/724/1135
f 1985/725/1136 1986/726/1137 1987/727/1137
f 1985/725/1136 1987/727/1137 1988/728/1137
f 1989/729/1138 1990/730/1139 1991/731/1138
f 1989/729/1138 1991/731/1138 1992/732/1140
f 1993/728/1141 1994/727/1141 1995/733/1141
f 1993/728/1141 1995/733/1141 1996/734/1141
f 1997/728/1142 1998/734/1142 1999/576/1143
f 1997/728/1142 1999/576/1143 2000/589/1142
f 2001/734/1144 2002/733/1145 2003/735/1144
f 2001/734/1144 2003/735/1144 2004/572/1144
f 2005/734/1146 2006/572/1146 2007/571/1146
f 2005/734/1146 2007/571/1146 2008/576/1146
f 2009/735/1147 2010/733/1148 2011/736/1149
f 2009/735/1147 2011/736/1149 2012/737/1150
f 2013/735/1151 2014/737/1151 2015/738/1152
f 2013/735/1151 2015/738/1152 2016/569/1151
f 2017/735/1153 2018/569/1154 2019/568/1153
f 2017/735/1153 2019/568/1153 2020/572/1153
f 2021/738/1155 2022/737/1156 2023/739/1157
f 2021/738/1155 2023/739/1157 2024/740/1158
f 2025/738/1159 2026/740/1160 2027/741/1160
f 2025/738/1159 2027/741/1160 2028/564/1160
f 2029/738/1161 2030/564/1161 2031/563/1162
f 2029/738/1161 2031/563/1162 2032/569/1162
f 2033/741/1163 2034/740/1163 2035/742/1163
f 2033/741/1163 2035/742/1163 2036/743/1163
f 2037/741/1164 2038/743/1165 2039/744/1165
f 2037/741/1164 2039/744/1165 2040/560/1165
f 2041/741/1166 2042/560/1167 2043/559/1168
f 2041/741/1166 2043/559/1168 2044/564/1166
f 2045/744/1169 2046/743/1170 2047/745/1171
f 2045/744/1169 2047/745/1171 2048/746/1170
f 2049/744/1172 2050/746/1173 2051/747/1174
f 2049/744/1172 2051/747/1174 2052/555/1173
f 2053/744/1175 2054/555/1175 2055/554/1175
s 0
f 2053/744/1176 2055/554/1176 2056/560/1176
s 1
f 2057/747/1177 2058/746/1178 2059/748/1179
f 2057/747/1177 2059/748/1179 2060/749/1180
f 2061/747/1181 2062/749/1182 2063/750/1183
f 2061/747/1181 2063/750/1183 2064/751/1183
f 2065/747/1184 2066/751/1185 2067/556/1186
f 2065/747/1184 2067/556/1186 2068/555/1185
f 2069/751/1187 2070/750/1187 2071/752/1187
f 2069/751/1187 2071/752/1187 2072/753/1187
f 2073/751/1188 2074/753/1189 2075/557/1189
f 2073/751/1188 2075/557/1189 2076/556/1189
f 2077/753/1190 2078/752/1191 2079/754/1192
f 2077/753/1190 2079/754/1192 2080/755/1193
s 0
f 2081/753/1194 2082/755/1194 2083/756/1194
f 2081/753/1195 2083/756/1195 2084/557/1195
s 1
f 2085/756/1196 2086/755/1197 2087/757/1198
f 2085/756/1196 2087/757/1198 2088/758/1196
s 0
f 2089/756/1199 2090/758/1199 2091/759/1199
f 2089/756/1200 2091/759/1200 2092/552/1200
s 1
f 2093/756/1201 2094/552/1202 2095/551/1203
f 2093/756/1201 2095/551/1203 2096/557/1202
f 2097/759/1204 2098/758/1205 2099/760/1206
f 2097/759/1204 2099/760/1206 2100/761/1205
f 2101/759/1207 2102/761/1208 2103/762/1209
f 2101/759/1207 2103/762/1209 2104/763/1210
f 2105/759/1211 2106/763/1212 2107/548/1213
f 2105/759/1211 2107/548/1213 2108/552/1212
f 2109/763/1214 2110/762/1215 2111/764/1216
f 2109/763/1214 2111/764/1216 2112/765/1214
f 2113/763/1217 2114/765/1218 2115/549/1219
f 2113/763/1217 2115/549/1219 2116/548/1217
f 2117/765/1220 2118/764/1221 2119/535/1222
f 2117/765/1220 2119/535/1222 2120/565/1221
f 2121/765/1223 2122/565/1223 2123/561/1224
f 2121/765/1223 2123/561/1224 2124/549/1225
f 2125/764/1226 2126/762/1227 2127/766/1228
f 2125/764/1226 2127/766/1228 2128/767/1227
f 2129/764/1229 2130/767/1230 2131/536/1229
f 2129/764/1229 2131/536/1229 2132/535/1230
f 2133/767/1231 2134/766/1232 2135/768/1231
f 2133/767/1231 2135/768/1231 2136/769/1232
f 2137/767/1233 2138/769/1234 2139/537/1235
f 2137/767/1233 2139/537/1235 2140/536/1236
f 2141/769/1237 2142/768/1238 2143/770/1239
f 2141/769/1237 2143/770/1239 2144/771/1240
f 2145/769/1241 2146/771/1242 2147/577/1243
f 2145/769/1241 2147/577/1243 2148/537/1243
f 2149/771/1244 2150/770/1244 2151/772/1245
f 2149/771/1244 2151/772/1245 2152/580/1244
f 2153/771/1246 2154/580/1247 2155/578/1247
f 2153/771/1246 2155/578/1247 2156/577/1247
f 2157/772/1248 2158/770/1248 2159/773/1248
f 2157/772/1248 2159/773/1248 2160/774/1248
f 2161/772/1249 2162/774/1250 2163/775/1250
f 2161/772/1249 2163/775/1250 2164/776/1251
f 2165/772/1252 2166/776/1252 2167/581/1253
f 2165/772/1252 2167/581/1253 2168/580/1252
f 2169/776/1254 2170/775/1254 2171/777/1254
f 2169/776/1254 2171/777/1254 2172/778/1254
f 2173/776/1255 2174/778/1255 2175/582/1255
f 2173/776/1255 2175/582/1255 2176/581/1256
f 2177/779/1257 2178/780/1258 2179/781/1259
f 2177/779/1257 2179/781/1259 2180/782/1259
f 2181/779/1260 2182/782/1260 2183/593/1260
f 2181/779/1260 2183/593/1260 2184/592/1260
f 2185/782/1261 2186/781/1261 2187/783/1261
f 2185/782/1261 2187/783/1261 2188/784/1261
f 2189/782/1262 2190/784/1262 2191/594/1263
f 2189/782/1262 2191/594/1263 2192/593/1264
f 2193/784/1265 2194/783/1265 2195/785/1265
f 2193/784/1265 2195/785/1265 2196/604/1265
f 2197/784/1266 2198/604/1266 2199/601/1267
f 2197/784/1266 2199/601/1267 2200/594/1266
f 2201/785/1268 2202/609/1269 2203/605/1268
f 2201/785/1268 2203/605/1268 2204/604/1268
f 2205/785/1270 2206/783/1271 2207/786/1270
f 2205/785/1270 2207/786/1270 2208/787/1271
f 2209/785/1272 2210/787/1273 2211/788/1273
f 2209/785/1272 2211/788/1273 2212/609/1273
f 2213/788/1274 2214/614/1274 2215/610/1274
f 2213/788/1274 2215/610/1274 2216/609/1274
f 2217/788/1275 2218/787/1275 2219/789/1276
f 2217/788/1275 2219/789/1276 2220/790/1277
f 2221/788/1278 2222/790/1278 2223/791/1279
f 2221/788/1278 2223/791/1279 2224/614/1278
f 2225/791/1280 2226/619/1281 2227/615/1280
f 2225/791/1280 2227/615/1280 2228/614/1282
f 2229/791/1283 2230/790/1284 2231/792/1284
f 2229/791/1283 2231/792/1284 2232/793/1285
f 2233/791/1286 2234/793/1287 2235/794/1287
f 2233/791/1286 2235/794/1287 2236/619/1287
f 2237/794/1288 2238/623/1288 2239/620/1289
f 2237/794/1288 2239/620/1289 2240/619/1288
f 2241/794/1290 2242/793/1290 2243/795/1290
f 2241/794/1290 2243/795/1290 2244/796/1290
f 2245/794/1291 2246/796/1292 2247/797/1293
f 2245/794/1291 2247/797/1293 2248/623/1292
f 2249/797/1294 2250/628/1295 2251/624/1296
f 2249/797/1294 2251/624/1296 2252/623/1297
f 2253/797/1298 2254/796/1299 2255/798/1300
f 2253/797/1298 2255/798/1300 2256/799/1298
f 2257/797/1301 2258/799/1301 2259/800/1301
f 2257/797/1301 2259/800/1301 2260/628/1301
f 2261/800/1302 2262/633/1303 2263/629/1304
f 2261/800/1302 2263/629/1304 2264/628/1304
f 2265/800/1305 2266/799/1306 2267/801/1306
f 2265/800/1305 2267/801/1306 2268/802/1306
f 2269/800/1307 2270/802/1307 2271/803/1308
f 2269/800/1307 2271/803/1308 2272/633/1309
f 2273/803/1310 2274/638/1310 2275/634/1310
f 2273/803/1310 2275/634/1310 2276/633/1310
s 0
f 2277/803/1311 2278/802/1311 2279/804/1311
f 2277/803/1312 2279/804/1312 2280/805/1312
s 1
f 2281/806/1313 2282/807/1313 2283/808/1313
f 2281/806/1313 2283/808/1313 2284/809/1313
f 2285/810/1314 2286/643/1314 2287/639/1314
f 2285/810/1314 2287/639/1314 2288/638/1315
f 2289/811/1316 2290/812/1317 2291/813/1317
f 2289/811/1316 2291/813/1317 2292/814/1318
f 2293/815/1319 2294/816/1320 2295/817/1321
f 2293/815/1319 2295/817/1321 2296/818/1321
f 2297/819/1322 2298/646/1322 2299/644/1323
f 2297/819/1322 2299/644/1323 2300/643/1322
f 2301/820/1324 2302/821/1324 2303/822/1325
f 2301/820/1324 2303/822/1325 2304/823/1325
f 2305/820/1326 2306/823/1326 2307/824/1327
f 2305/820/1326 2307/824/1327 2308/825/1327
f 2309/826/1328 2310/650/1329 2311/647/1330
f 2309/826/1328 2311/647/1330 2312/646/1331
f 2313/827/1332 2314/828/1332 2315/829/1332
f 2313/827/1332 2315/829/1332 2316/830/1333
f 2317/827/1334 2318/830/1335 2319/831/1335
f 2317/827/1334 2319/831/1335 2320/832/1335
f 2321/831/1336 2322/506/1337 2323/656/1337
f 2321/831/1336 2323/656/1337 2324/832/1336
f 2325/831/1338 2326/830/1339 2327/833/1339
f 2325/831/1338 2327/833/1339 2328/834/1338
f 2329/831/1340 2330/834/1340 2331/507/1340
f 2329/831/1340 2331/507/1340 2332/506/1340
f 2333/834/1341 2334/833/1341 2335/835/1341
f 2333/834/1341 2335/835/1341 2336/836/1341
f 2337/834/1342 2338/836/1342 2339/513/1342
f 2337/834/1342 2339/513/1342 2340/507/1342
f 2341/836/1343 2342/835/1344 2343/837/1343
f 2341/836/1343 2343/837/1343 2344/838/1344
f 2345/836/1345 2346/838/1345 2347/839/1345
f 2345/836/1345 2347/839/1345 2348/513/1345
f 2349/839/1346 2350/840/1346 2351/511/1346
f 2349/839/1346 2351/511/1346 2352/513/1346
f 2353/839/1347 2354/838/1347 2355/841/1347
f 2353/839/1347 2355/841/1347 2356/842/1347
f 2357/839/1348 2358/842/1349 2359/843/1349
f 2357/839/1348 2359/843/1349 2360/840/1349
f 2361/843/1350 2362/844/1350 2363/845/1351
f 2361/843/1350 2363/845/1351 2364/840/1352
f 2365/843/1353 2366/842/1354 2367/846/1354
f 2365/843/1353 2367/846/1354 2368/847/1355
f 2369/843/1356 2370/847/1356 2371/848/1356
f 2369/843/1356 2371/848/1356 2372/844/1357
f 2373/848/1358 2374/849/1358 2375/850/1358
f 2373/848/1358 2375/850/1358 2376/844/1358
f 2377/848/1359 2378/847/1359 2379/851/1359
f 2377/848/1359 2379/851/1359 2380/852/1359
f 2381/848/1360 2382/852/1361 2383/853/1360
f 2381/848/1360 2383/853/1360 2384/849/1360
f 2385/854/1362 2386/855/1362 2387/856/1362
f 2385/854/1362 2387/856/1362 2388/857/1362
f 2389/853/1363 2390/852/1363 2391/858/1363
f 2389/853/1363 2391/858/1363 2392/859/1363
f 2393/854/1364 2394/860/1365 2395/861/1366
f 2393/854/1364 2395/861/1366 2396/855/1367
f 2397/861/1368 2398/862/1368 2399/863/1368
f 2397/861/1368 2399/863/1368 2400/855/1368
f 2401/861/1369 2402/860/1370 2403/864/1371
f 2401/861/1369 2403/864/1371 2404/865/1371
f 2405/861/1372 2406/865/1373 2407/866/1373
f 2405/861/1372 2407/866/1373 2408/862/1374
f 2409/866/1375 2410/867/1376 2411/868/1375
f 2409/866/1375 2411/868/1375 2412/862/1376
s 0
f 2413/866/1377 2414/865/1377 2415/717/1377
f 2413/866/1378 2415/717/1378 2416/715/1378
s 1
f 2417/866/1379 2418/715/1380 2419/713/1379
f 2417/866/1379 2419/713/1379 2420/867/1379
f 2421/868/1381 2422/701/1381 2423/697/1381
f 2421/868/1381 2423/697/1381 2424/696/1381
f 2425/868/1382 2426/696/1383 2427/863/1383
f 2425/868/1382 2427/863/1383 2428/862/1384
s 0
f 2429/868/1385 2430/867/1385 2431/869/1385
f 2429/868/1386 2431/869/1386 2432/701/1386
s 1
f 2433/869/1387 2434/704/1387 2435/702/1388
f 2433/869/1387 2435/702/1388 2436/701/1387
f 2437/869/1389 2438/867/1390 2439/713/1390
f 2437/869/1389 2439/713/1390 2440/711/1391
f 2441/869/1392 2442/711/1393 2443/706/1393
f 2441/869/1392 2443/706/1393 2444/704/1393
f 2445/865/1394 2446/864/1395 2447/719/1396
f 2445/865/1394 2447/719/1396 2448/717/1397
f 2449/870/1398 2450/859/1398 2451/858/1398
f 2449/870/1398 2451/858/1398 2452/871/1398
f 2453/870/1399 2454/871/1400 2455/727/1399
f 2453/870/1399 2455/727/1399 2456/726/1399
f 2457/871/1401 2458/858/1401 2459/872/1401
f 2457/871/1401 2459/872/1401 2460/736/1401
f 2461/871/1402 2462/736/1402 2463/733/1402
f 2461/871/1402 2463/733/1402 2464/727/1402
f 2465/872/1403 2466/858/1404 2467/852/1405
f 2465/872/1403 2467/852/1405 2468/851/1404
f 2469/872/1406 2470/851/1406 2471/873/1406
f 2469/872/1406 2471/873/1406 2472/739/1406
f 2473/872/1407 2474/739/1408 2475/737/1409
f 2473/872/1407 2475/737/1409 2476/736/1409
f 2477/873/1410 2478/851/1410 2479/847/1410
f 2477/873/1410 2479/847/1410 2480/846/1410
f 2481/873/1411 2482/846/1412 2483/874/1411
f 2481/873/1411 2483/874/1411 2484/742/1411
f 2485/873/1413 2486/742/1414 2487/740/1414
f 2485/873/1413 2487/740/1414 2488/739/1413
f 2489/874/1415 2490/846/1415 2491/842/1415
s 0
f 2489/874/1416 2491/842/1416 2492/841/1416
s 1
f 2493/874/1417 2494/841/1418 2495/875/1417
f 2493/874/1417 2495/875/1417 2496/745/1417
f 2497/874/1419 2498/745/1419 2499/743/1419
f 2497/874/1419 2499/743/1419 2500/742/1419
f 2501/875/1420 2502/841/1420 2503/838/1420
f 2501/875/1420 2503/838/1420 2504/837/1420
f 2505/875/1421 2506/837/1422 2507/876/1422
f 2505/875/1421 2507/876/1422 2508/748/1422
f 2509/875/1423 2510/748/1424 2511/746/1423
f 2509/875/1423 2511/746/1423 2512/745/1423
f 2513/876/1425 2514/837/1425 2515/835/1425
f 2513/876/1425 2515/835/1425 2516/877/1425
f 2517/876/1426 2518/877/1426 2519/878/1426
f 2517/876/1426 2519/878/1426 2520/879/1426
f 2521/876/1427 2522/879/1428 2523/749/1428
f 2521/876/1427 2523/749/1428 2524/748/1428
f 2525/879/1429 2526/878/1429 2527/880/1429
f 2525/879/1429 2527/880/1429 2528/881/1430
f 2529/879/1431 2530/881/1431 2531/750/1431
f 2529/879/1431 2531/750/1431 2532/749/1431
f 2533/881/1432 2534/880/1432 2535/882/1433
f 2533/881/1432 2535/882/1433 2536/883/1433
s 0
f 2537/881/1434 2538/883/1434 2539/752/1434
f 2537/881/1435 2539/752/1435 2540/750/1435
s 1
f 2541/883/1436 2542/882/1436 2543/884/1437
f 2541/883/1436 2543/884/1437 2544/885/1438
f 2545/883/1439 2546/885/1440 2547/754/1441
f 2545/883/1439 2547/754/1441 2548/752/1439
f 2549/885/1442 2550/884/1443 2551/886/1444
f 2549/885/1442 2551/886/1444 2552/887/1445
f 2553/885/1446 2554/887/1447 2555/888/1447
f 2553/885/1446 2555/888/1447 2556/754/1448
f 2557/888/1449 2558/887/1450 2559/889/1451
f 2557/888/1449 2559/889/1451 2560/890/1449
f 2561/888/1452 2562/890/1453 2563/891/1454
f 2561/888/1452 2563/891/1454 2564/757/1455
s 0
f 2565/888/1456 2566/757/1456 2567/755/1456
f 2565/888/1457 2567/755/1457 2568/754/1457
s 1
f 2569/891/1458 2570/890/1459 2571/892/1460
f 2569/891/1458 2571/892/1460 2572/893/1459
f 2573/891/1461 2574/893/1462 2575/894/1463
f 2573/891/1461 2575/894/1463 2576/760/1462
f 2577/891/1464 2578/760/1465 2579/758/1466
f 2577/891/1464 2579/758/1466 2580/757/1465
f 2581/894/1467 2582/893/1468 2583/895/1469
f 2581/894/1467 2583/895/1469 2584/896/1470
f 2585/894/1471 2586/896/1471 2587/897/1471
f 2585/894/1471 2587/897/1471 2588/898/1471
f 2589/894/1472 2590/898/1473 2591/761/1474
f 2589/894/1472 2591/761/1474 2592/760/1475
f 2593/898/1476 2594/897/1477 2595/768/1478
f 2593/898/1476 2595/768/1478 2596/766/1479
f 2597/898/1480 2598/766/1481 2599/762/1482
f 2597/898/1480 2599/762/1482 2600/761/1483
f 2601/897/1484 2602/896/1484 2603/899/1485
f 2601/897/1484 2603/899/1485 2604/773/1484
f 2605/897/1486 2606/773/1487 2607/770/1488
f 2605/897/1486 2607/770/1488 2608/768/1489
f 2609/899/1490 2610/896/1491 2611/895/1491
f 2609/899/1490 2611/895/1491 2612/900/1491
f 2613/899/1492 2614/900/1492 2615/901/1492
f 2613/899/1492 2615/901/1492 2616/902/1492
f 2617/899/1493 2618/902/1494 2619/774/1493
f 2617/899/1493 2619/774/1493 2620/773/1494
f 2621/902/1495 2622/901/1496 2623/903/1496
f 2621/902/1495 2623/903/1496 2624/904/1495
f 2625/902/1497 2626/904/1497 2627/775/1498
f 2625/902/1497 2627/775/1498 2628/774/1499
f 2629/904/1500 2630/903/1501 2631/905/1501
f 2629/904/1500 2631/905/1501 2632/906/1500
f 2633/904/1502 2634/906/1502 2635/777/1503
f 2633/904/1502 2635/777/1503 2636/775/1503
f 2637/907/1504 2638/908/1504 2639/781/1504
f 2637/907/1504 2639/781/1504 2640/780/1504
f 2641/907/1505 2642/909/1505 2643/910/1505
f 2641/907/1505 2643/910/1505 2644/908/1505
f 2645/910/1506 2646/911/1507 2647/786/1506
f 2645/910/1506 2647/786/1506 2648/908/1506
f 2649/910/1508 2650/909/1508 2651/912/1508
f 2649/910/1508 2651/912/1508 2652/913/1509
f 2653/910/1510 2654/913/1510 2655/914/1511
f 2653/910/1510 2655/914/1511 2656/911/1511
f 2657/914/1512 2658/915/1513 2659/789/1512
f 2657/914/1512 2659/789/1512 2660/911/1513
f 2661/914/1514 2662/913/1515 2663/916/1515
f 2661/914/1514 2663/916/1515 2664/917/1516
f 2665/914/1517 2666/917/1517 2667/918/1518
f 2665/914/1517 2667/918/1518 2668/915/1517
f 2669/918/1519 2670/919/1519 2671/792/1519
f 2669/918/1519 2671/792/1519 2672/915/1520
f 2673/918/1521 2674/917/1521 2675/920/1521
f 2673/918/1521 2675/920/1521 2676/921/1521
f 2677/918/1522 2678/921/1522 2679/922/1522
f 2677/918/1522 2679/922/1522 2680/919/1522
f 2681/922/1523 2682/923/1523 2683/795/1524
f 2681/922/1523 2683/795/1524 2684/919/1523
f 2685/922/1525 2686/921/1526 2687/924/1527
f 2685/922/1525 2687/924/1527 2688/925/1528
f 2689/922/1529 2690/925/1529 2691/926/1529
f 2689/922/1529 2691/926/1529 2692/923/1529
f 2693/926/1530 2694/927/1531 2695/798/1532
f 2693/926/1530 2695/798/1532 2696/923/1533
f 2697/926/1534 2698/925/1535 2699/928/1536
f 2697/926/1534 2699/928/1536 2700/929/1537
f 2701/926/1538 2702/929/1539 2703/930/1538
f 2701/926/1538 2703/930/1538 2704/927/1538
f 2705/930/1540 2706/931/1540 2707/801/1540
f 2705/930/1540 2707/801/1540 2708/927/1540
f 2709/930/1541 2710/929/1541 2711/932/1541
f 2709/930/1541 2711/932/1541 2712/933/1541
f 2713/930/1542 2714/933/1543 2715/934/1543
f 2713/930/1542 2715/934/1543 2716/931/1543
f 2717/934/1544 2718/935/1545 2719/804/1546
f 2717/934/1544 2719/804/1546 2720/931/1545
f 2721/934/1547 2722/933/1547 2723/936/1547
f 2721/934/1547 2723/936/1547 2724/937/1547
f 2725/934/1548 2726/937/1549 2727/938/1550
f 2725/934/1548 2727/938/1550 2728/935/1550
f 2729/938/1551 2730/939/1552 2731/940/1553
f 2729/938/1551 2731/940/1553 2732/935/1551
f 2733/941/1554 2734/942/1555 2735/943/1555
f 2733/941/1554 2735/943/1555 2736/944/1554
f 2737/941/1556 2738/944/1557 2739/945/1557
f 2737/941/1556 2739/945/1557 2740/946/1557
f 2741/945/1558 2742/947/1558 2743/948/1558
f 2741/945/1558 2743/948/1558 2744/946/1558
f 2745/945/1559 2746/944/1559 2747/949/1559
f 2745/945/1559 2747/949/1559 2748/950/1560
f 2749/945/1561 2750/950/1562 2751/951/1562
f 2749/945/1561 2751/951/1562 2752/947/1562
f 2753/951/1563 2754/952/1564 2755/829/1564
f 2753/951/1563 2755/829/1564 2756/947/1565
f 2757/951/1566 2758/950/1566 2759/880/1567
f 2757/951/1566 2759/880/1567 2760/878/1566
f 2761/951/1568 2762/878/1568 2763/877/1568
f 2761/951/1568 2763/877/1568 2764/952/1568
f 2765/952/1569 2766/833/1569 2767/830/1569
f 2765/952/1569 2767/830/1569 2768/829/1570
f 2769/952/1571 2770/877/1571 2771/835/1571
f 2769/952/1571 2771/835/1571 2772/833/1571
f 2773/950/1572 2774/949/1572 2775/882/1573
f 2773/950/1572 2775/882/1573 2776/880/1573
f 2777/949/1574 2778/944/1575 2779/943/1576
f 2777/949/1574 2779/943/1576 2780/953/1574
s 0
f 2781/949/1577 2782/953/1577 2783/884/1577
f 2781/949/1578 2783/884/1578 2784/882/1578
s 1
f 2785/953/1579 2786/943/1579 2787/954/1579
f 2785/953/1579 2787/954/1579 2788/955/1579
f 2789/953/1580 2790/955/1581 2791/886/1582
f 2789/953/1580 2791/886/1582 2792/884/1581
f 2793/955/1583 2794/954/1583 2795/956/1583
f 2793/955/1583 2795/956/1583 2796/957/1584
f 2797/955/1585 2798/957/1586 2799/958/1587
f 2797/955/1585 2799/958/1587 2800/886/1585
f 2801/958/1588 2802/957/1589 2803/959/1588
f 2801/958/1588 2803/959/1588 2804/960/1588
s 0
f 2805/958/1590 2806/960/1590 2807/961/1590
s 1
f 2805/958/1591 2807/961/1591 2808/889/1591
s 0
f 2809/958/1592 2810/889/1592 2811/887/1592
f 2809/958/1593 2811/887/1593 2812/886/1593
s 1
f 2813/961/1594 2814/960/1594 2815/962/1595
f 2813/961/1594 2815/962/1595 2816/963/1595
f 2817/961/1596 2818/963/1596 2819/964/1596
f 2817/961/1596 2819/964/1596 2820/892/1596
f 2821/961/1597 2822/892/1597 2823/890/1598
f 2821/961/1597 2823/890/1598 2824/889/1597
f 2825/964/1599 2826/963/1600 2827/965/1600
f 2825/964/1599 2827/965/1600 2828/966/1600
f 2829/964/1601 2830/966/1602 2831/900/1602
f 2829/964/1601 2831/900/1602 2832/895/1602
f 2833/964/1603 2834/895/1604 2835/893/1605
f 2833/964/1603 2835/893/1605 2836/892/1604
f 2837/966/1606 2838/965/1606 2839/967/1606
f 2837/966/1606 2839/967/1606 2840/968/1606
f 2841/966/1607 2842/968/1608 2843/901/1609
f 2841/966/1607 2843/901/1609 2844/900/1610
f 2845/968/1611 2846/967/1611 2847/492/1612
f 2845/968/1611 2847/492/1612 2848/491/1613
f 2849/968/1614 2850/491/1614 2851/903/1615
f 2849/968/1614 2851/903/1615 2852/901/1616
f 2853/967/1617 2854/965/1618 2855/969/1618
f 2853/967/1617 2855/969/1618 2856/970/1618
f 2857/967/1619 2858/970/1620 2859/498/1621
f 2857/967/1619 2859/498/1621 2860/492/1620
f 2861/970/1622 2862/969/1623 2863/971/1622
f 2861/970/1622 2863/971/1622 2864/972/1624
f 2865/970/1625 2866/972/1626 2867/499/1627
f 2865/970/1625 2867/499/1627 2868/498/1626
f 2869/972/1628 2870/971/1629 2871/973/1630
f 2869/972/1628 2871/973/1630 2872/974/1631
f 2873/972/1632 2874/974/1632 2875/496/1632
f 2873/972/1632 2875/496/1632 2876/499/1632
f 2877/975/1633 2878/976/1634 2879/977/1635
f 2877/975/1633 2879/977/1635 2880/978/1636
f 2881/975/1637 2882/978/1638 2883/495/1639
f 2881/975/1637 2883/495/1639 2884/979/1640
f 2885/978/1641 2886/977/1642 2887/980/1642
f 2885/978/1641 2887/980/1642 2888/981/1642
f 2889/978/1643 2890/981/1644 2891/487/1643
f 2889/978/1643 2891/487/1643 2892/495/1645
f 2893/981/1646 2894/980/1646 2895/982/1646
f 2893/981/1646 2895/982/1646 2896/983/1647
f 2897/981/1648 2898/983/1648 2899/488/1648
f 2897/981/1648 2899/488/1648 2900/487/1648
f 2901/983/1649 2902/982/1650 2903/984/1651
f 2901/983/1649 2903/984/1651 2904/985/1649
f 2905/983/1652 2906/985/1653 2907/986/1653
f 2905/983/1652 2907/986/1653 2908/488/1652
f 2909/985/1654 2910/984/1654 2911/920/1654
f 2909/985/1654 2911/920/1654 2912/987/1654
f 2913/985/1655 2914/987/1656 2915/988/1657
f 2913/985/1655 2915/988/1657 2916/986/1658
f 2917/987/1659 2918/920/1660 2919/917/1661
f 2917/987/1659 2919/917/1661 2920/916/1661
f 2921/987/1662 2922/916/1663 2923/989/1662
f 2921/987/1662 2923/989/1662 2924/988/1663
f 2925/984/1664 2926/924/1664 2927/921/1664
f 2925/984/1664 2927/921/1664 2928/920/1664
f 2929/984/1665 2930/982/1666 2931/990/1665
f 2929/984/1665 2931/990/1665 2932/924/1665
f 2933/990/1667 2934/928/1667 2935/925/1667
f 2933/990/1667 2935/925/1667 2936/924/1667
f 2937/990/1668 2938/982/1669 2939/980/1668
f 2937/990/1668 2939/980/1668 2940/991/1668
f 2941/990/1670 2942/991/1671 2943/992/1670
f 2941/990/1670 2943/992/1670 2944/928/1672
f 2945/992/1673 2946/932/1674 2947/929/1673
f 2945/992/1673 2947/929/1673 2948/928/1674
f 2949/992/1675 2950/991/1676 2951/993/1676
f 2949/992/1675 2951/993/1676 2952/994/1677
f 2953/992/1678 2954/994/1678 2955/995/1678
f 2953/992/1678 2955/995/1678 2956/932/1679
f 2957/995/1680 2958/936/1680 2959/933/1680
f 2957/995/1680 2959/933/1680 2960/932/1680
f 2961/996/1681 2962/997/1682 2963/998/1683
f 2961/996/1681 2963/998/1683 2964/956/1682
f 2965/996/1684 2966/956/1684 2967/954/1684
f 2965/996/1684 2967/954/1684 2968/999/1684
f 2969/1000/1685 2970/1001/1685 2971/1002/1686
f 2969/1000/1685 2971/1002/1686 2972/1003/1687
f 2973/1004/1688 2974/1005/1688 2975/1006/1688
f 2973/1004/1688 2975/1006/1688 2976/1007/1689
f 2977/998/1690 2978/959/1691 2979/957/1690
f 2977/998/1690 2979/957/1690 2980/956/1690
f 2981/1008/1692 2982/1009/1692 2983/973/1692
f 2981/1008/1692 2983/973/1692 2984/971/1692
f 2985/1008/1693 2986/971/1694 2987/969/1694
f 2985/1008/1693 2987/969/1694 2988/962/1694
f 2989/1008/1695 2990/962/1695 2991/960/1696
f 2989/1008/1695 2991/960/1696 2992/959/1695
f 2993/1010/1697 2994/993/1698 2995/977/1699
f 2993/1010/1697 2995/977/1699 2996/976/1699
f 2997/993/1700 2998/991/1701 2999/980/1702
f 2997/993/1700 2999/980/1702 3000/977/1702
f 3001/969/1703 3002/965/1703 3003/963/1704
f 3001/969/1703 3003/963/1704 3004/962/1703
f 3005/954/1705 3006/943/1705 3007/942/1705
f 3005/954/1705 3007/942/1705 3008/999/1706
f 3009/947/1707 3010/829/1708 3011/828/1708
f 3009/947/1707 3011/828/1708 3012/948/1708
f 3013/1011/1709 3014/822/1710 3015/821/1710
f 3013/1011/1709 3015/821/1710 3016/1012/1711
f 3017/935/1712 3018/940/1712 3019/805/1712
f 3017/935/1712 3019/805/1712 3020/804/1712
f 3021/931/1713 3022/804/1713 3023/802/1713
f 3021/931/1713 3023/802/1713 3024/801/1713
f 3025/927/1714 3026/801/1715 3027/799/1716
f 3025/927/1714 3027/799/1716 3028/798/1715
f 3029/923/1717 3030/798/1717 3031/796/1717
f 3029/923/1717 3031/796/1717 3032/795/1717
f 3033/919/1718 3034/795/1718 3035/793/1719
f 3033/919/1718 3035/793/1719 3036/792/1718
f 3037/916/1720 3038/913/1720 3039/912/1720
f 3037/916/1720 3039/912/1720 3040/989/1720
f 3041/915/1721 3042/792/1722 3043/790/1723
f 3041/915/1721 3043/790/1723 3044/789/1722
f 3045/911/1724 3046/789/1725 3047/787/1726
f 3045/911/1724 3047/787/1726 3048/786/1726
f 3049/908/1727 3050/786/1727 3051/783/1728
f 3049/908/1727 3051/783/1728 3052/781/1727
f 3053/863/1729 3054/696/1730 3055/692/1731
f 3053/863/1729 3055/692/1731 3056/691/1730
f 3057/863/1732 3058/691/1733 3059/856/1734
f 3057/863/1732 3059/856/1734 3060/855/1733
f 3061/856/1735 3062/691/1735 3063/687/1736
f 3061/856/1735 3063/687/1736 3064/686/1735
f 3065/856/1737 3066/686/1738 3067/1013/1738
f 3065/856/1737 3067/1013/1738 3068/857/1737
f 3069/1013/1739 3070/686/1740 3071/683/1741
f 3069/1013/1739 3071/683/1741 3072/1014/1741
f 3073/850/1742 3074/1015/1742 3075/845/1743
f 3073/850/1742 3075/845/1743 3076/844/1743
f 3077/845/1744 3078/1015/1744 3079/676/1744
f 3077/845/1744 3079/676/1744 3080/512/1744
f 3081/845/1745 3082/512/1745 3083/511/1746
f 3081/845/1745 3083/511/1746 3084/840/1746
f 3085/700/1747 3086/1016/1747 3087/632/1748
f 3085/700/1747 3087/632/1748 3088/1017/1747
f 3089/700/1749 3090/1017/1750 3091/695/1750
f 3089/700/1749 3091/695/1750 3092/694/1750
f 3093/700/1751 3094/699/1752 3095/545/1753
f 3093/700/1751 3095/545/1753 3096/1016/1754
f 3097/1017/1755 3098/632/1756 3099/631/1757
f 3097/1017/1755 3099/631/1757 3100/637/1756
f 3101/1017/1758 3102/637/1758 3103/1018/1758
f 3101/1017/1758 3103/1018/1758 3104/695/1758
f 3105/1018/1759 3106/690/1759 3107/689/1760
f 3105/1018/1759 3107/689/1760 3108/695/1761
f 3109/1018/1762 3110/637/1762 3111/636/1762
f 3109/1018/1762 3111/636/1762 3112/642/1762
f 3113/1018/1763 3114/642/1764 3115/532/1763
f 3113/1018/1763 3115/532/1763 3116/690/1763
f 3117/1016/1765 3118/545/1766 3119/544/1767
f 3117/1016/1765 3119/544/1767 3120/627/1766
f 3121/1016/1768 3122/627/1769 3123/626/1770
f 3121/1016/1768 3123/626/1770 3124/632/1771
f 3125/690/1772 3126/532/1772 3127/528/1773
f 3125/690/1772 3127/528/1773 3128/685/1773
f 3129/676/1774 3130/671/1775 3131/508/1775
f 3129/676/1774 3131/508/1775 3132/512/1776
f 3133/675/1777 3134/529/1777 3135/665/1777
f 3133/675/1777 3135/665/1777 3136/1019/1778
f 3137/657/1779 3138/514/1780 3139/668/1779
f 3137/657/1779 3139/668/1779 3140/1020/1781
f 3141/642/1782 3142/641/1783 3143/530/1782
f 3141/642/1782 3143/530/1782 3144/532/1782
f 3145/627/1784 3146/544/1785 3147/546/1786
f 3145/627/1784 3147/546/1786 3148/622/1785
f 3149/618/1787 3150/617/1787 3151/546/1788
f 3149/618/1787 3151/546/1788 3152/543/1789
f 3153/608/1790 3154/521/1790 3155/520/1790
f 3153/608/1790 3155/520/1790 3156/603/1790
f 3157/598/1791 3158/597/1792 3159/518/1792
f 3157/598/1791 3159/518/1792 3160/517/1792
f 3161/577/1793 3162/573/1794 3163/538/1793
f 3161/577/1793 3163/538/1793 3164/537/1795
f 3165/566/1796 3166/565/1797 3167/535/1798
f 3165/566/1796 3167/535/1798 3168/534/1797
f 3169/1021/1799 3170/905/1800 3171/903/1800
f 3169/1021/1799 3171/903/1800 3172/491/1799
f 3173/1022/1801 3174/1023/1802 3175/1024/1802
f 3173/1022/1801 3175/1024/1802 3176/1025/1802
f 3177/1025/1803 3178/1026/1803 3179/1027/1804
f 3177/1025/1803 3179/1027/1804 3180/1022/1803
f 3181/654/1805 3182/653/1806 3183/1028/1805
f 3181/654/1805 3183/1028/1805 3184/658/1807
f 3185/1029/1808 3186/667/1809 3187/670/1810
f 3185/1029/1808 3187/670/1810 3188/1030/1811
f 3189/1029/1812 3190/1031/1812 3191/666/1812
f 3189/1029/1812 3191/666/1812 3192/667/1812
f 3193/666/1813 3194/1031/1813 3195/1032/1814
f 3193/666/1813 3195/1032/1814 3196/668/1814
f 3197/1033/1815 3198/1034/1816 3199/1035/1816
f 3197/1033/1815 3199/1035/1816 3200/1036/1815
f 3201/669/1817 3202/673/1818 3203/1037/1819
f 3201/669/1817 3203/1037/1819 3204/670/1817
f 3205/664/1820 3206/1038/1821 3207/1019/1821
f 3205/664/1820 3207/1019/1821 3208/665/1822
