# Blender 4.5.4 LTS
# www.blender.org
mtllib butterfly_left_wing.mtl
o 1
o 2
o 1.001
v 0.324300 -32.834087 -4.148227
v 0.324300 -32.834087 -4.148227
v 0.324300 -32.834087 -4.148227
v 0.340500 -32.907707 -4.132183
v 0.340500 -32.907707 -4.132183
v 0.340500 -32.907707 -4.132183
v 1.197540 -29.018402 1.650601
v 1.197540 -29.018402 1.650601
v 1.197540 -29.018402 1.650601
v 1.197540 -29.018402 1.650601
v 1.202140 -28.946289 2.005429
v 1.202140 -28.946289 2.005429
v 1.202140 -28.946289 2.005429
v 1.202140 -28.946289 2.005429
v 1.536830 -32.644897 -4.042129
v 1.536830 -32.644897 -4.042129
v 1.536830 -32.644897 -4.042129
v 1.536830 -32.644897 -4.042129
v 1.650850 -32.444710 -3.506980
v 1.650850 -32.444710 -3.506980
v 1.650850 -32.444710 -3.506980
v 1.650850 -32.444710 -3.506980
v 2.054290 -29.178061 1.577155
v 2.054290 -29.178061 1.577155
v 2.054290 -29.178061 1.577155
v 2.054290 -29.178061 1.577155
v 2.401690 -30.153912 -0.188453
v 2.401690 -30.153912 -0.188453
v 2.401690 -30.153912 -0.188453
v 2.401690 -30.153912 -0.188453
v 3.494530 -35.117092 -8.630707
v 3.494530 -35.117092 -8.630707
v 3.494530 -35.117092 -8.630707
v 3.494530 -35.117092 -8.630707
v 3.537370 -30.452362 -0.542161
v 3.537370 -30.452362 -0.542161
v 3.537370 -30.452362 -0.542161
v 3.537370 -30.452362 -0.542161
v 4.093520 -34.937138 -8.080403
v 4.093520 -34.937138 -8.080403
v 4.093520 -34.937138 -8.080403
v 4.093520 -34.937138 -8.080403
v 4.093520 -34.937138 -8.080403
v 4.850510 -39.652733 -15.273222
v 4.850510 -39.652733 -15.273222
v 4.850510 -39.652733 -15.273222
v 4.850510 -39.652733 -15.273222
v 5.209870 -44.616173 -23.098854
v 5.209870 -44.616173 -23.098854
v 5.209870 -44.616173 -23.098854
v 5.209870 -44.616173 -23.098854
v 5.329900 -39.796768 -15.316196
v 5.329900 -39.796768 -15.316196
v 5.329900 -39.796768 -15.316196
v 5.329900 -39.796768 -15.316196
v 5.432740 -33.836105 -6.748206
v 5.432740 -33.836105 -6.748206
v 5.432740 -33.836105 -6.748206
v 5.432740 -33.836105 -6.748206
v 5.432740 -33.836105 -6.748206
v 5.512260 -44.595913 -22.966404
v 5.512260 -44.595913 -22.966404
v 5.512260 -44.595913 -22.966404
v 5.512260 -44.595913 -22.966404
v 6.015030 -35.673855 -9.484549
v 6.015030 -35.673855 -9.484549
v 6.015030 -35.673855 -9.484549
v 6.015030 -35.673855 -9.484549
v 6.074870 -32.123901 -3.676303
v 6.074870 -32.123901 -3.676303
v 6.074870 -32.123901 -3.676303
v 6.074870 -32.123901 -3.676303
v 6.079710 -39.337395 -14.984685
v 6.079710 -39.337395 -14.984685
v 6.079710 -39.337395 -14.984685
v 6.079710 -39.337395 -14.984685
v 6.176190 -48.513260 -29.046177
v 6.176190 -48.513260 -29.046177
v 6.176190 -48.513260 -29.046177
v 6.176190 -48.513260 -29.046177
v 6.662600 -44.217827 -22.799288
v 6.662600 -44.217827 -22.799288
v 6.662600 -44.217827 -22.799288
v 6.662600 -44.217827 -22.799288
v 6.688200 -48.101986 -28.919495
v 6.688200 -48.101986 -28.919495
v 6.688200 -48.101986 -28.919495
v 6.688200 -48.101986 -28.919495
v 6.712050 -39.834560 -15.612529
v 6.712050 -39.834560 -15.612529
v 6.712050 -39.834560 -15.612529
v 6.712050 -39.834560 -15.612529
v 6.998430 -44.198841 -22.621637
v 6.998430 -44.198841 -22.621637
v 6.998430 -44.198841 -22.621637
v 6.998430 -44.198841 -22.621637
v 7.136590 -28.184605 3.192883
v 7.136590 -28.184605 3.192883
v 7.136590 -28.184605 3.192883
v 7.136590 -28.184605 3.192883
v 7.178990 -28.607395 2.305950
v 7.178990 -28.607395 2.305950
v 7.178990 -28.607395 2.305950
v 7.178990 -28.607395 2.305950
v 7.604720 -28.308136 2.628052
v 7.604720 -28.308136 2.628052
v 7.604720 -28.308136 2.628052
v 7.604720 -28.308136 2.628052
v 7.750910 -47.874008 -28.734957
v 7.750910 -47.874008 -28.734957
v 7.750910 -47.874008 -28.734957
v 7.750910 -47.874008 -28.734957
v 7.799650 -39.223091 -15.110247
v 7.799650 -39.223091 -15.110247
v 7.799650 -39.223091 -15.110247
v 7.799650 -39.223091 -15.110247
v 7.971830 -51.284637 -33.097591
v 7.971830 -51.284637 -33.097591
v 7.971830 -51.284637 -33.097591
v 7.971830 -51.284637 -33.097591
v 8.269150 -35.978115 -10.232067
v 8.269150 -35.978115 -10.232067
v 8.269150 -35.978115 -10.232067
v 8.269150 -35.978115 -10.232067
v 8.317780 -50.984264 -33.250584
v 8.317780 -50.984264 -33.250584
v 8.317780 -50.984264 -33.250584
v 8.317780 -50.984264 -33.250584
v 8.335670 -28.812489 1.947236
v 8.335670 -28.812489 1.947236
v 8.335670 -28.812489 1.947236
v 8.335670 -28.812489 1.947236
v 8.400460 -34.611645 -8.349623
v 8.400460 -34.611645 -8.349623
v 8.400460 -34.611645 -8.349623
v 8.400460 -34.611645 -8.349623
v 8.436020 -28.865700 1.550191
v 8.436020 -28.865700 1.550191
v 8.436020 -28.865700 1.550191
v 8.436020 -28.865700 1.550191
v 8.469500 -47.657269 -28.498640
v 8.469500 -47.657269 -28.498640
v 8.469500 -47.657269 -28.498640
v 8.469500 -47.657269 -28.498640
v 8.502000 -43.777733 -22.458275
v 8.502000 -43.777733 -22.458275
v 8.502000 -43.777733 -22.458275
v 8.502000 -43.777733 -22.458275
v 8.525980 -33.731945 -6.587082
v 8.525980 -33.731945 -6.587082
v 8.525980 -33.731945 -6.587082
v 8.600650 -29.871704 -0.016479
v 8.600650 -29.871704 -0.016479
v 8.600650 -29.871704 -0.016479
v 8.600650 -29.871704 -0.016479
v 8.790640 -39.646721 -15.755747
v 8.790640 -39.646721 -15.755747
v 8.790640 -39.646721 -15.755747
v 8.790640 -39.646721 -15.755747
v 8.801900 -43.770004 -22.276499
v 8.801900 -43.770004 -22.276499
v 8.801900 -43.770004 -22.276499
v 8.801900 -43.770004 -22.276499
v 9.131430 -29.810646 -0.201829
v 9.131430 -29.810646 -0.201829
v 9.131430 -29.810646 -0.201829
v 9.131430 -29.810646 -0.201829
v 9.288670 -39.003353 -15.112631
v 9.288670 -39.003353 -15.112631
v 9.288670 -39.003353 -15.112631
v 9.288670 -39.003353 -15.112631
v 9.598890 -50.884644 -33.157326
v 9.598890 -50.884644 -33.157326
v 9.598890 -50.884644 -33.157326
v 9.598890 -50.884644 -33.157326
v 10.086160 -47.272026 -28.356857
v 10.086160 -47.272026 -28.356857
v 10.086160 -47.272026 -28.356857
v 10.086160 -47.272026 -28.356857
v 10.086180 -50.695271 -33.071110
v 10.086180 -50.695271 -33.071110
v 10.086180 -50.695271 -33.071110
v 10.086180 -50.695271 -33.071110
v 10.285660 -54.148418 -37.397850
v 10.285660 -54.148418 -37.397850
v 10.285660 -54.148418 -37.397850
v 10.285660 -54.148418 -37.397850
v 10.882670 -54.164513 -37.353134
v 10.882670 -54.164513 -37.353134
v 10.882670 -54.164513 -37.353134
v 10.882670 -54.164513 -37.353134
v 10.922850 -47.145786 -28.092899
v 10.922850 -47.145786 -28.092899
v 10.922850 -47.145786 -28.092899
v 10.922850 -47.145786 -28.092899
v 11.428720 -31.467886 -3.116872
v 11.428720 -31.467886 -3.116872
v 11.428720 -31.467886 -3.116872
v 11.428720 -31.467886 -3.116872
v 11.473580 -35.610970 -9.958403
v 11.473580 -35.610970 -9.958403
v 11.473580 -35.610970 -9.958403
v 11.473580 -35.610970 -9.958403
v 11.502770 -35.103737 -9.374303
v 11.502770 -35.103737 -9.374303
v 11.502770 -35.103737 -9.374303
v 11.502770 -35.103737 -9.374303
v 11.566360 -53.970699 -37.212929
v 11.566360 -53.970699 -37.212929
v 11.566360 -53.970699 -37.212929
v 11.566360 -53.970699 -37.212929
v 11.578540 -43.069424 -21.951859
v 11.578540 -43.069424 -21.951859
v 11.578540 -43.069424 -21.951859
v 11.578540 -43.069424 -21.951859
v 11.644570 -32.979042 -5.481483
v 11.644570 -32.979042 -5.481483
v 11.644570 -32.979042 -5.481483
v 11.644570 -32.979042 -5.481483
v 11.893770 -50.433575 -33.093460
v 11.893770 -50.433575 -33.093460
v 11.893770 -50.433575 -33.093460
v 11.893770 -50.433575 -33.093460
v 11.961270 -39.056038 -15.552631
v 11.961270 -39.056038 -15.552631
v 11.961270 -39.056038 -15.552631
v 11.961270 -39.056038 -15.552631
v 12.598800 -50.356846 -32.891880
v 12.598800 -50.356846 -32.891880
v 12.598800 -50.356846 -32.891880
v 12.598800 -50.356846 -32.891880
v 12.615830 -57.277603 -41.393204
v 12.615830 -57.277603 -41.393204
v 12.615830 -57.277603 -41.393204
v 12.615830 -57.277603 -41.393204
v 13.013000 -53.754993 -37.291473
v 13.013000 -53.754993 -37.291473
v 13.013000 -53.754993 -37.291473
v 13.013000 -53.754993 -37.291473
v 13.155870 -57.236279 -41.303497
v 13.155870 -57.236279 -41.303497
v 13.155870 -57.236279 -41.303497
v 13.155870 -57.236279 -41.303497
v 13.196390 -32.646194 -5.259565
v 13.196390 -32.646194 -5.259565
v 13.196390 -32.646194 -5.259565
v 13.354480 -42.782726 -21.676481
v 13.354480 -42.782726 -21.676481
v 13.354480 -42.782726 -21.676481
v 13.354480 -42.782726 -21.676481
v 13.405910 -53.679626 -37.052620
v 13.405910 -53.679626 -37.052620
v 13.405910 -53.679626 -37.052620
v 13.405910 -53.679626 -37.052620
v 13.895320 -46.480499 -27.726810
v 13.895320 -46.480499 -27.726810
v 13.895320 -46.480499 -27.726810
v 13.895320 -46.480499 -27.726810
v 14.015870 -57.054379 -41.361237
v 14.015870 -57.054379 -41.361237
v 14.015870 -57.054379 -41.361237
v 14.015870 -57.054379 -41.361237
v 14.359980 -59.978016 -44.836456
v 14.359980 -59.978016 -44.836456
v 14.359980 -59.978016 -44.836456
v 14.359980 -59.978016 -44.836456
v 14.513740 -59.950657 -45.002369
v 14.513740 -59.950657 -45.002369
v 14.513740 -59.950657 -45.002369
v 14.513740 -59.950657 -45.002369
v 14.586660 -57.032230 -41.212627
v 14.586660 -57.032230 -41.212627
v 14.586660 -57.032230 -41.212627
v 14.586660 -57.032230 -41.212627
v 14.852060 -60.148258 -45.106045
v 14.852060 -60.148258 -45.106045
v 14.852060 -60.148258 -45.106045
v 14.852060 -60.148258 -45.106045
v 15.239340 -62.170799 -47.819046
v 15.239340 -62.170799 -47.819046
v 15.239340 -62.170799 -47.819046
v 15.239340 -62.170799 -47.819046
v 15.365820 -46.283253 -27.495201
v 15.365820 -46.283253 -27.495201
v 15.365820 -46.283253 -27.495201
v 15.365820 -46.283253 -27.495201
v 15.429650 -38.288288 -14.903981
v 15.429650 -38.288288 -14.903981
v 15.429650 -38.288288 -14.903981
v 15.429650 -38.288288 -14.903981
v 15.570810 -62.360718 -47.925896
v 15.570810 -62.360718 -47.925896
v 15.570810 -62.360718 -47.925896
v 15.570810 -62.360718 -47.925896
v 15.809310 -53.446651 -37.206570
v 15.809310 -53.446651 -37.206570
v 15.809310 -53.446651 -37.206570
v 15.809310 -53.446651 -37.206570
v 15.818620 -63.837849 -49.939720
v 15.818620 -63.837849 -49.939720
v 15.818620 -63.837849 -49.939720
v 15.818620 -63.837849 -49.939720
v 15.846650 -59.610672 -44.728539
v 15.846650 -59.610672 -44.728539
v 15.846650 -59.610672 -44.728539
v 15.846650 -59.610672 -44.728539
v 15.871750 -62.241943 -47.990860
v 15.871750 -62.241943 -47.990860
v 15.871750 -62.241943 -47.990860
v 15.871750 -62.241943 -47.990860
v 15.967480 -64.053421 -50.050423
v 15.967480 -64.053421 -50.050423
v 15.967480 -64.053421 -50.050423
v 15.967480 -64.053421 -50.050423
v 15.981810 -56.667988 -41.130238
v 15.981810 -56.667988 -41.130238
v 15.981810 -56.667988 -41.130238
v 15.981810 -56.667988 -41.130238
v 16.107710 -28.362724 2.226012
v 16.107710 -28.362724 2.226012
v 16.107710 -28.362724 2.226012
v 16.107710 -28.362724 2.226012
v 16.180519 -65.022896 -51.441135
v 16.180519 -65.022896 -51.441135
v 16.180519 -65.022896 -51.441135
v 16.180519 -65.022896 -51.441135
v 16.221460 -65.212219 -51.499344
v 16.221460 -65.212219 -51.499344
v 16.221460 -65.212219 -51.499344
v 16.221460 -65.212219 -51.499344
v 16.322380 -29.477087 0.320150
v 16.322380 -29.477087 0.320150
v 16.322380 -29.477087 0.320150
v 16.322380 -29.477087 0.320150
v 16.337629 -28.144260 2.627024
v 16.337629 -28.144260 2.627024
v 16.337629 -28.144260 2.627024
v 16.337629 -28.144260 2.627024
v 16.374020 -60.030479 -45.135101
v 16.374020 -60.030479 -45.135101
v 16.374020 -60.030479 -45.135101
v 16.374020 -60.030479 -45.135101
v 16.384319 -28.380478 2.191783
v 16.384319 -28.380478 2.191783
v 16.384319 -28.380478 2.191783
v 16.384319 -28.380478 2.191783
v 16.406679 -27.952984 2.640954
v 16.406679 -27.952984 2.640954
v 16.406679 -27.952984 2.640954
v 16.406679 -27.952984 2.640954
v 16.458851 -66.070389 -52.596931
v 16.458851 -66.070389 -52.596931
v 16.458851 -66.070389 -52.596931
v 16.458851 -66.070389 -52.596931
v 16.477690 -27.648790 3.191184
v 16.477690 -27.648790 3.191184
v 16.477690 -27.648790 3.191184
v 16.477690 -27.648790 3.191184
v 16.533131 -49.815926 -32.760597
v 16.533131 -49.815926 -32.760597
v 16.533131 -49.815926 -32.760597
v 16.533131 -49.815926 -32.760597
v 16.534630 -65.839752 -52.509224
v 16.534630 -65.839752 -52.509224
v 16.534630 -65.839752 -52.509224
v 16.534630 -65.839752 -52.509224
v 16.543060 -63.786812 -49.978378
v 16.543060 -63.786812 -49.978378
v 16.543060 -63.786812 -49.978378
v 16.543060 -63.786812 -49.978378
v 16.642050 -35.051437 -9.464598
v 16.642050 -35.051437 -9.464598
v 16.642050 -35.051437 -9.464598
v 16.642050 -35.051437 -9.464598
v 16.666201 -62.668373 -48.429649
v 16.666201 -62.668373 -48.429649
v 16.666201 -62.668373 -48.429649
v 16.666201 -62.668373 -48.429649
v 16.670300 -28.412582 1.871322
v 16.670300 -28.412582 1.871322
v 16.670300 -28.412582 1.871322
v 16.670300 -28.412582 1.871322
v 16.749540 -66.854424 -53.747726
v 16.749540 -66.854424 -53.747726
v 16.749540 -66.854424 -53.747726
v 16.749540 -66.854424 -53.747726
v 16.829180 -64.893623 -51.383522
v 16.829180 -64.893623 -51.383522
v 16.829180 -64.893623 -51.383522
v 16.829180 -64.893623 -51.383522
v 16.872740 -64.327484 -50.503620
v 16.872740 -64.327484 -50.503620
v 16.872740 -64.327484 -50.503620
v 16.872740 -64.327484 -50.503620
v 16.873529 -65.890862 -52.437096
v 16.873529 -65.890862 -52.437096
v 16.873529 -65.890862 -52.437096
v 16.927731 -65.256790 -51.661446
v 16.927731 -65.256790 -51.661446
v 16.927731 -65.256790 -51.661446
v 16.927731 -65.256790 -51.661446
v 16.961269 -65.524261 -52.191566
v 16.961269 -65.524261 -52.191566
v 16.961269 -65.524261 -52.191566
v 17.066071 -66.448532 -53.408592
v 17.066071 -66.448532 -53.408592
v 17.066071 -66.448532 -53.408592
v 17.066071 -66.448532 -53.408592
v 17.160999 -41.927666 -21.093025
v 17.160999 -41.927666 -21.093025
v 17.160999 -41.927666 -21.093025
v 17.160999 -41.927666 -21.093025
v 17.188761 -32.074257 -4.132997
v 17.188761 -32.074257 -4.132997
v 17.188761 -32.074257 -4.132997
v 17.188761 -32.074257 -4.132997
v 17.257389 -61.821255 -47.669075
v 17.257389 -61.821255 -47.669075
v 17.257389 -61.821255 -47.669075
v 17.257389 -61.821255 -47.669075
v 17.290951 -30.232689 -1.253594
v 17.290951 -30.232689 -1.253594
v 17.290951 -30.232689 -1.253594
v 17.290951 -30.232689 -1.253594
v 17.381290 -59.119125 -44.377125
v 17.381290 -59.119125 -44.377125
v 17.381290 -59.119125 -44.377125
v 17.381290 -59.119125 -44.377125
v 17.482969 -66.161232 -52.933201
v 17.482969 -66.161232 -52.933201
v 17.482969 -66.161232 -52.933201
v 17.482969 -66.161232 -52.933201
v 17.558729 -56.988098 -41.534634
v 17.558729 -56.988098 -41.534634
v 17.558729 -56.988098 -41.534634
v 17.558729 -56.988098 -41.534634
v 17.587500 -35.412018 -9.836551
v 17.587500 -35.412018 -9.836551
v 17.587500 -35.412018 -9.836551
v 17.587500 -35.412018 -9.836551
v 17.620180 -32.304188 -4.799308
v 17.620180 -32.304188 -4.799308
v 17.620180 -32.304188 -4.799308
v 17.620180 -32.304188 -4.799308
v 17.645010 -67.049103 -54.259087
v 17.645010 -67.049103 -54.259087
v 17.645010 -67.049103 -54.259087
v 17.645010 -67.049103 -54.259087
v 17.676180 -49.827930 -32.690830
v 17.676180 -49.827930 -32.690830
v 17.676180 -49.827930 -32.690830
v 17.676180 -49.827930 -32.690830
v 17.699051 -65.643753 -52.493412
v 17.699051 -65.643753 -52.493412
v 17.699051 -65.643753 -52.493412
v 17.699051 -65.643753 -52.493412
v 17.921070 -38.662594 -15.371795
v 17.921070 -38.662594 -15.371795
v 17.921070 -38.662594 -15.371795
v 17.921070 -38.662594 -15.371795
v 17.922260 -63.503273 -49.847893
v 17.922260 -63.503273 -49.847893
v 17.922260 -63.503273 -49.847893
v 17.922260 -63.503273 -49.847893
v 18.003620 -66.521561 -53.755939
v 18.003620 -66.521561 -53.755939
v 18.003620 -66.521561 -53.755939
v 18.003620 -66.521561 -53.755939
v 18.047489 -64.750458 -51.415596
v 18.047489 -64.750458 -51.415596
v 18.047489 -64.750458 -51.415596
v 18.047489 -64.750458 -51.415596
v 18.057159 -65.402863 -52.069500
v 18.057159 -65.402863 -52.069500
v 18.057159 -65.402863 -52.069500
v 18.057159 -65.402863 -52.069500
v 18.327080 -66.376358 -53.452156
v 18.327080 -66.376358 -53.452156
v 18.327080 -66.376358 -53.452156
v 18.327080 -66.376358 -53.452156
v 18.483761 -64.373314 -50.854519
v 18.483761 -64.373314 -50.854519
v 18.483761 -64.373314 -50.854519
v 18.483761 -64.373314 -50.854519
v 18.568529 -56.489075 -41.183380
v 18.568529 -56.489075 -41.183380
v 18.568529 -56.489075 -41.183380
v 18.568529 -56.489075 -41.183380
v 18.568529 -56.489075 -41.183380
v 18.574381 -66.811707 -54.014660
v 18.574381 -66.811707 -54.014660
v 18.574381 -66.811707 -54.014660
v 18.697149 -61.334793 -47.381908
v 18.697149 -61.334793 -47.381908
v 18.697149 -61.334793 -47.381908
v 18.697149 -61.334793 -47.381908
v 18.717270 -65.742767 -52.911602
v 18.717270 -65.742767 -52.911602
v 18.717270 -65.742767 -52.911602
v 18.717270 -65.742767 -52.911602
v 18.787189 -62.779045 -48.956856
v 18.787189 -62.779045 -48.956856
v 18.787189 -62.779045 -48.956856
v 18.787189 -62.779045 -48.956856
v 18.936979 -42.041840 -21.110584
v 18.936979 -42.041840 -21.110584
v 18.936979 -42.041840 -21.110584
v 18.936979 -42.041840 -21.110584
v 18.939270 -66.418800 -53.895260
v 18.939270 -66.418800 -53.895260
v 18.939270 -66.418800 -53.895260
v 18.939270 -66.418800 -53.895260
v 19.024521 -52.888222 -36.845848
v 19.024521 -52.888222 -36.845848
v 19.024521 -52.888222 -36.845848
v 19.024521 -52.888222 -36.845848
v 19.100700 -66.393570 -53.721237
v 19.100700 -66.393570 -53.721237
v 19.100700 -66.393570 -53.721237
v 19.100700 -66.393570 -53.721237
v 19.106020 -58.667076 -44.294140
v 19.106020 -58.667076 -44.294140
v 19.106020 -58.667076 -44.294140
v 19.106020 -58.667076 -44.294140
v 19.166470 -45.331837 -26.880499
v 19.166470 -45.331837 -26.880499
v 19.166470 -45.331837 -26.880499
v 19.166470 -45.331837 -26.880499
v 19.198530 -65.573486 -52.657188
v 19.198530 -65.573486 -52.657188
v 19.198530 -65.573486 -52.657188
v 19.198530 -65.573486 -52.657188
v 19.208790 -59.987888 -45.726360
v 19.208790 -59.987888 -45.726360
v 19.208790 -59.987888 -45.726360
v 19.208790 -59.987888 -45.726360
v 19.253241 -53.436317 -37.441597
v 19.253241 -53.436317 -37.441597
v 19.253241 -53.436317 -37.441597
v 19.253241 -53.436317 -37.441597
v 19.253241 -53.436317 -37.441597
v 19.314840 -64.699539 -51.801018
v 19.314840 -64.699539 -51.801018
v 19.314840 -64.699539 -51.801018
v 19.314840 -64.699539 -51.801018
v 19.383570 -63.278130 -49.991001
v 19.383570 -63.278130 -49.991001
v 19.383570 -63.278130 -49.991001
v 19.383570 -63.278130 -49.991001
v 19.404690 -66.126129 -53.966892
v 19.404690 -66.126129 -53.966892
v 19.404690 -66.126129 -53.966892
v 19.754450 -65.882309 -53.458027
v 19.754450 -65.882309 -53.458027
v 19.754450 -65.882309 -53.458027
v 19.754450 -65.882309 -53.458027
v 19.912319 -65.664162 -53.002464
v 19.912319 -65.664162 -53.002464
v 19.912319 -65.664162 -53.002464
v 19.912319 -65.664162 -53.002464
v 20.017120 -60.659500 -47.030834
v 20.017120 -60.659500 -47.030834
v 20.017120 -60.659500 -47.030834
v 20.017120 -60.659500 -47.030834
v 20.040489 -64.477234 -51.621437
v 20.040489 -64.477234 -51.621437
v 20.040489 -64.477234 -51.621437
v 20.040489 -64.477234 -51.621437
v 20.066839 -65.482460 -53.425495
v 20.066839 -65.482460 -53.425495
v 20.066839 -65.482460 -53.425495
v 20.066839 -65.482460 -53.425495
v 20.233040 -57.096706 -42.929535
v 20.233040 -57.096706 -42.929535
v 20.233040 -57.096706 -42.929535
v 20.233040 -57.096706 -42.929535
v 20.352449 -57.111080 -43.218357
v 20.352449 -57.111080 -43.218357
v 20.352449 -57.111080 -43.218357
v 20.352449 -57.111080 -43.218357
v 20.408529 -45.402466 -26.812033
v 20.408529 -45.402466 -26.812033
v 20.408529 -45.402466 -26.812033
v 20.408529 -45.402466 -26.812033
v 20.476370 -58.304382 -44.626419
v 20.476370 -58.304382 -44.626419
v 20.476370 -58.304382 -44.626419
v 20.476370 -58.304382 -44.626419
v 20.500959 -62.809425 -49.903828
v 20.500959 -62.809425 -49.903828
v 20.500959 -62.809425 -49.903828
v 20.500959 -62.809425 -49.903828
v 20.517160 -62.839264 -49.656837
v 20.517160 -62.839264 -49.656837
v 20.517160 -62.839264 -49.656837
v 20.517160 -62.839264 -49.656837
v 20.635509 -55.080898 -40.491112
v 20.635509 -55.080898 -40.491112
v 20.635509 -55.080898 -40.491112
v 20.635509 -55.080898 -40.491112
v 20.676140 -64.794586 -52.403820
v 20.676140 -64.794586 -52.403820
v 20.676140 -64.794586 -52.403820
v 20.676140 -64.794586 -52.403820
v 20.776279 -64.075485 -52.109344
v 20.776279 -64.075485 -52.109344
v 20.776279 -64.075485 -52.109344
v 20.776279 -64.075485 -52.109344
v 20.869619 -64.163048 -52.248070
v 20.869619 -64.163048 -52.248070
v 20.869619 -64.163048 -52.248070
v 20.869619 -64.163048 -52.248070
v 20.990330 -59.943390 -46.662334
v 20.990330 -59.943390 -46.662334
v 20.990330 -59.943390 -46.662334
v 20.990330 -59.943390 -46.662334
v 21.099770 -48.773209 -32.209297
v 21.099770 -48.773209 -32.209297
v 21.099770 -48.773209 -32.209297
v 21.099770 -48.773209 -32.209297
v 21.167761 -57.286690 -43.922680
v 21.167761 -57.286690 -43.922680
v 21.167761 -57.286690 -43.922680
v 21.262030 -57.758507 -44.523174
v 21.262030 -57.758507 -44.523174
v 21.262030 -57.758507 -44.523174
v 21.390671 -61.864506 -50.421795
v 21.390671 -61.864506 -50.421795
v 21.390671 -61.864506 -50.421795
v 21.390671 -61.864506 -50.421795
v 21.407310 -59.709568 -46.782898
v 21.407310 -59.709568 -46.782898
v 21.407310 -59.709568 -46.782898
v 21.407310 -59.709568 -46.782898
v 21.407310 -59.709568 -46.782898
v 21.435520 -62.500668 -49.731972
v 21.435520 -62.500668 -49.731972
v 21.435520 -62.500668 -49.731972
v 21.435520 -62.500668 -49.731972
v 21.480030 -37.877518 -14.388086
v 21.480030 -37.877518 -14.388086
v 21.480030 -37.877518 -14.388086
v 21.480030 -37.877518 -14.388086
v 21.549021 -56.436386 -42.864445
v 21.549021 -56.436386 -42.864445
v 21.549021 -56.436386 -42.864445
v 21.549021 -56.436386 -42.864445
v 21.874760 -59.958046 -47.181164
v 21.874760 -59.958046 -47.181164
v 21.874760 -59.958046 -47.181164
v 21.874760 -59.958046 -47.181164
v 21.886721 -57.369537 -44.434113
v 21.886721 -57.369537 -44.434113
v 21.886721 -57.369537 -44.434113
v 21.886721 -57.369537 -44.434113
v 21.977961 -48.733791 -31.983448
v 21.977961 -48.733791 -31.983448
v 21.977961 -48.733791 -31.983448
v 21.977961 -48.733791 -31.983448
v 22.344160 -56.694813 -43.950592
v 22.344160 -56.694813 -43.950592
v 22.344160 -56.694813 -43.950592
v 22.344160 -56.694813 -43.950592
v 22.401979 -52.323654 -37.083984
v 22.401979 -52.323654 -37.083984
v 22.401979 -52.323654 -37.083984
v 22.401979 -52.323654 -37.083984
v 22.433380 -54.933727 -40.540283
v 22.433380 -54.933727 -40.540283
v 22.433380 -54.933727 -40.540283
v 22.433380 -54.933727 -40.540283
v 22.546619 -57.479588 -45.111111
v 22.546619 -57.479588 -45.111111
v 22.546619 -57.479588 -45.111111
v 22.546619 -57.479588 -45.111111
v 22.546619 -57.479588 -45.111111
v 22.624241 -34.928448 -9.381271
v 22.624241 -34.928448 -9.381271
v 22.624241 -34.928448 -9.381271
v 22.624241 -34.928448 -9.381271
v 22.790251 -41.331825 -20.298384
v 22.790251 -41.331825 -20.298384
v 22.790251 -41.331825 -20.298384
v 22.790251 -41.331825 -20.298384
v 22.894489 -57.660805 -45.280342
v 22.894489 -57.660805 -45.280342
v 22.894489 -57.660805 -45.280342
v 22.894489 -57.660805 -45.280342
v 23.329201 -54.584747 -40.499477
v 23.329201 -54.584747 -40.499477
v 23.329201 -54.584747 -40.499477
v 23.329201 -54.584747 -40.499477
v 23.484190 -35.303150 -9.780867
v 23.484190 -35.303150 -9.780867
v 23.484190 -35.303150 -9.780867
v 23.484190 -35.303150 -9.780867
v 23.548140 -32.109161 -4.324803
v 23.548140 -32.109161 -4.324803
v 23.548140 -32.109161 -4.324803
v 23.548140 -32.109161 -4.324803
v 23.632250 -31.861979 -4.162758
v 23.632250 -31.861979 -4.162758
v 23.632250 -31.861979 -4.162758
v 23.632250 -31.861979 -4.162758
v 23.673820 -38.468121 -15.185362
v 23.673820 -38.468121 -15.185362
v 23.673820 -38.468121 -15.185362
v 23.673820 -38.468121 -15.185362
v 23.739820 -55.729797 -42.556419
v 23.739820 -55.729797 -42.556419
v 23.739820 -55.729797 -42.556419
v 23.739820 -55.729797 -42.556419
v 23.866751 -29.888975 -0.538259
v 23.866751 -29.888975 -0.538259
v 23.866751 -29.888975 -0.538259
v 23.866751 -29.888975 -0.538259
v 23.991150 -55.389870 -42.300854
v 23.991150 -55.389870 -42.300854
v 23.991150 -55.389870 -42.300854
v 23.991150 -55.389870 -42.300854
v 24.064659 -29.768452 -0.591603
v 24.064659 -29.768452 -0.591603
v 24.064659 -29.768452 -0.591603
v 24.064659 -29.768452 -0.591603
v 24.125351 -28.954874 1.048831
v 24.125351 -28.954874 1.048831
v 24.125351 -28.954874 1.048831
v 24.125351 -28.954874 1.048831
v 24.249640 -28.064827 2.640387
v 24.249640 -28.064827 2.640387
v 24.249640 -28.064827 2.640387
v 24.249640 -28.064827 2.640387
v 24.273560 -28.888784 0.912895
v 24.273560 -28.888784 0.912895
v 24.273560 -28.888784 0.912895
v 24.273560 -28.888784 0.912895
v 24.288549 -27.943014 2.545704
v 24.288549 -27.943014 2.545704
v 24.288549 -27.943014 2.545704
v 24.288549 -27.943014 2.545704
v 24.388760 -28.233562 2.265587
v 24.388760 -28.233562 2.265587
v 24.388760 -28.233562 2.265587
v 24.388760 -28.233562 2.265587
v 24.473440 -28.185352 2.123078
v 24.473440 -28.185352 2.123078
v 24.473440 -28.185352 2.123078
v 24.473440 -28.185352 2.123078
v 24.492599 -41.675568 -20.663418
v 24.492599 -41.675568 -20.663418
v 24.492599 -41.675568 -20.663418
v 24.492599 -41.675568 -20.663418
v 24.521049 -44.761200 -26.124962
v 24.521049 -44.761200 -26.124962
v 24.521049 -44.761200 -26.124962
v 24.521049 -44.761200 -26.124962
v 24.535839 -55.721622 -43.487305
v 24.535839 -55.721622 -43.487305
v 24.535839 -55.721622 -43.487305
v 24.535839 -55.721622 -43.487305
v 24.635050 -51.574821 -35.955120
v 24.635050 -51.574821 -35.955120
v 24.635050 -51.574821 -35.955120
v 24.635050 -51.574821 -35.955120
v 24.875879 -55.907673 -43.839233
v 24.875879 -55.907673 -43.839233
v 24.875879 -55.907673 -43.839233
v 24.875879 -55.907673 -43.839233
v 24.957100 -55.849701 -44.337116
v 24.957100 -55.849701 -44.337116
v 24.957100 -55.849701 -44.337116
v 24.957100 -55.849701 -44.337116
v 26.061689 -48.136890 -31.583241
v 26.061689 -48.136890 -31.583241
v 26.061689 -48.136890 -31.583241
v 26.061689 -48.136890 -31.583241
v 26.131060 -44.793880 -25.971563
v 26.131060 -44.793880 -25.971563
v 26.131060 -44.793880 -25.971563
v 26.131060 -44.793880 -25.971563
v 26.719540 -53.475632 -39.444878
v 26.719540 -53.475632 -39.444878
v 26.719540 -53.475632 -39.444878
v 26.719540 -53.475632 -39.444878
v 27.366980 -51.303772 -36.452995
v 27.366980 -51.303772 -36.452995
v 27.366980 -51.303772 -36.452995
v 27.366980 -51.303772 -36.452995
v 27.503500 -54.310799 -41.399677
v 27.503500 -54.310799 -41.399677
v 27.503500 -54.310799 -41.399677
v 27.503500 -54.310799 -41.399677
v 27.907209 -54.906414 -42.647148
v 27.907209 -54.906414 -42.647148
v 27.907209 -54.906414 -42.647148
v 27.907209 -54.906414 -42.647148
v 28.036280 -37.928982 -14.617174
v 28.036280 -37.928982 -14.617174
v 28.036280 -37.928982 -14.617174
v 28.036280 -37.928982 -14.617174
v 28.051689 -40.975754 -19.821131
v 28.051689 -40.975754 -19.821131
v 28.051689 -40.975754 -19.821131
v 28.051689 -40.975754 -19.821131
v 28.080790 -53.401768 -40.027187
v 28.080790 -53.401768 -40.027187
v 28.080790 -53.401768 -40.027187
v 28.080790 -53.401768 -40.027187
v 28.211580 -54.203384 -41.629593
v 28.211580 -54.203384 -41.629593
v 28.211580 -54.203384 -41.629593
v 28.211580 -54.203384 -41.629593
v 28.235260 -55.306297 -43.882767
v 28.235260 -55.306297 -43.882767
v 28.235260 -55.306297 -43.882767
v 28.235260 -55.306297 -43.882767
v 28.279970 -54.838104 -42.780926
v 28.279970 -54.838104 -42.780926
v 28.279970 -54.838104 -42.780926
v 28.279970 -54.838104 -42.780926
v 28.360161 -47.670311 -30.837421
v 28.360161 -47.670311 -30.837421
v 28.360161 -47.670311 -30.837421
v 28.360161 -47.670311 -30.837421
v 29.029150 -35.039566 -9.702841
v 29.029150 -35.039566 -9.702841
v 29.029150 -35.039566 -9.702841
v 29.029150 -35.039566 -9.702841
v 29.187300 -38.463951 -15.299524
v 29.187300 -38.463951 -15.299524
v 29.187300 -38.463951 -15.299524
v 29.187300 -38.463951 -15.299524
v 29.461300 -35.491291 -10.222242
v 29.461300 -35.491291 -10.222242
v 29.461300 -35.491291 -10.222242
v 29.461300 -35.491291 -10.222242
v 29.813841 -41.461166 -20.430563
v 29.813841 -41.461166 -20.430563
v 29.813841 -41.461166 -20.430563
v 29.813841 -41.461166 -20.430563
v 29.877850 -44.408531 -25.668781
v 29.877850 -44.408531 -25.668781
v 29.877850 -44.408531 -25.668781
v 29.877850 -44.408531 -25.668781
v 30.146070 -32.590553 -5.280344
v 30.146070 -32.590553 -5.280344
v 30.146070 -32.590553 -5.280344
v 30.146070 -32.590553 -5.280344
v 30.229839 -32.133007 -4.757209
v 30.229839 -32.133007 -4.757209
v 30.229839 -32.133007 -4.757209
v 30.229839 -32.133007 -4.757209
v 30.781691 -50.372635 -35.402565
v 30.781691 -50.372635 -35.402565
v 30.781691 -50.372635 -35.402565
v 30.781691 -50.372635 -35.402565
v 31.014259 -30.376801 -1.512408
v 31.014259 -30.376801 -1.512408
v 31.014259 -30.376801 -1.512408
v 31.014259 -30.376801 -1.512408
v 31.071100 -30.214190 -1.492867
v 31.071100 -30.214190 -1.492867
v 31.071100 -30.214190 -1.492867
v 31.071100 -30.214190 -1.492867
v 31.422850 -29.495558 -0.020705
v 31.422850 -29.495558 -0.020705
v 31.422850 -29.495558 -0.020705
v 31.422850 -29.495558 -0.020705
v 31.448151 -29.383694 -0.074818
v 31.448151 -29.383694 -0.074818
v 31.448151 -29.383694 -0.074818
v 31.448151 -29.383694 -0.074818
v 31.670460 -47.651348 -31.100906
v 31.670460 -47.651348 -31.100906
v 31.670460 -47.651348 -31.100906
v 31.670460 -47.651348 -31.100906
v 31.707050 -28.900898 0.981422
v 31.707050 -28.900898 0.981422
v 31.707050 -28.900898 0.981422
v 31.707050 -28.900898 0.981422
v 31.712790 -44.342766 -25.347300
v 31.712790 -44.342766 -25.347300
v 31.712790 -44.342766 -25.347300
v 31.712790 -44.342766 -25.347300
v 31.729469 -28.778587 0.961204
v 31.729469 -28.778587 0.961204
v 31.729469 -28.778587 0.961204
v 31.729469 -28.778587 0.961204
v 31.965780 -28.349957 1.882965
v 31.965780 -28.349957 1.882965
v 31.965780 -28.349957 1.882965
v 31.965780 -28.349957 1.882965
v 31.979940 -28.253876 1.882204
v 31.979940 -28.253876 1.882204
v 31.979940 -28.253876 1.882204
v 31.979940 -28.253876 1.882204
v 32.485432 -52.484848 -39.100300
v 32.485432 -52.484848 -39.100300
v 32.485432 -52.484848 -39.100300
v 32.485432 -52.484848 -39.100300
v 33.187840 -53.581970 -41.018631
v 33.187840 -53.581970 -41.018631
v 33.187840 -53.581970 -41.018631
v 33.187840 -53.581970 -41.018631
v 33.212341 -50.664814 -35.957333
v 33.212341 -50.664814 -35.957333
v 33.212341 -50.664814 -35.957333
v 33.212341 -50.664814 -35.957333
v 33.589851 -54.427105 -42.450050
v 33.589851 -54.427105 -42.450050
v 33.589851 -54.427105 -42.450050
v 33.589851 -54.427105 -42.450050
v 33.651958 -41.055218 -20.074760
v 33.651958 -41.055218 -20.074760
v 33.651958 -41.055218 -20.074760
v 33.651958 -41.055218 -20.074760
v 33.864681 -55.161274 -43.743923
v 33.864681 -55.161274 -43.743923
v 33.864681 -55.161274 -43.743923
v 33.864681 -55.161274 -43.743923
v 33.912811 -52.640102 -39.434715
v 33.912811 -52.640102 -39.434715
v 33.912811 -52.640102 -39.434715
v 33.912811 -52.640102 -39.434715
v 34.019531 -54.434341 -42.707211
v 34.019531 -54.434341 -42.707211
v 34.019531 -54.434341 -42.707211
v 34.019531 -54.434341 -42.707211
v 34.071190 -53.561573 -41.292992
v 34.071190 -53.561573 -41.292992
v 34.071190 -53.561573 -41.292992
v 34.071190 -53.561573 -41.292992
v 34.079201 -38.238464 -15.268744
v 34.079201 -38.238464 -15.268744
v 34.079201 -38.238464 -15.268744
v 34.079201 -38.238464 -15.268744
v 34.383320 -38.759506 -15.908070
v 34.383320 -38.759506 -15.908070
v 34.383320 -38.759506 -15.908070
v 34.383320 -38.759506 -15.908070
v 34.393040 -47.153084 -29.976437
v 34.393040 -47.153084 -29.976437
v 34.393040 -47.153084 -29.976437
v 34.393040 -47.153084 -29.976437
v 34.874290 -41.263477 -20.197163
v 34.874290 -41.263477 -20.197163
v 34.874290 -41.263477 -20.197163
v 34.874290 -41.263477 -20.197163
v 35.165199 -44.081841 -25.249727
v 35.165199 -44.081841 -25.249727
v 35.165199 -44.081841 -25.249727
v 35.165199 -44.081841 -25.249727
v 35.189121 -36.093452 -11.366309
v 35.189121 -36.093452 -11.366309
v 35.189121 -36.093452 -11.366309
v 35.189121 -36.093452 -11.366309
v 35.283321 -35.374512 -10.399721
v 35.283321 -35.374512 -10.399721
v 35.283321 -35.374512 -10.399721
v 35.283321 -35.374512 -10.399721
v 36.641350 -33.374336 -6.750525
v 36.641350 -33.374336 -6.750525
v 36.641350 -33.374336 -6.750525
v 36.641350 -33.374336 -6.750525
v 36.828571 -43.716835 -24.422050
v 36.828571 -43.716835 -24.422050
v 36.828571 -43.716835 -24.422050
v 36.828571 -43.716835 -24.422050
v 36.924160 -32.616379 -5.719097
v 36.924160 -32.616379 -5.719097
v 36.924160 -32.616379 -5.719097
v 36.924160 -32.616379 -5.719097
v 37.234909 -47.238823 -30.445202
v 37.234909 -47.238823 -30.445202
v 37.234909 -47.238823 -30.445202
v 37.234909 -47.238823 -30.445202
v 37.265701 -50.031960 -34.592663
v 37.265701 -50.031960 -34.592663
v 37.265701 -50.031960 -34.592663
v 37.265701 -50.031960 -34.592663
v 37.950161 -31.311646 -3.251420
v 37.950161 -31.311646 -3.251420
v 37.950161 -31.311646 -3.251420
v 37.950161 -31.311646 -3.251420
v 37.997871 -30.973240 -2.932088
v 37.997871 -30.973240 -2.932088
v 37.997871 -30.973240 -2.932088
v 37.997871 -30.973240 -2.932088
v 38.326969 -41.089867 -19.971348
v 38.326969 -41.089867 -19.971348
v 38.326969 -41.089867 -19.971348
v 38.467072 -30.456182 -1.804095
v 38.467072 -30.456182 -1.804095
v 38.467072 -30.456182 -1.804095
v 38.467072 -30.456182 -1.804095
v 38.495720 -30.202152 -1.617553
v 38.495720 -30.202152 -1.617553
v 38.495720 -30.202152 -1.617553
v 38.495720 -30.202152 -1.617553
v 38.822880 -29.853262 -0.787694
v 38.822880 -29.853262 -0.787694
v 38.822880 -29.853262 -0.787694
v 38.822880 -29.853262 -0.787694
v 38.870602 -29.616270 -0.613903
v 38.870602 -29.616270 -0.613903
v 38.870602 -29.616270 -0.613903
v 38.870602 -29.616270 -0.613903
v 39.054081 -39.443085 -17.166451
v 39.054081 -39.443085 -17.166451
v 39.054081 -39.443085 -17.166451
v 39.054081 -39.443085 -17.166451
v 39.132210 -29.316481 0.104925
v 39.132210 -29.316481 0.104925
v 39.132210 -29.316481 0.104925
v 39.132210 -29.316481 0.104925
v 39.198780 -29.113792 0.277843
v 39.198780 -29.113792 0.277843
v 39.198780 -29.113792 0.277843
v 39.198780 -29.113792 0.277843
v 39.206551 -52.099327 -38.049950
v 39.206551 -52.099327 -38.049950
v 39.206551 -52.099327 -38.049950
v 39.206551 -52.099327 -38.049950
v 39.275211 -50.195339 -35.220757
v 39.275211 -50.195339 -35.220757
v 39.275211 -50.195339 -35.220757
v 39.275211 -50.195339 -35.220757
v 39.362301 -41.126183 -20.308151
v 39.362301 -41.126183 -20.308151
v 39.362301 -41.126183 -20.308151
v 39.362301 -41.126183 -20.308151
v 39.765530 -38.608028 -16.016144
v 39.765530 -38.608028 -16.016144
v 39.765530 -38.608028 -16.016144
v 39.765530 -38.608028 -16.016144
v 39.926201 -46.163452 -28.593189
v 39.926201 -46.163452 -28.593189
v 39.926201 -46.163452 -28.593189
v 39.926201 -46.163452 -28.593189
v 40.208172 -37.159702 -13.287452
v 40.208172 -37.159702 -13.287452
v 40.208172 -37.159702 -13.287452
v 40.208172 -37.159702 -13.287452
v 40.227161 -53.259663 -40.036064
v 40.227161 -53.259663 -40.036064
v 40.227161 -53.259663 -40.036064
v 40.227161 -53.259663 -40.036064
v 40.339420 -43.691277 -24.673996
v 40.339420 -43.691277 -24.673996
v 40.339420 -43.691277 -24.673996
v 40.339420 -43.691277 -24.673996
v 40.446190 -52.133335 -38.439449
v 40.446190 -52.133335 -38.439449
v 40.446190 -52.133335 -38.439449
v 40.446190 -52.133335 -38.439449
v 40.797890 -42.533134 -22.481462
v 40.797890 -42.533134 -22.481462
v 40.797890 -42.533134 -22.481462
v 40.797890 -42.533134 -22.481462
v 40.921619 -54.147675 -41.576164
v 40.921619 -54.147675 -41.576164
v 40.921619 -54.147675 -41.576164
v 40.921619 -54.147675 -41.576164
v 41.007030 -53.267204 -40.346230
v 41.007030 -53.267204 -40.346230
v 41.007030 -53.267204 -40.346230
v 41.007030 -53.267204 -40.346230
v 41.225319 -35.912167 -11.435053
v 41.225319 -35.912167 -11.435053
v 41.225319 -35.912167 -11.435053
v 41.225319 -35.912167 -11.435053
v 41.350262 -54.194096 -41.914345
v 41.350262 -54.194096 -41.914345
v 41.350262 -54.194096 -41.914345
v 41.350262 -54.194096 -41.914345
v 41.498791 -54.912529 -42.990002
v 41.498791 -54.912529 -42.990002
v 41.498791 -54.912529 -42.990002
v 41.498791 -54.912529 -42.990002
v 42.354610 -34.684361 -9.075224
v 42.354610 -34.684361 -9.075224
v 42.354610 -34.684361 -9.075224
v 42.354610 -34.684361 -9.075224
v 42.642429 -46.438850 -29.136566
v 42.642429 -46.438850 -29.136566
v 42.642429 -46.438850 -29.136566
v 42.642429 -46.438850 -29.136566
v 43.103710 -40.738972 -19.464817
v 43.103710 -40.738972 -19.464817
v 43.103710 -40.738972 -19.464817
v 43.103710 -40.738972 -19.464817
v 43.268780 -48.684395 -32.671272
v 43.268780 -48.684395 -32.671272
v 43.268780 -48.684395 -32.671272
v 43.268780 -48.684395 -32.671272
v 43.518940 -33.324646 -7.016144
v 43.518940 -33.324646 -7.016144
v 43.518940 -33.324646 -7.016144
v 43.518940 -33.324646 -7.016144
v 44.199741 -43.287048 -24.068104
v 44.199741 -43.287048 -24.068104
v 44.199741 -43.287048 -24.068104
v 44.446430 -32.696030 -5.702703
v 44.446430 -32.696030 -5.702703
v 44.446430 -32.696030 -5.702703
v 44.446430 -32.696030 -5.702703
v 44.628010 -38.619705 -15.868307
v 44.628010 -38.619705 -15.868307
v 44.628010 -38.619705 -15.868307
v 44.628010 -38.619705 -15.868307
v 44.720390 -44.591373 -26.007782
v 44.720390 -44.591373 -26.007782
v 44.720390 -44.591373 -26.007782
v 44.720390 -44.591373 -26.007782
v 44.827042 -41.506199 -21.055744
v 44.827042 -41.506199 -21.055744
v 44.827042 -41.506199 -21.055744
v 44.827042 -41.506199 -21.055744
v 44.912571 -31.958984 -4.726631
v 44.912571 -31.958984 -4.726631
v 44.912571 -31.958984 -4.726631
v 44.912571 -31.958984 -4.726631
v 45.262772 -39.198177 -17.127142
v 45.262772 -39.198177 -17.127142
v 45.262772 -39.198177 -17.127142
v 45.262772 -39.198177 -17.127142
v 45.321442 -49.052738 -33.331993
v 45.321442 -49.052738 -33.331993
v 45.321442 -49.052738 -33.331993
v 45.321442 -49.052738 -33.331993
v 45.417992 -31.732609 -4.101229
v 45.417992 -31.732609 -4.101229
v 45.417992 -31.732609 -4.101229
v 45.417992 -31.732609 -4.101229
v 45.573330 -31.317513 -3.666985
v 45.573330 -31.317513 -3.666985
v 45.573330 -31.317513 -3.666985
v 45.573330 -31.317513 -3.666985
v 45.754879 -50.511940 -35.573624
v 45.754879 -50.511940 -35.573624
v 45.754879 -50.511940 -35.573624
v 45.754879 -50.511940 -35.573624
v 45.953690 -31.152405 -3.143173
v 45.953690 -31.152405 -3.143173
v 45.953690 -31.152405 -3.143173
v 45.953690 -31.152405 -3.143173
v 46.093140 -30.780376 -2.757332
v 46.093140 -30.780376 -2.757332
v 46.093140 -30.780376 -2.757332
v 46.093140 -30.780376 -2.757332
v 46.363140 -30.638550 -2.296316
v 46.363140 -30.638550 -2.296316
v 46.363140 -30.638550 -2.296316
v 46.363140 -30.638550 -2.296316
v 46.441921 -36.619263 -12.466260
v 46.441921 -36.619263 -12.466260
v 46.441921 -36.619263 -12.466260
v 46.441921 -36.619263 -12.466260
v 46.468681 -37.034241 -13.440205
v 46.468681 -37.034241 -13.440205
v 46.468681 -37.034241 -13.440205
v 46.468681 -37.034241 -13.440205
v 46.553841 -30.297262 -1.898529
v 46.553841 -30.297262 -1.898529
v 46.553841 -30.297262 -1.898529
v 46.553841 -30.297262 -1.898529
v 47.008770 -50.573360 -35.876194
v 47.008770 -50.573360 -35.876194
v 47.008770 -50.573360 -35.876194
v 47.008770 -50.573360 -35.876194
v 47.166908 -44.815834 -26.503654
v 47.166908 -44.815834 -26.503654
v 47.166908 -44.815834 -26.503654
v 47.166908 -44.815834 -26.503654
v 47.222519 -51.488132 -37.195206
v 47.222519 -51.488132 -37.195206
v 47.222519 -51.488132 -37.195206
v 47.222519 -51.488132 -37.195206
v 47.744450 -42.434814 -22.294250
v 47.744450 -42.434814 -22.294250
v 47.744450 -42.434814 -22.294250
v 47.744450 -42.434814 -22.294250
v 48.078892 -51.487610 -37.434895
v 48.078892 -51.487610 -37.434895
v 48.078892 -51.487610 -37.434895
v 48.078892 -51.487610 -37.434895
v 48.421680 -52.192360 -38.397877
v 48.421680 -52.192360 -38.397877
v 48.421680 -52.192360 -38.397877
v 48.421680 -52.192360 -38.397877
v 48.807121 -46.671631 -29.271439
v 48.807121 -46.671631 -29.271439
v 48.807121 -46.671631 -29.271439
v 48.807121 -46.671631 -29.271439
v 48.833080 -35.470249 -10.285085
v 48.833080 -35.470249 -10.285085
v 48.833080 -35.470249 -10.285085
v 48.833080 -35.470249 -10.285085
v 48.858002 -39.969303 -18.181477
v 48.858002 -39.969303 -18.181477
v 48.858002 -39.969303 -18.181477
v 48.858002 -39.969303 -18.181477
v 49.020741 -52.227913 -38.702465
v 49.020741 -52.227913 -38.702465
v 49.020741 -52.227913 -38.702465
v 49.020741 -52.227913 -38.702465
v 49.253368 -35.284943 -9.826996
v 49.253368 -35.284943 -9.826996
v 49.253368 -35.284943 -9.826996
v 49.253368 -35.284943 -9.826996
v 49.533089 -52.733360 -39.436470
v 49.533089 -52.733360 -39.436470
v 49.533089 -52.733360 -39.436470
v 49.533089 -52.733360 -39.436470
v 49.702679 -38.095886 -14.986248
v 49.702679 -38.095886 -14.986248
v 49.702679 -38.095886 -14.986248
v 50.161701 -38.085457 -15.228197
v 50.161701 -38.085457 -15.228197
v 50.161701 -38.085457 -15.228197
v 50.286308 -42.570671 -22.763378
v 50.286308 -42.570671 -22.763378
v 50.286308 -42.570671 -22.763378
v 50.286308 -42.570671 -22.763378
v 50.467331 -40.056900 -18.475914
v 50.467331 -40.056900 -18.475914
v 50.467331 -40.056900 -18.475914
v 50.467331 -40.056900 -18.475914
v 51.301041 -46.935486 -30.126757
v 51.301041 -46.935486 -30.126757
v 51.301041 -46.935486 -30.126757
v 51.301041 -46.935486 -30.126757
v 51.797531 -33.610947 -7.427039
v 51.797531 -33.610947 -7.427039
v 51.797531 -33.610947 -7.427039
v 51.797531 -33.610947 -7.427039
v 51.989979 -33.778450 -7.473487
v 51.989979 -33.778450 -7.473487
v 51.989979 -33.778450 -7.473487
v 51.989979 -33.778450 -7.473487
v 52.037182 -47.971649 -31.703712
v 52.037182 -47.971649 -31.703712
v 52.037182 -47.971649 -31.703712
v 52.037182 -47.971649 -31.703712
v 52.588589 -33.043575 -6.724982
v 52.588589 -33.043575 -6.724982
v 52.588589 -33.043575 -6.724982
v 52.588589 -33.043575 -6.724982
v 52.747398 -33.175903 -6.695779
v 52.747398 -33.175903 -6.695779
v 52.747398 -33.175903 -6.695779
v 52.747398 -33.175903 -6.695779
v 52.885571 -44.036110 -24.956118
v 52.885571 -44.036110 -24.956118
v 52.885571 -44.036110 -24.956118
v 52.885571 -44.036110 -24.956118
v 53.090080 -37.518291 -14.199331
v 53.090080 -37.518291 -14.199331
v 53.090080 -37.518291 -14.199331
v 53.090080 -37.518291 -14.199331
v 53.261810 -32.608818 -6.021359
v 53.261810 -32.608818 -6.021359
v 53.261810 -32.608818 -6.021359
v 53.261810 -32.608818 -6.021359
v 53.368328 -32.714752 -5.963075
v 53.368328 -32.714752 -5.963075
v 53.368328 -32.714752 -5.963075
v 53.368328 -32.714752 -5.963075
v 53.516232 -40.773033 -19.207607
v 53.516232 -40.773033 -19.207607
v 53.516232 -40.773033 -19.207607
v 53.516232 -40.773033 -19.207607
v 53.545792 -48.096924 -31.963856
v 53.545792 -48.096924 -31.963856
v 53.545792 -48.096924 -31.963856
v 53.545792 -48.096924 -31.963856
v 53.925152 -32.241882 -5.310410
v 53.925152 -32.241882 -5.310410
v 53.925152 -32.241882 -5.310410
v 53.925152 -32.241882 -5.310410
v 53.998341 -48.806236 -32.961868
v 53.998341 -48.806236 -32.961868
v 53.998341 -48.806236 -32.961868
v 53.998341 -48.806236 -32.961868
v 54.066490 -37.680317 -14.062639
v 54.066490 -37.680317 -14.062639
v 54.066490 -37.680317 -14.062639
v 54.066490 -37.680317 -14.062639
v 54.898041 -48.951748 -33.369904
v 54.898041 -48.951748 -33.369904
v 54.898041 -48.951748 -33.369904
v 54.898041 -48.951748 -33.369904
v 55.052109 -48.861294 -33.198441
v 55.052109 -48.861294 -33.198441
v 55.052109 -48.861294 -33.198441
v 55.052109 -48.861294 -33.198441
v 55.077881 -43.965958 -25.081049
v 55.077881 -43.965958 -25.081049
v 55.077881 -43.965958 -25.081049
v 55.077881 -43.965958 -25.081049
v 55.218788 -49.342445 -33.672508
v 55.218788 -49.342445 -33.672508
v 55.218788 -49.342445 -33.672508
v 55.218788 -49.342445 -33.672508
v 55.522240 -49.442753 -33.972252
v 55.522240 -49.442753 -33.972252
v 55.522240 -49.442753 -33.972252
v 55.522240 -49.442753 -33.972252
v 55.958271 -40.428162 -19.026815
v 55.958271 -40.428162 -19.026815
v 55.958271 -40.428162 -19.026815
v 55.958271 -40.428162 -19.026815
v 56.540211 -44.976528 -26.563744
v 56.540211 -44.976528 -26.563744
v 56.540211 -44.976528 -26.563744
v 56.540211 -44.976528 -26.563744
v 56.770451 -37.118786 -12.864843
v 56.770451 -37.118786 -12.864843
v 56.770451 -37.118786 -12.864843
v 56.770451 -37.118786 -12.864843
v 56.844479 -36.778519 -12.583621
v 56.844479 -36.778519 -12.583621
v 56.844479 -36.778519 -12.583621
v 56.844479 -36.778519 -12.583621
v 57.635422 -44.696480 -26.358131
v 57.635422 -44.696480 -26.358131
v 57.635422 -44.696480 -26.358131
v 57.635422 -44.696480 -26.358131
v 58.148140 -36.622780 -12.286405
v 58.148140 -36.622780 -12.286405
v 58.148140 -36.622780 -12.286405
v 58.148140 -36.622780 -12.286405
v 58.190239 -36.339012 -12.119769
v 58.190239 -36.339012 -12.119769
v 58.190239 -36.339012 -12.119769
v 58.190239 -36.339012 -12.119769
v 58.209839 -40.870163 -19.703192
v 58.209839 -40.870163 -19.703192
v 58.209839 -40.870163 -19.703192
v 58.209839 -40.870163 -19.703192
v 58.485771 -45.371342 -27.287130
v 58.485771 -45.371342 -27.287130
v 58.485771 -45.371342 -27.287130
v 58.485771 -45.371342 -27.287130
v 58.604839 -40.462215 -19.296997
v 58.604839 -40.462215 -19.296997
v 58.604839 -40.462215 -19.296997
v 58.604839 -40.462215 -19.296997
v 58.917320 -44.942657 -27.063599
v 58.917320 -44.942657 -27.063599
v 58.917320 -44.942657 -27.063599
v 58.917320 -44.942657 -27.063599
v 59.197079 -45.028954 -27.185318
v 59.197079 -45.028954 -27.185318
v 59.197079 -45.028954 -27.185318
v 59.197079 -45.028954 -27.185318
v 59.250629 -36.195133 -11.803280
v 59.250629 -36.195133 -11.803280
v 59.250629 -36.195133 -11.803280
v 59.250629 -36.195133 -11.803280
v 59.312950 -35.996693 -11.718863
v 59.312950 -35.996693 -11.718863
v 59.312950 -35.996693 -11.718863
v 59.312950 -35.996693 -11.718863
v 59.515511 -45.234009 -27.236494
v 59.515511 -45.234009 -27.236494
v 59.515511 -45.234009 -27.236494
v 59.515511 -45.234009 -27.236494
v 59.874039 -40.879822 -19.588348
v 59.874039 -40.879822 -19.588348
v 59.874039 -40.879822 -19.588348
v 59.874039 -40.879822 -19.588348
v 59.966709 -45.541981 -27.796059
v 59.966709 -45.541981 -27.796059
v 59.966709 -45.541981 -27.796059
v 59.966709 -45.541981 -27.796059
v 60.142811 -40.600044 -19.340693
v 60.142811 -40.600044 -19.340693
v 60.142811 -40.600044 -19.340693
v 60.142811 -40.600044 -19.340693
v 60.209961 -35.948357 -11.235914
v 60.209961 -35.948357 -11.235914
v 60.209961 -35.948357 -11.235914
v 60.209961 -35.948357 -11.235914
v 60.435329 -40.711117 -19.366348
v 60.435329 -40.711117 -19.366348
v 60.435329 -40.711117 -19.366348
v 60.435329 -40.711117 -19.366348
v 61.244621 -40.772514 -19.541702
v 61.244621 -40.772514 -19.541702
v 61.244621 -40.772514 -19.541702
v 61.244621 -40.772514 -19.541702
v 62.524311 -40.656799 -19.592548
v 62.524311 -40.656799 -19.592548
v 62.524311 -40.656799 -19.592548
v 62.524311 -40.656799 -19.592548
vn -0.3205 0.7755 -0.5440
vn -0.3826 0.7128 -0.5878
vn -0.1622 0.7675 -0.6201
vn -0.1621 0.7675 -0.6201
vn -0.1621 0.7676 -0.6201
vn -0.0961 0.8526 -0.5137
vn -0.0450 0.8641 -0.5013
vn -0.0451 0.8641 -0.5013
vn -0.0315 0.8266 -0.5619
vn -0.0315 0.8266 -0.5618
vn -0.0887 0.8257 -0.5571
vn -0.0887 0.8257 -0.5570
vn -0.0347 0.8624 -0.5051
vn -0.0347 0.8624 -0.5050
vn -0.0017 0.8494 -0.5277
vn -0.0015 0.8494 -0.5277
vn -0.0014 0.8494 -0.5278
vn 0.0098 0.8565 -0.5160
vn 0.0098 0.8565 -0.5161
vn -0.0099 0.8614 -0.5078
vn -0.0100 0.8613 -0.5079
vn -0.0100 0.8614 -0.5079
vn -0.0098 0.8615 -0.5077
vn -0.1513 -0.8977 0.4138
vn 0.0644 -0.8539 0.5164
vn 0.0645 -0.8539 0.5164
vn 0.0758 -0.8493 0.5225
vn 0.0758 -0.8493 0.5224
vn 0.1987 -0.9644 0.1745
vn 0.1986 -0.9644 0.1745
vn -0.0304 0.8641 -0.5024
vn -0.0303 0.8641 -0.5025
vn -0.0194 0.8650 -0.5013
vn -0.0193 0.8650 -0.5014
vn -0.0161 0.8622 -0.5064
vn -0.0159 0.8622 -0.5063
vn -0.0161 0.8622 -0.5063
vn -0.0160 0.8622 -0.5063
vn -0.3893 0.6880 -0.6125
vn -0.3891 0.6880 -0.6126
vn -0.3508 0.7877 -0.5065
vn -0.3970 0.7142 -0.5765
vn -0.3969 0.7143 -0.5764
vn 0.6103 -0.3170 -0.7259
vn 0.6103 -0.3171 -0.7260
vn 0.6104 -0.3170 -0.7259
vn 0.6103 -0.3170 -0.7260
vn -0.3337 0.8151 -0.4736
vn -0.3337 0.8151 -0.4737
vn -0.1644 0.6582 -0.7347
vn -0.1645 0.6582 -0.7347
vn -0.4123 0.6763 -0.6104
vn 0.0113 0.8851 -0.4652
vn 0.0114 0.8851 -0.4652
vn 0.0036 0.8587 -0.5125
vn 0.0092 0.8574 -0.5146
vn 0.0093 0.8574 -0.5146
vn 0.0092 0.8573 -0.5147
vn -0.3524 0.7013 -0.6196
vn -0.1242 0.7850 -0.6069
vn -0.1239 0.7851 -0.6069
vn -0.1237 0.7851 -0.6069
vn -0.1026 0.7745 -0.6242
vn -0.1025 0.7746 -0.6241
vn -0.1025 0.7745 -0.6242
vn -0.1146 0.7791 -0.6164
vn -0.1146 0.7790 -0.6164
vn 0.0581 -0.8519 0.5205
vn 0.0585 -0.8520 0.5203
vn 0.0584 -0.8519 0.5204
vn 0.0400 -0.8575 0.5129
vn 0.0316 -0.8619 0.5060
vn 0.0317 -0.8619 0.5060
vn 0.0011 -0.8625 0.5060
vn 0.0010 -0.8624 0.5062
vn 0.0011 -0.8625 0.5061
vn -0.0311 -0.8566 0.5151
vn -0.0310 -0.8565 0.5152
vn -0.0309 -0.8565 0.5152
vn -0.0224 -0.8787 0.4768
vn -0.0225 -0.8787 0.4768
vn 0.1314 -0.7798 0.6120
vn 0.1313 -0.7797 0.6122
vn 0.0943 -0.7742 0.6258
vn 0.0946 -0.7741 0.6260
vn 0.0944 -0.7741 0.6259
vn 0.1193 -0.8053 0.5807
vn 0.1193 -0.8053 0.5808
vn 0.1190 -0.8053 0.5808
vn 0.1192 -0.8053 0.5808
vn 0.0101 -0.8626 0.5057
vn 0.0103 -0.8626 0.5057
vn 0.0100 -0.8626 0.5058
vn 0.0100 -0.8632 0.5047
vn 0.0100 -0.8632 0.5048
vn 0.0099 -0.8631 0.5049
vn 0.0098 -0.8630 0.5051
vn 0.0099 -0.8632 0.5048
vn 0.0763 -0.7670 0.6370
vn 0.0763 -0.7671 0.6370
vn 0.0764 -0.7671 0.6370
vn 0.0660 -0.7788 0.6237
vn 0.0658 -0.7791 0.6235
vn 0.0657 -0.7791 0.6235
vn 0.0658 -0.7790 0.6235
vn 0.0965 -0.7774 0.6216
vn 0.0963 -0.7774 0.6216
vn 0.2184 -0.7934 0.5682
vn 0.2185 -0.7934 0.5682
vn 0.3856 -0.6943 0.6077
vn 0.2156 -0.7519 0.6230
vn 0.2156 -0.7520 0.6229
vn 0.2731 -0.8323 0.4823
vn 0.2731 -0.8323 0.4824
vn 0.1841 -0.8713 0.4549
vn 0.1867 -0.9020 0.3893
vn 0.1867 -0.9020 0.3894
vn 0.3038 -0.8192 0.4864
vn 0.3039 -0.8192 0.4864
vn 0.0676 -0.8701 0.4883
vn 0.0676 -0.8700 0.4883
vn 0.0377 -0.9085 0.4163
vn 0.0378 -0.9085 0.4163
vn 0.0378 -0.9084 0.4163
vn 0.1744 -0.9574 0.2300
vn -0.0331 0.8738 -0.4852
vn -0.1390 0.9393 -0.3138
vn -0.0597 0.8605 -0.5060
vn -0.1615 0.8963 -0.4130
vn -0.1615 0.8963 -0.4129
vn -0.2911 0.8701 -0.3976
vn -0.2912 0.8701 -0.3976
vn -0.1732 0.8745 -0.4531
vn -0.1732 0.8745 -0.4532
vn -0.1969 0.8384 -0.5082
vn -0.1969 0.8384 -0.5083
vn -0.1257 0.8283 -0.5461
vn -0.1258 0.8283 -0.5460
vn -0.1258 0.8283 -0.5461
vn -0.1640 0.8067 -0.5678
vn -0.0626 0.8138 -0.5778
vn -0.0626 0.8138 -0.5777
vn -0.1311 0.7699 -0.6246
vn -0.1312 0.7699 -0.6246
vn -0.0614 0.7780 -0.6253
vn -0.0612 0.7780 -0.6253
vn -0.0613 0.7780 -0.6253
vn -0.0992 0.8122 -0.5749
vn -0.0705 0.8155 -0.5744
vn -0.0705 0.8156 -0.5744
vn -0.0706 0.8155 -0.5744
vn -0.1255 0.7988 -0.5884
vn -0.0959 0.8423 -0.5303
vn -0.1174 0.8380 -0.5328
vn -0.1174 0.8380 -0.5329
vn -0.1696 0.8182 -0.5494
vn -0.0989 0.8411 -0.5317
vn -0.0988 0.8411 -0.5317
vn -0.1060 0.8387 -0.5342
vn 0.5150 -0.5982 0.6139
vn 0.5151 -0.5982 0.6139
vn -0.2010 0.7668 -0.6096
vn 0.2515 -0.8009 0.5435
vn 0.2514 -0.8009 0.5435
vn 0.0964 -0.8482 0.5209
vn -0.1913 -0.8332 0.5189
vn 0.0966 -0.8426 0.5298
vn 0.1061 -0.8413 0.5301
vn 0.1060 -0.8413 0.5301
vn 0.0998 -0.8180 0.5665
vn 0.0999 -0.8179 0.5666
vn 0.0997 -0.8180 0.5665
vn 0.0935 -0.8218 0.5620
vn 0.0934 -0.8218 0.5620
vn 0.1018 -0.8402 0.5327
vn 0.1018 -0.8401 0.5327
vn 0.0946 -0.8466 0.5238
vn 0.1158 -0.8381 0.5331
vn 0.0500 -0.8523 0.5207
vn 0.0501 -0.8523 0.5207
vn 0.0850 -0.8358 0.5425
vn 0.0290 -0.8556 0.5169
vn 0.0290 -0.8556 0.5168
vn 0.0119 -0.8623 0.5062
vn 0.0119 -0.8623 0.5063
vn 0.0120 -0.8623 0.5063
vn 0.0178 -0.8623 0.5061
vn 0.0177 -0.8624 0.5059
vn 0.0177 -0.8624 0.5060
vn 0.0108 -0.8629 0.5053
vn 0.0107 -0.8628 0.5054
vn 0.0108 -0.8628 0.5054
vn 0.0109 -0.8629 0.5053
vn 0.0104 -0.8629 0.5052
vn 0.0104 -0.8630 0.5051
vn 0.0105 -0.8629 0.5053
vn 0.0100 -0.8630 0.5050
vn 0.0101 -0.8632 0.5048
vn 0.0101 -0.8631 0.5049
vn 0.0099 -0.8630 0.5052
vn 0.0102 -0.8630 0.5051
vn 0.0101 -0.8630 0.5051
vn 0.0102 -0.8630 0.5052
vn 0.0101 -0.8631 0.5048
vn 0.0106 -0.8629 0.5052
vn 0.0104 -0.8629 0.5053
vn 0.0103 -0.8629 0.5052
vn 0.0118 -0.8624 0.5060
vn 0.0119 -0.8625 0.5060
vn 0.0125 -0.8605 0.5093
vn 0.0124 -0.8606 0.5091
vn 0.0124 -0.8606 0.5092
vn 0.0160 -0.8597 0.5105
vn 0.0161 -0.8598 0.5105
vn 0.0161 -0.8598 0.5104
vn 0.0141 -0.8613 0.5080
vn 0.0142 -0.8612 0.5081
vn 0.0141 -0.8613 0.5079
vn 0.0142 -0.8612 0.5080
vn 0.0291 -0.8452 0.5337
vn 0.0291 -0.8452 0.5336
vn 0.0869 -0.8149 0.5730
vn 0.0870 -0.8149 0.5730
vn 0.0677 -0.8481 0.5256
vn 0.0676 -0.8481 0.5255
vn 0.0054 -0.8566 0.5159
vn 0.0054 -0.8567 0.5159
vn 0.0055 -0.8567 0.5159
vn -0.0101 -0.8571 0.5151
vn -0.0100 -0.8570 0.5152
vn -0.0099 -0.8569 0.5154
vn 0.0702 -0.8171 0.5723
vn 0.0702 -0.8170 0.5723
vn -0.0221 -0.8681 0.4959
vn -0.0221 -0.8681 0.4958
vn 0.1148 -0.8404 0.5297
vn 0.1147 -0.8404 0.5298
vn -0.0278 -0.8706 0.4912
vn -0.0278 -0.8706 0.4911
vn -0.0278 -0.8707 0.4911
vn 0.1012 -0.8742 0.4750
vn 0.0105 -0.8572 0.5148
vn 0.0104 -0.8572 0.5148
vn 0.0104 -0.8572 0.5149
vn 0.0107 -0.8615 0.5076
vn 0.0107 -0.8616 0.5076
vn -0.0277 -0.8679 0.4960
vn 0.0238 -0.8754 0.4827
vn 0.0239 -0.8755 0.4827
vn 0.0239 -0.8755 0.4826
vn 0.0239 -0.8756 0.4825
vn -0.0211 -0.8775 0.4792
vn 0.0197 0.8315 -0.5552
vn 0.0196 0.8315 -0.5551
vn 0.0314 0.8248 -0.5645
vn -0.0071 0.8606 -0.5093
vn -0.0071 0.8606 -0.5092
vn -0.0072 0.8607 -0.5091
vn -0.0072 0.8606 -0.5092
vn 0.0306 0.8571 -0.5142
vn -0.0054 0.8597 -0.5108
vn -0.0055 0.8597 -0.5107
vn -0.0055 0.8598 -0.5107
vn 0.0164 0.8789 -0.4767
vn -0.0712 0.8905 -0.4494
vn -0.0712 0.8905 -0.4493
vn 0.0024 0.8637 -0.5041
vn 0.0024 0.8636 -0.5041
vn -0.0557 0.8597 -0.5077
vn -0.0558 0.8597 -0.5078
vn -0.0013 0.8498 -0.5272
vn -0.0012 0.8497 -0.5272
vn -0.0013 0.8497 -0.5272
vn -0.0015 0.8498 -0.5271
vn -0.0360 0.8386 -0.5435
vn -0.0359 0.8387 -0.5434
vn -0.0070 0.8555 -0.5177
vn -0.0202 0.8517 -0.5237
vn -0.0203 0.8516 -0.5238
vn -0.0202 0.8516 -0.5237
vn -0.0260 0.8412 -0.5400
vn -0.0261 0.8412 -0.5400
vn -0.0127 0.8604 -0.5095
vn -0.0126 0.8603 -0.5096
vn -0.0125 0.8603 -0.5096
vn -0.0191 0.8590 -0.5116
vn -0.0190 0.8591 -0.5115
vn -0.0940 0.8418 -0.5315
vn -0.0942 0.8419 -0.5314
vn -0.0941 0.8419 -0.5314
vn -0.0171 0.8607 -0.5089
vn -0.0860 0.8457 -0.5267
vn -0.1116 0.8386 -0.5331
vn -0.0522 0.8489 -0.5259
vn -0.0522 0.8489 -0.5260
vn -0.0737 0.8320 -0.5499
vn -0.0736 0.8320 -0.5499
vn -0.0130 0.8617 -0.5073
vn -0.0129 0.8616 -0.5074
vn -0.0107 0.8628 -0.5055
vn -0.0104 0.8629 -0.5053
vn -0.0106 0.8628 -0.5054
vn -0.0106 0.8628 -0.5055
vn -0.0102 0.8631 -0.5050
vn -0.0101 0.8630 -0.5052
vn -0.0101 0.8630 -0.5051
vn -0.0103 0.8628 -0.5054
vn -0.0103 0.8628 -0.5055
vn -0.0102 0.8628 -0.5054
vn -0.0100 0.8632 -0.5048
vn -0.0099 0.8631 -0.5049
vn -0.0100 0.8630 -0.5051
vn -0.0099 0.8631 -0.5050
vn -0.0098 0.8638 -0.5037
vn -0.0098 0.8640 -0.5035
vn -0.0098 0.8640 -0.5034
vn -0.0097 0.8634 -0.5044
vn -0.0098 0.8632 -0.5047
vn -0.0098 0.8633 -0.5046
vn -0.0096 0.8635 -0.5043
vn -0.0207 0.8621 -0.5063
vn -0.0206 0.8621 -0.5064
vn -0.0090 0.8649 -0.5018
vn -0.0090 0.8651 -0.5015
vn -0.0090 0.8652 -0.5014
vn -0.0287 0.8700 -0.4922
vn -0.0287 0.8700 -0.4923
vn 0.0018 -0.9013 0.4332
vn 0.0019 -0.9013 0.4333
vn -0.0346 0.8765 -0.4801
vn -0.0347 0.8765 -0.4801
vn -0.0252 0.8569 -0.5149
vn -0.0186 0.9944 0.1041
vn -0.0186 0.9944 0.1040
vn -0.0187 0.9944 0.1041
vn -0.0728 0.9674 -0.2425
vn 0.0329 -0.8787 0.4762
vn 0.0329 -0.8788 0.4761
vn 0.0204 -0.8790 0.4764
vn -0.0273 0.8235 -0.5667
vn 0.0208 -0.8528 0.5218
vn 0.0207 -0.8528 0.5217
vn 0.0208 -0.8529 0.5217
vn 0.0256 -0.8670 0.4976
vn 0.0256 -0.8670 0.4977
vn 0.0473 -0.8649 0.4997
vn 0.0474 -0.8649 0.4997
vn 0.0472 -0.8649 0.4997
vn 0.0110 -0.8616 0.5075
vn 0.0110 -0.8615 0.5076
vn 0.0105 -0.8627 0.5057
vn 0.0104 -0.8627 0.5056
vn 0.0106 -0.8625 0.5059
vn 0.0106 -0.8612 0.5082
vn 0.0106 -0.8611 0.5083
vn 0.0106 -0.8612 0.5081
vn 0.0103 -0.8623 0.5063
vn 0.0102 -0.8623 0.5063
vn 0.0102 -0.8624 0.5062
vn 0.0102 -0.8624 0.5061
vn 0.0110 -0.8614 0.5077
vn 0.0110 -0.8615 0.5077
vn 0.0107 -0.8623 0.5064
vn 0.0108 -0.8622 0.5064
vn 0.0105 -0.8624 0.5061
vn 0.0107 -0.8622 0.5064
vn 0.0094 -0.8608 0.5089
vn 0.0094 -0.8607 0.5090
vn 0.0071 -0.8630 0.5052
vn 0.0072 -0.8630 0.5052
vn 0.0073 -0.8629 0.5053
vn 0.0102 -0.8631 0.5049
vn 0.0102 -0.8632 0.5048
vn 0.0102 -0.8631 0.5050
vn -0.0214 -0.8675 0.4969
vn -0.0214 -0.8675 0.4970
vn 0.0086 -0.8640 0.5034
vn 0.0085 -0.8640 0.5034
vn 0.0087 -0.8640 0.5034
vn 0.0085 -0.8634 0.5044
vn 0.0085 -0.8634 0.5045
vn 0.0084 -0.8633 0.5046
vn 0.0098 -0.8631 0.5050
vn 0.0022 -0.8491 0.5282
vn 0.0293 -0.8360 0.5479
vn 0.0293 -0.8361 0.5479
vn 0.0631 -0.8218 0.5663
vn 0.0630 -0.8218 0.5663
vn -0.0046 -0.8611 0.5085
vn 0.0254 -0.8674 0.4970
vn 0.0074 -0.8681 0.4964
vn 0.0073 -0.8681 0.4964
vn 0.0074 -0.8681 0.4963
vn 0.0190 -0.8647 0.5019
vn -0.0104 -0.8601 0.5101
vn -0.0103 -0.8601 0.5101
vn -0.0079 -0.8566 0.5159
vn 0.0607 -0.8676 0.4935
vn 0.0276 -0.8591 0.5110
vn 0.0064 -0.8517 0.5239
vn -0.0883 0.8674 -0.4897
vn 0.0023 -0.8578 0.5140
vn 0.0022 -0.8577 0.5141
vn 0.2300 0.7458 -0.6252
vn 0.1136 0.7949 -0.5960
vn 0.1136 0.7950 -0.5959
vn 0.1135 0.7950 -0.5959
vn -0.0566 -0.8248 0.5625
vn -0.0566 -0.8249 0.5625
vn -0.0180 0.8616 -0.5073
vn -0.0354 0.8595 -0.5099
vn -0.0083 0.8537 -0.5207
vn 0.0035 0.8571 -0.5152
vn 0.0036 0.8571 -0.5152
vn -0.0106 0.8486 -0.5290
vn -0.0018 0.8570 -0.5152
vn -0.0018 0.8571 -0.5152
vn -0.0016 0.8570 -0.5153
vn -0.0113 0.8510 -0.5250
vn -0.0112 0.8510 -0.5250
vn 0.0027 0.8502 -0.5265
vn 0.0028 0.8502 -0.5264
vn 0.0028 0.8502 -0.5265
vn -0.0007 0.8602 -0.5100
vn -0.0006 0.8602 -0.5100
vn -0.0242 0.8615 -0.5071
vn 0.0071 0.8627 -0.5056
vn 0.0072 0.8627 -0.5056
vn 0.0072 0.8628 -0.5056
vn -0.0096 0.8651 -0.5016
vn -0.0097 0.8651 -0.5016
vn -0.0180 0.8665 -0.4988
vn -0.0180 0.8665 -0.4989
vn -0.0179 0.8665 -0.4988
vn 0.0079 0.8696 -0.4937
vn -0.0020 0.8660 -0.5001
vn -0.0020 0.8660 -0.5000
vn -0.0721 0.8165 -0.5729
vn -0.0256 0.8340 -0.5512
vn -0.0256 0.8340 -0.5511
vn -0.0317 0.8410 -0.5400
vn -0.0317 0.8410 -0.5401
vn -0.0116 0.8603 -0.5097
vn -0.0096 0.8643 -0.5028
vn -0.0097 0.8643 -0.5029
vn 0.0072 0.8772 -0.4802
vn 0.0072 0.8772 -0.4801
vn -0.0044 0.8723 -0.4890
vn -0.0044 0.8722 -0.4891
vn -0.0045 0.8722 -0.4891
vn -0.0059 0.8708 -0.4916
vn 0.0825 -0.7397 0.6679
vn 0.1320 -0.5214 0.8430
vn 0.0995 0.3788 0.9201
vn 0.0995 0.3789 0.9201
vn 0.0129 -0.8569 0.5154
vn 0.0114 -0.8715 0.4903
vn 0.0036 0.2486 0.9686
vn 0.0036 0.2485 0.9686
vn 0.0102 -0.8935 0.4490
vn 0.0132 -0.8583 0.5130
vn 0.0132 -0.8583 0.5129
vn 0.0133 -0.8583 0.5130
vn 0.0611 -0.8095 0.5839
vn 0.0165 -0.8556 0.5174
vn -0.0079 -0.8570 0.5153
vn 0.0434 -0.8349 0.5488
vn 0.0434 -0.8348 0.5488
vn 0.0234 -0.8632 0.5043
vn 0.0732 -0.8519 0.5185
vn 0.1567 -0.8693 0.4688
vn 0.1566 -0.8693 0.4688
vn 0.0137 0.8629 -0.5051
vn 0.0138 0.8629 -0.5051
vn 0.0024 0.8669 -0.4985
vn 0.0025 0.8669 -0.4985
vn -0.0026 0.8559 -0.5172
vn -0.0027 0.8559 -0.5172
vn 0.9897 -0.0312 -0.1396
vn 0.9897 -0.0312 -0.1395
vn 0.9897 -0.0313 -0.1395
vn 0.0990 0.8926 -0.4398
vn 0.0989 0.8926 -0.4398
vn -0.0095 0.8649 -0.5018
vn -0.0095 0.8649 -0.5019
vn -0.0095 0.8650 -0.5017
vn -0.0094 0.8648 -0.5020
vn -0.0093 0.8648 -0.5020
vn -0.0080 0.8686 -0.4955
vn -0.0099 0.8641 -0.5032
vn -0.0099 0.8640 -0.5034
vn -0.0101 0.8615 -0.5077
vn -0.0101 0.8615 -0.5076
vn -0.0102 0.8631 -0.5049
vn -0.0103 0.8632 -0.5048
vn -0.0079 0.8619 -0.5070
vn -0.0080 0.8638 -0.5038
vn -0.0079 0.8637 -0.5039
vn -0.0079 0.8636 -0.5041
vn -0.0079 0.8637 -0.5040
vn 0.0238 0.8704 -0.4917
vn 0.0028 0.8463 -0.5326
vn -0.0101 0.8631 -0.5049
vn -0.0101 0.8631 -0.5050
vn -0.0088 0.8633 -0.5046
vn -0.0087 0.8633 -0.5046
vn -0.0099 0.8629 -0.5053
vn -0.0093 0.8628 -0.5055
vn -0.0092 0.8628 -0.5055
vn -0.0094 0.8627 -0.5056
vn -0.0117 0.8611 -0.5083
vn -0.0118 0.8611 -0.5083
vn -0.0120 0.8612 -0.5081
vn -0.0118 0.8611 -0.5082
vn -0.0094 0.8616 -0.5075
vn -0.0093 0.8616 -0.5075
vn -0.0093 0.8616 -0.5074
vn -0.0104 0.8630 -0.5051
vn -0.0106 0.8629 -0.5052
vn -0.0105 0.8630 -0.5051
vn -0.0102 0.8629 -0.5052
vn 0.0127 -0.8566 0.5158
vn 0.0136 -0.8645 0.5025
vn 0.0135 -0.8645 0.5025
vn 0.0047 -0.8440 0.5363
vn -0.0086 -0.8511 0.5249
vn -0.0086 -0.8512 0.5247
vn -0.0086 -0.8513 0.5247
vn -0.0085 -0.8553 0.5181
vn -0.0087 -0.8553 0.5180
vn -0.0086 -0.8553 0.5181
vn -0.0015 -0.8618 0.5072
vn -0.0015 -0.8619 0.5071
vn 0.0012 -0.8596 0.5109
vn 0.0011 -0.8596 0.5109
vn 0.0006 -0.8597 0.5107
vn 0.0010 -0.8597 0.5109
vn -0.0217 -0.8628 0.5051
vn 0.0071 -0.8602 0.5099
vn 0.0072 -0.8601 0.5100
vn 0.0166 -0.8535 0.5209
vn 0.0166 -0.8536 0.5207
vn 0.0166 -0.8535 0.5208
vn 0.0173 -0.8438 0.5364
vn 0.0131 -0.8486 0.5289
vn 0.0131 -0.8486 0.5288
vn 0.0113 -0.8600 0.5102
vn -0.0116 0.8625 -0.5059
vn -0.0117 0.8626 -0.5058
vn -0.0029 0.8525 -0.5227
vn -0.0029 0.8526 -0.5225
vn -0.0028 0.8527 -0.5224
vn 0.0121 -0.8615 0.5077
vn 0.0119 -0.8614 0.5077
vn 0.0118 -0.8614 0.5078
vn 0.0119 -0.8614 0.5078
vn 0.0203 -0.8631 0.5046
vn 0.0204 -0.8631 0.5045
vn 0.0204 -0.8631 0.5046
vn 0.0204 -0.8632 0.5045
vn 0.0704 -0.8132 0.5777
vn 0.0727 -0.8178 0.5709
vn 0.0626 -0.7729 0.6315
vn 0.0625 -0.7729 0.6314
vn 0.0625 -0.7729 0.6315
vn 0.0447 -0.7798 0.6244
vn 0.0726 -0.8181 0.5705
vn 0.0726 -0.8181 0.5704
vn 0.0727 -0.8181 0.5705
vn 0.0007 -0.7842 0.6205
vn -0.0568 0.7789 -0.6245
vn -0.0568 0.7789 -0.6246
vn 0.7818 0.6235 0.0054
vn 0.7818 0.6235 0.0053
vn -0.1019 0.7603 -0.6415
vn -0.1619 0.7528 -0.6380
vn -0.1618 0.7528 -0.6380
vn -0.0660 0.7697 -0.6350
vn -0.0659 0.7698 -0.6349
vn -0.0661 0.7697 -0.6350
vn -0.0961 0.7680 -0.6332
vn -0.0960 0.7680 -0.6332
vn -0.0892 0.7727 -0.6285
vn -0.1110 0.7870 -0.6068
vn -0.1110 0.7870 -0.6069
vn -0.1184 0.7697 -0.6273
vn -0.1902 0.7552 -0.6273
vn -0.1568 0.7656 -0.6239
vn -0.2426 0.7518 -0.6131
vn -0.2403 0.7586 -0.6055
vn -0.2403 0.7586 -0.6056
vn -0.7982 0.4588 -0.3904
vn -0.7982 0.4587 -0.3904
vn -0.5959 0.6496 -0.4722
vn -0.5958 0.6496 -0.4722
vn 0.9746 -0.2088 -0.0812
vn 0.8558 0.3798 -0.3513
vn 0.4869 -0.7582 0.4336
vn 0.4869 -0.7582 0.4337
vn 0.4870 -0.7582 0.4336
vn 0.3338 -0.6999 0.6315
vn 0.2282 -0.7689 0.5973
vn 0.2282 -0.7688 0.5973
vn 0.2871 -0.7274 0.6233
vn 0.1155 -0.7698 0.6277
vn 0.1155 -0.7699 0.6277
vn 0.1155 -0.7699 0.6276
vn 0.1153 -0.7698 0.6278
vn 0.1322 -0.7633 0.6324
vn 0.1323 -0.7632 0.6324
vn 0.0757 -0.7739 0.6287
vn 0.0758 -0.7739 0.6287
vn 0.0714 -0.7757 0.6271
vn 0.0714 -0.7756 0.6271
vn 0.0713 -0.7757 0.6271
vn -0.0831 -0.8046 0.5880
vn -0.0830 -0.8046 0.5880
vn -0.0832 -0.8046 0.5880
vn 0.0719 -0.7762 0.6264
vn 0.0718 -0.7762 0.6264
vn 0.0717 -0.7762 0.6264
vn 0.0769 -0.7749 0.6274
vn -0.2334 0.7336 -0.6383
vn -0.2333 0.7336 -0.6383
vn -0.2960 -0.8187 0.4921
vn -0.2959 -0.8187 0.4921
vn -0.0798 0.7756 -0.6262
vn -0.0798 0.7756 -0.6261
vn -0.0892 0.7735 -0.6275
vn -0.0892 0.7736 -0.6273
vn -0.0891 0.7735 -0.6275
vn -0.0863 0.7720 -0.6298
vn -0.0862 0.7720 -0.6298
vn -0.0939 0.7723 -0.6283
vn -0.0926 0.7717 -0.6292
vn -0.0927 0.7717 -0.6292
vn -0.1032 0.7728 -0.6262
vn -0.8495 -0.4849 0.2080
vn -0.8495 -0.4849 0.2079
vn -0.8495 -0.4850 0.2079
vn -0.4112 -0.7584 0.5057
vn -0.4111 -0.7584 0.5057
vn 0.0875 -0.7724 0.6291
vn 0.1179 -0.7747 0.6212
vn 0.1178 -0.7748 0.6212
vn 0.1177 -0.7748 0.6211
vn 0.2232 -0.7683 0.6000
vn 0.2230 -0.7683 0.6000
vn 0.1863 -0.7864 0.5890
vn 0.1862 -0.7864 0.5890
vn 0.1753 -0.7886 0.5894
vn 0.4656 -0.6921 0.5516
vn 0.4655 -0.6921 0.5517
vn 0.1079 -0.7627 0.6377
vn 0.1078 -0.7627 0.6377
vn 0.1414 -0.8145 0.5627
vn 0.1415 -0.8147 0.5624
vn 0.1414 -0.8145 0.5626
vn -0.0628 0.5925 -0.8031
vn -0.0628 0.5926 -0.8031
vn -0.1985 0.7319 -0.6519
vn -0.1985 0.7318 -0.6519
vn -0.1886 0.7890 -0.5848
vn -0.1885 0.7889 -0.5849
vn -0.1608 0.7918 -0.5893
vn -0.1610 0.7917 -0.5893
vn -0.1611 0.7917 -0.5893
vn -0.2147 0.7672 -0.6044
vn -0.2146 0.7671 -0.6046
vn -0.2146 0.7672 -0.6045
vn -0.1951 0.7748 -0.6013
vn 0.6884 -0.7251 -0.0150
vn 0.6884 -0.7252 -0.0150
vn 0.7617 -0.6038 0.2349
vn 0.7618 -0.6038 0.2349
vn -0.1958 0.7679 -0.6099
vn 0.0672 -0.7672 0.6379
vn 0.0671 -0.7672 0.6379
vn -0.2167 -0.8267 0.5192
vn 0.1405 -0.8298 0.5401
vn 0.1406 -0.8297 0.5403
vn 0.3522 -0.6819 0.6410
vn 0.3522 -0.6819 0.6411
vn -0.4113 0.6688 -0.6193
vn -0.4114 0.6688 -0.6193
vn -0.8867 0.2156 -0.4089
vn -0.8867 0.2156 -0.4090
vn -0.8867 0.2157 -0.4090
vn 0.0102 0.8621 -0.5066
vn 0.0103 0.8620 -0.5067
vn 0.0103 0.8620 -0.5068
vn 0.0409 -0.8421 0.5377
vn 0.0410 -0.8421 0.5378
vn 0.0412 -0.8421 0.5378
vn -0.0573 0.8405 -0.5388
vn -0.0572 0.8405 -0.5388
vn 0.5853 -0.6780 -0.4447
vn 0.5853 -0.6780 -0.4446
vn -0.9893 0.1347 0.0561
vn -0.9893 0.1347 0.0560
vn -0.9893 0.1346 0.0561
vn -0.6593 0.7458 0.0958
vn -0.6592 0.7458 0.0958
vn -0.6592 0.7459 0.0957
vn -0.8834 0.3844 0.2680
vn -0.8834 0.3844 0.2681
vn -0.8834 0.3843 0.2681
vt 0.514040 0.462940
vt 0.520030 0.453520
vt 0.507560 0.449350
vt 0.504610 0.454810
vt 0.496310 0.454240
vt 0.496770 0.460490
vt 0.536710 0.475530
vt 0.539420 0.460870
vt 0.701800 0.522850
vt 0.691430 0.531690
vt 0.715180 0.540620
vt 0.736090 0.536670
vt 0.745910 0.509150
vt 0.736840 0.505980
vt 0.656700 0.519900
vt 0.654830 0.525500
vt 0.693710 0.509320
vt 0.656470 0.512050
vt 0.721550 0.495510
vt 0.611870 0.346060
vt 0.598760 0.332530
vt 0.584660 0.353160
vt 0.608560 0.363660
vt 0.627830 0.343200
vt 0.618660 0.318300
vt 0.631650 0.368120
vt 0.064920 0.728540
vt 0.041180 0.717400
vt 0.043750 0.716880
vt 0.067500 0.725810
vt 0.072140 0.737300
vt 0.041100 0.737570
vt 0.024920 0.726000
vt 0.013640 0.719240
vt 0.044710 0.711420
vt 0.044610 0.711350
vt 0.710400 0.487440
vt 0.688550 0.495170
vt 0.731730 0.468770
vt 0.713000 0.467270
vt 0.688310 0.471730
vt 0.501440 0.451090
vt 0.497980 0.450660
vt 0.502700 0.445730
vt 0.496320 0.444800
vt 0.037540 0.966990
vt 0.025040 0.972390
vt 0.024130 0.971240
vt 0.036920 0.966540
vt 0.506780 0.435730
vt 0.503150 0.433810
vt 0.495240 0.443220
vt 0.482440 0.447870
vt 0.484580 0.450000
vt 0.658650 0.318870
vt 0.668110 0.335710
vt 0.684120 0.324930
vt 0.664000 0.305510
vt 0.641320 0.317470
vt 0.648610 0.341210
vt 0.638300 0.292430
vt 0.481400 0.456340
vt 0.449850 0.470270
vt 0.448390 0.466910
vt 0.442930 0.469800
vt 0.447870 0.472220
vt 0.453960 0.473840
vt 0.454490 0.470880
vt 0.454690 0.465320
vt 0.056260 0.748750
vt 0.075780 0.747580
vt 0.073860 0.762190
vt 0.050180 0.762970
vt 0.021510 0.749090
vt 0.099360 0.936530
vt 0.086040 0.921660
vt 0.104040 0.913390
vt 0.116250 0.932680
vt 0.122150 0.953920
vt 0.094770 0.956430
vt 0.072580 0.934480
vt 0.310900 0.786820
vt 0.313470 0.789600
vt 0.308320 0.792220
vt 0.306380 0.787070
vt 0.305640 0.783850
vt 0.311940 0.784930
vt 0.318280 0.786250
vt 0.125880 0.884660
vt 0.127170 0.868910
vt 0.149450 0.877820
vt 0.139080 0.895920
vt 0.111050 0.887970
vt 0.104520 0.866670
vt 0.123080 0.906440
vt 0.223120 0.797670
vt 0.222160 0.771010
vt 0.246270 0.776390
vt 0.247430 0.789940
vt 0.196090 0.790480
vt 0.198110 0.767330
vt 0.212960 0.822210
vt 0.190780 0.810100
vt 0.253160 0.802140
vt 0.238760 0.812170
vt 0.270850 0.797470
vt 0.274420 0.805590
vt 0.259700 0.809680
vt 0.268630 0.784540
vt 0.248520 0.818130
vt 0.240680 0.835300
vt 0.231070 0.831720
vt 0.253970 0.823310
vt 0.246960 0.837140
vt 0.263700 0.814280
vt 0.245080 0.863050
vt 0.237500 0.861220
vt 0.252740 0.838630
vt 0.251860 0.864310
vt 0.255790 0.823680
vt 0.506190 0.418860
vt 0.511600 0.418660
vt 0.512830 0.392480
vt 0.507070 0.393190
vt 0.517600 0.418970
vt 0.520410 0.392250
vt 0.512210 0.438220
vt 0.521150 0.441230
vt 0.525750 0.419570
vt 0.539800 0.445460
vt 0.544650 0.422820
vt 0.567180 0.451400
vt 0.571110 0.428770
vt 0.562590 0.472230
vt 0.559850 0.493380
vt 0.590100 0.484260
vt 0.596090 0.460220
vt 0.585790 0.501630
vt 0.558550 0.503850
vt 0.582900 0.512280
vt 0.617050 0.508850
vt 0.620680 0.494820
vt 0.614690 0.517240
vt 0.580200 0.519460
vt 0.612590 0.523870
vt 0.178740 0.738040
vt 0.201070 0.746220
vt 0.200980 0.747800
vt 0.177280 0.740370
vt 0.557860 0.511270
vt 0.145780 0.735010
vt 0.146340 0.733630
vt 0.174600 0.748490
vt 0.143500 0.741790
vt 0.104610 0.734180
vt 0.104100 0.731990
vt 0.105860 0.740480
vt 0.141150 0.750010
vt 0.105980 0.749960
vt 0.171820 0.759680
vt 0.167470 0.779940
vt 0.136500 0.770770
vt 0.103810 0.764420
vt 0.132560 0.796230
vt 0.102190 0.791600
vt 0.072920 0.790080
vt 0.101010 0.817830
vt 0.072450 0.816970
vt 0.042780 0.788260
vt 0.043620 0.817260
vt 0.023600 0.818710
vt 0.019270 0.784310
vt 0.048480 0.847350
vt 0.028550 0.851310
vt 0.074620 0.844220
vt 0.080500 0.870350
vt 0.056070 0.876970
vt 0.101450 0.842970
vt 0.128550 0.845830
vt 0.129960 0.821570
vt 0.158030 0.829040
vt 0.154530 0.854490
vt 0.162740 0.802940
vt 0.183810 0.839200
vt 0.179230 0.866720
vt 0.208000 0.850250
vt 0.204030 0.879820
vt 0.227420 0.858020
vt 0.222400 0.888670
vt 0.232890 0.893320
vt 0.217630 0.925220
vt 0.209000 0.918530
vt 0.241000 0.896490
vt 0.223980 0.930690
vt 0.248320 0.899120
vt 0.229320 0.935760
vt 0.510610 0.358370
vt 0.516500 0.359050
vt 0.533670 0.324070
vt 0.529620 0.321730
vt 0.524810 0.360620
vt 0.540370 0.328370
vt 0.534920 0.363170
vt 0.548610 0.333250
vt 0.529840 0.392970
vt 0.548080 0.396160
vt 0.552060 0.368510
vt 0.574130 0.403190
vt 0.577670 0.377820
vt 0.602990 0.411370
vt 0.605390 0.387260
vt 0.600380 0.435800
vt 0.631210 0.443690
vt 0.633910 0.419700
vt 0.626710 0.469360
vt 0.659450 0.477260
vt 0.662430 0.449670
vt 0.656970 0.505260
vt 0.688930 0.444450
vt 0.687410 0.415240
vt 0.661410 0.419770
vt 0.716530 0.439850
vt 0.713570 0.409760
vt 0.735410 0.437880
vt 0.730830 0.405930
vt 0.743350 0.436930
vt 0.738330 0.404210
vt 0.748220 0.471600
vt 0.755180 0.472480
vt 0.749740 0.436020
vt 0.308660 0.839150
vt 0.297280 0.873530
vt 0.306350 0.876700
vt 0.315610 0.840030
vt 0.011220 0.951130
vt 0.008370 0.951510
vt 0.007230 0.915580
vt 0.005000 0.914790
vt 0.410930 0.954540
vt 0.401660 0.991210
vt 0.407190 0.995000
vt 0.408060 0.954860
vt 0.751430 0.512940
vt 0.745950 0.542160
vt 0.476470 0.582290
vt 0.478970 0.584420
vt 0.476850 0.542460
vt 0.477350 0.542150
vt 0.747510 0.542140
vt 0.753940 0.515080
vt 0.005000 0.742420
vt 0.011340 0.747880
vt 0.009380 0.784590
vt 0.007120 0.784380
vt 0.011420 0.715350
vt 0.264050 0.756280
vt 0.264250 0.761880
vt 0.248870 0.724160
vt 0.248560 0.722920
vt 0.032980 0.286920
vt 0.035280 0.258280
vt 0.046550 0.265040
vt 0.031090 0.281650
vt 0.488900 0.561860
vt 0.500960 0.568340
vt 0.498720 0.603560
vt 0.488650 0.602580
vt 0.523450 0.280440
vt 0.538910 0.263830
vt 0.555090 0.275400
vt 0.535500 0.286920
vt 0.009200 0.783330
vt 0.015200 0.819890
vt 0.008750 0.821090
vt 0.020650 0.853170
vt 0.015340 0.854470
vt 0.029880 0.885290
vt 0.024490 0.886920
vt 0.037550 0.882940
vt 0.050390 0.912560
vt 0.041860 0.916990
vt 0.068240 0.903020
vt 0.090520 0.893230
vt 0.059850 0.946960
vt 0.055400 0.950420
vt 0.036760 0.919440
vt 0.088770 0.968760
vt 0.085350 0.975050
vt 0.124320 0.975330
vt 0.123890 0.982920
vt 0.152290 0.951050
vt 0.160780 0.967710
vt 0.164540 0.976590
vt 0.187910 0.947180
vt 0.194790 0.956120
vt 0.166930 0.983340
vt 0.123460 0.989170
vt 0.200230 0.963070
vt 0.146140 0.713160
vt 0.140700 0.706210
vt 0.163540 0.675310
vt 0.169900 0.680780
vt 0.558700 0.294420
vt 0.560110 0.295810
vt 0.594910 0.276210
vt 0.592000 0.274150
vt 0.223870 0.591380
vt 0.247630 0.559000
vt 0.252960 0.564070
vt 0.222470 0.590000
vt 0.562210 0.297270
vt 0.596270 0.278940
vt 0.401200 0.824250
vt 0.401000 0.825360
vt 0.389100 0.861040
vt 0.387740 0.860530
vt 0.563090 0.296570
vt 0.311190 0.988140
vt 0.317810 0.995000
vt 0.347710 0.976350
vt 0.343690 0.969230
vt 0.569710 0.303440
vt 0.579620 0.313670
vt 0.606320 0.296450
vt 0.599610 0.284780
vt 0.562120 0.340940
vt 0.637160 0.280360
vt 0.385260 0.971930
vt 0.384770 0.964920
vt 0.672060 0.288390
vt 0.674900 0.282250
vt 0.636670 0.273350
vt 0.699660 0.311410
vt 0.703730 0.307800
vt 0.714090 0.342810
vt 0.719740 0.339790
vt 0.707500 0.304730
vt 0.677270 0.277130
vt 0.724560 0.337420
vt 0.730370 0.372070
vt 0.735670 0.370360
vt 0.729050 0.335320
vt 0.711140 0.301710
vt 0.740340 0.368860
vt 0.743800 0.402930
vt 0.748630 0.401780
vt 0.018590 0.888630
vt 0.019740 0.888330
vt 0.032240 0.921300
vt 0.029880 0.922170
vt 0.010300 0.855710
vt 0.010520 0.855650
vt 0.304170 0.985390
vt 0.304240 0.985010
vt 0.269160 0.985330
vt 0.268990 0.986020
vt 0.006890 0.820460
vt 0.233220 0.985590
vt 0.232900 0.986310
vt 0.051450 0.953250
vt 0.047790 0.955790
vt 0.082460 0.980080
vt 0.079660 0.984450
vt 0.123390 0.995000
vt 0.005000 0.664450
vt 0.005060 0.658610
vt 0.048540 0.652790
vt 0.045630 0.650730
vt 0.635550 0.262490
vt 0.636310 0.272020
vt 0.679280 0.273040
vt 0.335580 0.994540
vt 0.374660 0.983420
vt 0.375100 0.983160
vt 0.335550 0.995000
vt 0.751960 0.436860
vt 0.723420 0.374340
vt 0.708670 0.379240
vt 0.701930 0.349160
vt 0.678580 0.359620
vt 0.683890 0.386720
vt 0.654340 0.366280
vt 0.658130 0.392210
vt 0.632730 0.394160
vt 0.175340 0.932450
vt 0.193360 0.907190
vt 0.157700 0.913810
vt 0.171500 0.891950
vt 0.138120 0.927600
vt 0.199600 0.755870
vt 0.223460 0.762620
vt 0.224600 0.756780
vt 0.247550 0.767400
vt 0.247100 0.769870
vt 0.534330 0.500720
vt 0.534470 0.498000
vt 0.512030 0.483710
vt 0.511380 0.490090
vt 0.212040 0.354410
vt 0.229040 0.373200
vt 0.228960 0.373910
vt 0.210290 0.354620
vt 0.535660 0.488280
vt 0.513830 0.474740
vt 0.163310 0.277130
vt 0.186700 0.290400
vt 0.187400 0.282980
vt 0.164510 0.267410
vt 0.495400 0.468360
vt 0.492880 0.475360
vt 0.478460 0.462360
vt 0.476200 0.468920
vt 0.463710 0.459230
vt 0.463740 0.465890
vt 0.465140 0.454130
vt 0.450710 0.453330
vt 0.453300 0.459540
vt 0.465300 0.450070
vt 0.452790 0.452450
vt 0.370980 0.849370
vt 0.366880 0.848140
vt 0.366220 0.861130
vt 0.366200 0.861880
vt 0.466530 0.449870
vt 0.292410 0.807620
vt 0.292900 0.803440
vt 0.304410 0.801260
vt 0.305390 0.804620
vt 0.276490 0.809630
vt 0.290010 0.795550
vt 0.301160 0.794160
vt 0.287680 0.785870
vt 0.299680 0.786820
vt 0.284990 0.780880
vt 0.297260 0.782690
vt 0.268790 0.777600
vt 0.267330 0.775360
vt 0.284130 0.779370
vt 0.491600 0.482140
vt 0.491010 0.481440
vt 0.473960 0.475240
vt 0.474800 0.478130
vt 0.704900 0.653430
vt 0.710860 0.633180
vt 0.713230 0.633620
vt 0.704380 0.654010
vt 0.462570 0.472180
vt 0.462610 0.475490
vt 0.296330 0.782010
vt 0.304970 0.783660
vt 0.311020 0.797420
vt 0.316010 0.793450
vt 0.317100 0.796980
vt 0.312590 0.800680
vt 0.320740 0.790340
vt 0.319230 0.794580
vt 0.438200 0.467160
vt 0.441400 0.465520
vt 0.441090 0.461250
vt 0.439710 0.462920
vt 0.440660 0.471240
vt 0.446520 0.462270
vt 0.444050 0.457540
vt 0.363760 0.869560
vt 0.362060 0.868320
vt 0.360870 0.872840
vt 0.362490 0.873180
vt 0.446990 0.472570
vt 0.453290 0.473650
vt 0.714330 0.546150
vt 0.359910 0.874960
vt 0.361170 0.873580
vt 0.032710 0.948270
vt 0.005000 0.967170
vt 0.005910 0.965800
vt 0.032440 0.948070
vt 0.247280 0.707900
vt 0.245790 0.708960
vt 0.247060 0.705340
vt 0.248370 0.704940
vt 0.245460 0.714560
vt 0.243340 0.716640
s 1
usemtl BLy_Orange.002
f 488/1/1 600/2/1 646/3/1
f 488/1/1 646/3/1 577/4/1
f 489/1/2 579/4/2 586/5/2
f 489/1/2 586/5/2 524/6/2
f 487/1/3 298/7/4 515/8/5
f 487/1/3 515/8/5 597/2/3
f 60/9/6 32/10/6 17/11/6
f 60/9/6 17/11/6 30/12/6
f 58/9/7 28/12/8 140/13/8
f 58/9/7 140/13/8 167/14/8
f 56/9/9 73/15/10 44/16/10
f 56/9/9 44/16/10 31/10/10
f 59/9/11 136/17/12 114/18/11
f 59/9/11 114/18/11 74/15/11
f 57/9/13 166/14/13 199/19/13
f 57/9/13 199/19/13 134/17/14
f 1101/20/15 1173/21/16 1085/22/17
f 1101/20/15 1085/22/17 1048/23/16
f 1100/20/18 1115/24/19 1222/25/18
f 1100/20/18 1222/25/18 1171/21/19
f 1102/20/20 1051/23/21 1030/26/22
f 1102/20/20 1030/26/22 1118/24/23
f 42/27/24 22/28/24 18/29/24
f 42/27/24 18/29/24 33/30/24
f 39/27/25 66/31/25 72/32/25
f 39/27/25 72/32/25 37/33/26
f 40/27/27 38/33/28 26/34/27
f 40/27/27 26/34/27 20/28/27
f 5/35/29 1/36/30 15/29/29
f 5/35/29 15/29/29 21/28/29
f 246/37/31 205/38/31 133/17/32
f 246/37/31 133/17/32 198/19/31
f 245/37/33 196/19/33 423/39/34
f 245/37/33 423/39/34 444/40/33
f 244/37/35 443/40/36 373/41/37
f 244/37/35 373/41/37 204/38/38
f 622/42/39 624/43/40 587/5/40
f 622/42/39 587/5/40 580/4/40
f 621/42/41 578/4/41 647/3/41
f 621/42/41 647/3/41 662/44/41
f 623/42/42 663/44/42 675/45/43
f 623/42/42 675/45/43 625/43/42
f 672/46/44 770/47/45 768/48/46
f 672/46/44 768/48/46 687/49/47
f 674/45/48 661/44/49 760/50/48
f 674/45/48 760/50/48 772/51/48
f 673/45/50 688/52/50 651/53/51
f 673/45/50 651/53/51 632/54/51
f 676/45/52 634/54/52 588/5/52
f 676/45/52 588/5/52 626/43/52
f 1220/55/53 1160/56/54 1196/57/54
f 1220/55/53 1196/57/54 1259/58/53
f 1218/55/55 1225/59/55 1123/60/55
f 1218/55/55 1123/60/55 1159/56/55
f 1219/55/56 1258/58/57 1311/61/58
f 1219/55/56 1311/61/58 1227/59/57
f 633/54/59 563/62/59 523/6/59
f 633/54/59 523/6/59 585/5/59
f 404/63/60 454/64/61 405/65/62
f 404/63/60 405/65/62 364/66/61
f 402/63/63 363/66/63 324/67/64
f 402/63/63 324/67/64 388/68/65
f 403/63/66 390/68/66 470/69/67
f 403/63/66 470/69/67 453/64/67
f 151/70/68 71/32/69 65/31/69
f 151/70/68 65/31/69 122/71/70
f 150/70/71 121/71/71 202/72/71
f 150/70/71 202/72/71 219/73/71
f 149/70/72 218/73/73 154/74/73
f 149/70/72 154/74/73 69/32/73
f 1215/75/74 1155/76/75 1108/77/76
f 1215/75/74 1108/77/76 1200/78/74
f 1217/75/77 1202/78/78 1272/79/79
f 1217/75/77 1272/79/79 1288/80/78
f 1216/75/80 1287/80/80 1210/81/81
f 1216/75/80 1210/81/81 1158/76/80
f 397/82/82 430/83/82 474/84/83
f 397/82/82 474/84/83 401/85/82
f 395/82/84 399/85/85 328/86/85
f 395/82/84 328/86/85 351/87/86
f 396/82/87 352/87/88 383/88/89
f 396/82/87 383/88/89 429/83/90
f 991/89/91 946/90/92 966/91/91
f 991/89/91 966/91/91 1058/92/93
f 990/89/94 1011/93/95 938/94/94
f 990/89/94 938/94/94 945/90/95
f 989/89/96 1057/92/97 1089/95/97
f 989/89/96 1089/95/97 1008/93/98
f 538/96/99 254/97/100 273/98/101
f 538/96/99 273/98/101 433/99/101
f 537/96/102 449/100/103 229/101/104
f 537/96/102 229/101/104 252/97/105
f 539/96/106 762/102/106 659/103/107
f 539/96/106 659/103/107 452/100/106
f 541/96/108 436/99/109 574/104/109
f 541/96/108 574/104/109 670/105/108
f 576/104/110 536/106/110 616/107/110
f 576/104/110 616/107/110 655/108/110
f 573/104/111 435/99/112 342/109/111
f 573/104/111 342/109/111 534/106/111
f 575/104/113 652/108/113 711/110/114
f 575/104/113 711/110/114 671/105/113
f 709/110/115 791/111/115 784/112/115
f 709/110/115 784/112/115 669/105/115
f 710/110/116 766/113/116 796/114/116
f 710/110/116 796/114/116 792/111/117
f 712/110/118 653/108/118 685/115/118
f 712/110/118 685/115/118 767/113/119
f 794/114/120 910/116/120 901/117/121
f 794/114/120 901/117/121 789/111/120
f 793/114/122 813/118/123 918/119/124
f 793/114/122 918/119/124 909/116/124
f 795/114/125 765/113/125 769/120/125
f 795/114/125 769/120/125 814/118/125
f 815/121/126 817/122/126 927/123/126
f 815/121/126 927/123/126 920/124/126
f 816/121/127 771/51/127 757/50/127
f 816/121/127 757/50/127 819/122/127
f 818/122/128 809/125/128 931/126/128
f 818/122/128 931/126/128 928/123/128
f 820/122/129 758/50/130 717/127/130
f 820/122/129 717/127/130 811/125/129
f 720/127/131 759/50/132 660/44/131
f 720/127/131 660/44/131 645/3/131
f 718/127/133 691/128/133 808/129/133
f 718/127/133 808/129/133 812/125/134
f 719/127/135 644/3/135 599/2/136
f 719/127/135 599/2/136 692/128/135
f 689/128/137 665/130/138 788/131/139
f 689/128/137 788/131/139 807/129/139
f 690/128/140 598/2/140 516/8/140
f 690/128/140 516/8/140 667/130/140
f 664/130/141 618/132/141 776/133/141
f 664/130/141 776/133/141 787/131/142
f 666/130/143 514/8/144 362/134/144
f 666/130/143 362/134/144 620/132/143
f 359/134/145 513/8/146 295/7/147
f 359/134/145 295/7/147 220/135/147
f 361/134/148 258/136/148 528/137/148
f 361/134/148 528/137/148 619/132/148
f 360/134/149 221/135/149 176/138/150
f 360/134/149 176/138/150 255/136/151
f 179/138/152 223/135/152 173/139/152
f 179/138/152 173/139/152 110/140/152
f 177/138/153 145/141/153 214/142/153
f 177/138/153 214/142/153 257/136/153
f 178/138/154 109/140/154 83/143/154
f 178/138/154 83/143/154 148/141/155
f 84/143/156 111/140/156 79/144/156
f 84/143/156 79/144/156 50/145/156
f 81/143/157 75/15/158 115/18/158
f 81/143/157 115/18/158 146/141/158
f 82/143/159 49/145/159 45/16/159
f 82/143/159 45/16/159 76/15/159
f 78/146/160 117/147/160 127/148/161
f 78/146/160 127/148/161 88/149/160
f 80/144/162 112/140/162 175/139/162
f 80/144/162 175/139/162 120/150/162
f 77/146/163 87/149/163 63/151/164
f 77/146/163 63/151/164 48/152/164
f 61/151/165 86/149/165 144/153/165
f 61/151/165 144/153/165 94/154/165
f 64/151/166 54/155/166 46/156/166
f 64/151/166 46/156/166 51/152/166
f 62/151/167 95/154/167 90/157/167
f 62/151/167 90/157/167 52/155/167
f 92/157/168 96/154/168 162/158/169
f 92/157/168 162/158/169 158/159/168
f 91/157/170 68/31/171 41/27/170
f 91/157/170 41/27/170 53/155/172
f 89/157/173 157/159/174 124/71/173
f 89/157/173 124/71/173 67/31/174
f 161/158/175 195/160/175 286/161/175
f 161/158/175 286/161/175 249/162/176
f 160/158/177 93/154/177 143/153/177
f 160/158/177 143/153/177 194/160/177
f 163/158/178 250/162/178 227/163/178
f 163/158/178 227/163/178 159/159/178
f 225/163/179 247/162/180 507/164/180
f 225/163/179 507/164/180 460/165/180
f 226/163/181 203/72/181 123/71/181
f 226/163/181 123/71/181 156/159/181
f 224/163/182 459/165/183 440/166/182
f 224/163/182 440/166/182 201/72/182
f 438/166/184 457/165/185 707/167/186
f 438/166/184 707/167/186 696/168/185
f 439/166/187 415/169/188 216/73/187
f 439/166/187 216/73/187 200/72/189
f 437/166/190 695/168/191 700/170/192
f 437/166/190 700/170/192 414/169/193
f 699/170/194 715/171/195 331/172/194
f 699/170/194 331/172/194 413/169/196
f 697/170/197 845/173/198 857/174/199
f 697/170/197 857/174/199 713/171/200
f 698/170/201 693/168/202 834/175/201
f 698/170/201 834/175/201 846/173/201
f 835/175/201 956/176/203 963/177/201
f 835/175/201 963/177/201 847/173/201
f 833/175/199 829/178/95 939/94/204
f 833/175/199 939/94/204 955/176/199
f 836/175/205 694/168/196 705/167/205
f 836/175/205 705/167/205 831/178/205
f 830/178/203 837/179/206 947/90/203
f 830/178/203 947/90/203 940/94/207
f 832/178/208 706/167/209 749/180/209
f 832/178/208 749/180/209 838/179/209
f 750/180/210 778/181/211 883/182/210
f 750/180/210 883/182/210 840/179/212
f 752/180/213 506/164/213 581/183/214
f 752/180/213 581/183/214 779/181/215
f 751/180/216 708/167/217 458/165/218
f 751/180/216 458/165/218 505/164/219
f 582/183/220 656/103/220 822/184/221
f 582/183/220 822/184/221 780/181/220
f 584/183/222 285/161/222 451/100/222
f 584/183/222 451/100/222 658/103/223
f 583/183/224 508/164/225 248/162/225
f 583/183/224 248/162/225 283/161/225
f 821/184/226 941/185/227 881/182/226
f 821/184/226 881/182/226 777/181/228
f 824/184/229 855/186/230 979/187/231
f 824/184/229 979/187/231 944/185/230
f 823/184/232 657/103/232 761/102/232
f 823/184/232 761/102/232 853/186/233
f 856/186/234 899/188/234 1022/189/235
f 856/186/234 1022/189/235 980/187/234
f 854/186/236 763/102/236 782/112/237
f 854/186/236 782/112/237 898/188/236
f 900/188/238 904/117/239 1047/190/239
f 900/188/238 1047/190/239 1023/189/240
f 897/188/241 781/112/241 790/111/241
f 897/188/241 790/111/241 902/117/241
f 1044/190/242 1177/191/243 1140/192/243
f 1044/190/242 1140/192/243 1020/189/244
f 1045/190/245 1060/193/246 1189/194/245
f 1045/190/245 1189/194/245 1178/191/245
f 1046/190/247 903/117/247 912/116/247
f 1046/190/247 912/116/247 1063/193/247
f 1061/193/248 1077/195/249 1213/196/250
f 1061/193/248 1213/196/250 1190/194/251
f 1062/193/252 911/116/252 919/119/252
f 1062/193/252 919/119/252 1079/195/252
f 1076/197/253 1072/198/254 1203/199/253
f 1076/197/253 1203/199/253 1212/200/253
f 1078/197/255 917/124/255 926/123/255
f 1078/197/255 926/123/255 1074/198/255
f 1075/198/256 1067/201/257 1184/202/258
f 1075/198/256 1184/202/258 1205/199/259
f 1073/198/260 925/123/260 930/126/260
f 1073/198/260 930/126/260 1065/201/260
f 1066/201/261 1055/203/262 1168/204/262
f 1066/201/261 1168/204/262 1183/202/263
f 1064/201/264 929/126/264 922/205/264
f 1064/201/264 922/205/264 1053/203/264
f 924/205/265 932/126/266 810/125/265
f 924/205/265 810/125/265 806/129/265
f 921/205/267 905/206/267 1024/207/268
f 921/205/267 1024/207/268 1052/203/268
f 923/205/269 805/129/270 786/131/270
f 923/205/269 786/131/270 908/206/270
f 906/206/271 873/208/272 974/209/273
f 906/206/271 974/209/273 1026/207/274
f 907/206/275 785/131/276 775/133/276
f 907/206/275 775/133/276 876/208/276
f 874/208/277 841/210/277 950/211/277
f 874/208/277 950/211/277 976/209/277
f 875/208/278 773/133/279 755/212/279
f 875/208/278 755/212/279 844/210/280
f 756/212/281 774/133/282 617/132/282
f 756/212/281 617/132/282 526/137/282
f 753/212/283 682/213/284 804/214/285
f 753/212/283 804/214/285 843/210/283
f 754/212/286 525/137/286 410/215/287
f 754/212/286 410/215/287 684/213/286
f 412/215/288 527/137/289 256/136/290
f 412/215/288 256/136/290 213/142/289
f 409/215/291 288/216/291 643/217/291
f 409/215/291 643/217/291 683/213/291
f 411/215/292 212/142/292 170/218/292
f 411/215/292 170/218/292 290/216/292
f 171/218/293 215/142/293 147/141/293
f 171/218/293 147/141/293 116/18/293
f 168/218/294 206/38/295 374/41/295
f 168/218/294 374/41/295 289/216/295
f 169/218/296 113/18/296 135/17/297
f 169/218/296 135/17/297 207/38/296
f 287/216/298 372/41/299 680/219/298
f 287/216/298 680/219/298 642/217/298
f 679/219/300 828/220/301 799/221/302
f 679/219/300 799/221/302 640/217/303
f 677/219/304 703/222/305 851/223/304
f 677/219/304 851/223/304 827/220/306
f 678/219/307 371/41/308 442/40/307
f 678/219/307 442/40/307 704/222/309
f 702/222/310 724/224/310 863/225/310
f 702/222/310 863/225/310 849/223/310
f 701/222/311 441/40/312 422/39/313
f 701/222/311 422/39/313 723/224/312
f 722/224/314 736/226/314 871/227/315
f 722/224/314 871/227/315 861/225/316
f 721/224/317 421/39/318 380/228/319
f 721/224/317 380/228/319 735/226/320
f 381/228/321 424/39/321 197/19/321
f 381/228/321 197/19/321 164/14/322
f 379/228/323 356/229/324 747/230/324
f 379/228/323 747/230/324 733/226/325
f 382/231/326 165/232/326 138/233/326
f 382/231/326 138/233/326 357/234/327
f 355/235/328 347/236/328 737/237/329
f 355/235/328 737/237/329 745/238/328
f 358/239/330 139/240/331 107/241/331
f 358/239/330 107/241/331 350/242/330
f 106/243/332 137/13/332 27/12/332
f 106/243/332 27/12/332 7/244/332
f 105/245/333 99/246/334 338/247/333
f 105/245/333 338/247/333 349/248/335
f 108/243/336 9/244/336 13/249/336
f 108/243/336 13/249/336 100/250/336
f 98/251/337 131/252/337 345/253/338
f 98/251/337 345/253/338 337/254/337
f 97/251/339 11/255/339 23/34/339
f 97/251/339 23/34/339 129/252/339
f 132/256/340 104/257/340 322/258/340
f 132/256/340 322/258/340 346/259/340
f 130/260/341 24/261/342 35/262/341
f 130/260/341 35/262/341 101/263/343
f 102/264/344 153/265/344 334/266/345
f 102/264/344 334/266/345 321/267/345
f 103/268/346 36/269/347 70/270/346
f 103/268/346 70/270/346 155/271/348
f 320/272/349 728/273/350 743/274/350
f 320/272/349 743/274/350 344/253/349
f 319/272/351 332/172/352 716/171/353
f 319/272/351 716/171/353 726/273/353
f 727/273/354 867/275/355 877/276/356
f 727/273/354 877/276/356 742/274/354
f 725/273/357 714/171/358 859/174/359
f 725/273/357 859/174/359 865/275/360
f 868/275/350 994/277/361 1000/278/362
f 868/275/350 1000/278/362 878/276/362
f 866/275/363 860/174/364 984/279/365
f 866/275/363 984/279/365 993/277/366
f 982/279/367 1105/280/368 1132/281/368
f 982/279/367 1132/281/368 992/277/368
f 981/279/369 961/177/370 1080/282/371
f 981/279/369 1080/282/371 1104/280/370
f 983/279/372 858/174/373 848/173/372
f 983/279/372 848/173/372 964/177/374
f 1083/282/375 1157/76/375 1209/81/375
f 1083/282/375 1209/81/375 1106/280/376
f 1082/282/377 1041/283/378 1109/77/377
f 1082/282/377 1109/77/377 1156/76/379
f 1081/282/380 962/177/381 953/176/382
f 1081/282/380 953/176/382 1040/283/381
f 1043/283/95 1010/93/95 1090/95/98
f 1043/283/95 1090/95/98 1110/77/95
f 1042/283/383 954/176/96 937/94/383
f 1042/283/383 937/94/383 1009/93/97
f 1103/280/384 1207/81/384 1237/284/384
f 1103/280/384 1237/284/384 1131/281/384
f 1238/284/385 1250/285/386 1146/286/386
f 1238/284/385 1146/286/386 1134/281/386
f 1239/284/387 1319/287/388 1331/288/387
f 1239/284/387 1331/288/387 1252/285/387
f 1240/284/389 1208/81/389 1286/80/389
f 1240/284/389 1286/80/389 1320/287/389
f 1318/287/390 1339/289/390 1369/290/390
f 1318/287/390 1369/290/390 1329/288/390
f 1317/287/391 1285/80/392 1269/79/393
f 1317/287/391 1269/79/393 1337/289/391
f 1338/289/394 1270/79/394 1254/291/394
f 1338/289/394 1254/291/394 1314/292/394
f 1340/289/395 1316/292/395 1344/293/396
f 1340/289/395 1344/293/396 1372/290/395
f 1343/293/397 1315/292/397 1244/294/397
f 1343/293/397 1244/294/397 1284/295/397
f 1342/293/398 1374/296/398 1390/297/398
f 1342/293/398 1390/297/398 1370/290/398
f 1341/293/399 1283/295/399 1307/298/399
f 1341/293/399 1307/298/399 1373/296/399
f 1306/299/400 1282/300/400 1176/301/400
f 1306/299/400 1176/301/400 1188/302/400
f 1308/303/401 1304/304/401 1368/305/401
f 1308/303/401 1368/305/401 1376/306/401
f 1305/307/402 1187/308/403 1211/309/403
f 1305/307/402 1211/309/403 1301/310/403
f 1303/304/404 1290/311/404 1350/312/404
f 1303/304/404 1350/312/404 1367/305/404
f 1302/304/405 1214/200/406 1204/199/407
f 1302/304/405 1204/199/407 1289/311/405
f 1292/313/408 1296/314/408 1356/315/409
f 1292/313/408 1356/315/409 1352/316/409
f 1291/311/410 1206/199/410 1186/202/410
f 1291/311/410 1186/202/410 1294/317/410
f 1295/318/411 1276/319/411 1328/320/411
f 1295/318/411 1328/320/411 1355/321/411
f 1293/317/412 1185/202/412 1169/204/412
f 1293/317/412 1169/204/412 1274/322/412
f 1273/322/413 1229/323/414 1297/324/413
f 1273/322/413 1297/324/413 1325/325/413
f 1275/322/415 1170/204/415 1129/326/415
f 1275/322/415 1129/326/415 1231/323/415
f 1128/326/416 1167/204/417 1054/203/418
f 1128/326/416 1054/203/418 1027/207/417
f 1130/326/419 1087/22/420 1174/21/419
f 1130/326/419 1174/21/419 1232/323/420
f 1127/326/421 1025/207/422 973/209/423
f 1127/326/421 973/209/423 1084/22/421
f 1230/323/424 1172/21/424 1224/25/425
f 1230/323/424 1224/25/425 1299/324/424
f 1300/324/426 1312/61/426 1348/327/426
f 1300/324/426 1348/327/426 1327/325/426
f 1298/324/427 1221/25/428 1226/59/428
f 1298/324/427 1226/59/428 1309/61/429
f 1346/328/430 1379/329/430 1354/321/431
f 1346/328/430 1354/321/431 1326/320/430
f 1347/327/432 1323/330/432 1334/331/433
f 1347/327/432 1334/331/433 1380/332/434
f 1345/327/435 1310/61/435 1257/58/435
f 1345/327/435 1257/58/435 1321/330/435
f 1322/330/436 1260/58/437 1198/57/437
f 1322/330/436 1198/57/437 1234/333/436
f 1324/330/438 1236/333/438 1248/334/438
f 1324/330/438 1248/334/438 1336/331/438
f 1246/334/439 1235/333/439 1122/335/440
f 1246/334/439 1122/335/440 1138/336/440
f 1247/334/441 1264/337/442 1364/338/442
f 1247/334/441 1364/338/442 1335/331/442
f 1245/334/443 1137/336/443 1150/339/443
f 1245/334/443 1150/339/443 1263/337/443
f 1149/339/444 1135/336/445 997/340/444
f 1149/339/444 997/340/444 1007/341/444
f 1147/339/446 1163/342/446 1277/343/446
f 1147/339/446 1277/343/446 1261/337/447
f 1148/339/448 1004/341/449 1018/344/450
f 1148/339/448 1018/344/450 1166/342/448
f 1019/344/451 1005/341/451 885/345/451
f 1019/344/451 885/345/451 895/346/451
f 1016/347/452 1014/348/452 1154/349/452
f 1016/347/452 1154/349/452 1165/350/452
f 1017/347/453 894/351/453 892/352/453
f 1017/347/453 892/352/453 1015/348/453
f 891/353/454 893/354/454 739/355/454
f 891/353/454 739/355/454 732/356/455
f 890/352/456 880/276/456 1002/278/456
f 890/352/456 1002/278/456 1012/348/456
f 889/352/457 731/357/457 744/274/457
f 889/352/457 744/274/457 879/276/457
f 729/356/458 738/355/458 348/358/458
f 729/356/458 348/358/458 335/359/459
f 730/357/460 336/254/460 343/253/460
f 730/357/460 343/253/460 741/274/460
f 1013/348/461 1003/278/462 1144/286/461
f 1013/348/461 1144/286/461 1151/349/463
f 1153/349/464 1267/360/464 1278/361/464
f 1153/349/464 1278/361/464 1164/350/464
f 1152/349/465 1145/286/465 1249/285/465
f 1152/349/465 1249/285/465 1265/360/465
f 1268/360/466 1360/362/466 1384/363/466
f 1268/360/466 1384/363/466 1280/361/466
f 1266/360/467 1251/285/467 1330/288/467
f 1266/360/467 1330/288/467 1358/362/468
f 1357/362/469 1389/297/469 1395/364/469
f 1357/362/469 1395/364/469 1382/363/469
f 1359/362/470 1332/288/470 1371/290/470
f 1359/362/470 1371/290/470 1391/297/470
f 1396/365/471 1392/366/471 1375/367/471
f 1396/365/471 1375/367/471 1366/368/472
f 1394/369/473 1386/370/473 1361/338/474
f 1394/369/473 1361/338/474 1381/371/474
f 1393/369/475 1365/305/476 1349/312/476
f 1393/369/475 1349/312/476 1385/370/475
f 1388/370/477 1378/332/478 1333/331/478
f 1388/370/477 1333/331/478 1363/338/478
f 1387/372/479 1351/373/480 1353/374/481
f 1387/372/479 1353/374/481 1377/375/480
f 1383/371/482 1362/338/482 1262/337/483
f 1383/371/482 1262/337/483 1279/343/483
f 888/345/484 870/227/485 734/226/486
f 888/345/484 734/226/486 748/230/486
f 887/345/487 1006/341/488 996/340/487
f 887/345/487 996/340/487 869/227/487
f 886/345/489 746/230/489 740/376/489
f 886/345/489 740/376/489 896/346/489
f 998/340/490 986/377/490 862/225/491
f 998/340/490 862/225/491 872/227/491
f 999/340/492 1136/336/493 1121/335/492
f 999/340/492 1121/335/492 987/377/492
f 988/377/494 972/378/494 852/223/495
f 988/377/494 852/223/495 864/225/495
f 985/377/496 1120/335/496 1099/379/496
f 985/377/496 1099/379/496 970/378/496
f 1098/379/497 1069/380/498 957/381/499
f 1098/379/497 957/381/499 969/378/500
f 1097/379/501 1197/57/501 1161/56/501
f 1097/379/501 1161/56/501 1068/380/501
f 1096/379/502 1119/335/502 1233/333/502
f 1096/379/502 1233/333/502 1195/57/502
f 1071/380/503 1034/382/504 933/383/503
f 1071/380/503 933/383/503 958/381/503
f 1070/380/505 1162/56/506 1125/60/506
f 1070/380/505 1125/60/506 1032/382/505
f 1035/382/306 1031/26/507 914/384/306
f 1035/382/306 914/384/306 934/383/305
f 1033/382/508 1126/60/509 1117/24/510
f 1033/382/508 1117/24/510 1029/26/510
f 916/384/511 952/211/512 842/210/513
f 916/384/511 842/210/513 803/214/514
f 913/384/515 1028/26/516 1050/23/517
f 913/384/515 1050/23/517 951/211/515
f 915/384/518 801/214/519 798/221/518
f 915/384/518 798/221/518 936/383/520
f 935/383/521 797/221/312 826/220/521
f 935/383/521 826/220/521 960/381/306
f 959/381/503 825/220/310 850/223/503
f 959/381/503 850/223/503 971/378/304
f 1242/294/522 1191/385/522 1092/386/522
f 1242/294/522 1092/386/522 1141/192/522
f 1243/294/523 1313/292/524 1253/291/524
f 1243/294/523 1253/291/524 1192/385/524
f 1241/294/525 1139/192/525 1175/191/525
f 1241/294/525 1175/191/525 1281/295/525
f 1194/385/526 1114/387/527 1039/388/528
f 1194/385/526 1039/388/528 1095/386/527
f 1193/385/529 1255/291/529 1181/389/530
f 1193/385/529 1181/389/530 1113/387/531
f 1180/389/532 1091/95/533 1059/92/533
f 1180/389/532 1059/92/533 1112/387/533
f 1179/389/534 1199/78/535 1107/77/536
f 1179/389/534 1107/77/536 1088/95/537
f 1182/389/538 1256/291/538 1271/79/538
f 1182/389/538 1271/79/538 1201/78/538
f 1111/387/539 1056/92/540 965/91/539
f 1111/387/539 965/91/539 1036/388/539
f 1037/388/541 968/91/542 884/182/543
f 1037/388/541 884/182/543 942/185/543
f 1038/388/544 943/185/544 978/187/544
f 1038/388/544 978/187/544 1094/386/544
f 1093/386/545 977/187/546 1021/189/546
f 1093/386/545 1021/189/546 1142/192/545
f 1143/286/547 1001/278/547 995/277/547
f 1143/286/547 995/277/547 1133/281/547
f 800/221/548 802/214/548 681/213/549
f 800/221/548 681/213/549 641/217/548
f 949/211/550 1049/23/551 1086/22/552
f 949/211/550 1086/22/552 975/209/551
f 882/182/553 967/91/554 948/90/555
f 882/182/553 948/90/555 839/179/556
f 333/172/557 152/74/558 217/73/559
f 333/172/557 217/73/559 416/169/560
f 192/160/561 230/101/561 450/100/561
f 192/160/561 450/100/561 284/161/561
f 193/160/562 142/153/562 183/390/562
f 193/160/562 183/390/562 231/101/562
f 181/390/563 210/391/564 251/97/565
f 181/390/563 251/97/565 228/101/564
f 180/390/566 125/148/566 185/392/566
f 180/390/566 185/392/566 209/391/566
f 182/390/567 141/153/567 85/149/568
f 182/390/567 85/149/568 126/148/569
f 184/392/570 232/393/570 240/394/570
f 184/392/570 240/394/570 208/391/570
f 187/395/571 189/396/571 259/397/572
f 187/395/571 259/397/572 233/398/572
f 186/399/573 128/400/574 118/401/573
f 186/399/573 118/401/573 188/402/573
f 190/396/575 238/403/575 317/404/575
f 190/396/575 317/404/575 262/397/575
f 191/405/576 119/406/576 174/407/577
f 191/405/576 174/407/577 239/408/577
f 236/403/578 296/7/579 485/1/580
f 236/403/578 485/1/580 315/404/579
f 237/403/581 172/139/581 222/135/582
f 237/403/581 222/135/582 297/7/582
f 316/404/583 425/409/583 305/410/583
f 316/404/583 305/410/583 261/397/583
f 318/404/584 486/1/585 521/6/585
f 318/404/584 521/6/585 426/409/585
f 427/409/586 493/411/586 419/412/586
f 427/409/586 419/412/586 306/410/586
f 428/409/587 522/6/587 561/62/587
f 428/409/587 561/62/587 495/411/587
f 494/411/588 546/413/588 463/414/588
f 494/411/588 463/414/588 420/412/588
f 496/411/589 562/62/589 590/415/589
f 496/411/589 590/415/589 549/413/589
f 589/415/590 602/416/591 545/417/591
f 589/415/590 545/417/591 548/413/590
f 592/415/592 630/418/593 611/419/593
f 592/415/592 611/419/593 603/416/593
f 591/415/594 564/62/595 635/54/595
f 591/415/594 635/54/595 629/418/594
f 628/420/596 639/421/596 608/422/596
f 628/420/596 608/422/596 610/423/596
f 627/418/597 631/54/597 650/53/597
f 627/418/597 650/53/597 638/424/597
f 637/425/598 596/426/599 568/427/600
f 637/425/598 568/427/600 606/428/600
f 636/425/601 648/429/601 614/107/601
f 636/425/601 614/107/601 595/426/601
f 593/426/602 503/430/602 484/431/603
f 593/426/602 484/431/603 566/427/602
f 594/426/604 613/107/604 535/106/604
f 594/426/604 535/106/604 504/430/604
f 501/430/605 377/432/606 393/433/607
f 501/430/605 393/433/607 481/431/608
f 502/430/609 533/106/609 341/109/610
f 502/430/609 341/109/610 378/432/609
f 376/432/611 292/434/611 311/435/612
f 376/432/611 311/435/612 391/433/611
f 375/432/613 339/109/613 275/436/614
f 375/432/613 275/436/614 291/434/615
f 278/436/616 264/437/617 279/438/616
f 278/436/616 279/438/616 293/434/618
f 276/436/619 272/98/620 242/394/621
f 276/436/619 242/394/621 263/437/619
f 277/436/622 340/109/622 434/99/622
f 277/436/622 434/99/622 274/98/622
f 265/439/623 269/440/624 310/441/624
f 265/439/623 310/441/624 281/442/624
f 266/443/625 243/444/625 235/445/625
f 266/443/625 235/445/625 270/446/626
f 267/440/627 303/410/627 417/412/627
f 267/440/627 417/412/627 307/441/628
f 268/440/629 234/398/630 260/397/629
f 268/440/629 260/397/629 304/410/631
f 308/441/632 367/447/633 299/448/632
f 308/441/632 299/448/632 280/442/632
f 309/441/634 418/412/634 461/414/634
f 309/441/634 461/414/634 369/447/634
f 368/447/635 387/68/635 323/67/636
f 368/447/635 323/67/636 300/448/636
f 370/447/637 462/414/637 469/69/637
f 370/447/637 469/69/637 389/68/637
f 302/449/638 325/450/639 329/86/639
f 302/449/638 329/86/639 314/435/640
f 301/449/641 313/435/641 294/434/642
f 301/449/641 294/434/642 282/438/642
f 312/435/643 327/86/643 398/85/643
f 312/435/643 398/85/643 392/433/643
f 394/433/644 400/85/645 473/84/646
f 394/433/644 473/84/646 482/431/645
f 483/431/647 476/84/648 531/451/648
f 483/431/647 531/451/648 565/427/648
f 530/451/649 480/452/649 518/453/649
f 530/451/649 518/453/649 557/454/650
f 529/451/651 475/84/651 432/83/651
f 529/451/651 432/83/651 479/452/651
f 532/451/652 558/454/653 605/428/652
f 532/451/652 605/428/652 567/427/652
f 477/452/654 445/455/655 490/456/654
f 477/452/654 490/456/654 517/453/654
f 478/452/656 431/83/656 384/88/657
f 478/452/656 384/88/657 446/455/658
f 447/457/659 465/458/660 510/459/659
f 447/457/659 510/459/659 492/460/660
f 448/457/661 385/461/662 407/65/662
f 448/457/661 407/65/662 468/458/662
f 467/458/663 498/462/663 553/463/664
f 467/458/663 553/463/664 511/459/663
f 466/458/665 406/65/666 455/64/667
f 466/458/665 455/64/667 497/462/666
f 500/462/668 544/417/669 601/416/669
f 500/462/668 601/416/669 554/463/670
f 499/462/671 456/64/671 471/69/671
f 499/462/671 471/69/671 542/417/671
f 569/464/672 559/465/672 520/466/672
f 569/464/672 520/466/672 551/467/673
f 570/464/674 609/423/675 607/422/674
f 570/464/674 607/422/674 560/465/674
f 543/417/676 472/69/676 464/414/676
f 543/417/676 464/414/676 547/413/676
f 241/394/677 271/98/677 253/97/677
f 241/394/677 253/97/677 211/391/678
f 55/155/679 43/27/679 34/30/679
f 55/155/679 34/30/679 47/156/679
f 783/112/680 764/102/681 540/96/681
f 783/112/680 540/96/681 668/105/681
f 615/107/682 649/429/682 686/115/682
f 615/107/682 686/115/682 654/108/683
f 386/461/684 353/468/684 365/66/685
f 386/461/684 365/66/685 408/65/684
f 330/469/686 326/67/687 366/66/688
f 330/469/686 366/66/688 354/468/688
f 1228/59/689 1223/25/690 1116/24/691
f 1228/59/689 1116/24/691 1124/60/690
f 12/255/692 4/35/693 19/28/693
f 12/255/692 19/28/693 25/34/694
f 8/244/695 29/12/696 16/11/695
f 8/244/695 16/11/695 2/470/695
f 491/471/697 509/472/698 550/467/697
f 491/471/697 550/467/697 519/466/697
f 6/473/699 14/474/700 10/475/700
f 6/473/699 10/475/700 3/476/701
f 555/477/702 571/478/703 552/479/704
f 555/477/702 552/479/704 512/480/704
f 556/477/705 604/481/706 612/482/707
f 556/477/705 612/482/707 572/478/705
o 2.001
v 0.754560 -29.339102 0.992736
v 0.754560 -29.339102 0.992736
v 0.754560 -29.339102 0.992736
v 0.780690 -29.072802 2.199436
v 0.780690 -29.072802 2.199436
v 0.780690 -29.072802 2.199436
v 0.825350 -29.931723 0.240795
v 0.825350 -29.931723 0.240795
v 0.825350 -29.931723 0.240795
v 0.825350 -29.931723 0.240795
v 0.843780 -29.086153 1.385833
v 0.843780 -29.086153 1.385833
v 0.843780 -29.086153 1.385833
v 0.843780 -29.086153 1.385833
v 0.845750 -29.438589 1.443724
v 0.845750 -29.438589 1.443724
v 0.845750 -29.438589 1.443724
v 0.845750 -29.438589 1.443724
v 0.957630 -31.646400 -2.363458
v 0.957630 -31.646400 -2.363458
v 0.957630 -31.646400 -2.363458
v 0.998410 -31.590015 -1.685571
v 0.998410 -31.590015 -1.685571
v 0.998410 -31.590015 -1.685571
v 0.998410 -31.590015 -1.685571
v 1.029960 -28.376936 2.984639
v 1.029960 -28.376936 2.984639
v 1.029960 -28.376936 2.984639
v 1.029960 -28.376936 2.984639
v 1.045380 -31.156155 -1.613282
v 1.045380 -31.156155 -1.613282
v 1.045380 -31.156155 -1.613282
v 1.071490 -30.745682 -0.912466
v 1.071490 -30.745682 -0.912466
v 1.071490 -30.745682 -0.912466
v 1.071490 -30.745682 -0.912466
v 1.111190 -32.220421 -3.164700
v 1.111190 -32.220421 -3.164700
v 1.111190 -32.220421 -3.164700
v 1.111190 -32.220421 -3.164700
v 1.142130 -30.041616 0.358566
v 1.142130 -30.041616 0.358566
v 1.142130 -30.041616 0.358566
v 1.142130 -30.041616 0.358566
v 1.167280 -29.149626 1.858202
v 1.167280 -29.149626 1.858202
v 1.167280 -29.149626 1.858202
v 1.167280 -29.149626 1.858202
v 1.206860 -28.703667 2.044591
v 1.206860 -28.703667 2.044591
v 1.206860 -28.703667 2.044591
v 1.206860 -28.703667 2.044591
v 1.218640 -29.715097 0.289587
v 1.218640 -29.715097 0.289587
v 1.218640 -29.715097 0.289587
v 1.218640 -29.715097 0.289587
v 1.235000 -31.231588 -1.764970
v 1.235000 -31.231588 -1.764970
v 1.235000 -31.231588 -1.764970
v 1.235000 -31.231588 -1.764970
v 1.255620 -31.758474 -2.036296
v 1.255620 -31.758474 -2.036296
v 1.255620 -31.758474 -2.036296
v 1.255620 -31.758474 -2.036296
v 1.388440 -30.885984 -0.806517
v 1.388440 -30.885984 -0.806517
v 1.388440 -30.885984 -0.806517
v 1.388440 -30.885984 -0.806517
v 1.613650 -30.490101 -0.879564
v 1.613650 -30.490101 -0.879564
v 1.613650 -30.490101 -0.879564
v 1.613650 -30.490101 -0.879564
v 1.697890 -29.896935 0.477358
v 1.697890 -29.896935 0.477358
v 1.697890 -29.896935 0.477358
v 1.697890 -29.896935 0.477358
v 1.782340 -29.404379 0.747059
v 1.782340 -29.404379 0.747059
v 1.782340 -29.404379 0.747059
v 1.782340 -29.404379 0.747059
v 1.822980 -31.269711 -1.929461
v 1.822980 -31.269711 -1.929461
v 1.822980 -31.269711 -1.929461
v 1.822980 -31.269711 -1.929461
v 1.944740 -28.044161 3.362876
v 1.944740 -28.044161 3.362876
v 1.944740 -28.044161 3.362876
v 1.944740 -28.044161 3.362876
v 1.992990 -30.804174 -0.893892
v 1.992990 -30.804174 -0.893892
v 1.992990 -30.804174 -0.893892
v 1.992990 -30.804174 -0.893892
v 2.216080 -28.275257 2.726058
v 2.216080 -28.275257 2.726058
v 2.216080 -28.275257 2.726058
v 2.216080 -28.275257 2.726058
v 2.338980 -31.672319 -2.370721
v 2.338980 -31.672319 -2.370721
v 2.338980 -31.672319 -2.370721
v 2.338980 -31.672319 -2.370721
v 2.525370 -30.253036 -0.660012
v 2.525370 -30.253036 -0.660012
v 2.525370 -30.253036 -0.660012
v 2.525370 -30.253036 -0.660012
v 2.557730 -28.588802 2.543856
v 2.557730 -28.588802 2.543856
v 2.557730 -28.588802 2.543856
v 2.557730 -28.588802 2.543856
v 2.638710 -31.676004 -2.859778
v 2.638710 -31.676004 -2.859778
v 2.638710 -31.676004 -2.859778
v 2.638710 -31.676004 -2.859778
v 3.186860 -28.814661 1.658727
v 3.186860 -28.814661 1.658727
v 3.186860 -28.814661 1.658727
v 3.186860 -28.814661 1.658727
v 3.314570 -30.776886 -1.276612
v 3.314570 -30.776886 -1.276612
v 3.314570 -30.776886 -1.276612
v 3.314570 -30.776886 -1.276612
v 3.407160 -31.017359 -2.022460
v 3.407160 -31.017359 -2.022460
v 3.407160 -31.017359 -2.022460
v 3.407160 -31.017359 -2.022460
v 3.474930 -29.496754 0.716579
v 3.474930 -29.496754 0.716579
v 3.474930 -29.496754 0.716579
v 3.474930 -29.496754 0.716579
v 3.474930 -29.496754 0.716579
v 4.242410 -29.688839 -0.092813
v 4.242410 -29.688839 -0.092813
v 4.242410 -29.688839 -0.092813
v 4.242410 -29.688839 -0.092813
v 4.242410 -29.688839 -0.092813
v 4.568570 -27.136044 4.642617
v 4.568570 -27.136044 4.642617
v 4.568570 -27.136044 4.642617
v 4.568570 -27.136044 4.642617
v 4.758960 -31.192066 -2.617151
v 4.758960 -31.192066 -2.617151
v 4.758960 -31.192066 -2.617151
v 4.758960 -31.192066 -2.617151
v 4.915360 -27.270172 4.205002
v 4.915360 -27.270172 4.205002
v 4.915360 -27.270172 4.205002
v 4.915360 -27.270172 4.205002
v 4.952550 -31.798843 -3.351328
v 4.952550 -31.798843 -3.351328
v 4.952550 -31.798843 -3.351328
v 4.952550 -31.798843 -3.351328
v 4.982310 -31.772287 -3.548033
v 4.982310 -31.772287 -3.548033
v 4.982310 -31.772287 -3.548033
v 4.982310 -31.772287 -3.548033
v 5.059200 -31.157484 -2.373787
v 5.059200 -31.157484 -2.373787
v 5.059200 -31.157484 -2.373787
v 5.059200 -31.157484 -2.373787
v 5.464510 -30.219639 -1.262255
v 5.464510 -30.219639 -1.262255
v 5.464510 -30.219639 -1.262255
v 5.464510 -30.219639 -1.262255
v 5.561040 -30.144993 -0.859800
v 5.561040 -30.144993 -0.859800
v 5.561040 -30.144993 -0.859800
v 5.561040 -30.144993 -0.859800
v 5.933130 -27.399004 4.157541
v 5.933130 -27.399004 4.157541
v 5.933130 -27.399004 4.157541
v 5.933130 -27.399004 4.157541
v 6.353850 -27.442806 3.632437
v 6.353850 -27.442806 3.632437
v 6.353850 -27.442806 3.632437
v 6.353850 -27.442806 3.632437
v 6.466510 -27.948574 2.930451
v 6.466510 -27.948574 2.930451
v 6.466510 -27.948574 2.930451
v 6.466510 -27.948574 2.930451
v 6.490370 -28.798597 1.270389
v 6.490370 -28.798597 1.270389
v 6.490370 -28.798597 1.270389
v 6.490370 -28.798597 1.270389
v 7.021210 -27.920286 2.465564
v 7.021210 -27.920286 2.465564
v 7.021210 -27.920286 2.465564
v 7.021210 -27.920286 2.465564
v 7.183150 -28.618454 1.055759
v 7.183150 -28.618454 1.055759
v 7.183150 -28.618454 1.055759
v 7.183150 -28.618454 1.055759
v 7.476240 -31.858887 -4.016744
v 7.476240 -31.858887 -4.016744
v 7.476240 -31.858887 -4.016744
v 7.476240 -31.858887 -4.016744
v 7.922410 -31.658348 -4.080156
v 7.922410 -31.658348 -4.080156
v 7.922410 -31.658348 -4.080156
v 7.922410 -31.658348 -4.080156
v 7.938190 -31.129715 -3.049503
v 7.938190 -31.129715 -3.049503
v 7.938190 -31.129715 -3.049503
v 7.938190 -31.129715 -3.049503
v 8.003350 -32.405167 -4.886082
v 8.003350 -32.405167 -4.886082
v 8.003350 -32.405167 -4.886082
v 8.003350 -32.405167 -4.886082
v 8.141400 -32.264259 -4.953592
v 8.141400 -32.264259 -4.953592
v 8.141400 -32.264259 -4.953592
v 8.141400 -32.264259 -4.953592
v 8.802200 -30.771542 -2.990040
v 8.802200 -30.771542 -2.990040
v 8.802200 -30.771542 -2.990040
v 8.802200 -30.771542 -2.990040
v 10.254190 -29.453037 -1.267576
v 10.254190 -29.453037 -1.267576
v 10.254190 -29.453037 -1.267576
v 10.254190 -29.453037 -1.267576
v 10.536580 -29.421400 -0.968486
v 10.536580 -29.421400 -0.968486
v 10.536580 -29.421400 -0.968486
v 10.536580 -29.421400 -0.968486
v 10.567890 -25.634684 6.555367
v 10.567890 -25.634684 6.555367
v 10.567890 -25.634684 6.555367
v 10.567890 -25.634684 6.555367
v 10.778950 -25.348427 7.133000
v 10.778950 -25.348427 7.133000
v 10.778950 -25.348427 7.133000
v 10.778950 -25.348427 7.133000
v 10.926520 -25.529589 6.362832
v 10.926520 -25.529589 6.362832
v 10.926520 -25.529589 6.362832
v 10.926520 -25.529589 6.362832
v 10.936330 -25.269783 6.966454
v 10.936330 -25.269783 6.966454
v 10.936330 -25.269783 6.966454
v 10.936330 -25.269783 6.966454
v 11.024260 -26.003395 5.624042
v 11.024260 -26.003395 5.624042
v 11.024260 -26.003395 5.624042
v 11.024260 -26.003395 5.624042
v 11.526750 -25.834904 5.527164
v 11.526750 -25.834904 5.527164
v 11.526750 -25.834904 5.527164
v 11.526750 -25.834904 5.527164
v 12.303110 -26.186636 4.559219
v 12.303110 -26.186636 4.559219
v 12.303110 -26.186636 4.559219
v 12.303110 -26.186636 4.559219
v 12.415380 -26.490265 4.245188
v 12.415380 -26.490265 4.245188
v 12.415380 -26.490265 4.245188
v 12.415380 -26.490265 4.245188
v 12.965940 -33.183319 -6.380939
v 12.965940 -33.183319 -6.380939
v 12.965940 -33.183319 -6.380939
v 12.965940 -33.183319 -6.380939
v 13.072590 -33.549309 -6.885498
v 13.072590 -33.549309 -6.885498
v 13.072590 -33.549309 -6.885498
v 13.072590 -33.549309 -6.885498
v 13.252340 -33.302208 -6.800474
v 13.252340 -33.302208 -6.800474
v 13.252340 -33.302208 -6.800474
v 13.252340 -33.302208 -6.800474
v 13.431800 -32.822735 -6.186529
v 13.431800 -32.822735 -6.186529
v 13.431800 -32.822735 -6.186529
v 13.431800 -32.822735 -6.186529
v 13.527840 -32.399837 -5.384864
v 13.527840 -32.399837 -5.384864
v 13.527840 -32.399837 -5.384864
v 13.527840 -32.399837 -5.384864
v 14.142510 -32.111309 -5.299395
v 14.142510 -32.111309 -5.299395
v 14.142510 -32.111309 -5.299395
v 14.142510 -32.111309 -5.299395
v 14.322520 -27.428585 2.157771
v 14.322520 -27.428585 2.157771
v 14.322520 -27.428585 2.157771
v 14.322520 -27.428585 2.157771
v 14.336100 -27.103298 2.485075
v 14.336100 -27.103298 2.485075
v 14.336100 -27.103298 2.485075
v 14.336100 -27.103298 2.485075
v 14.788050 -31.008953 -3.574764
v 14.788050 -31.008953 -3.574764
v 14.788050 -31.008953 -3.574764
v 14.788050 -31.008953 -3.574764
v 15.229380 -31.073351 -3.931541
v 15.229380 -31.073351 -3.931541
v 15.229380 -31.073351 -3.931541
v 15.229380 -31.073351 -3.931541
v 16.433081 -24.192543 9.806494
v 16.433081 -24.192543 9.806494
v 16.433081 -24.192543 9.806494
v 16.433081 -24.192543 9.806494
v 16.488550 -23.963188 10.245084
v 16.488550 -23.963188 10.245084
v 16.488550 -23.963188 10.245084
v 16.488550 -23.963188 10.245084
v 16.575050 -23.828880 10.168910
v 16.575050 -23.828880 10.168910
v 16.575050 -23.828880 10.168910
v 16.575050 -23.828880 10.168910
v 16.650339 -24.012131 9.821951
v 16.650339 -24.012131 9.821951
v 16.650339 -24.012131 9.821951
v 16.650339 -24.012131 9.821951
v 16.824520 -24.523323 9.018777
v 16.824520 -24.523323 9.018777
v 16.824520 -24.523323 9.018777
v 16.824520 -24.523323 9.018777
v 17.201759 -24.302685 9.125372
v 17.201759 -24.302685 9.125372
v 17.201759 -24.302685 9.125372
v 17.201759 -24.302685 9.125372
v 17.243120 -29.129223 -0.747614
v 17.243120 -29.129223 -0.747614
v 17.243120 -29.129223 -0.747614
v 17.243120 -29.129223 -0.747614
v 17.263069 -24.872242 8.131466
v 17.263069 -24.872242 8.131466
v 17.263069 -24.872242 8.131466
v 17.263069 -24.872242 8.131466
v 17.666719 -34.747879 -9.507872
v 17.666719 -34.747879 -9.507872
v 17.666719 -34.747879 -9.507872
v 17.666719 -34.747879 -9.507872
v 17.906610 -24.631706 8.267942
v 17.906610 -24.631706 8.267942
v 17.906610 -24.631706 8.267942
v 17.906610 -24.631706 8.267942
v 17.916731 -28.826534 -0.534915
v 17.916731 -28.826534 -0.534915
v 17.916731 -28.826534 -0.534915
v 17.916731 -28.826534 -0.534915
v 18.017941 -34.335777 -9.025923
v 18.017941 -34.335777 -9.025923
v 18.017941 -34.335777 -9.025923
v 18.017941 -34.335777 -9.025923
v 18.042850 -34.233551 -8.639336
v 18.042850 -34.233551 -8.639336
v 18.042850 -34.233551 -8.639336
v 18.042850 -34.233551 -8.639336
v 18.488520 -33.625732 -7.730720
v 18.488520 -33.625732 -7.730720
v 18.488520 -33.625732 -7.730720
v 18.488520 -33.625732 -7.730720
v 18.573050 -33.773743 -8.223471
v 18.573050 -33.773743 -8.223471
v 18.573050 -33.773743 -8.223471
v 18.573050 -33.773743 -8.223471
v 18.830780 -25.772570 5.885325
v 18.830780 -25.772570 5.885325
v 18.830780 -25.772570 5.885325
v 18.830780 -25.772570 5.885325
v 19.090290 -32.859215 -6.601443
v 19.090290 -32.859215 -6.601443
v 19.090290 -32.859215 -6.601443
v 19.090290 -32.859215 -6.601443
v 19.266500 -33.124050 -7.287738
v 19.266500 -33.124050 -7.287738
v 19.266500 -33.124050 -7.287738
v 19.266500 -33.124050 -7.287738
v 19.307421 -25.289179 6.593614
v 19.307421 -25.289179 6.593614
v 19.307421 -25.289179 6.593614
v 19.307421 -25.289179 6.593614
v 20.257990 -32.216904 -5.959307
v 20.257990 -32.216904 -5.959307
v 20.257990 -32.216904 -5.959307
v 20.257990 -32.216904 -5.959307
v 20.637850 -31.242037 -4.153787
v 20.637850 -31.242037 -4.153787
v 20.637850 -31.242037 -4.153787
v 20.637850 -31.242037 -4.153787
v 20.847521 -27.238472 2.759035
v 20.847521 -27.238472 2.759035
v 20.847521 -27.238472 2.759035
v 20.847521 -27.238472 2.759035
v 21.847799 -26.632439 3.603895
v 21.847799 -26.632439 3.603895
v 21.847799 -26.632439 3.603895
v 21.847799 -26.632439 3.603895
v 22.071930 -35.739182 -11.774817
v 22.071930 -35.739182 -11.774817
v 22.071930 -35.739182 -11.774817
v 22.071930 -35.739182 -11.774817
v 22.076380 -30.515472 -3.387293
v 22.076380 -30.515472 -3.387293
v 22.076380 -30.515472 -3.387293
v 22.076380 -30.515472 -3.387293
v 22.540751 -22.164516 12.747904
v 22.540751 -22.164516 12.747904
v 22.540751 -22.164516 12.747904
v 22.540751 -22.164516 12.747904
v 22.559860 -35.284405 -10.978268
v 22.559860 -35.284405 -10.978268
v 22.559860 -35.284405 -10.978268
v 22.559860 -35.284405 -10.978268
v 22.641331 -22.045692 12.962129
v 22.641331 -22.045692 12.962129
v 22.641331 -22.045692 12.962129
v 22.641331 -22.045692 12.962129
v 22.652090 -35.250195 -11.159585
v 22.652090 -35.250195 -11.159585
v 22.652090 -35.250195 -11.159585
v 22.652090 -35.250195 -11.159585
v 22.724110 -21.889891 12.914624
v 22.724110 -21.889891 12.914624
v 22.724110 -21.889891 12.914624
v 22.724110 -21.889891 12.914624
v 22.832899 -22.524242 11.997749
v 22.832899 -22.524242 11.997749
v 22.832899 -22.524242 11.997749
v 22.832899 -22.524242 11.997749
v 22.857031 -21.964525 12.750402
v 22.857031 -21.964525 12.750402
v 22.857031 -21.964525 12.750402
v 22.857031 -21.964525 12.750402
v 23.055710 -34.759838 -10.169040
v 23.055710 -34.759838 -10.169040
v 23.055710 -34.759838 -10.169040
v 23.055710 -34.759838 -10.169040
v 23.134190 -22.905230 11.173401
v 23.134190 -22.905230 11.173401
v 23.134190 -22.905230 11.173401
v 23.134190 -22.905230 11.173401
v 23.269409 -34.755363 -10.453405
v 23.269409 -34.755363 -10.453405
v 23.269409 -34.755363 -10.453405
v 23.269409 -34.755363 -10.453405
v 23.400240 -22.281212 12.027758
v 23.400240 -22.281212 12.027758
v 23.400240 -22.281212 12.027758
v 23.400240 -22.281212 12.027758
v 23.475410 -29.131432 -0.849243
v 23.475410 -29.131432 -0.849243
v 23.475410 -29.131432 -0.849243
v 23.475410 -29.131432 -0.849243
v 23.585960 -34.166813 -9.266613
v 23.585960 -34.166813 -9.266613
v 23.585960 -34.166813 -9.266613
v 23.585960 -34.166813 -9.266613
v 23.590580 -23.476688 9.928009
v 23.590580 -23.476688 9.928009
v 23.590580 -23.476688 9.928009
v 23.590580 -23.476688 9.928009
v 23.900841 -34.226772 -9.682149
v 23.900841 -34.226772 -9.682149
v 23.900841 -34.226772 -9.682149
v 23.900841 -34.226772 -9.682149
v 24.032560 -22.636826 11.168726
v 24.032560 -22.636826 11.168726
v 24.032560 -22.636826 11.168726
v 24.032560 -22.636826 11.168726
v 24.272570 -33.376991 -8.075578
v 24.272570 -33.376991 -8.075578
v 24.272570 -33.376991 -8.075578
v 24.272570 -33.376991 -8.075578
v 24.725410 -33.496494 -8.612977
v 24.725410 -33.496494 -8.612977
v 24.725410 -33.496494 -8.612977
v 24.725410 -33.496494 -8.612977
v 24.773090 -28.222868 0.350699
v 24.773090 -28.222868 0.350699
v 24.773090 -28.222868 0.350699
v 24.773090 -28.222868 0.350699
v 24.922609 -23.142696 9.952850
v 24.922609 -23.142696 9.952850
v 24.922609 -23.142696 9.952850
v 24.922609 -23.142696 9.952850
v 25.282881 -25.142485 6.287949
v 25.282881 -25.142485 6.287949
v 25.282881 -25.142485 6.287949
v 25.282881 -25.142485 6.287949
v 26.682261 -31.072598 -4.634264
v 26.682261 -31.072598 -4.634264
v 26.682261 -31.072598 -4.634264
v 26.682261 -31.072598 -4.634264
v 26.715851 -31.656719 -5.912017
v 26.715851 -31.656719 -5.912017
v 26.715851 -31.656719 -5.912017
v 26.715851 -31.656719 -5.912017
v 26.756910 -36.879707 -14.155136
v 26.756910 -36.879707 -14.155136
v 26.756910 -36.879707 -14.155136
v 26.756910 -36.879707 -14.155136
v 27.016621 -36.562859 -13.528805
v 27.016621 -36.562859 -13.528805
v 27.016621 -36.562859 -13.528805
v 27.016621 -36.562859 -13.528805
v 27.212330 -24.498001 6.844852
v 27.212330 -24.498001 6.844852
v 27.212330 -24.498001 6.844852
v 27.212330 -24.498001 6.844852
v 27.225401 -36.377865 -13.506645
v 27.225401 -36.377865 -13.506645
v 27.225401 -36.377865 -13.506645
v 27.225401 -36.377865 -13.506645
v 27.234989 -27.024109 2.456663
v 27.234989 -27.024109 2.456663
v 27.234989 -27.024109 2.456663
v 27.234989 -27.024109 2.456663
v 27.383970 -36.080154 -12.792665
v 27.383970 -36.080154 -12.792665
v 27.383970 -36.080154 -12.792665
v 27.383970 -36.080154 -12.792665
v 27.732519 -35.899673 -12.823620
v 27.732519 -35.899673 -12.823620
v 27.732519 -35.899673 -12.823620
v 27.732519 -35.899673 -12.823620
v 27.758400 -35.608326 -12.092628
v 27.758400 -35.608326 -12.092628
v 27.758400 -35.608326 -12.092628
v 27.758400 -35.608326 -12.092628
v 28.309219 -35.371826 -12.068447
v 28.309219 -35.371826 -12.068447
v 28.309219 -35.371826 -12.068447
v 28.309219 -35.371826 -12.068447
v 28.421659 -34.816284 -10.935881
v 28.421659 -34.816284 -10.935881
v 28.421659 -34.816284 -10.935881
v 28.421659 -34.816284 -10.935881
v 29.181700 -20.400923 15.057365
v 29.181700 -20.400923 15.057365
v 29.181700 -20.400923 15.057365
v 29.181700 -20.400923 15.057365
v 29.230740 -34.534370 -10.879265
v 29.230740 -34.534370 -10.879265
v 29.230740 -34.534370 -10.879265
v 29.230740 -34.534370 -10.879265
v 29.260349 -20.296770 15.240059
v 29.260349 -20.296770 15.240059
v 29.260349 -20.296770 15.240059
v 29.260349 -20.296770 15.240059
v 29.279230 -29.458126 -2.532989
v 29.279230 -29.458126 -2.532989
v 29.279230 -29.458126 -2.532989
v 29.279230 -29.458126 -2.532989
v 29.362560 -20.805330 14.247399
v 29.362560 -20.805330 14.247399
v 29.362560 -20.805330 14.247399
v 29.362560 -20.805330 14.247399
v 29.365129 -20.161362 15.217669
v 29.365129 -20.161362 15.217669
v 29.365129 -20.161362 15.217669
v 29.365129 -20.161362 15.217669
v 29.466570 -20.114880 15.260684
v 29.466570 -20.114880 15.260684
v 29.466570 -20.114880 15.260684
v 29.466570 -20.114880 15.260684
v 29.566460 -21.236374 13.300609
v 29.566460 -21.236374 13.300609
v 29.566460 -21.236374 13.300609
v 29.566460 -21.236374 13.300609
v 29.702520 -28.925606 -1.333890
v 29.702520 -28.925606 -1.333890
v 29.702520 -28.925606 -1.333890
v 29.702520 -28.925606 -1.333890
v 29.714001 -26.085474 3.460656
v 29.714001 -26.085474 3.460656
v 29.714001 -26.085474 3.460656
v 29.714001 -26.085474 3.460656
v 29.865339 -21.838434 11.983994
v 29.865339 -21.838434 11.983994
v 29.865339 -21.838434 11.983994
v 29.865339 -21.838434 11.983994
v 29.878750 -20.450977 14.560084
v 29.878750 -20.450977 14.560084
v 29.878750 -20.450977 14.560084
v 29.878750 -20.450977 14.560084
v 30.124310 -32.948593 -8.236044
v 30.124310 -32.948593 -8.236044
v 30.124310 -32.948593 -8.236044
v 30.124310 -32.948593 -8.236044
v 30.337761 -20.791088 13.791530
v 30.337761 -20.791088 13.791530
v 30.337761 -20.791088 13.791530
v 30.337761 -20.791088 13.791530
v 30.433359 -22.930885 9.664956
v 30.433359 -22.930885 9.664956
v 30.433359 -22.930885 9.664956
v 30.433359 -22.930885 9.664956
v 31.229080 -37.677628 -15.957557
v 31.229080 -37.677628 -15.957557
v 31.229080 -37.677628 -15.957557
v 31.229080 -37.677628 -15.957557
v 31.296789 -21.499683 12.162319
v 31.296789 -21.499683 12.162319
v 31.296789 -21.499683 12.162319
v 31.296789 -21.499683 12.162319
v 31.355700 -32.549637 -8.026657
v 31.355700 -32.549637 -8.026657
v 31.355700 -32.549637 -8.026657
v 31.355700 -32.549637 -8.026657
v 31.388990 -37.522598 -15.529531
v 31.388990 -37.522598 -15.529531
v 31.388990 -37.522598 -15.529531
v 31.388990 -37.522598 -15.529531
v 31.685881 -37.239567 -15.336956
v 31.685881 -37.239567 -15.336956
v 31.685881 -37.239567 -15.336956
v 31.685881 -37.239567 -15.336956
v 31.744640 -37.082226 -14.829649
v 31.744640 -37.082226 -14.829649
v 31.744640 -37.082226 -14.829649
v 31.744640 -37.082226 -14.829649
v 31.856840 -25.030205 5.409079
v 31.856840 -25.030205 5.409079
v 31.856840 -25.030205 5.409079
v 31.856840 -25.030205 5.409079
v 32.130020 -36.599625 -14.111504
v 32.130020 -36.599625 -14.111504
v 32.130020 -36.599625 -14.111504
v 32.130020 -36.599625 -14.111504
v 32.169540 -36.800846 -14.702594
v 32.169540 -36.800846 -14.702594
v 32.169540 -36.800846 -14.702594
v 32.169540 -36.800846 -14.702594
v 32.512642 -30.711597 -4.831272
v 32.512642 -30.711597 -4.831272
v 32.512642 -30.711597 -4.831272
v 32.512642 -30.711597 -4.831272
v 32.642681 -35.986050 -13.218170
v 32.642681 -35.986050 -13.218170
v 32.642681 -35.986050 -13.218170
v 32.642681 -35.986050 -13.218170
v 32.710320 -36.320377 -14.014479
v 32.710320 -36.320377 -14.014479
v 32.710320 -36.320377 -14.014479
v 32.710320 -36.320377 -14.014479
v 33.060921 -22.846985 9.120754
v 33.060921 -22.846985 9.120754
v 33.060921 -22.846985 9.120754
v 33.060921 -22.846985 9.120754
v 33.222061 -27.633183 0.212602
v 33.222061 -27.633183 0.212602
v 33.222061 -27.633183 0.212602
v 33.222061 -27.633183 0.212602
v 33.538288 -27.032021 1.566850
v 33.538288 -27.032021 1.566850
v 33.538288 -27.032021 1.566850
v 33.538288 -27.032021 1.566850
v 33.705399 -35.398457 -12.700624
v 33.705399 -35.398457 -12.700624
v 33.705399 -35.398457 -12.700624
v 33.705399 -35.398457 -12.700624
v 33.882778 -34.577782 -11.209093
v 33.882778 -34.577782 -11.209093
v 33.882778 -34.577782 -11.209093
v 33.882778 -34.577782 -11.209093
v 33.889400 -30.446678 -4.818466
v 33.889400 -30.446678 -4.818466
v 33.889400 -30.446678 -4.818466
v 33.889400 -30.446678 -4.818466
v 35.181278 -24.612770 5.496119
v 35.181278 -24.612770 5.496119
v 35.181278 -24.612770 5.496119
v 35.181278 -24.612770 5.496119
v 35.254230 -38.843452 -17.991247
v 35.254230 -38.843452 -17.991247
v 35.254230 -38.843452 -17.991247
v 35.254230 -38.843452 -17.991247
v 35.350201 -38.792889 -17.737993
v 35.350201 -38.792889 -17.737993
v 35.350201 -38.792889 -17.737993
v 35.350201 -38.792889 -17.737993
v 35.747662 -28.825911 -1.869740
v 35.747662 -28.825911 -1.869740
v 35.747662 -28.825911 -1.869740
v 35.747662 -28.825911 -1.869740
v 35.792480 -38.392475 -17.359873
v 35.792480 -38.392475 -17.359873
v 35.792480 -38.392475 -17.359873
v 35.792480 -38.392475 -17.359873
v 35.795280 -38.360008 -17.041218
v 35.795280 -38.360008 -17.041218
v 35.795280 -38.360008 -17.041218
v 35.795280 -38.360008 -17.041218
v 35.809780 -33.291332 -9.741691
v 35.809780 -33.291332 -9.741691
v 35.809780 -33.291332 -9.741691
v 35.809780 -33.291332 -9.741691
v 36.118240 -19.131668 16.969093
v 36.118240 -19.131668 16.969093
v 36.118240 -19.131668 16.969093
v 36.118240 -19.131668 16.969093
v 36.152882 -19.473572 16.311586
v 36.152882 -19.473572 16.311586
v 36.152882 -19.473572 16.311586
v 36.152882 -19.473572 16.311586
v 36.185371 -32.219696 -7.823328
v 36.185371 -32.219696 -7.823328
v 36.185371 -32.219696 -7.823328
v 36.185371 -32.219696 -7.823328
v 36.200432 -19.068504 17.075871
v 36.200432 -19.068504 17.075871
v 36.200432 -19.068504 17.075871
v 36.200432 -19.068504 17.075871
v 36.206631 -19.856482 15.474014
v 36.206631 -19.856482 15.474014
v 36.206631 -19.856482 15.474014
v 36.206631 -19.856482 15.474014
v 36.237209 -37.856506 -16.292984
v 36.237209 -37.856506 -16.292984
v 36.237209 -37.856506 -16.292984
v 36.237209 -37.856506 -16.292984
v 36.310841 -20.381466 14.319014
v 36.310841 -20.381466 14.319014
v 36.310841 -20.381466 14.319014
v 36.310841 -20.381466 14.319014
v 36.322540 -18.966053 16.968927
v 36.322540 -18.966053 16.968927
v 36.322540 -18.966053 16.968927
v 36.322540 -18.966053 16.968927
v 36.335152 -37.907658 -16.658657
v 36.335152 -37.907658 -16.658657
v 36.335152 -37.907658 -16.658657
v 36.335152 -37.907658 -16.658657
v 36.500130 -19.032949 16.848988
v 36.500130 -19.032949 16.848988
v 36.500130 -19.032949 16.848988
v 36.500130 -19.032949 16.848988
v 36.604080 -21.544003 11.778068
v 36.604080 -21.544003 11.778068
v 36.604080 -21.544003 11.778068
v 36.604080 -21.544003 11.778068
v 36.640282 -28.722660 -2.068341
v 36.640282 -28.722660 -2.068341
v 36.640282 -28.722660 -2.068341
v 36.640282 -28.722660 -2.068341
v 36.707100 -37.261749 -15.440395
v 36.707100 -37.261749 -15.440395
v 36.707100 -37.261749 -15.440395
v 36.707100 -37.261749 -15.440395
v 36.785412 -19.339375 16.201801
v 36.785412 -19.339375 16.201801
v 36.785412 -19.339375 16.201801
v 36.785412 -19.339375 16.201801
v 36.925549 -37.314240 -15.820880
v 36.925549 -37.314240 -15.820880
v 36.925549 -37.314240 -15.820880
v 36.925549 -37.314240 -15.820880
v 37.076191 -23.459362 7.840672
v 37.076191 -23.459362 7.840672
v 37.076191 -23.459362 7.840672
v 37.076191 -23.459362 7.840672
v 37.143200 -19.700382 15.374222
v 37.143200 -19.700382 15.374222
v 37.143200 -19.700382 15.374222
v 37.143200 -19.700382 15.374222
v 37.315899 -26.338362 2.131954
v 37.315899 -26.338362 2.131954
v 37.315899 -26.338362 2.131954
v 37.315899 -26.338362 2.131954
v 37.683830 -36.024227 -13.711719
v 37.683830 -36.024227 -13.711719
v 37.683830 -36.024227 -13.711719
v 37.683830 -36.024227 -13.711719
v 37.802441 -20.388790 13.791931
v 37.802441 -20.388790 13.791931
v 37.802441 -20.388790 13.791931
v 37.802441 -20.388790 13.791931
v 37.892220 -36.269650 -14.383390
v 37.892220 -36.269650 -14.383390
v 37.892220 -36.269650 -14.383390
v 37.892220 -36.269650 -14.383390
v 38.070240 -25.538025 3.831115
v 38.070240 -25.538025 3.831115
v 38.070240 -25.538025 3.831115
v 38.070240 -25.538025 3.831115
v 38.111179 -31.113489 -6.411326
v 38.111179 -31.113489 -6.411326
v 38.111179 -31.113489 -6.411326
v 38.111179 -31.113489 -6.411326
v 38.487560 -30.333164 -4.773897
v 38.487560 -30.333164 -4.773897
v 38.487560 -30.333164 -4.773897
v 38.487560 -30.333164 -4.773897
v 38.786240 -27.532578 -0.136936
v 38.786240 -27.532578 -0.136936
v 38.786240 -27.532578 -0.136936
v 39.183071 -21.958591 10.367870
v 39.183071 -21.958591 10.367870
v 39.183071 -21.958591 10.367870
v 39.183071 -21.958591 10.367870
v 39.292770 -27.371904 0.406034
v 39.292770 -27.371904 0.406034
v 39.292770 -27.371904 0.406034
v 39.292770 -27.371904 0.406034
v 39.799969 -33.589390 -10.379605
v 39.799969 -33.589390 -10.379605
v 39.799969 -33.589390 -10.379605
v 39.799969 -33.589390 -10.379605
v 39.927292 -39.990856 -19.846434
v 39.927292 -39.990856 -19.846434
v 39.927292 -39.990856 -19.846434
v 39.927292 -39.990856 -19.846434
v 39.938240 -33.909100 -11.143058
v 39.938240 -33.909100 -11.143058
v 39.938240 -33.909100 -11.143058
v 39.938240 -33.909100 -11.143058
v 39.960541 -39.908001 -19.942862
v 39.960541 -39.908001 -19.942862
v 39.960541 -39.908001 -19.942862
v 39.960541 -39.908001 -19.942862
v 40.239712 -39.542290 -19.032963
v 40.239712 -39.542290 -19.032963
v 40.239712 -39.542290 -19.032963
v 40.239712 -39.542290 -19.032963
v 40.356541 -39.462696 -19.188732
v 40.356541 -39.462696 -19.188732
v 40.356541 -39.462696 -19.188732
v 40.356541 -39.462696 -19.188732
v 40.406872 -29.226643 -3.281909
v 40.406872 -29.226643 -3.281909
v 40.406872 -29.226643 -3.281909
v 40.406872 -29.226643 -3.281909
v 40.563641 -39.011372 -18.194752
v 40.563641 -39.011372 -18.194752
v 40.563641 -39.011372 -18.194752
v 40.563641 -39.011372 -18.194752
v 40.644749 -23.784517 6.636460
v 40.644749 -23.784517 6.636460
v 40.644749 -23.784517 6.636460
v 40.644749 -23.784517 6.636460
v 40.793571 -38.924126 -18.358580
v 40.793571 -38.924126 -18.358580
v 40.793571 -38.924126 -18.358580
v 40.793571 -38.924126 -18.358580
v 40.934441 -38.373276 -17.247002
v 40.934441 -38.373276 -17.247002
v 40.934441 -38.373276 -17.247002
v 40.934441 -38.373276 -17.247002
v 41.165211 -28.825838 -2.334283
v 41.165211 -28.825838 -2.334283
v 41.165211 -28.825838 -2.334283
v 41.165211 -28.825838 -2.334283
v 41.299149 -38.241882 -17.357738
v 41.299149 -38.241882 -17.357738
v 41.299149 -38.241882 -17.357738
v 41.299149 -38.241882 -17.357738
v 41.579552 -37.278038 -15.726583
v 41.579552 -37.278038 -15.726583
v 41.579552 -37.278038 -15.726583
v 41.579552 -37.278038 -15.726583
v 41.950779 -25.607306 3.137179
v 41.950779 -25.607306 3.137179
v 41.950779 -25.607306 3.137179
v 41.950779 -25.607306 3.137179
v 41.987320 -27.459568 -0.253811
v 41.987320 -27.459568 -0.253811
v 41.987320 -27.459568 -0.253811
v 41.987320 -27.459568 -0.253811
v 42.069920 -31.581535 -7.235962
v 42.069920 -31.581535 -7.235962
v 42.069920 -31.581535 -7.235962
v 42.069920 -31.581535 -7.235962
v 42.138432 -36.990379 -15.649185
v 42.138432 -36.990379 -15.649185
v 42.138432 -36.990379 -15.649185
v 42.138432 -36.990379 -15.649185
v 42.192741 -31.630646 -7.628741
v 42.192741 -31.630646 -7.628741
v 42.192741 -31.630646 -7.628741
v 42.192741 -31.630646 -7.628741
v 43.190411 -24.524591 5.390172
v 43.190411 -24.524591 5.390172
v 43.190411 -24.524591 5.390172
v 43.190411 -24.524591 5.390172
v 43.202770 -18.279400 18.199219
v 43.202770 -18.279400 18.199219
v 43.202770 -18.279400 18.199219
v 43.202770 -18.279400 18.199219
v 43.224731 -18.611263 17.568523
v 43.224731 -18.611263 17.568523
v 43.224731 -18.611263 17.568523
v 43.224731 -18.611263 17.568523
v 43.236801 -18.967922 16.794443
v 43.236801 -18.967922 16.794443
v 43.236801 -18.967922 16.794443
v 43.236801 -18.967922 16.794443
v 43.248299 -19.458527 15.696903
v 43.248299 -19.458527 15.696903
v 43.248299 -19.458527 15.696903
v 43.248299 -19.458527 15.696903
v 43.271900 -22.577274 9.128284
v 43.271900 -22.577274 9.128284
v 43.271900 -22.577274 9.128284
v 43.271900 -22.577274 9.128284
v 43.277599 -20.670105 13.076347
v 43.277599 -20.670105 13.076347
v 43.277599 -20.670105 13.076347
v 43.277599 -20.670105 13.076347
v 43.304642 -34.860191 -12.582943
v 43.304642 -34.860191 -12.582943
v 43.304642 -34.860191 -12.582943
v 43.304642 -34.860191 -12.582943
v 43.317699 -26.481417 1.759946
v 43.317699 -26.481417 1.759946
v 43.317699 -26.481417 1.759946
v 43.317699 -26.481417 1.759946
v 43.318192 -18.140196 18.412716
v 43.318192 -18.140196 18.412716
v 43.318192 -18.140196 18.412716
v 43.318192 -18.140196 18.412716
v 43.436241 -18.085281 18.204554
v 43.436241 -18.085281 18.204554
v 43.436241 -18.085281 18.204554
v 43.436241 -18.085281 18.204554
v 43.436531 -27.814535 -0.684185
v 43.436531 -27.814535 -0.684185
v 43.436531 -27.814535 -0.684185
v 43.537769 -18.249100 17.938183
v 43.537769 -18.249100 17.938183
v 43.537769 -18.249100 17.938183
v 43.537769 -18.249100 17.938183
v 43.764820 -18.565296 17.276188
v 43.764820 -18.565296 17.276188
v 43.764820 -18.565296 17.276188
v 43.764820 -18.565296 17.276188
v 43.871422 -34.412407 -12.240170
v 43.871422 -34.412407 -12.240170
v 43.871422 -34.412407 -12.240170
v 43.871422 -34.412407 -12.240170
v 44.041691 -18.954117 16.391979
v 44.041691 -18.954117 16.391979
v 44.041691 -18.954117 16.391979
v 44.041691 -18.954117 16.391979
v 44.362888 -29.857922 -4.381257
v 44.362888 -29.857922 -4.381257
v 44.362888 -29.857922 -4.381257
v 44.362888 -29.857922 -4.381257
v 44.424541 -29.587978 -4.206583
v 44.424541 -29.587978 -4.206583
v 44.424541 -29.587978 -4.206583
v 44.424541 -29.587978 -4.206583
v 44.525990 -19.697075 14.680688
v 44.525990 -19.697075 14.680688
v 44.525990 -19.697075 14.680688
v 44.525990 -19.697075 14.680688
v 45.193401 -40.727005 -21.345413
v 45.193401 -40.727005 -21.345413
v 45.193401 -40.727005 -21.345413
v 45.193401 -40.727005 -21.345413
v 45.250591 -40.487923 -21.253868
v 45.250591 -40.487923 -21.253868
v 45.250591 -40.487923 -21.253868
v 45.250591 -40.487923 -21.253868
v 45.303711 -40.280041 -20.438286
v 45.303711 -40.280041 -20.438286
v 45.303711 -40.280041 -20.438286
v 45.303711 -40.280041 -20.438286
v 45.413120 -40.035671 -20.348000
v 45.413120 -40.035671 -20.348000
v 45.413120 -40.035671 -20.348000
v 45.413120 -40.035671 -20.348000
v 45.421558 -39.726269 -19.497288
v 45.421558 -39.726269 -19.497288
v 45.421558 -39.726269 -19.497288
v 45.421558 -39.726269 -19.497288
v 45.458679 -21.365505 11.069444
v 45.458679 -21.365505 11.069444
v 45.458679 -21.365505 11.069444
v 45.458679 -21.365505 11.069444
v 45.558781 -39.076153 -18.504360
v 45.558781 -39.076153 -18.504360
v 45.558781 -39.076153 -18.504360
v 45.558781 -39.076153 -18.504360
v 45.598541 -39.437042 -19.341364
v 45.598541 -39.437042 -19.341364
v 45.598541 -39.437042 -19.341364
v 45.598541 -39.437042 -19.341364
v 45.655869 -32.748878 -9.369367
v 45.655869 -32.748878 -9.369367
v 45.655869 -32.748878 -9.369367
v 45.655869 -32.748878 -9.369367
v 45.776009 -38.075233 -17.104904
v 45.776009 -38.075233 -17.104904
v 45.776009 -38.075233 -17.104904
v 45.776009 -38.075233 -17.104904
v 45.841209 -38.692120 -18.227547
v 45.841209 -38.692120 -18.227547
v 45.841209 -38.692120 -18.227547
v 45.841209 -38.692120 -18.227547
v 46.156040 -27.472204 -0.523928
v 46.156040 -27.472204 -0.523928
v 46.156040 -27.472204 -0.523928
v 46.156040 -27.472204 -0.523928
v 46.178360 -32.159443 -8.733685
v 46.178360 -32.159443 -8.733685
v 46.178360 -32.159443 -8.733685
v 46.178360 -32.159443 -8.733685
v 46.364288 -36.939804 -15.906590
v 46.364288 -36.939804 -15.906590
v 46.364288 -36.939804 -15.906590
v 46.364288 -36.939804 -15.906590
v 46.383461 -23.274567 7.245886
v 46.383461 -23.274567 7.245886
v 46.383461 -23.274567 7.245886
v 46.383461 -23.274567 7.245886
v 46.526112 -28.224625 -1.600649
v 46.526112 -28.224625 -1.600649
v 46.526112 -28.224625 -1.600649
v 46.526112 -28.224625 -1.600649
v 46.884850 -35.684235 -14.039736
v 46.884850 -35.684235 -14.039736
v 46.884850 -35.684235 -14.039736
v 46.884850 -35.684235 -14.039736
v 47.160400 -25.182606 3.627776
v 47.160400 -25.182606 3.627776
v 47.160400 -25.182606 3.627776
v 47.160400 -25.182606 3.627776
v 48.043930 -35.077316 -13.275679
v 48.043930 -35.077316 -13.275679
v 48.043930 -35.077316 -13.275679
v 48.043930 -35.077316 -13.275679
v 48.064640 -30.938381 -6.329500
v 48.064640 -30.938381 -6.329500
v 48.064640 -30.938381 -6.329500
v 48.064640 -30.938381 -6.329500
v 48.081070 -26.389566 1.712970
v 48.081070 -26.389566 1.712970
v 48.081070 -26.389566 1.712970
v 48.081070 -26.389566 1.712970
v 48.634350 -30.093521 -5.341587
v 48.634350 -30.093521 -5.341587
v 48.634350 -30.093521 -5.341587
v 48.634350 -30.093521 -5.341587
v 49.084202 -33.909019 -11.388086
v 49.084202 -33.909019 -11.388086
v 49.084202 -33.909019 -11.388086
v 49.084202 -33.909019 -11.388086
v 49.317829 -36.908283 -16.178387
v 49.317829 -36.908283 -16.178387
v 49.317829 -36.908283 -16.178387
v 49.443581 -24.123611 5.780250
v 49.443581 -24.123611 5.780250
v 49.443581 -24.123611 5.780250
v 49.443581 -24.123611 5.780250
v 49.545521 -36.070217 -14.733817
v 49.545521 -36.070217 -14.733817
v 49.545521 -36.070217 -14.733817
v 49.887451 -22.096405 9.650936
v 49.887451 -22.096405 9.650936
v 49.887451 -22.096405 9.650936
v 49.887451 -22.096405 9.650936
v 49.952202 -37.936359 -17.626160
v 49.952202 -37.936359 -17.626160
v 49.952202 -37.936359 -17.626160
v 49.952202 -37.936359 -17.626160
v 49.960861 -37.340832 -16.602318
v 49.960861 -37.340832 -16.602318
v 49.960861 -37.340832 -16.602318
v 49.960861 -37.340832 -16.602318
v 50.296322 -20.120132 13.694838
v 50.296322 -20.120132 13.694838
v 50.296322 -20.120132 13.694838
v 50.296322 -20.120132 13.694838
v 50.433651 -33.074432 -10.213496
v 50.433651 -33.074432 -10.213496
v 50.433651 -33.074432 -10.213496
v 50.433651 -33.074432 -10.213496
v 50.455090 -18.917534 16.312923
v 50.455090 -18.917534 16.312923
v 50.455090 -18.917534 16.312923
v 50.455090 -18.917534 16.312923
v 50.508049 -18.377296 17.506525
v 50.508049 -18.377296 17.506525
v 50.508049 -18.377296 17.506525
v 50.508049 -18.377296 17.506525
v 50.533360 -18.000099 18.323017
v 50.533360 -18.000099 18.323017
v 50.533360 -18.000099 18.323017
v 50.533360 -18.000099 18.323017
v 50.544830 -17.633272 19.006367
v 50.544830 -17.633272 19.006367
v 50.544830 -17.633272 19.006367
v 50.544830 -17.633272 19.006367
v 50.545841 -38.751339 -18.579638
v 50.545841 -38.751339 -18.579638
v 50.545841 -38.751339 -18.579638
v 50.545841 -38.751339 -18.579638
v 50.553440 -17.137173 19.593500
v 50.553440 -17.137173 19.593500
v 50.553440 -17.137173 19.593500
v 50.553440 -17.137173 19.593500
v 50.618160 -28.975582 -3.134950
v 50.618160 -28.975582 -3.134950
v 50.618160 -28.975582 -3.134950
v 50.618160 -28.975582 -3.134950
v 50.637600 -39.117012 -19.376354
v 50.637600 -39.117012 -19.376354
v 50.637600 -39.117012 -19.376354
v 50.637600 -39.117012 -19.376354
v 50.653332 -27.762501 -1.221348
v 50.653332 -27.762501 -1.221348
v 50.653332 -27.762501 -1.221348
v 50.653332 -27.762501 -1.221348
v 50.673050 -17.298471 19.223713
v 50.673050 -17.298471 19.223713
v 50.673050 -17.298471 19.223713
v 50.673050 -17.298471 19.223713
v 50.824520 -17.699406 18.580807
v 50.824520 -17.699406 18.580807
v 50.824520 -17.699406 18.580807
v 50.824520 -17.699406 18.580807
v 50.837090 -39.414074 -19.583645
v 50.837090 -39.414074 -19.583645
v 50.837090 -39.414074 -19.583645
v 50.837090 -39.414074 -19.583645
v 50.938240 -39.698112 -20.295883
v 50.938240 -39.698112 -20.295883
v 50.938240 -39.698112 -20.295883
v 50.938240 -39.698112 -20.295883
v 50.986591 -18.049726 17.829481
v 50.986591 -18.049726 17.829481
v 50.986591 -18.049726 17.829481
v 50.986591 -18.049726 17.829481
v 51.082211 -39.990952 -20.507347
v 51.082211 -39.990952 -20.507347
v 51.082211 -39.990952 -20.507347
v 51.082211 -39.990952 -20.507347
v 51.171230 -18.456085 16.928947
v 51.171230 -18.456085 16.928947
v 51.171230 -18.456085 16.928947
v 51.171230 -18.456085 16.928947
v 51.211140 -40.225941 -21.192081
v 51.211140 -40.225941 -21.192081
v 51.211140 -40.225941 -21.192081
v 51.211140 -40.225941 -21.192081
v 51.307232 -40.491531 -21.425581
v 51.307232 -40.491531 -21.425581
v 51.307232 -40.491531 -21.425581
v 51.307232 -40.491531 -21.425581
v 51.433182 -35.833744 -14.538362
v 51.433182 -35.833744 -14.538362
v 51.433182 -35.833744 -14.538362
v 51.433182 -35.833744 -14.538362
v 51.492069 -19.310463 15.040668
v 51.492069 -19.310463 15.040668
v 51.492069 -19.310463 15.040668
v 51.492069 -19.310463 15.040668
v 51.782009 -32.197670 -8.424852
v 51.782009 -32.197670 -8.424852
v 51.782009 -32.197670 -8.424852
v 51.782009 -32.197670 -8.424852
v 51.977081 -34.975994 -13.163289
v 51.977081 -34.975994 -13.163289
v 51.977081 -34.975994 -13.163289
v 51.977081 -34.975994 -13.163289
v 52.042622 -21.078514 11.255331
v 52.042622 -21.078514 11.255331
v 52.042622 -21.078514 11.255331
v 52.042622 -21.078514 11.255331
v 52.647171 -23.075348 7.288815
v 52.647171 -23.075348 7.288815
v 52.647171 -23.075348 7.288815
v 52.647171 -23.075348 7.288815
v 52.752060 -25.112415 3.459158
v 52.752060 -25.112415 3.459158
v 52.752060 -25.112415 3.459158
v 52.752060 -25.112415 3.459158
v 52.767750 -30.877825 -6.791323
v 52.767750 -30.877825 -6.791323
v 52.767750 -30.877825 -6.791323
v 52.767750 -30.877825 -6.791323
v 53.213032 -26.836765 0.740775
v 53.213032 -26.836765 0.740775
v 53.213032 -26.836765 0.740775
v 53.213032 -26.836765 0.740775
v 53.845490 -36.972870 -16.432524
v 53.845490 -36.972870 -16.432524
v 53.845490 -36.972870 -16.432524
v 53.845490 -36.972870 -16.432524
v 54.115429 -36.405052 -15.469812
v 54.115429 -36.405052 -15.469812
v 54.115429 -36.405052 -15.469812
v 54.115429 -36.405052 -15.469812
v 54.366711 -34.256184 -12.028955
v 54.366711 -34.256184 -12.028955
v 54.366711 -34.256184 -12.028955
v 54.366711 -34.256184 -12.028955
v 54.611271 -30.164598 -5.191498
v 54.611271 -30.164598 -5.191498
v 54.611271 -30.164598 -5.191498
v 54.611271 -30.164598 -5.191498
v 54.759102 -28.577370 -2.636490
v 54.759102 -28.577370 -2.636490
v 54.759102 -28.577370 -2.636490
v 54.759102 -28.577370 -2.636490
v 54.947819 -37.555359 -17.417986
v 54.947819 -37.555359 -17.417986
v 54.947819 -37.555359 -17.417986
v 54.947819 -37.555359 -17.417986
v 55.127811 -37.212612 -16.610254
v 55.127811 -37.212612 -16.610254
v 55.127811 -37.212612 -16.610254
v 55.127811 -37.212612 -16.610254
v 55.246071 -33.657784 -10.746832
v 55.246071 -33.657784 -10.746832
v 55.246071 -33.657784 -10.746832
v 55.246071 -33.657784 -10.746832
v 55.718449 -24.427891 5.043211
v 55.718449 -24.427891 5.043211
v 55.718449 -24.427891 5.043211
v 55.718449 -24.427891 5.043211
v 55.794941 -37.993942 -18.213486
v 55.794941 -37.993942 -18.213486
v 55.794941 -37.993942 -18.213486
v 55.794941 -37.993942 -18.213486
v 55.828991 -37.787521 -17.520531
v 55.828991 -37.787521 -17.520531
v 55.828991 -37.787521 -17.520531
v 55.828991 -37.787521 -17.520531
v 56.438049 -38.272591 -18.364536
v 56.438049 -38.272591 -18.364536
v 56.438049 -38.272591 -18.364536
v 56.438049 -38.272591 -18.364536
v 56.479080 -22.174072 9.233748
v 56.479080 -22.174072 9.233748
v 56.479080 -22.174072 9.233748
v 56.479080 -22.174072 9.233748
v 56.544102 -38.373947 -18.888840
v 56.544102 -38.373947 -18.888840
v 56.544102 -38.373947 -18.888840
v 56.544102 -38.373947 -18.888840
v 56.677422 -31.859810 -8.516668
v 56.677422 -31.859810 -8.516668
v 56.677422 -31.859810 -8.516668
v 56.677422 -31.859810 -8.516668
v 56.786900 -35.122566 -13.412470
v 56.786900 -35.122566 -13.412470
v 56.786900 -35.122566 -13.412470
v 56.786900 -35.122566 -13.412470
v 57.035679 -38.659576 -19.197311
v 57.035679 -38.659576 -19.197311
v 57.035679 -38.659576 -19.197311
v 57.035679 -38.659576 -19.197311
v 57.078930 -25.932781 1.902225
v 57.078930 -25.932781 1.902225
v 57.078930 -25.932781 1.902225
v 57.078930 -25.932781 1.902225
v 57.360870 -20.072479 13.509633
v 57.360870 -20.072479 13.509633
v 57.360870 -20.072479 13.509633
v 57.360870 -20.072479 13.509633
v 57.364521 -27.966000 -1.267066
v 57.364521 -27.966000 -1.267066
v 57.364521 -27.966000 -1.267066
v 57.364521 -27.966000 -1.267066
v 57.396931 -34.712723 -12.436960
v 57.396931 -34.712723 -12.436960
v 57.396931 -34.712723 -12.436960
v 57.396931 -34.712723 -12.436960
v 57.815300 -18.864820 16.107422
v 57.815300 -18.864820 16.107422
v 57.815300 -18.864820 16.107422
v 57.815300 -18.864820 16.107422
v 57.922421 -23.692547 6.007276
v 57.922421 -23.692547 6.007276
v 57.922421 -23.692547 6.007276
v 57.922421 -23.692547 6.007276
v 57.991539 -18.295685 17.353504
v 57.991539 -18.295685 17.353504
v 57.991539 -18.295685 17.353504
v 57.991539 -18.295685 17.353504
v 58.098572 -17.839024 18.348997
v 58.098572 -17.839024 18.348997
v 58.098572 -17.839024 18.348997
v 58.098572 -17.839024 18.348997
v 58.136780 -31.476765 -7.447606
v 58.136780 -31.476765 -7.447606
v 58.136780 -31.476765 -7.447606
v 58.136780 -31.476765 -7.447606
v 58.172760 -17.396973 19.233444
v 58.172760 -17.396973 19.233444
v 58.172760 -17.396973 19.233444
v 58.172760 -17.396973 19.233444
v 58.189671 -35.652874 -14.277709
v 58.189671 -35.652874 -14.277709
v 58.189671 -35.652874 -14.277709
v 58.189671 -35.652874 -14.277709
v 58.244869 -16.800785 19.959423
v 58.244869 -16.800785 19.959423
v 58.244869 -16.800785 19.959423
v 58.244869 -16.800785 19.959423
v 58.306530 -17.204067 19.268072
v 58.306530 -17.204067 19.268072
v 58.306530 -17.204067 19.268072
v 58.306530 -17.204067 19.268072
v 58.348671 -21.538601 10.141991
v 58.348671 -21.538601 10.141991
v 58.348671 -21.538601 10.141991
v 58.348671 -21.538601 10.141991
v 58.369518 -17.650082 18.407303
v 58.369518 -17.650082 18.407303
v 58.369518 -17.650082 18.407303
v 58.369518 -17.650082 18.407303
v 58.431728 -18.081861 17.463409
v 58.431728 -18.081861 17.463409
v 58.431728 -18.081861 17.463409
v 58.431728 -18.081861 17.463409
v 58.496250 -18.589994 16.348204
v 58.496250 -18.589994 16.348204
v 58.496250 -18.589994 16.348204
v 58.496250 -18.589994 16.348204
v 58.570259 -19.420971 14.543192
v 58.570259 -19.420971 14.543192
v 58.570259 -19.420971 14.543192
v 58.570259 -19.420971 14.543192
v 58.628132 -35.385696 -13.534310
v 58.628132 -35.385696 -13.534310
v 58.628132 -35.385696 -13.534310
v 58.628132 -35.385696 -13.534310
v 58.868549 -29.670454 -4.395608
v 58.868549 -29.670454 -4.395608
v 58.868549 -29.670454 -4.395608
v 58.868549 -29.670454 -4.395608
v 59.290451 -36.079647 -14.979189
v 59.290451 -36.079647 -14.979189
v 59.290451 -36.079647 -14.979189
v 59.290451 -36.079647 -14.979189
v 59.563660 -35.928467 -14.432611
v 59.563660 -35.928467 -14.432611
v 59.563660 -35.928467 -14.432611
v 59.563660 -35.928467 -14.432611
v 59.639030 -32.729458 -9.967778
v 59.639030 -32.729458 -9.967778
v 59.639030 -32.729458 -9.967778
v 59.639030 -32.729458 -9.967778
v 60.157330 -25.460220 3.281378
v 60.157330 -25.460220 3.281378
v 60.157330 -25.460220 3.281378
v 60.157330 -25.460220 3.281378
v 60.263870 -36.467873 -15.602795
v 60.263870 -36.467873 -15.602795
v 60.263870 -36.467873 -15.602795
v 60.263870 -36.467873 -15.602795
v 60.356380 -36.421894 -15.255569
v 60.356380 -36.421894 -15.255569
v 60.356380 -36.421894 -15.255569
v 60.356380 -36.421894 -15.255569
v 60.600189 -32.547310 -9.232666
v 60.600189 -32.547310 -9.232666
v 60.600189 -32.547310 -9.232666
v 60.600189 -32.547310 -9.232666
v 61.086510 -36.844193 -16.059494
v 61.086510 -36.844193 -16.059494
v 61.086510 -36.844193 -16.059494
v 61.086510 -36.844193 -16.059494
v 61.148201 -29.302050 -3.519315
v 61.148201 -29.302050 -3.519315
v 61.148201 -29.302050 -3.519315
v 61.148201 -29.302050 -3.519315
v 61.182129 -27.113735 0.081472
v 61.182129 -27.113735 0.081472
v 61.182129 -27.113735 0.081472
v 61.182129 -27.113735 0.081472
v 61.270359 -33.310360 -10.761091
v 61.270359 -33.310360 -10.761091
v 61.270359 -33.310360 -10.761091
v 61.270359 -33.310360 -10.761091
v 61.963871 -33.174126 -10.274434
v 61.963871 -33.174126 -10.274434
v 61.963871 -33.174126 -10.274434
v 61.963871 -33.174126 -10.274434
v 62.224701 -30.704180 -6.081833
v 62.224701 -30.704180 -6.081833
v 62.224701 -30.704180 -6.081833
v 62.224701 -30.704180 -6.081833
v 62.484322 -22.885113 7.898059
v 62.484322 -22.885113 7.898059
v 62.484322 -22.885113 7.898059
v 62.484322 -22.885113 7.898059
v 62.527950 -33.717339 -11.411189
v 62.527950 -33.717339 -11.411189
v 62.527950 -33.717339 -11.411189
v 62.527950 -33.717339 -11.411189
v 62.980099 -24.653509 4.384862
v 62.980099 -24.653509 4.384862
v 62.980099 -24.653509 4.384862
v 62.980099 -24.653509 4.384862
v 63.000622 -33.669743 -11.080979
v 63.000622 -33.669743 -11.080979
v 63.000622 -33.669743 -11.080979
v 63.000622 -33.669743 -11.080979
v 63.625591 -34.085609 -11.988844
v 63.625591 -34.085609 -11.988844
v 63.625591 -34.085609 -11.988844
v 63.625591 -34.085609 -11.988844
v 63.824150 -30.426567 -5.420483
v 63.824150 -30.426567 -5.420483
v 63.824150 -30.426567 -5.420483
v 63.824150 -30.426567 -5.420483
v 63.868370 -20.822073 12.026775
v 63.868370 -20.822073 12.026775
v 63.868370 -20.822073 12.026775
v 63.868370 -20.822073 12.026775
v 63.907829 -34.119713 -11.825437
v 63.907829 -34.119713 -11.825437
v 63.907829 -34.119713 -11.825437
v 63.907829 -34.119713 -11.825437
v 63.956600 -26.791735 1.057375
v 63.956600 -26.791735 1.057375
v 63.956600 -26.791735 1.057375
v 63.956600 -26.791735 1.057375
v 64.149261 -22.496380 8.363726
v 64.149261 -22.496380 8.363726
v 64.149261 -22.496380 8.363726
v 64.149261 -22.496380 8.363726
v 64.173492 -31.326591 -7.124347
v 64.173492 -31.326591 -7.124347
v 64.173492 -31.326591 -7.124347
v 64.173492 -31.326591 -7.124347
v 64.644386 -34.454369 -12.501291
v 64.644386 -34.454369 -12.501291
v 64.644386 -34.454369 -12.501291
v 64.644386 -34.454369 -12.501291
v 64.771530 -20.742409 11.870537
v 64.771530 -20.742409 11.870537
v 64.771530 -20.742409 11.870537
v 64.771530 -20.742409 11.870537
v 64.886353 -28.167065 -1.997387
v 64.886353 -28.167065 -1.997387
v 64.886353 -28.167065 -1.997387
v 64.886353 -28.167065 -1.997387
v 65.040222 -19.156963 15.549574
v 65.040222 -19.156963 15.549574
v 65.040222 -19.156963 15.549574
v 65.040222 -19.156963 15.549574
v 65.092873 -19.556492 14.348860
v 65.092873 -19.556492 14.348860
v 65.092873 -19.556492 14.348860
v 65.092873 -19.556492 14.348860
v 65.230492 -31.093624 -6.543026
v 65.230492 -31.093624 -6.543026
v 65.230492 -31.093624 -6.543026
v 65.230492 -31.093624 -6.543026
v 65.329262 -18.699909 16.204159
v 65.329262 -18.699909 16.204159
v 65.329262 -18.699909 16.204159
v 65.329262 -18.699909 16.204159
v 65.440552 -18.470755 17.052773
v 65.440552 -18.470755 17.052773
v 65.440552 -18.470755 17.052773
v 65.440552 -18.470755 17.052773
v 65.447418 -31.730701 -7.806435
v 65.447418 -31.730701 -7.806435
v 65.447418 -31.730701 -7.806435
v 65.447418 -31.730701 -7.806435
v 65.643463 -18.026529 18.017662
v 65.643463 -18.026529 18.017662
v 65.643463 -18.026529 18.017662
v 65.643463 -18.026529 18.017662
v 65.801643 -17.616459 18.871687
v 65.801643 -17.616459 18.871687
v 65.801643 -17.616459 18.871687
v 65.801643 -17.616459 18.871687
v 65.816597 -17.841877 18.071280
v 65.816597 -17.841877 18.071280
v 65.816597 -17.841877 18.071280
v 65.816597 -17.841877 18.071280
v 65.889320 -17.418465 18.904602
v 65.889320 -17.418465 18.904602
v 65.889320 -17.418465 18.904602
v 65.889320 -17.418465 18.904602
v 65.946838 -17.063532 19.576710
v 65.946838 -17.063532 19.576710
v 65.946838 -17.063532 19.576710
v 65.946838 -17.063532 19.576710
v 66.246422 -31.603151 -7.397729
v 66.246422 -31.603151 -7.397729
v 66.246422 -31.603151 -7.397729
v 66.246422 -31.603151 -7.397729
v 66.597939 -32.076992 -8.398418
v 66.597939 -32.076992 -8.398418
v 66.597939 -32.076992 -8.398418
v 66.597939 -32.076992 -8.398418
v 67.082870 -28.096855 -1.224293
v 67.082870 -28.096855 -1.224293
v 67.082870 -28.096855 -1.224293
v 67.082870 -28.096855 -1.224293
v 67.141502 -32.091885 -8.226008
v 67.141502 -32.091885 -8.226008
v 67.141502 -32.091885 -8.226008
v 67.141502 -32.091885 -8.226008
v 67.230682 -24.225407 5.627661
v 67.230682 -24.225407 5.627661
v 67.230682 -24.225407 5.627661
v 67.230682 -24.225407 5.627661
v 67.284187 -29.007391 -3.498310
v 67.284187 -29.007391 -3.498310
v 67.284187 -29.007391 -3.498310
v 67.284187 -29.007391 -3.498310
v 67.706810 -32.428177 -8.927306
v 67.706810 -32.428177 -8.927306
v 67.706810 -32.428177 -8.927306
v 67.706810 -32.428177 -8.927306
v 67.919670 -25.698299 2.636316
v 67.919670 -25.698299 2.636316
v 67.919670 -25.698299 2.636316
v 67.919670 -25.698299 2.636316
v 68.742317 -29.557430 -4.491946
v 68.742317 -29.557430 -4.491946
v 68.742317 -29.557430 -4.491946
v 68.742317 -29.557430 -4.491946
v 68.844566 -28.989315 -2.859304
v 68.844566 -28.989315 -2.859304
v 68.844566 -28.989315 -2.859304
v 68.844566 -28.989315 -2.859304
v 69.311287 -23.864359 6.323376
v 69.311287 -23.864359 6.323376
v 69.311287 -23.864359 6.323376
v 69.311287 -23.864359 6.323376
v 69.318550 -22.144272 9.739725
v 69.318550 -22.144272 9.739725
v 69.318550 -22.144272 9.739725
v 69.318550 -22.144272 9.739725
v 69.897469 -29.637503 -4.093925
v 69.897469 -29.637503 -4.093925
v 69.897469 -29.637503 -4.093925
v 69.897469 -29.637503 -4.093925
v 69.957481 -30.079748 -5.383687
v 69.957481 -30.079748 -5.383687
v 69.957481 -30.079748 -5.383687
v 69.957481 -30.079748 -5.383687
v 70.571411 -25.396494 3.615674
v 70.571411 -25.396494 3.615674
v 70.571411 -25.396494 3.615674
v 70.571411 -25.396494 3.615674
v 70.721512 -22.070282 9.571855
v 70.721512 -22.070282 9.571855
v 70.721512 -22.070282 9.571855
v 70.721512 -22.070282 9.571855
v 70.774834 -20.445047 13.241770
v 70.774834 -20.445047 13.241770
v 70.774834 -20.445047 13.241770
v 70.774834 -20.445047 13.241770
v 70.873802 -20.965851 11.945409
v 70.873802 -20.965851 11.945409
v 70.873802 -20.965851 11.945409
v 70.873802 -20.965851 11.945409
v 71.188240 -30.204494 -5.428524
v 71.188240 -30.204494 -5.428524
v 71.188240 -30.204494 -5.428524
v 71.188240 -30.204494 -5.428524
v 71.192970 -30.045635 -4.768183
v 71.192970 -30.045635 -4.768183
v 71.192970 -30.045635 -4.768183
v 71.192970 -30.045635 -4.768183
v 71.269241 -26.754618 0.789970
v 71.269241 -26.754618 0.789970
v 71.269241 -26.754618 0.789970
v 71.269241 -26.754618 0.789970
v 71.355309 -19.877077 14.053365
v 71.355309 -19.877077 14.053365
v 71.355309 -19.877077 14.053365
v 71.355309 -19.877077 14.053365
v 71.752197 -19.349365 15.674496
v 71.752197 -19.349365 15.674496
v 71.752197 -19.349365 15.674496
v 71.752197 -19.349365 15.674496
v 71.796516 -19.025917 15.923968
v 71.796516 -19.025917 15.923968
v 71.796516 -19.025917 15.923968
v 71.796516 -19.025917 15.923968
v 72.229408 -18.749836 16.828232
v 72.229408 -18.749836 16.828232
v 72.229408 -18.749836 16.828232
v 72.229408 -18.749836 16.828232
v 72.534767 -18.414616 17.763439
v 72.534767 -18.414616 17.763439
v 72.534767 -18.414616 17.763439
v 72.534767 -18.414616 17.763439
v 72.680931 -18.283089 17.654343
v 72.680931 -18.283089 17.654343
v 72.680931 -18.283089 17.654343
v 72.680931 -18.283089 17.654343
v 72.831520 -17.731014 18.406431
v 72.831520 -17.731014 18.406431
v 72.831520 -17.731014 18.406431
v 72.831520 -17.731014 18.406431
v 73.249046 -26.499508 1.654250
v 73.249046 -26.499508 1.654250
v 73.249046 -26.499508 1.654250
v 73.249046 -26.499508 1.654250
v 73.496964 -23.392941 7.615467
v 73.496964 -23.392941 7.615467
v 73.496964 -23.392941 7.615467
v 73.496964 -23.392941 7.615467
v 73.510078 -27.544775 -0.610860
v 73.510078 -27.544775 -0.610860
v 73.510078 -27.544775 -0.610860
v 73.510078 -27.544775 -0.610860
v 74.138779 -25.136042 4.364283
v 74.138779 -25.136042 4.364283
v 74.138779 -25.136042 4.364283
v 74.138779 -25.136042 4.364283
v 74.543541 -28.202374 -1.746483
v 74.543541 -28.202374 -1.746483
v 74.543541 -28.202374 -1.746483
v 74.543541 -28.202374 -1.746483
v 74.660141 -23.916113 6.615788
v 74.660141 -23.916113 6.615788
v 74.660141 -23.916113 6.615788
v 74.660141 -23.916113 6.615788
v 74.900970 -27.306246 0.235076
v 74.900970 -27.306246 0.235076
v 74.900970 -27.306246 0.235076
v 74.900970 -27.306246 0.235076
v 75.291870 -21.915733 10.933386
v 75.291870 -21.915733 10.933386
v 75.291870 -21.915733 10.933386
v 75.291870 -21.915733 10.933386
v 75.452087 -22.729103 9.101480
v 75.452087 -22.729103 9.101480
v 75.452087 -22.729103 9.101480
v 75.452087 -22.729103 9.101480
v 75.839691 -28.318466 -1.872416
v 75.839691 -28.318466 -1.872416
v 75.839691 -28.318466 -1.872416
v 75.839691 -28.318466 -1.872416
v 76.103111 -21.607868 11.298347
v 76.103111 -21.607868 11.298347
v 76.103111 -21.607868 11.298347
v 76.103111 -21.607868 11.298347
v 76.444481 -20.687077 13.575129
v 76.444481 -20.687077 13.575129
v 76.444481 -20.687077 13.575129
v 76.444481 -20.687077 13.575129
v 76.583801 -20.688938 13.404705
v 76.583801 -20.688938 13.404705
v 76.583801 -20.688938 13.404705
v 76.583801 -20.688938 13.404705
v 76.756470 -27.726238 -0.761164
v 76.756470 -27.726238 -0.761164
v 76.756470 -27.726238 -0.761164
v 76.756470 -27.726238 -0.761164
v 77.066521 -19.507511 14.975412
v 77.066521 -19.507511 14.975412
v 77.066521 -19.507511 14.975412
v 77.066521 -19.507511 14.975412
v 77.087502 -26.219109 2.479247
v 77.087502 -26.219109 2.479247
v 77.087502 -26.219109 2.479247
v 77.087502 -26.219109 2.479247
v 77.089851 -24.450281 6.032159
v 77.089851 -24.450281 6.032159
v 77.089851 -24.450281 6.032159
v 77.089851 -24.450281 6.032159
v 77.249947 -19.780033 15.270157
v 77.249947 -19.780033 15.270157
v 77.249947 -19.780033 15.270157
v 77.249947 -19.780033 15.270157
v 77.326973 -19.418690 16.174400
v 77.326973 -19.418690 16.174400
v 77.326973 -19.418690 16.174400
v 77.326973 -19.418690 16.174400
v 77.795731 -19.273186 16.482285
v 77.795731 -19.273186 16.482285
v 77.795731 -19.273186 16.482285
v 77.795731 -19.273186 16.482285
v 78.056519 -25.546791 3.669205
v 78.056519 -25.546791 3.669205
v 78.056519 -25.546791 3.669205
v 78.056519 -25.546791 3.669205
v 78.283257 -26.885473 1.309050
v 78.283257 -26.885473 1.309050
v 78.283257 -26.885473 1.309050
v 78.283257 -26.885473 1.309050
v 78.880379 -24.221645 6.534871
v 78.880379 -24.221645 6.534871
v 78.880379 -24.221645 6.534871
v 78.880379 -24.221645 6.534871
v 78.966072 -23.048510 8.967770
v 78.966072 -23.048510 8.967770
v 78.966072 -23.048510 8.967770
v 78.966072 -23.048510 8.967770
v 79.658127 -25.287964 4.651080
v 79.658127 -25.287964 4.651080
v 79.658127 -25.287964 4.651080
v 79.658127 -25.287964 4.651080
v 79.776604 -23.241215 8.253129
v 79.776604 -23.241215 8.253129
v 79.776604 -23.241215 8.253129
v 79.776604 -23.241215 8.253129
v 79.864250 -21.720901 11.856800
v 79.864250 -21.720901 11.856800
v 79.864250 -21.720901 11.856800
v 79.864250 -21.720901 11.856800
v 80.058571 -22.158764 10.553358
v 80.058571 -22.158764 10.553358
v 80.058571 -22.158764 10.553358
v 80.058571 -22.158764 10.553358
v 80.085487 -25.762733 3.075732
v 80.085487 -25.762733 3.075732
v 80.085487 -25.762733 3.075732
v 80.085487 -25.762733 3.075732
v 80.465073 -26.685669 1.522540
v 80.465073 -26.685669 1.522540
v 80.465073 -26.685669 1.522540
v 80.465073 -26.685669 1.522540
v 80.514900 -21.210333 12.314274
v 80.514900 -21.210333 12.314274
v 80.514900 -21.210333 12.314274
v 80.514900 -21.210333 12.314274
v 80.549049 -20.839268 13.537455
v 80.549049 -20.839268 13.537455
v 80.549049 -20.839268 13.537455
v 80.549049 -20.839268 13.537455
v 80.962120 -20.357773 13.589136
v 80.962120 -20.357773 13.589136
v 80.962120 -20.357773 13.589136
v 80.962120 -20.357773 13.589136
v 81.098190 -20.494385 14.193305
v 81.098190 -20.494385 14.193305
v 81.098190 -20.494385 14.193305
v 81.098190 -20.494385 14.193305
v 81.253052 -23.653996 7.850804
v 81.253052 -23.653996 7.850804
v 81.253052 -23.653996 7.850804
v 81.253052 -23.653996 7.850804
v 81.532570 -26.017450 2.841330
v 81.532570 -26.017450 2.841330
v 81.532570 -26.017450 2.841330
v 81.822487 -24.991442 5.107121
v 81.822487 -24.991442 5.107121
v 81.822487 -24.991442 5.107121
v 81.822487 -24.991442 5.107121
v 82.077660 -22.492271 10.489120
v 82.077660 -22.492271 10.489120
v 82.077660 -22.492271 10.489120
v 82.077660 -22.492271 10.489120
v 82.116074 -24.011158 6.581090
v 82.116074 -24.011158 6.581090
v 82.116074 -24.011158 6.581090
v 82.116074 -24.011158 6.581090
v 82.556549 -23.269754 8.114341
v 82.556549 -23.269754 8.114341
v 82.556549 -23.269754 8.114341
v 82.556549 -23.269754 8.114341
v 83.014908 -22.701164 9.729956
v 83.014908 -22.701164 9.729956
v 83.014908 -22.701164 9.729956
v 83.014908 -22.701164 9.729956
v 83.080879 -21.243237 11.760556
v 83.080879 -21.243237 11.760556
v 83.080879 -21.243237 11.760556
v 83.080879 -21.243237 11.760556
v 83.277061 -25.321213 4.420788
v 83.277061 -25.321213 4.420788
v 83.277061 -25.321213 4.420788
v 83.277061 -25.321213 4.420788
v 83.491943 -21.875643 10.973200
v 83.491943 -21.875643 10.973200
v 83.491943 -21.875643 10.973200
v 83.491943 -21.875643 10.973200
v 83.723221 -21.374702 11.908914
v 83.723221 -21.374702 11.908914
v 83.723221 -21.374702 11.908914
v 83.723221 -21.374702 11.908914
v 83.779831 -24.322624 4.422533
v 83.779831 -24.322624 4.422533
v 83.779831 -24.322624 4.422533
v 83.779831 -24.322624 4.422533
v 83.779831 -24.322624 4.422533
v 83.779831 -24.322624 4.422533
v 83.779831 -24.322624 4.422533
v 83.963928 -23.871601 7.295865
v 83.963928 -23.871601 7.295865
v 83.963928 -23.871601 7.295865
v 83.963928 -23.871601 7.295865
v 83.978943 -24.633957 5.404616
v 83.978943 -24.633957 5.404616
v 83.978943 -24.633957 5.404616
v 84.017532 -22.940386 9.579712
v 84.017532 -22.940386 9.579712
v 84.017532 -22.940386 9.579712
v 84.017532 -22.940386 9.579712
v 84.280312 -24.240932 6.264806
v 84.280312 -24.240932 6.264806
v 84.280312 -24.240932 6.264806
v 84.280312 -24.240932 6.264806
v 84.628601 -21.787624 10.762682
v 84.628601 -21.787624 10.762682
v 84.628601 -21.787624 10.762682
v 84.750267 -23.688625 7.588446
v 84.750267 -23.688625 7.588446
v 84.750267 -23.688625 7.588446
v 84.750267 -23.688625 7.588446
v 85.102997 -23.088112 8.945807
v 85.102997 -23.088112 8.945807
v 85.102997 -23.088112 8.945807
v 85.102997 -23.088112 8.945807
v 85.107269 -23.133961 9.172867
v 85.107269 -23.133961 9.172867
v 85.107269 -23.133961 9.172867
v 85.202782 -23.849850 7.723133
v 85.202782 -23.849850 7.723133
v 85.202782 -23.849850 7.723133
v 85.202782 -23.849850 7.723133
v 85.235519 -22.289413 10.140676
v 85.235519 -22.289413 10.140676
v 85.235519 -22.289413 10.140676
v 85.235519 -22.289413 10.140676
v 85.328117 -24.349367 6.330940
v 85.328117 -24.349367 6.330940
v 85.328117 -24.349367 6.330940
vn 0.1145 0.9667 -0.2287
vn -0.1829 -0.9590 0.2163
vn -0.1829 -0.9591 0.2162
vn 0.4074 0.8358 -0.3681
vn 0.4073 0.8358 -0.3681
vn 0.4074 0.8358 -0.3680
vn 0.0945 -0.7455 0.6598
vn 0.0946 -0.7455 0.6598
vn 0.9998 0.0062 -0.0175
vn 0.9998 0.0062 -0.0177
vn 0.0979 -0.8793 0.4661
vn 0.1393 -0.8276 0.5437
vn 0.1394 -0.8277 0.5437
vn 0.1394 -0.8407 0.5232
vn 0.1140 -0.8711 0.4776
vn 0.1161 -0.8604 0.4963
vn 0.1161 -0.8603 0.4963
vn -0.0709 -0.9129 0.4020
vn -0.0709 -0.9129 0.4019
vn -0.0617 0.8023 -0.5938
vn -0.0620 0.8025 -0.5934
vn -0.0617 0.8023 -0.5937
vn -0.0194 0.8307 -0.5564
vn -0.0194 0.8307 -0.5563
vn -0.0360 0.8381 -0.5444
vn -0.0359 0.8381 -0.5444
vn -0.0358 0.8381 -0.5443
vn -0.0751 0.8568 -0.5101
vn -0.0751 0.8569 -0.5101
vn -0.1309 0.8398 -0.5269
vn -0.1308 0.8398 -0.5269
vn -0.1263 0.8280 -0.5463
vn -0.1059 0.8770 -0.4687
vn -0.1275 0.8671 -0.4816
vn 0.0226 -0.8384 0.5447
vn 0.0229 -0.8383 0.5447
vn 0.0230 -0.8383 0.5447
vn 0.0228 -0.8383 0.5447
vn 0.0285 -0.8314 0.5550
vn 0.0575 -0.8055 0.5898
vn -0.0397 0.8710 -0.4896
vn -0.0396 0.8710 -0.4896
vn -0.0396 0.8711 -0.4896
vn -0.0464 0.8719 -0.4875
vn -0.0464 0.8719 -0.4874
vn -0.0352 0.8760 -0.4811
vn -0.0353 0.8760 -0.4810
vn -0.0354 0.8760 -0.4810
vn 0.0308 -0.8715 0.4894
vn 0.0307 -0.8715 0.4894
vn 0.0228 -0.8782 0.4778
vn 0.0230 -0.8783 0.4775
vn 0.0231 -0.8784 0.4774
vn 0.0229 -0.8783 0.4776
vn 0.0337 -0.8749 0.4832
vn 0.0337 -0.8748 0.4832
vn 0.0337 -0.8748 0.4833
vn 0.0462 -0.8734 0.4848
vn 0.0462 -0.8734 0.4847
vn 0.0462 -0.8733 0.4849
vn 0.0304 -0.8780 0.4778
vn 0.0306 -0.8780 0.4776
vn 0.0308 -0.8781 0.4776
vn 0.0307 -0.8780 0.4776
vn 0.0421 -0.8702 0.4909
vn 0.0423 -0.8702 0.4909
vn 0.0501 -0.8661 0.4974
vn 0.0501 -0.8661 0.4973
vn 0.0501 -0.8660 0.4976
vn 0.0371 -0.8681 0.4950
vn 0.0371 -0.8681 0.4949
vn 0.0420 -0.8596 0.5092
vn 0.0424 -0.8596 0.5092
vn 0.0427 -0.8595 0.5093
vn 0.0614 -0.8312 0.5527
vn 0.0614 -0.8312 0.5526
vn 0.0308 -0.8489 0.5277
vn 0.0308 -0.8489 0.5276
vn 0.0309 -0.8490 0.5275
vn 0.0523 -0.8138 0.5788
vn 0.0526 -0.8137 0.5789
vn 0.0309 -0.8192 0.5727
vn 0.0508 -0.8007 0.5969
vn 0.0507 -0.8007 0.5970
vn 0.0507 -0.8007 0.5969
vn 0.0333 -0.8166 0.5763
vn 0.0333 -0.8165 0.5763
vn 0.0232 -0.8357 0.5486
vn 0.0232 -0.8357 0.5487
vn 0.0661 -0.8086 0.5846
vn 0.0661 -0.8086 0.5847
vn 0.0595 -0.8320 0.5516
vn 0.0530 -0.8523 0.5204
vn 0.0397 -0.8296 0.5569
vn 0.0396 -0.8296 0.5570
vn 0.0558 -0.8438 0.5338
vn 0.0048 -0.8606 0.5092
vn 0.0391 -0.8828 0.4682
vn 0.0391 -0.8827 0.4682
vn 0.0885 -0.8711 0.4831
vn -0.0235 0.5401 -0.8413
vn -0.0235 0.5400 -0.8413
vn 0.0449 -0.8855 0.4625
vn 0.0418 0.7228 -0.6898
vn 0.0419 0.7228 -0.6898
vn 0.0798 0.8176 -0.5702
vn 0.0019 0.8619 -0.5071
vn -0.0662 0.8448 -0.5310
vn -0.0662 0.8447 -0.5311
vn -0.0662 0.8447 -0.5310
vn -0.0521 0.8502 -0.5238
vn -0.0521 0.8502 -0.5239
vn -0.0410 0.8767 -0.4793
vn -0.0610 0.8395 -0.5400
vn -0.0075 0.8614 -0.5078
vn -0.0029 0.8553 -0.5181
vn -0.0398 0.8279 -0.5595
vn -0.0398 0.8278 -0.5596
vn -0.0398 0.8278 -0.5595
vn -0.0027 0.8512 -0.5248
vn -0.0032 0.8281 -0.5606
vn -0.0031 0.8281 -0.5606
vn -0.0239 0.8317 -0.5548
vn -0.0240 0.8317 -0.5548
vn -0.0149 0.8383 -0.5451
vn -0.0149 0.8382 -0.5452
vn 0.0270 0.8778 -0.4782
vn 0.0165 0.8753 -0.4832
vn 0.0165 0.8753 -0.4833
vn 0.0166 0.8753 -0.4832
vn -0.0004 0.8727 -0.4883
vn -0.0004 0.8727 -0.4882
vn 0.0179 0.8620 -0.5066
vn 0.0179 0.8620 -0.5065
vn -0.0063 0.8684 -0.4957
vn -0.0223 0.8759 -0.4820
vn -0.0222 0.8758 -0.4822
vn -0.0082 0.8805 -0.4740
vn -0.0083 0.8806 -0.4739
vn -0.0082 0.8805 -0.4739
vn -0.0250 0.8822 -0.4702
vn -0.0251 0.8821 -0.4703
vn -0.0248 0.8823 -0.4700
vn -0.0279 0.8819 -0.4706
vn -0.0280 0.8819 -0.4706
vn -0.0281 0.8820 -0.4704
vn -0.0258 0.8917 -0.4520
vn -0.0258 0.8916 -0.4520
vn -0.0257 0.8916 -0.4520
vn -0.0327 0.8918 -0.4513
vn -0.0326 0.8918 -0.4512
vn -0.0326 0.8919 -0.4511
vn -0.0385 0.8904 -0.4535
vn -0.0381 0.8903 -0.4537
vn -0.0367 0.9030 -0.4280
vn -0.0369 0.9031 -0.4279
vn -0.0369 0.9031 -0.4278
vn -0.0451 0.9022 -0.4290
vn -0.0451 0.9022 -0.4289
vn -0.0777 0.8928 -0.4437
vn -0.0778 0.8928 -0.4437
vn -0.0778 0.8928 -0.4436
vn -0.0488 0.9067 -0.4190
vn -0.0489 0.9067 -0.4190
vn -0.0808 0.8966 -0.4354
vn -0.0808 0.8967 -0.4352
vn -0.0808 0.8967 -0.4353
vn -0.0808 0.8966 -0.4353
vn -0.0872 0.8983 -0.4307
vn -0.0812 0.8956 -0.4373
vn -0.0812 0.8957 -0.4373
vn -0.0908 0.8986 -0.4292
vn -0.0908 0.8987 -0.4292
vn -0.0196 0.9315 -0.3633
vn -0.0830 0.8914 -0.4455
vn -0.0830 0.8914 -0.4454
vn -0.0169 0.9275 -0.3734
vn -0.0169 0.9275 -0.3735
vn -0.1219 0.8958 -0.4274
vn -0.1219 0.8958 -0.4273
vn 0.0112 0.9066 -0.4218
vn -0.0976 0.8898 -0.4458
vn -0.0976 0.8898 -0.4457
vn -0.0977 0.8898 -0.4457
vn -0.0701 0.8733 -0.4822
vn -0.0701 0.8733 -0.4821
vn -0.1892 0.9508 -0.2452
vn -0.1891 0.9508 -0.2452
vn -0.1290 0.9139 -0.3849
vn -0.1590 0.9157 -0.3691
vn -0.1589 0.9157 -0.3691
vn 0.0245 -0.8328 0.5530
vn 0.0522 -0.8175 0.5736
vn 0.0521 -0.8175 0.5736
vn 0.0523 -0.8175 0.5736
vn -0.0462 0.8654 -0.4990
vn -0.0461 0.8720 -0.4874
vn -0.0461 0.8719 -0.4874
vn -0.0461 0.8719 -0.4875
vn -0.3207 0.7381 -0.5936
vn -0.0568 0.8331 -0.5502
vn -0.2361 0.7835 -0.5748
vn -0.2360 0.7835 -0.5748
vn -0.2828 0.8090 -0.5153
vn -0.2828 0.8090 -0.5154
vn -0.0829 0.7921 -0.6047
vn -0.0828 0.7921 -0.6047
vn 0.1404 -0.8004 0.5827
vn 0.1405 -0.8004 0.5828
vn 0.1405 -0.8004 0.5827
vn 0.1147 -0.8546 0.5064
vn 0.1146 -0.8546 0.5064
vn 0.1145 -0.8547 0.5064
vn 0.1995 -0.8092 0.5526
vn 0.1971 -0.8243 0.5307
vn 0.1972 -0.8243 0.5307
vn 0.1971 -0.8243 0.5308
vn 0.2278 -0.9297 0.2895
vn -0.1782 0.8348 -0.5209
vn -0.1783 0.8348 -0.5209
vn -0.1784 0.8347 -0.5210
vn -0.0667 -0.9956 -0.0653
vn -0.1274 0.8304 -0.5425
vn -0.1274 0.8303 -0.5425
vn -0.4227 -0.6197 -0.6613
vn -0.4227 -0.6197 -0.6612
vn -0.1341 0.8126 -0.5671
vn -0.1341 0.8127 -0.5671
vn -0.1362 0.8292 -0.5422
vn -0.0523 0.8060 -0.5895
vn -0.0523 0.8060 -0.5896
vn -0.0591 0.7990 -0.5984
vn -0.0591 0.7991 -0.5983
vn -0.0469 0.8126 -0.5810
vn -0.0470 0.8125 -0.5810
vn -0.0471 0.8125 -0.5811
vn -0.0641 0.8227 -0.5649
vn -0.0462 0.8267 -0.5608
vn -0.0462 0.8267 -0.5607
vn -0.0261 0.8426 -0.5379
vn -0.0259 0.8427 -0.5378
vn -0.0258 0.8427 -0.5378
vn -0.0260 0.8426 -0.5379
vn -0.0698 0.8476 -0.5260
vn -0.0697 0.8477 -0.5259
vn -0.0699 0.8476 -0.5260
vn -0.0698 0.8476 -0.5259
vn -0.0700 0.8508 -0.5208
vn -0.0682 0.8657 -0.4959
vn -0.0683 0.8657 -0.4959
vn -0.0742 0.8462 -0.5277
vn -0.0742 0.8462 -0.5278
vn -0.0673 0.8585 -0.5085
vn -0.0673 0.8585 -0.5084
vn -0.0673 0.8584 -0.5086
vn -0.0554 0.8683 -0.4929
vn -0.0556 0.8683 -0.4930
vn -0.0556 0.8683 -0.4929
vn -0.0582 0.8544 -0.5164
vn -0.0581 0.8544 -0.5163
vn -0.0461 0.8684 -0.4938
vn -0.0462 0.8684 -0.4937
vn -0.0461 0.8683 -0.4938
vn -0.0487 0.8516 -0.5219
vn -0.0488 0.8516 -0.5220
vn -0.0368 0.8680 -0.4952
vn -0.0368 0.8680 -0.4951
vn -0.0282 0.8644 -0.5019
vn -0.0281 0.8645 -0.5019
vn -0.0278 0.8645 -0.5018
vn -0.0226 0.8732 -0.4869
vn -0.0226 0.8732 -0.4868
vn -0.0225 0.8731 -0.4870
vn -0.0316 0.8718 -0.4889
vn -0.0315 0.8718 -0.4889
vn -0.0353 0.8499 -0.5258
vn -0.0354 0.8500 -0.5256
vn -0.0353 0.8500 -0.5256
vn -0.0042 0.8406 -0.5417
vn -0.0041 0.8406 -0.5417
vn -0.0109 0.8512 -0.5247
vn -0.0108 0.8512 -0.5248
vn -0.0108 0.8511 -0.5249
vn -0.0454 0.8142 -0.5788
vn -0.0454 0.8142 -0.5789
vn -0.0453 0.8140 -0.5791
vn -0.0301 0.8133 -0.5811
vn -0.0299 0.8133 -0.5810
vn -0.0299 0.8134 -0.5810
vn -0.0300 0.8133 -0.5810
vn -0.0317 0.8159 -0.5774
vn -0.0317 0.8159 -0.5773
vn -0.0389 0.8074 -0.5887
vn -0.0232 0.8278 -0.5605
vn -0.0240 0.8325 -0.5535
vn -0.0239 0.8326 -0.5534
vn -0.0239 0.8325 -0.5535
vn -0.0239 0.8325 -0.5534
vn -0.0201 0.8372 -0.5466
vn -0.0194 0.8530 -0.5216
vn -0.0194 0.8530 -0.5215
vn -0.0193 0.8530 -0.5215
vn -0.0222 0.8462 -0.5324
vn -0.0144 0.8816 -0.4718
vn -0.2545 -0.9661 -0.0435
vn -0.2544 -0.9661 -0.0435
vn -0.2503 0.0557 -0.9666
vn -0.2504 0.0557 -0.9666
vn 0.0010 -0.8639 0.5037
vn 0.0030 -0.8873 0.4611
vn 0.0027 -0.8873 0.4611
vn 0.0030 -0.8874 0.4611
vn 0.0159 -0.8411 0.5407
vn 0.0160 -0.8555 0.5176
vn 0.0162 -0.8555 0.5175
vn 0.0331 -0.8378 0.5450
vn 0.0330 -0.8379 0.5448
vn 0.0330 -0.8380 0.5447
vn 0.0331 -0.8378 0.5449
vn 0.0403 -0.8321 0.5532
vn 0.0402 -0.8321 0.5532
vn 0.0220 -0.8296 0.5578
vn 0.0220 -0.8297 0.5578
vn 0.0220 -0.8296 0.5579
vn 0.0597 -0.8390 0.5409
vn 0.0598 -0.8389 0.5409
vn 0.0598 -0.8389 0.5410
vn 0.0597 -0.8390 0.5408
vn 0.0637 -0.8375 0.5428
vn 0.0636 -0.8375 0.5427
vn 0.0483 -0.8286 0.5578
vn 0.0483 -0.8285 0.5578
vn 0.0764 -0.8478 0.5248
vn 0.0764 -0.8478 0.5247
vn 0.0704 -0.8599 0.5055
vn 0.0703 -0.8599 0.5055
vn 0.0659 -0.8469 0.5276
vn 0.0659 -0.8470 0.5276
vn 0.0669 -0.8685 0.4911
vn 0.0669 -0.8687 0.4908
vn 0.0669 -0.8688 0.4906
vn 0.0669 -0.8687 0.4907
vn 0.0672 -0.8731 0.4829
vn 0.0670 -0.8731 0.4830
vn 0.0669 -0.8731 0.4830
vn 0.0671 -0.8731 0.4830
vn 0.0578 -0.8694 0.4907
vn 0.0578 -0.8695 0.4905
vn 0.0774 -0.8814 0.4661
vn 0.0774 -0.8813 0.4661
vn 0.0774 -0.8813 0.4662
vn 0.0524 -0.8919 0.4492
vn 0.0524 -0.8919 0.4491
vn 0.0483 -0.8795 0.4735
vn 0.0484 -0.8794 0.4735
vn 0.0346 -0.8985 0.4376
vn 0.0347 -0.8985 0.4376
vn 0.0316 -0.8854 0.4638
vn 0.0317 -0.8997 0.4353
vn 0.0316 -0.8996 0.4355
vn 0.0314 -0.8995 0.4357
vn 0.0281 -0.8868 0.4613
vn 0.0280 -0.8868 0.4613
vn 0.0280 -0.8868 0.4612
vn 0.0157 -0.8840 0.4671
vn 0.0156 -0.8840 0.4672
vn 0.0157 -0.8840 0.4672
vn 0.0147 -0.8758 0.4825
vn 0.0146 -0.8758 0.4824
vn 0.0144 -0.8759 0.4824
vn 0.0244 -0.8781 0.4778
vn 0.0245 -0.8782 0.4777
vn 0.0244 -0.8781 0.4779
vn -0.0055 -0.8728 0.4880
vn -0.0056 -0.8728 0.4881
vn -0.0044 -0.8726 0.4885
vn -0.0047 -0.8726 0.4884
vn -0.0049 -0.8726 0.4884
vn -0.0046 -0.8726 0.4884
vn 0.0154 -0.8789 0.4768
vn 0.0154 -0.8788 0.4769
vn 0.0154 -0.8788 0.4770
vn 0.0101 -0.8530 0.5218
vn 0.0100 -0.8530 0.5218
vn 0.0217 -0.8641 0.5029
vn 0.0217 -0.8640 0.5029
vn -0.0004 -0.8623 0.5063
vn -0.0005 -0.8623 0.5063
vn -0.0003 -0.8623 0.5063
vn 0.0163 -0.8633 0.5045
vn 0.0163 -0.8632 0.5045
vn 0.0163 -0.8632 0.5046
vn 0.0139 -0.8457 0.5334
vn 0.0139 -0.8458 0.5334
vn -0.0172 -0.8628 0.5052
vn -0.0174 -0.8628 0.5052
vn -0.0175 -0.8628 0.5052
vn 0.0210 -0.8402 0.5418
vn 0.0210 -0.8403 0.5418
vn -0.0260 -0.8614 0.5073
vn -0.0262 -0.8614 0.5073
vn -0.0265 -0.8613 0.5074
vn -0.0261 -0.8614 0.5073
vn 0.0262 -0.8399 0.5421
vn 0.0262 -0.8399 0.5422
vn -0.0344 -0.8490 0.5272
vn -0.0343 -0.8490 0.5272
vn 0.0258 -0.8402 0.5416
vn -0.0082 -0.8540 0.5203
vn -0.0082 -0.8539 0.5203
vn -0.0187 -0.8655 0.5006
vn -0.0147 -0.8659 0.4999
vn -0.0147 -0.8659 0.5000
vn 0.0281 -0.8427 0.5377
vn 0.0378 -0.8838 0.4663
vn 0.0684 -0.8591 0.5072
vn 0.0380 0.8567 -0.5145
vn 0.0296 0.8188 -0.5733
vn 0.0176 0.8679 -0.4964
vn -0.0098 0.8385 -0.5449
vn 0.0195 0.8700 -0.4927
vn -0.0150 0.8391 -0.5438
vn 0.0397 0.8695 -0.4924
vn 0.0398 0.8695 -0.4924
vn -0.0259 0.8500 -0.5262
vn -0.0259 0.8499 -0.5262
vn -0.0190 0.8524 -0.5226
vn -0.0143 0.8629 -0.5051
vn 0.0131 0.8795 -0.4757
vn 0.0131 0.8795 -0.4758
vn 0.0132 0.8795 -0.4758
vn -0.0011 0.8759 -0.4825
vn 0.0185 0.8702 -0.4924
vn 0.0184 0.8702 -0.4923
vn 0.0184 0.8703 -0.4923
vn 0.0341 0.8817 -0.4705
vn 0.0341 0.8818 -0.4705
vn 0.0085 0.8823 -0.4705
vn 0.0086 0.8824 -0.4705
vn 0.0086 0.8823 -0.4705
vn -0.0115 0.8898 -0.4562
vn -0.0116 0.8898 -0.4562
vn -0.0116 0.8898 -0.4561
vn 0.0072 0.8978 -0.4403
vn -0.0131 0.9031 -0.4292
vn -0.0277 0.9043 -0.4259
vn -0.0279 0.9045 -0.4256
vn -0.0279 0.9044 -0.4257
vn -0.0157 0.9090 -0.4165
vn -0.0310 0.9110 -0.4112
vn -0.0389 0.9114 -0.4096
vn -0.0389 0.9114 -0.4097
vn -0.0328 0.9098 -0.4138
vn -0.0375 0.9102 -0.4125
vn -0.0375 0.9101 -0.4126
vn -0.0375 0.9102 -0.4124
vn -0.0463 0.9056 -0.4215
vn -0.0463 0.9056 -0.4216
vn -0.0319 0.8977 -0.4395
vn -0.0319 0.8976 -0.4396
vn -0.0319 0.8976 -0.4397
vn -0.0374 0.8944 -0.4458
vn -0.0374 0.8944 -0.4457
vn -0.0736 0.8868 -0.4562
vn -0.0483 0.9079 -0.4164
vn -0.0484 0.9079 -0.4164
vn -0.0992 0.9097 -0.4032
vn -0.0992 0.9097 -0.4031
vn -0.0674 0.8795 -0.4712
vn -0.0674 0.8795 -0.4711
vn -0.3946 0.4469 0.8029
vn -0.3946 0.4468 0.8029
vn -0.4763 0.5651 0.6737
vn -0.4763 0.5651 0.6736
vn -0.4017 0.8496 0.3418
vn -0.4017 0.8496 0.3417
vn 0.0754 -0.8872 0.4552
vn 0.0755 -0.8873 0.4551
vn -0.0359 -0.8874 0.4597
vn 0.0547 -0.8616 0.5046
vn 0.0547 -0.8616 0.5047
vn 0.0135 -0.9238 0.3825
vn 0.0135 -0.9238 0.3826
vn 0.1195 -0.8927 0.4346
vn 0.0233 -0.9317 0.3624
vn 0.0232 -0.9317 0.3625
vn 0.1190 -0.8872 0.4457
vn 0.1190 -0.8872 0.4458
vn 0.0026 -0.9198 0.3923
vn 0.0026 -0.9198 0.3924
vn 0.1023 -0.8824 0.4592
vn 0.1350 -0.8524 0.5052
vn 0.0194 -0.8473 0.5308
vn 0.0194 -0.8473 0.5307
vn 0.0592 -0.8086 0.5854
vn 0.0591 -0.8086 0.5854
vn 0.0611 -0.8058 0.5890
vn 0.0611 -0.8059 0.5890
vn 0.0562 -0.8216 0.5674
vn 0.0562 -0.8216 0.5673
vn 0.0717 -0.8231 0.5633
vn 0.0701 -0.8460 0.5286
vn 0.0700 -0.8460 0.5286
vn 0.0700 -0.8501 0.5220
vn 0.0493 -0.8741 0.4832
vn -0.1085 0.8114 -0.5743
vn -0.1084 0.8114 -0.5743
vn 0.0192 -0.8831 0.4688
vn -0.0892 0.8185 -0.5675
vn -0.0892 0.8186 -0.5674
vn -0.0893 0.8184 -0.5676
vn -0.0676 0.8421 -0.5351
vn -0.0736 0.8263 -0.5584
vn -0.0735 0.8263 -0.5583
vn -0.0735 0.8263 -0.5584
vn -0.0588 0.8395 -0.5401
vn -0.0588 0.8396 -0.5401
vn -0.0585 0.8391 -0.5409
vn -0.0585 0.8390 -0.5409
vn -0.0584 0.8391 -0.5408
vn -0.0586 0.8390 -0.5410
vn -0.0363 0.8347 -0.5495
vn -0.0361 0.8349 -0.5493
vn -0.0361 0.8348 -0.5493
vn -0.0364 0.8347 -0.5495
vn -0.0407 0.8311 -0.5547
vn -0.0407 0.8311 -0.5546
vn -0.0706 0.8442 -0.5314
vn -0.0670 0.8445 -0.5314
vn -0.0595 0.8374 -0.5433
vn -0.0595 0.8375 -0.5432
vn -0.0595 0.8376 -0.5430
vn -0.0595 0.8376 -0.5431
vn -0.0644 0.8374 -0.5428
vn -0.0643 0.8374 -0.5427
vn -0.0478 0.8285 -0.5580
vn -0.0478 0.8284 -0.5580
vn -0.0587 0.8283 -0.5573
vn -0.0585 0.8281 -0.5576
vn -0.0585 0.8280 -0.5576
vn -0.0411 0.8297 -0.5566
vn -0.0410 0.8298 -0.5565
vn -0.0410 0.8298 -0.5566
vn -0.0049 -0.9120 0.4101
vn -0.1132 -0.9386 0.3258
vn -0.1133 -0.9386 0.3258
vn 0.0501 -0.8514 0.5221
vn 0.0174 -0.8522 0.5229
vn 0.0564 -0.8505 0.5229
vn 0.0629 -0.8473 0.5275
vn 0.0629 -0.8472 0.5275
vn 0.0569 -0.8420 0.5364
vn 0.0568 -0.8423 0.5360
vn 0.0568 -0.8422 0.5361
vn 0.0569 -0.8420 0.5365
vn 0.0692 -0.8465 0.5279
vn 0.0692 -0.8465 0.5278
vn 0.0639 -0.8499 0.5230
vn 0.0638 -0.8499 0.5230
vn 0.0693 -0.8454 0.5297
vn 0.0693 -0.8453 0.5297
vn 0.0202 -0.8402 0.5419
vn 0.0201 -0.8403 0.5417
vn 0.0201 -0.8403 0.5418
vn 0.0079 -0.8654 0.5010
vn 0.0078 -0.8654 0.5010
vn 0.0646 -0.8573 0.5108
vn 0.0646 -0.8573 0.5107
vn -0.0159 -0.8906 0.4545
vn 0.0594 -0.8931 0.4459
vn 0.0593 -0.8931 0.4459
vn 0.0520 -0.8773 0.4772
vn 0.0520 -0.8773 0.4771
vn 0.0781 -0.9016 0.4254
vn 0.0781 -0.9017 0.4253
vn 0.0781 -0.9017 0.4254
vn 0.0893 -0.8953 0.4364
vn 0.0882 -0.8908 0.4458
vn 0.0882 -0.8908 0.4457
vn 0.0512 -0.9055 0.4212
vn 0.0512 -0.9055 0.4213
vn 0.0525 -0.9023 0.4280
vn 0.0384 -0.9102 0.4124
vn 0.0372 -0.9070 0.4194
vn 0.0372 -0.9071 0.4193
vn 0.0373 -0.9069 0.4196
vn 0.0373 -0.9069 0.4197
vn 0.0337 -0.9117 0.4096
vn 0.0334 -0.9080 0.4176
vn 0.0334 -0.9080 0.4177
vn 0.0182 -0.9108 0.4125
vn 0.0182 -0.9107 0.4126
vn 0.0182 -0.9108 0.4124
vn 0.0177 -0.9084 0.4178
vn 0.0176 -0.9084 0.4177
vn 0.0176 -0.9085 0.4176
vn -0.0053 -0.9047 0.4260
vn -0.0053 -0.9047 0.4261
vn -0.0043 -0.8955 0.4450
vn -0.0043 -0.8955 0.4449
vn -0.0044 -0.8956 0.4449
vn 0.0173 -0.8988 0.4379
vn 0.0172 -0.8988 0.4380
vn 0.0174 -0.8989 0.4378
vn -0.0271 -0.8885 0.4581
vn -0.0272 -0.8884 0.4582
vn -0.0272 -0.8884 0.4583
vn -0.0118 -0.8694 0.4940
vn -0.0120 -0.8694 0.4939
vn -0.0034 -0.8763 0.4817
vn -0.0035 -0.8763 0.4818
vn -0.0066 -0.8706 0.4920
vn -0.0067 -0.8705 0.4921
vn -0.0122 -0.8719 0.4895
vn -0.0174 -0.8717 0.4898
vn -0.0175 -0.8716 0.4899
vn -0.0174 -0.8717 0.4897
vn -0.0175 -0.8716 0.4898
vn -0.0158 -0.8688 0.4950
vn -0.0160 -0.8687 0.4950
vn -0.0161 -0.8687 0.4950
vn -0.0113 -0.8699 0.4931
vn -0.0113 -0.8700 0.4929
vn -0.0112 -0.8702 0.4925
vn -0.0113 -0.8701 0.4928
vn -0.0012 -0.8710 0.4912
vn -0.0165 -0.8674 0.4973
vn -0.0166 -0.8674 0.4974
vn -0.0167 -0.8674 0.4974
vn -0.0000 -0.8744 0.4852
vn -0.0013 -0.8774 0.4797
vn -0.0012 -0.8774 0.4797
vn 0.0121 -0.8695 0.4938
vn 0.0122 -0.8695 0.4938
vn 0.0174 -0.8824 0.4703
vn 0.0174 -0.8824 0.4702
vn -0.0012 -0.8594 0.5113
vn -0.0012 -0.8594 0.5112
vn -0.0011 -0.8594 0.5112
vn 0.1489 -0.9359 0.3193
vn 0.1488 -0.9359 0.3194
vn 0.1519 -0.9072 0.3924
vn 0.1518 -0.9072 0.3924
vn 0.0292 0.8246 -0.5650
vn 0.0474 0.8588 -0.5101
vn 0.0473 0.8588 -0.5101
vn 0.0240 0.8754 -0.4828
vn 0.0240 0.8754 -0.4829
vn -0.0118 0.9151 -0.4031
vn -0.0119 0.9151 -0.4030
vn -0.0119 0.9151 -0.4031
vn 0.0594 0.8894 -0.4532
vn 0.0595 0.8894 -0.4532
vn 0.0452 0.8969 -0.4399
vn 0.0452 0.8969 -0.4400
vn -0.0335 0.8679 -0.4957
vn -0.0335 0.8679 -0.4955
vn -0.0335 0.8679 -0.4956
vn 0.0059 0.8752 -0.4838
vn 0.0352 0.8712 -0.4897
vn 0.0352 0.8711 -0.4898
vn 0.0565 0.8971 -0.4382
vn 0.0811 0.8953 -0.4380
vn 0.0383 0.9022 -0.4296
vn 0.0383 0.9022 -0.4297
vn 0.0506 0.8828 -0.4671
vn 0.0507 0.8830 -0.4667
vn 0.0507 0.8830 -0.4665
vn 0.0507 0.8831 -0.4665
vn 0.0249 0.8956 -0.4441
vn 0.0058 0.9085 -0.4178
vn 0.0058 0.9086 -0.4177
vn 0.0058 0.9085 -0.4177
vn 0.0274 0.9065 -0.4214
vn 0.0274 0.9065 -0.4213
vn 0.0049 0.9086 -0.4175
vn 0.0048 0.9086 -0.4176
vn -0.0162 0.9071 -0.4206
vn 0.0028 0.8897 -0.4566
vn -0.0124 0.8705 -0.4921
vn -0.0124 0.8704 -0.4921
vn -0.0172 0.8472 -0.5310
vn -0.0122 0.8819 -0.4713
vn -0.0876 0.9727 -0.2151
vn -0.0876 0.9727 -0.2150
vn -0.1773 0.9278 0.3282
vn -0.1772 0.9278 0.3282
vn -0.1773 0.9278 0.3283
vn 0.0039 -0.7836 0.6212
vn 0.0107 -0.8483 0.5294
vn 0.0245 -0.8714 0.4900
vn 0.0245 -0.8713 0.4901
vn 0.0257 -0.8854 0.4642
vn 0.0257 -0.8853 0.4642
vn 0.0359 -0.8886 0.4572
vn 0.0761 -0.8861 0.4572
vn 0.0761 -0.8862 0.4571
vn 0.0761 -0.8861 0.4571
vn 0.0502 -0.9059 0.4205
vn 0.0871 -0.8959 0.4356
vn 0.0870 -0.8959 0.4356
vn 0.0830 -0.8948 0.4387
vn 0.0871 -0.9022 0.4224
vn 0.0363 -0.9077 0.4180
vn 0.0257 -0.8826 0.4695
vn 0.0327 -0.9076 0.4186
vn 0.0327 -0.9076 0.4187
vn 0.0327 -0.9075 0.4188
vn 0.0156 -0.8889 0.4578
vn 0.0182 -0.9088 0.4169
vn -0.0039 -0.8977 0.4406
vn -0.0039 -0.8977 0.4405
vn -0.0044 -0.9084 0.4180
vn -0.0043 -0.9083 0.4183
vn -0.0043 -0.9083 0.4182
vn -0.0219 -0.8940 0.4475
vn -0.0338 -0.9060 0.4220
vn -0.0337 -0.9059 0.4221
vn -0.0046 -0.9092 0.4162
vn -0.0046 -0.9092 0.4164
vn -0.0046 -0.9092 0.4163
vn -0.0046 -0.9094 0.4160
vn -0.0640 -0.8968 0.4377
vn -0.0542 -0.8950 0.4427
vn -0.0285 -0.8973 0.4404
vn -0.0532 -0.8949 0.4432
vn -0.0532 -0.8948 0.4432
vn -0.0432 -0.8852 0.4631
vn -0.0296 -0.8853 0.4640
vn -0.0296 -0.8853 0.4641
vn -0.0297 -0.8852 0.4642
vn -0.0294 -0.8892 0.4566
vn -0.0450 -0.8893 0.4551
vn -0.0445 -0.8894 0.4550
vn -0.0442 -0.8895 0.4549
vn -0.0447 -0.8893 0.4550
vn 0.1365 -0.9485 0.2857
vn 0.1366 -0.9486 0.2856
vn 0.1537 -0.9292 0.3362
vn 0.1536 -0.9292 0.3362
vn 0.1536 -0.9292 0.3363
vn -0.0443 -0.9057 0.4217
vn -0.0442 -0.9057 0.4217
vn -0.0080 -0.9197 0.3924
vn -0.0081 -0.9197 0.3925
vn -0.0081 -0.9197 0.3926
vn 0.1403 -0.8392 0.5254
vn 0.1404 -0.8392 0.5254
vn 0.1385 -0.7518 0.6446
vn 0.1385 -0.7519 0.6446
vn -0.0177 -0.9596 0.2809
vn -0.0177 -0.9596 0.2810
vn -0.4667 -0.8830 -0.0505
vn -0.4667 -0.8830 -0.0506
vn 0.1852 0.9455 -0.2679
vn 0.1853 0.9455 -0.2679
vn -0.0427 0.8562 -0.5149
vn -0.0553 0.8401 -0.5395
vn -0.0553 0.8401 -0.5396
vn -0.0162 0.8789 -0.4768
vn -0.0161 0.8789 -0.4768
vn 0.0491 0.9060 -0.4204
vn 0.0853 0.9217 -0.3784
vn -0.0121 0.9038 -0.4278
vn -0.0121 0.9039 -0.4276
vn -0.0121 0.9038 -0.4277
vn 0.0317 0.8993 -0.4361
vn 0.0318 0.8993 -0.4361
vn -0.0486 0.8591 -0.5095
vn -0.0644 0.8376 -0.5425
vn -0.0640 0.8377 -0.5424
vn 0.0183 0.9157 -0.4016
vn 0.0183 0.9156 -0.4016
vn 0.0504 0.9074 -0.4173
vn 0.0503 0.9074 -0.4173
vn 0.0107 0.8793 -0.4762
vn 0.0472 0.9064 -0.4198
vn 0.0471 0.9064 -0.4198
vn 0.0878 0.9024 -0.4220
vn -0.0351 0.8465 -0.5313
vn -0.0351 0.8465 -0.5312
vn -0.0109 0.8658 -0.5002
vn 0.0324 0.9051 -0.4239
vn 0.0323 0.9051 -0.4239
vn 0.1225 0.9350 -0.3329
vn 0.1224 0.9350 -0.3329
vn -0.0006 0.8435 -0.5371
vn -0.0005 0.8435 -0.5371
vn 0.0035 0.8740 -0.4860
vn 0.0035 0.8739 -0.4860
vn 0.0322 -0.7418 0.6698
vn 0.0322 -0.7418 0.6699
vn 0.0058 -0.7801 0.6256
vn 0.1853 -0.4762 0.8596
vn 0.1853 -0.4761 0.8596
vn -0.0626 -0.9205 0.3858
vn -0.0373 -0.9190 0.3925
vn -0.0448 -0.8988 0.4361
vn -0.0281 -0.8781 0.4777
vn -0.0282 -0.8781 0.4777
vn -0.0335 -0.8772 0.4790
vn 0.2013 0.9690 -0.1430
vn 0.2013 0.9690 -0.1429
vn 0.0696 0.9256 -0.3721
vn 0.0695 0.9256 -0.3721
vn -0.0493 -0.8995 0.4341
vn -0.0493 -0.8995 0.4340
vn 0.0040 -0.7689 0.6394
vn 0.0040 -0.7689 0.6393
vn 0.0738 -0.8833 0.4629
vn -0.2937 0.6575 0.6938
vn -0.2938 0.6575 0.6938
vn -0.2938 0.6574 0.6939
vn -0.2937 0.6574 0.6939
vn -0.0149 0.8537 -0.5206
vn -0.0304 0.9008 -0.4332
vn -0.0163 0.9097 -0.4149
vn -0.0164 0.9098 -0.4148
vn 0.0061 0.9046 -0.4263
vn 0.0296 0.8812 -0.4718
vn 0.0296 0.8812 -0.4717
vn 0.0101 0.8607 -0.5090
vn 0.0444 0.8919 -0.4501
vn 0.0443 0.8920 -0.4499
vn 0.0127 0.8807 -0.4735
vn 0.0126 0.8808 -0.4734
vn -0.0235 0.8460 -0.5327
vn -0.0725 0.8463 -0.5278
vn -0.0770 0.8437 -0.5312
vn -0.0780 0.8221 -0.5640
vn -0.1762 0.7196 -0.6716
vn -0.1762 0.7196 -0.6717
vn -0.2872 0.2767 -0.9171
vn -0.2872 0.2766 -0.9171
vn 0.0413 -0.8235 0.5658
vn 0.1273 -0.8208 0.5568
vn 0.1334 -0.8348 0.5342
vn 0.1334 -0.8348 0.5341
vn -0.0696 0.8764 -0.4765
vn -0.0142 0.8739 -0.4859
vn -0.0688 0.8717 -0.4852
vn -0.0688 0.8716 -0.4855
vn -0.0688 0.8715 -0.4855
vn -0.0688 0.8716 -0.4854
vn -0.0746 0.8887 -0.4524
vn -0.0745 0.8887 -0.4524
vn 0.0103 0.8949 -0.4461
vn -0.0189 0.8491 -0.5279
vn -0.0045 0.9205 -0.3907
vn -0.0044 0.9205 -0.3907
vn -0.0947 0.8822 -0.4613
vn -0.0947 0.8822 -0.4612
vn -0.0547 0.8756 -0.4798
vn -0.0548 0.8755 -0.4801
vn -0.0548 0.8753 -0.4804
vn -0.0661 0.8824 -0.4658
vn -0.1367 0.8508 -0.5075
vn -0.1367 0.8507 -0.5075
vn 0.1578 -0.8308 0.5338
vn 0.1579 -0.8307 0.5339
vn -0.0693 0.8177 -0.5715
vn 0.2972 -0.8025 0.5174
vn 0.2971 -0.8025 0.5174
vn -0.1179 0.8904 -0.4397
vn -0.0355 0.8803 -0.4731
vn -0.0354 0.8804 -0.4729
vn -0.0354 0.8804 -0.4728
vn -0.0273 0.8777 -0.4785
vn -0.0274 0.8776 -0.4786
vn -0.0033 0.8427 -0.5384
vn -0.0032 0.8427 -0.5384
vn -0.0620 0.8238 -0.5635
vn -0.0620 0.8238 -0.5634
vn 0.0210 -0.8095 0.5867
vn 0.0276 -0.8429 0.5373
vn 0.0277 -0.8430 0.5371
vn 0.0277 -0.8430 0.5372
vn -0.2939 -0.5948 0.7482
vn -0.2938 -0.5948 0.7482
vn -0.2938 -0.5949 0.7482
vn -0.8955 0.3386 0.2889
vn -0.8955 0.3385 0.2889
vn -0.7173 0.5382 0.4426
vn -0.7173 0.5382 0.4425
vn -0.6835 0.6934 -0.2280
vn -0.6835 0.6935 -0.2280
vn -0.8118 -0.3546 0.4640
vn -0.8119 -0.3545 0.4639
vn -0.8118 -0.3545 0.4639
vn -0.4608 -0.7652 0.4495
vn -0.7144 -0.6431 0.2758
vn -0.7145 -0.6430 0.2757
vn -0.7145 -0.6430 0.2758
vn -0.9998 -0.0020 0.0221
vn -0.9998 -0.0019 0.0220
vn -0.5902 -0.7579 0.2780
vn -0.5902 -0.7578 0.2780
vn -0.8349 0.5003 -0.2293
vn -0.8350 0.5003 -0.2293
vt 0.151650 0.324000
vt 0.144230 0.331060
vt 0.151650 0.328770
vt 0.158120 0.326630
vt 0.486600 0.995000
vt 0.479970 0.994430
vt 0.481700 0.988780
vt 0.494030 0.987940
vt 0.164850 0.325020
vt 0.158280 0.324570
vt 0.466860 0.994580
vt 0.463260 0.991810
vt 0.470580 0.989030
vt 0.472620 0.994000
vt 0.325110 0.827990
vt 0.328000 0.822880
vt 0.333130 0.817600
vt 0.329040 0.822730
vt 0.520590 0.621720
vt 0.508300 0.635370
vt 0.502210 0.632930
vt 0.511310 0.617540
vt 0.522460 0.613620
vt 0.529940 0.614960
vt 0.531380 0.620990
vt 0.536570 0.628950
vt 0.528280 0.631240
vt 0.516790 0.635470
vt 0.515300 0.611200
vt 0.034140 0.488220
vt 0.026070 0.485320
vt 0.021960 0.504070
vt 0.035140 0.501690
vt 0.043080 0.478570
vt 0.033000 0.467570
vt 0.049790 0.494030
vt 0.114040 0.693780
vt 0.110510 0.701610
vt 0.118000 0.705000
vt 0.122950 0.698590
vt 0.108220 0.688200
vt 0.100640 0.691420
vt 0.103380 0.697590
vt 0.103160 0.704810
vt 0.133880 0.684150
vt 0.128190 0.681100
vt 0.121040 0.680370
vt 0.596490 0.831820
vt 0.587790 0.842910
vt 0.578340 0.829720
vt 0.592870 0.819690
vt 0.606780 0.833720
vt 0.600160 0.852660
vt 0.610460 0.814630
vt 0.118880 0.536240
vt 0.118590 0.521650
vt 0.102600 0.528850
vt 0.108530 0.546030
vt 0.120010 0.561620
vt 0.130550 0.542950
vt 0.136200 0.521810
vt 0.522180 0.803960
vt 0.531000 0.793600
vt 0.541430 0.808190
vt 0.526730 0.818050
vt 0.509460 0.825140
vt 0.509490 0.803420
vt 0.516870 0.785070
vt 0.499170 0.779490
vt 0.511530 0.758820
vt 0.529180 0.768900
vt 0.490700 0.802840
vt 0.544080 0.781390
vt 0.545180 0.754150
vt 0.560430 0.770890
vt 0.556640 0.797730
vt 0.573640 0.787380
vt 0.579190 0.760390
vt 0.592370 0.777730
vt 0.585240 0.803360
vt 0.567730 0.814080
vt 0.603190 0.795490
vt 0.602030 0.773270
vt 0.611710 0.792550
vt 0.618270 0.813640
vt 0.616910 0.790860
vt 0.623680 0.813020
vt 0.617810 0.836380
vt 0.623290 0.837710
vt 0.628660 0.812480
vt 0.628260 0.838830
vt 0.611420 0.860480
vt 0.606510 0.857280
vt 0.615860 0.863250
vt 0.599360 0.881120
vt 0.594980 0.877510
vt 0.620020 0.865980
vt 0.603490 0.884450
vt 0.633020 0.839860
vt 0.005230 0.479140
vt 0.005000 0.507030
vt 0.005910 0.506760
vt 0.006760 0.479580
vt 0.633260 0.811970
vt 0.020100 0.455260
vt 0.018230 0.453020
vt 0.037430 0.438300
vt 0.034760 0.434550
vt 0.023630 0.458680
vt 0.040770 0.442740
vt 0.011500 0.480830
vt 0.010520 0.506020
vt 0.015860 0.505180
vt 0.016460 0.482200
vt 0.027780 0.462540
vt 0.044520 0.447760
vt 0.049150 0.454150
vt 0.056590 0.465190
vt 0.068220 0.441150
vt 0.063760 0.433710
vt 0.075940 0.454650
vt 0.066460 0.483130
vt 0.084990 0.472480
vt 0.097200 0.444660
vt 0.088180 0.429360
vt 0.106640 0.463400
vt 0.092500 0.491330
vt 0.114090 0.482130
vt 0.130590 0.452820
vt 0.120710 0.434110
vt 0.138610 0.472550
vt 0.117500 0.502640
vt 0.139110 0.498050
vt 0.158370 0.473030
vt 0.151910 0.448980
vt 0.157740 0.501600
vt 0.154160 0.527770
vt 0.177180 0.505820
vt 0.178580 0.475790
vt 0.173050 0.534430
vt 0.147760 0.552680
vt 0.166090 0.562350
vt 0.190130 0.540730
vt 0.195230 0.510070
vt 0.181160 0.570400
vt 0.153330 0.589030
vt 0.168670 0.599470
vt 0.189200 0.574770
vt 0.197940 0.543740
vt 0.174620 0.603530
vt 0.150500 0.625080
vt 0.158600 0.631460
vt 0.178820 0.606410
vt 0.193000 0.576870
vt 0.162730 0.634680
vt 0.140430 0.657020
vt 0.145050 0.660560
vt 0.166140 0.637190
vt 0.182390 0.608890
vt 0.149040 0.663300
vt 0.152010 0.663250
vt 0.167930 0.637540
vt 0.136530 0.690710
vt 0.128390 0.703020
vt 0.138560 0.692290
vt 0.152480 0.663970
vt 0.131420 0.704260
vt 0.124720 0.707620
vt 0.129170 0.708430
vt 0.506830 0.614740
vt 0.499700 0.626710
vt 0.509090 0.610570
vt 0.115480 0.707570
vt 0.121240 0.709280
vt 0.109090 0.705770
vt 0.108370 0.708240
vt 0.114790 0.709360
vt 0.119110 0.709680
vt 0.103900 0.707490
vt 0.104670 0.708360
vt 0.523260 0.611080
vt 0.529790 0.612210
vt 0.517600 0.609730
vt 0.534880 0.610430
vt 0.536640 0.611600
vt 0.537760 0.616540
vt 0.542150 0.610940
vt 0.539690 0.617910
vt 0.098570 0.701090
vt 0.096110 0.708060
vt 0.542610 0.628600
vt 0.541900 0.628460
vt 0.095640 0.690400
vt 0.172040 0.992260
vt 0.156350 0.995000
vt 0.156830 0.994330
vt 0.172400 0.991560
vt 0.093820 0.677000
vt 0.088980 0.676000
vt 0.100160 0.672980
vt 0.082850 0.651870
vt 0.079320 0.652690
vt 0.087980 0.648630
vt 0.109980 0.666360
vt 0.095760 0.643670
vt 0.077830 0.625260
vt 0.072640 0.628420
vt 0.085150 0.620740
vt 0.114310 0.631420
vt 0.099190 0.612450
vt 0.071760 0.600370
vt 0.065870 0.604130
vt 0.086630 0.591290
vt 0.119190 0.600150
vt 0.105000 0.579600
vt 0.076260 0.570130
vt 0.060450 0.579820
vt 0.093730 0.558580
vt 0.085930 0.539320
vt 0.067810 0.549820
vt 0.079950 0.520710
vt 0.060870 0.530990
vt 0.098130 0.510530
vt 0.074390 0.502530
vt 0.055400 0.513050
vt 0.036030 0.520960
vt 0.042670 0.540320
vt 0.026420 0.524780
vt 0.034600 0.544730
vt 0.020910 0.527090
vt 0.029940 0.547420
vt 0.016400 0.529080
vt 0.026060 0.549900
vt 0.012400 0.530890
vt 0.022530 0.552350
vt 0.333860 0.857500
vt 0.327980 0.834440
vt 0.323370 0.835180
vt 0.329860 0.859300
vt 0.625850 0.788110
vt 0.625660 0.787960
vt 0.614610 0.767090
vt 0.615720 0.766650
vt 0.266410 0.890470
vt 0.259920 0.866340
vt 0.259000 0.866600
vt 0.266590 0.890620
vt 0.621430 0.789380
vt 0.610870 0.769120
vt 0.606760 0.771130
vt 0.595280 0.752400
vt 0.599220 0.750640
vt 0.590350 0.754740
vt 0.578670 0.735490
vt 0.585050 0.732460
vt 0.563740 0.743250
vt 0.545250 0.727560
vt 0.564110 0.716570
vt 0.527310 0.741330
vt 0.508020 0.730080
vt 0.525880 0.712930
vt 0.491800 0.751150
vt 0.470220 0.744660
vt 0.488610 0.721180
vt 0.478610 0.774960
vt 0.458710 0.772800
vt 0.471500 0.803210
vt 0.451580 0.803240
vt 0.468340 0.833380
vt 0.447880 0.835250
vt 0.488240 0.831360
vt 0.491840 0.859970
vt 0.470150 0.863440
vt 0.514320 0.848550
vt 0.524820 0.867480
vt 0.501150 0.880220
vt 0.534490 0.836710
vt 0.545330 0.854920
vt 0.551590 0.825070
vt 0.562740 0.842020
vt 0.575240 0.857820
vt 0.557230 0.871000
vt 0.584330 0.867630
vt 0.566720 0.882240
vt 0.590200 0.873240
vt 0.572270 0.888450
vt 0.576580 0.893180
vt 0.557330 0.907980
vt 0.552790 0.903350
vt 0.580550 0.897320
vt 0.561710 0.912070
vt 0.583980 0.900680
vt 0.565250 0.914640
vt 0.054270 0.418320
vt 0.057140 0.422970
vt 0.075900 0.409410
vt 0.073010 0.404360
vt 0.060260 0.427970
vt 0.079030 0.414660
vt 0.082640 0.420470
vt 0.102260 0.406280
vt 0.097080 0.399630
vt 0.110100 0.417220
vt 0.134020 0.403380
vt 0.124320 0.388110
vt 0.143310 0.425910
vt 0.163930 0.420580
vt 0.152750 0.397040
vt 0.173140 0.447030
vt 0.195330 0.446020
vt 0.181770 0.417740
vt 0.197540 0.478300
vt 0.206930 0.479760
vt 0.204340 0.446360
vt 0.203670 0.512280
vt 0.208040 0.513540
vt 0.211410 0.480610
vt 0.202030 0.545370
vt 0.205280 0.546670
vt 0.211380 0.514580
vt 0.022720 0.674570
vt 0.013690 0.706060
vt 0.017220 0.707940
vt 0.025970 0.675870
vt 0.196530 0.578750
vt 0.198390 0.608310
vt 0.198110 0.608780
vt 0.207760 0.577050
vt 0.207130 0.576240
vt 0.403400 0.817550
vt 0.412320 0.785440
vt 0.413340 0.785510
vt 0.403500 0.817020
vt 0.183200 0.609490
vt 0.203930 0.672950
vt 0.203550 0.673670
vt 0.233740 0.672100
vt 0.234210 0.671510
vt 0.175890 0.674180
vt 0.175490 0.674890
vt 0.167910 0.637930
vt 0.470340 0.681070
vt 0.472590 0.680820
vt 0.456340 0.708670
vt 0.455220 0.709130
vt 0.485770 0.655030
vt 0.488700 0.654070
vt 0.493210 0.656150
vt 0.476450 0.682600
vt 0.499760 0.662490
vt 0.480750 0.684600
vt 0.510130 0.671190
vt 0.491650 0.691750
vt 0.527030 0.653930
vt 0.539160 0.642080
vt 0.540940 0.673310
vt 0.525480 0.684510
vt 0.551280 0.667570
vt 0.544650 0.639970
vt 0.557010 0.665010
vt 0.563330 0.690190
vt 0.557120 0.692930
vt 0.568310 0.688160
vt 0.559840 0.665490
vt 0.572910 0.686440
vt 0.579930 0.708760
vt 0.575530 0.711020
vt 0.584110 0.706530
vt 0.054140 0.612470
vt 0.065340 0.632560
vt 0.068190 0.630960
vt 0.057690 0.609820
vt 0.596100 0.727900
vt 0.592910 0.729080
vt 0.045860 0.588970
vt 0.042150 0.591100
vt 0.061610 0.607010
vt 0.049650 0.586650
vt 0.036680 0.568620
vt 0.033220 0.570710
vt 0.040180 0.566420
vt 0.053840 0.584020
vt 0.044000 0.563950
vt 0.051300 0.559410
vt 0.605030 0.748290
vt 0.602990 0.749020
vt 0.588900 0.730760
vt 0.570610 0.713440
vt 0.543760 0.699990
vt 0.507330 0.700950
vt 0.470450 0.713460
vt 0.464240 0.711380
vt 0.458580 0.742070
vt 0.452010 0.740710
vt 0.446030 0.771470
vt 0.440280 0.770990
vt 0.438480 0.803100
vt 0.433030 0.803050
vt 0.434810 0.835970
vt 0.428870 0.836210
vt 0.435490 0.869540
vt 0.429280 0.870340
vt 0.448490 0.867460
vt 0.456050 0.897140
vt 0.438360 0.902480
vt 0.477050 0.890830
vt 0.489070 0.912470
vt 0.468100 0.921990
vt 0.512970 0.897540
vt 0.524950 0.911800
vt 0.499690 0.927710
vt 0.536760 0.884730
vt 0.546830 0.896940
vt 0.533440 0.919830
vt 0.509950 0.939920
vt 0.539800 0.924630
vt 0.517390 0.947450
vt 0.543390 0.930540
vt 0.522280 0.955910
vt 0.546350 0.930520
vt 0.528010 0.951730
vt 0.091900 0.388480
vt 0.092370 0.394090
vt 0.111000 0.373180
vt 0.110240 0.367270
vt 0.116990 0.377890
vt 0.126050 0.356120
vt 0.127360 0.346170
vt 0.132190 0.361580
vt 0.142110 0.375020
vt 0.138430 0.357160
vt 0.135600 0.347900
vt 0.153780 0.372650
vt 0.169670 0.390610
vt 0.166290 0.369030
vt 0.152750 0.353400
vt 0.181550 0.389910
vt 0.194250 0.416280
vt 0.192350 0.387720
vt 0.177520 0.366060
vt 0.203520 0.415200
vt 0.209900 0.446650
vt 0.212840 0.412980
vt 0.201670 0.385700
vt 0.214610 0.446940
vt 0.215170 0.481350
vt 0.219020 0.447220
vt 0.217100 0.412640
vt 0.218630 0.482040
vt 0.212800 0.515040
vt 0.220460 0.482580
vt 0.222670 0.447510
vt 0.213490 0.515580
vt 0.205910 0.547480
vt 0.206090 0.548040
vt 0.424760 0.803420
vt 0.425920 0.802900
vt 0.421250 0.836380
vt 0.417800 0.836420
vt 0.432160 0.770960
vt 0.432730 0.770590
vt 0.442220 0.739310
vt 0.443180 0.738960
vt 0.436100 0.770750
vt 0.429170 0.803000
vt 0.447300 0.739780
vt 0.460120 0.710000
vt 0.424790 0.836330
vt 0.424310 0.870830
vt 0.419810 0.871170
vt 0.426050 0.905230
vt 0.421740 0.905960
vt 0.430870 0.904310
vt 0.438320 0.933090
vt 0.432400 0.935270
vt 0.450410 0.928640
vt 0.462880 0.949240
vt 0.449660 0.954490
vt 0.479340 0.941050
vt 0.488010 0.957430
vt 0.473230 0.965990
vt 0.495370 0.969150
vt 0.479020 0.976420
vt 0.465970 0.980180
vt 0.458810 0.970090
vt 0.458080 0.984760
vt 0.450160 0.973210
vt 0.457800 0.987690
vt 0.446790 0.975710
vt 0.180450 0.331310
vt 0.175620 0.332370
vt 0.189410 0.343910
vt 0.191460 0.343290
vt 0.171390 0.324420
vt 0.168820 0.334540
vt 0.182430 0.345950
vt 0.161160 0.336630
vt 0.173310 0.348030
vt 0.153420 0.338640
vt 0.161770 0.349310
vt 0.147360 0.330150
vt 0.145360 0.339980
vt 0.141900 0.333350
vt 0.134080 0.341300
vt 0.187920 0.363870
vt 0.196830 0.361670
vt 0.210180 0.381670
vt 0.214420 0.380980
vt 0.201740 0.360480
vt 0.220560 0.412380
vt 0.417690 0.906620
vt 0.427950 0.936660
vt 0.423840 0.938020
vt 0.415580 0.871490
vt 0.283170 0.850050
vt 0.259000 0.856300
vt 0.260930 0.857560
vt 0.282040 0.845900
vt 0.333810 0.936220
vt 0.338260 0.934820
vt 0.346770 0.957720
vt 0.340830 0.960210
vt 0.440900 0.958160
vt 0.434970 0.960650
vt 0.203280 0.358350
vt 0.265390 0.671540
vt 0.265940 0.670890
vt 0.078420 0.653510
vt 0.088920 0.676630
vt 0.549330 0.642370
vt 0.135650 0.613490
vt 0.136360 0.577620
vt 0.130160 0.647750
vt 0.100580 0.708760
vt 0.513780 0.609440
vt 0.510900 0.972830
vt 0.274660 0.721400
vt 0.278570 0.719070
vt 0.278160 0.724530
vt 0.278620 0.728820
vt 0.277200 0.704530
vt 0.277640 0.711260
vt 0.124470 0.709560
vt 0.529880 0.610760
vt 0.533590 0.610640
vt 0.523470 0.609640
vt 0.519140 0.609320
vt 0.038210 0.959940
vt 0.036110 0.960210
vt 0.032830 0.958240
vt 0.036510 0.958630
vt 0.537670 0.610240
vt 0.103380 0.708570
s 1
usemtl BLy_Orange.002
f 3206/483/708 3162/484/708 3182/485/708
f 3206/483/708 3182/485/708 3188/486/708
f 3208/487/709 3201/488/709 3172/489/710
f 3208/487/709 3172/489/710 3165/490/710
f 3207/483/711 3189/486/712 3191/491/712
f 3207/483/711 3191/491/712 3198/492/713
f 3202/493/714 3184/494/715 3176/495/715
f 3202/493/714 3176/495/715 3195/496/715
f 3203/497/716 3196/498/716 3199/499/716
f 3203/497/716 3199/499/716 3192/500/717
f 1521/501/718 1571/502/718 1565/503/718
f 1521/501/718 1565/503/718 1503/504/718
f 1524/501/719 1471/505/720 1485/506/719
f 1524/501/719 1485/506/719 1513/507/720
f 1525/501/721 1514/507/721 1553/508/721
f 1525/501/721 1553/508/721 1562/509/721
f 1522/501/722 1559/509/722 1576/510/722
f 1522/501/722 1576/510/722 1572/502/722
f 1523/501/723 1504/504/724 1443/511/724
f 1523/501/723 1443/511/724 1470/505/724
f 3197/496/725 3179/495/726 3171/489/725
f 3197/496/725 3171/489/725 3200/488/725
f 2435/512/727 2449/513/727 2383/514/728
f 2435/512/727 2383/514/728 2396/515/729
f 2433/512/730 2537/516/730 2573/517/731
f 2433/512/730 2573/517/731 2447/513/730
f 2434/512/732 2394/515/733 2416/518/734
f 2434/512/732 2416/518/734 2538/516/733
f 1526/519/735 1498/520/735 1476/521/736
f 1526/519/735 1476/521/736 1511/522/735
f 1530/519/737 1556/523/737 1536/524/738
f 1530/519/737 1536/524/738 1519/525/737
f 1528/519/739 1517/525/739 1479/526/739
f 1528/519/739 1479/526/739 1500/520/739
f 1527/519/740 1512/522/740 1569/527/740
f 1527/519/740 1569/527/740 1579/528/740
f 1529/519/741 1582/528/741 1585/529/741
f 1529/519/741 1585/529/741 1555/523/741
f 2440/530/742 2547/531/743 2429/532/744
f 2440/530/742 2429/532/744 2405/533/745
f 2441/530/746 2452/534/746 2576/535/746
f 2441/530/746 2576/535/746 2548/531/746
f 2442/530/747 2408/533/747 2379/536/747
f 2442/530/747 2379/536/747 2453/534/747
f 2180/537/748 2253/538/749 2216/539/750
f 2180/537/748 2216/539/750 2127/540/749
f 2181/537/751 2129/540/751 2035/541/752
f 2181/537/751 2035/541/752 2153/542/751
f 2179/537/753 2151/542/754 2248/543/755
f 2179/537/753 2248/543/755 2252/538/755
f 2311/544/756 2234/545/756 2331/546/757
f 2311/544/756 2331/546/757 2404/547/756
f 2310/544/758 2403/547/759 2423/548/760
f 2310/544/758 2423/548/760 2298/549/761
f 2312/544/762 2301/549/763 2187/550/764
f 2312/544/762 2187/550/764 2235/545/763
f 2189/550/765 2169/551/766 2039/552/767
f 2189/550/765 2039/552/767 2068/553/767
f 2186/550/768 2300/549/769 2268/554/770
f 2186/550/768 2268/554/770 2167/551/771
f 2188/550/772 2067/553/772 2176/555/772
f 2188/550/772 2176/555/772 2237/545/773
f 2178/555/774 2069/553/775 2019/556/774
f 2178/555/774 2019/556/774 2092/557/776
f 2175/555/777 2256/558/777 2332/546/778
f 2175/555/777 2332/546/778 2236/545/777
f 2177/555/779 2091/557/780 2191/559/781
f 2177/555/779 2191/559/781 2257/558/780
f 2193/559/782 2093/557/783 2048/560/783
f 2193/559/782 2048/560/783 2158/561/783
f 2190/559/784 2295/562/785 2375/563/786
f 2190/559/784 2375/563/786 2255/558/785
f 2192/559/787 2157/561/787 2245/564/788
f 2192/559/787 2245/564/788 2297/562/787
f 2242/564/789 2155/561/789 2132/565/789
f 2242/564/789 2132/565/789 2232/566/789
f 2244/564/790 2378/536/791 2407/533/792
f 2244/564/790 2407/533/792 2296/562/791
f 2243/564/793 2233/566/793 2366/567/794
f 2243/564/793 2366/567/794 2377/536/794
f 2365/567/795 2231/566/796 2221/568/796
f 2365/567/795 2221/568/796 2358/569/796
f 2368/567/797 2482/570/797 2454/534/798
f 2368/567/797 2454/534/798 2380/536/797
f 2367/567/799 2360/569/799 2510/571/799
f 2367/567/799 2510/571/799 2481/570/799
f 2508/571/800 2359/569/800 2352/572/800
f 2508/571/800 2352/572/800 2520/573/800
f 2507/571/801 2612/574/802 2596/575/801
f 2507/571/801 2596/575/801 2480/570/801
f 2509/571/803 2521/573/803 2617/576/803
f 2509/571/803 2617/576/803 2613/574/803
f 2615/576/804 2739/577/804 2723/578/804
f 2615/576/804 2723/578/804 2611/574/804
f 2616/576/805 2635/579/806 2748/580/806
f 2616/576/805 2748/580/806 2741/577/805
f 2618/576/807 2522/573/807 2533/581/807
f 2618/576/807 2533/581/807 2638/579/807
f 2534/582/808 2343/583/809 2346/584/809
f 2534/582/808 2346/584/809 2528/585/808
f 2532/581/810 2519/573/810 2351/572/810
f 2532/581/810 2351/572/810 2342/586/810
f 2531/582/811 2527/585/812 2624/587/811
f 2531/582/811 2624/587/811 2636/588/811
f 2625/587/813 2737/589/813 2750/590/813
f 2625/587/813 2750/590/813 2637/588/813
f 2623/587/814 2607/591/814 2719/592/814
f 2623/587/814 2719/592/814 2735/589/814
f 2626/587/815 2530/585/816 2514/593/815
f 2626/587/815 2514/593/815 2610/591/817
f 2512/593/818 2356/594/819 2371/595/818
f 2512/593/818 2371/595/818 2492/596/818
f 2511/593/820 2529/585/820 2347/584/820
f 2511/593/820 2347/584/820 2355/594/820
f 2513/593/821 2493/596/821 2594/597/821
f 2513/593/821 2594/597/821 2609/591/821
f 2592/597/822 2681/598/822 2720/592/822
f 2592/597/822 2720/592/822 2608/591/822
f 2591/597/823 2572/517/823 2632/599/823
f 2591/597/823 2632/599/823 2679/598/823
f 2593/597/824 2491/596/825 2448/513/825
f 2593/597/824 2448/513/825 2574/517/826
f 2631/599/827 2571/517/827 2535/516/827
f 2631/599/827 2535/516/827 2579/600/827
f 2633/599/828 2729/601/829 2761/602/828
f 2633/599/828 2761/602/828 2680/598/828
f 2634/599/830 2582/600/830 2630/603/831
f 2634/599/830 2630/603/831 2730/601/830
f 2629/603/832 2581/600/833 2462/604/833
f 2629/603/832 2462/604/833 2566/605/833
f 2628/603/834 2717/606/834 2767/607/834
f 2628/603/834 2767/607/834 2727/601/834
f 2627/603/835 2563/605/836 2587/608/837
f 2627/603/835 2587/608/837 2715/606/835
f 2589/608/838 2564/605/838 2425/609/839
f 2589/608/838 2425/609/839 2495/610/838
f 2588/608/840 2639/611/841 2755/612/841
f 2588/608/840 2755/612/841 2716/606/841
f 2590/608/842 2496/610/842 2559/613/842
f 2590/608/842 2559/613/842 2641/611/842
f 2561/613/843 2497/610/843 2385/614/844
f 2561/613/843 2385/614/844 2409/615/843
f 2560/613/845 2555/616/846 2661/617/845
f 2560/613/845 2661/617/845 2642/611/847
f 2562/613/848 2410/615/849 2397/618/849
f 2562/613/848 2397/618/849 2557/616/850
f 2399/618/851 2412/615/852 2247/543/853
f 2399/618/851 2247/543/853 2222/619/853
f 2398/618/854 2361/620/855 2553/621/854
f 2398/618/854 2553/621/854 2558/616/856
f 2400/618/857 2223/619/858 2182/622/859
f 2400/618/857 2182/622/859 2363/620/858
f 2184/622/860 2225/619/860 2056/623/861
f 2184/622/860 2056/623/861 2031/624/860
f 2183/622/862 2159/625/863 2339/626/864
f 2183/622/862 2339/626/864 2364/620/864
f 2185/622/865 2032/624/865 1987/627/866
f 2185/622/865 1987/627/866 2161/625/865
f 1989/627/867 2034/624/868 1894/628/869
f 1989/627/867 1894/628/869 1868/629/868
f 1988/627/870 1976/630/870 2150/631/870
f 1988/627/870 2150/631/870 2162/625/871
f 1990/627/872 1869/629/873 1851/632/874
f 1990/627/872 1851/632/874 1977/630/875
f 1853/632/876 1870/629/876 1766/633/876
f 1853/632/876 1766/633/876 1729/634/876
f 1852/632/877 1832/635/877 1970/636/878
f 1852/632/877 1970/636/878 1978/630/877
f 1854/632/879 1730/634/880 1714/637/880
f 1854/632/879 1714/637/880 1834/635/880
f 1712/637/881 1728/634/881 1644/638/881
f 1712/637/881 1644/638/881 1640/639/881
f 1713/637/882 1706/640/882 1817/641/883
f 1713/637/882 1817/641/883 1833/635/882
f 1711/637/884 1639/639/884 1628/642/884
f 1711/637/884 1628/642/884 1704/640/885
f 1630/642/886 1642/639/886 1581/528/887
f 1630/642/886 1581/528/887 1570/527/887
f 1627/642/888 1631/643/888 1699/644/888
f 1627/642/888 1699/644/888 1703/640/888
f 1629/642/889 1568/527/889 1540/645/890
f 1629/642/889 1540/645/890 1632/643/891
f 1539/645/892 1567/527/892 1510/522/893
f 1539/645/892 1510/522/893 1490/646/892
f 1542/645/894 1534/647/895 1625/648/894
f 1542/645/894 1625/648/894 1633/643/894
f 1541/645/896 1491/646/896 1483/649/896
f 1541/645/896 1483/649/896 1533/647/896
f 1484/649/897 1492/646/897 1447/650/898
f 1484/649/897 1447/650/898 1424/651/897
f 1481/652/899 1501/504/899 1563/503/899
f 1481/652/899 1563/503/899 1531/653/899
f 1482/652/900 1422/654/901 1441/511/902
f 1482/652/900 1441/511/902 1502/504/901
f 1446/650/903 1474/521/903 1449/655/903
f 1446/650/903 1449/655/903 1407/656/903
f 1445/650/904 1489/646/905 1509/522/906
f 1445/650/904 1509/522/906 1473/521/904
f 1452/655/907 1468/657/907 1430/658/907
f 1452/655/907 1430/658/907 1404/659/907
f 1450/655/908 1475/521/908 1497/520/908
f 1450/655/908 1497/520/908 1465/657/908
f 1451/655/909 1403/659/909 1397/660/909
f 1451/655/909 1397/660/909 1408/656/910
f 1467/657/911 1455/661/911 1426/662/912
f 1467/657/911 1426/662/912 1429/658/911
f 1466/657/913 1499/520/913 1478/526/914
f 1466/657/913 1478/526/914 1454/661/913
f 1438/663/915 1461/664/916 1486/506/916
f 1438/663/915 1486/506/916 1472/505/917
f 1437/663/918 1469/505/919 1442/511/920
f 1437/663/918 1442/511/920 1411/665/919
f 1462/664/921 1418/666/921 1458/667/921
f 1462/664/921 1458/667/921 1488/506/921
f 1457/667/922 1494/668/923 1516/507/924
f 1457/667/922 1516/507/924 1487/506/922
f 1459/667/925 1433/669/925 1505/670/925
f 1459/667/925 1505/670/925 1495/668/925
f 1508/671/926 1435/672/927 1480/526/928
f 1508/671/926 1480/526/928 1520/525/927
f 1506/670/929 1547/673/929 1545/674/929
f 1506/670/929 1545/674/929 1496/668/929
f 1507/671/930 1518/525/931 1535/524/930
f 1507/671/930 1535/524/930 1548/675/931
f 1550/676/932 1606/677/933 1602/678/932
f 1550/676/932 1602/678/932 1546/679/932
f 1549/675/934 1537/524/935 1593/680/934
f 1549/675/934 1593/680/934 1604/681/934
f 1594/680/936 1538/524/936 1557/523/936
f 1594/680/936 1557/523/936 1609/682/936
f 1591/680/937 1663/683/938 1659/684/938
f 1591/680/937 1659/684/938 1603/681/938
f 1592/680/939 1608/682/940 1673/685/940
f 1592/680/939 1673/685/940 1664/683/940
f 1672/685/941 1607/682/942 1612/686/943
f 1672/685/941 1612/686/943 1690/687/941
f 1674/685/944 1760/688/944 1747/689/944
f 1674/685/944 1747/689/944 1665/683/944
f 1671/685/945 1689/687/945 1768/690/946
f 1671/685/945 1768/690/946 1759/688/946
f 1767/690/947 1688/687/948 1734/691/949
f 1767/690/947 1734/691/949 1788/692/950
f 1769/690/951 1859/693/952 1848/694/953
f 1769/690/951 1848/694/953 1761/688/954
f 1770/690/955 1790/692/955 1881/695/955
f 1770/690/955 1881/695/955 1860/693/955
f 1880/695/956 1789/692/956 1864/696/956
f 1880/695/956 1864/696/956 1937/697/957
f 1882/695/958 1994/698/958 1930/699/959
f 1882/695/958 1930/699/959 1862/693/958
f 1879/695/960 1936/697/961 2054/700/962
f 1879/695/960 2054/700/962 1993/698/962
f 2052/700/963 1935/697/964 2037/541/963
f 2052/700/963 2037/541/963 2130/540/965
f 2053/700/966 2174/701/967 2080/702/966
f 2053/700/966 2080/702/966 1991/698/966
f 2051/700/968 2128/540/969 2217/539/970
f 2051/700/968 2217/539/970 2172/701/969
f 2173/701/971 2265/703/971 2200/704/972
f 2173/701/971 2200/704/972 2079/702/972
f 2171/701/973 2215/539/973 2336/705/973
f 2171/701/973 2336/705/973 2264/703/974
f 2334/705/975 2428/609/976 2391/706/977
f 2334/705/975 2391/706/977 2262/703/976
f 2333/705/978 2386/614/979 2498/610/980
f 2333/705/978 2498/610/980 2427/609/979
f 2335/705/981 2214/539/982 2251/538/981
f 2335/705/981 2251/538/981 2388/614/982
f 2392/706/983 2323/707/984 2198/704/985
f 2392/706/983 2198/704/985 2263/703/984
f 2389/706/986 2460/604/987 2414/518/987
f 2389/706/986 2414/518/987 2321/707/987
f 2390/706/988 2426/609/989 2565/605/990
f 2390/706/988 2565/605/990 2461/604/989
f 2324/707/991 2261/708/992 2164/709/993
f 2324/707/991 2164/709/993 2199/704/992
f 2322/707/994 2415/518/995 2393/515/996
f 2322/707/994 2393/515/996 2258/708/997
f 2259/708/998 2240/710/999 2140/711/999
f 2259/708/998 2140/711/999 2163/709/999
f 2260/708/1000 2395/515/1000 2382/514/1000
f 2260/708/1000 2382/514/1000 2241/710/1000
f 2238/710/1001 2228/712/1001 2116/713/1001
f 2238/710/1001 2116/713/1001 2139/711/1001
f 2239/710/1002 2381/514/1003 2370/595/1004
f 2239/710/1002 2370/595/1004 2229/712/1005
f 2227/712/1006 2212/714/1006 2071/715/1006
f 2227/712/1006 2071/715/1006 2115/713/1006
f 2226/712/1007 2369/595/1008 2354/594/1009
f 2226/712/1007 2354/594/1009 2211/714/1008
f 2213/714/1010 2203/716/1010 2059/717/1010
f 2213/714/1010 2059/717/1010 2072/715/1010
f 2210/718/1011 2353/719/1011 2345/720/1011
f 2210/718/1011 2345/720/1011 2202/721/1011
f 2205/722/1012 2197/723/1012 2066/724/1013
f 2205/722/1012 2066/724/1013 2062/725/1012
f 2204/726/1014 2348/727/1014 2344/728/1015
f 2204/726/1014 2344/728/1015 2196/729/1014
f 2194/723/1016 2206/730/1016 2075/731/1016
f 2194/723/1016 2075/731/1016 2063/724/1016
f 2195/723/1017 2341/586/1018 2349/572/1019
f 2195/723/1017 2349/572/1019 2207/730/1017
f 2208/730/1020 2218/568/1020 2103/732/1020
f 2208/730/1020 2103/732/1020 2076/731/1020
f 2209/730/1021 2350/572/1022 2357/569/1021
f 2209/730/1021 2357/569/1021 2219/568/1021
f 2105/732/1023 2011/733/1024 2004/734/1025
f 2105/732/1023 2004/734/1025 2078/731/1026
f 2106/732/1027 2133/565/1028 2023/735/1028
f 2106/732/1027 2023/735/1028 2012/733/1027
f 2104/732/1029 2220/568/1030 2230/566/1030
f 2104/732/1029 2230/566/1030 2131/565/1031
f 2025/735/1032 1919/736/1033 1912/737/1034
f 2025/735/1032 1912/737/1034 2014/733/1035
f 2026/735/1036 2049/560/1036 1971/738/1037
f 2026/735/1036 1971/738/1037 1920/736/1036
f 2024/735/1038 2134/565/1039 2156/561/1039
f 2024/735/1038 2156/561/1039 2047/560/1038
f 1974/738/1040 1878/739/1040 1858/740/1041
f 1974/738/1040 1858/740/1041 1922/736/1040
f 1973/738/1042 2022/556/1043 1958/741/1043
f 1973/738/1042 1958/741/1043 1877/739/1043
f 1972/738/1044 2050/560/1044 2094/557/1045
f 1972/738/1044 2094/557/1045 2021/556/1045
f 1956/741/1046 1900/742/1047 1838/743/1048
f 1956/741/1046 1838/743/1048 1876/739/1049
f 1957/741/1050 2042/552/1051 2009/744/1052
f 1957/741/1050 2009/744/1052 1901/742/1053
f 1955/741/1054 2020/556/1055 2070/553/1054
f 1955/741/1054 2070/553/1054 2041/552/1055
f 2010/744/1056 1981/745/1057 1873/746/1058
f 2010/744/1056 1873/746/1058 1902/742/1057
f 2008/744/1059 2146/747/1060 2125/748/1060
f 2008/744/1059 2125/748/1060 1979/745/1059
f 2007/744/1061 2040/552/1062 2170/551/1061
f 2007/744/1061 2170/551/1061 2145/747/1062
f 2144/747/1063 2289/749/1064 2292/750/1064
f 2144/747/1063 2292/750/1064 2123/748/1064
f 2143/747/1065 2168/551/1065 2269/554/1065
f 2143/747/1065 2269/554/1065 2288/749/1065
f 2287/749/1066 2446/751/1067 2457/752/1068
f 2287/749/1066 2457/752/1068 2290/750/1067
f 2286/749/1069 2267/554/1069 2439/753/1070
f 2286/749/1069 2439/753/1070 2445/751/1071
f 2437/753/1072 2604/754/1073 2619/755/1073
f 2437/753/1072 2619/755/1073 2443/751/1074
f 2436/753/1075 2421/548/1075 2567/756/1076
f 2436/753/1075 2567/756/1076 2603/754/1077
f 2438/753/1078 2266/554/1078 2299/549/1079
f 2438/753/1078 2299/549/1079 2424/548/1080
f 2570/756/1081 2648/757/1081 2732/758/1082
f 2570/756/1081 2732/758/1082 2606/754/1081
f 2569/756/1083 2490/759/1084 2585/760/1085
f 2569/756/1083 2585/760/1085 2647/757/1086
f 2568/756/1087 2422/548/1088 2401/547/1089
f 2568/756/1087 2401/547/1089 2488/759/1088
f 2487/759/1090 2417/761/1090 2543/762/1091
f 2487/759/1090 2543/762/1091 2583/760/1090
f 2489/759/1092 2402/547/1092 2330/546/1093
f 2489/759/1092 2330/546/1093 2419/761/1092
f 2420/761/1094 2376/563/1095 2431/532/1096
f 2420/761/1094 2431/532/1096 2545/762/1095
f 2418/761/1097 2329/546/1098 2254/558/1099
f 2418/761/1097 2254/558/1099 2373/563/1097
f 2544/762/1100 2599/763/1100 2671/764/1101
f 2544/762/1100 2671/764/1101 2584/760/1100
f 2546/762/1102 2432/532/1103 2549/531/1104
f 2546/762/1102 2549/531/1104 2601/763/1103
f 2600/763/1105 2651/765/1105 2743/766/1106
f 2600/763/1105 2743/766/1106 2672/764/1105
f 2602/763/1107 2550/531/1108 2577/535/1109
f 2602/763/1107 2577/535/1109 2653/765/1110
f 2652/765/1111 2712/767/1112 2764/768/1112
f 2652/765/1111 2764/768/1112 2744/766/1111
f 2654/765/1113 2578/535/1113 2598/575/1114
f 2654/765/1113 2598/575/1114 2714/767/1114
f 2711/767/1115 2724/578/1115 2783/769/1115
f 2711/767/1115 2783/769/1115 2763/768/1115
f 2713/767/1116 2597/575/1116 2614/574/1117
f 2713/767/1116 2614/574/1117 2726/578/1116
f 2786/769/1118 2874/770/1118 2838/771/1118
f 2786/769/1118 2838/771/1118 2766/768/1118
f 2785/769/1119 2802/772/1120 2886/773/1120
f 2785/769/1119 2886/773/1120 2873/770/1120
f 2784/769/1121 2725/578/1121 2740/577/1121
f 2784/769/1121 2740/577/1121 2799/772/1121
f 2800/772/1122 2816/774/1122 2896/775/1122
f 2800/772/1122 2896/775/1122 2883/773/1122
f 2801/772/1123 2742/577/1123 2749/580/1123
f 2801/772/1123 2749/580/1123 2818/774/1123
f 2817/776/1124 2789/777/1124 2877/778/1124
f 2817/776/1124 2877/778/1124 2897/779/1124
f 2815/776/1125 2747/590/1125 2736/589/1125
f 2815/776/1125 2736/589/1125 2788/777/1125
f 2787/777/1126 2775/780/1126 2847/781/1126
f 2787/777/1126 2847/781/1126 2875/778/1126
f 2790/777/1127 2738/589/1127 2721/592/1127
f 2790/777/1127 2721/592/1127 2777/780/1127
f 2776/780/1128 2759/602/1128 2811/782/1128
f 2776/780/1128 2811/782/1128 2848/781/1128
f 2778/780/1129 2722/592/1129 2682/598/1129
f 2778/780/1129 2682/598/1129 2762/602/1129
f 2812/782/1130 2760/602/1130 2728/601/1131
f 2812/782/1130 2728/601/1131 2768/607/1130
f 2814/782/1132 2894/783/1133 2906/784/1132
f 2814/782/1132 2906/784/1132 2850/781/1132
f 2813/782/1134 2770/607/1134 2826/785/1134
f 2813/782/1134 2826/785/1134 2893/783/1134
f 2825/785/1135 2769/607/1135 2718/606/1135
f 2825/785/1135 2718/606/1135 2758/612/1135
f 2823/785/1136 2899/786/1137 2952/787/1138
f 2823/785/1136 2952/787/1138 2892/783/1136
f 2824/785/1139 2757/612/1139 2782/788/1139
f 2824/785/1139 2782/788/1139 2902/786/1139
f 2780/788/1140 2756/612/1141 2640/611/1140
f 2780/788/1140 2640/611/1140 2660/617/1142
f 2781/788/1143 2810/789/1143 2912/790/1144
f 2781/788/1143 2912/790/1144 2900/786/1144
f 2779/788/1145 2659/617/1146 2692/791/1146
f 2779/788/1145 2692/791/1146 2808/789/1147
f 2693/791/1148 2662/617/1149 2556/616/1148
f 2693/791/1148 2556/616/1148 2551/621/1150
f 2691/791/1151 2708/792/1151 2820/793/1151
f 2691/791/1151 2820/793/1151 2807/789/1151
f 2694/791/1152 2552/621/1152 2539/794/1152
f 2694/791/1152 2539/794/1152 2709/792/1152
f 2541/794/1153 2554/621/1153 2362/620/1154
f 2541/794/1153 2362/620/1154 2337/626/1155
f 2540/794/1156 2523/795/1156 2705/796/1156
f 2540/794/1156 2705/796/1156 2710/792/1156
f 2542/794/1157 2338/626/1157 2325/797/1157
f 2542/794/1157 2325/797/1157 2525/795/1157
f 2328/797/1158 2340/626/1158 2160/625/1158
f 2328/797/1158 2160/625/1158 2148/631/1159
f 2326/797/1160 2319/798/1160 2518/799/1160
f 2326/797/1160 2518/799/1160 2526/795/1160
f 2327/797/1161 2147/631/1162 2137/800/1162
f 2327/797/1161 2137/800/1162 2320/798/1163
f 2138/800/1164 2149/631/1164 1975/630/1165
f 2138/800/1164 1975/630/1165 1968/636/1165
f 2135/800/1166 2120/801/1166 2316/802/1167
f 2135/800/1166 2316/802/1167 2318/798/1168
f 2136/803/1169 1967/804/1170 1947/805/1169
f 2136/803/1169 1947/805/1169 2121/806/1169
f 1949/807/1171 1969/636/1171 1831/635/1171
f 1949/807/1171 1831/635/1171 1816/641/1171
f 1948/808/1172 1943/809/1173 2112/810/1173
f 1948/808/1172 2112/810/1173 2122/811/1172
f 1950/812/1174 1818/813/1174 1808/814/1174
f 1950/812/1174 1808/814/1174 1944/815/1175
f 1807/816/1176 1815/641/1177 1705/640/1176
f 1807/816/1176 1705/640/1176 1700/644/1176
f 1809/817/1178 1801/818/1179 1934/819/1179
f 1809/817/1178 1934/819/1179 1946/820/1179
f 1810/817/1180 1702/821/1181 1698/822/1181
f 1810/817/1180 1698/822/1181 1802/818/1180
f 1697/823/1182 1701/644/1182 1634/643/1183
f 1697/823/1182 1634/643/1183 1626/648/1183
f 1695/824/1184 1692/825/1185 1792/826/1184
f 1695/824/1184 1792/826/1184 1800/827/1184
f 1696/824/1186 1624/828/1186 1622/829/1186
f 1696/824/1186 1622/829/1186 1694/825/1186
f 1620/829/1187 1623/828/1187 1532/653/1188
f 1620/829/1187 1532/653/1188 1564/503/1188
f 1619/829/1189 1635/830/1190 1707/831/1190
f 1619/829/1189 1707/831/1190 1691/825/1190
f 1621/829/1191 1566/503/1191 1574/502/1191
f 1621/829/1191 1574/502/1191 1638/830/1191
f 1636/830/1192 1648/832/1192 1720/833/1193
f 1636/830/1192 1720/833/1193 1708/831/1193
f 1637/830/1194 1573/502/1195 1577/510/1194
f 1637/830/1194 1577/510/1194 1650/832/1194
f 1647/832/1196 1675/834/1197 1751/835/1197
f 1647/832/1196 1751/835/1197 1719/833/1196
f 1649/832/1198 1575/510/1198 1617/836/1198
f 1649/832/1198 1617/836/1198 1677/834/1198
f 1618/836/1199 1578/510/1199 1561/509/1199
f 1618/836/1199 1561/509/1199 1598/837/1199
f 1615/836/1200 1683/838/1200 1716/839/1200
f 1615/836/1200 1716/839/1200 1676/834/1201
f 1616/836/1202 1595/837/1203 1668/840/1202
f 1616/836/1202 1668/840/1202 1686/838/1203
f 1669/840/1204 1596/837/1205 1588/841/1204
f 1669/840/1204 1588/841/1204 1652/842/1204
f 1667/840/1206 1743/843/1207 1756/844/1207
f 1667/840/1206 1756/844/1207 1685/838/1207
f 1670/840/1208 1654/842/1208 1742/845/1208
f 1670/840/1208 1742/845/1208 1746/843/1208
f 1741/845/1209 1653/842/1209 1656/846/1209
f 1741/845/1209 1656/846/1209 1724/847/1210
f 1740/845/1211 1798/848/1211 1822/849/1211
f 1740/845/1211 1822/849/1211 1745/843/1211
f 1739/845/1212 1723/847/1212 1784/850/1212
f 1739/845/1212 1784/850/1212 1796/848/1212
f 1786/851/1213 1725/852/1213 1737/853/1213
f 1786/851/1213 1737/853/1213 1806/854/1214
f 1783/850/1215 1883/855/1215 1887/856/1215
f 1783/850/1215 1887/856/1215 1795/848/1215
f 1785/851/1216 1805/854/1217 1898/857/1218
f 1785/851/1216 1898/857/1218 1886/858/1218
f 1896/857/1219 1803/854/1219 1828/859/1219
f 1896/857/1219 1828/859/1219 1910/860/1219
f 1897/857/1220 2002/861/1221 1985/862/1221
f 1897/857/1220 1985/862/1221 1885/858/1222
f 1895/857/1223 1908/860/1223 2018/863/1224
f 1895/857/1223 2018/863/1224 2001/861/1224
f 2017/863/1225 1907/860/1226 1915/864/1227
f 2017/863/1225 1915/864/1227 2029/865/1228
f 2015/863/1229 2117/713/1230 2073/715/1231
f 2015/863/1229 2073/715/1231 1999/861/1232
f 2016/863/1233 2027/865/1233 2141/711/1234
f 2016/863/1233 2141/711/1234 2118/713/1233
f 1918/864/1235 1849/694/1235 1861/693/1235
f 1918/864/1235 1861/693/1235 1929/699/1235
f 1917/864/1236 1909/860/1236 1827/859/1236
f 1917/864/1236 1827/859/1236 1847/694/1236
f 1916/864/1237 1927/699/1238 2045/866/1239
f 1916/864/1237 2045/866/1239 2030/865/1240
f 2046/866/1241 1928/699/1241 1992/698/1242
f 2046/866/1241 1992/698/1242 2082/702/1241
f 2043/866/1243 2165/709/1243 2142/711/1244
f 2043/866/1243 2142/711/1244 2028/865/1244
f 2044/866/1245 2081/702/1246 2201/704/1246
f 2044/866/1245 2201/704/1246 2166/709/1247
f 2000/861/1248 2074/715/1249 2060/717/1250
f 2000/861/1248 2060/717/1250 1984/862/1248
f 1983/867/1251 1997/868/1251 1890/856/1251
f 1983/867/1251 1890/856/1251 1884/855/1251
f 1986/867/1252 2061/725/1253 2065/724/1253
f 1986/867/1252 2065/724/1253 1998/868/1252
f 1996/868/1254 2005/734/1254 1903/869/1254
f 1996/868/1254 1903/869/1254 1888/856/1254
f 1995/868/1255 2064/724/1255 2077/731/1255
f 1995/868/1255 2077/731/1255 2003/734/1255
f 1904/869/1256 1819/849/1256 1797/848/1256
f 1904/869/1256 1797/848/1256 1889/856/1256
f 1906/869/1257 1913/737/1258 1839/870/1257
f 1906/869/1257 1839/870/1257 1820/849/1258
f 1905/869/1259 2006/734/1260 2013/733/1261
f 1905/869/1259 2013/733/1261 1911/737/1262
f 1841/870/1263 1758/844/1264 1744/843/1264
f 1841/870/1263 1744/843/1264 1821/849/1263
f 1840/870/1265 1855/740/1265 1773/871/1266
f 1840/870/1265 1773/871/1266 1757/844/1266
f 1842/870/1267 1914/737/1267 1921/736/1268
f 1842/870/1267 1921/736/1268 1857/740/1267
f 1772/871/1269 1717/839/1270 1684/838/1270
f 1772/871/1269 1684/838/1270 1755/844/1271
f 1771/871/1272 1835/743/1272 1775/872/1273
f 1771/871/1272 1775/872/1273 1715/839/1273
f 1774/871/1274 1856/740/1274 1875/739/1275
f 1774/871/1274 1875/739/1275 1837/743/1274
f 1778/872/1276 1754/835/1276 1678/834/1276
f 1778/872/1276 1678/834/1276 1718/839/1276
f 1777/872/1277 1872/746/1277 1843/873/1278
f 1777/872/1277 1843/873/1278 1752/835/1277
f 1776/872/1279 1836/743/1279 1899/742/1280
f 1776/872/1279 1899/742/1280 1871/746/1280
f 1844/873/1281 1823/874/1281 1721/833/1282
f 1844/873/1281 1721/833/1282 1753/835/1283
f 1846/873/1284 1966/875/1284 1954/876/1284
f 1846/873/1284 1954/876/1284 1826/874/1284
f 1845/873/1285 1874/746/1285 1982/745/1286
f 1845/873/1285 1982/745/1286 1965/875/1286
f 1963/875/1287 2109/877/1288 2102/878/1287
f 1963/875/1287 2102/878/1287 1952/876/1287
f 1964/875/1289 1980/745/1289 2126/748/1289
f 1964/875/1289 2126/748/1289 2110/877/1289
f 2108/877/1290 2285/879/1290 2281/880/1290
f 2108/877/1290 2281/880/1290 2100/878/1290
f 2107/877/1291 2124/748/1292 2293/750/1293
f 2107/877/1291 2293/750/1293 2284/879/1294
f 2283/879/1295 2466/881/1295 2470/882/1295
f 2283/879/1295 2470/882/1295 2279/880/1295
f 2282/879/1296 2291/750/1297 2458/752/1296
f 2282/879/1296 2458/752/1296 2465/881/1296
f 2464/881/1298 2656/883/1298 2664/884/1299
f 2464/881/1298 2664/884/1299 2468/882/1300
f 2463/881/1301 2456/752/1302 2644/885/1303
f 2463/881/1301 2644/885/1303 2655/883/1302
f 2646/885/1304 2796/886/1304 2828/887/1305
f 2646/885/1304 2828/887/1305 2658/883/1305
f 2645/885/1306 2622/755/1307 2772/888/1308
f 2645/885/1306 2772/888/1308 2795/886/1307
f 2643/885/1309 2455/752/1310 2444/751/1311
f 2643/885/1309 2444/751/1311 2620/755/1309
f 2774/888/1312 2889/889/1313 2915/890/1314
f 2774/888/1312 2915/890/1314 2797/886/1313
f 2773/888/1315 2733/758/1316 2804/891/1316
f 2773/888/1315 2804/891/1316 2888/889/1316
f 2771/888/1317 2621/755/1317 2605/754/1318
f 2771/888/1317 2605/754/1318 2731/758/1317
f 2803/891/1319 2881/892/1319 2928/893/1320
f 2803/891/1319 2928/893/1320 2887/889/1320
f 2805/891/1321 2752/894/1321 2792/895/1321
f 2805/891/1321 2792/895/1321 2882/892/1321
f 2806/891/1322 2734/758/1323 2650/757/1324
f 2806/891/1322 2650/757/1324 2754/894/1325
f 2753/894/1326 2674/764/1327 2745/766/1328
f 2753/894/1326 2745/766/1328 2793/895/1327
f 2751/894/1329 2649/757/1330 2586/760/1331
f 2751/894/1329 2586/760/1331 2673/764/1332
f 2791/895/1333 2836/771/1333 2909/896/1333
f 2791/895/1333 2909/896/1333 2880/892/1333
f 2794/895/1334 2746/766/1335 2765/768/1336
f 2794/895/1334 2765/768/1336 2837/771/1334
f 2907/896/1337 2983/897/1337 2927/893/1337
f 2907/896/1337 2927/893/1337 2879/892/1337
f 2910/896/1338 2922/898/1339 3009/899/1338
f 2910/896/1338 3009/899/1338 2984/897/1338
f 2908/896/1340 2835/771/1340 2871/770/1340
f 2908/896/1340 2871/770/1340 2919/898/1341
f 2920/898/1342 2947/900/1342 3035/901/1343
f 2920/898/1342 3035/901/1343 3007/899/1343
f 2921/898/1344 2872/770/1345 2885/773/1346
f 2921/898/1344 2885/773/1346 2950/900/1344
f 2948/900/1347 2945/902/1347 3020/903/1348
f 2948/900/1347 3020/903/1348 3036/901/1348
f 2949/900/1349 2884/773/1350 2898/775/1350
f 2949/900/1349 2898/775/1350 2946/902/1349
f 2943/904/1351 2895/779/1351 2876/778/1351
f 2943/904/1351 2876/778/1351 2924/905/1351
f 2944/904/1352 2925/905/1352 3000/906/1352
f 2944/904/1352 3000/906/1352 3019/907/1353
f 2999/906/1354 2923/905/1354 2904/784/1354
f 2999/906/1354 2904/784/1354 2992/908/1355
f 3002/906/1356 3069/909/1357 3100/910/1358
f 3002/906/1356 3100/910/1358 3021/907/1356
f 3001/906/1359 2994/908/1359 3045/911/1360
f 3001/906/1359 3045/911/1360 3068/909/1359
f 3044/911/1361 2993/908/1362 2954/787/1361
f 3044/911/1361 2954/787/1361 2998/912/1362
f 3046/911/1363 3066/913/1364 3098/914/1364
f 3046/911/1363 3098/914/1364 3070/909/1365
f 3043/911/1366 2995/912/1366 3003/915/1366
f 3043/911/1366 3003/915/1366 3063/913/1366
f 3004/915/1367 2996/912/1368 2913/790/1368
f 3004/915/1367 2913/790/1368 2932/916/1368
f 3005/915/1369 3017/917/1369 3073/918/1369
f 3005/915/1369 3073/918/1369 3065/913/1369
f 3006/915/1370 2934/916/1370 2942/919/1370
f 3006/915/1370 2942/919/1370 3018/917/1370
f 2940/919/1371 2933/916/1371 2822/793/1371
f 2940/919/1371 2822/793/1371 2834/920/1372
f 2941/919/1373 2957/921/1374 3025/922/1375
f 2941/919/1373 3025/922/1375 3016/917/1376
f 2939/919/1377 2833/920/1377 2841/923/1377
f 2939/919/1377 2841/923/1377 2955/921/1377
f 2840/923/1378 2831/920/1379 2703/796/1380
f 2840/923/1378 2703/796/1380 2700/924/1380
f 2842/923/1381 2861/925/1381 2963/926/1382
f 2842/923/1381 2963/926/1382 2956/921/1382
f 2839/923/1383 2699/924/1384 2696/927/1384
f 2839/923/1383 2696/927/1384 2860/925/1384
f 2698/927/1385 2701/924/1385 2515/799/1385
f 2698/927/1385 2515/799/1385 2504/928/1385
f 2695/927/1386 2687/929/1386 2863/930/1386
f 2695/927/1386 2863/930/1386 2859/925/1386
f 2697/927/1387 2503/928/1387 2500/931/1388
f 2697/927/1387 2500/931/1388 2690/929/1387
f 2501/931/1389 2505/928/1389 2314/802/1389
f 2501/931/1389 2314/802/1389 2307/932/1389
f 2499/931/1390 2485/933/1390 2686/934/1390
f 2499/931/1390 2686/934/1390 2689/929/1390
f 2502/931/1391 2308/932/1392 2304/935/1392
f 2502/931/1391 2304/935/1392 2486/933/1391
f 2305/935/1393 2309/932/1394 2113/936/1395
f 2305/935/1393 2113/936/1395 2097/937/1395
f 2302/938/1396 2270/939/1396 2475/940/1396
f 2302/938/1396 2475/940/1396 2483/941/1396
f 2303/938/1397 2095/942/1397 2083/943/1397
f 2303/938/1397 2083/943/1397 2271/939/1397
f 2084/943/1398 2096/942/1398 1931/944/1398
f 2084/943/1398 1931/944/1398 1923/945/1399
f 2085/943/1400 2087/946/1400 2274/947/1401
f 2085/943/1400 2274/947/1401 2272/939/1400
f 2086/943/1402 1924/945/1402 1939/948/1402
f 2086/943/1402 1939/948/1402 2088/946/1402
f 1941/948/1403 1926/945/1404 1793/826/1405
f 1941/948/1403 1793/826/1405 1811/949/1404
f 1940/948/1406 1951/876/1406 2101/878/1406
f 1940/948/1406 2101/878/1406 2090/946/1406
f 1942/948/1407 1813/949/1408 1824/874/1408
f 1942/948/1407 1824/874/1408 1953/876/1407
f 1812/949/1409 1794/826/1409 1693/825/1409
f 1812/949/1409 1693/825/1409 1709/831/1409
f 1814/949/1410 1710/831/1410 1722/833/1410
f 1814/949/1410 1722/833/1410 1825/874/1410
f 2089/946/1411 2099/878/1411 2280/880/1411
f 2089/946/1411 2280/880/1411 2277/947/1411
f 2275/947/1412 2473/950/1412 2478/940/1412
f 2275/947/1412 2478/940/1412 2273/939/1412
f 2276/947/1413 2278/880/1414 2469/882/1415
f 2276/947/1413 2469/882/1415 2474/950/1413
f 2471/950/1416 2667/951/1416 2677/952/1416
f 2471/950/1416 2677/952/1416 2477/940/1416
f 2472/950/1417 2467/882/1417 2663/884/1417
f 2472/950/1417 2663/884/1417 2668/951/1417
f 2669/951/1418 2851/953/1419 2857/954/1419
f 2669/951/1418 2857/954/1419 2678/952/1418
f 2670/951/1420 2665/884/1420 2843/955/1421
f 2670/951/1420 2843/955/1421 2852/953/1422
f 2845/955/1423 2959/956/1423 2967/957/1423
f 2845/955/1423 2967/957/1423 2853/953/1423
f 2846/955/1424 2830/887/1424 2936/958/1425
f 2846/955/1424 2936/958/1425 2961/956/1425
f 2844/955/1426 2666/884/1427 2657/883/1428
f 2844/955/1426 2657/883/1428 2827/887/1429
f 2938/958/1430 3014/959/1430 3030/960/1430
f 2938/958/1430 3030/960/1430 2962/956/1430
f 2937/958/1431 2918/890/1431 2990/961/1431
f 2937/958/1431 2990/961/1431 3013/959/1431
f 2935/958/1432 2829/887/1432 2798/886/1432
f 2935/958/1432 2798/886/1432 2916/890/1432
f 2989/961/1433 3050/962/1434 3078/963/1434
f 2989/961/1433 3078/963/1434 3012/959/1434
f 2988/961/1435 2930/893/1435 2985/897/1435
f 2988/961/1435 2985/897/1435 3048/962/1435
f 2987/961/1436 2917/890/1437 2890/889/1438
f 2987/961/1436 2890/889/1438 2929/893/1437
f 3047/962/1439 3081/964/1439 3121/965/1439
f 3047/962/1439 3121/965/1439 3075/963/1439
f 3049/962/1440 2986/897/1441 3010/899/1442
f 3049/962/1440 3010/899/1442 3082/964/1443
f 3079/964/1444 3163/490/1445 3169/489/1445
f 3079/964/1444 3169/489/1445 3119/965/1444
f 3080/964/1446 3008/899/1447 3037/901/1448
f 3080/964/1446 3037/901/1448 3164/490/1446
f 3122/965/1449 3133/966/1450 3089/967/1449
f 3122/965/1449 3089/967/1449 3076/963/1449
f 3120/965/1451 3170/489/1452 3178/495/1453
f 3120/965/1451 3178/495/1453 3132/966/1452
f 3131/966/1454 3147/968/1455 3107/969/1454
f 3131/966/1454 3107/969/1454 3087/967/1454
f 3130/966/1456 3177/495/1457 3185/494/1457
f 3130/966/1456 3185/494/1457 3146/968/1457
f 3148/968/1458 3159/970/1458 3117/971/1458
f 3148/968/1458 3117/971/1458 3108/969/1459
f 3149/968/1460 3186/494/1460 3205/493/1460
f 3149/968/1460 3205/493/1460 3161/970/1461
f 3158/972/1462 3154/973/1462 3112/974/1463
f 3158/972/1462 3112/974/1463 3115/975/1462
f 3160/972/1464 3204/976/1464 3194/491/1464
f 3160/972/1464 3194/491/1464 3156/973/1464
f 3157/973/1465 3145/977/1466 3106/978/1466
f 3157/973/1465 3106/978/1466 3114/974/1465
f 3155/973/1467 3193/491/1468 3190/486/1467
f 3155/973/1467 3190/486/1467 3144/977/1467
f 3142/977/1469 3139/979/1469 3092/980/1469
f 3142/977/1469 3092/980/1469 3103/978/1469
f 3143/977/1470 3187/486/1470 3181/485/1470
f 3143/977/1470 3181/485/1470 3140/979/1470
f 3141/979/1471 3135/981/1471 3085/982/1472
f 3141/979/1471 3085/982/1472 3093/980/1473
f 3138/979/1474 3180/485/1474 3173/983/1475
f 3138/979/1474 3173/983/1475 3134/981/1474
f 3136/981/1476 3128/984/1476 3074/918/1476
f 3136/981/1476 3074/918/1476 3086/982/1476
f 3137/981/1477 3174/983/1478 3151/985/1478
f 3137/981/1477 3151/985/1478 3129/984/1478
f 3126/984/1479 3096/914/1480 3064/913/1479
f 3126/984/1479 3064/913/1479 3072/918/1480
f 3127/984/1481 3150/985/1482 3124/986/1482
f 3127/984/1481 3124/986/1482 3097/914/1482
f 3083/982/1483 3071/918/1483 3015/917/1483
f 3083/982/1483 3015/917/1483 3023/922/1483
f 3084/982/1484 3024/922/1485 3031/987/1484
f 3084/982/1484 3031/987/1484 3091/980/1484
f 3032/987/1486 3026/922/1486 2958/921/1486
f 3032/987/1486 2958/921/1486 2965/926/1486
f 3034/987/1487 3042/988/1488 3105/978/1487
f 3034/987/1487 3105/978/1487 3094/980/1488
f 3033/987/1489 2966/926/1489 2978/989/1489
f 3033/987/1489 2978/989/1489 3041/988/1489
f 2975/989/1490 2964/926/1490 2862/925/1491
f 2975/989/1490 2862/925/1491 2865/930/1490
f 2976/989/1492 2980/990/1493 3056/991/1492
f 2976/989/1492 3056/991/1492 3040/988/1492
f 2977/989/1494 2866/930/1495 2870/992/1494
f 2977/989/1494 2870/992/1494 2982/990/1494
f 2867/992/1496 2864/930/1497 2688/929/1497
f 2867/992/1496 2688/929/1497 2683/934/1497
f 2869/993/1498 2856/954/1498 2971/994/1499
f 2869/993/1498 2971/994/1499 2979/995/1499
f 2868/993/1500 2685/996/1500 2676/952/1500
f 2868/993/1500 2676/952/1500 2855/954/1500
f 2972/997/1501 3059/998/1502 3057/999/1501
f 2972/997/1501 3057/999/1501 2981/1000/1501
f 2974/1001/1503 2970/1002/1503 3054/1003/1503
f 2974/1001/1503 3054/1003/1503 3062/1004/1503
f 2973/994/1504 2858/954/1504 2854/953/1504
f 2973/994/1504 2854/953/1504 2969/957/1504
f 3053/1005/1505 3110/969/1505 3118/971/1505
f 3053/1005/1505 3118/971/1505 3061/1006/1505
f 3051/1005/1506 3027/960/1507 3088/967/1507
f 3051/1005/1506 3088/967/1507 3109/969/1506
f 3052/1005/1508 2968/957/1508 2960/956/1508
f 3052/1005/1508 2960/956/1508 3028/960/1508
f 3060/1007/1509 3116/975/1510 3113/974/1510
f 3060/1007/1509 3113/974/1510 3058/991/1509
f 3055/991/1511 3111/974/1512 3104/978/1511
f 3055/991/1511 3104/978/1511 3039/988/1511
f 3090/967/1513 3029/960/1513 3011/959/1514
f 3090/967/1513 3011/959/1514 3077/963/1513
f 2675/952/1515 2684/996/1515 2484/941/1516
f 2675/952/1515 2484/941/1516 2476/940/1516
f 1925/945/1517 1932/944/1517 1799/827/1517
f 1925/945/1517 1799/827/1517 1791/826/1517
f 2098/1008/1518 2114/1009/1519 1945/820/1520
f 2098/1008/1518 1945/820/1520 1933/819/1521
f 2306/932/1522 2313/802/1522 2119/801/1522
f 2306/932/1522 2119/801/1522 2111/936/1522
f 2506/928/1523 2517/799/1523 2317/798/1523
f 2506/928/1523 2317/798/1523 2315/802/1523
f 2702/924/1524 2706/796/1525 2524/795/1525
f 2702/924/1524 2524/795/1525 2516/799/1525
f 2832/920/1526 2819/793/1526 2707/792/1526
f 2832/920/1526 2707/792/1526 2704/796/1526
f 2931/916/1527 2911/790/1527 2809/789/1528
f 2931/916/1527 2809/789/1528 2821/793/1527
f 3095/914/1529 3123/986/1529 3099/910/1529
f 3095/914/1529 3099/910/1529 3067/909/1529
f 2997/912/1530 2953/787/1530 2901/786/1531
f 2997/912/1530 2901/786/1531 2914/790/1530
f 2991/908/1532 2903/784/1533 2891/783/1533
f 2991/908/1532 2891/783/1533 2951/787/1532
f 2926/905/1534 2878/778/1534 2849/781/1534
f 2926/905/1534 2849/781/1534 2905/784/1534
f 1829/859/1535 1748/689/1535 1762/688/1535
f 1829/859/1535 1762/688/1535 1850/694/1535
f 1830/859/1536 1804/854/1536 1735/853/1536
f 1830/859/1536 1735/853/1536 1749/689/1536
f 1736/853/1537 1660/684/1537 1666/683/1537
f 1736/853/1537 1666/683/1537 1750/689/1537
f 1738/853/1538 1726/852/1538 1657/1010/1539
f 1738/853/1538 1657/1010/1539 1661/684/1539
f 1658/1010/1540 1601/1011/1541 1605/681/1541
f 1658/1010/1540 1605/681/1541 1662/684/1540
f 1655/846/1542 1651/842/1542 1587/841/1542
f 1655/846/1542 1587/841/1542 1599/1012/1542
f 1589/841/1543 1551/508/1543 1543/674/1543
f 1589/841/1543 1543/674/1543 1600/1012/1543
f 1590/841/1544 1597/837/1545 1560/509/1545
f 1590/841/1544 1560/509/1545 1552/508/1545
f 1866/696/1546 1781/1013/1546 1892/628/1546
f 1866/696/1546 1892/628/1546 1962/1014/1546
f 1863/696/1547 1787/692/1547 1732/691/1547
f 1863/696/1547 1732/691/1547 1780/1013/1547
f 1865/696/1548 1961/1014/1549 2038/541/1550
f 1865/696/1548 2038/541/1550 1938/697/1551
f 1782/1013/1552 1765/633/1552 1867/629/1552
f 1782/1013/1552 1867/629/1552 1893/628/1553
f 1779/1013/1554 1731/691/1554 1679/1015/1554
f 1779/1013/1554 1679/1015/1554 1763/633/1554
f 1681/1015/1555 1733/691/1555 1687/687/1555
f 1681/1015/1555 1687/687/1555 1611/686/1555
f 1680/1015/1556 1643/638/1557 1727/634/1557
f 1680/1015/1556 1727/634/1557 1764/633/1556
f 1682/1015/1558 1613/686/1558 1583/529/1559
f 1682/1015/1558 1583/529/1559 1645/638/1558
f 1959/1014/1560 2057/623/1561 2154/542/1562
f 1959/1014/1560 2154/542/1562 2036/541/1561
f 1960/1014/1563 1891/628/1563 2033/624/1563
f 1960/1014/1563 2033/624/1563 2058/623/1563
f 1614/686/1564 1610/682/1565 1558/523/1565
f 1614/686/1564 1558/523/1565 1586/529/1564
f 1544/674/1566 1554/508/1566 1515/507/1567
f 1544/674/1566 1515/507/1567 1493/668/1566
f 1434/672/1568 1415/1016/1568 1453/661/1568
f 1434/672/1568 1453/661/1568 1477/526/1568
f 1423/654/1569 1400/1017/1569 1412/665/1569
f 1423/654/1569 1412/665/1569 1444/511/1570
f 1646/638/1571 1584/529/1571 1580/528/1571
f 1646/638/1571 1580/528/1571 1641/639/1571
f 2055/623/1572 2224/619/1573 2249/543/1574
f 2055/623/1572 2249/543/1574 2152/542/1573
f 2387/614/1575 2250/538/1575 2246/543/1576
f 2387/614/1575 2246/543/1576 2411/615/1575
f 2459/604/1577 2580/600/1577 2536/516/1577
f 2459/604/1577 2536/516/1577 2413/518/1578
f 2372/595/1579 2384/514/1579 2450/513/1580
f 2372/595/1579 2450/513/1580 2494/596/1580
f 2595/575/1581 2575/535/1581 2451/534/1581
f 2595/575/1581 2451/534/1581 2479/570/1581
f 2294/562/1582 2406/533/1583 2430/532/1584
f 2294/562/1582 2430/532/1584 2374/563/1583
f 3101/1018/1585 3166/490/1586 3038/901/1587
f 3101/1018/1585 3038/901/1587 3022/903/1585
f 3168/1019/1588 3153/1020/1588 3175/1021/1589
f 3168/1019/1588 3175/1021/1589 3183/1022/1589
f 3152/1020/1590 3167/1019/1590 3102/1023/1591
f 3152/1020/1590 3102/1023/1591 3125/1024/1590
f 1448/650/1592 1409/656/1593 1401/1025/1592
f 1448/650/1592 1401/1025/1592 1425/651/1592
f 1432/1026/1594 1427/1027/1594 1420/666/1595
f 1432/1026/1594 1420/666/1595 1464/664/1596
f 1431/1026/1597 1463/664/1597 1439/663/1597
f 1431/1026/1597 1439/663/1597 1405/1028/1597
f 1440/663/1598 1413/665/1599 1398/1029/1599
f 1440/663/1598 1398/1029/1599 1406/1028/1600
f 1399/1030/1601 1414/1031/1601 1402/1032/1601
f 1399/1030/1601 1402/1032/1601 1410/1033/1602
f 1460/667/1603 1419/666/1603 1416/1034/1603
f 1460/667/1603 1416/1034/1603 1436/669/1604
f 1428/662/1605 1456/661/1606 1417/1016/1605
f 1428/662/1605 1417/1016/1605 1421/1035/1605
