# Blender 4.5.4 LTS
# www.blender.org
mtllib left_wing.mtl
o 1.001
v 18.568529 -56.489075 -41.183380
v 20.635509 -55.080898 -40.491112
v 21.549021 -56.436386 -42.864445
v 20.352449 -57.111080 -43.218357
v 18.568529 -56.489075 -41.183380
v 20.352449 -57.111080 -43.218357
v 20.476370 -58.304382 -44.626419
v 19.106020 -58.667076 -44.294140
v 18.568529 -56.489075 -41.183380
v 15.809310 -53.446651 -37.206570
v 19.024521 -52.888222 -36.845848
v 20.635509 -55.080898 -40.491112
v 5.432740 -33.836105 -6.748206
v 3.494530 -35.117092 -8.630707
v 1.536830 -32.644897 -4.042129
v 2.401690 -30.153912 -0.188453
v 5.432740 -33.836105 -6.748206
v 2.401690 -30.153912 -0.188453
v 8.436020 -28.865700 1.550191
v 9.131430 -29.810646 -0.201829
v 5.432740 -33.836105 -6.748206
v 6.079710 -39.337395 -14.984685
v 4.850510 -39.652733 -15.273222
v 3.494530 -35.117092 -8.630707
v 5.432740 -33.836105 -6.748206
v 8.400460 -34.611645 -8.349623
v 7.799650 -39.223091 -15.110247
v 6.079710 -39.337395 -14.984685
v 5.432740 -33.836105 -6.748206
v 9.131430 -29.810646 -0.201829
v 11.428720 -31.467886 -3.116872
v 8.400460 -34.611645 -8.349623
v 44.199741 -43.287048 -24.068104
v 47.166908 -44.815834 -26.503654
v 42.642429 -46.438850 -29.136566
v 40.339420 -43.691277 -24.673996
v 44.199741 -43.287048 -24.068104
v 44.827042 -41.506199 -21.055744
v 50.286308 -42.570671 -22.763378
v 47.166908 -44.815834 -26.503654
v 44.199741 -43.287048 -24.068104
v 40.339420 -43.691277 -24.673996
v 39.362301 -41.126183 -20.308151
v 44.827042 -41.506199 -21.055744
v 4.093520 -34.937138 -8.080403
v 1.650850 -32.444710 -3.506980
v 1.536830 -32.644897 -4.042129
v 3.494530 -35.117092 -8.630707
v 4.093520 -34.937138 -8.080403
v 6.015030 -35.673855 -9.484549
v 6.074870 -32.123901 -3.676303
v 3.537370 -30.452362 -0.542161
v 4.093520 -34.937138 -8.080403
v 3.537370 -30.452362 -0.542161
v 2.054290 -29.178061 1.577155
v 1.650850 -32.444710 -3.506980
v 0.340500 -32.907707 -4.132183
v 0.324300 -32.834087 -4.148227
v 1.536830 -32.644897 -4.042129
v 1.650850 -32.444710 -3.506980
v 13.196390 -32.646194 -5.259565
v 11.502770 -35.103737 -9.374303
v 8.400460 -34.611645 -8.349623
v 11.428720 -31.467886 -3.116872
v 13.196390 -32.646194 -5.259565
v 11.428720 -31.467886 -3.116872
v 17.290951 -30.232689 -1.253594
v 17.620180 -32.304188 -4.799308
v 13.196390 -32.646194 -5.259565
v 17.620180 -32.304188 -4.799308
v 16.642050 -35.051437 -9.464598
v 11.502770 -35.103737 -9.374303
v 21.167761 -57.286690 -43.922680
v 21.262030 -57.758507 -44.523174
v 20.476370 -58.304382 -44.626419
v 20.352449 -57.111080 -43.218357
v 21.167761 -57.286690 -43.922680
v 20.352449 -57.111080 -43.218357
v 21.549021 -56.436386 -42.864445
v 22.344160 -56.694813 -43.950592
v 21.167761 -57.286690 -43.922680
v 22.344160 -56.694813 -43.950592
v 22.546619 -57.479588 -45.111111
v 21.262030 -57.758507 -44.523174
v 22.546619 -57.479588 -45.111111
v 24.957100 -55.849701 -44.337116
v 24.875879 -55.907673 -43.839233
v 22.894489 -57.660805 -45.280342
v 22.546619 -57.479588 -45.111111
v 22.344160 -56.694813 -43.950592
v 24.535839 -55.721622 -43.487305
v 24.957100 -55.849701 -44.337116
v 22.546619 -57.479588 -45.111111
v 22.894489 -57.660805 -45.280342
v 21.874760 -59.958046 -47.181164
v 21.407310 -59.709568 -46.782898
v 22.546619 -57.479588 -45.111111
v 21.407310 -59.709568 -46.782898
v 20.476370 -58.304382 -44.626419
v 21.262030 -57.758507 -44.523174
v 50.161701 -38.085457 -15.228197
v 46.468681 -37.034241 -13.440205
v 48.833080 -35.470249 -10.285085
v 53.090080 -37.518291 -14.199331
v 50.161701 -38.085457 -15.228197
v 50.467331 -40.056900 -18.475914
v 45.262772 -39.198177 -17.127142
v 46.468681 -37.034241 -13.440205
v 50.161701 -38.085457 -15.228197
v 53.090080 -37.518291 -14.199331
v 55.958271 -40.428162 -19.026815
v 50.467331 -40.056900 -18.475914
v 21.407310 -59.709568 -46.782898
v 20.017120 -60.659500 -47.030834
v 19.106020 -58.667076 -44.294140
v 20.476370 -58.304382 -44.626419
v 16.961269 -65.524261 -52.191566
v 17.699051 -65.643753 -52.493412
v 17.066071 -66.448532 -53.408592
v 16.534630 -65.839752 -52.509224
v 16.961269 -65.524261 -52.191566
v 16.534630 -65.839752 -52.509224
v 16.180519 -65.022896 -51.441135
v 16.829180 -64.893623 -51.383522
v 16.961269 -65.524261 -52.191566
v 16.829180 -64.893623 -51.383522
v 18.047489 -64.750458 -51.415596
v 17.699051 -65.643753 -52.493412
v 8.525980 -33.731945 -6.587082
v 6.074870 -32.123901 -3.676303
v 6.015030 -35.673855 -9.484549
v 8.269150 -35.978115 -10.232067
v 8.525980 -33.731945 -6.587082
v 8.269150 -35.978115 -10.232067
v 11.473580 -35.610970 -9.958403
v 11.644570 -32.979042 -5.481483
v 8.525980 -33.731945 -6.587082
v 11.644570 -32.979042 -5.481483
v 8.600650 -29.871704 -0.016479
v 6.074870 -32.123901 -3.676303
v 49.702679 -38.095886 -14.986248
v 46.441921 -36.619263 -12.466260
v 44.628010 -38.619705 -15.868307
v 48.858002 -39.969303 -18.181477
v 49.702679 -38.095886 -14.986248
v 48.858002 -39.969303 -18.181477
v 53.516232 -40.773033 -19.207607
v 54.066490 -37.680317 -14.062639
v 49.702679 -38.095886 -14.986248
v 54.066490 -37.680317 -14.062639
v 49.253368 -35.284943 -9.826996
v 46.441921 -36.619263 -12.466260
v 16.873529 -65.890862 -52.437096
v 17.482969 -66.161232 -52.933201
v 18.057159 -65.402863 -52.069500
v 16.927731 -65.256790 -51.661446
v 16.873529 -65.890862 -52.437096
v 16.927731 -65.256790 -51.661446
v 16.221460 -65.212219 -51.499344
v 16.458851 -66.070389 -52.596931
v 16.873529 -65.890862 -52.437096
v 16.458851 -66.070389 -52.596931
v 16.749540 -66.854424 -53.747726
v 17.482969 -66.161232 -52.933201
v 38.326969 -41.089867 -19.971348
v 34.874290 -41.263477 -20.197163
v 36.828571 -43.716835 -24.422050
v 40.797890 -42.533134 -22.481462
v 38.326969 -41.089867 -19.971348
v 39.054081 -39.443085 -17.166451
v 34.383320 -38.759506 -15.908070
v 34.874290 -41.263477 -20.197163
v 38.326969 -41.089867 -19.971348
v 40.797890 -42.533134 -22.481462
v 43.103710 -40.738972 -19.464817
v 39.054081 -39.443085 -17.166451
v 19.253241 -53.436317 -37.441597
v 13.405910 -53.679626 -37.052620
v 14.586660 -57.032230 -41.212627
v 17.558729 -56.988098 -41.534634
v 19.253241 -53.436317 -37.441597
v 17.676180 -49.827930 -32.690830
v 12.598800 -50.356846 -32.891880
v 13.405910 -53.679626 -37.052620
v 19.253241 -53.436317 -37.441597
v 24.635050 -51.574821 -35.955120
v 21.977961 -48.733791 -31.983448
v 17.676180 -49.827930 -32.690830
v 19.253241 -53.436317 -37.441597
v 17.558729 -56.988098 -41.534634
v 20.233040 -57.096706 -42.929535
v 22.433380 -54.933727 -40.540283
v 20.233040 -57.096706 -42.929535
v 19.208790 -59.987888 -45.726360
v 20.990330 -59.943390 -46.662334
v 21.886721 -57.369537 -44.434113
v 20.233040 -57.096706 -42.929535
v 17.558729 -56.988098 -41.534634
v 16.374020 -60.030479 -45.135101
v 19.208790 -59.987888 -45.726360
v 20.233040 -57.096706 -42.929535
v 21.886721 -57.369537 -44.434113
v 23.739820 -55.729797 -42.556419
v 22.433380 -54.933727 -40.540283
v 23.739820 -55.729797 -42.556419
v 27.503500 -54.310799 -41.399677
v 26.719540 -53.475632 -39.444878
v 22.433380 -54.933727 -40.540283
v 23.739820 -55.729797 -42.556419
v 24.875879 -55.907673 -43.839233
v 27.907209 -54.906414 -42.647148
v 27.503500 -54.310799 -41.399677
v 23.739820 -55.729797 -42.556419
v 21.886721 -57.369537 -44.434113
v 22.894489 -57.660805 -45.280342
v 24.875879 -55.907673 -43.839233
v 27.907209 -54.906414 -42.647148
v 33.589851 -54.427105 -42.450050
v 33.187840 -53.581970 -41.018631
v 27.503500 -54.310799 -41.399677
v 27.907209 -54.906414 -42.647148
v 28.235260 -55.306297 -43.882767
v 33.864681 -55.161274 -43.743923
v 33.589851 -54.427105 -42.450050
v 27.907209 -54.906414 -42.647148
v 24.875879 -55.907673 -43.839233
v 24.957100 -55.849701 -44.337116
v 28.235260 -55.306297 -43.882767
v 28.235260 -55.306297 -43.882767
v 28.279970 -54.838104 -42.780926
v 34.019531 -54.434341 -42.707211
v 33.864681 -55.161274 -43.743923
v 28.235260 -55.306297 -43.882767
v 24.957100 -55.849701 -44.337116
v 24.535839 -55.721622 -43.487305
v 28.279970 -54.838104 -42.780926
v 28.279970 -54.838104 -42.780926
v 28.211580 -54.203384 -41.629593
v 34.071190 -53.561573 -41.292992
v 34.019531 -54.434341 -42.707211
v 28.279970 -54.838104 -42.780926
v 24.535839 -55.721622 -43.487305
v 23.991150 -55.389870 -42.300854
v 28.211580 -54.203384 -41.629593
v 23.991150 -55.389870 -42.300854
v 24.535839 -55.721622 -43.487305
v 22.344160 -56.694813 -43.950592
v 21.549021 -56.436386 -42.864445
v 23.991150 -55.389870 -42.300854
v 23.329201 -54.584747 -40.499477
v 28.080790 -53.401768 -40.027187
v 28.211580 -54.203384 -41.629593
v 23.991150 -55.389870 -42.300854
v 21.549021 -56.436386 -42.864445
v 20.635509 -55.080898 -40.491112
v 23.329201 -54.584747 -40.499477
v 23.329201 -54.584747 -40.499477
v 22.401979 -52.323654 -37.083984
v 27.366980 -51.303772 -36.452995
v 28.080790 -53.401768 -40.027187
v 23.329201 -54.584747 -40.499477
v 20.635509 -55.080898 -40.491112
v 19.024521 -52.888222 -36.845848
v 22.401979 -52.323654 -37.083984
v 22.401979 -52.323654 -37.083984
v 21.099770 -48.773209 -32.209297
v 26.061689 -48.136890 -31.583241
v 27.366980 -51.303772 -36.452995
v 22.401979 -52.323654 -37.083984
v 19.024521 -52.888222 -36.845848
v 16.533131 -49.815926 -32.760597
v 21.099770 -48.773209 -32.209297
v 16.533131 -49.815926 -32.760597
v 19.024521 -52.888222 -36.845848
v 15.809310 -53.446651 -37.206570
v 11.893770 -50.433575 -33.093460
v 16.533131 -49.815926 -32.760597
v 13.895320 -46.480499 -27.726810
v 19.166470 -45.331837 -26.880499
v 21.099770 -48.773209 -32.209297
v 16.533131 -49.815926 -32.760597
v 11.893770 -50.433575 -33.093460
v 10.086160 -47.272026 -28.356857
v 13.895320 -46.480499 -27.726810
v 10.086160 -47.272026 -28.356857
v 11.893770 -50.433575 -33.093460
v 9.598890 -50.884644 -33.157326
v 7.750910 -47.874008 -28.734957
v 10.086160 -47.272026 -28.356857
v 8.502000 -43.777733 -22.458275
v 11.578540 -43.069424 -21.951859
v 13.895320 -46.480499 -27.726810
v 10.086160 -47.272026 -28.356857
v 7.750910 -47.874008 -28.734957
v 6.662600 -44.217827 -22.799288
v 8.502000 -43.777733 -22.458275
v 6.662600 -44.217827 -22.799288
v 7.750910 -47.874008 -28.734957
v 6.176190 -48.513260 -29.046177
v 5.209870 -44.616173 -23.098854
v 6.662600 -44.217827 -22.799288
v 6.079710 -39.337395 -14.984685
v 7.799650 -39.223091 -15.110247
v 8.502000 -43.777733 -22.458275
v 6.662600 -44.217827 -22.799288
v 5.209870 -44.616173 -23.098854
v 4.850510 -39.652733 -15.273222
v 6.079710 -39.337395 -14.984685
v 6.176190 -48.513260 -29.046177
v 7.971830 -51.284637 -33.097591
v 8.317780 -50.984264 -33.250584
v 6.688200 -48.101986 -28.919495
v 6.176190 -48.513260 -29.046177
v 7.750910 -47.874008 -28.734957
v 9.598890 -50.884644 -33.157326
v 7.971830 -51.284637 -33.097591
v 6.176190 -48.513260 -29.046177
v 6.688200 -48.101986 -28.919495
v 5.512260 -44.595913 -22.966404
v 5.209870 -44.616173 -23.098854
v 5.512260 -44.595913 -22.966404
v 6.688200 -48.101986 -28.919495
v 8.469500 -47.657269 -28.498640
v 6.998430 -44.198841 -22.621637
v 5.512260 -44.595913 -22.966404
v 5.329900 -39.796768 -15.316196
v 4.850510 -39.652733 -15.273222
v 5.209870 -44.616173 -23.098854
v 5.512260 -44.595913 -22.966404
v 6.998430 -44.198841 -22.621637
v 6.712050 -39.834560 -15.612529
v 5.329900 -39.796768 -15.316196
v 6.712050 -39.834560 -15.612529
v 6.998430 -44.198841 -22.621637
v 8.801900 -43.770004 -22.276499
v 8.790640 -39.646721 -15.755747
v 6.712050 -39.834560 -15.612529
v 6.015030 -35.673855 -9.484549
v 4.093520 -34.937138 -8.080403
v 5.329900 -39.796768 -15.316196
v 6.712050 -39.834560 -15.612529
v 8.790640 -39.646721 -15.755747
v 8.269150 -35.978115 -10.232067
v 6.015030 -35.673855 -9.484549
v 8.801900 -43.770004 -22.276499
v 10.922850 -47.145786 -28.092899
v 15.365820 -46.283253 -27.495201
v 13.354480 -42.782726 -21.676481
v 8.801900 -43.770004 -22.276499
v 6.998430 -44.198841 -22.621637
v 8.469500 -47.657269 -28.498640
v 10.922850 -47.145786 -28.092899
v 8.801900 -43.770004 -22.276499
v 13.354480 -42.782726 -21.676481
v 11.961270 -39.056038 -15.552631
v 8.790640 -39.646721 -15.755747
v 11.961270 -39.056038 -15.552631
v 13.354480 -42.782726 -21.676481
v 18.936979 -42.041840 -21.110584
v 17.921070 -38.662594 -15.371795
v 11.961270 -39.056038 -15.552631
v 11.473580 -35.610970 -9.958403
v 8.269150 -35.978115 -10.232067
v 8.790640 -39.646721 -15.755747
v 11.961270 -39.056038 -15.552631
v 17.921070 -38.662594 -15.371795
v 17.587500 -35.412018 -9.836551
v 11.473580 -35.610970 -9.958403
v 17.587500 -35.412018 -9.836551
v 17.921070 -38.662594 -15.371795
v 23.673820 -38.468121 -15.185362
v 23.484190 -35.303150 -9.780867
v 17.587500 -35.412018 -9.836551
v 17.188761 -32.074257 -4.132997
v 11.644570 -32.979042 -5.481483
v 11.473580 -35.610970 -9.958403
v 17.587500 -35.412018 -9.836551
v 23.484190 -35.303150 -9.780867
v 23.548140 -32.109161 -4.324803
v 17.188761 -32.074257 -4.132997
v 23.548140 -32.109161 -4.324803
v 23.866751 -29.888975 -0.538259
v 16.322380 -29.477087 0.320150
v 17.188761 -32.074257 -4.132997
v 23.548140 -32.109161 -4.324803
v 30.146070 -32.590553 -5.280344
v 31.014259 -30.376801 -1.512408
v 23.866751 -29.888975 -0.538259
v 23.548140 -32.109161 -4.324803
v 23.484190 -35.303150 -9.780867
v 29.461300 -35.491291 -10.222242
v 30.146070 -32.590553 -5.280344
v 29.461300 -35.491291 -10.222242
v 35.189121 -36.093452 -11.366309
v 36.641350 -33.374336 -6.750525
v 30.146070 -32.590553 -5.280344
v 29.461300 -35.491291 -10.222242
v 29.187300 -38.463951 -15.299524
v 34.383320 -38.759506 -15.908070
v 35.189121 -36.093452 -11.366309
v 29.461300 -35.491291 -10.222242
v 23.484190 -35.303150 -9.780867
v 23.673820 -38.468121 -15.185362
v 29.187300 -38.463951 -15.299524
v 29.187300 -38.463951 -15.299524
v 29.813841 -41.461166 -20.430563
v 34.874290 -41.263477 -20.197163
v 34.383320 -38.759506 -15.908070
v 29.187300 -38.463951 -15.299524
v 23.673820 -38.468121 -15.185362
v 24.492599 -41.675568 -20.663418
v 29.813841 -41.461166 -20.430563
v 24.492599 -41.675568 -20.663418
v 26.131060 -44.793880 -25.971563
v 31.712790 -44.342766 -25.347300
v 29.813841 -41.461166 -20.430563
v 24.492599 -41.675568 -20.663418
v 18.936979 -42.041840 -21.110584
v 20.408529 -45.402466 -26.812033
v 26.131060 -44.793880 -25.971563
v 24.492599 -41.675568 -20.663418
v 23.673820 -38.468121 -15.185362
v 17.921070 -38.662594 -15.371795
v 18.936979 -42.041840 -21.110584
v 20.408529 -45.402466 -26.812033
v 21.977961 -48.733791 -31.983448
v 28.360161 -47.670311 -30.837421
v 26.131060 -44.793880 -25.971563
v 20.408529 -45.402466 -26.812033
v 15.365820 -46.283253 -27.495201
v 17.676180 -49.827930 -32.690830
v 21.977961 -48.733791 -31.983448
v 20.408529 -45.402466 -26.812033
v 18.936979 -42.041840 -21.110584
v 13.354480 -42.782726 -21.676481
v 15.365820 -46.283253 -27.495201
v 28.360161 -47.670311 -30.837421
v 34.393040 -47.153084 -29.976437
v 31.712790 -44.342766 -25.347300
v 26.131060 -44.793880 -25.971563
v 28.360161 -47.670311 -30.837421
v 30.781691 -50.372635 -35.402565
v 37.265701 -50.031960 -34.592663
v 34.393040 -47.153084 -29.976437
v 28.360161 -47.670311 -30.837421
v 21.977961 -48.733791 -31.983448
v 24.635050 -51.574821 -35.955120
v 30.781691 -50.372635 -35.402565
v 30.781691 -50.372635 -35.402565
v 32.485432 -52.484848 -39.100300
v 39.206551 -52.099327 -38.049950
v 37.265701 -50.031960 -34.592663
v 30.781691 -50.372635 -35.402565
v 24.635050 -51.574821 -35.955120
v 26.719540 -53.475632 -39.444878
v 32.485432 -52.484848 -39.100300
v 32.485432 -52.484848 -39.100300
v 33.187840 -53.581970 -41.018631
v 40.227161 -53.259663 -40.036064
v 39.206551 -52.099327 -38.049950
v 32.485432 -52.484848 -39.100300
v 26.719540 -53.475632 -39.444878
v 27.503500 -54.310799 -41.399677
v 33.187840 -53.581970 -41.018631
v 40.227161 -53.259663 -40.036064
v 47.222519 -51.488132 -37.195206
v 45.754879 -50.511940 -35.573624
v 39.206551 -52.099327 -38.049950
v 40.227161 -53.259663 -40.036064
v 40.921619 -54.147675 -41.576164
v 48.421680 -52.192360 -38.397877
v 47.222519 -51.488132 -37.195206
v 40.227161 -53.259663 -40.036064
v 33.187840 -53.581970 -41.018631
v 33.589851 -54.427105 -42.450050
v 40.921619 -54.147675 -41.576164
v 40.921619 -54.147675 -41.576164
v 41.498791 -54.912529 -42.990002
v 49.533089 -52.733360 -39.436470
v 48.421680 -52.192360 -38.397877
v 40.921619 -54.147675 -41.576164
v 33.589851 -54.427105 -42.450050
v 33.864681 -55.161274 -43.743923
v 41.498791 -54.912529 -42.990002
v 41.498791 -54.912529 -42.990002
v 41.350262 -54.194096 -41.914345
v 49.020741 -52.227913 -38.702465
v 49.533089 -52.733360 -39.436470
v 41.498791 -54.912529 -42.990002
v 33.864681 -55.161274 -43.743923
v 34.019531 -54.434341 -42.707211
v 41.350262 -54.194096 -41.914345
v 41.350262 -54.194096 -41.914345
v 41.007030 -53.267204 -40.346230
v 48.078892 -51.487610 -37.434895
v 49.020741 -52.227913 -38.702465
v 41.350262 -54.194096 -41.914345
v 34.019531 -54.434341 -42.707211
v 34.071190 -53.561573 -41.292992
v 41.007030 -53.267204 -40.346230
v 41.007030 -53.267204 -40.346230
v 40.446190 -52.133335 -38.439449
v 47.008770 -50.573360 -35.876194
v 48.078892 -51.487610 -37.434895
v 41.007030 -53.267204 -40.346230
v 34.071190 -53.561573 -41.292992
v 33.912811 -52.640102 -39.434715
v 40.446190 -52.133335 -38.439449
v 33.912811 -52.640102 -39.434715
v 34.071190 -53.561573 -41.292992
v 28.211580 -54.203384 -41.629593
v 28.080790 -53.401768 -40.027187
v 33.912811 -52.640102 -39.434715
v 33.212341 -50.664814 -35.957333
v 39.275211 -50.195339 -35.220757
v 40.446190 -52.133335 -38.439449
v 33.912811 -52.640102 -39.434715
v 28.080790 -53.401768 -40.027187
v 27.366980 -51.303772 -36.452995
v 33.212341 -50.664814 -35.957333
v 33.212341 -50.664814 -35.957333
v 31.670460 -47.651348 -31.100906
v 37.234909 -47.238823 -30.445202
v 39.275211 -50.195339 -35.220757
v 33.212341 -50.664814 -35.957333
v 27.366980 -51.303772 -36.452995
v 26.061689 -48.136890 -31.583241
v 31.670460 -47.651348 -31.100906
v 31.670460 -47.651348 -31.100906
v 29.877850 -44.408531 -25.668781
v 35.165199 -44.081841 -25.249727
v 37.234909 -47.238823 -30.445202
v 31.670460 -47.651348 -31.100906
v 26.061689 -48.136890 -31.583241
v 24.521049 -44.761200 -26.124962
v 29.877850 -44.408531 -25.668781
v 24.521049 -44.761200 -26.124962
v 26.061689 -48.136890 -31.583241
v 21.099770 -48.773209 -32.209297
v 19.166470 -45.331837 -26.880499
v 24.521049 -44.761200 -26.124962
v 22.790251 -41.331825 -20.298384
v 28.051689 -40.975754 -19.821131
v 29.877850 -44.408531 -25.668781
v 24.521049 -44.761200 -26.124962
v 19.166470 -45.331837 -26.880499
v 17.160999 -41.927666 -21.093025
v 22.790251 -41.331825 -20.298384
v 17.160999 -41.927666 -21.093025
v 19.166470 -45.331837 -26.880499
v 13.895320 -46.480499 -27.726810
v 11.578540 -43.069424 -21.951859
v 17.160999 -41.927666 -21.093025
v 15.429650 -38.288288 -14.903981
v 21.480030 -37.877518 -14.388086
v 22.790251 -41.331825 -20.298384
v 17.160999 -41.927666 -21.093025
v 11.578540 -43.069424 -21.951859
v 9.288670 -39.003353 -15.112631
v 15.429650 -38.288288 -14.903981
v 9.288670 -39.003353 -15.112631
v 11.578540 -43.069424 -21.951859
v 8.502000 -43.777733 -22.458275
v 7.799650 -39.223091 -15.110247
v 9.288670 -39.003353 -15.112631
v 11.502770 -35.103737 -9.374303
v 16.642050 -35.051437 -9.464598
v 15.429650 -38.288288 -14.903981
v 9.288670 -39.003353 -15.112631
v 7.799650 -39.223091 -15.110247
v 8.400460 -34.611645 -8.349623
v 11.502770 -35.103737 -9.374303
v 15.429650 -38.288288 -14.903981
v 16.642050 -35.051437 -9.464598
v 22.624241 -34.928448 -9.381271
v 21.480030 -37.877518 -14.388086
v 22.624241 -34.928448 -9.381271
v 29.029150 -35.039566 -9.702841
v 28.036280 -37.928982 -14.617174
v 21.480030 -37.877518 -14.388086
v 22.624241 -34.928448 -9.381271
v 23.632250 -31.861979 -4.162758
v 30.229839 -32.133007 -4.757209
v 29.029150 -35.039566 -9.702841
v 22.624241 -34.928448 -9.381271
v 16.642050 -35.051437 -9.464598
v 17.620180 -32.304188 -4.799308
v 23.632250 -31.861979 -4.162758
v 23.632250 -31.861979 -4.162758
v 24.064659 -29.768452 -0.591603
v 31.071100 -30.214190 -1.492867
v 30.229839 -32.133007 -4.757209
v 23.632250 -31.861979 -4.162758
v 17.620180 -32.304188 -4.799308
v 17.290951 -30.232689 -1.253594
v 24.064659 -29.768452 -0.591603
v 24.064659 -29.768452 -0.591603
v 24.273560 -28.888784 0.912895
v 31.448151 -29.383694 -0.074818
v 31.071100 -30.214190 -1.492867
v 24.064659 -29.768452 -0.591603
v 17.290951 -30.232689 -1.253594
v 16.670300 -28.412582 1.871322
v 24.273560 -28.888784 0.912895
v 16.670300 -28.412582 1.871322
v 17.290951 -30.232689 -1.253594
v 11.428720 -31.467886 -3.116872
v 9.131430 -29.810646 -0.201829
v 16.670300 -28.412582 1.871322
v 16.477690 -27.648790 3.191184
v 24.473440 -28.185352 2.123078
v 24.273560 -28.888784 0.912895
v 16.670300 -28.412582 1.871322
v 9.131430 -29.810646 -0.201829
v 8.436020 -28.865700 1.550191
v 16.477690 -27.648790 3.191184
v 16.477690 -27.648790 3.191184
v 16.406679 -27.952984 2.640954
v 24.288549 -27.943014 2.545704
v 24.473440 -28.185352 2.123078
v 16.477690 -27.648790 3.191184
v 8.436020 -28.865700 1.550191
v 7.604720 -28.308136 2.628052
v 16.406679 -27.952984 2.640954
v 7.604720 -28.308136 2.628052
v 8.436020 -28.865700 1.550191
v 2.401690 -30.153912 -0.188453
v 1.197540 -29.018402 1.650601
v 7.604720 -28.308136 2.628052
v 7.136590 -28.184605 3.192883
v 16.337629 -28.144260 2.627024
v 16.406679 -27.952984 2.640954
v 7.604720 -28.308136 2.628052
v 1.197540 -29.018402 1.650601
v 1.202140 -28.946289 2.005429
v 7.136590 -28.184605 3.192883
v 7.136590 -28.184605 3.192883
v 8.335670 -28.812489 1.947236
v 16.384319 -28.380478 2.191783
v 16.337629 -28.144260 2.627024
v 7.136590 -28.184605 3.192883
v 1.202140 -28.946289 2.005429
v 2.054290 -29.178061 1.577155
v 8.335670 -28.812489 1.947236
v 8.335670 -28.812489 1.947236
v 7.178990 -28.607395 2.305950
v 16.107710 -28.362724 2.226012
v 16.384319 -28.380478 2.191783
v 8.335670 -28.812489 1.947236
v 2.054290 -29.178061 1.577155
v 3.537370 -30.452362 -0.542161
v 7.178990 -28.607395 2.305950
v 7.178990 -28.607395 2.305950
v 8.600650 -29.871704 -0.016479
v 16.322380 -29.477087 0.320150
v 16.107710 -28.362724 2.226012
v 7.178990 -28.607395 2.305950
v 3.537370 -30.452362 -0.542161
v 6.074870 -32.123901 -3.676303
v 8.600650 -29.871704 -0.016479
v 16.107710 -28.362724 2.226012
v 24.125351 -28.954874 1.048831
v 24.388760 -28.233562 2.265587
v 16.384319 -28.380478 2.191783
v 16.107710 -28.362724 2.226012
v 16.322380 -29.477087 0.320150
v 23.866751 -29.888975 -0.538259
v 24.125351 -28.954874 1.048831
v 24.125351 -28.954874 1.048831
v 31.422850 -29.495558 -0.020705
v 31.707050 -28.900898 0.981422
v 24.388760 -28.233562 2.265587
v 24.125351 -28.954874 1.048831
v 23.866751 -29.888975 -0.538259
v 31.014259 -30.376801 -1.512408
v 31.422850 -29.495558 -0.020705
v 31.422850 -29.495558 -0.020705
v 38.467072 -30.456182 -1.804095
v 38.822880 -29.853262 -0.787694
v 31.707050 -28.900898 0.981422
v 31.422850 -29.495558 -0.020705
v 31.014259 -30.376801 -1.512408
v 37.950161 -31.311646 -3.251420
v 38.467072 -30.456182 -1.804095
v 37.950161 -31.311646 -3.251420
v 44.446430 -32.696030 -5.702703
v 45.417992 -31.732609 -4.101229
v 38.467072 -30.456182 -1.804095
v 37.950161 -31.311646 -3.251420
v 36.641350 -33.374336 -6.750525
v 42.354610 -34.684361 -9.075224
v 44.446430 -32.696030 -5.702703
v 37.950161 -31.311646 -3.251420
v 31.014259 -30.376801 -1.512408
v 30.146070 -32.590553 -5.280344
v 36.641350 -33.374336 -6.750525
v 42.354610 -34.684361 -9.075224
v 46.441921 -36.619263 -12.466260
v 49.253368 -35.284943 -9.826996
v 44.446430 -32.696030 -5.702703
v 42.354610 -34.684361 -9.075224
v 40.208172 -37.159702 -13.287452
v 44.628010 -38.619705 -15.868307
v 46.441921 -36.619263 -12.466260
v 42.354610 -34.684361 -9.075224
v 36.641350 -33.374336 -6.750525
v 35.189121 -36.093452 -11.366309
v 40.208172 -37.159702 -13.287452
v 40.208172 -37.159702 -13.287452
v 39.054081 -39.443085 -17.166451
v 43.103710 -40.738972 -19.464817
v 44.628010 -38.619705 -15.868307
v 40.208172 -37.159702 -13.287452
v 35.189121 -36.093452 -11.366309
v 34.383320 -38.759506 -15.908070
v 39.054081 -39.443085 -17.166451
v 44.446430 -32.696030 -5.702703
v 49.253368 -35.284943 -9.826996
v 51.989979 -33.778450 -7.473487
v 45.417992 -31.732609 -4.101229
v 51.989979 -33.778450 -7.473487
v 52.747398 -33.175903 -6.695779
v 45.953690 -31.152405 -3.143173
v 45.417992 -31.732609 -4.101229
v 51.989979 -33.778450 -7.473487
v 56.770451 -37.118786 -12.864843
v 58.148140 -36.622780 -12.286405
v 52.747398 -33.175903 -6.695779
v 51.989979 -33.778450 -7.473487
v 49.253368 -35.284943 -9.826996
v 54.066490 -37.680317 -14.062639
v 56.770451 -37.118786 -12.864843
v 56.770451 -37.118786 -12.864843
v 58.209839 -40.870163 -19.703192
v 59.874039 -40.879822 -19.588348
v 58.148140 -36.622780 -12.286405
v 56.770451 -37.118786 -12.864843
v 54.066490 -37.680317 -14.062639
v 53.516232 -40.773033 -19.207607
v 58.209839 -40.870163 -19.703192
v 58.209839 -40.870163 -19.703192
v 53.516232 -40.773033 -19.207607
v 52.885571 -44.036110 -24.956118
v 56.540211 -44.976528 -26.563744
v 58.209839 -40.870163 -19.703192
v 56.540211 -44.976528 -26.563744
v 58.485771 -45.371342 -27.287130
v 59.874039 -40.879822 -19.588348
v 58.485771 -45.371342 -27.287130
v 56.540211 -44.976528 -26.563744
v 52.037182 -47.971649 -31.703712
v 53.998341 -48.806236 -32.961868
v 58.485771 -45.371342 -27.287130
v 59.966709 -45.541981 -27.796059
v 61.244621 -40.772514 -19.541702
v 59.874039 -40.879822 -19.588348
v 58.485771 -45.371342 -27.287130
v 53.998341 -48.806236 -32.961868
v 55.522240 -49.442753 -33.972252
v 59.966709 -45.541981 -27.796059
v 55.522240 -49.442753 -33.972252
v 53.998341 -48.806236 -32.961868
v 47.222519 -51.488132 -37.195206
v 48.421680 -52.192360 -38.397877
v 55.522240 -49.442753 -33.972252
v 55.218788 -49.342445 -33.672508
v 59.515511 -45.234009 -27.236494
v 59.966709 -45.541981 -27.796059
v 55.522240 -49.442753 -33.972252
v 48.421680 -52.192360 -38.397877
v 49.533089 -52.733360 -39.436470
v 55.218788 -49.342445 -33.672508
v 55.218788 -49.342445 -33.672508
v 54.898041 -48.951748 -33.369904
v 58.917320 -44.942657 -27.063599
v 59.515511 -45.234009 -27.236494
v 55.218788 -49.342445 -33.672508
v 49.533089 -52.733360 -39.436470
v 49.020741 -52.227913 -38.702465
v 54.898041 -48.951748 -33.369904
v 54.898041 -48.951748 -33.369904
v 55.052109 -48.861294 -33.198441
v 59.197079 -45.028954 -27.185318
v 58.917320 -44.942657 -27.063599
v 54.898041 -48.951748 -33.369904
v 49.020741 -52.227913 -38.702465
v 48.078892 -51.487610 -37.434895
v 55.052109 -48.861294 -33.198441
v 55.052109 -48.861294 -33.198441
v 53.545792 -48.096924 -31.963856
v 57.635422 -44.696480 -26.358131
v 59.197079 -45.028954 -27.185318
v 55.052109 -48.861294 -33.198441
v 48.078892 -51.487610 -37.434895
v 47.008770 -50.573360 -35.876194
v 53.545792 -48.096924 -31.963856
v 53.545792 -48.096924 -31.963856
v 51.301041 -46.935486 -30.126757
v 55.077881 -43.965958 -25.081049
v 57.635422 -44.696480 -26.358131
v 53.545792 -48.096924 -31.963856
v 47.008770 -50.573360 -35.876194
v 45.321442 -49.052738 -33.331993
v 51.301041 -46.935486 -30.126757
v 45.321442 -49.052738 -33.331993
v 47.008770 -50.573360 -35.876194
v 40.446190 -52.133335 -38.439449
v 39.275211 -50.195339 -35.220757
v 45.321442 -49.052738 -33.331993
v 42.642429 -46.438850 -29.136566
v 47.166908 -44.815834 -26.503654
v 51.301041 -46.935486 -30.126757
v 45.321442 -49.052738 -33.331993
v 39.275211 -50.195339 -35.220757
v 37.234909 -47.238823 -30.445202
v 42.642429 -46.438850 -29.136566
v 51.301041 -46.935486 -30.126757
v 47.166908 -44.815834 -26.503654
v 50.286308 -42.570671 -22.763378
v 55.077881 -43.965958 -25.081049
v 55.077881 -43.965958 -25.081049
v 55.958271 -40.428162 -19.026815
v 58.604839 -40.462215 -19.296997
v 57.635422 -44.696480 -26.358131
v 55.077881 -43.965958 -25.081049
v 50.286308 -42.570671 -22.763378
v 50.467331 -40.056900 -18.475914
v 55.958271 -40.428162 -19.026815
v 58.604839 -40.462215 -19.296997
v 60.142811 -40.600044 -19.340693
v 59.197079 -45.028954 -27.185318
v 57.635422 -44.696480 -26.358131
v 58.604839 -40.462215 -19.296997
v 56.844479 -36.778519 -12.583621
v 58.190239 -36.339012 -12.119769
v 60.142811 -40.600044 -19.340693
v 58.604839 -40.462215 -19.296997
v 55.958271 -40.428162 -19.026815
v 53.090080 -37.518291 -14.199331
v 56.844479 -36.778519 -12.583621
v 56.844479 -36.778519 -12.583621
v 53.090080 -37.518291 -14.199331
v 48.833080 -35.470249 -10.285085
v 51.797531 -33.610947 -7.427039
v 56.844479 -36.778519 -12.583621
v 51.797531 -33.610947 -7.427039
v 52.588589 -33.043575 -6.724982
v 58.190239 -36.339012 -12.119769
v 52.588589 -33.043575 -6.724982
v 51.797531 -33.610947 -7.427039
v 44.912571 -31.958984 -4.726631
v 45.573330 -31.317513 -3.666985
v 52.588589 -33.043575 -6.724982
v 53.261810 -32.608818 -6.021359
v 59.312950 -35.996693 -11.718863
v 58.190239 -36.339012 -12.119769
v 52.588589 -33.043575 -6.724982
v 45.573330 -31.317513 -3.666985
v 46.093140 -30.780376 -2.757332
v 53.261810 -32.608818 -6.021359
v 46.093140 -30.780376 -2.757332
v 45.573330 -31.317513 -3.666985
v 38.495720 -30.202152 -1.617553
v 38.870602 -29.616270 -0.613903
v 46.093140 -30.780376 -2.757332
v 46.553841 -30.297262 -1.898529
v 53.925152 -32.241882 -5.310410
v 53.261810 -32.608818 -6.021359
v 46.093140 -30.780376 -2.757332
v 38.870602 -29.616270 -0.613903
v 39.198780 -29.113792 0.277843
v 46.553841 -30.297262 -1.898529
v 39.198780 -29.113792 0.277843
v 38.870602 -29.616270 -0.613903
v 31.729469 -28.778587 0.961204
v 31.979940 -28.253876 1.882204
v 39.198780 -29.113792 0.277843
v 39.132210 -29.316481 0.104925
v 46.363140 -30.638550 -2.296316
v 46.553841 -30.297262 -1.898529
v 39.198780 -29.113792 0.277843
v 31.979940 -28.253876 1.882204
v 31.965780 -28.349957 1.882965
v 39.132210 -29.316481 0.104925
v 31.965780 -28.349957 1.882965
v 31.979940 -28.253876 1.882204
v 24.288549 -27.943014 2.545704
v 24.249640 -28.064827 2.640387
v 31.965780 -28.349957 1.882965
v 31.707050 -28.900898 0.981422
v 38.822880 -29.853262 -0.787694
v 39.132210 -29.316481 0.104925
v 31.965780 -28.349957 1.882965
v 24.249640 -28.064827 2.640387
v 24.388760 -28.233562 2.265587
v 31.707050 -28.900898 0.981422
v 24.249640 -28.064827 2.640387
v 24.288549 -27.943014 2.545704
v 16.406679 -27.952984 2.640954
v 16.337629 -28.144260 2.627024
v 24.249640 -28.064827 2.640387
v 16.337629 -28.144260 2.627024
v 16.384319 -28.380478 2.191783
v 24.388760 -28.233562 2.265587
v 39.132210 -29.316481 0.104925
v 38.822880 -29.853262 -0.787694
v 45.953690 -31.152405 -3.143173
v 46.363140 -30.638550 -2.296316
v 46.363140 -30.638550 -2.296316
v 53.368328 -32.714752 -5.963075
v 53.925152 -32.241882 -5.310410
v 46.553841 -30.297262 -1.898529
v 46.363140 -30.638550 -2.296316
v 45.953690 -31.152405 -3.143173
v 52.747398 -33.175903 -6.695779
v 53.368328 -32.714752 -5.963075
v 53.368328 -32.714752 -5.963075
v 59.250629 -36.195133 -11.803280
v 60.209961 -35.948357 -11.235914
v 53.925152 -32.241882 -5.310410
v 53.368328 -32.714752 -5.963075
v 52.747398 -33.175903 -6.695779
v 58.148140 -36.622780 -12.286405
v 59.250629 -36.195133 -11.803280
v 59.250629 -36.195133 -11.803280
v 61.244621 -40.772514 -19.541702
v 62.524311 -40.656799 -19.592548
v 60.209961 -35.948357 -11.235914
v 59.250629 -36.195133 -11.803280
v 58.148140 -36.622780 -12.286405
v 59.874039 -40.879822 -19.588348
v 61.244621 -40.772514 -19.541702
v 62.524311 -40.656799 -19.592548
v 61.244621 -40.772514 -19.541702
v 59.966709 -45.541981 -27.796059
v 59.515511 -45.234009 -27.236494
v 62.524311 -40.656799 -19.592548
v 60.435329 -40.711117 -19.366348
v 59.312950 -35.996693 -11.718863
v 60.209961 -35.948357 -11.235914
v 62.524311 -40.656799 -19.592548
v 59.515511 -45.234009 -27.236494
v 58.917320 -44.942657 -27.063599
v 60.435329 -40.711117 -19.366348
v 60.435329 -40.711117 -19.366348
v 60.142811 -40.600044 -19.340693
v 58.190239 -36.339012 -12.119769
v 59.312950 -35.996693 -11.718863
v 60.435329 -40.711117 -19.366348
v 58.917320 -44.942657 -27.063599
v 59.197079 -45.028954 -27.185318
v 60.142811 -40.600044 -19.340693
v 60.209961 -35.948357 -11.235914
v 59.312950 -35.996693 -11.718863
v 53.261810 -32.608818 -6.021359
v 53.925152 -32.241882 -5.310410
v 31.729469 -28.778587 0.961204
v 31.448151 -29.383694 -0.074818
v 24.273560 -28.888784 0.912895
v 24.473440 -28.185352 2.123078
v 31.729469 -28.778587 0.961204
v 38.870602 -29.616270 -0.613903
v 38.495720 -30.202152 -1.617553
v 31.448151 -29.383694 -0.074818
v 31.729469 -28.778587 0.961204
v 24.473440 -28.185352 2.123078
v 24.288549 -27.943014 2.545704
v 31.979940 -28.253876 1.882204
v 38.495720 -30.202152 -1.617553
v 37.997871 -30.973240 -2.932088
v 31.071100 -30.214190 -1.492867
v 31.448151 -29.383694 -0.074818
v 38.495720 -30.202152 -1.617553
v 45.573330 -31.317513 -3.666985
v 44.912571 -31.958984 -4.726631
v 37.997871 -30.973240 -2.932088
v 37.997871 -30.973240 -2.932088
v 36.924160 -32.616379 -5.719097
v 30.229839 -32.133007 -4.757209
v 31.071100 -30.214190 -1.492867
v 37.997871 -30.973240 -2.932088
v 44.912571 -31.958984 -4.726631
v 43.518940 -33.324646 -7.016144
v 36.924160 -32.616379 -5.719097
v 43.518940 -33.324646 -7.016144
v 41.225319 -35.912167 -11.435053
v 35.283321 -35.374512 -10.399721
v 36.924160 -32.616379 -5.719097
v 43.518940 -33.324646 -7.016144
v 48.833080 -35.470249 -10.285085
v 46.468681 -37.034241 -13.440205
v 41.225319 -35.912167 -11.435053
v 43.518940 -33.324646 -7.016144
v 44.912571 -31.958984 -4.726631
v 51.797531 -33.610947 -7.427039
v 48.833080 -35.470249 -10.285085
v 41.225319 -35.912167 -11.435053
v 39.765530 -38.608028 -16.016144
v 34.079201 -38.238464 -15.268744
v 35.283321 -35.374512 -10.399721
v 41.225319 -35.912167 -11.435053
v 46.468681 -37.034241 -13.440205
v 45.262772 -39.198177 -17.127142
v 39.765530 -38.608028 -16.016144
v 39.765530 -38.608028 -16.016144
v 39.362301 -41.126183 -20.308151
v 33.651958 -41.055218 -20.074760
v 34.079201 -38.238464 -15.268744
v 39.765530 -38.608028 -16.016144
v 45.262772 -39.198177 -17.127142
v 44.827042 -41.506199 -21.055744
v 39.362301 -41.126183 -20.308151
v 33.651958 -41.055218 -20.074760
v 35.165199 -44.081841 -25.249727
v 29.877850 -44.408531 -25.668781
v 28.051689 -40.975754 -19.821131
v 33.651958 -41.055218 -20.074760
v 39.362301 -41.126183 -20.308151
v 40.339420 -43.691277 -24.673996
v 35.165199 -44.081841 -25.249727
v 33.651958 -41.055218 -20.074760
v 28.051689 -40.975754 -19.821131
v 28.036280 -37.928982 -14.617174
v 34.079201 -38.238464 -15.268744
v 34.079201 -38.238464 -15.268744
v 28.036280 -37.928982 -14.617174
v 29.029150 -35.039566 -9.702841
v 35.283321 -35.374512 -10.399721
v 35.283321 -35.374512 -10.399721
v 29.029150 -35.039566 -9.702841
v 30.229839 -32.133007 -4.757209
v 36.924160 -32.616379 -5.719097
v 52.037182 -47.971649 -31.703712
v 48.807121 -46.671631 -29.271439
v 43.268780 -48.684395 -32.671272
v 45.754879 -50.511940 -35.573624
v 52.037182 -47.971649 -31.703712
v 56.540211 -44.976528 -26.563744
v 52.885571 -44.036110 -24.956118
v 48.807121 -46.671631 -29.271439
v 52.037182 -47.971649 -31.703712
v 45.754879 -50.511940 -35.573624
v 47.222519 -51.488132 -37.195206
v 53.998341 -48.806236 -32.961868
v 48.807121 -46.671631 -29.271439
v 44.720390 -44.591373 -26.007782
v 39.926201 -46.163452 -28.593189
v 43.268780 -48.684395 -32.671272
v 48.807121 -46.671631 -29.271439
v 52.885571 -44.036110 -24.956118
v 47.744450 -42.434814 -22.294250
v 44.720390 -44.591373 -26.007782
v 47.744450 -42.434814 -22.294250
v 43.103710 -40.738972 -19.464817
v 40.797890 -42.533134 -22.481462
v 44.720390 -44.591373 -26.007782
v 47.744450 -42.434814 -22.294250
v 48.858002 -39.969303 -18.181477
v 44.628010 -38.619705 -15.868307
v 43.103710 -40.738972 -19.464817
v 47.744450 -42.434814 -22.294250
v 52.885571 -44.036110 -24.956118
v 53.516232 -40.773033 -19.207607
v 48.858002 -39.969303 -18.181477
v 44.720390 -44.591373 -26.007782
v 40.797890 -42.533134 -22.481462
v 36.828571 -43.716835 -24.422050
v 39.926201 -46.163452 -28.593189
v 39.926201 -46.163452 -28.593189
v 36.828571 -43.716835 -24.422050
v 31.712790 -44.342766 -25.347300
v 34.393040 -47.153084 -29.976437
v 39.926201 -46.163452 -28.593189
v 34.393040 -47.153084 -29.976437
v 37.265701 -50.031960 -34.592663
v 43.268780 -48.684395 -32.671272
v 43.268780 -48.684395 -32.671272
v 37.265701 -50.031960 -34.592663
v 39.206551 -52.099327 -38.049950
v 45.754879 -50.511940 -35.573624
v 45.953690 -31.152405 -3.143173
v 38.822880 -29.853262 -0.787694
v 38.467072 -30.456182 -1.804095
v 45.417992 -31.732609 -4.101229
v 28.036280 -37.928982 -14.617174
v 28.051689 -40.975754 -19.821131
v 22.790251 -41.331825 -20.298384
v 21.480030 -37.877518 -14.388086
v 35.165199 -44.081841 -25.249727
v 40.339420 -43.691277 -24.673996
v 42.642429 -46.438850 -29.136566
v 37.234909 -47.238823 -30.445202
v 31.712790 -44.342766 -25.347300
v 36.828571 -43.716835 -24.422050
v 34.874290 -41.263477 -20.197163
v 29.813841 -41.461166 -20.430563
v 16.322380 -29.477087 0.320150
v 8.600650 -29.871704 -0.016479
v 11.644570 -32.979042 -5.481483
v 17.188761 -32.074257 -4.132997
v 10.922850 -47.145786 -28.092899
v 12.598800 -50.356846 -32.891880
v 17.676180 -49.827930 -32.690830
v 15.365820 -46.283253 -27.495201
v 10.922850 -47.145786 -28.092899
v 8.469500 -47.657269 -28.498640
v 10.086180 -50.695271 -33.071110
v 12.598800 -50.356846 -32.891880
v 10.086180 -50.695271 -33.071110
v 11.566360 -53.970699 -37.212929
v 13.405910 -53.679626 -37.052620
v 12.598800 -50.356846 -32.891880
v 10.086180 -50.695271 -33.071110
v 8.317780 -50.984264 -33.250584
v 10.285660 -54.148418 -37.397850
v 11.566360 -53.970699 -37.212929
v 10.086180 -50.695271 -33.071110
v 8.469500 -47.657269 -28.498640
v 6.688200 -48.101986 -28.919495
v 8.317780 -50.984264 -33.250584
v 10.285660 -54.148418 -37.397850
v 12.615830 -57.277603 -41.393204
v 13.155870 -57.236279 -41.303497
v 11.566360 -53.970699 -37.212929
v 10.285660 -54.148418 -37.397850
v 10.882670 -54.164513 -37.353134
v 14.015870 -57.054379 -41.361237
v 12.615830 -57.277603 -41.393204
v 10.285660 -54.148418 -37.397850
v 8.317780 -50.984264 -33.250584
v 7.971830 -51.284637 -33.097591
v 10.882670 -54.164513 -37.353134
v 10.882670 -54.164513 -37.353134
v 13.013000 -53.754993 -37.291473
v 15.981810 -56.667988 -41.130238
v 14.015870 -57.054379 -41.361237
v 10.882670 -54.164513 -37.353134
v 7.971830 -51.284637 -33.097591
v 9.598890 -50.884644 -33.157326
v 13.013000 -53.754993 -37.291473
v 13.013000 -53.754993 -37.291473
v 15.809310 -53.446651 -37.206570
v 18.568529 -56.489075 -41.183380
v 15.981810 -56.667988 -41.130238
v 13.013000 -53.754993 -37.291473
v 9.598890 -50.884644 -33.157326
v 11.893770 -50.433575 -33.093460
v 15.809310 -53.446651 -37.206570
v 15.981810 -56.667988 -41.130238
v 17.381290 -59.119125 -44.377125
v 15.846650 -59.610672 -44.728539
v 14.015870 -57.054379 -41.361237
v 15.981810 -56.667988 -41.130238
v 18.568529 -56.489075 -41.183380
v 19.106020 -58.667076 -44.294140
v 17.381290 -59.119125 -44.377125
v 17.381290 -59.119125 -44.377125
v 18.697149 -61.334793 -47.381908
v 17.257389 -61.821255 -47.669075
v 15.846650 -59.610672 -44.728539
v 17.381290 -59.119125 -44.377125
v 19.106020 -58.667076 -44.294140
v 20.017120 -60.659500 -47.030834
v 18.697149 -61.334793 -47.381908
v 18.697149 -61.334793 -47.381908
v 19.383570 -63.278130 -49.991001
v 17.922260 -63.503273 -49.847893
v 17.257389 -61.821255 -47.669075
v 18.697149 -61.334793 -47.381908
v 20.017120 -60.659500 -47.030834
v 20.500959 -62.809425 -49.903828
v 19.383570 -63.278130 -49.991001
v 20.500959 -62.809425 -49.903828
v 20.676140 -64.794586 -52.403820
v 19.314840 -64.699539 -51.801018
v 19.383570 -63.278130 -49.991001
v 20.500959 -62.809425 -49.903828
v 21.390671 -61.864506 -50.421795
v 20.869619 -64.163048 -52.248070
v 20.676140 -64.794586 -52.403820
v 20.500959 -62.809425 -49.903828
v 20.017120 -60.659500 -47.030834
v 21.407310 -59.709568 -46.782898
v 21.390671 -61.864506 -50.421795
v 21.390671 -61.864506 -50.421795
v 21.435520 -62.500668 -49.731972
v 20.776279 -64.075485 -52.109344
v 20.869619 -64.163048 -52.248070
v 21.390671 -61.864506 -50.421795
v 21.407310 -59.709568 -46.782898
v 21.874760 -59.958046 -47.181164
v 21.435520 -62.500668 -49.731972
v 21.435520 -62.500668 -49.731972
v 20.517160 -62.839264 -49.656837
v 20.040489 -64.477234 -51.621437
v 20.776279 -64.075485 -52.109344
v 21.435520 -62.500668 -49.731972
v 21.874760 -59.958046 -47.181164
v 20.990330 -59.943390 -46.662334
v 20.517160 -62.839264 -49.656837
v 20.517160 -62.839264 -49.656837
v 18.787189 -62.779045 -48.956856
v 18.483761 -64.373314 -50.854519
v 20.040489 -64.477234 -51.621437
v 20.517160 -62.839264 -49.656837
v 20.990330 -59.943390 -46.662334
v 19.208790 -59.987888 -45.726360
v 18.787189 -62.779045 -48.956856
v 18.787189 -62.779045 -48.956856
v 16.666201 -62.668373 -48.429649
v 16.872740 -64.327484 -50.503620
v 18.483761 -64.373314 -50.854519
v 18.787189 -62.779045 -48.956856
v 19.208790 -59.987888 -45.726360
v 16.374020 -60.030479 -45.135101
v 16.666201 -62.668373 -48.429649
v 16.666201 -62.668373 -48.429649
v 15.570810 -62.360718 -47.925896
v 15.967480 -64.053421 -50.050423
v 16.872740 -64.327484 -50.503620
v 16.666201 -62.668373 -48.429649
v 16.374020 -60.030479 -45.135101
v 14.852060 -60.148258 -45.106045
v 15.570810 -62.360718 -47.925896
v 14.852060 -60.148258 -45.106045
v 14.359980 -59.978016 -44.836456
v 15.239340 -62.170799 -47.819046
v 15.570810 -62.360718 -47.925896
v 14.852060 -60.148258 -45.106045
v 14.586660 -57.032230 -41.212627
v 13.155870 -57.236279 -41.303497
v 14.359980 -59.978016 -44.836456
v 14.852060 -60.148258 -45.106045
v 16.374020 -60.030479 -45.135101
v 17.558729 -56.988098 -41.534634
v 14.586660 -57.032230 -41.212627
v 14.359980 -59.978016 -44.836456
v 14.513740 -59.950657 -45.002369
v 15.871750 -62.241943 -47.990860
v 15.239340 -62.170799 -47.819046
v 14.359980 -59.978016 -44.836456
v 13.155870 -57.236279 -41.303497
v 12.615830 -57.277603 -41.393204
v 14.513740 -59.950657 -45.002369
v 14.513740 -59.950657 -45.002369
v 15.846650 -59.610672 -44.728539
v 17.257389 -61.821255 -47.669075
v 15.871750 -62.241943 -47.990860
v 14.513740 -59.950657 -45.002369
v 12.615830 -57.277603 -41.393204
v 14.015870 -57.054379 -41.361237
v 15.846650 -59.610672 -44.728539
v 15.871750 -62.241943 -47.990860
v 16.543060 -63.786812 -49.978378
v 15.818620 -63.837849 -49.939720
v 15.239340 -62.170799 -47.819046
v 15.871750 -62.241943 -47.990860
v 17.257389 -61.821255 -47.669075
v 17.922260 -63.503273 -49.847893
v 16.543060 -63.786812 -49.978378
v 16.543060 -63.786812 -49.978378
v 16.829180 -64.893623 -51.383522
v 16.180519 -65.022896 -51.441135
v 15.818620 -63.837849 -49.939720
v 16.543060 -63.786812 -49.978378
v 17.922260 -63.503273 -49.847893
v 18.047489 -64.750458 -51.415596
v 16.829180 -64.893623 -51.383522
v 15.818620 -63.837849 -49.939720
v 16.180519 -65.022896 -51.441135
v 16.221460 -65.212219 -51.499344
v 15.967480 -64.053421 -50.050423
v 15.818620 -63.837849 -49.939720
v 15.967480 -64.053421 -50.050423
v 15.570810 -62.360718 -47.925896
v 15.239340 -62.170799 -47.819046
v 15.967480 -64.053421 -50.050423
v 16.221460 -65.212219 -51.499344
v 16.927731 -65.256790 -51.661446
v 16.872740 -64.327484 -50.503620
v 16.872740 -64.327484 -50.503620
v 16.927731 -65.256790 -51.661446
v 18.057159 -65.402863 -52.069500
v 18.483761 -64.373314 -50.854519
v 18.483761 -64.373314 -50.854519
v 18.057159 -65.402863 -52.069500
v 19.198530 -65.573486 -52.657188
v 20.040489 -64.477234 -51.621437
v 19.198530 -65.573486 -52.657188
v 18.327080 -66.376358 -53.452156
v 19.100700 -66.393570 -53.721237
v 19.912319 -65.664162 -53.002464
v 19.198530 -65.573486 -52.657188
v 18.057159 -65.402863 -52.069500
v 17.482969 -66.161232 -52.933201
v 18.327080 -66.376358 -53.452156
v 19.198530 -65.573486 -52.657188
v 19.912319 -65.664162 -53.002464
v 20.776279 -64.075485 -52.109344
v 20.040489 -64.477234 -51.621437
v 18.327080 -66.376358 -53.452156
v 17.645010 -67.049103 -54.259087
v 18.574381 -66.811707 -54.014660
v 19.100700 -66.393570 -53.721237
v 18.327080 -66.376358 -53.452156
v 17.482969 -66.161232 -52.933201
v 16.749540 -66.854424 -53.747726
v 17.645010 -67.049103 -54.259087
v 17.645010 -67.049103 -54.259087
v 18.003620 -66.521561 -53.755939
v 18.939270 -66.418800 -53.895260
v 18.574381 -66.811707 -54.014660
v 17.645010 -67.049103 -54.259087
v 16.749540 -66.854424 -53.747726
v 17.066071 -66.448532 -53.408592
v 18.003620 -66.521561 -53.755939
v 18.003620 -66.521561 -53.755939
v 18.717270 -65.742767 -52.911602
v 19.754450 -65.882309 -53.458027
v 18.939270 -66.418800 -53.895260
v 18.003620 -66.521561 -53.755939
v 17.066071 -66.448532 -53.408592
v 17.699051 -65.643753 -52.493412
v 18.717270 -65.742767 -52.911602
v 18.717270 -65.742767 -52.911602
v 19.314840 -64.699539 -51.801018
v 20.676140 -64.794586 -52.403820
v 19.754450 -65.882309 -53.458027
v 18.717270 -65.742767 -52.911602
v 17.699051 -65.643753 -52.493412
v 18.047489 -64.750458 -51.415596
v 19.314840 -64.699539 -51.801018
v 20.066839 -65.482460 -53.425495
v 19.912319 -65.664162 -53.002464
v 19.100700 -66.393570 -53.721237
v 19.404690 -66.126129 -53.966892
v 20.066839 -65.482460 -53.425495
v 20.869619 -64.163048 -52.248070
v 20.776279 -64.075485 -52.109344
v 19.912319 -65.664162 -53.002464
v 19.314840 -64.699539 -51.801018
v 18.047489 -64.750458 -51.415596
v 17.922260 -63.503273 -49.847893
v 19.383570 -63.278130 -49.991001
v 13.155870 -57.236279 -41.303497
v 14.586660 -57.032230 -41.212627
v 13.405910 -53.679626 -37.052620
v 11.566360 -53.970699 -37.212929
v 5.329900 -39.796768 -15.316196
v 4.093520 -34.937138 -8.080403
v 3.494530 -35.117092 -8.630707
v 4.850510 -39.652733 -15.273222
v 26.719540 -53.475632 -39.444878
v 24.635050 -51.574821 -35.955120
v 19.253241 -53.436317 -37.441597
v 22.433380 -54.933727 -40.540283
v 20.990330 -59.943390 -46.662334
v 21.874760 -59.958046 -47.181164
v 22.894489 -57.660805 -45.280342
v 21.886721 -57.369537 -44.434113
v 16.749540 -66.854424 -53.747726
v 16.458851 -66.070389 -52.596931
v 16.534630 -65.839752 -52.509224
v 17.066071 -66.448532 -53.408592
v 16.221460 -65.212219 -51.499344
v 16.180519 -65.022896 -51.441135
v 16.534630 -65.839752 -52.509224
v 16.458851 -66.070389 -52.596931
v 50.467331 -40.056900 -18.475914
v 50.286308 -42.570671 -22.763378
v 44.827042 -41.506199 -21.055744
v 45.262772 -39.198177 -17.127142
v 1.202140 -28.946289 2.005429
v 0.340500 -32.907707 -4.132183
v 1.650850 -32.444710 -3.506980
v 2.054290 -29.178061 1.577155
v 1.197540 -29.018402 1.650601
v 2.401690 -30.153912 -0.188453
v 1.536830 -32.644897 -4.042129
v 0.324300 -32.834087 -4.148227
v 18.574381 -66.811707 -54.014660
v 18.939270 -66.418800 -53.895260
v 19.404690 -66.126129 -53.966892
v 19.100700 -66.393570 -53.721237
v 0.340500 -32.907707 -4.132183
v 1.202140 -28.946289 2.005429
v 1.197540 -29.018402 1.650601
v 0.324300 -32.834087 -4.148227
v 19.754450 -65.882309 -53.458027
v 20.066839 -65.482460 -53.425495
v 19.404690 -66.126129 -53.966892
v 18.939270 -66.418800 -53.895260
v 19.754450 -65.882309 -53.458027
v 20.676140 -64.794586 -52.403820
v 20.869619 -64.163048 -52.248070
v 20.066839 -65.482460 -53.425495
v 85.328117 -24.349369 6.330938
v 83.779831 -24.322626 4.422531
v 84.280312 -24.240932 6.264804
v 84.750267 -23.688627 7.588445
v 85.328117 -24.349369 6.330938
v 85.202782 -23.849852 7.723132
v 83.963928 -23.871601 7.295863
v 83.779831 -24.322626 4.422531
v 85.328117 -24.349369 6.330938
v 84.750267 -23.688627 7.588445
v 85.102997 -23.088112 8.945805
v 85.202782 -23.849852 7.723132
v 85.235519 -22.289413 10.140675
v 84.628601 -21.787624 10.762680
v 84.017532 -22.940388 9.579712
v 85.107269 -23.133963 9.172865
v 85.235519 -22.289413 10.140675
v 85.107269 -23.133963 9.172865
v 85.202782 -23.849852 7.723132
v 85.102997 -23.088112 8.945805
v 3.474930 -29.496754 0.716578
v 6.466510 -27.948574 2.930449
v 5.933130 -27.399006 4.157539
v 2.557730 -28.588802 2.543855
v 3.474930 -29.496754 0.716578
v 1.697890 -29.896936 0.477356
v 1.992990 -30.804176 -0.893893
v 3.314570 -30.776886 -1.276613
v 3.474930 -29.496754 0.716578
v 3.314570 -30.776886 -1.276613
v 5.059200 -31.157486 -2.373788
v 5.561040 -30.144995 -0.859802
v 3.474930 -29.496754 0.716578
v 5.561040 -30.144995 -0.859802
v 6.490370 -28.798597 1.270388
v 6.466510 -27.948574 2.930449
v 3.474930 -29.496754 0.716578
v 2.557730 -28.588802 2.543855
v 1.167280 -29.149628 1.858201
v 1.697890 -29.896936 0.477356
v 85.107269 -23.133963 9.172865
v 84.017532 -22.940388 9.579712
v 83.963928 -23.871601 7.295863
v 85.202782 -23.849852 7.723132
v 49.317829 -36.908283 -16.178389
v 49.952202 -37.936359 -17.626162
v 45.841209 -38.692120 -18.227549
v 46.364288 -36.939804 -15.906591
v 49.317829 -36.908283 -16.178389
v 51.433182 -35.833748 -14.538363
v 53.845490 -36.972870 -16.432526
v 49.952202 -37.936359 -17.626162
v 49.317829 -36.908283 -16.178389
v 46.364288 -36.939804 -15.906591
v 48.043930 -35.077316 -13.275681
v 51.433182 -35.833748 -14.538363
v 4.242410 -29.688841 -0.092814
v 2.525370 -30.253036 -0.660014
v 1.782340 -29.404381 0.747057
v 3.186860 -28.814661 1.658725
v 4.242410 -29.688841 -0.092814
v 5.464510 -30.219641 -1.262257
v 4.758960 -31.192066 -2.617153
v 3.407160 -31.017361 -2.022461
v 4.242410 -29.688841 -0.092814
v 3.407160 -31.017361 -2.022461
v 1.822980 -31.269711 -1.929462
v 2.525370 -30.253036 -0.660014
v 4.242410 -29.688841 -0.092814
v 3.186860 -28.814661 1.658725
v 6.353850 -27.442806 3.632435
v 7.021210 -27.920288 2.465562
v 4.242410 -29.688841 -0.092814
v 7.021210 -27.920288 2.465562
v 7.183150 -28.618454 1.055758
v 5.464510 -30.219641 -1.262257
v 49.545521 -36.070217 -14.733818
v 51.977081 -34.975998 -13.163291
v 49.084202 -33.909019 -11.388087
v 46.884850 -35.684238 -14.039738
v 49.545521 -36.070217 -14.733818
v 49.960861 -37.340832 -16.602320
v 54.115429 -36.405052 -15.469813
v 51.977081 -34.975998 -13.163291
v 49.545521 -36.070217 -14.733818
v 46.884850 -35.684238 -14.039738
v 45.776009 -38.075233 -17.104904
v 49.960861 -37.340832 -16.602320
v 38.786240 -27.532579 -0.136938
v 41.987320 -27.459570 -0.253812
v 40.406872 -29.226643 -3.281910
v 36.640282 -28.722662 -2.068343
v 38.786240 -27.532579 -0.136938
v 36.640282 -28.722662 -2.068343
v 33.222061 -27.633183 0.212600
v 37.315899 -26.338362 2.131952
v 38.786240 -27.532579 -0.136938
v 37.315899 -26.338362 2.131952
v 41.950779 -25.607306 3.137177
v 41.987320 -27.459570 -0.253812
v 43.436531 -27.814537 -0.684186
v 41.165211 -28.825840 -2.334284
v 44.362888 -29.857922 -4.381259
v 46.526112 -28.224625 -1.600651
v 43.436531 -27.814537 -0.684186
v 46.526112 -28.224625 -1.600651
v 48.081070 -26.389568 1.712968
v 43.317699 -26.481417 1.759945
v 43.436531 -27.814537 -0.684186
v 43.317699 -26.481417 1.759945
v 39.292770 -27.371906 0.406032
v 41.165211 -28.825840 -2.334284
v 39.292770 -27.371906 0.406032
v 38.070240 -25.538025 3.831113
v 33.538288 -27.032022 1.566849
v 35.747662 -28.825911 -1.869741
v 39.292770 -27.371906 0.406032
v 43.317699 -26.481417 1.759945
v 43.190411 -24.524591 5.390171
v 38.070240 -25.538025 3.831113
v 39.292770 -27.371906 0.406032
v 35.747662 -28.825911 -1.869741
v 38.487560 -30.333166 -4.773899
v 41.165211 -28.825840 -2.334284
v 38.487560 -30.333166 -4.773899
v 35.747662 -28.825911 -1.869741
v 32.512642 -30.711599 -4.831274
v 36.185371 -32.219700 -7.823329
v 38.487560 -30.333166 -4.773899
v 42.069920 -31.581535 -7.235964
v 44.362888 -29.857922 -4.381259
v 41.165211 -28.825840 -2.334284
v 38.487560 -30.333166 -4.773899
v 36.185371 -32.219700 -7.823329
v 39.799969 -33.589390 -10.379606
v 42.069920 -31.581535 -7.235964
v 39.799969 -33.589390 -10.379606
v 36.185371 -32.219700 -7.823329
v 33.882778 -34.577782 -11.209095
v 37.683830 -36.024231 -13.711720
v 39.799969 -33.589390 -10.379606
v 43.304642 -34.860191 -12.582945
v 45.655869 -32.748878 -9.369368
v 42.069920 -31.581535 -7.235964
v 39.799969 -33.589390 -10.379606
v 37.683830 -36.024231 -13.711720
v 41.579552 -37.278038 -15.726585
v 43.304642 -34.860191 -12.582945
v 41.579552 -37.278038 -15.726585
v 37.683830 -36.024231 -13.711720
v 36.707100 -37.261749 -15.440396
v 40.934441 -38.373276 -17.247002
v 41.579552 -37.278038 -15.726585
v 45.776009 -38.075233 -17.104904
v 46.884850 -35.684238 -14.039738
v 43.304642 -34.860191 -12.582945
v 41.579552 -37.278038 -15.726585
v 40.934441 -38.373276 -17.247002
v 45.558781 -39.076153 -18.504362
v 45.776009 -38.075233 -17.104904
v 45.558781 -39.076153 -18.504362
v 40.934441 -38.373276 -17.247002
v 40.563641 -39.011372 -18.194756
v 45.421558 -39.726269 -19.497292
v 45.558781 -39.076153 -18.504362
v 50.545841 -38.751343 -18.579639
v 49.960861 -37.340832 -16.602320
v 45.776009 -38.075233 -17.104904
v 45.558781 -39.076153 -18.504362
v 45.421558 -39.726269 -19.497292
v 50.837090 -39.414074 -19.583645
v 50.545841 -38.751343 -18.579639
v 50.837090 -39.414074 -19.583645
v 45.421558 -39.726269 -19.497292
v 45.303711 -40.280045 -20.438290
v 51.082211 -39.990952 -20.507349
v 50.837090 -39.414074 -19.583645
v 55.828991 -37.787521 -17.520531
v 55.127811 -37.212612 -16.610256
v 50.545841 -38.751343 -18.579639
v 50.837090 -39.414074 -19.583645
v 51.082211 -39.990952 -20.507349
v 56.438049 -38.272591 -18.364536
v 55.828991 -37.787521 -17.520531
v 56.438049 -38.272591 -18.364536
v 60.356380 -36.421898 -15.255570
v 59.563660 -35.928467 -14.432613
v 55.828991 -37.787521 -17.520531
v 56.438049 -38.272591 -18.364536
v 57.035679 -38.659576 -19.197313
v 61.086510 -36.844193 -16.059496
v 60.356380 -36.421898 -15.255570
v 56.438049 -38.272591 -18.364536
v 51.082211 -39.990952 -20.507349
v 51.307232 -40.491531 -21.425581
v 57.035679 -38.659576 -19.197313
v 51.307232 -40.491531 -21.425581
v 45.193401 -40.727005 -21.345417
v 45.250591 -40.487923 -21.253870
v 51.211140 -40.225941 -21.192083
v 51.307232 -40.491531 -21.425581
v 51.082211 -39.990952 -20.507349
v 45.303711 -40.280045 -20.438290
v 45.193401 -40.727005 -21.345417
v 51.307232 -40.491531 -21.425581
v 51.211140 -40.225941 -21.192083
v 56.544102 -38.373947 -18.888842
v 57.035679 -38.659576 -19.197313
v 56.544102 -38.373947 -18.888842
v 60.263870 -36.467873 -15.602797
v 61.086510 -36.844193 -16.059496
v 57.035679 -38.659576 -19.197313
v 56.544102 -38.373947 -18.888842
v 55.794941 -37.993942 -18.213486
v 59.290451 -36.079647 -14.979191
v 60.263870 -36.467873 -15.602797
v 56.544102 -38.373947 -18.888842
v 51.211140 -40.225941 -21.192083
v 50.938240 -39.698116 -20.295885
v 55.794941 -37.993942 -18.213486
v 50.938240 -39.698116 -20.295885
v 45.413120 -40.035675 -20.348001
v 45.598541 -39.437042 -19.341366
v 50.637600 -39.117012 -19.376354
v 50.938240 -39.698116 -20.295885
v 51.211140 -40.225941 -21.192083
v 45.250591 -40.487923 -21.253870
v 45.413120 -40.035675 -20.348001
v 50.938240 -39.698116 -20.295885
v 50.637600 -39.117012 -19.376354
v 54.947819 -37.555363 -17.417988
v 55.794941 -37.993942 -18.213486
v 54.947819 -37.555363 -17.417988
v 58.189671 -35.652878 -14.277711
v 59.290451 -36.079647 -14.979191
v 55.794941 -37.993942 -18.213486
v 54.947819 -37.555363 -17.417988
v 53.845490 -36.972870 -16.432526
v 56.786900 -35.122566 -13.412472
v 58.189671 -35.652878 -14.277711
v 54.947819 -37.555363 -17.417988
v 50.637600 -39.117012 -19.376354
v 49.952202 -37.936359 -17.626162
v 53.845490 -36.972870 -16.432526
v 56.786900 -35.122566 -13.412472
v 53.845490 -36.972870 -16.432526
v 51.433182 -35.833748 -14.538363
v 54.366711 -34.256184 -12.028957
v 56.786900 -35.122566 -13.412472
v 59.639030 -32.729458 -9.967780
v 61.270359 -33.310364 -10.761092
v 58.189671 -35.652878 -14.277711
v 56.786900 -35.122566 -13.412472
v 54.366711 -34.256184 -12.028957
v 56.677422 -31.859810 -8.516669
v 59.639030 -32.729458 -9.967780
v 56.677422 -31.859810 -8.516669
v 54.366711 -34.256184 -12.028957
v 50.433651 -33.074432 -10.213497
v 52.767750 -30.877827 -6.791325
v 56.677422 -31.859810 -8.516669
v 58.868549 -29.670454 -4.395609
v 62.224701 -30.704182 -6.081835
v 59.639030 -32.729458 -9.967780
v 56.677422 -31.859810 -8.516669
v 52.767750 -30.877827 -6.791325
v 54.759102 -28.577370 -2.636492
v 58.868549 -29.670454 -4.395609
v 54.759102 -28.577370 -2.636492
v 52.767750 -30.877827 -6.791325
v 48.634350 -30.093521 -5.341589
v 50.653332 -27.762501 -1.221350
v 54.759102 -28.577370 -2.636492
v 57.078930 -25.932781 1.902224
v 61.182129 -27.113735 0.081470
v 58.868549 -29.670454 -4.395609
v 54.759102 -28.577370 -2.636492
v 50.653332 -27.762501 -1.221350
v 52.752060 -25.112417 3.459156
v 57.078930 -25.932781 1.902224
v 52.752060 -25.112417 3.459156
v 50.653332 -27.762501 -1.221350
v 46.156040 -27.472206 -0.523930
v 47.160400 -25.182606 3.627775
v 52.752060 -25.112417 3.459156
v 52.647171 -23.075348 7.288813
v 57.922421 -23.692547 6.007274
v 57.078930 -25.932781 1.902224
v 52.752060 -25.112417 3.459156
v 47.160400 -25.182606 3.627775
v 46.383461 -23.274569 7.245884
v 52.647171 -23.075348 7.288813
v 46.383461 -23.274569 7.245884
v 47.160400 -25.182606 3.627775
v 41.950779 -25.607306 3.137177
v 40.644749 -23.784519 6.636458
v 46.383461 -23.274569 7.245884
v 45.458679 -21.365505 11.069444
v 52.042622 -21.078516 11.255331
v 52.647171 -23.075348 7.288813
v 46.383461 -23.274569 7.245884
v 40.644749 -23.784519 6.636458
v 39.183071 -21.958591 10.367870
v 45.458679 -21.365505 11.069444
v 39.183071 -21.958591 10.367870
v 40.644749 -23.784519 6.636458
v 35.181278 -24.612772 5.496117
v 33.060921 -22.846985 9.120752
v 39.183071 -21.958591 10.367870
v 37.802441 -20.388792 13.791929
v 44.525990 -19.697075 14.680688
v 45.458679 -21.365505 11.069444
v 39.183071 -21.958591 10.367870
v 33.060921 -22.846985 9.120752
v 31.296789 -21.499683 12.162317
v 37.802441 -20.388792 13.791929
v 31.296789 -21.499683 12.162317
v 33.060921 -22.846985 9.120752
v 27.212330 -24.498001 6.844851
v 24.922609 -23.142696 9.952848
v 31.296789 -21.499683 12.162317
v 30.337761 -20.791090 13.791528
v 37.143200 -19.700382 15.374220
v 37.802441 -20.388792 13.791929
v 31.296789 -21.499683 12.162317
v 24.922609 -23.142696 9.952848
v 24.032560 -22.636826 11.168724
v 30.337761 -20.791090 13.791528
v 24.032560 -22.636826 11.168724
v 24.922609 -23.142696 9.952848
v 19.307421 -25.289181 6.593612
v 17.906610 -24.631708 8.267941
v 24.032560 -22.636826 11.168724
v 23.400240 -22.281212 12.027756
v 29.878750 -20.450977 14.560084
v 30.337761 -20.791090 13.791528
v 24.032560 -22.636826 11.168724
v 17.906610 -24.631708 8.267941
v 17.201759 -24.302685 9.125370
v 23.400240 -22.281212 12.027756
v 17.201759 -24.302685 9.125370
v 17.906610 -24.631708 8.267941
v 12.303110 -26.186636 4.559218
v 11.526750 -25.834906 5.527162
v 17.201759 -24.302685 9.125370
v 16.650339 -24.012133 9.821951
v 22.857031 -21.964527 12.750401
v 23.400240 -22.281212 12.027756
v 17.201759 -24.302685 9.125370
v 11.526750 -25.834906 5.527162
v 10.926520 -25.529591 6.362830
v 16.650339 -24.012133 9.821951
v 10.926520 -25.529591 6.362830
v 11.526750 -25.834906 5.527162
v 7.021210 -27.920288 2.465562
v 6.353850 -27.442806 3.632435
v 10.926520 -25.529591 6.362830
v 10.936330 -25.269785 6.966453
v 16.575050 -23.828880 10.168908
v 16.650339 -24.012133 9.821951
v 10.926520 -25.529591 6.362830
v 6.353850 -27.442806 3.632435
v 4.915360 -27.270174 4.205001
v 10.936330 -25.269785 6.966453
v 4.915360 -27.270174 4.205001
v 6.353850 -27.442806 3.632435
v 3.186860 -28.814661 1.658725
v 2.216080 -28.275259 2.726057
v 4.915360 -27.270174 4.205001
v 4.568570 -27.136045 4.642615
v 10.778950 -25.348427 7.132998
v 10.936330 -25.269785 6.966453
v 4.915360 -27.270174 4.205001
v 2.216080 -28.275259 2.726057
v 1.944740 -28.044163 3.362875
v 4.568570 -27.136045 4.642615
v 1.944740 -28.044163 3.362875
v 2.216080 -28.275259 2.726057
v 1.206860 -28.703669 2.044589
v 1.029960 -28.376938 2.984637
v 1.944740 -28.044163 3.362875
v 2.557730 -28.588802 2.543855
v 5.933130 -27.399006 4.157539
v 4.568570 -27.136045 4.642615
v 1.944740 -28.044163 3.362875
v 1.029960 -28.376938 2.984637
v 1.167280 -29.149628 1.858201
v 2.557730 -28.588802 2.543855
v 1.206860 -28.703669 2.044589
v 1.782340 -29.404381 0.747057
v 1.218640 -29.715099 0.289586
v 0.843780 -29.086155 1.385832
v 1.206860 -28.703669 2.044589
v 2.216080 -28.275259 2.726057
v 3.186860 -28.814661 1.658725
v 1.782340 -29.404381 0.747057
v 1.218640 -29.715099 0.289586
v 1.613650 -30.490101 -0.879565
v 1.071490 -30.745682 -0.912467
v 0.825350 -29.931723 0.240794
v 1.218640 -29.715099 0.289586
v 1.782340 -29.404381 0.747057
v 2.525370 -30.253036 -0.660014
v 1.613650 -30.490101 -0.879565
v 1.218640 -29.715099 0.289586
v 0.825350 -29.931723 0.240794
v 0.754560 -29.339104 0.992735
v 0.843780 -29.086155 1.385832
v 1.613650 -30.490101 -0.879565
v 1.235000 -31.231590 -1.764972
v 1.045380 -31.156155 -1.613284
v 1.071490 -30.745682 -0.912467
v 1.613650 -30.490101 -0.879565
v 2.525370 -30.253036 -0.660014
v 1.822980 -31.269711 -1.929462
v 1.235000 -31.231590 -1.764972
v 1.142130 -30.041616 0.358564
v 1.388440 -30.885986 -0.806519
v 1.992990 -30.804176 -0.893893
v 1.697890 -29.896936 0.477356
v 1.142130 -30.041616 0.358564
v 1.697890 -29.896936 0.477356
v 1.167280 -29.149628 1.858201
v 0.845750 -29.438591 1.443722
v 1.388440 -30.885986 -0.806519
v 0.998410 -31.590015 -1.685573
v 1.255620 -31.758476 -2.036298
v 1.992990 -30.804176 -0.893893
v 1.255620 -31.758476 -2.036298
v 2.338980 -31.672321 -2.370723
v 3.314570 -30.776886 -1.276613
v 1.992990 -30.804176 -0.893893
v 1.255620 -31.758476 -2.036298
v 1.111190 -32.220421 -3.164702
v 2.638710 -31.676006 -2.859780
v 2.338980 -31.672321 -2.370723
v 2.638710 -31.676006 -2.859780
v 1.111190 -32.220421 -3.164702
v 1.822980 -31.269711 -1.929462
v 3.407160 -31.017361 -2.022461
v 2.638710 -31.676006 -2.859780
v 4.982310 -31.772289 -3.548035
v 4.952550 -31.798843 -3.351330
v 2.338980 -31.672321 -2.370723
v 2.638710 -31.676006 -2.859780
v 3.407160 -31.017361 -2.022461
v 4.758960 -31.192066 -2.617153
v 4.982310 -31.772289 -3.548035
v 4.982310 -31.772289 -3.548035
v 8.141400 -32.264259 -4.953594
v 8.003350 -32.405167 -4.886084
v 4.952550 -31.798843 -3.351330
v 4.982310 -31.772289 -3.548035
v 4.758960 -31.192066 -2.617153
v 7.922410 -31.658350 -4.080157
v 8.141400 -32.264259 -4.953594
v 7.922410 -31.658350 -4.080157
v 4.758960 -31.192066 -2.617153
v 5.464510 -30.219641 -1.262257
v 8.802200 -30.771542 -2.990042
v 7.922410 -31.658350 -4.080157
v 13.431800 -32.822739 -6.186530
v 13.252340 -33.302208 -6.800476
v 8.141400 -32.264259 -4.953594
v 7.922410 -31.658350 -4.080157
v 8.802200 -30.771542 -2.990042
v 14.142510 -32.111309 -5.299397
v 13.431800 -32.822739 -6.186530
v 14.142510 -32.111309 -5.299397
v 8.802200 -30.771542 -2.990042
v 10.254190 -29.453039 -1.267577
v 15.229380 -31.073353 -3.931543
v 14.142510 -32.111309 -5.299397
v 19.266500 -33.124050 -7.287739
v 18.573050 -33.773743 -8.223473
v 13.431800 -32.822739 -6.186530
v 14.142510 -32.111309 -5.299397
v 15.229380 -31.073353 -3.931543
v 20.257990 -32.216908 -5.959309
v 19.266500 -33.124050 -7.287739
v 20.257990 -32.216908 -5.959309
v 15.229380 -31.073353 -3.931543
v 17.916731 -28.826536 -0.534917
v 22.076380 -30.515472 -3.387295
v 20.257990 -32.216908 -5.959309
v 24.725410 -33.496494 -8.612979
v 23.900841 -34.226776 -9.682151
v 19.266500 -33.124050 -7.287739
v 20.257990 -32.216908 -5.959309
v 22.076380 -30.515472 -3.387295
v 26.715851 -31.656721 -5.912019
v 24.725410 -33.496494 -8.612979
v 26.715851 -31.656721 -5.912019
v 22.076380 -30.515472 -3.387295
v 24.773090 -28.222870 0.350698
v 29.279230 -29.458126 -2.532990
v 26.715851 -31.656721 -5.912019
v 31.355700 -32.549637 -8.026659
v 29.230740 -34.534370 -10.879267
v 24.725410 -33.496494 -8.612979
v 26.715851 -31.656721 -5.912019
v 29.279230 -29.458126 -2.532990
v 33.889400 -30.446680 -4.818468
v 31.355700 -32.549637 -8.026659
v 33.889400 -30.446680 -4.818468
v 29.279230 -29.458126 -2.532990
v 33.222061 -27.633183 0.212600
v 36.640282 -28.722662 -2.068343
v 33.889400 -30.446680 -4.818468
v 38.111179 -31.113491 -6.411328
v 35.809780 -33.291332 -9.741693
v 31.355700 -32.549637 -8.026659
v 33.889400 -30.446680 -4.818468
v 36.640282 -28.722662 -2.068343
v 40.406872 -29.226643 -3.281910
v 38.111179 -31.113491 -6.411328
v 38.111179 -31.113491 -6.411328
v 42.192741 -31.630646 -7.628743
v 39.938240 -33.909100 -11.143060
v 35.809780 -33.291332 -9.741693
v 38.111179 -31.113491 -6.411328
v 40.406872 -29.226643 -3.281910
v 44.424541 -29.587978 -4.206585
v 42.192741 -31.630646 -7.628743
v 44.424541 -29.587978 -4.206585
v 48.634350 -30.093521 -5.341589
v 46.178360 -32.159443 -8.733686
v 42.192741 -31.630646 -7.628743
v 44.424541 -29.587978 -4.206585
v 46.156040 -27.472206 -0.523930
v 50.653332 -27.762501 -1.221350
v 48.634350 -30.093521 -5.341589
v 44.424541 -29.587978 -4.206585
v 40.406872 -29.226643 -3.281910
v 41.987320 -27.459570 -0.253812
v 46.156040 -27.472206 -0.523930
v 46.178360 -32.159443 -8.733686
v 43.871422 -34.412407 -12.240171
v 39.938240 -33.909100 -11.143060
v 42.192741 -31.630646 -7.628743
v 46.178360 -32.159443 -8.733686
v 50.433651 -33.074432 -10.213497
v 48.043930 -35.077316 -13.275681
v 43.871422 -34.412407 -12.240171
v 46.178360 -32.159443 -8.733686
v 48.634350 -30.093521 -5.341589
v 52.767750 -30.877827 -6.791325
v 50.433651 -33.074432 -10.213497
v 43.871422 -34.412407 -12.240171
v 42.138432 -36.990379 -15.649187
v 37.892220 -36.269650 -14.383391
v 39.938240 -33.909100 -11.143060
v 43.871422 -34.412407 -12.240171
v 48.043930 -35.077316 -13.275681
v 46.364288 -36.939804 -15.906591
v 42.138432 -36.990379 -15.649187
v 42.138432 -36.990379 -15.649187
v 41.299149 -38.241882 -17.357738
v 36.925549 -37.314240 -15.820882
v 37.892220 -36.269650 -14.383391
v 42.138432 -36.990379 -15.649187
v 46.364288 -36.939804 -15.906591
v 45.841209 -38.692120 -18.227549
v 41.299149 -38.241882 -17.357738
v 41.299149 -38.241882 -17.357738
v 40.793571 -38.924126 -18.358582
v 36.335152 -37.907661 -16.658657
v 36.925549 -37.314240 -15.820882
v 41.299149 -38.241882 -17.357738
v 45.841209 -38.692120 -18.227549
v 45.598541 -39.437042 -19.341366
v 40.793571 -38.924126 -18.358582
v 40.793571 -38.924126 -18.358582
v 40.356541 -39.462700 -19.188732
v 35.792480 -38.392479 -17.359875
v 36.335152 -37.907661 -16.658657
v 40.793571 -38.924126 -18.358582
v 45.598541 -39.437042 -19.341366
v 45.413120 -40.035675 -20.348001
v 40.356541 -39.462700 -19.188732
v 40.356541 -39.462700 -19.188732
v 39.960541 -39.908005 -19.942863
v 35.254230 -38.843456 -17.991249
v 35.792480 -38.392479 -17.359875
v 40.356541 -39.462700 -19.188732
v 45.413120 -40.035675 -20.348001
v 45.250591 -40.487923 -21.253870
v 39.960541 -39.908005 -19.942863
v 39.960541 -39.908005 -19.942863
v 39.927292 -39.990856 -19.846436
v 35.350201 -38.792889 -17.737995
v 35.254230 -38.843456 -17.991249
v 39.960541 -39.908005 -19.942863
v 45.250591 -40.487923 -21.253870
v 45.193401 -40.727005 -21.345417
v 39.927292 -39.990856 -19.846436
v 39.927292 -39.990856 -19.846436
v 40.239712 -39.542294 -19.032967
v 35.795280 -38.360012 -17.041220
v 35.350201 -38.792889 -17.737995
v 39.927292 -39.990856 -19.846436
v 45.193401 -40.727005 -21.345417
v 45.303711 -40.280045 -20.438290
v 40.239712 -39.542294 -19.032967
v 40.239712 -39.542294 -19.032967
v 40.563641 -39.011372 -18.194756
v 36.237209 -37.856510 -16.292986
v 35.795280 -38.360012 -17.041220
v 40.239712 -39.542294 -19.032967
v 45.303711 -40.280045 -20.438290
v 45.421558 -39.726269 -19.497292
v 40.563641 -39.011372 -18.194756
v 36.237209 -37.856510 -16.292986
v 32.130020 -36.599628 -14.111506
v 31.744640 -37.082226 -14.829651
v 35.795280 -38.360012 -17.041220
v 36.237209 -37.856510 -16.292986
v 36.707100 -37.261749 -15.440396
v 32.642681 -35.986050 -13.218172
v 32.130020 -36.599628 -14.111506
v 36.237209 -37.856510 -16.292986
v 40.563641 -39.011372 -18.194756
v 40.934441 -38.373276 -17.247002
v 36.707100 -37.261749 -15.440396
v 32.642681 -35.986050 -13.218172
v 28.421659 -34.816284 -10.935883
v 27.758400 -35.608326 -12.092630
v 32.130020 -36.599628 -14.111506
v 32.642681 -35.986050 -13.218172
v 33.882778 -34.577782 -11.209095
v 30.124310 -32.948593 -8.236046
v 28.421659 -34.816284 -10.935883
v 32.642681 -35.986050 -13.218172
v 36.707100 -37.261749 -15.440396
v 37.683830 -36.024231 -13.711720
v 33.882778 -34.577782 -11.209095
v 30.124310 -32.948593 -8.236046
v 26.682261 -31.072598 -4.634265
v 24.272570 -33.376991 -8.075580
v 28.421659 -34.816284 -10.935883
v 30.124310 -32.948593 -8.236046
v 32.512642 -30.711599 -4.831274
v 29.702520 -28.925606 -1.333892
v 26.682261 -31.072598 -4.634265
v 30.124310 -32.948593 -8.236046
v 33.882778 -34.577782 -11.209095
v 36.185371 -32.219700 -7.823329
v 32.512642 -30.711599 -4.831274
v 29.702520 -28.925606 -1.333892
v 27.234989 -27.024111 2.456661
v 23.475410 -29.131432 -0.849244
v 26.682261 -31.072598 -4.634265
v 29.702520 -28.925606 -1.333892
v 33.538288 -27.032022 1.566849
v 31.856840 -25.030205 5.409078
v 27.234989 -27.024111 2.456661
v 29.702520 -28.925606 -1.333892
v 32.512642 -30.711599 -4.831274
v 35.747662 -28.825911 -1.869741
v 33.538288 -27.032022 1.566849
v 31.856840 -25.030205 5.409078
v 30.433359 -22.930887 9.664954
v 25.282881 -25.142485 6.287947
v 27.234989 -27.024111 2.456661
v 31.856840 -25.030205 5.409078
v 37.076191 -23.459362 7.840671
v 36.604080 -21.544003 11.778066
v 30.433359 -22.930887 9.664954
v 31.856840 -25.030205 5.409078
v 33.538288 -27.032022 1.566849
v 38.070240 -25.538025 3.831113
v 37.076191 -23.459362 7.840671
v 37.076191 -23.459362 7.840671
v 43.271900 -22.577274 9.128283
v 43.277599 -20.670107 13.076345
v 36.604080 -21.544003 11.778066
v 37.076191 -23.459362 7.840671
v 38.070240 -25.538025 3.831113
v 43.190411 -24.524591 5.390171
v 43.271900 -22.577274 9.128283
v 43.271900 -22.577274 9.128283
v 49.887451 -22.096405 9.650934
v 50.296322 -20.120132 13.694836
v 43.277599 -20.670107 13.076345
v 43.271900 -22.577274 9.128283
v 43.190411 -24.524591 5.390171
v 49.443581 -24.123611 5.780249
v 49.887451 -22.096405 9.650934
v 49.443581 -24.123611 5.780249
v 55.718449 -24.427891 5.043209
v 56.479080 -22.174074 9.233747
v 49.887451 -22.096405 9.650934
v 49.443581 -24.123611 5.780249
v 48.081070 -26.389568 1.712968
v 53.213032 -26.836767 0.740774
v 55.718449 -24.427891 5.043209
v 49.443581 -24.123611 5.780249
v 43.190411 -24.524591 5.390171
v 43.317699 -26.481417 1.759945
v 48.081070 -26.389568 1.712968
v 53.213032 -26.836767 0.740774
v 57.364521 -27.966000 -1.267067
v 60.157330 -25.460222 3.281376
v 55.718449 -24.427891 5.043209
v 53.213032 -26.836767 0.740774
v 50.618160 -28.975584 -3.134952
v 54.611271 -30.164600 -5.191500
v 57.364521 -27.966000 -1.267067
v 53.213032 -26.836767 0.740774
v 48.081070 -26.389568 1.712968
v 46.526112 -28.224625 -1.600651
v 50.618160 -28.975584 -3.134952
v 50.618160 -28.975584 -3.134952
v 48.064640 -30.938381 -6.329502
v 51.782009 -32.197670 -8.424853
v 54.611271 -30.164600 -5.191500
v 50.618160 -28.975584 -3.134952
v 46.526112 -28.224625 -1.600651
v 44.362888 -29.857922 -4.381259
v 48.064640 -30.938381 -6.329502
v 48.064640 -30.938381 -6.329502
v 45.655869 -32.748878 -9.369368
v 49.084202 -33.909019 -11.388087
v 51.782009 -32.197670 -8.424853
v 48.064640 -30.938381 -6.329502
v 44.362888 -29.857922 -4.381259
v 42.069920 -31.581535 -7.235964
v 45.655869 -32.748878 -9.369368
v 51.782009 -32.197670 -8.424853
v 55.246071 -33.657787 -10.746834
v 58.136780 -31.476765 -7.447608
v 54.611271 -30.164600 -5.191500
v 51.782009 -32.197670 -8.424853
v 49.084202 -33.909019 -11.388087
v 51.977081 -34.975998 -13.163291
v 55.246071 -33.657787 -10.746834
v 55.246071 -33.657787 -10.746834
v 57.396931 -34.712727 -12.436961
v 60.600189 -32.547310 -9.232668
v 58.136780 -31.476765 -7.447608
v 55.246071 -33.657787 -10.746834
v 51.977081 -34.975998 -13.163291
v 54.115429 -36.405052 -15.469813
v 57.396931 -34.712727 -12.436961
v 57.396931 -34.712727 -12.436961
v 58.628132 -35.385696 -13.534312
v 61.963871 -33.174126 -10.274435
v 60.600189 -32.547310 -9.232668
v 57.396931 -34.712727 -12.436961
v 54.115429 -36.405052 -15.469813
v 55.127811 -37.212612 -16.610256
v 58.628132 -35.385696 -13.534312
v 58.628132 -35.385696 -13.534312
v 59.563660 -35.928467 -14.432613
v 63.000622 -33.669743 -11.080981
v 61.963871 -33.174126 -10.274435
v 58.628132 -35.385696 -13.534312
v 55.127811 -37.212612 -16.610256
v 55.828991 -37.787521 -17.520531
v 59.563660 -35.928467 -14.432613
v 63.000622 -33.669743 -11.080981
v 66.246422 -31.603153 -7.397730
v 65.230492 -31.093624 -6.543028
v 61.963871 -33.174126 -10.274435
v 63.000622 -33.669743 -11.080981
v 63.907829 -34.119713 -11.825438
v 67.141502 -32.091885 -8.226009
v 66.246422 -31.603153 -7.397730
v 63.000622 -33.669743 -11.080981
v 59.563660 -35.928467 -14.432613
v 60.356380 -36.421898 -15.255570
v 63.907829 -34.119713 -11.825438
v 63.907829 -34.119713 -11.825438
v 64.644386 -34.454369 -12.501293
v 67.706810 -32.428177 -8.927308
v 67.141502 -32.091885 -8.226009
v 63.907829 -34.119713 -11.825438
v 60.356380 -36.421898 -15.255570
v 61.086510 -36.844193 -16.059496
v 64.644386 -34.454369 -12.501293
v 64.644386 -34.454369 -12.501293
v 63.625591 -34.085609 -11.988846
v 66.597939 -32.076992 -8.398419
v 67.706810 -32.428177 -8.927308
v 64.644386 -34.454369 -12.501293
v 61.086510 -36.844193 -16.059496
v 60.263870 -36.467873 -15.602797
v 63.625591 -34.085609 -11.988846
v 63.625591 -34.085609 -11.988846
v 62.527950 -33.717342 -11.411191
v 65.447418 -31.730703 -7.806437
v 66.597939 -32.076992 -8.398419
v 63.625591 -34.085609 -11.988846
v 60.263870 -36.467873 -15.602797
v 59.290451 -36.079647 -14.979191
v 62.527950 -33.717342 -11.411191
v 62.527950 -33.717342 -11.411191
v 61.270359 -33.310364 -10.761092
v 64.173492 -31.326593 -7.124349
v 65.447418 -31.730703 -7.806437
v 62.527950 -33.717342 -11.411191
v 59.290451 -36.079647 -14.979191
v 58.189671 -35.652878 -14.277711
v 61.270359 -33.310364 -10.761092
v 64.173492 -31.326593 -7.124349
v 61.270359 -33.310364 -10.761092
v 59.639030 -32.729458 -9.967780
v 62.224701 -30.704182 -6.081835
v 64.173492 -31.326593 -7.124349
v 67.284187 -29.007393 -3.498312
v 68.742317 -29.557430 -4.491948
v 65.447418 -31.730703 -7.806437
v 64.173492 -31.326593 -7.124349
v 62.224701 -30.704182 -6.081835
v 64.886353 -28.167065 -1.997389
v 67.284187 -29.007393 -3.498312
v 64.886353 -28.167065 -1.997389
v 62.224701 -30.704182 -6.081835
v 58.868549 -29.670454 -4.395609
v 61.182129 -27.113735 0.081470
v 64.886353 -28.167065 -1.997389
v 67.919670 -25.698301 2.636315
v 71.269241 -26.754620 0.789968
v 67.284187 -29.007393 -3.498312
v 64.886353 -28.167065 -1.997389
v 61.182129 -27.113735 0.081470
v 62.980099 -24.653509 4.384860
v 67.919670 -25.698301 2.636315
v 62.980099 -24.653509 4.384860
v 61.182129 -27.113735 0.081470
v 57.078930 -25.932781 1.902224
v 57.922421 -23.692547 6.007274
v 62.980099 -24.653509 4.384860
v 64.149261 -22.496382 8.363724
v 69.311287 -23.864361 6.323374
v 67.919670 -25.698301 2.636315
v 62.980099 -24.653509 4.384860
v 57.922421 -23.692547 6.007274
v 58.348671 -21.538603 10.141989
v 64.149261 -22.496382 8.363724
v 58.348671 -21.538603 10.141989
v 57.922421 -23.692547 6.007274
v 52.647171 -23.075348 7.288813
v 52.042622 -21.078516 11.255331
v 58.348671 -21.538603 10.141989
v 58.570259 -19.420971 14.543190
v 64.771530 -20.742409 11.870535
v 64.149261 -22.496382 8.363724
v 58.348671 -21.538603 10.141989
v 52.042622 -21.078516 11.255331
v 51.492069 -19.310463 15.040667
v 58.570259 -19.420971 14.543190
v 51.492069 -19.310463 15.040667
v 52.042622 -21.078516 11.255331
v 45.458679 -21.365505 11.069444
v 44.525990 -19.697075 14.680688
v 51.492069 -19.310463 15.040667
v 51.171230 -18.456085 16.928944
v 58.496250 -18.589996 16.348202
v 58.570259 -19.420971 14.543190
v 51.492069 -19.310463 15.040667
v 44.525990 -19.697075 14.680688
v 44.041691 -18.954117 16.391975
v 51.171230 -18.456085 16.928944
v 44.041691 -18.954117 16.391975
v 44.525990 -19.697075 14.680688
v 37.802441 -20.388792 13.791929
v 37.143200 -19.700382 15.374220
v 44.041691 -18.954117 16.391975
v 43.764820 -18.565296 17.276186
v 50.986591 -18.049728 17.829479
v 51.171230 -18.456085 16.928944
v 44.041691 -18.954117 16.391975
v 37.143200 -19.700382 15.374220
v 36.785412 -19.339375 16.201801
v 43.764820 -18.565296 17.276186
v 36.785412 -19.339375 16.201801
v 37.143200 -19.700382 15.374220
v 30.337761 -20.791090 13.791528
v 29.878750 -20.450977 14.560084
v 36.785412 -19.339375 16.201801
v 36.500130 -19.032951 16.848988
v 43.537769 -18.249100 17.938179
v 43.764820 -18.565296 17.276186
v 36.785412 -19.339375 16.201801
v 29.878750 -20.450977 14.560084
v 29.466570 -20.114882 15.260682
v 36.500130 -19.032951 16.848988
v 29.466570 -20.114882 15.260682
v 29.878750 -20.450977 14.560084
v 23.400240 -22.281212 12.027756
v 22.857031 -21.964527 12.750401
v 29.466570 -20.114882 15.260682
v 29.365129 -20.161362 15.217667
v 36.322540 -18.966055 16.968925
v 36.500130 -19.032951 16.848988
v 29.466570 -20.114882 15.260682
v 22.857031 -21.964527 12.750401
v 22.724110 -21.889893 12.914622
v 29.365129 -20.161362 15.217667
v 22.724110 -21.889893 12.914622
v 22.857031 -21.964527 12.750401
v 16.650339 -24.012133 9.821951
v 16.575050 -23.828880 10.168908
v 22.724110 -21.889893 12.914622
v 22.641331 -22.045692 12.962129
v 29.260349 -20.296772 15.240057
v 29.365129 -20.161362 15.217667
v 22.724110 -21.889893 12.914622
v 16.575050 -23.828880 10.168908
v 16.488550 -23.963188 10.245084
v 22.641331 -22.045692 12.962129
v 16.488550 -23.963188 10.245084
v 16.575050 -23.828880 10.168908
v 10.936330 -25.269785 6.966453
v 10.778950 -25.348427 7.132998
v 16.488550 -23.963188 10.245084
v 16.433081 -24.192545 9.806492
v 22.540751 -22.164518 12.747902
v 22.641331 -22.045692 12.962129
v 16.488550 -23.963188 10.245084
v 10.778950 -25.348427 7.132998
v 10.567890 -25.634686 6.555366
v 16.433081 -24.192545 9.806492
v 10.567890 -25.634686 6.555366
v 10.778950 -25.348427 7.132998
v 4.568570 -27.136045 4.642615
v 5.933130 -27.399006 4.157539
v 10.567890 -25.634686 6.555366
v 11.024260 -26.003395 5.624040
v 16.824520 -24.523323 9.018775
v 16.433081 -24.192545 9.806492
v 10.567890 -25.634686 6.555366
v 5.933130 -27.399006 4.157539
v 6.466510 -27.948574 2.930449
v 11.024260 -26.003395 5.624040
v 11.024260 -26.003395 5.624040
v 12.415380 -26.490267 4.245186
v 17.263069 -24.872242 8.131464
v 16.824520 -24.523323 9.018775
v 11.024260 -26.003395 5.624040
v 6.466510 -27.948574 2.930449
v 6.490370 -28.798597 1.270388
v 12.415380 -26.490267 4.245186
v 12.415380 -26.490267 4.245186
v 14.322520 -27.428585 2.157770
v 18.830780 -25.772572 5.885324
v 17.263069 -24.872242 8.131464
v 12.415380 -26.490267 4.245186
v 6.490370 -28.798597 1.270388
v 10.536580 -29.421400 -0.968488
v 14.322520 -27.428585 2.157770
v 10.536580 -29.421400 -0.968488
v 6.490370 -28.798597 1.270388
v 5.561040 -30.144995 -0.859802
v 7.938190 -31.129715 -3.049504
v 10.536580 -29.421400 -0.968488
v 14.788050 -31.008953 -3.574766
v 17.243120 -29.129223 -0.747616
v 14.322520 -27.428585 2.157770
v 10.536580 -29.421400 -0.968488
v 7.938190 -31.129715 -3.049504
v 13.527840 -32.399837 -5.384865
v 14.788050 -31.008953 -3.574766
v 13.527840 -32.399837 -5.384865
v 7.938190 -31.129715 -3.049504
v 7.476240 -31.858887 -4.016746
v 12.965940 -33.183319 -6.380940
v 13.527840 -32.399837 -5.384865
v 18.488520 -33.625732 -7.730721
v 19.090290 -32.859219 -6.601444
v 14.788050 -31.008953 -3.574766
v 13.527840 -32.399837 -5.384865
v 12.965940 -33.183319 -6.380940
v 18.042850 -34.233551 -8.639338
v 18.488520 -33.625732 -7.730721
v 18.042850 -34.233551 -8.639338
v 12.965940 -33.183319 -6.380940
v 13.072590 -33.549309 -6.885500
v 17.666719 -34.747879 -9.507874
v 18.042850 -34.233551 -8.639338
v 22.559860 -35.284405 -10.978270
v 23.055710 -34.759838 -10.169042
v 18.488520 -33.625732 -7.730721
v 18.042850 -34.233551 -8.639338
v 17.666719 -34.747879 -9.507874
v 22.071930 -35.739182 -11.774818
v 22.559860 -35.284405 -10.978270
v 22.071930 -35.739182 -11.774818
v 17.666719 -34.747879 -9.507874
v 18.017941 -34.335781 -9.025925
v 22.652090 -35.250198 -11.159587
v 22.071930 -35.739182 -11.774818
v 26.756910 -36.879707 -14.155138
v 27.016621 -36.562859 -13.528806
v 22.559860 -35.284405 -10.978270
v 22.071930 -35.739182 -11.774818
v 22.652090 -35.250198 -11.159587
v 27.225401 -36.377869 -13.506647
v 26.756910 -36.879707 -14.155138
v 27.225401 -36.377869 -13.506647
v 22.652090 -35.250198 -11.159587
v 23.269409 -34.755367 -10.453407
v 27.732519 -35.899673 -12.823622
v 27.225401 -36.377869 -13.506647
v 31.685881 -37.239567 -15.336958
v 31.229080 -37.677628 -15.957559
v 26.756910 -36.879707 -14.155138
v 27.225401 -36.377869 -13.506647
v 27.732519 -35.899673 -12.823622
v 32.169540 -36.800846 -14.702595
v 31.685881 -37.239567 -15.336958
v 32.169540 -36.800846 -14.702595
v 27.732519 -35.899673 -12.823622
v 28.309219 -35.371826 -12.068448
v 32.710320 -36.320377 -14.014481
v 32.169540 -36.800846 -14.702595
v 36.335152 -37.907661 -16.658657
v 35.792480 -38.392479 -17.359875
v 31.685881 -37.239567 -15.336958
v 32.169540 -36.800846 -14.702595
v 32.710320 -36.320377 -14.014481
v 36.925549 -37.314240 -15.820882
v 36.335152 -37.907661 -16.658657
v 28.309219 -35.371826 -12.068448
v 23.900841 -34.226776 -9.682151
v 24.725410 -33.496494 -8.612979
v 29.230740 -34.534370 -10.879267
v 28.309219 -35.371826 -12.068448
v 27.732519 -35.899673 -12.823622
v 23.269409 -34.755367 -10.453407
v 23.900841 -34.226776 -9.682151
v 28.309219 -35.371826 -12.068448
v 29.230740 -34.534370 -10.879267
v 33.705399 -35.398457 -12.700626
v 32.710320 -36.320377 -14.014481
v 33.705399 -35.398457 -12.700626
v 29.230740 -34.534370 -10.879267
v 31.355700 -32.549637 -8.026659
v 35.809780 -33.291332 -9.741693
v 33.705399 -35.398457 -12.700626
v 37.892220 -36.269650 -14.383391
v 36.925549 -37.314240 -15.820882
v 32.710320 -36.320377 -14.014481
v 33.705399 -35.398457 -12.700626
v 35.809780 -33.291332 -9.741693
v 39.938240 -33.909100 -11.143060
v 37.892220 -36.269650 -14.383391
v 31.685881 -37.239567 -15.336958
v 35.792480 -38.392479 -17.359875
v 35.254230 -38.843456 -17.991249
v 31.229080 -37.677628 -15.957559
v 31.229080 -37.677628 -15.957559
v 31.388990 -37.522598 -15.529532
v 27.016621 -36.562859 -13.528806
v 26.756910 -36.879707 -14.155138
v 31.229080 -37.677628 -15.957559
v 35.254230 -38.843456 -17.991249
v 35.350201 -38.792889 -17.737995
v 31.388990 -37.522598 -15.529532
v 31.388990 -37.522598 -15.529532
v 31.744640 -37.082226 -14.829651
v 27.383970 -36.080154 -12.792667
v 27.016621 -36.562859 -13.528806
v 31.388990 -37.522598 -15.529532
v 35.350201 -38.792889 -17.737995
v 35.795280 -38.360012 -17.041220
v 31.744640 -37.082226 -14.829651
v 27.383970 -36.080154 -12.792667
v 23.055710 -34.759838 -10.169042
v 22.559860 -35.284405 -10.978270
v 27.016621 -36.562859 -13.528806
v 27.383970 -36.080154 -12.792667
v 27.758400 -35.608326 -12.092630
v 23.585960 -34.166817 -9.266615
v 23.055710 -34.759838 -10.169042
v 27.383970 -36.080154 -12.792667
v 31.744640 -37.082226 -14.829651
v 32.130020 -36.599628 -14.111506
v 27.758400 -35.608326 -12.092630
v 23.585960 -34.166817 -9.266615
v 19.090290 -32.859219 -6.601444
v 18.488520 -33.625732 -7.730721
v 23.055710 -34.759838 -10.169042
v 23.585960 -34.166817 -9.266615
v 24.272570 -33.376991 -8.075580
v 20.637850 -31.242037 -4.153788
v 19.090290 -32.859219 -6.601444
v 23.585960 -34.166817 -9.266615
v 27.758400 -35.608326 -12.092630
v 28.421659 -34.816284 -10.935883
v 24.272570 -33.376991 -8.075580
v 20.637850 -31.242037 -4.153788
v 17.243120 -29.129223 -0.747616
v 14.788050 -31.008953 -3.574766
v 19.090290 -32.859219 -6.601444
v 20.637850 -31.242037 -4.153788
v 23.475410 -29.131432 -0.849244
v 20.847521 -27.238474 2.759034
v 17.243120 -29.129223 -0.747616
v 20.637850 -31.242037 -4.153788
v 24.272570 -33.376991 -8.075580
v 26.682261 -31.072598 -4.634265
v 23.475410 -29.131432 -0.849244
v 20.847521 -27.238474 2.759034
v 18.830780 -25.772572 5.885324
v 14.322520 -27.428585 2.157770
v 17.243120 -29.129223 -0.747616
v 20.847521 -27.238474 2.759034
v 25.282881 -25.142485 6.287947
v 23.590580 -23.476688 9.928007
v 18.830780 -25.772572 5.885324
v 20.847521 -27.238474 2.759034
v 23.475410 -29.131432 -0.849244
v 27.234989 -27.024111 2.456661
v 25.282881 -25.142485 6.287947
v 23.590580 -23.476688 9.928007
v 23.134190 -22.905231 11.173399
v 17.263069 -24.872242 8.131464
v 18.830780 -25.772572 5.885324
v 23.590580 -23.476688 9.928007
v 29.865339 -21.838436 11.983992
v 29.566460 -21.236374 13.300607
v 23.134190 -22.905231 11.173399
v 23.590580 -23.476688 9.928007
v 25.282881 -25.142485 6.287947
v 30.433359 -22.930887 9.664954
v 29.865339 -21.838436 11.983992
v 29.865339 -21.838436 11.983992
v 36.310841 -20.381466 14.319012
v 36.206631 -19.856483 15.474012
v 29.566460 -21.236374 13.300607
v 29.865339 -21.838436 11.983992
v 30.433359 -22.930887 9.664954
v 36.604080 -21.544003 11.778066
v 36.310841 -20.381466 14.319012
v 36.310841 -20.381466 14.319012
v 43.248299 -19.458527 15.696901
v 43.236801 -18.967922 16.794441
v 36.206631 -19.856483 15.474012
v 36.310841 -20.381466 14.319012
v 36.604080 -21.544003 11.778066
v 43.277599 -20.670107 13.076345
v 43.248299 -19.458527 15.696901
v 43.248299 -19.458527 15.696901
v 50.455090 -18.917534 16.312922
v 50.508049 -18.377298 17.506523
v 43.236801 -18.967922 16.794441
v 43.248299 -19.458527 15.696901
v 43.277599 -20.670107 13.076345
v 50.296322 -20.120132 13.694836
v 50.455090 -18.917534 16.312922
v 50.455090 -18.917534 16.312922
v 57.815300 -18.864822 16.107422
v 57.991539 -18.295685 17.353502
v 50.508049 -18.377298 17.506523
v 50.455090 -18.917534 16.312922
v 50.296322 -20.120132 13.694836
v 57.360870 -20.072479 13.509631
v 57.815300 -18.864822 16.107422
v 57.360870 -20.072479 13.509631
v 63.868370 -20.822075 12.026773
v 65.040222 -19.156963 15.549572
v 57.815300 -18.864822 16.107422
v 57.360870 -20.072479 13.509631
v 56.479080 -22.174074 9.233747
v 62.484322 -22.885115 7.898057
v 63.868370 -20.822075 12.026773
v 57.360870 -20.072479 13.509631
v 50.296322 -20.120132 13.694836
v 49.887451 -22.096405 9.650934
v 56.479080 -22.174074 9.233747
v 62.484322 -22.885115 7.898057
v 67.230682 -24.225409 5.627659
v 69.318550 -22.144274 9.739723
v 63.868370 -20.822075 12.026773
v 62.484322 -22.885115 7.898057
v 60.157330 -25.460222 3.281376
v 63.956600 -26.791737 1.057374
v 67.230682 -24.225409 5.627659
v 62.484322 -22.885115 7.898057
v 56.479080 -22.174074 9.233747
v 55.718449 -24.427891 5.043209
v 60.157330 -25.460222 3.281376
v 63.956600 -26.791737 1.057374
v 67.082870 -28.096855 -1.224294
v 70.571411 -25.396496 3.615673
v 67.230682 -24.225409 5.627659
v 63.956600 -26.791737 1.057374
v 61.148201 -29.302052 -3.519316
v 63.824150 -30.426567 -5.420484
v 67.082870 -28.096855 -1.224294
v 63.956600 -26.791737 1.057374
v 60.157330 -25.460222 3.281376
v 57.364521 -27.966000 -1.267067
v 61.148201 -29.302052 -3.519316
v 61.148201 -29.302052 -3.519316
v 58.136780 -31.476765 -7.447608
v 60.600189 -32.547310 -9.232668
v 63.824150 -30.426567 -5.420484
v 61.148201 -29.302052 -3.519316
v 57.364521 -27.966000 -1.267067
v 54.611271 -30.164600 -5.191500
v 58.136780 -31.476765 -7.447608
v 63.824150 -30.426567 -5.420484
v 65.230492 -31.093624 -6.543028
v 68.844566 -28.989317 -2.859306
v 67.082870 -28.096855 -1.224294
v 63.824150 -30.426567 -5.420484
v 60.600189 -32.547310 -9.232668
v 61.963871 -33.174126 -10.274435
v 65.230492 -31.093624 -6.543028
v 68.844566 -28.989317 -2.859306
v 73.249046 -26.499510 1.654249
v 70.571411 -25.396496 3.615673
v 67.082870 -28.096855 -1.224294
v 68.844566 -28.989317 -2.859306
v 69.897469 -29.637505 -4.093926
v 74.900970 -27.306248 0.235075
v 73.249046 -26.499510 1.654249
v 68.844566 -28.989317 -2.859306
v 65.230492 -31.093624 -6.543028
v 66.246422 -31.603153 -7.397730
v 69.897469 -29.637505 -4.093926
v 69.897469 -29.637505 -4.093926
v 71.192970 -30.045637 -4.768184
v 76.756470 -27.726238 -0.761165
v 74.900970 -27.306248 0.235075
v 69.897469 -29.637505 -4.093926
v 66.246422 -31.603153 -7.397730
v 67.141502 -32.091885 -8.226009
v 71.192970 -30.045637 -4.768184
v 71.192970 -30.045637 -4.768184
v 71.188240 -30.204494 -5.428525
v 75.839691 -28.318468 -1.872418
v 76.756470 -27.726238 -0.761165
v 71.192970 -30.045637 -4.768184
v 67.141502 -32.091885 -8.226009
v 67.706810 -32.428177 -8.927308
v 71.188240 -30.204494 -5.428525
v 71.188240 -30.204494 -5.428525
v 67.706810 -32.428177 -8.927308
v 66.597939 -32.076992 -8.398419
v 69.957481 -30.079750 -5.383689
v 71.188240 -30.204494 -5.428525
v 69.957481 -30.079750 -5.383689
v 74.543541 -28.202374 -1.746484
v 75.839691 -28.318468 -1.872418
v 74.543541 -28.202374 -1.746484
v 69.957481 -30.079750 -5.383689
v 68.742317 -29.557430 -4.491948
v 73.510078 -27.544777 -0.610862
v 74.543541 -28.202374 -1.746484
v 78.283257 -26.885475 1.309049
v 80.465073 -26.685671 1.522539
v 75.839691 -28.318468 -1.872418
v 74.543541 -28.202374 -1.746484
v 73.510078 -27.544777 -0.610862
v 77.087502 -26.219109 2.479245
v 78.283257 -26.885475 1.309049
v 77.087502 -26.219109 2.479245
v 73.510078 -27.544777 -0.610862
v 71.269241 -26.754620 0.789968
v 74.138779 -25.136042 4.364281
v 77.087502 -26.219109 2.479245
v 78.056519 -25.546791 3.669204
v 80.085487 -25.762735 3.075730
v 78.283257 -26.885475 1.309049
v 77.087502 -26.219109 2.479245
v 74.138779 -25.136042 4.364281
v 74.660141 -23.916115 6.615787
v 78.056519 -25.546791 3.669204
v 74.660141 -23.916115 6.615787
v 74.138779 -25.136042 4.364281
v 69.311287 -23.864361 6.323374
v 70.721512 -22.070284 9.571853
v 74.660141 -23.916115 6.615787
v 75.452087 -22.729103 9.101480
v 78.880379 -24.221645 6.534869
v 78.056519 -25.546791 3.669204
v 74.660141 -23.916115 6.615787
v 70.721512 -22.070284 9.571853
v 70.873802 -20.965853 11.945407
v 75.452087 -22.729103 9.101480
v 70.873802 -20.965853 11.945407
v 70.721512 -22.070284 9.571853
v 64.771530 -20.742409 11.870535
v 65.092873 -19.556492 14.348858
v 70.873802 -20.965853 11.945407
v 71.355309 -19.877079 14.053363
v 76.103111 -21.607870 11.298346
v 75.452087 -22.729103 9.101480
v 70.873802 -20.965853 11.945407
v 65.092873 -19.556492 14.348858
v 65.329262 -18.699909 16.204159
v 71.355309 -19.877079 14.053363
v 65.329262 -18.699909 16.204159
v 65.092873 -19.556492 14.348858
v 58.496250 -18.589996 16.348202
v 58.431728 -18.081863 17.463408
v 65.329262 -18.699909 16.204159
v 65.816597 -17.841877 18.071278
v 71.796516 -19.025917 15.923966
v 71.355309 -19.877079 14.053363
v 65.329262 -18.699909 16.204159
v 58.431728 -18.081863 17.463408
v 58.369518 -17.650084 18.407301
v 65.816597 -17.841877 18.071278
v 58.369518 -17.650084 18.407301
v 58.431728 -18.081863 17.463408
v 50.986591 -18.049728 17.829479
v 50.824520 -17.699406 18.580805
v 58.369518 -17.650084 18.407301
v 58.306530 -17.204067 19.268070
v 65.889320 -17.418467 18.904600
v 65.816597 -17.841877 18.071278
v 58.369518 -17.650084 18.407301
v 50.824520 -17.699406 18.580805
v 50.673050 -17.298473 19.223709
v 58.306530 -17.204067 19.268070
v 50.673050 -17.298473 19.223709
v 50.824520 -17.699406 18.580805
v 43.537769 -18.249100 17.938179
v 43.436241 -18.085281 18.204552
v 50.673050 -17.298473 19.223709
v 50.553440 -17.137175 19.593498
v 58.244869 -16.800785 19.959421
v 58.306530 -17.204067 19.268070
v 50.673050 -17.298473 19.223709
v 43.436241 -18.085281 18.204552
v 43.318192 -18.140198 18.412714
v 50.553440 -17.137175 19.593498
v 43.318192 -18.140198 18.412714
v 43.436241 -18.085281 18.204552
v 36.322540 -18.966055 16.968925
v 36.200432 -19.068504 17.075869
v 43.318192 -18.140198 18.412714
v 43.202770 -18.279402 18.199217
v 50.544830 -17.633274 19.006365
v 50.553440 -17.137175 19.593498
v 43.318192 -18.140198 18.412714
v 36.200432 -19.068504 17.075869
v 36.118240 -19.131668 16.969093
v 43.202770 -18.279402 18.199217
v 36.118240 -19.131668 16.969093
v 36.200432 -19.068504 17.075869
v 29.260349 -20.296772 15.240057
v 29.181700 -20.400925 15.057364
v 36.118240 -19.131668 16.969093
v 36.152882 -19.473574 16.311584
v 43.224731 -18.611263 17.568521
v 43.202770 -18.279402 18.199217
v 36.118240 -19.131668 16.969093
v 29.181700 -20.400925 15.057364
v 29.362560 -20.805332 14.247397
v 36.152882 -19.473574 16.311584
v 29.362560 -20.805332 14.247397
v 29.181700 -20.400925 15.057364
v 22.540751 -22.164518 12.747902
v 22.832899 -22.524242 11.997747
v 29.362560 -20.805332 14.247397
v 29.566460 -21.236374 13.300607
v 36.206631 -19.856483 15.474012
v 36.152882 -19.473574 16.311584
v 29.362560 -20.805332 14.247397
v 22.832899 -22.524242 11.997747
v 23.134190 -22.905231 11.173399
v 29.566460 -21.236374 13.300607
v 22.832899 -22.524242 11.997747
v 22.540751 -22.164518 12.747902
v 16.433081 -24.192545 9.806492
v 16.824520 -24.523323 9.018775
v 22.832899 -22.524242 11.997747
v 16.824520 -24.523323 9.018775
v 17.263069 -24.872242 8.131464
v 23.134190 -22.905231 11.173399
v 36.152882 -19.473574 16.311584
v 36.206631 -19.856483 15.474012
v 43.236801 -18.967922 16.794441
v 43.224731 -18.611263 17.568521
v 43.224731 -18.611263 17.568521
v 50.533360 -18.000099 18.323015
v 50.544830 -17.633274 19.006365
v 43.202770 -18.279402 18.199217
v 43.224731 -18.611263 17.568521
v 43.236801 -18.967922 16.794441
v 50.508049 -18.377298 17.506523
v 50.533360 -18.000099 18.323015
v 50.533360 -18.000099 18.323015
v 58.098572 -17.839024 18.348995
v 58.172760 -17.396973 19.233444
v 50.544830 -17.633274 19.006365
v 50.533360 -18.000099 18.323015
v 50.508049 -18.377298 17.506523
v 57.991539 -18.295685 17.353502
v 58.098572 -17.839024 18.348995
v 58.098572 -17.839024 18.348995
v 65.643463 -18.026531 18.017662
v 65.801643 -17.616459 18.871685
v 58.172760 -17.396973 19.233444
v 58.098572 -17.839024 18.348995
v 57.991539 -18.295685 17.353502
v 65.440552 -18.470757 17.052771
v 65.643463 -18.026531 18.017662
v 65.440552 -18.470757 17.052771
v 71.752197 -19.349365 15.674494
v 72.229408 -18.749836 16.828228
v 65.643463 -18.026531 18.017662
v 65.440552 -18.470757 17.052771
v 65.040222 -19.156963 15.549572
v 70.774834 -20.445049 13.241768
v 71.752197 -19.349365 15.674494
v 65.440552 -18.470757 17.052771
v 57.991539 -18.295685 17.353502
v 57.815300 -18.864822 16.107422
v 65.040222 -19.156963 15.549572
v 70.774834 -20.445049 13.241768
v 75.291870 -21.915733 10.933384
v 76.444481 -20.687078 13.575127
v 71.752197 -19.349365 15.674494
v 70.774834 -20.445049 13.241768
v 69.318550 -22.144274 9.739723
v 73.496964 -23.392942 7.615465
v 75.291870 -21.915733 10.933384
v 70.774834 -20.445049 13.241768
v 65.040222 -19.156963 15.549572
v 63.868370 -20.822075 12.026773
v 69.318550 -22.144274 9.739723
v 73.496964 -23.392942 7.615465
v 77.089851 -24.450283 6.032157
v 78.966072 -23.048512 8.967770
v 75.291870 -21.915733 10.933384
v 73.496964 -23.392942 7.615465
v 70.571411 -25.396496 3.615673
v 73.249046 -26.499510 1.654249
v 77.089851 -24.450283 6.032157
v 73.496964 -23.392942 7.615465
v 69.318550 -22.144274 9.739723
v 67.230682 -24.225409 5.627659
v 70.571411 -25.396496 3.615673
v 77.089851 -24.450283 6.032157
v 79.658127 -25.287964 4.651079
v 81.253052 -23.653996 7.850802
v 78.966072 -23.048512 8.967770
v 77.089851 -24.450283 6.032157
v 73.249046 -26.499510 1.654249
v 74.900970 -27.306248 0.235075
v 79.658127 -25.287964 4.651079
v 79.658127 -25.287964 4.651079
v 83.779831 -24.322626 4.422531
v 83.963928 -23.871601 7.295863
v 81.253052 -23.653996 7.850802
v 79.658127 -25.287964 4.651079
v 74.900970 -27.306248 0.235075
v 76.756470 -27.726238 -0.761165
v 83.779831 -24.322626 4.422531
v 81.253052 -23.653996 7.850802
v 82.077660 -22.492271 10.489119
v 79.864250 -21.720903 11.856798
v 78.966072 -23.048512 8.967770
v 81.253052 -23.653996 7.850802
v 83.963928 -23.871601 7.295863
v 84.017532 -22.940388 9.579712
v 82.077660 -22.492271 10.489119
v 82.077660 -22.492271 10.489119
v 83.080879 -21.243237 11.760554
v 80.549049 -20.839270 13.537455
v 79.864250 -21.720903 11.856798
v 82.077660 -22.492271 10.489119
v 84.017532 -22.940388 9.579712
v 84.628601 -21.787624 10.762680
v 83.080879 -21.243237 11.760554
v 83.080879 -21.243237 11.760554
v 83.723221 -21.374702 11.908912
v 81.098190 -20.494385 14.193303
v 80.549049 -20.839270 13.537455
v 83.080879 -21.243237 11.760554
v 84.628601 -21.787624 10.762680
v 85.235519 -22.289413 10.140675
v 83.723221 -21.374702 11.908912
v 83.723221 -21.374702 11.908912
v 83.491943 -21.875645 10.973198
v 80.962120 -20.357775 13.589134
v 81.098190 -20.494385 14.193303
v 83.723221 -21.374702 11.908912
v 85.235519 -22.289413 10.140675
v 85.102997 -23.088112 8.945805
v 83.491943 -21.875645 10.973198
v 83.491943 -21.875645 10.973198
v 83.014908 -22.701164 9.729954
v 80.514900 -21.210335 12.314272
v 80.962120 -20.357775 13.589134
v 83.491943 -21.875645 10.973198
v 85.102997 -23.088112 8.945805
v 84.750267 -23.688627 7.588445
v 83.014908 -22.701164 9.729954
v 83.014908 -22.701164 9.729954
v 82.556549 -23.269756 8.114340
v 80.058571 -22.158766 10.553356
v 80.514900 -21.210335 12.314272
v 83.014908 -22.701164 9.729954
v 84.750267 -23.688627 7.588445
v 84.280312 -24.240932 6.264804
v 82.556549 -23.269756 8.114340
v 82.556549 -23.269756 8.114340
v 82.116074 -24.011158 6.581088
v 79.776604 -23.241215 8.253128
v 80.058571 -22.158766 10.553356
v 82.556549 -23.269756 8.114340
v 84.280312 -24.240932 6.264804
v 83.978943 -24.633959 5.404614
v 82.116074 -24.011158 6.581088
v 82.116074 -24.011158 6.581088
v 81.822487 -24.991444 5.107119
v 78.880379 -24.221645 6.534869
v 79.776604 -23.241215 8.253128
v 82.116074 -24.011158 6.581088
v 83.978943 -24.633959 5.404614
v 83.277061 -25.321215 4.420786
v 81.822487 -24.991444 5.107119
v 81.822487 -24.991444 5.107119
v 80.085487 -25.762735 3.075730
v 78.056519 -25.546791 3.669204
v 78.880379 -24.221645 6.534869
v 81.822487 -24.991444 5.107119
v 83.277061 -25.321215 4.420786
v 81.532570 -26.017452 2.841328
v 80.085487 -25.762735 3.075730
v 79.776604 -23.241215 8.253128
v 78.880379 -24.221645 6.534869
v 75.452087 -22.729103 9.101480
v 76.103111 -21.607870 11.298346
v 79.776604 -23.241215 8.253128
v 76.103111 -21.607870 11.298346
v 76.583801 -20.688938 13.404703
v 80.058571 -22.158766 10.553356
v 76.583801 -20.688938 13.404703
v 76.103111 -21.607870 11.298346
v 71.355309 -19.877079 14.053363
v 71.796516 -19.025917 15.923966
v 76.583801 -20.688938 13.404703
v 77.066521 -19.507511 14.975410
v 80.514900 -21.210335 12.314272
v 80.058571 -22.158766 10.553356
v 76.583801 -20.688938 13.404703
v 71.796516 -19.025917 15.923966
v 72.680931 -18.283089 17.654341
v 77.066521 -19.507511 14.975410
v 72.680931 -18.283089 17.654341
v 71.796516 -19.025917 15.923966
v 65.816597 -17.841877 18.071278
v 65.889320 -17.418467 18.904600
v 72.680931 -18.283089 17.654341
v 72.831520 -17.731014 18.406429
v 77.326973 -19.418690 16.174398
v 77.066521 -19.507511 14.975410
v 72.680931 -18.283089 17.654341
v 65.889320 -17.418467 18.904600
v 65.946838 -17.063534 19.576708
v 72.831520 -17.731014 18.406429
v 65.946838 -17.063534 19.576708
v 65.889320 -17.418467 18.904600
v 58.306530 -17.204067 19.268070
v 58.244869 -16.800785 19.959421
v 65.946838 -17.063534 19.576708
v 65.801643 -17.616459 18.871685
v 72.534767 -18.414616 17.763439
v 72.831520 -17.731014 18.406429
v 65.946838 -17.063534 19.576708
v 58.244869 -16.800785 19.959421
v 58.172760 -17.396973 19.233444
v 65.801643 -17.616459 18.871685
v 72.534767 -18.414616 17.763439
v 77.795731 -19.273188 16.482283
v 77.326973 -19.418690 16.174398
v 72.831520 -17.731014 18.406429
v 72.534767 -18.414616 17.763439
v 72.229408 -18.749836 16.828228
v 77.249947 -19.780033 15.270155
v 77.795731 -19.273188 16.482283
v 72.534767 -18.414616 17.763439
v 65.801643 -17.616459 18.871685
v 65.643463 -18.026531 18.017662
v 72.229408 -18.749836 16.828228
v 77.249947 -19.780033 15.270155
v 80.549049 -20.839270 13.537455
v 81.098190 -20.494385 14.193303
v 77.795731 -19.273188 16.482283
v 77.249947 -19.780033 15.270155
v 76.444481 -20.687078 13.575127
v 79.864250 -21.720903 11.856798
v 80.549049 -20.839270 13.537455
v 77.249947 -19.780033 15.270155
v 72.229408 -18.749836 16.828228
v 71.752197 -19.349365 15.674494
v 76.444481 -20.687078 13.575127
v 77.795731 -19.273188 16.482283
v 81.098190 -20.494385 14.193303
v 80.962120 -20.357775 13.589134
v 77.326973 -19.418690 16.174398
v 77.326973 -19.418690 16.174398
v 80.962120 -20.357775 13.589134
v 80.514900 -21.210335 12.314272
v 77.066521 -19.507511 14.975410
v 79.864250 -21.720903 11.856798
v 76.444481 -20.687078 13.575127
v 75.291870 -21.915733 10.933384
v 78.966072 -23.048512 8.967770
v 58.172760 -17.396973 19.233444
v 58.244869 -16.800785 19.959421
v 50.553440 -17.137175 19.593498
v 50.544830 -17.633274 19.006365
v 29.181700 -20.400925 15.057364
v 29.260349 -20.296772 15.240057
v 22.641331 -22.045692 12.962129
v 22.540751 -22.164518 12.747902
v 36.200432 -19.068504 17.075869
v 36.322540 -18.966055 16.968925
v 29.365129 -20.161362 15.217667
v 29.260349 -20.296772 15.240057
v 43.436241 -18.085281 18.204552
v 43.537769 -18.249100 17.938179
v 36.500130 -19.032951 16.848988
v 36.322540 -18.966055 16.968925
v 50.824520 -17.699406 18.580805
v 50.986591 -18.049728 17.829479
v 43.764820 -18.565296 17.276186
v 43.537769 -18.249100 17.938179
v 58.431728 -18.081863 17.463408
v 58.496250 -18.589996 16.348202
v 51.171230 -18.456085 16.928944
v 50.986591 -18.049728 17.829479
v 65.092873 -19.556492 14.348858
v 64.771530 -20.742409 11.870535
v 58.570259 -19.420971 14.543190
v 58.496250 -18.589996 16.348202
v 70.721512 -22.070284 9.571853
v 69.311287 -23.864361 6.323374
v 64.149261 -22.496382 8.363724
v 64.771530 -20.742409 11.870535
v 80.085487 -25.762735 3.075730
v 81.532570 -26.017452 2.841328
v 80.465073 -26.685671 1.522539
v 78.283257 -26.885475 1.309049
v 74.138779 -25.136042 4.364281
v 71.269241 -26.754620 0.789968
v 67.919670 -25.698301 2.636315
v 69.311287 -23.864361 6.323374
v 73.510078 -27.544777 -0.610862
v 68.742317 -29.557430 -4.491948
v 67.284187 -29.007393 -3.498312
v 71.269241 -26.754620 0.789968
v 69.957481 -30.079750 -5.383689
v 66.597939 -32.076992 -8.398419
v 65.447418 -31.730703 -7.806437
v 68.742317 -29.557430 -4.491948
v 23.269409 -34.755367 -10.453407
v 18.573050 -33.773743 -8.223473
v 19.266500 -33.124050 -7.287739
v 23.900841 -34.226776 -9.682151
v 23.269409 -34.755367 -10.453407
v 22.652090 -35.250198 -11.159587
v 18.017941 -34.335781 -9.025925
v 18.573050 -33.773743 -8.223473
v 18.017941 -34.335781 -9.025925
v 13.252340 -33.302208 -6.800476
v 13.431800 -32.822739 -6.186530
v 18.573050 -33.773743 -8.223473
v 18.017941 -34.335781 -9.025925
v 17.666719 -34.747879 -9.507874
v 13.072590 -33.549309 -6.885500
v 13.252340 -33.302208 -6.800476
v 13.072590 -33.549309 -6.885500
v 8.003350 -32.405167 -4.886084
v 8.141400 -32.264259 -4.953594
v 13.252340 -33.302208 -6.800476
v 13.072590 -33.549309 -6.885500
v 12.965940 -33.183319 -6.380940
v 7.476240 -31.858887 -4.016746
v 8.003350 -32.405167 -4.886084
v 7.476240 -31.858887 -4.016746
v 5.059200 -31.157486 -2.373788
v 4.952550 -31.798843 -3.351330
v 8.003350 -32.405167 -4.886084
v 7.476240 -31.858887 -4.016746
v 7.938190 -31.129715 -3.049504
v 5.561040 -30.144995 -0.859802
v 5.059200 -31.157486 -2.373788
v 24.773090 -28.222870 0.350698
v 21.847799 -26.632441 3.603894
v 27.212330 -24.498001 6.844851
v 29.714001 -26.085476 3.460654
v 24.773090 -28.222870 0.350698
v 22.076380 -30.515472 -3.387295
v 17.916731 -28.826536 -0.534917
v 21.847799 -26.632441 3.603894
v 24.773090 -28.222870 0.350698
v 29.714001 -26.085476 3.460654
v 33.222061 -27.633183 0.212600
v 29.279230 -29.458126 -2.532990
v 21.847799 -26.632441 3.603894
v 19.307421 -25.289181 6.593612
v 24.922609 -23.142696 9.952848
v 27.212330 -24.498001 6.844851
v 21.847799 -26.632441 3.603894
v 17.916731 -28.826536 -0.534917
v 14.336100 -27.103298 2.485074
v 19.307421 -25.289181 6.593612
v 14.336100 -27.103298 2.485074
v 17.916731 -28.826536 -0.534917
v 15.229380 -31.073353 -3.931543
v 10.254190 -29.453039 -1.267577
v 14.336100 -27.103298 2.485074
v 12.303110 -26.186636 4.559218
v 17.906610 -24.631708 8.267941
v 19.307421 -25.289181 6.593612
v 14.336100 -27.103298 2.485074
v 10.254190 -29.453039 -1.267577
v 7.183150 -28.618454 1.055758
v 12.303110 -26.186636 4.559218
v 29.714001 -26.085476 3.460654
v 35.181278 -24.612772 5.496117
v 37.315899 -26.338362 2.131952
v 33.222061 -27.633183 0.212600
v 29.714001 -26.085476 3.460654
v 27.212330 -24.498001 6.844851
v 33.060921 -22.846985 9.120752
v 35.181278 -24.612772 5.496117
v 10.254190 -29.453039 -1.267577
v 8.802200 -30.771542 -2.990042
v 5.464510 -30.219641 -1.262257
v 7.183150 -28.618454 1.055758
v 4.952550 -31.798843 -3.351330
v 5.059200 -31.157486 -2.373788
v 3.314570 -30.776886 -1.276613
v 2.338980 -31.672321 -2.370723
v 1.111190 -32.220421 -3.164702
v 0.957630 -31.646400 -2.363460
v 1.235000 -31.231590 -1.764972
v 1.822980 -31.269711 -1.929462
v 1.029960 -28.376938 2.984637
v 0.780690 -29.072803 2.199434
v 0.845750 -29.438591 1.443722
v 1.167280 -29.149628 1.858201
v 12.303110 -26.186636 4.559218
v 7.183150 -28.618454 1.055758
v 7.021210 -27.920288 2.465562
v 11.526750 -25.834906 5.527162
v 35.181278 -24.612772 5.496117
v 40.644749 -23.784519 6.636458
v 41.950779 -25.607306 3.137177
v 37.315899 -26.338362 2.131952
v 46.156040 -27.472206 -0.523930
v 41.987320 -27.459570 -0.253812
v 41.950779 -25.607306 3.137177
v 47.160400 -25.182606 3.627775
v 50.433651 -33.074432 -10.213497
v 54.366711 -34.256184 -12.028957
v 51.433182 -35.833748 -14.538363
v 48.043930 -35.077316 -13.275681
v 45.598541 -39.437042 -19.341366
v 45.841209 -38.692120 -18.227549
v 49.952202 -37.936359 -17.626162
v 50.637600 -39.117012 -19.376354
v 55.127811 -37.212612 -16.610256
v 54.115429 -36.405052 -15.469813
v 49.960861 -37.340832 -16.602320
v 50.545841 -38.751343 -18.579639
v 43.304642 -34.860191 -12.582945
v 46.884850 -35.684238 -14.039738
v 49.084202 -33.909019 -11.388087
v 45.655869 -32.748878 -9.369368
v 80.465073 -26.685671 1.522539
v 83.779831 -24.322626 4.422531
v 76.756470 -27.726238 -0.761165
v 75.839691 -28.318468 -1.872418
v 83.779831 -24.322626 4.422531
v 83.277061 -25.321215 4.420786
v 83.978943 -24.633959 5.404614
v 84.280312 -24.240932 6.264804
v 83.277061 -25.321215 4.420786
v 83.779831 -24.322626 4.422531
v 80.465073 -26.685671 1.522539
v 81.532570 -26.017452 2.841328
v 1.206860 -28.703669 2.044589
v 0.843780 -29.086155 1.385832
v 0.780690 -29.072803 2.199434
v 1.029960 -28.376938 2.984637
v 1.071490 -30.745682 -0.912467
v 1.045380 -31.156155 -1.613284
v 0.998410 -31.590015 -1.685573
v 1.388440 -30.885986 -0.806519
v 1.071490 -30.745682 -0.912467
v 1.388440 -30.885986 -0.806519
v 1.142130 -30.041616 0.358564
v 0.825350 -29.931723 0.240794
v 1.142130 -30.041616 0.358564
v 0.845750 -29.438591 1.443722
v 0.754560 -29.339104 0.992735
v 0.825350 -29.931723 0.240794
v 0.754560 -29.339104 0.992735
v 0.845750 -29.438591 1.443722
v 0.780690 -29.072803 2.199434
v 0.843780 -29.086155 1.385832
v 1.255620 -31.758476 -2.036298
v 0.998410 -31.590015 -1.685573
v 0.957630 -31.646400 -2.363460
v 1.111190 -32.220421 -3.164702
v 1.045380 -31.156155 -1.613284
v 1.235000 -31.231590 -1.764972
v 0.957630 -31.646400 -2.363460
v 0.998410 -31.590015 -1.685573
vn -0.3205 0.7755 -0.5440
vn -0.3205 0.7754 -0.5440
vn -0.3825 0.7128 -0.5878
vn -0.3826 0.7128 -0.5878
vn -0.1622 0.7675 -0.6201
vn -0.1621 0.7675 -0.6201
vn -0.0961 0.8526 -0.5137
vn -0.0451 0.8641 -0.5013
vn -0.0315 0.8266 -0.5619
vn -0.0887 0.8257 -0.5571
vn -0.0888 0.8257 -0.5571
vn -0.0348 0.8624 -0.5050
vn -0.0347 0.8624 -0.5050
vn -0.0017 0.8494 -0.5277
vn -0.0015 0.8494 -0.5277
vn -0.0014 0.8494 -0.5278
vn 0.0098 0.8565 -0.5160
vn 0.0098 0.8565 -0.5161
vn -0.0099 0.8614 -0.5078
vn -0.0100 0.8614 -0.5079
vn -0.0098 0.8615 -0.5077
vn -0.1513 -0.8977 0.4138
vn 0.0644 -0.8539 0.5165
vn 0.0645 -0.8539 0.5164
vn 0.0759 -0.8493 0.5225
vn 0.0758 -0.8493 0.5225
vn 0.1987 -0.9644 0.1745
vn 0.1986 -0.9644 0.1745
vn -0.0305 0.8641 -0.5024
vn -0.0304 0.8641 -0.5025
vn -0.0303 0.8640 -0.5026
vn -0.0304 0.8641 -0.5024
vn -0.0194 0.8650 -0.5013
vn -0.0194 0.8650 -0.5014
vn -0.0161 0.8622 -0.5063
vn -0.0160 0.8622 -0.5063
vn -0.3889 0.6879 -0.6128
vn -0.3891 0.6880 -0.6126
vn -0.3508 0.7876 -0.5065
vn -0.3508 0.7877 -0.5065
vn -0.3970 0.7142 -0.5765
vn 0.6103 -0.3170 -0.7259
vn 0.6103 -0.3171 -0.7260
vn 0.6104 -0.3170 -0.7259
vn 0.6103 -0.3170 -0.7260
vn -0.3337 0.8151 -0.4736
vn -0.3337 0.8151 -0.4737
vn -0.1645 0.6582 -0.7347
vn -0.1644 0.6582 -0.7347
vn -0.4123 0.6763 -0.6104
vn 0.0113 0.8851 -0.4652
vn 0.0114 0.8851 -0.4652
vn 0.0036 0.8587 -0.5125
vn 0.0093 0.8574 -0.5146
vn 0.0092 0.8573 -0.5147
vn -0.3524 0.7013 -0.6196
vn -0.1242 0.7850 -0.6069
vn -0.1239 0.7851 -0.6069
vn -0.1241 0.7850 -0.6069
vn -0.1026 0.7745 -0.6242
vn -0.1025 0.7745 -0.6242
vn -0.1025 0.7745 -0.6241
vn -0.1146 0.7791 -0.6164
vn -0.1146 0.7790 -0.6164
vn 0.0585 -0.8520 0.5203
vn 0.0583 -0.8519 0.5204
vn 0.0400 -0.8575 0.5129
vn 0.0316 -0.8619 0.5060
vn 0.0317 -0.8619 0.5060
vn 0.0318 -0.8619 0.5060
vn 0.0011 -0.8625 0.5060
vn 0.0011 -0.8625 0.5061
vn -0.0311 -0.8566 0.5151
vn -0.0310 -0.8565 0.5152
vn -0.0309 -0.8565 0.5153
vn -0.0224 -0.8787 0.4768
vn -0.0226 -0.8787 0.4768
vn 0.1315 -0.7799 0.6120
vn 0.1314 -0.7798 0.6121
vn 0.1314 -0.7798 0.6120
vn 0.0943 -0.7742 0.6258
vn 0.0944 -0.7742 0.6259
vn 0.0946 -0.7741 0.6260
vn 0.0945 -0.7741 0.6260
vn 0.1193 -0.8053 0.5808
vn 0.1195 -0.8053 0.5807
vn 0.0103 -0.8626 0.5057
vn 0.0100 -0.8626 0.5058
vn 0.0100 -0.8632 0.5048
vn 0.0101 -0.8632 0.5048
vn 0.0099 -0.8631 0.5049
vn 0.0099 -0.8631 0.5050
vn 0.0098 -0.8630 0.5051
vn 0.0763 -0.7670 0.6370
vn 0.0763 -0.7671 0.6370
vn 0.0764 -0.7671 0.6370
vn 0.0660 -0.7788 0.6237
vn 0.0658 -0.7790 0.6235
vn 0.0657 -0.7791 0.6235
vn 0.0965 -0.7774 0.6216
vn 0.0963 -0.7774 0.6216
vn 0.2184 -0.7934 0.5682
vn 0.2185 -0.7934 0.5682
vn 0.3856 -0.6943 0.6077
vn 0.2156 -0.7519 0.6230
vn 0.2156 -0.7520 0.6230
vn 0.2731 -0.8323 0.4823
vn 0.2731 -0.8323 0.4824
vn 0.1841 -0.8713 0.4549
vn 0.1842 -0.8713 0.4549
vn 0.1867 -0.9020 0.3893
vn 0.3038 -0.8192 0.4864
vn 0.3039 -0.8192 0.4864
vn 0.0676 -0.8701 0.4883
vn 0.0378 -0.9085 0.4163
vn 0.0378 -0.9084 0.4163
vn 0.1744 -0.9574 0.2300
vn -0.0331 0.8738 -0.4852
vn -0.1390 0.9393 -0.3138
vn -0.0597 0.8605 -0.5060
vn -0.1615 0.8963 -0.4130
vn -0.1615 0.8963 -0.4129
vn -0.2911 0.8701 -0.3976
vn -0.2912 0.8701 -0.3976
vn -0.1732 0.8745 -0.4532
vn -0.1731 0.8744 -0.4532
vn -0.1732 0.8745 -0.4530
vn -0.1732 0.8745 -0.4531
vn -0.1969 0.8384 -0.5082
vn -0.1969 0.8384 -0.5083
vn -0.1258 0.8282 -0.5461
vn -0.1258 0.8283 -0.5461
vn -0.1640 0.8067 -0.5678
vn -0.0626 0.8138 -0.5778
vn -0.0626 0.8138 -0.5777
vn -0.1312 0.7699 -0.6246
vn -0.1311 0.7699 -0.6246
vn -0.0612 0.7780 -0.6253
vn -0.0613 0.7780 -0.6253
vn -0.0992 0.8122 -0.5749
vn -0.0706 0.8155 -0.5744
vn -0.0705 0.8155 -0.5744
vn -0.1255 0.7988 -0.5884
vn -0.0959 0.8423 -0.5303
vn -0.0960 0.8423 -0.5303
vn -0.1174 0.8380 -0.5329
vn -0.1696 0.8182 -0.5494
vn -0.0989 0.8411 -0.5318
vn -0.0988 0.8411 -0.5318
vn -0.1060 0.8387 -0.5342
vn 0.5150 -0.5982 0.6139
vn 0.5151 -0.5982 0.6139
vn -0.2010 0.7668 -0.6096
vn 0.2515 -0.8009 0.5435
vn 0.2514 -0.8009 0.5435
vn 0.0965 -0.8481 0.5209
vn 0.0964 -0.8482 0.5209
vn -0.1913 -0.8332 0.5189
vn 0.0966 -0.8426 0.5298
vn 0.1061 -0.8413 0.5301
vn 0.1060 -0.8413 0.5301
vn 0.0998 -0.8180 0.5665
vn 0.1000 -0.8179 0.5666
vn 0.1003 -0.8178 0.5666
vn 0.0997 -0.8180 0.5665
vn 0.0935 -0.8218 0.5620
vn 0.0934 -0.8218 0.5620
vn 0.1018 -0.8402 0.5327
vn 0.0946 -0.8466 0.5238
vn 0.1157 -0.8381 0.5332
vn 0.1158 -0.8381 0.5331
vn 0.0500 -0.8523 0.5207
vn 0.0501 -0.8523 0.5207
vn 0.0850 -0.8358 0.5425
vn 0.0290 -0.8556 0.5169
vn 0.0289 -0.8555 0.5169
vn 0.0119 -0.8623 0.5062
vn 0.0119 -0.8623 0.5063
vn 0.0120 -0.8623 0.5063
vn 0.0177 -0.8624 0.5059
vn 0.0180 -0.8622 0.5062
vn 0.0109 -0.8629 0.5053
vn 0.0108 -0.8628 0.5054
vn 0.0104 -0.8630 0.5051
vn 0.0105 -0.8629 0.5053
vn 0.0099 -0.8630 0.5052
vn 0.0101 -0.8630 0.5051
vn 0.0102 -0.8630 0.5051
vn 0.0102 -0.8630 0.5052
vn 0.0101 -0.8631 0.5049
vn 0.0106 -0.8629 0.5052
vn 0.0104 -0.8629 0.5053
vn 0.0118 -0.8624 0.5060
vn 0.0119 -0.8625 0.5060
vn 0.0126 -0.8605 0.5094
vn 0.0124 -0.8606 0.5092
vn 0.0159 -0.8597 0.5106
vn 0.0165 -0.8599 0.5102
vn 0.0141 -0.8613 0.5080
vn 0.0143 -0.8612 0.5081
vn 0.0141 -0.8613 0.5079
vn 0.0142 -0.8612 0.5080
vn 0.0291 -0.8452 0.5337
vn 0.0291 -0.8452 0.5336
vn 0.0869 -0.8149 0.5730
vn 0.0870 -0.8149 0.5730
vn 0.0677 -0.8480 0.5256
vn 0.0677 -0.8481 0.5255
vn 0.0676 -0.8481 0.5255
vn 0.0054 -0.8566 0.5159
vn 0.0053 -0.8566 0.5160
vn 0.0055 -0.8566 0.5159
vn -0.0103 -0.8572 0.5148
vn -0.0100 -0.8570 0.5152
vn -0.0098 -0.8568 0.5156
vn 0.0702 -0.8170 0.5723
vn 0.0701 -0.8170 0.5723
vn -0.0221 -0.8681 0.4958
vn -0.0221 -0.8681 0.4959
vn 0.1148 -0.8404 0.5297
vn -0.0278 -0.8707 0.4911
vn -0.0278 -0.8706 0.4911
vn -0.0278 -0.8706 0.4912
vn 0.1012 -0.8742 0.4750
vn 0.1012 -0.8742 0.4749
vn 0.0105 -0.8572 0.5148
vn 0.0105 -0.8572 0.5149
vn 0.0107 -0.8615 0.5076
vn 0.0107 -0.8616 0.5076
vn -0.0277 -0.8679 0.4960
vn 0.0238 -0.8754 0.4827
vn 0.0239 -0.8755 0.4827
vn 0.0239 -0.8755 0.4826
vn 0.0239 -0.8756 0.4825
vn -0.0211 -0.8775 0.4791
vn -0.0212 -0.8775 0.4791
vn -0.0212 -0.8775 0.4792
vn 0.0197 0.8315 -0.5552
vn 0.0314 0.8248 -0.5645
vn -0.0072 0.8606 -0.5092
vn -0.0071 0.8606 -0.5092
vn 0.0306 0.8571 -0.5142
vn 0.0306 0.8571 -0.5143
vn -0.0054 0.8597 -0.5108
vn -0.0055 0.8597 -0.5107
vn -0.0056 0.8598 -0.5107
vn 0.0165 0.8789 -0.4767
vn 0.0164 0.8789 -0.4767
vn -0.0712 0.8905 -0.4494
vn -0.0712 0.8905 -0.4493
vn 0.0023 0.8637 -0.5040
vn 0.0024 0.8637 -0.5041
vn 0.0024 0.8636 -0.5041
vn -0.0558 0.8597 -0.5078
vn -0.0558 0.8597 -0.5077
vn -0.0012 0.8497 -0.5272
vn -0.0015 0.8498 -0.5271
vn -0.0360 0.8386 -0.5435
vn -0.0359 0.8387 -0.5434
vn -0.0359 0.8387 -0.5435
vn -0.0070 0.8555 -0.5177
vn -0.0203 0.8516 -0.5238
vn -0.0203 0.8516 -0.5237
vn -0.0261 0.8412 -0.5400
vn -0.0127 0.8604 -0.5095
vn -0.0126 0.8603 -0.5096
vn -0.0125 0.8603 -0.5096
vn -0.0193 0.8589 -0.5119
vn -0.0191 0.8590 -0.5116
vn -0.0941 0.8419 -0.5314
vn -0.0942 0.8419 -0.5314
vn -0.0941 0.8418 -0.5315
vn -0.0171 0.8607 -0.5089
vn -0.0168 0.8606 -0.5090
vn -0.0860 0.8457 -0.5267
vn -0.1116 0.8386 -0.5331
vn -0.0523 0.8489 -0.5260
vn -0.0522 0.8489 -0.5260
vn -0.0737 0.8320 -0.5499
vn -0.0736 0.8320 -0.5499
vn -0.0130 0.8617 -0.5073
vn -0.0104 0.8629 -0.5053
vn -0.0106 0.8628 -0.5054
vn -0.0101 0.8630 -0.5052
vn -0.0102 0.8630 -0.5050
vn -0.0103 0.8628 -0.5054
vn -0.0102 0.8628 -0.5054
vn -0.0100 0.8632 -0.5048
vn -0.0100 0.8630 -0.5051
vn -0.0098 0.8638 -0.5037
vn -0.0098 0.8640 -0.5034
vn -0.0098 0.8632 -0.5047
vn -0.0096 0.8635 -0.5043
vn -0.0207 0.8621 -0.5063
vn -0.0206 0.8621 -0.5064
vn -0.0090 0.8651 -0.5015
vn -0.0090 0.8652 -0.5014
vn -0.0287 0.8700 -0.4922
vn 0.0018 -0.9013 0.4332
vn 0.0019 -0.9013 0.4332
vn 0.0019 -0.9013 0.4333
vn -0.0347 0.8765 -0.4801
vn -0.0347 0.8765 -0.4802
vn -0.0252 0.8568 -0.5150
vn -0.0252 0.8569 -0.5149
vn -0.0186 0.9944 0.1041
vn -0.0186 0.9944 0.1040
vn -0.0187 0.9944 0.1041
vn -0.0728 0.9674 -0.2425
vn 0.0329 -0.8788 0.4761
vn 0.0329 -0.8787 0.4761
vn 0.0329 -0.8787 0.4762
vn 0.0204 -0.8790 0.4764
vn -0.0273 0.8235 -0.5667
vn 0.0208 -0.8528 0.5218
vn 0.0207 -0.8528 0.5218
vn 0.0208 -0.8528 0.5217
vn 0.0256 -0.8670 0.4976
vn 0.0256 -0.8670 0.4977
vn 0.0474 -0.8649 0.4997
vn 0.0472 -0.8649 0.4997
vn 0.0110 -0.8616 0.5075
vn 0.0110 -0.8615 0.5076
vn 0.0104 -0.8627 0.5056
vn 0.0106 -0.8625 0.5059
vn 0.0106 -0.8613 0.5081
vn 0.0106 -0.8612 0.5082
vn 0.0102 -0.8623 0.5062
vn 0.0110 -0.8614 0.5077
vn 0.0110 -0.8613 0.5080
vn 0.0108 -0.8622 0.5064
vn 0.0105 -0.8625 0.5060
vn 0.0094 -0.8608 0.5089
vn 0.0094 -0.8607 0.5090
vn 0.0074 -0.8629 0.5053
vn 0.0073 -0.8629 0.5053
vn 0.0070 -0.8630 0.5051
vn 0.0071 -0.8630 0.5052
vn 0.0102 -0.8632 0.5048
vn 0.0102 -0.8631 0.5050
vn -0.0214 -0.8675 0.4969
vn 0.0085 -0.8640 0.5034
vn 0.0087 -0.8640 0.5034
vn 0.0085 -0.8634 0.5044
vn 0.0085 -0.8634 0.5045
vn 0.0084 -0.8633 0.5046
vn 0.0099 -0.8632 0.5048
vn 0.0022 -0.8491 0.5282
vn 0.0293 -0.8360 0.5479
vn 0.0293 -0.8361 0.5479
vn 0.0631 -0.8217 0.5664
vn 0.0631 -0.8218 0.5663
vn -0.0046 -0.8611 0.5085
vn 0.0254 -0.8674 0.4970
vn 0.0254 -0.8674 0.4969
vn 0.0074 -0.8681 0.4963
vn 0.0073 -0.8681 0.4964
vn 0.0190 -0.8647 0.5019
vn -0.0104 -0.8601 0.5101
vn -0.0079 -0.8566 0.5159
vn 0.0607 -0.8676 0.4935
vn 0.0608 -0.8676 0.4935
vn 0.0276 -0.8591 0.5110
vn 0.0064 -0.8517 0.5239
vn 0.0065 -0.8517 0.5239
vn -0.0883 0.8674 -0.4897
vn 0.0023 -0.8578 0.5140
vn 0.0023 -0.8577 0.5141
vn 0.0022 -0.8577 0.5141
vn 0.2300 0.7458 -0.6252
vn 0.1136 0.7949 -0.5960
vn 0.1135 0.7949 -0.5960
vn 0.1135 0.7950 -0.5959
vn -0.0566 -0.8248 0.5626
vn -0.0566 -0.8248 0.5625
vn -0.0566 -0.8249 0.5625
vn -0.0180 0.8616 -0.5072
vn -0.0180 0.8616 -0.5073
vn -0.0354 0.8595 -0.5099
vn -0.0084 0.8537 -0.5207
vn -0.0083 0.8537 -0.5207
vn 0.0035 0.8571 -0.5152
vn 0.0036 0.8571 -0.5152
vn -0.0106 0.8486 -0.5290
vn -0.0018 0.8571 -0.5152
vn -0.0016 0.8570 -0.5153
vn -0.0113 0.8510 -0.5250
vn -0.0112 0.8510 -0.5250
vn 0.0027 0.8502 -0.5265
vn 0.0028 0.8502 -0.5265
vn -0.0007 0.8602 -0.5100
vn -0.0006 0.8602 -0.5100
vn -0.0242 0.8615 -0.5071
vn 0.0071 0.8627 -0.5056
vn 0.0072 0.8627 -0.5056
vn 0.0072 0.8628 -0.5056
vn -0.0096 0.8651 -0.5015
vn -0.0097 0.8651 -0.5015
vn -0.0180 0.8665 -0.4988
vn -0.0179 0.8665 -0.4988
vn 0.0079 0.8696 -0.4937
vn -0.0020 0.8660 -0.5000
vn -0.0021 0.8660 -0.5000
vn -0.0721 0.8164 -0.5729
vn -0.0721 0.8165 -0.5729
vn -0.0256 0.8340 -0.5512
vn -0.0256 0.8340 -0.5511
vn -0.0318 0.8410 -0.5401
vn -0.0317 0.8410 -0.5401
vn -0.0116 0.8603 -0.5097
vn -0.0097 0.8643 -0.5028
vn -0.0097 0.8643 -0.5029
vn -0.0096 0.8644 -0.5028
vn 0.0072 0.8771 -0.4802
vn 0.0072 0.8772 -0.4802
vn 0.0072 0.8772 -0.4801
vn -0.0044 0.8723 -0.4889
vn -0.0045 0.8722 -0.4891
vn -0.0046 0.8721 -0.4892
vn -0.0044 0.8723 -0.4890
vn -0.0059 0.8708 -0.4916
vn 0.0826 -0.7397 0.6679
vn 0.0825 -0.7397 0.6679
vn 0.0825 -0.7397 0.6678
vn 0.1320 -0.5214 0.8430
vn 0.0995 0.3788 0.9201
vn 0.0129 -0.8568 0.5154
vn 0.0129 -0.8569 0.5154
vn 0.0114 -0.8715 0.4903
vn 0.0036 0.2486 0.9686
vn 0.0036 0.2485 0.9686
vn 0.0102 -0.8935 0.4490
vn 0.0132 -0.8583 0.5129
vn 0.0133 -0.8583 0.5130
vn 0.0611 -0.8095 0.5839
vn 0.0165 -0.8556 0.5174
vn -0.0079 -0.8570 0.5153
vn 0.0434 -0.8349 0.5488
vn 0.0434 -0.8348 0.5488
vn 0.0234 -0.8632 0.5043
vn 0.0732 -0.8519 0.5185
vn 0.1567 -0.8693 0.4688
vn 0.1566 -0.8693 0.4688
vn 0.0137 0.8629 -0.5051
vn 0.0138 0.8629 -0.5051
vn 0.0024 0.8669 -0.4985
vn 0.0025 0.8669 -0.4985
vn -0.0026 0.8559 -0.5172
vn -0.0027 0.8559 -0.5172
vn 0.9897 -0.0312 -0.1396
vn 0.9897 -0.0312 -0.1395
vn 0.9897 -0.0313 -0.1395
vn 0.0990 0.8926 -0.4398
vn 0.0989 0.8926 -0.4398
vn -0.0095 0.8648 -0.5020
vn -0.0095 0.8650 -0.5016
vn -0.0093 0.8649 -0.5018
vn -0.0094 0.8648 -0.5020
vn -0.0080 0.8686 -0.4955
vn -0.0079 0.8686 -0.4954
vn -0.0099 0.8641 -0.5032
vn -0.0099 0.8640 -0.5034
vn -0.0101 0.8615 -0.5077
vn -0.0101 0.8615 -0.5076
vn -0.0102 0.8631 -0.5049
vn -0.0103 0.8632 -0.5048
vn -0.0079 0.8620 -0.5069
vn -0.0080 0.8619 -0.5070
vn -0.0080 0.8619 -0.5071
vn -0.0080 0.8638 -0.5038
vn -0.0080 0.8637 -0.5039
vn -0.0079 0.8636 -0.5041
vn -0.0079 0.8637 -0.5040
vn 0.0237 0.8704 -0.4917
vn 0.0238 0.8704 -0.4917
vn 0.0028 0.8463 -0.5326
vn -0.0102 0.8632 -0.5047
vn -0.0099 0.8630 -0.5051
vn -0.0088 0.8633 -0.5046
vn -0.0087 0.8633 -0.5046
vn -0.0099 0.8629 -0.5053
vn -0.0103 0.8631 -0.5049
vn -0.0093 0.8628 -0.5055
vn -0.0091 0.8628 -0.5054
vn -0.0117 0.8611 -0.5083
vn -0.0118 0.8611 -0.5082
vn -0.0120 0.8612 -0.5081
vn -0.0094 0.8616 -0.5075
vn -0.0094 0.8616 -0.5074
vn -0.0093 0.8616 -0.5074
vn -0.0106 0.8629 -0.5052
vn -0.0105 0.8630 -0.5051
vn -0.0103 0.8629 -0.5053
vn -0.0101 0.8630 -0.5051
vn -0.0102 0.8631 -0.5050
vn 0.0127 -0.8566 0.5158
vn 0.0136 -0.8645 0.5025
vn 0.0135 -0.8645 0.5025
vn 0.0047 -0.8440 0.5363
vn -0.0086 -0.8511 0.5249
vn -0.0086 -0.8512 0.5247
vn -0.0086 -0.8513 0.5247
vn -0.0085 -0.8553 0.5181
vn -0.0086 -0.8553 0.5181
vn -0.0015 -0.8621 0.5068
vn -0.0015 -0.8619 0.5071
vn 0.0012 -0.8596 0.5109
vn 0.0011 -0.8596 0.5109
vn 0.0006 -0.8597 0.5107
vn -0.0217 -0.8628 0.5051
vn 0.0072 -0.8601 0.5100
vn 0.0071 -0.8602 0.5099
vn 0.0166 -0.8535 0.5209
vn 0.0166 -0.8536 0.5207
vn 0.0165 -0.8536 0.5207
vn 0.0166 -0.8535 0.5208
vn 0.0173 -0.8438 0.5364
vn 0.0172 -0.8438 0.5364
vn 0.0131 -0.8486 0.5289
vn 0.0113 -0.8600 0.5102
vn -0.0116 0.8625 -0.5059
vn -0.0117 0.8626 -0.5058
vn -0.0115 0.8625 -0.5060
vn -0.0031 0.8524 -0.5229
vn -0.0029 0.8526 -0.5225
vn -0.0028 0.8527 -0.5224
vn 0.0121 -0.8615 0.5077
vn 0.0120 -0.8614 0.5077
vn 0.0118 -0.8614 0.5078
vn 0.0203 -0.8631 0.5046
vn 0.0205 -0.8632 0.5045
vn 0.0204 -0.8631 0.5046
vn 0.0204 -0.8632 0.5045
vn 0.0704 -0.8132 0.5777
vn 0.0704 -0.8132 0.5778
vn 0.0728 -0.8178 0.5709
vn 0.0727 -0.8178 0.5709
vn 0.0625 -0.7729 0.6315
vn 0.0447 -0.7798 0.6244
vn 0.0726 -0.8181 0.5705
vn 0.0726 -0.8181 0.5704
vn 0.0727 -0.8181 0.5705
vn 0.0008 -0.7842 0.6205
vn 0.0007 -0.7842 0.6205
vn -0.0568 0.7789 -0.6246
vn -0.0568 0.7789 -0.6245
vn 0.7818 0.6235 0.0054
vn -0.1019 0.7603 -0.6415
vn -0.1619 0.7528 -0.6380
vn -0.0658 0.7699 -0.6348
vn -0.0659 0.7698 -0.6349
vn -0.0661 0.7697 -0.6350
vn -0.0660 0.7698 -0.6349
vn -0.0961 0.7680 -0.6332
vn -0.0960 0.7680 -0.6332
vn -0.0892 0.7727 -0.6285
vn -0.1110 0.7870 -0.6068
vn -0.1110 0.7870 -0.6069
vn -0.1184 0.7697 -0.6273
vn -0.1902 0.7552 -0.6273
vn -0.1568 0.7656 -0.6239
vn -0.2426 0.7518 -0.6131
vn -0.2403 0.7586 -0.6056
vn -0.7982 0.4588 -0.3904
vn -0.7982 0.4587 -0.3904
vn -0.5959 0.6496 -0.4722
vn -0.5958 0.6496 -0.4722
vn 0.9746 -0.2088 -0.0813
vn 0.9746 -0.2088 -0.0812
vn 0.8558 0.3798 -0.3513
vn 0.4869 -0.7582 0.4336
vn 0.4869 -0.7582 0.4337
vn 0.4870 -0.7582 0.4336
vn 0.3338 -0.6999 0.6315
vn 0.2282 -0.7688 0.5973
vn 0.2871 -0.7274 0.6233
vn 0.1155 -0.7699 0.6277
vn 0.1152 -0.7697 0.6280
vn 0.1323 -0.7632 0.6324
vn 0.1322 -0.7633 0.6324
vn 0.0757 -0.7739 0.6287
vn 0.0758 -0.7739 0.6287
vn 0.0713 -0.7757 0.6271
vn 0.0715 -0.7756 0.6271
vn 0.0717 -0.7755 0.6272
vn -0.0831 -0.8046 0.5880
vn -0.0832 -0.8046 0.5880
vn 0.0719 -0.7761 0.6264
vn 0.0718 -0.7762 0.6264
vn 0.0719 -0.7762 0.6264
vn 0.0769 -0.7749 0.6274
vn 0.0770 -0.7749 0.6274
vn -0.2334 0.7336 -0.6383
vn -0.2333 0.7336 -0.6383
vn -0.2960 -0.8187 0.4921
vn -0.2959 -0.8187 0.4921
vn -0.0798 0.7756 -0.6262
vn -0.0892 0.7735 -0.6275
vn -0.0892 0.7736 -0.6273
vn -0.0863 0.7720 -0.6298
vn -0.0862 0.7720 -0.6298
vn -0.0939 0.7723 -0.6283
vn -0.0940 0.7723 -0.6283
vn -0.0926 0.7717 -0.6292
vn -0.0927 0.7717 -0.6292
vn -0.1032 0.7728 -0.6262
vn -0.8495 -0.4849 0.2080
vn -0.8495 -0.4849 0.2079
vn -0.8495 -0.4850 0.2079
vn -0.4112 -0.7584 0.5057
vn 0.0875 -0.7724 0.6291
vn 0.1179 -0.7747 0.6212
vn 0.1178 -0.7748 0.6212
vn 0.1178 -0.7747 0.6212
vn 0.2232 -0.7683 0.6000
vn 0.2230 -0.7683 0.6000
vn 0.2231 -0.7683 0.6000
vn 0.1863 -0.7864 0.5890
vn 0.1866 -0.7864 0.5889
vn 0.1861 -0.7864 0.5890
vn 0.1753 -0.7886 0.5894
vn 0.1753 -0.7885 0.5895
vn 0.4656 -0.6921 0.5516
vn 0.1079 -0.7627 0.6377
vn 0.1078 -0.7627 0.6377
vn 0.1414 -0.8144 0.5628
vn 0.1414 -0.8145 0.5627
vn 0.1414 -0.8145 0.5626
vn -0.0628 0.5925 -0.8031
vn -0.0628 0.5926 -0.8031
vn -0.1985 0.7319 -0.6519
vn -0.1985 0.7318 -0.6519
vn -0.1886 0.7890 -0.5848
vn -0.1885 0.7889 -0.5849
vn -0.1609 0.7917 -0.5893
vn -0.1610 0.7917 -0.5893
vn -0.1611 0.7917 -0.5893
vn -0.2147 0.7672 -0.6044
vn -0.2146 0.7671 -0.6046
vn -0.1951 0.7748 -0.6013
vn 0.6884 -0.7251 -0.0150
vn 0.7617 -0.6038 0.2349
vn 0.7618 -0.6038 0.2349
vn -0.1958 0.7679 -0.6099
vn 0.0672 -0.7672 0.6379
vn 0.0671 -0.7672 0.6379
vn -0.2167 -0.8267 0.5192
vn 0.1405 -0.8298 0.5401
vn 0.1406 -0.8297 0.5403
vn 0.1406 -0.8296 0.5403
vn 0.3522 -0.6819 0.6410
vn 0.3522 -0.6819 0.6411
vn -0.4113 0.6688 -0.6193
vn -0.4114 0.6688 -0.6193
vn -0.8867 0.2156 -0.4090
vn -0.8867 0.2157 -0.4090
vn 0.0102 0.8621 -0.5066
vn 0.0102 0.8621 -0.5067
vn 0.0103 0.8620 -0.5068
vn 0.0103 0.8620 -0.5067
vn 0.0410 -0.8421 0.5378
vn 0.0412 -0.8421 0.5378
vn -0.0573 0.8405 -0.5388
vn -0.0572 0.8405 -0.5388
vn 0.5853 -0.6780 -0.4447
vn 0.5853 -0.6780 -0.4446
vn -0.9893 0.1347 0.0561
vn -0.9893 0.1347 0.0560
vn -0.6593 0.7458 0.0958
vn -0.6592 0.7458 0.0958
vn -0.6592 0.7459 0.0957
vn -0.8834 0.3844 0.2680
vn -0.8834 0.3844 0.2681
vn -0.8834 0.3843 0.2681
vn 0.1145 0.9667 -0.2287
vn 0.1145 0.9668 -0.2286
vn 0.1145 0.9668 -0.2287
vn -0.1829 -0.9591 0.2162
vn -0.1829 -0.9590 0.2163
vn 0.4074 0.8358 -0.3681
vn 0.4073 0.8358 -0.3681
vn 0.4074 0.8358 -0.3680
vn 0.0945 -0.7455 0.6598
vn 0.0946 -0.7455 0.6598
vn 0.9998 0.0062 -0.0176
vn 0.9998 0.0062 -0.0175
vn 0.9998 0.0063 -0.0176
vn 0.9998 0.0062 -0.0177
vn 0.0979 -0.8793 0.4661
vn 0.1393 -0.8276 0.5437
vn 0.1394 -0.8276 0.5437
vn 0.1394 -0.8277 0.5437
vn 0.1395 -0.8407 0.5233
vn 0.1394 -0.8407 0.5232
vn 0.1140 -0.8711 0.4776
vn 0.1140 -0.8712 0.4776
vn 0.1161 -0.8603 0.4963
vn 0.1161 -0.8604 0.4963
vn -0.0709 -0.9129 0.4019
vn -0.0709 -0.9129 0.4020
vn -0.0616 0.8022 -0.5938
vn -0.0617 0.8023 -0.5938
vn -0.0620 0.8025 -0.5934
vn -0.0617 0.8023 -0.5937
vn -0.0194 0.8307 -0.5564
vn -0.0194 0.8307 -0.5563
vn -0.0357 0.8381 -0.5443
vn -0.0359 0.8381 -0.5444
vn -0.0751 0.8568 -0.5101
vn -0.0751 0.8569 -0.5101
vn -0.1309 0.8398 -0.5269
vn -0.1263 0.8280 -0.5463
vn -0.1264 0.8280 -0.5463
vn -0.1059 0.8770 -0.4687
vn -0.1060 0.8770 -0.4687
vn -0.1275 0.8671 -0.4816
vn -0.1275 0.8671 -0.4815
vn 0.0226 -0.8384 0.5447
vn 0.0229 -0.8383 0.5447
vn 0.0230 -0.8383 0.5447
vn 0.0228 -0.8383 0.5447
vn 0.0285 -0.8314 0.5550
vn 0.0285 -0.8314 0.5549
vn 0.0575 -0.8055 0.5898
vn 0.0575 -0.8055 0.5897
vn -0.0397 0.8710 -0.4896
vn -0.0396 0.8710 -0.4896
vn -0.0396 0.8711 -0.4896
vn -0.0464 0.8719 -0.4875
vn -0.0464 0.8719 -0.4874
vn -0.0352 0.8760 -0.4811
vn -0.0354 0.8760 -0.4810
vn -0.0354 0.8760 -0.4809
vn 0.0308 -0.8715 0.4894
vn 0.0307 -0.8715 0.4894
vn 0.0228 -0.8782 0.4778
vn 0.0230 -0.8783 0.4775
vn 0.0231 -0.8784 0.4774
vn 0.0230 -0.8783 0.4776
vn 0.0337 -0.8749 0.4832
vn 0.0337 -0.8748 0.4832
vn 0.0338 -0.8746 0.4836
vn 0.0462 -0.8734 0.4848
vn 0.0462 -0.8734 0.4847
vn 0.0462 -0.8733 0.4849
vn 0.0307 -0.8780 0.4776
vn 0.0306 -0.8780 0.4776
vn 0.0420 -0.8702 0.4909
vn 0.0423 -0.8702 0.4909
vn 0.0501 -0.8662 0.4972
vn 0.0501 -0.8658 0.4978
vn 0.0371 -0.8681 0.4950
vn 0.0371 -0.8681 0.4949
vn 0.0371 -0.8681 0.4951
vn 0.0420 -0.8596 0.5092
vn 0.0424 -0.8596 0.5092
vn 0.0427 -0.8595 0.5093
vn 0.0614 -0.8312 0.5527
vn 0.0614 -0.8312 0.5526
vn 0.0308 -0.8489 0.5277
vn 0.0308 -0.8489 0.5276
vn 0.0309 -0.8490 0.5275
vn 0.0523 -0.8138 0.5788
vn 0.0309 -0.8192 0.5727
vn 0.0508 -0.8007 0.5969
vn 0.0507 -0.8007 0.5970
vn 0.0507 -0.8007 0.5969
vn 0.0333 -0.8166 0.5763
vn 0.0333 -0.8165 0.5763
vn 0.0334 -0.8165 0.5764
vn 0.0232 -0.8357 0.5486
vn 0.0232 -0.8357 0.5487
vn 0.0661 -0.8086 0.5846
vn 0.0661 -0.8086 0.5847
vn 0.0595 -0.8320 0.5516
vn 0.0530 -0.8523 0.5204
vn 0.0397 -0.8296 0.5569
vn 0.0397 -0.8296 0.5570
vn 0.0558 -0.8437 0.5338
vn 0.0558 -0.8438 0.5338
vn 0.0048 -0.8606 0.5092
vn 0.0391 -0.8828 0.4682
vn 0.0885 -0.8711 0.4831
vn -0.0235 0.5401 -0.8413
vn -0.0235 0.5400 -0.8413
vn 0.0449 -0.8855 0.4625
vn 0.0419 0.7228 -0.6898
vn 0.0418 0.7228 -0.6898
vn 0.0798 0.8176 -0.5702
vn 0.0019 0.8619 -0.5071
vn -0.0662 0.8447 -0.5311
vn -0.0663 0.8448 -0.5310
vn -0.0662 0.8447 -0.5310
vn -0.0521 0.8502 -0.5238
vn -0.0521 0.8502 -0.5239
vn -0.0410 0.8767 -0.4793
vn -0.0610 0.8395 -0.5400
vn -0.0611 0.8395 -0.5400
vn -0.0076 0.8614 -0.5078
vn -0.0029 0.8553 -0.5181
vn -0.0029 0.8553 -0.5182
vn -0.0398 0.8278 -0.5596
vn -0.0398 0.8278 -0.5595
vn -0.0027 0.8512 -0.5249
vn -0.0027 0.8512 -0.5248
vn -0.0032 0.8281 -0.5606
vn -0.0240 0.8317 -0.5548
vn -0.0239 0.8317 -0.5548
vn -0.0149 0.8382 -0.5451
vn -0.0149 0.8382 -0.5452
vn 0.0270 0.8778 -0.4782
vn 0.0271 0.8778 -0.4783
vn 0.0165 0.8753 -0.4833
vn 0.0165 0.8753 -0.4832
vn 0.0166 0.8753 -0.4832
vn -0.0004 0.8727 -0.4883
vn -0.0004 0.8728 -0.4882
vn 0.0179 0.8620 -0.5065
vn 0.0180 0.8620 -0.5066
vn -0.0063 0.8685 -0.4957
vn -0.0223 0.8759 -0.4820
vn -0.0222 0.8758 -0.4822
vn -0.0082 0.8805 -0.4740
vn -0.0083 0.8805 -0.4739
vn -0.0083 0.8806 -0.4739
vn -0.0251 0.8821 -0.4703
vn -0.0248 0.8823 -0.4700
vn -0.0279 0.8819 -0.4706
vn -0.0280 0.8820 -0.4705
vn -0.0281 0.8820 -0.4704
vn -0.0258 0.8917 -0.4520
vn -0.0258 0.8916 -0.4520
vn -0.0257 0.8916 -0.4520
vn -0.0328 0.8916 -0.4515
vn -0.0326 0.8918 -0.4512
vn -0.0324 0.8920 -0.4508
vn -0.0385 0.8904 -0.4535
vn -0.0384 0.8904 -0.4536
vn -0.0367 0.9030 -0.4280
vn -0.0369 0.9031 -0.4279
vn -0.0369 0.9031 -0.4278
vn -0.0451 0.9022 -0.4289
vn -0.0451 0.9022 -0.4290
vn -0.0778 0.8928 -0.4437
vn -0.0778 0.8928 -0.4436
vn -0.0488 0.9067 -0.4190
vn -0.0489 0.9067 -0.4190
vn -0.0808 0.8966 -0.4354
vn -0.0808 0.8967 -0.4352
vn -0.0808 0.8967 -0.4353
vn -0.0808 0.8966 -0.4353
vn -0.0872 0.8983 -0.4307
vn -0.0812 0.8956 -0.4373
vn -0.0812 0.8957 -0.4373
vn -0.0908 0.8986 -0.4292
vn -0.0908 0.8987 -0.4292
vn -0.0196 0.9315 -0.3633
vn -0.0830 0.8915 -0.4454
vn -0.0830 0.8914 -0.4454
vn -0.0830 0.8914 -0.4455
vn -0.0169 0.9275 -0.3734
vn -0.0169 0.9275 -0.3735
vn -0.1219 0.8958 -0.4274
vn -0.1219 0.8958 -0.4273
vn 0.0112 0.9066 -0.4218
vn 0.0113 0.9066 -0.4218
vn -0.0976 0.8898 -0.4458
vn -0.0976 0.8898 -0.4457
vn -0.0977 0.8898 -0.4457
vn -0.0701 0.8733 -0.4821
vn -0.1892 0.9508 -0.2452
vn -0.1290 0.9139 -0.3849
vn -0.1590 0.9157 -0.3691
vn -0.1589 0.9157 -0.3691
vn 0.0245 -0.8328 0.5530
vn 0.0522 -0.8175 0.5736
vn 0.0521 -0.8175 0.5736
vn 0.0523 -0.8175 0.5736
vn 0.0521 -0.8174 0.5736
vn -0.0462 0.8654 -0.4990
vn -0.0460 0.8721 -0.4871
vn -0.0461 0.8720 -0.4874
vn -0.0461 0.8719 -0.4875
vn -0.3208 0.7381 -0.5936
vn -0.3207 0.7381 -0.5936
vn -0.0568 0.8331 -0.5502
vn -0.2361 0.7835 -0.5748
vn -0.2828 0.8090 -0.5153
vn -0.2828 0.8090 -0.5154
vn -0.0829 0.7921 -0.6047
vn 0.1404 -0.8004 0.5827
vn 0.1405 -0.8004 0.5828
vn 0.1405 -0.8004 0.5827
vn 0.1146 -0.8546 0.5064
vn 0.1995 -0.8092 0.5526
vn 0.1996 -0.8092 0.5526
vn 0.1971 -0.8243 0.5308
vn 0.1972 -0.8243 0.5307
vn 0.2278 -0.9297 0.2895
vn -0.1783 0.8348 -0.5209
vn -0.1784 0.8347 -0.5210
vn -0.0667 -0.9956 -0.0653
vn -0.1274 0.8303 -0.5425
vn -0.4227 -0.6197 -0.6613
vn -0.4227 -0.6197 -0.6612
vn -0.1341 0.8126 -0.5671
vn -0.1362 0.8291 -0.5422
vn -0.1363 0.8291 -0.5422
vn -0.0523 0.8060 -0.5896
vn -0.0591 0.7990 -0.5984
vn -0.0591 0.7991 -0.5983
vn -0.0469 0.8126 -0.5810
vn -0.0470 0.8125 -0.5810
vn -0.0641 0.8227 -0.5649
vn -0.0462 0.8267 -0.5608
vn -0.0462 0.8267 -0.5607
vn -0.0261 0.8426 -0.5379
vn -0.0259 0.8426 -0.5379
vn -0.0258 0.8427 -0.5378
vn -0.0260 0.8426 -0.5379
vn -0.0701 0.8475 -0.5261
vn -0.0697 0.8477 -0.5259
vn -0.0698 0.8477 -0.5259
vn -0.0699 0.8476 -0.5260
vn -0.0700 0.8508 -0.5208
vn -0.0683 0.8657 -0.4959
vn -0.0683 0.8657 -0.4958
vn -0.0681 0.8658 -0.4958
vn -0.0742 0.8462 -0.5278
vn -0.0742 0.8461 -0.5278
vn -0.0741 0.8462 -0.5277
vn -0.0673 0.8585 -0.5085
vn -0.0673 0.8585 -0.5084
vn -0.0673 0.8584 -0.5086
vn -0.0554 0.8683 -0.4929
vn -0.0556 0.8683 -0.4929
vn -0.0558 0.8683 -0.4930
vn -0.0582 0.8544 -0.5164
vn -0.0581 0.8544 -0.5164
vn -0.0461 0.8684 -0.4938
vn -0.0462 0.8684 -0.4937
vn -0.0461 0.8683 -0.4938
vn -0.0487 0.8516 -0.5219
vn -0.0488 0.8516 -0.5220
vn -0.0368 0.8680 -0.4952
vn -0.0369 0.8681 -0.4951
vn -0.0282 0.8644 -0.5019
vn -0.0281 0.8645 -0.5019
vn -0.0226 0.8732 -0.4869
vn -0.0226 0.8732 -0.4868
vn -0.0225 0.8731 -0.4870
vn -0.0316 0.8718 -0.4889
vn -0.0315 0.8718 -0.4889
vn -0.0353 0.8499 -0.5258
vn -0.0354 0.8500 -0.5256
vn -0.0355 0.8501 -0.5254
vn -0.0354 0.8500 -0.5257
vn -0.0042 0.8406 -0.5417
vn -0.0041 0.8406 -0.5417
vn -0.0108 0.8510 -0.5250
vn -0.0108 0.8512 -0.5248
vn -0.0108 0.8511 -0.5248
vn -0.0454 0.8142 -0.5789
vn -0.0454 0.8141 -0.5789
vn -0.0453 0.8140 -0.5791
vn -0.0301 0.8133 -0.5811
vn -0.0300 0.8133 -0.5810
vn -0.0299 0.8133 -0.5810
vn -0.0317 0.8159 -0.5773
vn -0.0389 0.8074 -0.5887
vn -0.0232 0.8278 -0.5605
vn -0.0239 0.8325 -0.5535
vn -0.0239 0.8326 -0.5534
vn -0.0239 0.8325 -0.5534
vn -0.0202 0.8372 -0.5466
vn -0.0194 0.8530 -0.5216
vn -0.0194 0.8530 -0.5215
vn -0.0223 0.8462 -0.5324
vn -0.0222 0.8462 -0.5324
vn -0.0144 0.8816 -0.4718
vn -0.2545 -0.9661 -0.0435
vn -0.2503 0.0557 -0.9666
vn 0.0010 -0.8639 0.5037
vn 0.0030 -0.8873 0.4611
vn 0.0027 -0.8873 0.4611
vn 0.0030 -0.8874 0.4611
vn 0.0159 -0.8411 0.5407
vn 0.0159 -0.8410 0.5407
vn 0.0160 -0.8555 0.5176
vn 0.0162 -0.8555 0.5175
vn 0.0331 -0.8378 0.5450
vn 0.0330 -0.8379 0.5448
vn 0.0331 -0.8378 0.5449
vn 0.0403 -0.8321 0.5532
vn 0.0402 -0.8321 0.5532
vn 0.0220 -0.8297 0.5578
vn 0.0220 -0.8296 0.5579
vn 0.0598 -0.8389 0.5409
vn 0.0598 -0.8389 0.5410
vn 0.0597 -0.8390 0.5408
vn 0.0637 -0.8374 0.5428
vn 0.0637 -0.8375 0.5428
vn 0.0636 -0.8375 0.5427
vn 0.0483 -0.8286 0.5578
vn 0.0483 -0.8285 0.5578
vn 0.0765 -0.8478 0.5248
vn 0.0704 -0.8599 0.5055
vn 0.0703 -0.8599 0.5055
vn 0.0659 -0.8469 0.5277
vn 0.0659 -0.8469 0.5276
vn 0.0659 -0.8470 0.5275
vn 0.0659 -0.8470 0.5276
vn 0.0669 -0.8688 0.4907
vn 0.0669 -0.8687 0.4908
vn 0.0669 -0.8687 0.4909
vn 0.0672 -0.8731 0.4829
vn 0.0671 -0.8731 0.4829
vn 0.0669 -0.8731 0.4830
vn 0.0671 -0.8731 0.4830
vn 0.0578 -0.8695 0.4905
vn 0.0578 -0.8694 0.4907
vn 0.0774 -0.8814 0.4661
vn 0.0774 -0.8813 0.4661
vn 0.0774 -0.8813 0.4662
vn 0.0524 -0.8919 0.4491
vn 0.0524 -0.8919 0.4492
vn 0.0484 -0.8795 0.4735
vn 0.0484 -0.8794 0.4735
vn 0.0483 -0.8795 0.4734
vn 0.0347 -0.8985 0.4376
vn 0.0317 -0.8853 0.4639
vn 0.0316 -0.8854 0.4638
vn 0.0317 -0.8997 0.4353
vn 0.0316 -0.8997 0.4355
vn 0.0316 -0.8996 0.4355
vn 0.0281 -0.8868 0.4613
vn 0.0280 -0.8868 0.4612
vn 0.0157 -0.8841 0.4671
vn 0.0157 -0.8840 0.4671
vn 0.0156 -0.8840 0.4672
vn 0.0157 -0.8840 0.4672
vn 0.0148 -0.8758 0.4825
vn 0.0144 -0.8759 0.4823
vn 0.0244 -0.8781 0.4778
vn 0.0245 -0.8782 0.4777
vn -0.0055 -0.8728 0.4880
vn -0.0056 -0.8728 0.4881
vn -0.0055 -0.8729 0.4879
vn -0.0044 -0.8726 0.4885
vn -0.0047 -0.8726 0.4884
vn -0.0049 -0.8726 0.4884
vn -0.0046 -0.8726 0.4884
vn 0.0154 -0.8789 0.4768
vn 0.0154 -0.8788 0.4769
vn 0.0154 -0.8788 0.4770
vn 0.0101 -0.8530 0.5218
vn 0.0100 -0.8530 0.5218
vn 0.0217 -0.8641 0.5029
vn 0.0217 -0.8640 0.5030
vn -0.0004 -0.8623 0.5063
vn -0.0005 -0.8623 0.5063
vn -0.0003 -0.8623 0.5063
vn 0.0163 -0.8633 0.5045
vn 0.0163 -0.8632 0.5045
vn 0.0163 -0.8632 0.5046
vn 0.0139 -0.8457 0.5334
vn 0.0139 -0.8458 0.5334
vn -0.0175 -0.8628 0.5052
vn -0.0174 -0.8628 0.5052
vn 0.0211 -0.8403 0.5418
vn 0.0210 -0.8402 0.5418
vn -0.0257 -0.8614 0.5072
vn -0.0262 -0.8614 0.5073
vn -0.0265 -0.8613 0.5074
vn -0.0261 -0.8614 0.5073
vn 0.0262 -0.8398 0.5422
vn 0.0263 -0.8399 0.5421
vn -0.0343 -0.8490 0.5273
vn -0.0344 -0.8490 0.5273
vn -0.0343 -0.8490 0.5272
vn 0.0258 -0.8402 0.5416
vn -0.0082 -0.8540 0.5203
vn -0.0082 -0.8539 0.5203
vn -0.0187 -0.8655 0.5005
vn -0.0148 -0.8659 0.5000
vn -0.0147 -0.8659 0.5000
vn -0.0147 -0.8659 0.4999
vn 0.0281 -0.8427 0.5377
vn 0.0378 -0.8838 0.4663
vn 0.0684 -0.8591 0.5072
vn 0.0380 0.8567 -0.5145
vn 0.0381 0.8566 -0.5145
vn 0.0296 0.8188 -0.5733
vn 0.0176 0.8679 -0.4964
vn -0.0098 0.8384 -0.5449
vn -0.0098 0.8385 -0.5449
vn 0.0195 0.8700 -0.4927
vn 0.0194 0.8700 -0.4927
vn -0.0150 0.8391 -0.5438
vn -0.0151 0.8391 -0.5438
vn 0.0398 0.8695 -0.4924
vn 0.0397 0.8695 -0.4924
vn -0.0259 0.8500 -0.5262
vn -0.0259 0.8499 -0.5262
vn -0.0190 0.8524 -0.5226
vn -0.0190 0.8523 -0.5226
vn -0.0143 0.8629 -0.5051
vn 0.0131 0.8795 -0.4757
vn 0.0132 0.8794 -0.4758
vn 0.0132 0.8794 -0.4759
vn -0.0011 0.8759 -0.4825
vn -0.0010 0.8759 -0.4825
vn 0.0185 0.8702 -0.4924
vn 0.0184 0.8702 -0.4923
vn 0.0184 0.8703 -0.4923
vn 0.0342 0.8817 -0.4705
vn 0.0341 0.8817 -0.4705
vn 0.0341 0.8818 -0.4705
vn 0.0085 0.8823 -0.4705
vn 0.0086 0.8824 -0.4705
vn -0.0116 0.8898 -0.4561
vn -0.0116 0.8898 -0.4562
vn -0.0115 0.8898 -0.4562
vn 0.0072 0.8978 -0.4403
vn -0.0132 0.9031 -0.4292
vn -0.0131 0.9031 -0.4292
vn -0.0277 0.9043 -0.4259
vn -0.0277 0.9044 -0.4259
vn -0.0277 0.9044 -0.4258
vn -0.0278 0.9044 -0.4257
vn -0.0158 0.9090 -0.4165
vn -0.0157 0.9090 -0.4165
vn -0.0158 0.9090 -0.4164
vn -0.0310 0.9110 -0.4112
vn -0.0389 0.9114 -0.4096
vn -0.0389 0.9114 -0.4097
vn -0.0328 0.9098 -0.4138
vn -0.0328 0.9097 -0.4139
vn -0.0375 0.9101 -0.4126
vn -0.0375 0.9102 -0.4125
vn -0.0463 0.9056 -0.4215
vn -0.0319 0.8977 -0.4395
vn -0.0319 0.8976 -0.4397
vn -0.0375 0.8944 -0.4457
vn -0.0374 0.8944 -0.4458
vn -0.0736 0.8868 -0.4562
vn -0.0736 0.8869 -0.4562
vn -0.0484 0.9079 -0.4163
vn -0.0484 0.9079 -0.4164
vn -0.0993 0.9097 -0.4031
vn -0.0992 0.9097 -0.4032
vn -0.0992 0.9097 -0.4031
vn -0.0674 0.8795 -0.4711
vn -0.0674 0.8795 -0.4712
vn -0.3946 0.4469 0.8029
vn -0.3946 0.4468 0.8029
vn -0.4763 0.5651 0.6737
vn -0.4763 0.5651 0.6736
vn -0.4763 0.5650 0.6737
vn -0.4017 0.8496 0.3418
vn -0.4017 0.8496 0.3417
vn 0.0754 -0.8872 0.4552
vn 0.0755 -0.8873 0.4551
vn -0.0360 -0.8874 0.4597
vn -0.0359 -0.8874 0.4597
vn 0.0547 -0.8616 0.5046
vn 0.0547 -0.8616 0.5047
vn 0.0135 -0.9238 0.3825
vn 0.0135 -0.9238 0.3826
vn 0.1195 -0.8927 0.4346
vn 0.0233 -0.9317 0.3624
vn 0.1190 -0.8872 0.4457
vn 0.0026 -0.9198 0.3923
vn 0.0026 -0.9198 0.3924
vn 0.1023 -0.8824 0.4592
vn 0.1350 -0.8524 0.5052
vn 0.0194 -0.8473 0.5308
vn 0.0592 -0.8086 0.5854
vn 0.0591 -0.8086 0.5854
vn 0.0611 -0.8058 0.5890
vn 0.0611 -0.8059 0.5890
vn 0.0562 -0.8216 0.5674
vn 0.0562 -0.8216 0.5673
vn 0.0562 -0.8215 0.5674
vn 0.0717 -0.8231 0.5633
vn 0.0718 -0.8231 0.5633
vn 0.0701 -0.8460 0.5286
vn 0.0700 -0.8460 0.5286
vn 0.0700 -0.8501 0.5220
vn 0.0493 -0.8741 0.4832
vn 0.0494 -0.8741 0.4832
vn -0.1085 0.8114 -0.5743
vn -0.1084 0.8114 -0.5743
vn 0.0192 -0.8831 0.4688
vn -0.0893 0.8185 -0.5675
vn -0.0892 0.8186 -0.5674
vn -0.0893 0.8184 -0.5677
vn -0.0893 0.8184 -0.5676
vn -0.0676 0.8421 -0.5351
vn -0.0736 0.8263 -0.5584
vn -0.0735 0.8263 -0.5583
vn -0.0735 0.8263 -0.5584
vn -0.0588 0.8395 -0.5401
vn -0.0588 0.8396 -0.5401
vn -0.0584 0.8391 -0.5408
vn -0.0587 0.8389 -0.5411
vn -0.0586 0.8390 -0.5410
vn -0.0585 0.8390 -0.5409
vn -0.0363 0.8347 -0.5495
vn -0.0364 0.8347 -0.5495
vn -0.0407 0.8311 -0.5547
vn -0.0407 0.8310 -0.5547
vn -0.0706 0.8442 -0.5314
vn -0.0670 0.8445 -0.5314
vn -0.0670 0.8444 -0.5314
vn -0.0595 0.8375 -0.5432
vn -0.0595 0.8377 -0.5428
vn -0.0644 0.8374 -0.5428
vn -0.0643 0.8374 -0.5428
vn -0.0643 0.8374 -0.5427
vn -0.0479 0.8284 -0.5580
vn -0.0478 0.8285 -0.5580
vn -0.0478 0.8284 -0.5580
vn -0.0587 0.8283 -0.5573
vn -0.0585 0.8281 -0.5576
vn -0.0585 0.8280 -0.5576
vn -0.0410 0.8298 -0.5566
vn -0.0049 -0.9120 0.4101
vn -0.1133 -0.9386 0.3258
vn -0.1132 -0.9386 0.3258
vn 0.0501 -0.8514 0.5221
vn 0.0174 -0.8522 0.5229
vn 0.0564 -0.8505 0.5229
vn 0.0629 -0.8472 0.5275
vn 0.0569 -0.8421 0.5363
vn 0.0568 -0.8422 0.5362
vn 0.0568 -0.8421 0.5363
vn 0.0569 -0.8421 0.5364
vn 0.0692 -0.8465 0.5279
vn 0.0639 -0.8499 0.5230
vn 0.0638 -0.8499 0.5230
vn 0.0693 -0.8454 0.5297
vn 0.0693 -0.8453 0.5297
vn 0.0202 -0.8402 0.5419
vn 0.0201 -0.8403 0.5418
vn 0.0201 -0.8403 0.5417
vn 0.0078 -0.8654 0.5010
vn 0.0079 -0.8654 0.5010
vn 0.0646 -0.8573 0.5108
vn -0.0159 -0.8906 0.4545
vn 0.0594 -0.8931 0.4459
vn 0.0520 -0.8773 0.4772
vn 0.0520 -0.8773 0.4771
vn 0.0781 -0.9016 0.4254
vn 0.0781 -0.9017 0.4253
vn 0.0893 -0.8953 0.4364
vn 0.0882 -0.8908 0.4458
vn 0.0882 -0.8908 0.4457
vn 0.0512 -0.9055 0.4212
vn 0.0512 -0.9055 0.4213
vn 0.0525 -0.9023 0.4280
vn 0.0384 -0.9102 0.4123
vn 0.0384 -0.9102 0.4124
vn 0.0372 -0.9071 0.4193
vn 0.0373 -0.9069 0.4197
vn 0.0337 -0.9117 0.4095
vn 0.0337 -0.9117 0.4096
vn 0.0337 -0.9116 0.4096
vn 0.0334 -0.9080 0.4177
vn 0.0334 -0.9080 0.4176
vn 0.0182 -0.9109 0.4123
vn 0.0182 -0.9108 0.4125
vn 0.0182 -0.9107 0.4126
vn 0.0182 -0.9108 0.4124
vn 0.0176 -0.9084 0.4176
vn 0.0176 -0.9084 0.4177
vn 0.0177 -0.9084 0.4178
vn -0.0053 -0.9047 0.4261
vn -0.0053 -0.9047 0.4260
vn -0.0044 -0.8956 0.4449
vn -0.0043 -0.8956 0.4449
vn -0.0043 -0.8955 0.4449
vn 0.0173 -0.8988 0.4380
vn 0.0173 -0.8988 0.4379
vn -0.0270 -0.8886 0.4578
vn -0.0272 -0.8884 0.4582
vn -0.0272 -0.8883 0.4584
vn -0.0118 -0.8694 0.4940
vn -0.0121 -0.8694 0.4939
vn -0.0120 -0.8694 0.4939
vn -0.0034 -0.8763 0.4817
vn -0.0035 -0.8763 0.4818
vn -0.0066 -0.8706 0.4920
vn -0.0067 -0.8706 0.4920
vn -0.0067 -0.8705 0.4921
vn -0.0067 -0.8705 0.4920
vn -0.0123 -0.8719 0.4895
vn -0.0122 -0.8719 0.4895
vn -0.0174 -0.8717 0.4898
vn -0.0175 -0.8716 0.4899
vn -0.0174 -0.8717 0.4897
vn -0.0175 -0.8716 0.4898
vn -0.0159 -0.8688 0.4950
vn -0.0160 -0.8687 0.4950
vn -0.0161 -0.8687 0.4950
vn -0.0113 -0.8699 0.4931
vn -0.0113 -0.8700 0.4929
vn -0.0112 -0.8702 0.4925
vn -0.0113 -0.8701 0.4928
vn -0.0012 -0.8710 0.4912
vn -0.0012 -0.8711 0.4912
vn -0.0165 -0.8674 0.4973
vn -0.0166 -0.8674 0.4973
vn -0.0167 -0.8674 0.4974
vn -0.0000 -0.8744 0.4852
vn -0.0013 -0.8774 0.4797
vn 0.0121 -0.8695 0.4938
vn 0.0122 -0.8695 0.4938
vn 0.0174 -0.8824 0.4702
vn 0.0174 -0.8824 0.4703
vn -0.0012 -0.8594 0.5113
vn -0.0011 -0.8594 0.5113
vn -0.0011 -0.8594 0.5112
vn 0.1489 -0.9359 0.3193
vn 0.1488 -0.9359 0.3194
vn 0.1519 -0.9072 0.3924
vn 0.1518 -0.9072 0.3924
vn 0.0292 0.8246 -0.5650
vn 0.0474 0.8588 -0.5101
vn 0.0240 0.8754 -0.4828
vn 0.0240 0.8754 -0.4829
vn -0.0119 0.9151 -0.4031
vn -0.0119 0.9151 -0.4030
vn 0.0595 0.8894 -0.4532
vn 0.0594 0.8894 -0.4532
vn 0.0452 0.8969 -0.4399
vn 0.0452 0.8969 -0.4400
vn -0.0335 0.8679 -0.4957
vn -0.0335 0.8680 -0.4955
vn -0.0335 0.8679 -0.4955
vn 0.0059 0.8752 -0.4838
vn 0.0352 0.8712 -0.4897
vn 0.0352 0.8711 -0.4898
vn 0.0565 0.8971 -0.4382
vn 0.0812 0.8953 -0.4380
vn 0.0811 0.8953 -0.4380
vn 0.0383 0.9022 -0.4296
vn 0.0506 0.8828 -0.4671
vn 0.0507 0.8830 -0.4667
vn 0.0507 0.8830 -0.4665
vn 0.0507 0.8831 -0.4665
vn 0.0249 0.8956 -0.4441
vn 0.0058 0.9085 -0.4178
vn 0.0058 0.9086 -0.4177
vn 0.0058 0.9085 -0.4177
vn 0.0274 0.9065 -0.4214
vn 0.0274 0.9065 -0.4212
vn 0.0274 0.9065 -0.4213
vn 0.0049 0.9086 -0.4176
vn 0.0048 0.9086 -0.4177
vn -0.0162 0.9071 -0.4207
vn -0.0162 0.9071 -0.4206
vn 0.0028 0.8897 -0.4566
vn -0.0124 0.8705 -0.4920
vn -0.0124 0.8705 -0.4921
vn -0.0172 0.8472 -0.5310
vn -0.0122 0.8819 -0.4713
vn -0.0876 0.9727 -0.2151
vn -0.0876 0.9727 -0.2150
vn -0.1773 0.9278 0.3282
vn -0.1773 0.9278 0.3283
vn 0.0039 -0.7836 0.6212
vn 0.0107 -0.8483 0.5295
vn 0.0107 -0.8483 0.5294
vn 0.0245 -0.8714 0.4900
vn 0.0245 -0.8713 0.4901
vn 0.0257 -0.8854 0.4641
vn 0.0257 -0.8853 0.4642
vn 0.0257 -0.8854 0.4642
vn 0.0360 -0.8886 0.4572
vn 0.0359 -0.8886 0.4572
vn 0.0761 -0.8861 0.4571
vn 0.0761 -0.8862 0.4571
vn 0.0502 -0.9059 0.4205
vn 0.0871 -0.8959 0.4356
vn 0.0830 -0.8948 0.4387
vn 0.0831 -0.8948 0.4387
vn 0.0871 -0.9022 0.4224
vn 0.0363 -0.9077 0.4180
vn 0.0257 -0.8826 0.4695
vn 0.0257 -0.8825 0.4695
vn 0.0257 -0.8826 0.4694
vn 0.0327 -0.9076 0.4187
vn 0.0327 -0.9077 0.4183
vn 0.0156 -0.8889 0.4578
vn 0.0182 -0.9088 0.4169
vn 0.0182 -0.9088 0.4168
vn -0.0040 -0.8977 0.4406
vn -0.0040 -0.8977 0.4405
vn -0.0043 -0.9084 0.4181
vn -0.0044 -0.9085 0.4179
vn -0.0043 -0.9084 0.4182
vn -0.0220 -0.8940 0.4475
vn -0.0219 -0.8940 0.4475
vn -0.0338 -0.9059 0.4221
vn -0.0338 -0.9060 0.4220
vn -0.0046 -0.9094 0.4160
vn -0.0046 -0.9092 0.4163
vn -0.0640 -0.8969 0.4377
vn -0.0640 -0.8968 0.4377
vn -0.0542 -0.8950 0.4427
vn -0.0285 -0.8973 0.4404
vn -0.0285 -0.8974 0.4404
vn -0.0285 -0.8974 0.4403
vn -0.0531 -0.8950 0.4429
vn -0.0532 -0.8948 0.4432
vn -0.0533 -0.8948 0.4433
vn -0.0432 -0.8852 0.4631
vn -0.0296 -0.8853 0.4640
vn -0.0296 -0.8853 0.4641
vn -0.0297 -0.8852 0.4642
vn -0.0294 -0.8892 0.4566
vn -0.0450 -0.8893 0.4551
vn -0.0445 -0.8894 0.4550
vn -0.0442 -0.8895 0.4549
vn -0.0447 -0.8894 0.4550
vn 0.1366 -0.9486 0.2856
vn 0.1365 -0.9485 0.2857
vn 0.1537 -0.9292 0.3362
vn 0.1536 -0.9292 0.3362
vn -0.0442 -0.9057 0.4217
vn -0.0443 -0.9057 0.4217
vn -0.0080 -0.9197 0.3925
vn -0.0081 -0.9197 0.3925
vn 0.1404 -0.8392 0.5254
vn 0.1403 -0.8392 0.5254
vn 0.1386 -0.7519 0.6445
vn 0.1386 -0.7518 0.6446
vn 0.1386 -0.7519 0.6446
vn -0.0178 -0.9596 0.2809
vn -0.0177 -0.9596 0.2809
vn -0.0177 -0.9596 0.2810
vn -0.4667 -0.8830 -0.0505
vn -0.4667 -0.8829 -0.0506
vn -0.4667 -0.8830 -0.0506
vn 0.1852 0.9455 -0.2679
vn 0.1853 0.9455 -0.2679
vn 0.1852 0.9455 -0.2678
vn -0.0427 0.8562 -0.5149
vn -0.0427 0.8561 -0.5150
vn -0.0427 0.8562 -0.5150
vn -0.0553 0.8401 -0.5395
vn -0.0553 0.8401 -0.5396
vn -0.0162 0.8789 -0.4768
vn -0.0161 0.8789 -0.4768
vn 0.0492 0.9060 -0.4203
vn 0.0491 0.9060 -0.4203
vn 0.0491 0.9060 -0.4204
vn 0.0853 0.9217 -0.3784
vn -0.0121 0.9038 -0.4278
vn -0.0121 0.9039 -0.4276
vn -0.0121 0.9038 -0.4277
vn 0.0318 0.8993 -0.4361
vn 0.0317 0.8993 -0.4361
vn -0.0486 0.8591 -0.5095
vn -0.0644 0.8376 -0.5425
vn -0.0640 0.8377 -0.5424
vn 0.0183 0.9157 -0.4015
vn 0.0504 0.9074 -0.4173
vn 0.0503 0.9074 -0.4173
vn 0.0107 0.8793 -0.4762
vn 0.0472 0.9064 -0.4198
vn 0.0471 0.9064 -0.4198
vn 0.0878 0.9024 -0.4220
vn -0.0351 0.8465 -0.5313
vn -0.0351 0.8465 -0.5312
vn -0.0109 0.8658 -0.5002
vn -0.0109 0.8659 -0.5002
vn 0.0324 0.9052 -0.4238
vn 0.0324 0.9051 -0.4239
vn 0.0323 0.9052 -0.4238
vn 0.1225 0.9350 -0.3329
vn 0.1225 0.9350 -0.3330
vn -0.0006 0.8435 -0.5371
vn 0.0036 0.8740 -0.4860
vn 0.0322 -0.7418 0.6698
vn 0.0322 -0.7418 0.6699
vn 0.0323 -0.7418 0.6699
vn 0.0058 -0.7801 0.6256
vn 0.1853 -0.4762 0.8596
vn 0.1853 -0.4761 0.8596
vn 0.1853 -0.4760 0.8597
vn -0.0626 -0.9205 0.3858
vn -0.0626 -0.9205 0.3857
vn -0.0373 -0.9190 0.3925
vn -0.0373 -0.9190 0.3924
vn -0.0448 -0.8988 0.4361
vn -0.0281 -0.8781 0.4777
vn -0.0282 -0.8781 0.4777
vn -0.0335 -0.8772 0.4790
vn 0.2013 0.9690 -0.1430
vn 0.2013 0.9690 -0.1429
vn 0.0696 0.9256 -0.3721
vn 0.0696 0.9256 -0.3722
vn -0.0493 -0.8996 0.4340
vn -0.0493 -0.8995 0.4341
vn -0.0493 -0.8995 0.4340
vn 0.0040 -0.7689 0.6394
vn 0.0040 -0.7689 0.6393
vn 0.0738 -0.8833 0.4629
vn 0.0739 -0.8833 0.4629
vn -0.2937 0.6575 0.6938
vn -0.2938 0.6575 0.6938
vn -0.2938 0.6575 0.6939
vn -0.2937 0.6575 0.6939
vn -0.0149 0.8537 -0.5206
vn -0.0304 0.9008 -0.4332
vn -0.0163 0.9097 -0.4149
vn -0.0164 0.9098 -0.4148
vn 0.0061 0.9046 -0.4263
vn 0.0296 0.8812 -0.4718
vn 0.0296 0.8812 -0.4717
vn 0.0101 0.8607 -0.5090
vn 0.0444 0.8919 -0.4500
vn 0.0444 0.8919 -0.4501
vn 0.0443 0.8920 -0.4499
vn 0.0127 0.8807 -0.4735
vn 0.0126 0.8808 -0.4734
vn -0.0235 0.8460 -0.5327
vn -0.0235 0.8459 -0.5328
vn -0.0725 0.8463 -0.5278
vn -0.0726 0.8462 -0.5278
vn -0.0770 0.8437 -0.5313
vn -0.0770 0.8437 -0.5312
vn -0.0780 0.8221 -0.5640
vn -0.0780 0.8220 -0.5640
vn -0.1762 0.7196 -0.6716
vn -0.1762 0.7196 -0.6717
vn -0.2872 0.2767 -0.9171
vn -0.2872 0.2766 -0.9171
vn 0.0413 -0.8235 0.5658
vn 0.0413 -0.8235 0.5659
vn 0.1273 -0.8208 0.5568
vn 0.1334 -0.8348 0.5342
vn 0.1334 -0.8348 0.5341
vn -0.0696 0.8764 -0.4765
vn -0.0697 0.8764 -0.4765
vn -0.0142 0.8739 -0.4858
vn -0.0142 0.8739 -0.4859
vn -0.0688 0.8715 -0.4855
vn -0.0688 0.8716 -0.4854
vn -0.0745 0.8887 -0.4524
vn -0.0746 0.8887 -0.4524
vn 0.0103 0.8949 -0.4461
vn 0.0104 0.8949 -0.4461
vn -0.0189 0.8491 -0.5280
vn -0.0190 0.8491 -0.5280
vn -0.0045 0.9205 -0.3907
vn -0.0947 0.8822 -0.4612
vn -0.0947 0.8822 -0.4613
vn -0.0547 0.8756 -0.4798
vn -0.0548 0.8755 -0.4801
vn -0.0548 0.8753 -0.4804
vn -0.0663 0.8825 -0.4657
vn -0.0661 0.8824 -0.4658
vn -0.0660 0.8824 -0.4658
vn -0.1367 0.8508 -0.5075
vn -0.1367 0.8507 -0.5075
vn 0.1578 -0.8308 0.5338
vn 0.1578 -0.8307 0.5338
vn 0.1579 -0.8307 0.5339
vn -0.0693 0.8177 -0.5715
vn 0.2972 -0.8025 0.5174
vn 0.2971 -0.8025 0.5174
vn -0.1180 0.8904 -0.4397
vn -0.1179 0.8904 -0.4397
vn -0.0354 0.8805 -0.4728
vn -0.0355 0.8804 -0.4729
vn -0.0354 0.8804 -0.4728
vn -0.0354 0.8804 -0.4729
vn -0.0273 0.8777 -0.4785
vn -0.0274 0.8776 -0.4786
vn -0.0274 0.8777 -0.4785
vn -0.0033 0.8427 -0.5384
vn -0.0034 0.8427 -0.5384
vn -0.0620 0.8238 -0.5634
vn -0.0620 0.8238 -0.5635
vn 0.0210 -0.8095 0.5867
vn 0.0210 -0.8096 0.5867
vn 0.0277 -0.8431 0.5371
vn 0.0277 -0.8430 0.5371
vn 0.0277 -0.8430 0.5372
vn -0.2939 -0.5948 0.7482
vn -0.2938 -0.5949 0.7482
vn -0.8955 0.3386 0.2889
vn -0.8955 0.3385 0.2889
vn -0.7173 0.5382 0.4426
vn -0.7173 0.5382 0.4425
vn -0.6835 0.6934 -0.2280
vn -0.6835 0.6935 -0.2280
vn -0.8118 -0.3546 0.4640
vn -0.8119 -0.3545 0.4639
vn -0.8118 -0.3545 0.4639
vn -0.4608 -0.7652 0.4495
vn -0.4608 -0.7653 0.4495
vn -0.7144 -0.6431 0.2758
vn -0.7145 -0.6430 0.2757
vn -0.7145 -0.6430 0.2758
vn -0.9998 -0.0020 0.0221
vn -0.9998 -0.0019 0.0220
vn -0.5902 -0.7579 0.2780
vn -0.5902 -0.7579 0.2779
vn -0.5902 -0.7578 0.2780
vn -0.8349 0.5003 -0.2293
vt 0.514040 0.462940
vt 0.520030 0.453520
vt 0.507560 0.449350
vt 0.504610 0.454810
vt 0.496310 0.454240
vt 0.496770 0.460490
vt 0.536710 0.475530
vt 0.539420 0.460870
vt 0.701800 0.522850
vt 0.691430 0.531690
vt 0.715180 0.540620
vt 0.736090 0.536670
vt 0.745910 0.509150
vt 0.736840 0.505980
vt 0.656700 0.519900
vt 0.654830 0.525500
vt 0.693710 0.509320
vt 0.656470 0.512050
vt 0.721550 0.495510
vt 0.611870 0.346060
vt 0.598760 0.332530
vt 0.584660 0.353160
vt 0.608560 0.363660
vt 0.627830 0.343200
vt 0.618660 0.318300
vt 0.631650 0.368120
vt 0.064920 0.728540
vt 0.041180 0.717400
vt 0.043750 0.716880
vt 0.067500 0.725810
vt 0.072140 0.737300
vt 0.041100 0.737570
vt 0.024920 0.726000
vt 0.013640 0.719240
vt 0.044710 0.711420
vt 0.044610 0.711350
vt 0.710400 0.487440
vt 0.688550 0.495170
vt 0.731730 0.468770
vt 0.713000 0.467270
vt 0.688310 0.471730
vt 0.501440 0.451090
vt 0.497980 0.450660
vt 0.502700 0.445730
vt 0.496320 0.444800
vt 0.037540 0.966990
vt 0.025040 0.972390
vt 0.024130 0.971240
vt 0.036920 0.966540
vt 0.506780 0.435730
vt 0.503150 0.433810
vt 0.495240 0.443220
vt 0.482440 0.447870
vt 0.484580 0.450000
vt 0.658650 0.318870
vt 0.668110 0.335710
vt 0.684120 0.324930
vt 0.664000 0.305510
vt 0.641320 0.317470
vt 0.648610 0.341210
vt 0.638300 0.292430
vt 0.481400 0.456340
vt 0.449850 0.470270
vt 0.448390 0.466910
vt 0.442930 0.469800
vt 0.447870 0.472220
vt 0.453960 0.473840
vt 0.454490 0.470880
vt 0.454690 0.465320
vt 0.056260 0.748750
vt 0.075780 0.747580
vt 0.073860 0.762190
vt 0.050180 0.762970
vt 0.021510 0.749090
vt 0.099360 0.936530
vt 0.086040 0.921660
vt 0.104040 0.913390
vt 0.116250 0.932680
vt 0.122150 0.953920
vt 0.094770 0.956430
vt 0.072580 0.934480
vt 0.310900 0.786820
vt 0.313470 0.789600
vt 0.308320 0.792220
vt 0.306380 0.787070
vt 0.305640 0.783850
vt 0.311940 0.784930
vt 0.318280 0.786250
vt 0.125880 0.884660
vt 0.127170 0.868910
vt 0.149450 0.877820
vt 0.139080 0.895920
vt 0.111050 0.887970
vt 0.104520 0.866670
vt 0.123080 0.906440
vt 0.223120 0.797670
vt 0.222160 0.771010
vt 0.246270 0.776390
vt 0.247430 0.789940
vt 0.196090 0.790480
vt 0.198110 0.767330
vt 0.212960 0.822210
vt 0.190780 0.810100
vt 0.253160 0.802140
vt 0.238760 0.812170
vt 0.270850 0.797470
vt 0.274420 0.805590
vt 0.259700 0.809680
vt 0.268630 0.784540
vt 0.248520 0.818130
vt 0.240680 0.835300
vt 0.231070 0.831720
vt 0.253970 0.823310
vt 0.246960 0.837140
vt 0.263700 0.814280
vt 0.245080 0.863050
vt 0.237500 0.861220
vt 0.252740 0.838630
vt 0.251860 0.864310
vt 0.255790 0.823680
vt 0.506190 0.418860
vt 0.511600 0.418660
vt 0.512830 0.392480
vt 0.507070 0.393190
vt 0.517600 0.418970
vt 0.520410 0.392250
vt 0.512210 0.438220
vt 0.521150 0.441230
vt 0.525750 0.419570
vt 0.539800 0.445460
vt 0.544650 0.422820
vt 0.567180 0.451400
vt 0.571110 0.428770
vt 0.562590 0.472230
vt 0.559850 0.493380
vt 0.590100 0.484260
vt 0.596090 0.460220
vt 0.585790 0.501630
vt 0.558550 0.503850
vt 0.582900 0.512280
vt 0.617050 0.508850
vt 0.620680 0.494820
vt 0.614690 0.517240
vt 0.580200 0.519460
vt 0.612590 0.523870
vt 0.178740 0.738040
vt 0.201070 0.746220
vt 0.200980 0.747800
vt 0.177280 0.740370
vt 0.557860 0.511270
vt 0.145780 0.735010
vt 0.146340 0.733630
vt 0.174600 0.748490
vt 0.143500 0.741790
vt 0.104610 0.734180
vt 0.104100 0.731990
vt 0.105860 0.740480
vt 0.141150 0.750010
vt 0.105980 0.749960
vt 0.171820 0.759680
vt 0.167470 0.779940
vt 0.136500 0.770770
vt 0.103810 0.764420
vt 0.132560 0.796230
vt 0.102190 0.791600
vt 0.072920 0.790080
vt 0.101010 0.817830
vt 0.072450 0.816970
vt 0.042780 0.788260
vt 0.043620 0.817260
vt 0.023600 0.818710
vt 0.019270 0.784310
vt 0.048480 0.847350
vt 0.028550 0.851310
vt 0.074620 0.844220
vt 0.080500 0.870350
vt 0.056070 0.876970
vt 0.101450 0.842970
vt 0.128550 0.845830
vt 0.129960 0.821570
vt 0.158030 0.829040
vt 0.154530 0.854490
vt 0.162740 0.802940
vt 0.183810 0.839200
vt 0.179230 0.866720
vt 0.208000 0.850250
vt 0.204030 0.879820
vt 0.227420 0.858020
vt 0.222400 0.888670
vt 0.232890 0.893320
vt 0.217630 0.925220
vt 0.209000 0.918530
vt 0.241000 0.896490
vt 0.223980 0.930690
vt 0.248320 0.899120
vt 0.229320 0.935760
vt 0.510610 0.358370
vt 0.516500 0.359050
vt 0.533670 0.324070
vt 0.529620 0.321730
vt 0.524810 0.360620
vt 0.540370 0.328370
vt 0.534920 0.363170
vt 0.548610 0.333250
vt 0.529840 0.392970
vt 0.548080 0.396160
vt 0.552060 0.368510
vt 0.574130 0.403190
vt 0.577670 0.377820
vt 0.602990 0.411370
vt 0.605390 0.387260
vt 0.600380 0.435800
vt 0.631210 0.443690
vt 0.633910 0.419700
vt 0.626710 0.469360
vt 0.659450 0.477260
vt 0.662430 0.449670
vt 0.656970 0.505260
vt 0.688930 0.444450
vt 0.687410 0.415240
vt 0.661410 0.419770
vt 0.716530 0.439850
vt 0.713570 0.409760
vt 0.735410 0.437880
vt 0.730830 0.405930
vt 0.743350 0.436930
vt 0.738330 0.404210
vt 0.748220 0.471600
vt 0.755180 0.472480
vt 0.749740 0.436020
vt 0.308660 0.839150
vt 0.297280 0.873530
vt 0.306350 0.876700
vt 0.315610 0.840030
vt 0.011220 0.951130
vt 0.008370 0.951510
vt 0.007230 0.915580
vt 0.005000 0.914790
vt 0.410930 0.954540
vt 0.401660 0.991210
vt 0.407190 0.995000
vt 0.408060 0.954860
vt 0.751430 0.512940
vt 0.745950 0.542160
vt 0.476470 0.582290
vt 0.478970 0.584420
vt 0.476850 0.542460
vt 0.477350 0.542150
vt 0.747510 0.542140
vt 0.753940 0.515080
vt 0.005000 0.742420
vt 0.011340 0.747880
vt 0.009380 0.784590
vt 0.007120 0.784380
vt 0.011420 0.715350
vt 0.264050 0.756280
vt 0.264250 0.761880
vt 0.248870 0.724160
vt 0.248560 0.722920
vt 0.032980 0.286920
vt 0.035280 0.258280
vt 0.046550 0.265040
vt 0.031090 0.281650
vt 0.488900 0.561860
vt 0.500960 0.568340
vt 0.498720 0.603560
vt 0.488650 0.602580
vt 0.523450 0.280440
vt 0.538910 0.263830
vt 0.555090 0.275400
vt 0.535500 0.286920
vt 0.009200 0.783330
vt 0.015200 0.819890
vt 0.008750 0.821090
vt 0.020650 0.853170
vt 0.015340 0.854470
vt 0.029880 0.885290
vt 0.024490 0.886920
vt 0.037550 0.882940
vt 0.050390 0.912560
vt 0.041860 0.916990
vt 0.068240 0.903020
vt 0.090520 0.893230
vt 0.059850 0.946960
vt 0.055400 0.950420
vt 0.036760 0.919440
vt 0.088770 0.968760
vt 0.085350 0.975050
vt 0.124320 0.975330
vt 0.123890 0.982920
vt 0.152290 0.951050
vt 0.160780 0.967710
vt 0.164540 0.976590
vt 0.187910 0.947180
vt 0.194790 0.956120
vt 0.166930 0.983340
vt 0.123460 0.989170
vt 0.200230 0.963070
vt 0.146140 0.713160
vt 0.140700 0.706210
vt 0.163540 0.675310
vt 0.169900 0.680780
vt 0.558700 0.294420
vt 0.560110 0.295810
vt 0.594910 0.276210
vt 0.592000 0.274150
vt 0.223870 0.591380
vt 0.247630 0.559000
vt 0.252960 0.564070
vt 0.222470 0.590000
vt 0.562210 0.297270
vt 0.596270 0.278940
vt 0.401200 0.824250
vt 0.401000 0.825360
vt 0.389100 0.861040
vt 0.387740 0.860530
vt 0.563090 0.296570
vt 0.311190 0.988140
vt 0.317810 0.995000
vt 0.347710 0.976350
vt 0.343690 0.969230
vt 0.569710 0.303440
vt 0.579620 0.313670
vt 0.606320 0.296450
vt 0.599610 0.284780
vt 0.562120 0.340940
vt 0.637160 0.280360
vt 0.385260 0.971930
vt 0.384770 0.964920
vt 0.672060 0.288390
vt 0.674900 0.282250
vt 0.636670 0.273350
vt 0.699660 0.311410
vt 0.703730 0.307800
vt 0.714090 0.342810
vt 0.719740 0.339790
vt 0.707500 0.304730
vt 0.677270 0.277130
vt 0.724560 0.337420
vt 0.730370 0.372070
vt 0.735670 0.370360
vt 0.729050 0.335320
vt 0.711140 0.301710
vt 0.740340 0.368860
vt 0.743800 0.402930
vt 0.748630 0.401780
vt 0.018590 0.888630
vt 0.019740 0.888330
vt 0.032240 0.921300
vt 0.029880 0.922170
vt 0.010300 0.855710
vt 0.010520 0.855650
vt 0.304170 0.985390
vt 0.304240 0.985010
vt 0.269160 0.985330
vt 0.268990 0.986020
vt 0.006890 0.820460
vt 0.233220 0.985590
vt 0.232900 0.986310
vt 0.051450 0.953250
vt 0.047790 0.955790
vt 0.082460 0.980080
vt 0.079660 0.984450
vt 0.123390 0.995000
vt 0.005000 0.664450
vt 0.005060 0.658610
vt 0.048540 0.652790
vt 0.045630 0.650730
vt 0.635550 0.262490
vt 0.636310 0.272020
vt 0.679280 0.273040
vt 0.335580 0.994540
vt 0.374660 0.983420
vt 0.375100 0.983160
vt 0.335550 0.995000
vt 0.751960 0.436860
vt 0.723420 0.374340
vt 0.708670 0.379240
vt 0.701930 0.349160
vt 0.678580 0.359620
vt 0.683890 0.386720
vt 0.654340 0.366280
vt 0.658130 0.392210
vt 0.632730 0.394160
vt 0.175340 0.932450
vt 0.193360 0.907190
vt 0.157700 0.913810
vt 0.171500 0.891950
vt 0.138120 0.927600
vt 0.199600 0.755870
vt 0.223460 0.762620
vt 0.224600 0.756780
vt 0.247550 0.767400
vt 0.247100 0.769870
vt 0.534330 0.500720
vt 0.534470 0.498000
vt 0.512030 0.483710
vt 0.511380 0.490090
vt 0.212040 0.354410
vt 0.229040 0.373200
vt 0.228960 0.373910
vt 0.210290 0.354620
vt 0.535660 0.488280
vt 0.513830 0.474740
vt 0.163310 0.277130
vt 0.186700 0.290400
vt 0.187400 0.282980
vt 0.164510 0.267410
vt 0.495400 0.468360
vt 0.492880 0.475360
vt 0.478460 0.462360
vt 0.476200 0.468920
vt 0.463710 0.459230
vt 0.463740 0.465890
vt 0.465140 0.454130
vt 0.450710 0.453330
vt 0.453300 0.459540
vt 0.465300 0.450070
vt 0.452790 0.452450
vt 0.370980 0.849370
vt 0.366880 0.848140
vt 0.366220 0.861130
vt 0.366200 0.861880
vt 0.466530 0.449870
vt 0.292410 0.807620
vt 0.292900 0.803440
vt 0.304410 0.801260
vt 0.305390 0.804620
vt 0.276490 0.809630
vt 0.290010 0.795550
vt 0.301160 0.794160
vt 0.287680 0.785870
vt 0.299680 0.786820
vt 0.284990 0.780880
vt 0.297260 0.782690
vt 0.268790 0.777600
vt 0.267330 0.775360
vt 0.284130 0.779370
vt 0.491600 0.482140
vt 0.491010 0.481440
vt 0.473960 0.475240
vt 0.474800 0.478130
vt 0.704900 0.653430
vt 0.710860 0.633180
vt 0.713230 0.633620
vt 0.704380 0.654010
vt 0.462570 0.472180
vt 0.462610 0.475490
vt 0.296330 0.782010
vt 0.304970 0.783660
vt 0.311020 0.797420
vt 0.316010 0.793450
vt 0.317100 0.796980
vt 0.312590 0.800680
vt 0.320740 0.790340
vt 0.319230 0.794580
vt 0.438200 0.467160
vt 0.441400 0.465520
vt 0.441090 0.461250
vt 0.439710 0.462920
vt 0.440660 0.471240
vt 0.446520 0.462270
vt 0.444050 0.457540
vt 0.363760 0.869560
vt 0.362060 0.868320
vt 0.360870 0.872840
vt 0.362490 0.873180
vt 0.446990 0.472570
vt 0.453290 0.473650
vt 0.714330 0.546150
vt 0.359910 0.874960
vt 0.361170 0.873580
vt 0.032710 0.948270
vt 0.005000 0.967170
vt 0.005910 0.965800
vt 0.032440 0.948070
vt 0.247280 0.707900
vt 0.245790 0.708960
vt 0.247060 0.705340
vt 0.248370 0.704940
vt 0.245460 0.714560
vt 0.243340 0.716640
vt 0.151650 0.324000
vt 0.144230 0.331060
vt 0.151650 0.328770
vt 0.158120 0.326630
vt 0.486600 0.995000
vt 0.479970 0.994430
vt 0.481700 0.988780
vt 0.494030 0.987940
vt 0.164850 0.325020
vt 0.158280 0.324570
vt 0.466860 0.994580
vt 0.463260 0.991810
vt 0.470580 0.989030
vt 0.472620 0.994000
vt 0.325110 0.827990
vt 0.328000 0.822880
vt 0.333130 0.817600
vt 0.329040 0.822730
vt 0.520590 0.621720
vt 0.508300 0.635370
vt 0.502210 0.632930
vt 0.511310 0.617540
vt 0.522460 0.613620
vt 0.529940 0.614960
vt 0.531380 0.620990
vt 0.536570 0.628950
vt 0.528280 0.631240
vt 0.516790 0.635470
vt 0.515300 0.611200
vt 0.034140 0.488220
vt 0.026070 0.485320
vt 0.021960 0.504070
vt 0.035140 0.501690
vt 0.043080 0.478570
vt 0.033000 0.467570
vt 0.049790 0.494030
vt 0.114040 0.693780
vt 0.110510 0.701610
vt 0.118000 0.705000
vt 0.122950 0.698590
vt 0.108220 0.688200
vt 0.100640 0.691420
vt 0.103380 0.697590
vt 0.103160 0.704810
vt 0.133880 0.684150
vt 0.128190 0.681100
vt 0.121040 0.680370
vt 0.596490 0.831820
vt 0.587790 0.842910
vt 0.578340 0.829720
vt 0.592870 0.819690
vt 0.606780 0.833720
vt 0.600160 0.852660
vt 0.610460 0.814630
vt 0.118880 0.536240
vt 0.118590 0.521650
vt 0.102600 0.528850
vt 0.108530 0.546030
vt 0.120010 0.561620
vt 0.130550 0.542950
vt 0.136200 0.521810
vt 0.522180 0.803960
vt 0.531000 0.793600
vt 0.541430 0.808190
vt 0.526730 0.818050
vt 0.509460 0.825140
vt 0.509490 0.803420
vt 0.516870 0.785070
vt 0.499170 0.779490
vt 0.511530 0.758820
vt 0.529180 0.768900
vt 0.490700 0.802840
vt 0.544080 0.781390
vt 0.545180 0.754150
vt 0.560430 0.770890
vt 0.556640 0.797730
vt 0.573640 0.787380
vt 0.579190 0.760390
vt 0.592370 0.777730
vt 0.585240 0.803360
vt 0.567730 0.814080
vt 0.603190 0.795490
vt 0.602030 0.773270
vt 0.611710 0.792550
vt 0.618270 0.813640
vt 0.616910 0.790860
vt 0.623680 0.813020
vt 0.617810 0.836380
vt 0.623290 0.837710
vt 0.628660 0.812480
vt 0.628260 0.838830
vt 0.611420 0.860480
vt 0.606510 0.857280
vt 0.615860 0.863250
vt 0.599360 0.881120
vt 0.594980 0.877510
vt 0.620020 0.865980
vt 0.603490 0.884450
vt 0.633020 0.839860
vt 0.005230 0.479140
vt 0.005000 0.507030
vt 0.005910 0.506760
vt 0.006760 0.479580
vt 0.633260 0.811970
vt 0.020100 0.455260
vt 0.018230 0.453020
vt 0.037430 0.438300
vt 0.034760 0.434550
vt 0.023630 0.458680
vt 0.040770 0.442740
vt 0.011500 0.480830
vt 0.010520 0.506020
vt 0.015860 0.505180
vt 0.016460 0.482200
vt 0.027780 0.462540
vt 0.044520 0.447760
vt 0.049150 0.454150
vt 0.056590 0.465190
vt 0.068220 0.441150
vt 0.063760 0.433710
vt 0.075940 0.454650
vt 0.066460 0.483130
vt 0.084990 0.472480
vt 0.097200 0.444660
vt 0.088180 0.429360
vt 0.106640 0.463400
vt 0.092500 0.491330
vt 0.114090 0.482130
vt 0.130590 0.452820
vt 0.120710 0.434110
vt 0.138610 0.472550
vt 0.117500 0.502640
vt 0.139110 0.498050
vt 0.158370 0.473030
vt 0.151910 0.448980
vt 0.157740 0.501600
vt 0.154160 0.527770
vt 0.177180 0.505820
vt 0.178580 0.475790
vt 0.173050 0.534430
vt 0.147760 0.552680
vt 0.166090 0.562350
vt 0.190130 0.540730
vt 0.195230 0.510070
vt 0.181160 0.570400
vt 0.153330 0.589030
vt 0.168670 0.599470
vt 0.189200 0.574770
vt 0.197940 0.543740
vt 0.174620 0.603530
vt 0.150500 0.625080
vt 0.158600 0.631460
vt 0.178820 0.606410
vt 0.193000 0.576870
vt 0.162730 0.634680
vt 0.140430 0.657020
vt 0.145050 0.660560
vt 0.166140 0.637190
vt 0.182390 0.608890
vt 0.149040 0.663300
vt 0.152010 0.663250
vt 0.167930 0.637540
vt 0.136530 0.690710
vt 0.128390 0.703020
vt 0.138560 0.692290
vt 0.152480 0.663970
vt 0.131420 0.704260
vt 0.124720 0.707620
vt 0.129170 0.708430
vt 0.506830 0.614740
vt 0.499700 0.626710
vt 0.509090 0.610570
vt 0.115480 0.707570
vt 0.121240 0.709280
vt 0.109090 0.705770
vt 0.108370 0.708240
vt 0.114790 0.709360
vt 0.119110 0.709680
vt 0.103900 0.707490
vt 0.104670 0.708360
vt 0.523260 0.611080
vt 0.529790 0.612210
vt 0.517600 0.609730
vt 0.534880 0.610430
vt 0.536640 0.611600
vt 0.537760 0.616540
vt 0.542150 0.610940
vt 0.539690 0.617910
vt 0.098570 0.701090
vt 0.096110 0.708060
vt 0.542610 0.628600
vt 0.541900 0.628460
vt 0.095640 0.690400
vt 0.172040 0.992260
vt 0.156350 0.995000
vt 0.156830 0.994330
vt 0.172400 0.991560
vt 0.093820 0.677000
vt 0.088980 0.676000
vt 0.100160 0.672980
vt 0.082850 0.651870
vt 0.079320 0.652690
vt 0.087980 0.648630
vt 0.109980 0.666360
vt 0.095760 0.643670
vt 0.077830 0.625260
vt 0.072640 0.628420
vt 0.085150 0.620740
vt 0.114310 0.631420
vt 0.099190 0.612450
vt 0.071760 0.600370
vt 0.065870 0.604130
vt 0.086630 0.591290
vt 0.119190 0.600150
vt 0.105000 0.579600
vt 0.076260 0.570130
vt 0.060450 0.579820
vt 0.093730 0.558580
vt 0.085930 0.539320
vt 0.067810 0.549820
vt 0.079950 0.520710
vt 0.060870 0.530990
vt 0.098130 0.510530
vt 0.074390 0.502530
vt 0.055400 0.513050
vt 0.036030 0.520960
vt 0.042670 0.540320
vt 0.026420 0.524780
vt 0.034600 0.544730
vt 0.020910 0.527090
vt 0.029940 0.547420
vt 0.016400 0.529080
vt 0.026060 0.549900
vt 0.012400 0.530890
vt 0.022530 0.552350
vt 0.333860 0.857500
vt 0.327980 0.834440
vt 0.323370 0.835180
vt 0.329860 0.859300
vt 0.625850 0.788110
vt 0.625660 0.787960
vt 0.614610 0.767090
vt 0.615720 0.766650
vt 0.266410 0.890470
vt 0.259920 0.866340
vt 0.259000 0.866600
vt 0.266590 0.890620
vt 0.621430 0.789380
vt 0.610870 0.769120
vt 0.606760 0.771130
vt 0.595280 0.752400
vt 0.599220 0.750640
vt 0.590350 0.754740
vt 0.578670 0.735490
vt 0.585050 0.732460
vt 0.563740 0.743250
vt 0.545250 0.727560
vt 0.564110 0.716570
vt 0.527310 0.741330
vt 0.508020 0.730080
vt 0.525880 0.712930
vt 0.491800 0.751150
vt 0.470220 0.744660
vt 0.488610 0.721180
vt 0.478610 0.774960
vt 0.458710 0.772800
vt 0.471500 0.803210
vt 0.451580 0.803240
vt 0.468340 0.833380
vt 0.447880 0.835250
vt 0.488240 0.831360
vt 0.491840 0.859970
vt 0.470150 0.863440
vt 0.514320 0.848550
vt 0.524820 0.867480
vt 0.501150 0.880220
vt 0.534490 0.836710
vt 0.545330 0.854920
vt 0.551590 0.825070
vt 0.562740 0.842020
vt 0.575240 0.857820
vt 0.557230 0.871000
vt 0.584330 0.867630
vt 0.566720 0.882240
vt 0.590200 0.873240
vt 0.572270 0.888450
vt 0.576580 0.893180
vt 0.557330 0.907980
vt 0.552790 0.903350
vt 0.580550 0.897320
vt 0.561710 0.912070
vt 0.583980 0.900680
vt 0.565250 0.914640
vt 0.054270 0.418320
vt 0.057140 0.422970
vt 0.075900 0.409410
vt 0.073010 0.404360
vt 0.060260 0.427970
vt 0.079030 0.414660
vt 0.082640 0.420470
vt 0.102260 0.406280
vt 0.097080 0.399630
vt 0.110100 0.417220
vt 0.134020 0.403380
vt 0.124320 0.388110
vt 0.143310 0.425910
vt 0.163930 0.420580
vt 0.152750 0.397040
vt 0.173140 0.447030
vt 0.195330 0.446020
vt 0.181770 0.417740
vt 0.197540 0.478300
vt 0.206930 0.479760
vt 0.204340 0.446360
vt 0.203670 0.512280
vt 0.208040 0.513540
vt 0.211410 0.480610
vt 0.202030 0.545370
vt 0.205280 0.546670
vt 0.211380 0.514580
vt 0.022720 0.674570
vt 0.013690 0.706060
vt 0.017220 0.707940
vt 0.025970 0.675870
vt 0.196530 0.578750
vt 0.198390 0.608310
vt 0.198110 0.608780
vt 0.207760 0.577050
vt 0.207130 0.576240
vt 0.403400 0.817550
vt 0.412320 0.785440
vt 0.413340 0.785510
vt 0.403500 0.817020
vt 0.183200 0.609490
vt 0.203930 0.672950
vt 0.203550 0.673670
vt 0.233740 0.672100
vt 0.234210 0.671510
vt 0.175890 0.674180
vt 0.175490 0.674890
vt 0.167910 0.637930
vt 0.470340 0.681070
vt 0.472590 0.680820
vt 0.456340 0.708670
vt 0.455220 0.709130
vt 0.485770 0.655030
vt 0.488700 0.654070
vt 0.493210 0.656150
vt 0.476450 0.682600
vt 0.499760 0.662490
vt 0.480750 0.684600
vt 0.510130 0.671190
vt 0.491650 0.691750
vt 0.527030 0.653930
vt 0.539160 0.642080
vt 0.540940 0.673310
vt 0.525480 0.684510
vt 0.551280 0.667570
vt 0.544650 0.639970
vt 0.557010 0.665010
vt 0.563330 0.690190
vt 0.557120 0.692930
vt 0.568310 0.688160
vt 0.559840 0.665490
vt 0.572910 0.686440
vt 0.579930 0.708760
vt 0.575530 0.711020
vt 0.584110 0.706530
vt 0.054140 0.612470
vt 0.065340 0.632560
vt 0.068190 0.630960
vt 0.057690 0.609820
vt 0.596100 0.727900
vt 0.592910 0.729080
vt 0.045860 0.588970
vt 0.042150 0.591100
vt 0.061610 0.607010
vt 0.049650 0.586650
vt 0.036680 0.568620
vt 0.033220 0.570710
vt 0.040180 0.566420
vt 0.053840 0.584020
vt 0.044000 0.563950
vt 0.051300 0.559410
vt 0.605030 0.748290
vt 0.602990 0.749020
vt 0.588900 0.730760
vt 0.570610 0.713440
vt 0.543760 0.699990
vt 0.507330 0.700950
vt 0.470450 0.713460
vt 0.464240 0.711380
vt 0.458580 0.742070
vt 0.452010 0.740710
vt 0.446030 0.771470
vt 0.440280 0.770990
vt 0.438480 0.803100
vt 0.433030 0.803050
vt 0.434810 0.835970
vt 0.428870 0.836210
vt 0.435490 0.869540
vt 0.429280 0.870340
vt 0.448490 0.867460
vt 0.456050 0.897140
vt 0.438360 0.902480
vt 0.477050 0.890830
vt 0.489070 0.912470
vt 0.468100 0.921990
vt 0.512970 0.897540
vt 0.524950 0.911800
vt 0.499690 0.927710
vt 0.536760 0.884730
vt 0.546830 0.896940
vt 0.533440 0.919830
vt 0.509950 0.939920
vt 0.539800 0.924630
vt 0.517390 0.947450
vt 0.543390 0.930540
vt 0.522280 0.955910
vt 0.546350 0.930520
vt 0.528010 0.951730
vt 0.091900 0.388480
vt 0.092370 0.394090
vt 0.111000 0.373180
vt 0.110240 0.367270
vt 0.116990 0.377890
vt 0.126050 0.356120
vt 0.127360 0.346170
vt 0.132190 0.361580
vt 0.142110 0.375020
vt 0.138430 0.357160
vt 0.135600 0.347900
vt 0.153780 0.372650
vt 0.169670 0.390610
vt 0.166290 0.369030
vt 0.152750 0.353400
vt 0.181550 0.389910
vt 0.194250 0.416280
vt 0.192350 0.387720
vt 0.177520 0.366060
vt 0.203520 0.415200
vt 0.209900 0.446650
vt 0.212840 0.412980
vt 0.201670 0.385700
vt 0.214610 0.446940
vt 0.215170 0.481350
vt 0.219020 0.447220
vt 0.217100 0.412640
vt 0.218630 0.482040
vt 0.212800 0.515040
vt 0.220460 0.482580
vt 0.222670 0.447510
vt 0.213490 0.515580
vt 0.205910 0.547480
vt 0.206090 0.548040
vt 0.424760 0.803420
vt 0.425920 0.802900
vt 0.421250 0.836380
vt 0.417800 0.836420
vt 0.432160 0.770960
vt 0.432730 0.770590
vt 0.442220 0.739310
vt 0.443180 0.738960
vt 0.436100 0.770750
vt 0.429170 0.803000
vt 0.447300 0.739780
vt 0.460120 0.710000
vt 0.424790 0.836330
vt 0.424310 0.870830
vt 0.419810 0.871170
vt 0.426050 0.905230
vt 0.421740 0.905960
vt 0.430870 0.904310
vt 0.438320 0.933090
vt 0.432400 0.935270
vt 0.450410 0.928640
vt 0.462880 0.949240
vt 0.449660 0.954490
vt 0.479340 0.941050
vt 0.488010 0.957430
vt 0.473230 0.965990
vt 0.495370 0.969150
vt 0.479020 0.976420
vt 0.465970 0.980180
vt 0.458810 0.970090
vt 0.458080 0.984760
vt 0.450160 0.973210
vt 0.457800 0.987690
vt 0.446790 0.975710
vt 0.180450 0.331310
vt 0.175620 0.332370
vt 0.189410 0.343910
vt 0.191460 0.343290
vt 0.171390 0.324420
vt 0.168820 0.334540
vt 0.182430 0.345950
vt 0.161160 0.336630
vt 0.173310 0.348030
vt 0.153420 0.338640
vt 0.161770 0.349310
vt 0.147360 0.330150
vt 0.145360 0.339980
vt 0.141900 0.333350
vt 0.134080 0.341300
vt 0.187920 0.363870
vt 0.196830 0.361670
vt 0.210180 0.381670
vt 0.214420 0.380980
vt 0.201740 0.360480
vt 0.220560 0.412380
vt 0.417690 0.906620
vt 0.427950 0.936660
vt 0.423840 0.938020
vt 0.415580 0.871490
vt 0.283170 0.850050
vt 0.259000 0.856300
vt 0.260930 0.857560
vt 0.282040 0.845900
vt 0.333810 0.936220
vt 0.338260 0.934820
vt 0.346770 0.957720
vt 0.340830 0.960210
vt 0.440900 0.958160
vt 0.434970 0.960650
vt 0.203280 0.358350
vt 0.265390 0.671540
vt 0.265940 0.670890
vt 0.078420 0.653510
vt 0.088920 0.676630
vt 0.549330 0.642370
vt 0.135650 0.613490
vt 0.136360 0.577620
vt 0.130160 0.647750
vt 0.100580 0.708760
vt 0.513780 0.609440
vt 0.510900 0.972830
vt 0.274660 0.721400
vt 0.278570 0.719070
vt 0.278160 0.724530
vt 0.278620 0.728820
vt 0.277200 0.704530
vt 0.277640 0.711260
vt 0.124470 0.709560
vt 0.529880 0.610760
vt 0.533590 0.610640
vt 0.523470 0.609640
vt 0.519140 0.609320
vt 0.038210 0.959940
vt 0.036110 0.960210
vt 0.032830 0.958240
vt 0.036510 0.958630
vt 0.537670 0.610240
vt 0.103380 0.708570
s 1
usemtl BLy_Orange
f 1/1/1 2/2/2 3/3/1
f 1/1/1 3/3/1 4/4/1
f 5/1/3 6/4/4 7/5/4
f 5/1/3 7/5/4 8/6/3
f 9/1/5 10/7/6 11/8/6
f 9/1/5 11/8/6 12/2/5
f 13/9/7 14/10/7 15/11/7
f 13/9/7 15/11/7 16/12/7
f 17/9/8 18/12/8 19/13/8
f 17/9/8 19/13/8 20/14/8
f 21/9/9 22/15/9 23/16/9
f 21/9/9 23/16/9 24/10/9
f 25/9/10 26/17/11 27/18/11
f 25/9/10 27/18/11 28/15/10
f 29/9/12 30/14/12 31/19/12
f 29/9/12 31/19/12 32/17/13
f 33/20/14 34/21/15 35/22/16
f 33/20/14 35/22/16 36/23/15
f 37/20/17 38/24/18 39/25/17
f 37/20/17 39/25/17 40/21/18
f 41/20/19 42/23/20 43/26/20
f 41/20/19 43/26/20 44/24/21
f 45/27/22 46/28/22 47/29/22
f 45/27/22 47/29/22 48/30/22
f 49/27/23 50/31/23 51/32/24
f 49/27/23 51/32/24 52/33/24
f 53/27/25 54/33/26 55/34/26
f 53/27/25 55/34/26 56/28/26
f 57/35/27 58/36/28 59/29/27
f 57/35/27 59/29/27 60/28/27
f 61/37/29 62/38/30 63/17/31
f 61/37/29 63/17/31 64/19/32
f 65/37/33 66/19/33 67/39/34
f 65/37/33 67/39/34 68/40/33
f 69/37/35 70/40/36 71/41/35
f 69/37/35 71/41/35 72/38/36
f 73/42/37 74/43/38 75/5/38
f 73/42/37 75/5/38 76/4/38
f 77/42/39 78/4/40 79/3/39
f 77/42/39 79/3/39 80/44/39
f 81/42/41 82/44/41 83/45/41
f 81/42/41 83/45/41 84/43/41
f 85/46/42 86/47/43 87/48/44
f 85/46/42 87/48/44 88/49/45
f 89/45/46 90/44/47 91/50/46
f 89/45/46 91/50/46 92/51/46
f 93/45/48 94/52/49 95/53/48
f 93/45/48 95/53/48 96/54/48
f 97/45/50 98/54/50 99/5/50
f 97/45/50 99/5/50 100/43/50
f 101/55/51 102/56/52 103/57/52
f 101/55/51 103/57/52 104/58/51
f 105/55/53 106/59/53 107/60/53
f 105/55/53 107/60/53 108/56/53
f 109/55/54 110/58/54 111/61/55
f 109/55/54 111/61/55 112/59/54
f 113/54/56 114/62/56 115/6/56
f 113/54/56 115/6/56 116/5/56
f 117/63/57 118/64/58 119/65/59
f 117/63/57 119/65/59 120/66/58
f 121/63/60 122/66/60 123/67/61
f 121/63/60 123/67/61 124/68/62
f 125/63/63 126/68/63 127/69/64
f 125/63/63 127/69/64 128/64/64
s 0
f 129/70/65 130/32/65 131/31/65
s 1
f 129/70/66 131/31/66 132/71/66
f 133/70/67 134/71/67 135/72/67
f 133/70/67 135/72/67 136/73/67
f 137/70/68 138/73/69 139/74/70
f 137/70/68 139/74/70 140/32/69
f 141/75/71 142/76/72 143/77/72
f 141/75/71 143/77/72 144/78/71
f 145/75/73 146/78/74 147/79/75
f 145/75/73 147/79/75 148/80/74
f 149/75/76 150/80/76 151/81/77
f 149/75/76 151/81/77 152/76/76
f 153/82/78 154/83/78 155/84/79
f 153/82/78 155/84/79 156/85/80
f 157/82/81 158/85/82 159/86/83
f 157/82/81 159/86/83 160/87/84
f 161/82/85 162/87/85 163/88/86
f 161/82/85 163/88/86 164/83/85
s 0
f 165/89/87 166/90/87 167/91/87
f 165/89/88 167/91/88 168/92/88
s 1
f 169/89/89 170/93/89 171/94/89
s 0
f 169/89/90 171/94/90 172/90/90
s 1
f 173/89/91 174/92/92 175/95/93
f 173/89/91 175/95/93 176/93/91
f 177/96/94 178/97/95 179/98/96
f 177/96/94 179/98/96 180/99/96
f 181/96/97 182/100/98 183/101/99
f 181/96/97 183/101/99 184/97/98
f 185/96/100 186/102/100 187/103/101
f 185/96/100 187/103/101 188/100/100
f 189/96/102 190/99/103 191/104/103
f 189/96/102 191/104/103 192/105/102
f 193/104/104 194/106/104 195/107/104
f 193/104/104 195/107/104 196/108/104
f 197/104/105 198/99/106 199/109/105
f 197/104/105 199/109/105 200/106/105
f 201/104/107 202/108/107 203/110/108
f 201/104/107 203/110/108 204/105/107
f 205/110/109 206/111/110 207/112/110
f 205/110/109 207/112/110 208/105/110
f 209/110/111 210/113/111 211/114/111
f 209/110/111 211/114/111 212/111/111
f 213/110/112 214/108/112 215/115/112
f 213/110/112 215/115/112 216/113/113
f 217/114/114 218/116/114 219/117/114
f 217/114/114 219/117/114 220/111/114
f 221/114/115 222/118/115 223/119/116
f 221/114/115 223/119/116 224/116/116
f 225/114/117 226/113/117 227/120/117
f 225/114/117 227/120/117 228/118/117
f 229/121/118 230/122/118 231/123/118
f 229/121/118 231/123/118 232/124/118
f 233/121/119 234/51/119 235/50/119
f 233/121/119 235/50/119 236/122/119
f 237/122/120 238/125/120 239/126/120
f 237/122/120 239/126/120 240/123/120
f 241/122/121 242/50/122 243/127/122
f 241/122/121 243/127/122 244/125/121
f 245/127/123 246/50/123 247/44/124
f 245/127/123 247/44/124 248/3/123
f 249/127/125 250/128/126 251/129/127
f 249/127/125 251/129/127 252/125/128
f 253/127/129 254/3/129 255/2/130
f 253/127/129 255/2/130 256/128/129
f 257/128/131 258/130/132 259/131/132
f 257/128/131 259/131/132 260/129/131
f 261/128/133 262/2/133 263/8/133
f 261/128/133 263/8/133 264/130/133
f 265/130/134 266/132/134 267/133/135
f 265/130/134 267/133/135 268/131/135
f 269/130/136 270/8/136 271/134/137
f 269/130/136 271/134/137 272/132/137
f 273/134/138 274/8/139 275/7/139
f 273/134/138 275/7/139 276/135/139
f 277/134/140 278/136/140 279/137/140
f 277/134/140 279/137/140 280/132/140
f 281/134/141 282/135/141 283/138/142
f 281/134/141 283/138/142 284/136/141
f 285/138/143 286/135/143 287/139/143
f 285/138/143 287/139/143 288/140/143
f 289/138/144 290/141/144 291/142/145
f 289/138/144 291/142/145 292/136/144
f 293/138/146 294/140/146 295/143/146
f 293/138/146 295/143/146 296/141/146
f 297/143/147 298/140/147 299/144/147
f 297/143/147 299/144/147 300/145/147
f 301/143/148 302/15/149 303/18/149
f 301/143/148 303/18/149 304/141/149
f 305/143/150 306/145/150 307/16/150
f 305/143/150 307/16/150 308/15/150
f 309/146/151 310/147/151 311/148/152
f 309/146/151 311/148/152 312/149/151
f 313/144/153 314/140/153 315/139/153
f 313/144/153 315/139/153 316/150/153
f 317/146/154 318/149/154 319/151/155
f 317/146/154 319/151/155 320/152/155
f 321/151/156 322/149/157 323/153/156
f 321/151/156 323/153/156 324/154/156
f 325/151/158 326/155/158 327/156/158
f 325/151/158 327/156/158 328/152/158
f 329/151/159 330/154/159 331/157/159
f 329/151/159 331/157/159 332/155/159
f 333/157/160 334/154/160 335/158/161
f 333/157/160 335/158/161 336/159/160
f 337/157/162 338/31/163 339/27/164
f 337/157/162 339/27/164 340/155/165
f 341/157/166 342/159/166 343/71/166
f 341/157/166 343/71/166 344/31/167
f 345/158/168 346/160/168 347/161/168
f 345/158/168 347/161/168 348/162/168
f 349/158/169 350/154/169 351/153/169
f 349/158/169 351/153/169 352/160/169
f 353/158/170 354/162/171 355/163/171
f 353/158/170 355/163/171 356/159/171
f 357/163/172 358/162/173 359/164/173
f 357/163/172 359/164/173 360/165/173
f 361/163/174 362/72/174 363/71/174
f 361/163/174 363/71/174 364/159/174
f 365/163/175 366/165/175 367/166/176
f 365/163/175 367/166/176 368/72/175
f 369/166/177 370/165/178 371/167/179
f 369/166/177 371/167/179 372/168/177
s 0
f 373/166/180 374/169/180 375/73/180
f 373/166/181 375/73/181 376/72/181
f 377/166/182 378/168/182 379/170/182
f 377/166/183 379/170/183 380/169/183
f 381/170/184 382/171/184 383/172/184
f 381/170/185 383/172/185 384/169/185
f 385/170/90 386/173/90 387/174/90
f 385/170/186 387/174/186 388/171/186
f 389/170/187 390/168/187 391/175/187
f 389/170/188 391/175/188 392/173/188
f 393/175/189 394/176/189 395/177/189
f 393/175/188 395/177/188 396/173/188
f 397/175/89 398/178/89 399/94/89
f 397/175/190 399/94/190 400/176/190
s 1
f 401/175/191 402/168/185 403/167/191
f 401/175/191 403/167/191 404/178/191
s 0
f 405/178/192 406/179/192 407/90/192
s 1
f 405/178/192 407/90/192 408/94/192
f 409/178/193 410/167/194 411/180/194
f 409/178/193 411/180/194 412/179/194
s 0
f 413/180/195 414/181/195 415/182/195
f 413/180/196 415/182/196 416/179/196
f 417/180/197 418/164/197 419/183/197
f 417/180/198 419/183/198 420/181/198
s 1
f 421/180/199 422/167/200 423/165/201
f 421/180/199 423/165/201 424/164/202
f 425/183/203 426/103/203 427/184/204
f 425/183/203 427/184/204 428/181/203
f 429/183/205 430/161/205 431/100/205
f 429/183/205 431/100/205 432/103/206
f 433/183/207 434/164/208 435/162/209
f 433/183/207 435/162/209 436/161/208
f 437/184/210 438/185/210 439/182/211
f 437/184/210 439/182/211 440/181/212
f 441/184/213 442/186/214 443/187/215
f 441/184/213 443/187/215 444/185/214
f 445/184/216 446/103/216 447/102/217
f 445/184/216 447/102/217 448/186/216
f 449/186/218 450/188/219 451/189/219
f 449/186/218 451/189/219 452/187/219
f 453/186/220 454/102/220 455/112/220
f 453/186/220 455/112/220 456/188/220
f 457/188/221 458/117/222 459/190/223
f 457/188/221 459/190/223 460/189/221
f 461/188/224 462/112/224 463/111/225
f 461/188/224 463/111/225 464/117/224
f 465/190/226 466/191/227 467/192/227
f 465/190/226 467/192/227 468/189/227
f 469/190/228 470/193/229 471/194/228
f 469/190/228 471/194/228 472/191/228
f 473/190/230 474/117/230 475/116/230
f 473/190/230 475/116/230 476/193/230
f 477/193/231 478/195/232 479/196/233
f 477/193/231 479/196/233 480/194/234
f 481/193/235 482/116/236 483/119/237
f 481/193/235 483/119/237 484/195/235
f 485/197/238 486/198/238 487/199/238
f 485/197/238 487/199/238 488/200/238
f 489/197/239 490/124/239 491/123/239
f 489/197/239 491/123/239 492/198/239
f 493/198/240 494/201/241 495/202/240
f 493/198/240 495/202/240 496/199/240
f 497/198/242 498/123/242 499/126/243
f 497/198/242 499/126/243 500/201/242
f 501/201/244 502/203/245 503/204/246
f 501/201/244 503/204/246 504/202/245
f 505/201/247 506/126/247 507/205/248
f 505/201/247 507/205/248 508/203/248
f 509/205/249 510/126/250 511/125/250
f 509/205/249 511/125/250 512/129/250
f 513/205/251 514/206/252 515/207/253
f 513/205/251 515/207/253 516/203/253
f 517/205/254 518/129/254 519/131/255
f 517/205/254 519/131/255 520/206/254
f 521/206/256 522/208/256 523/209/256
s 0
f 521/206/257 523/209/257 524/207/257
s 1
f 525/206/258 526/131/259 527/133/259
f 525/206/258 527/133/259 528/208/260
f 529/208/261 530/210/261 531/211/261
f 529/208/261 531/211/261 532/209/261
f 533/208/262 534/133/262 535/212/262
f 533/208/262 535/212/262 536/210/263
f 537/212/264 538/133/264 539/132/264
f 537/212/264 539/132/264 540/137/264
f 541/212/265 542/213/266 543/214/267
f 541/212/265 543/214/267 544/210/265
s 0
f 545/212/268 546/137/268 547/215/268
s 1
f 545/212/269 547/215/269 548/213/269
f 549/215/270 550/137/271 551/136/272
f 549/215/270 551/136/272 552/142/271
f 553/215/273 554/216/273 555/217/274
f 553/215/273 555/217/274 556/213/273
f 557/215/275 558/142/275 559/218/275
f 557/215/275 559/218/275 560/216/275
f 561/218/276 562/142/276 563/141/276
f 561/218/276 563/141/276 564/18/276
f 565/218/277 566/38/278 567/41/278
f 565/218/277 567/41/278 568/216/278
f 569/218/279 570/18/279 571/17/280
f 569/218/279 571/17/280 572/38/279
f 573/216/281 574/41/281 575/219/281
f 573/216/281 575/219/281 576/217/281
s 0
f 577/219/282 578/220/282 579/221/282
f 577/219/283 579/221/283 580/217/283
f 581/219/284 582/222/284 583/223/284
f 581/219/285 583/223/285 584/220/285
s 1
f 585/219/286 586/41/286 587/40/286
f 585/219/286 587/40/286 588/222/287
s 0
f 589/222/288 590/224/288 591/225/288
f 589/222/288 591/225/288 592/223/288
f 593/222/289 594/40/289 595/39/289
f 593/222/289 595/39/289 596/224/289
f 597/224/290 598/226/290 599/227/290
f 597/224/291 599/227/291 600/225/291
f 601/224/292 602/39/292 603/228/292
s 1
f 601/224/293 603/228/293 604/226/293
s 0
f 605/228/294 606/39/294 607/19/294
f 605/228/295 607/19/295 608/14/295
s 1
f 609/228/296 610/229/296 611/230/296
s 0
f 609/228/297 611/230/297 612/226/297
s 1
f 613/231/298 614/232/298 615/233/298
f 613/231/298 615/233/298 616/234/298
f 617/235/299 618/236/300 619/237/301
f 617/235/299 619/237/301 620/238/299
s 0
f 621/239/302 622/240/302 623/241/302
s 1
f 621/239/303 623/241/303 624/242/303
f 625/243/304 626/13/305 627/12/304
f 625/243/304 627/12/304 628/244/305
f 629/245/306 630/246/307 631/247/306
f 629/245/306 631/247/306 632/248/308
f 633/243/309 634/244/309 635/249/309
f 633/243/309 635/249/309 636/250/309
f 637/251/310 638/252/311 639/253/312
f 637/251/310 639/253/312 640/254/312
f 641/251/313 642/255/313 643/34/313
f 641/251/313 643/34/313 644/252/313
f 645/256/314 646/257/314 647/258/314
f 645/256/314 647/258/314 648/259/314
f 649/260/315 650/261/315 651/262/316
f 649/260/315 651/262/316 652/263/317
f 653/264/318 654/265/318 655/266/319
f 653/264/318 655/266/319 656/267/319
s 0
f 657/268/320 658/269/320 659/270/320
f 657/268/321 659/270/321 660/271/321
s 1
f 661/272/322 662/273/323 663/274/323
f 661/272/322 663/274/323 664/253/322
s 0
f 665/272/324 666/172/324 667/171/324
f 665/272/325 667/171/325 668/273/325
f 669/273/326 670/275/326 671/276/326
f 669/273/327 671/276/327 672/274/327
f 673/273/328 674/171/328 675/174/328
f 673/273/328 675/174/328 676/275/328
s 1
f 677/275/329 678/277/329 679/278/329
s 0
f 677/275/330 679/278/330 680/276/330
f 681/275/331 682/174/331 683/279/331
f 681/275/332 683/279/332 684/277/332
s 1
f 685/279/333 686/280/333 687/281/334
f 685/279/333 687/281/334 688/277/333
f 689/279/335 690/177/336 691/282/337
f 689/279/335 691/282/337 692/280/338
s 0
f 693/279/339 694/174/339 695/173/339
f 693/279/340 695/173/340 696/177/340
s 1
f 697/282/341 698/76/341 699/81/341
f 697/282/341 699/81/341 700/280/341
s 0
f 701/282/342 702/283/342 703/77/342
f 701/282/343 703/77/343 704/76/343
s 1
f 705/282/344 706/177/345 707/176/346
f 705/282/344 707/176/346 708/283/345
f 709/283/89 710/93/89 711/95/347
f 709/283/89 711/95/347 712/77/89
s 0
f 713/283/91 714/176/91 715/94/91
f 713/283/93 715/94/93 716/93/93
s 1
f 717/280/348 718/81/348 719/284/348
f 717/280/348 719/284/348 720/281/348
f 721/284/349 722/285/350 723/286/350
f 721/284/349 723/286/350 724/281/350
f 725/284/351 726/287/352 727/288/352
f 725/284/351 727/288/352 728/285/351
f 729/284/353 730/81/353 731/80/353
f 729/284/353 731/80/353 732/287/353
f 733/287/354 734/289/355 735/290/354
f 733/287/354 735/290/354 736/288/355
f 737/287/356 738/80/357 739/79/356
f 737/287/356 739/79/356 740/289/356
f 741/289/358 742/79/358 743/291/358
f 741/289/358 743/291/358 744/292/358
f 745/289/359 746/292/359 747/293/359
f 745/289/359 747/293/359 748/290/359
f 749/293/360 750/292/360 751/294/360
f 749/293/360 751/294/360 752/295/360
f 753/293/361 754/296/362 755/297/361
f 753/293/361 755/297/361 756/290/361
f 757/293/363 758/295/363 759/298/363
f 757/293/363 759/298/363 760/296/363
f 761/299/364 762/300/365 763/301/364
f 761/299/364 763/301/364 764/302/365
f 765/303/366 766/304/366 767/305/366
f 765/303/366 767/305/366 768/306/366
f 769/307/367 770/308/368 771/309/369
f 769/307/367 771/309/369 772/310/369
f 773/304/370 774/311/370 775/312/370
f 773/304/370 775/312/370 776/305/370
f 777/304/371 778/200/372 779/199/373
f 777/304/371 779/199/373 780/311/371
f 781/313/374 782/314/375 783/315/376
f 781/313/374 783/315/376 784/316/375
f 785/311/377 786/199/378 787/202/378
f 785/311/377 787/202/378 788/317/378
f 789/318/379 790/319/379 791/320/379
f 789/318/379 791/320/379 792/321/379
f 793/317/380 794/202/381 795/204/380
f 793/317/380 795/204/380 796/322/380
f 797/322/382 798/323/383 799/324/383
f 797/322/382 799/324/383 800/325/382
f 801/322/384 802/204/384 803/326/384
f 801/322/384 803/326/384 804/323/384
f 805/326/385 806/204/385 807/203/386
f 805/326/385 807/203/386 808/207/385
f 809/326/387 810/22/388 811/21/387
f 809/326/387 811/21/387 812/323/388
f 813/326/389 814/207/390 815/209/390
f 813/326/389 815/209/390 816/22/390
f 817/323/391 818/21/391 819/25/392
f 817/323/391 819/25/392 820/324/391
f 821/324/393 822/61/393 823/327/393
f 821/324/393 823/327/393 824/325/393
f 825/324/394 826/25/395 827/59/395
f 825/324/394 827/59/395 828/61/396
f 829/328/397 830/329/397 831/321/398
f 829/328/397 831/321/398 832/320/398
f 833/327/399 834/330/399 835/331/399
f 833/327/399 835/331/399 836/332/400
f 837/327/401 838/61/401 839/58/401
f 837/327/401 839/58/401 840/330/401
f 841/330/402 842/58/402 843/57/402
f 841/330/402 843/57/402 844/333/403
f 845/330/404 846/333/404 847/334/405
f 845/330/404 847/334/405 848/331/405
f 849/334/406 850/333/406 851/335/407
f 849/334/406 851/335/407 852/336/407
f 853/334/408 854/337/409 855/338/408
f 853/334/408 855/338/408 856/331/409
f 857/334/410 858/336/410 859/339/410
f 857/334/410 859/339/410 860/337/410
f 861/339/411 862/336/412 863/340/411
f 861/339/411 863/340/411 864/341/413
f 865/339/414 866/342/415 867/343/416
f 865/339/414 867/343/416 868/337/416
f 869/339/417 870/341/418 871/344/419
f 869/339/417 871/344/419 872/342/420
f 873/344/421 874/341/421 875/345/421
f 873/344/421 875/345/421 876/346/421
f 877/347/422 878/348/423 879/349/423
f 877/347/422 879/349/423 880/350/424
f 881/347/425 882/351/425 883/352/425
f 881/347/425 883/352/425 884/348/425
f 885/353/426 886/354/426 887/355/426
f 885/353/426 887/355/426 888/356/426
f 889/352/427 890/276/428 891/278/427
f 889/352/427 891/278/427 892/348/428
f 893/352/429 894/357/429 895/274/429
f 893/352/429 895/274/429 896/276/429
f 897/356/430 898/355/430 899/358/430
f 897/356/430 899/358/430 900/359/431
f 901/357/432 902/254/432 903/253/432
f 901/357/432 903/253/432 904/274/432
f 905/348/433 906/278/433 907/286/434
f 905/348/433 907/286/434 908/349/434
f 909/349/435 910/360/435 911/361/435
f 909/349/435 911/361/435 912/350/435
f 913/349/436 914/286/436 915/285/436
f 913/349/436 915/285/436 916/360/436
f 917/360/437 918/362/437 919/363/437
f 917/360/437 919/363/437 920/361/437
f 921/360/438 922/285/439 923/288/438
f 921/360/438 923/288/438 924/362/439
f 925/362/440 926/297/440 927/364/440
f 925/362/440 927/364/440 928/363/440
f 929/362/441 930/288/441 931/290/441
f 929/362/441 931/290/441 932/297/441
f 933/365/442 934/366/442 935/367/442
f 933/365/442 935/367/442 936/368/443
f 937/369/444 938/370/444 939/338/445
f 937/369/444 939/338/445 940/371/445
f 941/369/446 942/305/447 943/312/447
f 941/369/446 943/312/447 944/370/446
f 945/370/448 946/332/449 947/331/449
f 945/370/448 947/331/449 948/338/449
f 949/372/450 950/373/451 951/374/452
f 949/372/450 951/374/452 952/375/451
f 953/371/453 954/338/453 955/337/454
f 953/371/453 955/337/454 956/343/454
f 957/345/455 958/227/455 959/226/455
s 0
f 957/345/456 959/226/456 960/230/456
f 961/345/457 962/341/457 963/340/457
s 1
f 961/345/458 963/340/458 964/227/458
f 965/345/459 966/230/459 967/376/459
f 965/345/459 967/376/459 968/346/460
s 0
f 969/340/461 970/377/461 971/225/461
f 969/340/462 971/225/462 972/227/462
s 1
f 973/340/463 974/336/464 975/335/463
f 973/340/463 975/335/463 976/377/463
s 0
f 977/377/465 978/378/465 979/223/465
f 977/377/466 979/223/466 980/225/466
s 1
f 981/377/467 982/335/468 983/379/469
f 981/377/467 983/379/469 984/378/468
f 985/379/470 986/380/471 987/381/472
f 985/379/470 987/381/472 988/378/473
f 989/379/474 990/57/475 991/56/475
f 989/379/474 991/56/475 992/380/475
f 993/379/476 994/335/476 995/333/476
f 993/379/476 995/333/476 996/57/476
s 0
f 997/380/477 998/382/477 999/383/477
f 997/380/478 999/383/478 1000/381/478
s 1
f 1001/380/479 1002/56/479 1003/60/480
f 1001/380/479 1003/60/480 1004/382/479
s 0
f 1005/382/481 1006/26/481 1007/384/481
f 1005/382/482 1007/384/482 1008/383/482
f 1009/382/483 1010/60/483 1011/24/483
f 1009/382/484 1011/24/484 1012/26/484
s 1
f 1013/384/485 1014/211/486 1015/210/487
f 1013/384/485 1015/210/487 1016/214/486
f 1017/384/488 1018/26/489 1019/23/490
f 1017/384/488 1019/23/490 1020/211/488
s 0
f 1021/384/491 1022/214/491 1023/221/491
f 1021/384/492 1023/221/492 1024/383/492
f 1025/383/493 1026/221/493 1027/220/493
f 1025/383/494 1027/220/494 1028/381/494
f 1029/381/288 1030/220/288 1031/223/288
f 1029/381/495 1031/223/495 1032/378/495
s 1
f 1033/294/496 1034/385/496 1035/386/496
f 1033/294/496 1035/386/496 1036/192/496
f 1037/294/497 1038/292/498 1039/291/498
f 1037/294/497 1039/291/498 1040/385/498
f 1041/294/499 1042/192/499 1043/191/499
f 1041/294/499 1043/191/499 1044/295/499
f 1045/385/500 1046/387/501 1047/388/502
f 1045/385/500 1047/388/502 1048/386/501
f 1049/385/503 1050/291/504 1051/389/504
f 1049/385/503 1051/389/504 1052/387/504
f 1053/389/505 1054/95/506 1055/92/506
f 1053/389/505 1055/92/506 1056/387/506
f 1057/389/507 1058/78/508 1059/77/509
f 1057/389/507 1059/77/509 1060/95/508
f 1061/389/510 1062/291/510 1063/79/510
f 1061/389/510 1063/79/510 1064/78/510
s 0
f 1065/387/511 1066/92/511 1067/91/511
f 1065/387/512 1067/91/512 1068/388/512
s 1
f 1069/388/513 1070/91/514 1071/182/515
f 1069/388/513 1071/182/515 1072/185/516
f 1073/388/517 1074/185/518 1075/187/517
f 1073/388/517 1075/187/517 1076/386/517
f 1077/386/519 1078/187/519 1079/189/519
f 1077/386/519 1079/189/519 1080/192/519
f 1081/286/520 1082/278/520 1083/277/520
f 1081/286/520 1083/277/520 1084/281/520
f 1085/221/521 1086/214/521 1087/213/522
f 1085/221/521 1087/213/522 1088/217/523
f 1089/211/524 1090/23/525 1091/22/526
f 1089/211/524 1091/22/526 1092/209/525
f 1093/182/527 1094/91/528 1095/90/529
f 1093/182/527 1095/90/529 1096/179/529
f 1097/172/530 1098/74/531 1099/73/532
f 1097/172/530 1099/73/532 1100/169/533
f 1101/160/534 1102/101/534 1103/100/535
f 1101/160/534 1103/100/535 1104/161/534
f 1105/160/536 1106/153/537 1107/390/537
f 1105/160/536 1107/390/537 1108/101/537
f 1109/390/538 1110/391/538 1111/97/538
f 1109/390/538 1111/97/538 1112/101/538
f 1113/390/539 1114/148/539 1115/392/539
f 1113/390/539 1115/392/539 1116/391/539
f 1117/390/540 1118/153/541 1119/149/541
f 1117/390/540 1119/149/541 1120/148/542
f 1121/392/543 1122/393/544 1123/394/544
f 1121/392/543 1123/394/544 1124/391/544
f 1125/395/545 1126/396/546 1127/397/545
f 1125/395/545 1127/397/545 1128/398/545
f 1129/399/547 1130/400/547 1131/401/547
f 1129/399/547 1131/401/547 1132/402/547
f 1133/396/548 1134/403/548 1135/404/548
f 1133/396/548 1135/404/548 1136/397/548
f 1137/405/549 1138/406/549 1139/407/549
f 1137/405/549 1139/407/549 1140/408/549
f 1141/403/550 1142/7/551 1143/1/552
f 1141/403/550 1143/1/552 1144/404/553
f 1145/403/554 1146/139/554 1147/135/555
f 1145/403/554 1147/135/555 1148/7/555
f 1149/404/556 1150/409/556 1151/410/556
f 1149/404/556 1151/410/556 1152/397/556
f 1153/404/557 1154/1/558 1155/6/558
f 1153/404/557 1155/6/558 1156/409/558
f 1157/409/559 1158/411/559 1159/412/559
f 1157/409/559 1159/412/559 1160/410/559
f 1161/409/560 1162/6/560 1163/62/560
f 1161/409/560 1163/62/560 1164/411/560
f 1165/411/561 1166/413/561 1167/414/561
f 1165/411/561 1167/414/561 1168/412/561
f 1169/411/562 1170/62/562 1171/415/562
f 1169/411/562 1171/415/562 1172/413/562
f 1173/415/563 1174/416/563 1175/417/563
f 1173/415/563 1175/417/563 1176/413/563
f 1177/415/564 1178/418/565 1179/419/565
f 1177/415/564 1179/419/565 1180/416/565
f 1181/415/566 1182/62/567 1183/54/567
f 1181/415/566 1183/54/567 1184/418/566
f 1185/420/568 1186/421/569 1187/422/569
f 1185/420/568 1187/422/569 1188/423/569
f 1189/418/570 1190/54/570 1191/53/570
f 1189/418/570 1191/53/570 1192/424/570
f 1193/425/571 1194/426/572 1195/427/573
f 1193/425/571 1195/427/573 1196/428/573
f 1197/425/574 1198/429/574 1199/107/574
f 1197/425/574 1199/107/574 1200/426/574
f 1201/426/575 1202/430/575 1203/431/575
f 1201/426/575 1203/431/575 1204/427/575
f 1205/426/576 1206/107/576 1207/106/576
f 1205/426/576 1207/106/576 1208/430/576
s 0
f 1209/430/577 1210/432/577 1211/433/577
f 1209/430/578 1211/433/578 1212/431/578
s 1
f 1213/430/579 1214/106/579 1215/109/579
f 1213/430/579 1215/109/579 1216/432/580
f 1217/432/581 1218/434/581 1219/435/582
f 1217/432/581 1219/435/582 1220/433/581
f 1221/432/583 1222/109/584 1223/436/585
f 1221/432/583 1223/436/585 1224/434/583
f 1225/436/586 1226/437/586 1227/438/586
f 1225/436/586 1227/438/586 1228/434/587
f 1229/436/588 1230/98/589 1231/394/589
f 1229/436/588 1231/394/589 1232/437/590
f 1233/436/591 1234/109/591 1235/99/592
f 1233/436/591 1235/99/592 1236/98/591
f 1237/439/593 1238/440/594 1239/441/594
f 1237/439/593 1239/441/594 1240/442/594
f 1241/443/595 1242/444/595 1243/445/595
f 1241/443/595 1243/445/595 1244/446/596
f 1245/440/597 1246/410/597 1247/412/597
f 1245/440/597 1247/412/597 1248/441/597
f 1249/440/598 1250/398/599 1251/397/598
f 1249/440/598 1251/397/598 1252/410/598
f 1253/441/600 1254/447/601 1255/448/600
f 1253/441/600 1255/448/600 1256/442/601
f 1257/441/602 1258/412/602 1259/414/603
f 1257/441/602 1259/414/603 1260/447/602
f 1261/447/604 1262/68/604 1263/67/605
f 1261/447/604 1263/67/605 1264/448/605
f 1265/447/606 1266/414/606 1267/69/606
f 1265/447/606 1267/69/606 1268/68/606
f 1269/449/607 1270/450/608 1271/86/608
f 1269/449/607 1271/86/608 1272/435/609
f 1273/449/610 1274/435/610 1275/434/610
f 1273/449/610 1275/434/610 1276/438/610
f 1277/435/611 1278/86/611 1279/85/611
f 1277/435/611 1279/85/611 1280/433/611
f 1281/433/612 1282/85/613 1283/84/614
f 1281/433/612 1283/84/614 1284/431/613
f 1285/431/615 1286/84/616 1287/451/616
f 1285/431/615 1287/451/616 1288/427/617
f 1289/451/618 1290/452/618 1291/453/619
f 1289/451/618 1291/453/619 1292/454/620
f 1293/451/621 1294/84/621 1295/83/622
f 1293/451/621 1295/83/622 1296/452/621
f 1297/451/623 1298/454/623 1299/428/623
f 1297/451/623 1299/428/623 1300/427/623
f 1301/452/624 1302/455/625 1303/456/624
f 1301/452/624 1303/456/624 1304/453/624
f 1305/452/626 1306/83/627 1307/88/628
f 1305/452/626 1307/88/628 1308/455/627
f 1309/457/629 1310/458/630 1311/459/629
f 1309/457/629 1311/459/629 1312/460/630
f 1313/457/631 1314/461/632 1315/65/632
f 1313/457/631 1315/65/632 1316/458/632
f 1317/458/633 1318/462/633 1319/463/634
f 1317/458/633 1319/463/634 1320/459/633
f 1321/458/635 1322/65/636 1323/64/637
f 1321/458/635 1323/64/637 1324/462/636
f 1325/462/638 1326/417/639 1327/416/639
f 1325/462/638 1327/416/639 1328/463/638
f 1329/462/640 1330/64/640 1331/69/640
f 1329/462/640 1331/69/640 1332/417/640
f 1333/464/641 1334/465/641 1335/466/641
f 1333/464/641 1335/466/641 1336/467/641
f 1337/464/642 1338/423/643 1339/422/642
f 1337/464/642 1339/422/642 1340/465/642
f 1341/417/644 1342/69/644 1343/414/644
f 1341/417/644 1343/414/644 1344/413/644
f 1345/394/645 1346/98/645 1347/97/645
f 1345/394/645 1347/97/645 1348/391/646
f 1349/155/647 1350/27/647 1351/30/647
f 1349/155/647 1351/30/647 1352/156/647
f 1353/112/648 1354/102/649 1355/96/650
f 1353/112/648 1355/96/650 1356/105/649
f 1357/107/651 1358/429/651 1359/115/651
f 1357/107/651 1359/115/651 1360/108/652
f 1361/461/653 1362/468/654 1363/66/654
f 1361/461/653 1363/66/654 1364/65/653
f 1365/469/655 1366/67/655 1367/66/656
f 1365/469/655 1367/66/656 1368/468/656
f 1369/59/657 1370/25/658 1371/24/659
f 1369/59/657 1371/24/659 1372/60/660
s 0
f 1373/255/661 1374/35/661 1375/28/661
f 1373/255/662 1375/28/662 1376/34/662
s 1
f 1377/244/663 1378/12/664 1379/11/663
f 1377/244/663 1379/11/663 1380/470/663
f 1381/471/665 1382/472/666 1383/467/665
f 1381/471/665 1383/467/665 1384/466/665
f 1385/473/667 1386/474/668 1387/475/668
f 1385/473/667 1387/475/668 1388/476/668
f 1389/477/669 1390/478/670 1391/479/671
f 1389/477/669 1391/479/671 1392/480/671
f 1393/477/672 1394/481/673 1395/482/674
f 1393/477/672 1395/482/674 1396/478/672
f 1397/483/675 1398/484/676 1399/485/677
f 1397/483/675 1399/485/677 1400/486/675
f 1401/487/678 1402/488/679 1403/489/678
f 1401/487/678 1403/489/678 1404/490/678
f 1405/483/680 1406/486/681 1407/491/681
f 1405/483/680 1407/491/681 1408/492/682
f 1409/493/683 1410/494/683 1411/495/684
f 1409/493/683 1411/495/684 1412/496/684
f 1413/497/685 1414/498/686 1415/499/687
f 1413/497/685 1415/499/687 1416/500/688
f 1417/501/689 1418/502/689 1419/503/689
f 1417/501/689 1419/503/689 1420/504/689
f 1421/501/690 1422/505/691 1423/506/692
f 1421/501/690 1423/506/692 1424/507/692
f 1425/501/693 1426/507/694 1427/508/694
f 1425/501/693 1427/508/694 1428/509/694
f 1429/501/695 1430/509/695 1431/510/696
f 1429/501/695 1431/510/696 1432/502/696
f 1433/501/697 1434/504/698 1435/511/697
f 1433/501/697 1435/511/697 1436/505/697
f 1437/496/699 1438/495/699 1439/489/700
f 1437/496/699 1439/489/700 1440/488/699
f 1441/512/701 1442/513/702 1443/514/703
f 1441/512/701 1443/514/703 1444/515/704
f 1445/512/705 1446/516/705 1447/517/706
f 1445/512/705 1447/517/706 1448/513/705
f 1449/512/707 1450/515/708 1451/518/708
f 1449/512/707 1451/518/708 1452/516/708
f 1453/519/709 1454/520/709 1455/521/710
f 1453/519/709 1455/521/710 1456/522/709
f 1457/519/711 1458/523/711 1459/524/711
f 1457/519/711 1459/524/711 1460/525/711
f 1461/519/712 1462/525/713 1463/526/713
f 1461/519/712 1463/526/713 1464/520/712
f 1465/519/714 1466/522/714 1467/527/714
f 1465/519/714 1467/527/714 1468/528/715
f 1469/519/716 1470/528/717 1471/529/716
f 1469/519/716 1471/529/716 1472/523/716
f 1473/530/718 1474/531/719 1475/532/720
f 1473/530/718 1475/532/720 1476/533/721
f 1477/530/722 1478/534/722 1479/535/723
f 1477/530/722 1479/535/723 1480/531/722
f 1481/530/724 1482/533/724 1483/536/724
f 1481/530/724 1483/536/724 1484/534/725
f 1485/537/726 1486/538/727 1487/539/728
f 1485/537/726 1487/539/728 1488/540/727
f 1489/537/729 1490/540/729 1491/541/730
f 1489/537/729 1491/541/730 1492/542/729
f 1493/537/731 1494/542/732 1495/543/732
f 1493/537/731 1495/543/732 1496/538/733
f 1497/544/734 1498/545/735 1499/546/735
f 1497/544/734 1499/546/735 1500/547/734
f 1501/544/736 1502/547/737 1503/548/738
f 1501/544/736 1503/548/738 1504/549/739
f 1505/544/740 1506/549/741 1507/550/742
f 1505/544/740 1507/550/742 1508/545/741
f 1509/550/743 1510/551/744 1511/552/745
f 1509/550/743 1511/552/745 1512/553/745
f 1513/550/746 1514/549/747 1515/554/746
f 1513/550/746 1515/554/746 1516/551/746
s 0
f 1517/550/748 1518/553/748 1519/555/748
f 1517/550/749 1519/555/749 1520/545/749
f 1521/555/750 1522/553/750 1523/556/750
f 1521/555/751 1523/556/751 1524/557/751
s 1
f 1525/555/752 1526/558/753 1527/546/753
f 1525/555/752 1527/546/753 1528/545/754
f 1529/555/755 1530/557/756 1531/559/757
f 1529/555/755 1531/559/757 1532/558/756
f 1533/559/758 1534/557/759 1535/560/759
f 1533/559/758 1535/560/759 1536/561/759
f 1537/559/760 1538/562/761 1539/563/762
f 1537/559/760 1539/563/762 1540/558/761
f 1541/559/763 1542/561/763 1543/564/763
f 1541/559/763 1543/564/763 1544/562/763
f 1545/564/764 1546/561/764 1547/565/764
f 1545/564/764 1547/565/764 1548/566/764
f 1549/564/765 1550/536/766 1551/533/767
f 1549/564/765 1551/533/767 1552/562/766
f 1553/564/768 1554/566/768 1555/567/769
f 1553/564/768 1555/567/769 1556/536/770
f 1557/567/771 1558/566/772 1559/568/772
f 1557/567/771 1559/568/772 1560/569/772
f 1561/567/773 1562/570/773 1563/534/774
f 1561/567/773 1563/534/774 1564/536/773
f 1565/567/775 1566/569/775 1567/571/775
f 1565/567/775 1567/571/775 1568/570/775
f 1569/571/776 1570/569/776 1571/572/776
f 1569/571/776 1571/572/776 1572/573/776
f 1573/571/777 1574/574/778 1575/575/777
f 1573/571/777 1575/575/777 1576/570/778
f 1577/571/779 1578/573/780 1579/576/780
f 1577/571/779 1579/576/780 1580/574/780
f 1581/576/781 1582/577/781 1583/578/781
f 1581/576/781 1583/578/781 1584/574/781
f 1585/576/782 1586/579/782 1587/580/782
f 1585/576/782 1587/580/782 1588/577/782
f 1589/576/783 1590/573/783 1591/581/783
f 1589/576/783 1591/581/783 1592/579/783
f 1593/582/784 1594/583/785 1595/584/785
f 1593/582/784 1595/584/785 1596/585/784
f 1597/581/786 1598/573/786 1599/572/786
f 1597/581/786 1599/572/786 1600/586/786
f 1601/582/787 1602/585/787 1603/587/788
f 1601/582/787 1603/587/788 1604/588/788
f 1605/587/789 1606/589/789 1607/590/789
f 1605/587/789 1607/590/789 1608/588/789
f 1609/587/790 1610/591/790 1611/592/790
f 1609/587/790 1611/592/790 1612/589/790
f 1613/587/791 1614/585/791 1615/593/792
f 1613/587/791 1615/593/792 1616/591/793
f 1617/593/794 1618/594/794 1619/595/795
f 1617/593/794 1619/595/795 1620/596/794
f 1621/593/796 1622/585/796 1623/584/796
f 1621/593/796 1623/584/796 1624/594/796
f 1625/593/797 1626/596/798 1627/597/798
f 1625/593/797 1627/597/798 1628/591/798
f 1629/597/799 1630/598/799 1631/592/799
f 1629/597/799 1631/592/799 1632/591/799
f 1633/597/800 1634/517/801 1635/599/800
f 1633/597/800 1635/599/800 1636/598/801
f 1637/597/802 1638/596/802 1639/513/802
f 1637/597/802 1639/513/802 1640/517/803
f 1641/599/804 1642/517/805 1643/516/805
f 1641/599/804 1643/516/805 1644/600/805
f 1645/599/806 1646/601/806 1647/602/806
f 1645/599/806 1647/602/806 1648/598/806
f 1649/599/807 1650/600/808 1651/603/807
f 1649/599/807 1651/603/807 1652/601/808
f 1653/603/809 1654/600/810 1655/604/810
f 1653/603/809 1655/604/810 1656/605/810
f 1657/603/811 1658/606/811 1659/607/812
f 1657/603/811 1659/607/812 1660/601/811
f 1661/603/813 1662/605/814 1663/608/815
f 1661/603/813 1663/608/815 1664/606/814
f 1665/608/816 1666/605/816 1667/609/817
f 1665/608/816 1667/609/817 1668/610/816
f 1669/608/818 1670/611/818 1671/612/819
f 1669/608/818 1671/612/819 1672/606/818
f 1673/608/820 1674/610/820 1675/613/820
f 1673/608/820 1675/613/820 1676/611/820
f 1677/613/821 1678/610/821 1679/614/822
f 1677/613/821 1679/614/822 1680/615/821
f 1681/613/823 1682/616/824 1683/617/825
f 1681/613/823 1683/617/825 1684/611/824
s 0
f 1685/613/826 1686/615/826 1687/618/826
f 1685/613/827 1687/618/827 1688/616/827
s 1
f 1689/618/828 1690/615/829 1691/543/830
f 1689/618/828 1691/543/830 1692/619/830
f 1693/618/831 1694/620/832 1695/621/831
f 1693/618/831 1695/621/831 1696/616/833
f 1697/618/834 1698/619/835 1699/622/836
f 1697/618/834 1699/622/836 1700/620/835
f 1701/622/837 1702/619/837 1703/623/838
f 1701/622/837 1703/623/838 1704/624/837
f 1705/622/839 1706/625/840 1707/626/841
f 1705/622/839 1707/626/841 1708/620/841
f 1709/622/842 1710/624/842 1711/627/842
f 1709/622/842 1711/627/842 1712/625/843
f 1713/627/844 1714/624/844 1715/628/845
f 1713/627/844 1715/628/845 1716/629/844
f 1717/627/846 1718/630/846 1719/631/846
f 1717/627/846 1719/631/846 1720/625/847
f 1721/627/848 1722/629/849 1723/632/850
f 1721/627/848 1723/632/850 1724/630/851
f 1725/632/852 1726/629/852 1727/633/852
f 1725/632/852 1727/633/852 1728/634/852
f 1729/632/853 1730/635/853 1731/636/854
f 1729/632/853 1731/636/854 1732/630/853
f 1733/632/855 1734/634/856 1735/637/856
f 1733/632/855 1735/637/856 1736/635/856
f 1737/637/857 1738/634/857 1739/638/857
f 1737/637/857 1739/638/857 1740/639/857
f 1741/637/858 1742/640/858 1743/641/859
f 1741/637/858 1743/641/859 1744/635/860
f 1745/637/861 1746/639/861 1747/642/861
f 1745/637/861 1747/642/861 1748/640/862
f 1749/642/863 1750/639/863 1751/528/864
f 1749/642/863 1751/528/864 1752/527/863
f 1753/642/865 1754/643/865 1755/644/865
f 1753/642/865 1755/644/865 1756/640/866
f 1757/642/867 1758/527/867 1759/645/868
f 1757/642/867 1759/645/868 1760/643/869
f 1761/645/870 1762/527/870 1763/522/870
f 1761/645/870 1763/522/870 1764/646/870
f 1765/645/871 1766/647/871 1767/648/871
f 1765/645/871 1767/648/871 1768/643/871
f 1769/645/872 1770/646/872 1771/649/872
f 1769/645/872 1771/649/872 1772/647/872
f 1773/649/873 1774/646/874 1775/650/873
f 1773/649/873 1775/650/873 1776/651/873
f 1777/652/875 1778/504/875 1779/503/875
f 1777/652/875 1779/503/875 1780/653/875
f 1781/652/876 1782/654/877 1783/511/878
f 1781/652/876 1783/511/878 1784/504/879
f 1785/650/880 1786/521/880 1787/655/880
f 1785/650/880 1787/655/880 1788/656/880
f 1789/650/881 1790/646/882 1791/522/883
f 1789/650/881 1791/522/883 1792/521/882
f 1793/655/884 1794/657/885 1795/658/885
f 1793/655/884 1795/658/885 1796/659/885
f 1797/655/886 1798/521/886 1799/520/886
f 1797/655/886 1799/520/886 1800/657/886
f 1801/655/887 1802/659/887 1803/660/887
f 1801/655/887 1803/660/887 1804/656/887
f 1805/657/888 1806/661/888 1807/662/889
f 1805/657/888 1807/662/889 1808/658/888
f 1809/657/890 1810/520/890 1811/526/890
f 1809/657/890 1811/526/890 1812/661/890
f 1813/663/891 1814/664/892 1815/506/892
f 1813/663/891 1815/506/892 1816/505/893
s 0
f 1817/663/894 1818/505/894 1819/511/894
s 1
f 1817/663/894 1819/511/894 1820/665/894
f 1821/664/895 1822/666/895 1823/667/896
f 1821/664/895 1823/667/896 1824/506/895
f 1825/667/897 1826/668/898 1827/507/897
f 1825/667/897 1827/507/897 1828/506/898
f 1829/667/899 1830/669/899 1831/670/899
f 1829/667/899 1831/670/899 1832/668/899
f 1833/671/900 1834/672/900 1835/526/901
f 1833/671/900 1835/526/901 1836/525/900
f 1837/670/902 1838/673/902 1839/674/902
f 1837/670/902 1839/674/902 1840/668/902
f 1841/671/903 1842/525/903 1843/524/903
f 1841/671/903 1843/524/903 1844/675/903
f 1845/676/904 1846/677/905 1847/678/904
f 1845/676/904 1847/678/904 1848/679/904
f 1849/675/906 1850/524/906 1851/680/906
f 1849/675/906 1851/680/906 1852/681/906
f 1853/680/907 1854/524/908 1855/523/908
f 1853/680/907 1855/523/908 1856/682/907
f 1857/680/909 1858/683/909 1859/684/909
f 1857/680/909 1859/684/909 1860/681/909
f 1861/680/910 1862/682/910 1863/685/911
f 1861/680/910 1863/685/911 1864/683/911
f 1865/685/912 1866/682/913 1867/686/913
f 1865/685/912 1867/686/913 1868/687/913
f 1869/685/914 1870/688/914 1871/689/914
f 1869/685/914 1871/689/914 1872/683/914
f 1873/685/915 1874/687/915 1875/690/916
f 1873/685/915 1875/690/916 1876/688/916
f 1877/690/917 1878/687/918 1879/691/919
f 1877/690/917 1879/691/919 1880/692/920
f 1881/690/921 1882/693/922 1883/694/923
f 1881/690/921 1883/694/923 1884/688/924
f 1885/690/925 1886/692/925 1887/695/925
f 1885/690/925 1887/695/925 1888/693/925
f 1889/695/926 1890/692/927 1891/696/928
f 1889/695/926 1891/696/928 1892/697/926
f 1893/695/929 1894/698/930 1895/699/930
f 1893/695/929 1895/699/930 1896/693/931
f 1897/695/932 1898/697/933 1899/700/934
f 1897/695/932 1899/700/934 1900/698/934
f 1901/700/935 1902/697/936 1903/541/937
f 1901/700/935 1903/541/937 1904/540/936
f 1905/700/938 1906/701/939 1907/702/938
f 1905/700/938 1907/702/938 1908/698/938
f 1909/700/940 1910/540/941 1911/539/942
f 1909/700/940 1911/539/942 1912/701/941
f 1913/701/943 1914/703/943 1915/704/944
f 1913/701/943 1915/704/944 1916/702/944
f 1917/701/945 1918/539/945 1919/705/945
f 1917/701/945 1919/705/945 1920/703/946
f 1921/705/947 1922/609/948 1923/706/948
f 1921/705/947 1923/706/948 1924/703/948
f 1925/705/949 1926/614/950 1927/610/951
f 1925/705/949 1927/610/951 1928/609/950
f 1929/705/952 1930/539/953 1931/538/952
f 1929/705/952 1931/538/952 1932/614/953
f 1933/706/954 1934/707/955 1935/704/956
f 1933/706/954 1935/704/956 1936/703/957
f 1937/706/958 1938/604/959 1939/518/959
f 1937/706/958 1939/518/959 1940/707/959
f 1941/706/960 1942/609/961 1943/605/962
f 1941/706/960 1943/605/962 1944/604/961
f 1945/707/963 1946/708/964 1947/709/965
f 1945/707/963 1947/709/965 1948/704/964
f 1949/707/966 1950/518/967 1951/515/968
f 1949/707/966 1951/515/968 1952/708/967
f 1953/708/969 1954/710/969 1955/711/969
f 1953/708/969 1955/711/969 1956/709/969
f 1957/708/970 1958/515/970 1959/514/970
f 1957/708/970 1959/514/970 1960/710/970
f 1961/710/971 1962/712/971 1963/713/971
f 1961/710/971 1963/713/971 1964/711/971
f 1965/710/972 1966/514/973 1967/595/972
f 1965/710/972 1967/595/972 1968/712/974
f 1969/712/975 1970/714/975 1971/715/975
f 1969/712/975 1971/715/975 1972/713/975
f 1973/712/976 1974/595/977 1975/594/976
f 1973/712/976 1975/594/976 1976/714/977
f 1977/714/978 1978/716/979 1979/717/978
f 1977/714/978 1979/717/978 1980/715/978
f 1981/718/980 1982/719/980 1983/720/980
f 1981/718/980 1983/720/980 1984/721/980
f 1985/722/981 1986/723/981 1987/724/981
f 1985/722/981 1987/724/981 1988/725/981
f 1989/726/982 1990/727/982 1991/728/982
f 1989/726/982 1991/728/982 1992/729/982
f 1993/723/983 1994/730/983 1995/731/983
f 1993/723/983 1995/731/983 1996/724/983
f 1997/723/984 1998/586/985 1999/572/986
f 1997/723/984 1999/572/986 2000/730/984
f 2001/730/987 2002/568/987 2003/732/987
f 2001/730/987 2003/732/987 2004/731/988
f 2005/730/989 2006/572/990 2007/569/989
f 2005/730/989 2007/569/989 2008/568/989
f 2009/732/991 2010/733/992 2011/734/992
f 2009/732/991 2011/734/992 2012/731/993
f 2013/732/994 2014/565/995 2015/735/995
f 2013/732/994 2015/735/995 2016/733/994
f 2017/732/996 2018/568/996 2019/566/996
f 2017/732/996 2019/566/996 2020/565/997
f 2021/735/998 2022/736/998 2023/737/999
f 2021/735/998 2023/737/999 2024/733/1000
f 2025/735/1001 2026/560/1002 2027/738/1003
f 2025/735/1001 2027/738/1003 2028/736/1002
f 2029/735/1004 2030/565/1005 2031/561/1005
f 2029/735/1004 2031/561/1005 2032/560/1004
f 2033/738/1006 2034/739/1006 2035/740/1006
f 2033/738/1006 2035/740/1006 2036/736/1006
f 2037/738/1007 2038/556/1008 2039/741/1008
f 2037/738/1007 2039/741/1008 2040/739/1008
f 2041/738/1009 2042/560/1010 2043/557/1011
f 2041/738/1009 2043/557/1011 2044/556/1012
f 2045/741/1013 2046/742/1014 2047/743/1015
f 2045/741/1013 2047/743/1015 2048/739/1014
f 2049/741/1016 2050/552/1017 2051/744/1018
f 2049/741/1016 2051/744/1018 2052/742/1019
s 0
f 2053/741/1020 2054/556/1020 2055/553/1020
s 1
f 2053/741/1021 2055/553/1021 2056/552/1021
f 2057/744/1022 2058/745/1023 2059/746/1024
f 2057/744/1022 2059/746/1024 2060/742/1023
f 2061/744/1025 2062/747/1025 2063/748/1025
f 2061/744/1025 2063/748/1025 2064/745/1026
f 2065/744/1027 2066/552/1028 2067/551/1029
f 2065/744/1027 2067/551/1029 2068/747/1028
f 2069/747/1030 2070/749/1030 2071/750/1030
f 2069/747/1030 2071/750/1030 2072/748/1030
f 2073/747/1031 2074/551/1032 2075/554/1032
f 2073/747/1031 2075/554/1032 2076/749/1032
f 2077/749/1033 2078/751/1034 2079/752/1035
f 2077/749/1033 2079/752/1035 2080/750/1035
s 0
f 2081/749/1036 2082/554/1036 2083/753/1036
f 2081/749/1037 2083/753/1037 2084/751/1037
s 1
f 2085/753/1038 2086/754/1039 2087/755/1040
f 2085/753/1038 2087/755/1040 2088/751/1041
f 2089/753/1042 2090/548/1042 2091/756/1042
s 0
f 2089/753/1043 2091/756/1043 2092/754/1043
s 1
f 2093/753/1044 2094/554/1044 2095/549/1045
f 2093/753/1044 2095/549/1045 2096/548/1044
f 2097/756/1046 2098/757/1046 2099/758/1047
f 2097/756/1046 2099/758/1047 2100/754/1048
f 2101/756/1049 2102/759/1050 2103/760/1051
f 2101/756/1049 2103/760/1051 2104/757/1052
f 2105/756/1053 2106/548/1054 2107/547/1055
f 2105/756/1053 2107/547/1055 2108/759/1054
f 2109/759/1056 2110/761/1056 2111/762/1057
f 2109/759/1056 2111/762/1057 2112/760/1056
f 2113/759/1058 2114/547/1058 2115/546/1059
f 2113/759/1058 2115/546/1059 2116/761/1058
f 2117/761/1060 2118/563/1061 2119/532/1062
f 2117/761/1060 2119/532/1062 2120/762/1061
f 2121/761/1063 2122/546/1064 2123/558/1065
f 2121/761/1063 2123/558/1065 2124/563/1063
f 2125/762/1066 2126/763/1066 2127/764/1067
f 2125/762/1066 2127/764/1067 2128/760/1066
f 2129/762/1068 2130/532/1069 2131/531/1068
f 2129/762/1068 2131/531/1068 2132/763/1069
f 2133/763/1070 2134/765/1071 2135/766/1071
f 2133/763/1070 2135/766/1071 2136/764/1071
f 2137/763/1072 2138/531/1073 2139/535/1074
f 2137/763/1072 2139/535/1074 2140/765/1075
f 2141/765/1076 2142/767/1076 2143/768/1077
f 2141/765/1076 2143/768/1077 2144/766/1077
f 2145/765/1078 2146/535/1079 2147/575/1079
f 2145/765/1078 2147/575/1079 2148/767/1080
f 2149/767/1081 2150/578/1081 2151/769/1081
f 2149/767/1081 2151/769/1081 2152/768/1081
f 2153/767/1082 2154/575/1082 2155/574/1083
f 2153/767/1082 2155/574/1083 2156/578/1083
f 2157/769/1084 2158/770/1084 2159/771/1084
f 2157/769/1084 2159/771/1084 2160/768/1084
f 2161/769/1085 2162/772/1086 2163/773/1087
f 2161/769/1085 2163/773/1087 2164/770/1087
f 2165/769/1088 2166/578/1088 2167/577/1088
f 2165/769/1088 2167/577/1088 2168/772/1088
f 2169/772/1089 2170/774/1089 2171/775/1089
f 2169/772/1089 2171/775/1089 2172/773/1089
f 2173/772/1090 2174/577/1090 2175/580/1090
f 2173/772/1090 2175/580/1090 2176/774/1090
f 2177/776/1091 2178/777/1091 2179/778/1091
f 2177/776/1091 2179/778/1091 2180/779/1092
f 2181/776/1093 2182/590/1093 2183/589/1093
f 2181/776/1093 2183/589/1093 2184/777/1093
f 2185/777/1094 2186/780/1094 2187/781/1094
f 2185/777/1094 2187/781/1094 2188/778/1094
f 2189/777/1095 2190/589/1096 2191/592/1096
f 2189/777/1095 2191/592/1096 2192/780/1095
f 2193/780/1097 2194/602/1097 2195/782/1097
f 2193/780/1097 2195/782/1097 2196/781/1098
f 2197/780/1099 2198/592/1099 2199/598/1100
f 2197/780/1099 2199/598/1100 2200/602/1099
f 2201/782/1101 2202/602/1101 2203/601/1101
f 2201/782/1101 2203/601/1101 2204/607/1102
f 2205/782/1103 2206/783/1104 2207/784/1103
f 2205/782/1103 2207/784/1103 2208/781/1104
f 2209/782/1105 2210/607/1106 2211/785/1106
f 2209/782/1105 2211/785/1106 2212/783/1106
f 2213/785/1107 2214/607/1107 2215/606/1107
f 2213/785/1107 2215/606/1107 2216/612/1107
f 2217/785/1108 2218/786/1109 2219/787/1110
f 2217/785/1108 2219/787/1110 2220/783/1108
f 2221/785/1111 2222/612/1111 2223/788/1112
f 2221/785/1111 2223/788/1112 2224/786/1111
f 2225/788/1113 2226/612/1114 2227/611/1113
f 2225/788/1113 2227/611/1113 2228/617/1115
f 2229/788/1116 2230/789/1117 2231/790/1118
f 2229/788/1116 2231/790/1118 2232/786/1118
f 2233/788/1119 2234/617/1120 2235/791/1120
f 2233/788/1119 2235/791/1120 2236/789/1120
f 2237/791/1121 2238/617/1122 2239/616/1123
f 2237/791/1121 2239/616/1123 2240/621/1122
f 2241/791/1124 2242/792/1124 2243/793/1124
f 2241/791/1124 2243/793/1124 2244/789/1124
f 2245/791/1125 2246/621/1125 2247/794/1126
f 2245/791/1125 2247/794/1126 2248/792/1125
f 2249/794/1127 2250/621/1128 2251/620/1129
f 2249/794/1127 2251/620/1129 2252/626/1130
f 2253/794/1131 2254/795/1132 2255/796/1133
f 2253/794/1131 2255/796/1133 2256/792/1131
f 2257/794/1134 2258/626/1134 2259/797/1134
f 2257/794/1134 2259/797/1134 2260/795/1134
f 2261/797/1135 2262/626/1135 2263/625/1135
f 2261/797/1135 2263/625/1135 2264/631/1136
f 2265/797/1137 2266/798/1137 2267/799/1138
f 2265/797/1137 2267/799/1138 2268/795/1137
f 2269/797/1139 2270/631/1139 2271/800/1139
f 2269/797/1139 2271/800/1139 2272/798/1140
f 2273/800/1141 2274/631/1141 2275/630/1141
f 2273/800/1141 2275/630/1141 2276/636/1141
f 2277/800/1142 2278/801/1142 2279/802/1142
s 0
f 2277/800/1143 2279/802/1143 2280/798/1143
s 1
f 2281/803/1144 2282/804/1144 2283/805/1145
f 2281/803/1144 2283/805/1145 2284/806/1145
f 2285/807/1146 2286/636/1147 2287/635/1146
f 2285/807/1146 2287/635/1146 2288/641/1146
f 2289/808/1148 2290/809/1149 2291/810/1149
f 2289/808/1148 2291/810/1149 2292/811/1149
f 2293/812/1150 2294/813/1151 2295/814/1152
f 2293/812/1150 2295/814/1152 2296/815/1152
f 2297/816/1153 2298/641/1153 2299/640/1154
f 2297/816/1153 2299/640/1154 2300/644/1153
f 2301/817/1155 2302/818/1155 2303/819/1156
f 2301/817/1155 2303/819/1156 2304/820/1156
f 2305/817/1157 2306/821/1158 2307/822/1158
f 2305/817/1157 2307/822/1158 2308/818/1159
f 2309/823/1160 2310/644/1160 2311/643/1161
f 2309/823/1160 2311/643/1161 2312/648/1161
f 2313/824/1162 2314/825/1163 2315/826/1162
f 2313/824/1162 2315/826/1162 2316/827/1162
f 2317/824/1164 2318/828/1165 2319/829/1164
f 2317/824/1164 2319/829/1164 2320/825/1165
f 2321/829/1166 2322/828/1166 2323/653/1167
f 2321/829/1166 2323/653/1167 2324/503/1167
f 2325/829/1168 2326/830/1168 2327/831/1169
f 2325/829/1168 2327/831/1169 2328/825/1169
f 2329/829/1170 2330/503/1170 2331/502/1170
f 2329/829/1170 2331/502/1170 2332/830/1170
f 2333/830/1171 2334/832/1171 2335/833/1171
f 2333/830/1171 2335/833/1171 2336/831/1171
f 2337/830/1172 2338/502/1172 2339/510/1172
f 2337/830/1172 2339/510/1172 2340/832/1172
f 2341/832/1173 2342/834/1174 2343/835/1173
f 2341/832/1173 2343/835/1173 2344/833/1174
f 2345/832/1175 2346/510/1175 2347/836/1175
f 2345/832/1175 2347/836/1175 2348/834/1175
f 2349/836/1176 2350/510/1176 2351/509/1176
f 2349/836/1176 2351/509/1176 2352/837/1176
f 2353/836/1177 2354/838/1177 2355/839/1177
f 2353/836/1177 2355/839/1177 2356/834/1177
f 2357/836/1178 2358/837/1179 2359/840/1178
f 2357/836/1178 2359/840/1178 2360/838/1179
f 2361/840/1180 2362/837/1181 2363/841/1180
f 2361/840/1180 2363/841/1180 2364/842/1180
f 2365/840/1182 2366/843/1183 2367/844/1184
f 2365/840/1182 2367/844/1184 2368/838/1184
f 2369/840/1185 2370/842/1186 2371/845/1185
f 2369/840/1185 2371/845/1185 2372/843/1185
f 2373/845/1187 2374/842/1187 2375/846/1187
f 2373/845/1187 2375/846/1187 2376/847/1188
f 2377/845/1189 2378/848/1189 2379/849/1189
f 2377/845/1189 2379/849/1189 2380/843/1189
f 2381/845/1190 2382/847/1190 2383/850/1190
f 2381/845/1190 2383/850/1190 2384/848/1191
f 2385/851/1192 2386/852/1192 2387/853/1192
f 2385/851/1192 2387/853/1192 2388/854/1193
f 2389/850/1194 2390/855/1194 2391/856/1194
f 2389/850/1194 2391/856/1194 2392/848/1194
f 2393/851/1195 2394/854/1196 2395/857/1197
f 2393/851/1195 2395/857/1197 2396/858/1198
f 2397/857/1199 2398/854/1199 2399/859/1199
f 2397/857/1199 2399/859/1199 2400/860/1199
f 2401/857/1200 2402/861/1201 2403/862/1201
f 2401/857/1200 2403/862/1201 2404/858/1202
f 2405/857/1203 2406/860/1203 2407/863/1204
f 2405/857/1203 2407/863/1204 2408/861/1204
f 2409/863/1205 2410/860/1206 2411/864/1207
f 2409/863/1205 2411/864/1207 2412/865/1208
s 0
f 2413/863/1209 2414/713/1209 2415/715/1209
f 2413/863/1210 2415/715/1210 2416/861/1210
s 1
f 2417/863/1211 2418/865/1211 2419/711/1212
f 2417/863/1211 2419/711/1212 2420/713/1212
f 2421/864/1213 2422/694/1213 2423/693/1213
f 2421/864/1213 2423/693/1213 2424/699/1213
f 2425/864/1214 2426/860/1215 2427/859/1214
f 2425/864/1214 2427/859/1214 2428/694/1214
s 0
f 2429/864/1216 2430/699/1216 2431/866/1216
f 2429/864/1217 2431/866/1217 2432/865/1217
s 1
f 2433/866/1218 2434/699/1219 2435/698/1220
f 2433/866/1218 2435/698/1220 2436/702/1218
f 2437/866/1221 2438/709/1222 2439/711/1223
f 2437/866/1221 2439/711/1223 2440/865/1223
f 2441/866/1224 2442/702/1225 2443/704/1225
f 2441/866/1224 2443/704/1225 2444/709/1226
f 2445/861/1227 2446/715/1227 2447/717/1227
f 2445/861/1227 2447/717/1227 2448/862/1227
f 2449/867/1228 2450/868/1228 2451/856/1228
f 2449/867/1228 2451/856/1228 2452/855/1228
f 2453/867/1229 2454/725/1229 2455/724/1229
f 2453/867/1229 2455/724/1229 2456/868/1230
f 2457/868/1231 2458/734/1231 2459/869/1231
f 2457/868/1231 2459/869/1231 2460/856/1231
f 2461/868/1232 2462/724/1232 2463/731/1232
f 2461/868/1232 2463/731/1232 2464/734/1232
f 2465/869/1233 2466/849/1233 2467/848/1233
f 2465/869/1233 2467/848/1233 2468/856/1233
f 2469/869/1234 2470/737/1234 2471/870/1234
f 2469/869/1234 2471/870/1234 2472/849/1234
f 2473/869/1235 2474/734/1236 2475/733/1237
f 2473/869/1235 2475/733/1237 2476/737/1238
f 2477/870/1239 2478/844/1239 2479/843/1239
f 2477/870/1239 2479/843/1239 2480/849/1239
f 2481/870/1240 2482/740/1240 2483/871/1240
f 2481/870/1240 2483/871/1240 2484/844/1241
f 2485/870/1242 2486/737/1243 2487/736/1243
f 2485/870/1242 2487/736/1243 2488/740/1243
f 2489/871/1244 2490/839/1245 2491/838/1246
f 2489/871/1244 2491/838/1246 2492/844/1246
f 2493/871/1247 2494/743/1248 2495/872/1247
f 2493/871/1247 2495/872/1247 2496/839/1248
f 2497/871/1249 2498/740/1249 2499/739/1249
f 2497/871/1249 2499/739/1249 2500/743/1249
f 2501/872/1250 2502/835/1250 2503/834/1250
f 2501/872/1250 2503/834/1250 2504/839/1250
f 2505/872/1251 2506/746/1251 2507/873/1251
f 2505/872/1251 2507/873/1251 2508/835/1251
f 2509/872/1252 2510/743/1252 2511/742/1252
f 2509/872/1252 2511/742/1252 2512/746/1253
f 2513/873/1254 2514/874/1255 2515/833/1255
f 2513/873/1254 2515/833/1255 2516/835/1255
f 2517/873/1256 2518/875/1256 2519/876/1256
f 2517/873/1256 2519/876/1256 2520/874/1256
f 2521/873/1257 2522/746/1257 2523/745/1258
f 2521/873/1257 2523/745/1258 2524/875/1258
f 2525/875/1259 2526/877/1260 2527/878/1259
f 2525/875/1259 2527/878/1259 2528/876/1259
f 2529/875/1261 2530/745/1261 2531/748/1261
f 2529/875/1261 2531/748/1261 2532/877/1261
f 2533/877/1262 2534/879/1262 2535/880/1262
f 2533/877/1262 2535/880/1262 2536/878/1263
s 0
f 2537/877/1264 2538/748/1264 2539/750/1264
f 2537/877/1265 2539/750/1265 2540/879/1265
s 1
f 2541/879/1266 2542/881/1267 2543/882/1268
f 2541/879/1266 2543/882/1268 2544/880/1266
f 2545/879/1269 2546/750/1269 2547/752/1270
f 2545/879/1269 2547/752/1270 2548/881/1270
f 2549/881/1271 2550/883/1272 2551/884/1273
f 2549/881/1271 2551/884/1273 2552/882/1274
f 2553/881/1275 2554/752/1276 2555/885/1277
f 2553/881/1275 2555/885/1277 2556/883/1277
f 2557/885/1278 2558/886/1279 2559/887/1278
f 2557/885/1278 2559/887/1278 2560/883/1278
f 2561/885/1280 2562/755/1281 2563/888/1281
f 2561/885/1280 2563/888/1281 2564/886/1282
f 2565/885/1283 2566/752/1283 2567/751/1283
s 0
f 2565/885/1284 2567/751/1284 2568/755/1284
s 1
f 2569/888/1285 2570/889/1286 2571/890/1287
f 2569/888/1285 2571/890/1287 2572/886/1286
f 2573/888/1288 2574/758/1289 2575/891/1289
f 2573/888/1288 2575/891/1289 2576/889/1290
f 2577/888/1291 2578/755/1291 2579/754/1292
f 2577/888/1291 2579/754/1292 2580/758/1291
f 2581/891/1293 2582/892/1294 2583/893/1295
f 2581/891/1293 2583/893/1295 2584/889/1296
f 2585/891/1297 2586/894/1298 2587/895/1298
f 2585/891/1297 2587/895/1298 2588/892/1298
f 2589/891/1299 2590/758/1300 2591/757/1301
f 2589/891/1299 2591/757/1301 2592/894/1302
f 2593/894/1303 2594/764/1304 2595/766/1305
f 2593/894/1303 2595/766/1305 2596/895/1304
f 2597/894/1306 2598/757/1307 2599/760/1308
f 2597/894/1306 2599/760/1308 2600/764/1309
f 2601/895/1310 2602/771/1310 2603/896/1311
f 2601/895/1310 2603/896/1311 2604/892/1310
f 2605/895/1312 2606/766/1313 2607/768/1314
f 2605/895/1312 2607/768/1314 2608/771/1313
f 2609/896/1315 2610/897/1315 2611/893/1315
f 2609/896/1315 2611/893/1315 2612/892/1315
f 2613/896/1316 2614/898/1316 2615/899/1316
f 2613/896/1316 2615/899/1316 2616/897/1316
f 2617/896/1317 2618/771/1318 2619/770/1317
f 2617/896/1317 2619/770/1317 2620/898/1318
f 2621/898/1319 2622/900/1320 2623/901/1319
f 2621/898/1319 2623/901/1319 2624/899/1319
f 2625/898/1321 2626/770/1322 2627/773/1323
f 2625/898/1321 2627/773/1323 2628/900/1321
f 2629/900/1324 2630/902/1324 2631/903/1325
f 2629/900/1324 2631/903/1325 2632/901/1325
f 2633/900/1326 2634/773/1327 2635/775/1327
f 2633/900/1326 2635/775/1327 2636/902/1326
f 2637/904/1328 2638/779/1328 2639/778/1328
f 2637/904/1328 2639/778/1328 2640/905/1328
f 2641/904/1329 2642/905/1329 2643/906/1329
f 2641/904/1329 2643/906/1329 2644/907/1329
f 2645/906/1330 2646/905/1330 2647/784/1330
f 2645/906/1330 2647/784/1330 2648/908/1331
f 2649/906/1332 2650/909/1333 2651/910/1332
f 2649/906/1332 2651/910/1332 2652/907/1332
f 2653/906/1334 2654/908/1335 2655/911/1335
f 2653/906/1334 2655/911/1335 2656/909/1334
f 2657/911/1336 2658/908/1337 2659/787/1336
f 2657/911/1336 2659/787/1336 2660/912/1337
f 2661/911/1338 2662/913/1339 2663/914/1340
f 2661/911/1338 2663/914/1340 2664/909/1340
f 2665/911/1341 2666/912/1341 2667/915/1341
f 2665/911/1341 2667/915/1341 2668/913/1341
f 2669/915/1342 2670/912/1343 2671/790/1342
f 2669/915/1342 2671/790/1342 2672/916/1342
f 2673/915/1344 2674/917/1344 2675/918/1344
f 2673/915/1344 2675/918/1344 2676/913/1344
f 2677/915/1345 2678/916/1346 2679/919/1346
f 2677/915/1345 2679/919/1346 2680/917/1345
f 2681/919/1347 2682/916/1347 2683/793/1347
f 2681/919/1347 2683/793/1347 2684/920/1347
f 2685/919/1348 2686/921/1349 2687/922/1350
f 2685/919/1348 2687/922/1350 2688/917/1351
f 2689/919/1352 2690/920/1352 2691/923/1352
f 2689/919/1352 2691/923/1352 2692/921/1352
f 2693/923/1353 2694/920/1354 2695/796/1354
f 2693/923/1353 2695/796/1354 2696/924/1355
f 2697/923/1356 2698/925/1356 2699/926/1357
f 2697/923/1356 2699/926/1357 2700/921/1358
f 2701/923/1359 2702/924/1359 2703/927/1359
f 2701/923/1359 2703/927/1359 2704/925/1360
f 2705/927/1361 2706/924/1362 2707/799/1362
f 2705/927/1361 2707/799/1362 2708/928/1362
f 2709/927/1363 2710/929/1363 2711/930/1363
f 2709/927/1363 2711/930/1363 2712/925/1363
f 2713/927/1364 2714/928/1365 2715/931/1365
f 2713/927/1364 2715/931/1365 2716/929/1365
f 2717/931/1366 2718/928/1366 2719/802/1366
f 2717/931/1366 2719/802/1366 2720/932/1366
f 2721/931/1367 2722/933/1367 2723/934/1367
f 2721/931/1367 2723/934/1367 2724/929/1367
f 2725/931/1368 2726/932/1369 2727/935/1369
f 2725/931/1368 2727/935/1369 2728/933/1368
f 2729/935/1370 2730/932/1370 2731/936/1371
f 2729/935/1370 2731/936/1371 2732/937/1371
f 2733/938/1372 2734/939/1372 2735/940/1372
f 2733/938/1372 2735/940/1372 2736/941/1372
f 2737/938/1373 2738/942/1374 2739/943/1374
f 2737/938/1373 2739/943/1374 2740/939/1374
f 2741/943/1375 2742/942/1375 2743/944/1375
f 2741/943/1375 2743/944/1375 2744/945/1376
f 2745/943/1377 2746/946/1378 2747/947/1378
f 2745/943/1377 2747/947/1378 2748/939/1379
f 2749/943/1380 2750/945/1381 2751/948/1381
f 2749/943/1380 2751/948/1381 2752/946/1381
f 2753/948/1382 2754/945/1383 2755/826/1382
f 2753/948/1382 2755/826/1382 2756/949/1383
f 2757/948/1384 2758/876/1384 2759/878/1384
f 2757/948/1384 2759/878/1384 2760/946/1384
f 2761/948/1385 2762/949/1385 2763/874/1385
f 2761/948/1385 2763/874/1385 2764/876/1385
f 2765/949/1386 2766/826/1386 2767/825/1386
f 2765/949/1386 2767/825/1386 2768/831/1387
f 2769/949/1388 2770/831/1388 2771/833/1388
f 2769/949/1388 2771/833/1388 2772/874/1388
f 2773/946/1389 2774/878/1389 2775/880/1389
f 2773/946/1389 2775/880/1389 2776/947/1389
f 2777/947/1390 2778/950/1390 2779/940/1391
f 2777/947/1390 2779/940/1391 2780/939/1392
s 0
f 2781/947/1393 2782/880/1393 2783/882/1393
f 2781/947/1394 2783/882/1394 2784/950/1394
s 1
f 2785/950/1395 2786/951/1395 2787/952/1395
f 2785/950/1395 2787/952/1395 2788/940/1395
f 2789/950/1396 2790/882/1396 2791/884/1396
f 2789/950/1396 2791/884/1396 2792/951/1397
f 2793/951/1398 2794/953/1399 2795/954/1399
f 2793/951/1398 2795/954/1399 2796/952/1398
f 2797/951/1400 2798/884/1401 2799/955/1402
f 2797/951/1400 2799/955/1402 2800/953/1400
f 2801/955/1403 2802/956/1403 2803/957/1403
f 2801/955/1403 2803/957/1403 2804/953/1404
f 2805/955/1405 2806/887/1405 2807/958/1405
s 0
f 2805/955/1406 2807/958/1406 2808/956/1406
f 2809/955/1407 2810/884/1407 2811/883/1407
f 2809/955/1408 2811/883/1408 2812/887/1408
s 1
f 2813/958/1409 2814/959/1410 2815/960/1410
f 2813/958/1409 2815/960/1410 2816/956/1410
f 2817/958/1411 2818/890/1411 2819/961/1411
f 2817/958/1411 2819/961/1411 2820/959/1411
f 2821/958/1412 2822/887/1413 2823/886/1414
f 2821/958/1412 2823/886/1414 2824/890/1412
f 2825/961/1415 2826/962/1416 2827/963/1417
f 2825/961/1415 2827/963/1417 2828/959/1416
f 2829/961/1418 2830/893/1418 2831/897/1418
f 2829/961/1418 2831/897/1418 2832/962/1418
f 2833/961/1419 2834/890/1420 2835/889/1421
f 2833/961/1419 2835/889/1421 2836/893/1420
f 2837/962/1422 2838/964/1422 2839/965/1422
f 2837/962/1422 2839/965/1422 2840/963/1422
f 2841/962/1423 2842/897/1424 2843/899/1425
f 2841/962/1423 2843/899/1425 2844/964/1426
f 2845/964/1427 2846/490/1427 2847/489/1427
f 2845/964/1427 2847/489/1427 2848/965/1428
f 2849/964/1429 2850/899/1430 2851/901/1429
f 2849/964/1429 2851/901/1429 2852/490/1429
f 2853/965/1431 2854/966/1432 2855/967/1432
f 2853/965/1431 2855/967/1432 2856/963/1432
f 2857/965/1433 2858/489/1434 2859/495/1434
f 2857/965/1433 2859/495/1434 2860/966/1434
f 2861/966/1435 2862/968/1435 2863/969/1435
f 2861/966/1435 2863/969/1435 2864/967/1436
f 2865/966/1437 2866/495/1438 2867/494/1439
f 2865/966/1437 2867/494/1439 2868/968/1438
f 2869/968/1440 2870/970/1440 2871/971/1441
f 2869/968/1440 2871/971/1441 2872/969/1442
f 2873/968/1443 2874/494/1443 2875/493/1444
f 2873/968/1443 2875/493/1444 2876/970/1445
f 2877/972/1446 2878/973/1446 2879/974/1447
f 2877/972/1446 2879/974/1447 2880/975/1448
f 2881/972/1449 2882/976/1450 2883/491/1451
f 2881/972/1449 2883/491/1451 2884/973/1449
f 2885/973/1452 2886/977/1453 2887/978/1453
f 2885/973/1452 2887/978/1453 2888/974/1453
f 2889/973/1454 2890/491/1455 2891/486/1454
f 2889/973/1454 2891/486/1454 2892/977/1454
f 2893/977/1456 2894/979/1457 2895/980/1458
f 2893/977/1456 2895/980/1458 2896/978/1458
f 2897/977/1459 2898/486/1459 2899/485/1459
f 2897/977/1459 2899/485/1459 2900/979/1459
f 2901/979/1460 2902/981/1460 2903/982/1461
f 2901/979/1460 2903/982/1461 2904/980/1462
f 2905/979/1463 2906/485/1464 2907/983/1463
f 2905/979/1463 2907/983/1463 2908/981/1463
f 2909/981/1465 2910/984/1465 2911/918/1465
f 2909/981/1465 2911/918/1465 2912/982/1465
f 2913/981/1466 2914/983/1467 2915/985/1467
f 2913/981/1466 2915/985/1467 2916/984/1467
f 2917/984/1468 2918/914/1468 2919/913/1468
f 2917/984/1468 2919/913/1468 2920/918/1468
f 2921/984/1469 2922/985/1470 2923/986/1469
f 2921/984/1469 2923/986/1469 2924/914/1470
f 2925/982/1471 2926/918/1471 2927/917/1471
f 2925/982/1471 2927/917/1471 2928/922/1471
f 2929/982/1472 2930/922/1472 2931/987/1472
f 2929/982/1472 2931/987/1472 2932/980/1473
f 2933/987/1474 2934/922/1474 2935/921/1474
f 2933/987/1474 2935/921/1474 2936/926/1474
f 2937/987/1475 2938/988/1475 2939/978/1475
f 2937/987/1475 2939/978/1475 2940/980/1476
f 2941/987/1477 2942/926/1477 2943/989/1478
f 2941/987/1477 2943/989/1478 2944/988/1477
f 2945/989/1479 2946/926/1480 2947/925/1481
f 2945/989/1479 2947/925/1481 2948/930/1480
f 2949/989/1482 2950/990/1483 2951/991/1482
f 2949/989/1482 2951/991/1482 2952/988/1482
f 2953/989/1484 2954/930/1484 2955/992/1484
f 2953/989/1484 2955/992/1484 2956/990/1484
f 2957/992/1485 2958/930/1485 2959/929/1485
f 2957/992/1485 2959/929/1485 2960/934/1485
f 2961/993/1486 2962/954/1487 2963/994/1488
f 2961/993/1486 2963/994/1488 2964/995/1487
f 2965/993/1489 2966/996/1489 2967/952/1489
f 2965/993/1489 2967/952/1489 2968/954/1489
f 2969/997/1490 2970/998/1491 2971/999/1492
f 2969/997/1490 2971/999/1492 2972/1000/1490
f 2973/1001/1493 2974/1002/1494 2975/1003/1493
f 2973/1001/1493 2975/1003/1493 2976/1004/1493
f 2977/994/1495 2978/954/1495 2979/953/1495
f 2977/994/1495 2979/953/1495 2980/957/1496
f 2981/1005/1497 2982/969/1497 2983/971/1497
f 2981/1005/1497 2983/971/1497 2984/1006/1497
f 2985/1005/1498 2986/960/1499 2987/967/1499
f 2985/1005/1498 2987/967/1499 2988/969/1499
f 2989/1005/1500 2990/957/1500 2991/956/1500
f 2989/1005/1500 2991/956/1500 2992/960/1500
f 2993/1007/1501 2994/975/1502 2995/974/1502
f 2993/1007/1501 2995/974/1502 2996/991/1501
f 2997/991/1503 2998/974/1504 2999/978/1503
f 2997/991/1503 2999/978/1503 3000/988/1503
f 3001/967/1505 3002/960/1506 3003/959/1506
f 3001/967/1505 3003/959/1506 3004/963/1507
f 3005/952/1508 3006/996/1508 3007/941/1509
f 3005/952/1508 3007/941/1509 3008/940/1509
f 3009/945/1510 3010/944/1511 3011/827/1511
f 3009/945/1510 3011/827/1511 3012/826/1511
f 3013/1008/1512 3014/1009/1513 3015/820/1514
f 3013/1008/1512 3015/820/1514 3016/819/1515
f 3017/932/1516 3018/802/1516 3019/801/1516
f 3017/932/1516 3019/801/1516 3020/936/1516
f 3021/928/1517 3022/799/1517 3023/798/1517
f 3021/928/1517 3023/798/1517 3024/802/1517
f 3025/924/1518 3026/796/1519 3027/795/1519
f 3025/924/1518 3027/795/1519 3028/799/1519
f 3029/920/1520 3030/793/1520 3031/792/1520
f 3029/920/1520 3031/792/1520 3032/796/1520
f 3033/916/1521 3034/790/1521 3035/789/1522
f 3033/916/1521 3035/789/1522 3036/793/1521
f 3037/914/1523 3038/986/1523 3039/910/1523
f 3037/914/1523 3039/910/1523 3040/909/1523
f 3041/912/1524 3042/787/1525 3043/786/1526
f 3041/912/1524 3043/786/1526 3044/790/1525
f 3045/908/1527 3046/784/1528 3047/783/1528
f 3045/908/1527 3047/783/1528 3048/787/1527
f 3049/905/1529 3050/778/1529 3051/781/1530
f 3049/905/1529 3051/781/1530 3052/784/1529
f 3053/859/1531 3054/689/1532 3055/688/1531
f 3053/859/1531 3055/688/1531 3056/694/1532
f 3057/859/1533 3058/854/1534 3059/853/1534
f 3057/859/1533 3059/853/1534 3060/689/1534
f 3061/853/1535 3062/684/1535 3063/683/1536
f 3061/853/1535 3063/683/1536 3064/689/1535
f 3065/853/1537 3066/852/1537 3067/1010/1538
f 3065/853/1537 3067/1010/1538 3068/684/1538
f 3069/1010/1539 3070/1011/1540 3071/681/1540
f 3069/1010/1539 3071/681/1540 3072/684/1539
f 3073/846/1541 3074/842/1542 3075/841/1542
f 3073/846/1541 3075/841/1542 3076/1012/1541
f 3077/841/1543 3078/508/1543 3079/674/1543
f 3077/841/1543 3079/674/1543 3080/1012/1543
f 3081/841/1544 3082/837/1545 3083/509/1545
f 3081/841/1544 3083/509/1545 3084/508/1544
f 3085/696/1546 3086/1013/1546 3087/628/1547
f 3085/696/1546 3087/628/1547 3088/1014/1546
f 3089/696/1548 3090/692/1549 3091/691/1549
f 3089/696/1548 3091/691/1549 3092/1013/1549
f 3093/696/1550 3094/1014/1551 3095/541/1550
f 3093/696/1550 3095/541/1550 3096/697/1551
f 3097/1013/1552 3098/633/1553 3099/629/1553
f 3097/1013/1552 3099/629/1553 3100/628/1553
f 3101/1013/1554 3102/691/1555 3103/1015/1554
f 3101/1013/1554 3103/1015/1554 3104/633/1554
f 3105/1015/1556 3106/691/1557 3107/687/1557
f 3105/1015/1556 3107/687/1557 3108/686/1556
f 3109/1015/1558 3110/638/1558 3111/634/1558
f 3109/1015/1558 3111/634/1558 3112/633/1558
f 3113/1015/1559 3114/686/1559 3115/529/1559
f 3113/1015/1559 3115/529/1559 3116/638/1560
f 3117/1014/1561 3118/623/1562 3119/542/1563
f 3117/1014/1561 3119/542/1563 3120/541/1562
f 3121/1014/1564 3122/628/1565 3123/624/1566
f 3121/1014/1564 3123/624/1566 3124/623/1565
f 3125/686/1567 3126/682/1568 3127/523/1568
f 3125/686/1567 3127/523/1568 3128/529/1567
f 3129/674/1569 3130/508/1570 3131/507/1571
f 3129/674/1569 3131/507/1571 3132/668/1570
f 3133/672/1572 3134/1016/1572 3135/661/1572
f 3133/672/1572 3135/661/1572 3136/526/1572
f 3137/654/1573 3138/1017/1573 3139/665/1573
f 3137/654/1573 3139/665/1573 3140/511/1574
f 3141/638/1575 3142/529/1575 3143/528/1575
f 3141/638/1575 3143/528/1575 3144/639/1576
f 3145/623/1577 3146/619/1578 3147/543/1579
f 3145/623/1577 3147/543/1579 3148/542/1580
f 3149/614/1581 3150/538/1581 3151/543/1582
f 3149/614/1581 3151/543/1582 3152/615/1583
f 3153/604/1584 3154/600/1584 3155/516/1585
f 3153/604/1584 3155/516/1585 3156/518/1584
f 3157/595/1586 3158/514/1587 3159/513/1587
f 3157/595/1586 3159/513/1587 3160/596/1587
f 3161/575/1588 3162/535/1588 3163/534/1589
f 3161/575/1588 3163/534/1589 3164/570/1588
f 3165/562/1590 3166/533/1591 3167/532/1592
f 3165/562/1590 3167/532/1592 3168/563/1591
f 3169/1018/1593 3170/490/1593 3171/901/1594
f 3169/1018/1593 3171/901/1594 3172/903/1594
f 3173/1019/1595 3174/1020/1596 3175/1021/1596
f 3173/1019/1595 3175/1021/1596 3176/1022/1596
f 3177/1020/1597 3178/1019/1597 3179/1023/1598
f 3177/1020/1597 3179/1023/1598 3180/1024/1597
f 3181/650/1599 3182/656/1600 3183/1025/1599
f 3181/650/1599 3183/1025/1599 3184/651/1599
f 3185/1026/1601 3186/1027/1601 3187/666/1602
f 3185/1026/1601 3187/666/1602 3188/664/1603
f 3189/1026/1604 3190/664/1604 3191/663/1605
f 3189/1026/1604 3191/663/1605 3192/1028/1604
f 3193/663/1606 3194/665/1607 3195/1029/1607
f 3193/663/1606 3195/1029/1607 3196/1028/1608
f 3197/1030/1609 3198/1031/1609 3199/1032/1609
f 3197/1030/1609 3199/1032/1609 3200/1033/1610
f 3201/667/1611 3202/666/1612 3203/1034/1611
f 3201/667/1611 3203/1034/1611 3204/669/1613
f 3205/662/1614 3206/661/1614 3207/1016/1614
f 3205/662/1614 3207/1016/1614 3208/1035/1614
