# Blender 4.5.4 LTS
# www.blender.org
mtllib left_wing_black.mtl
o 1.003
v 18.568520 -0.360527 -40.802910
v 20.352449 0.212054 -42.852341
v 21.549021 0.589712 -42.190643
v 20.635500 0.452687 -39.460938
v 18.568520 -0.360527 -40.802910
v 19.106020 -0.519022 -44.597031
v 20.476360 -0.034439 -44.681511
v 20.352449 0.212054 -42.852341
v 18.568520 -0.360527 -40.802910
v 20.635500 0.452687 -39.460938
v 19.024521 0.335529 -35.208641
v 15.809310 0.059482 -35.813423
v 5.432740 0.166734 0.411898
v 2.401690 -0.266149 7.921993
v 1.536830 -0.287978 3.333382
v 3.494530 0.102026 -1.864184
v 5.432740 0.166734 0.411898
v 9.131430 0.030225 8.095695
v 8.436020 -0.117839 10.080784
v 2.401690 -0.266149 7.921993
v 5.432740 0.166734 0.411898
v 3.494530 0.102026 -1.864184
v 4.850510 -0.139437 -9.903881
v 6.079710 -0.029275 -9.490897
v 5.432740 0.166734 0.411898
v 6.079710 -0.029275 -9.490897
v 7.799650 0.134673 -9.535077
v 8.400460 0.376351 -1.355037
v 5.432740 0.166734 0.411898
v 8.400460 0.376351 -1.355037
v 11.428720 0.204955 4.747056
v 9.131430 0.030225 8.095695
v 4.093520 -0.042912 -1.303639
v 3.494530 0.102026 -1.864184
v 1.536830 -0.287978 3.333382
v 1.650850 -0.407707 3.892063
v 4.093520 -0.042912 -1.303639
v 3.537370 -0.326966 7.463209
v 6.074870 -0.046220 3.922294
v 6.015030 0.093108 -2.883472
v 4.093520 -0.042912 -1.303639
v 1.650850 -0.407707 3.892063
v 2.054290 -0.395498 9.935182
v 3.537370 -0.326966 7.463209
v 0.340500 -0.460844 3.115903
v 1.650850 -0.407707 3.892063
v 1.536830 -0.287978 3.333382
v 21.167761 0.443649 -43.540283
v 20.352449 0.212054 -42.852341
v 20.476360 -0.034439 -44.681511
v 21.262030 0.369771 -44.300385
v 21.167761 0.443649 -43.540283
v 22.344160 0.957289 -43.244865
v 21.549021 0.589712 -42.190643
v 20.352449 0.212054 -42.852341
v 21.167761 0.443649 -43.540283
v 21.262030 0.369771 -44.300385
v 22.546619 0.921543 -44.645363
v 22.344160 0.957289 -43.244865
v 22.546619 0.921543 -44.645363
v 22.894489 0.860076 -44.885574
v 24.875879 1.560366 -42.726906
v 24.957100 1.877489 -43.115082
v 22.546619 0.921543 -44.645363
v 24.957100 1.877489 -43.115082
v 24.535830 1.527457 -42.330185
v 22.344160 0.957289 -43.244865
v 22.546619 0.921543 -44.645363
v 21.407310 -0.056136 -47.255310
v 21.874760 -0.050846 -47.724701
v 22.894489 0.860076 -44.885574
v 22.546619 0.921543 -44.645363
v 21.262030 0.369771 -44.300385
v 20.476360 -0.034439 -44.681511
v 21.407310 -0.056136 -47.255310
v 21.407310 -0.056136 -47.255310
v 20.476360 -0.034439 -44.681511
v 19.106020 -0.519022 -44.597031
v 20.017111 -0.722754 -47.976051
v 16.961269 -2.039934 -54.944839
v 16.534630 -2.134530 -55.382446
v 17.066071 -2.162739 -56.468109
v 17.699051 -1.977944 -55.263512
v 16.961269 -2.039934 -54.944839
v 16.829180 -1.944106 -53.924332
v 16.180519 -2.021960 -54.042526
v 16.534630 -2.134530 -55.382446
v 16.961269 -2.039934 -54.944839
v 17.699051 -1.977944 -55.263512
v 18.047480 -1.806218 -53.874199
v 16.829180 -1.944106 -53.924332
v 8.525980 0.167656 0.603757
v 8.269150 0.239602 -3.677134
v 6.015030 0.093108 -2.883472
v 6.074870 -0.046220 3.922294
v 8.525980 0.167656 0.603757
v 11.473580 0.401420 -3.248762
v 8.269150 0.239602 -3.677134
v 8.525980 0.167656 0.603757
v 6.074870 -0.046220 3.922294
v 8.600650 -0.121086 8.218932
v 16.873529 -2.216456 -55.349220
v 16.927731 -2.100282 -54.354141
v 18.057159 -2.003448 -54.776604
v 17.482969 -2.176886 -55.912827
v 16.873529 -2.216456 -55.349220
v 16.458851 -2.281563 -55.580605
v 16.221460 -2.150081 -54.193573
v 16.927731 -2.100282 -54.354141
v 16.873529 -2.216456 -55.349220
v 17.482969 -2.176886 -55.912827
v 16.749540 -2.321919 -56.972511
v 16.458851 -2.281563 -55.580605
v 19.253241 0.194832 -36.005836
v 17.558729 -0.591628 -41.367699
v 14.586660 -0.802320 -41.120224
v 13.405910 -0.219731 -35.809280
v 19.253241 0.194832 -36.005836
v 13.405910 -0.219731 -35.809280
v 12.598800 0.337339 -30.513779
v 19.253241 0.194832 -36.005836
v 22.433380 0.603160 -39.423058
v 20.233040 0.068529 -42.601295
v 17.558729 -0.591628 -41.367699
v 20.233040 0.068529 -42.601295
v 21.886709 0.649444 -44.015762
v 20.990330 -0.318075 -47.279747
v 19.208790 -0.859913 -46.515266
v 20.233040 0.068529 -42.601295
v 19.208790 -0.859913 -46.515266
v 16.374020 -1.214396 -46.040131
v 17.558729 -0.591628 -41.367699
v 20.233040 0.068529 -42.601295
v 22.433380 0.603160 -39.423058
v 23.739820 1.018958 -41.550415
v 21.886709 0.649444 -44.015762
v 23.739820 1.018958 -41.550415
v 22.433380 0.603160 -39.423058
v 26.719540 1.241191 -37.714584
v 27.503500 1.591004 -39.811340
v 23.739820 1.018958 -41.550415
v 27.503500 1.591004 -39.811340
v 27.907209 1.761465 -41.183159
v 24.875879 1.560366 -42.726906
v 23.739820 1.018958 -41.550415
v 24.875879 1.560366 -42.726906
v 22.894489 0.860076 -44.885574
v 21.886709 0.649444 -44.015762
v 27.907209 1.761465 -41.183159
v 27.503500 1.591004 -39.811340
v 33.187840 1.999640 -39.097610
v 33.589851 2.059027 -40.758842
v 27.907209 1.761465 -41.183159
v 33.589851 2.059027 -40.758842
v 33.864681 2.137772 -42.244415
v 28.235250 2.090424 -42.439522
v 27.907209 1.761465 -41.183159
v 28.235250 2.090424 -42.439522
v 24.957100 1.877489 -43.115082
v 24.875879 1.560366 -42.726906
v 28.235250 2.090424 -42.439522
v 33.864681 2.137772 -42.244415
v 34.019531 2.191503 -40.979378
v 28.279970 1.891094 -41.259041
v 28.235250 2.090424 -42.439522
v 28.279970 1.891094 -41.259041
v 24.535830 1.527457 -42.330185
v 24.957100 1.877489 -43.115082
v 28.279970 1.891094 -41.259041
v 34.019531 2.191503 -40.979378
v 34.071190 2.164661 -39.317741
v 28.211580 1.805380 -39.947144
v 28.279970 1.891094 -41.259041
v 28.211580 1.805380 -39.947144
v 23.991150 1.167599 -41.151947
v 24.535830 1.527457 -42.330185
v 23.991150 1.167599 -41.151947
v 21.549021 0.589712 -42.190643
v 22.344160 0.957289 -43.244865
v 24.535830 1.527457 -42.330185
v 23.991150 1.167599 -41.151947
v 28.211580 1.805380 -39.947144
v 28.080790 1.617197 -38.165321
v 23.329201 0.875154 -39.200638
v 23.991150 1.167599 -41.151947
v 23.329201 0.875154 -39.200638
v 20.635500 0.452687 -39.460938
v 21.549021 0.589712 -42.190643
v 23.329201 0.875154 -39.200638
v 28.080790 1.617197 -38.165321
v 27.366980 1.458574 -34.023911
v 22.401979 0.939439 -35.105026
v 23.329201 0.875154 -39.200638
v 22.401979 0.939439 -35.105026
v 19.024521 0.335529 -35.208641
v 20.635500 0.452687 -39.460938
v 22.401979 0.939439 -35.105026
v 16.533131 0.722267 -30.111708
v 19.024521 0.335529 -35.208641
v 16.533131 0.722267 -30.111708
v 15.809310 0.059482 -35.813423
v 19.024521 0.335529 -35.208641
v 16.533131 0.722267 -30.111708
v 13.895320 0.819543 -24.073942
v 10.086160 0.492264 -25.031214
v 11.893770 0.381326 -30.724937
v 10.086160 0.492264 -25.031214
v 7.750910 0.188897 -25.674103
v 9.598890 0.035759 -31.021793
v 11.893770 0.381326 -30.724937
v 10.086160 0.492264 -25.031214
v 11.578540 0.581166 -17.371058
v 8.502000 0.257373 -18.179337
v 10.086160 0.492264 -25.031214
v 8.502000 0.257373 -18.179337
v 6.662600 0.070392 -18.703753
v 7.750910 0.188897 -25.674103
v 6.662600 0.070392 -18.703753
v 5.209870 -0.103748 -19.170755
v 6.176190 -0.181903 -26.280737
v 7.750910 0.188897 -25.674103
v 6.662600 0.070392 -18.703753
v 8.502000 0.257373 -18.179337
v 7.799650 0.134673 -9.535077
v 6.079710 -0.029275 -9.490897
v 6.662600 0.070392 -18.703753
v 6.079710 -0.029275 -9.490897
v 4.850510 -0.139437 -9.903881
v 5.209870 -0.103748 -19.170755
v 6.176190 -0.181903 -26.280737
v 6.688200 0.096287 -25.952406
v 8.317780 0.002090 -31.154036
v 7.971830 -0.333385 -31.187014
v 6.176190 -0.181903 -26.280737
v 7.971830 -0.333385 -31.187014
v 9.598890 0.035759 -31.021793
v 7.750910 0.188897 -25.674103
v 6.176190 -0.181903 -26.280737
v 5.209870 -0.103748 -19.170755
v 5.512260 -0.158055 -19.048264
v 6.688200 0.096287 -25.952406
v 5.512260 -0.158055 -19.048264
v 6.998430 -0.009341 -18.543869
v 8.469500 0.244137 -25.358240
v 6.688200 0.096287 -25.952406
v 5.512260 -0.158055 -19.048264
v 5.209870 -0.103748 -19.170755
v 4.850510 -0.139437 -9.903881
v 5.329900 -0.237615 -10.017697
v 5.512260 -0.158055 -19.048264
v 5.329900 -0.237615 -10.017697
v 6.712050 -0.109770 -10.287692
v 6.998430 -0.009341 -18.543869
v 6.712050 -0.109770 -10.287692
v 8.790640 0.125640 -10.307119
v 8.801900 0.165933 -18.022043
v 6.998430 -0.009341 -18.543869
v 6.712050 -0.109770 -10.287692
v 5.329900 -0.237615 -10.017697
v 4.093520 -0.042912 -1.303639
v 6.015030 0.093108 -2.883472
v 6.712050 -0.109770 -10.287692
v 6.015030 0.093108 -2.883472
v 8.269150 0.239602 -3.677134
v 8.790640 0.125640 -10.307119
v 8.801900 0.165933 -18.022043
v 10.922850 0.456375 -24.740828
v 8.469500 0.244137 -25.358240
v 6.998430 -0.009341 -18.543869
v 8.801900 0.165933 -18.022043
v 8.790640 0.125640 -10.307119
v 11.961270 0.513780 -9.817723
v 13.354480 0.674291 -16.984589
v 11.961270 0.513780 -9.817723
v 8.790640 0.125640 -10.307119
v 8.269150 0.239602 -3.677134
v 11.473580 0.401420 -3.248762
v 23.548140 0.315647 3.383943
v 16.322380 0.029944 8.715150
v 23.866751 0.145528 7.770080
v 23.548140 0.315647 3.383943
v 23.866751 0.145528 7.770080
v 31.014250 0.259510 6.686590
v 30.781691 1.676933 -32.637283
v 37.265701 1.527494 -31.771448
v 39.206551 1.648924 -35.797867
v 32.485420 1.890148 -36.890427
v 30.781691 1.676933 -32.637283
v 32.485420 1.890148 -36.890427
v 26.719540 1.241191 -37.714584
v 32.485420 1.890148 -36.890427
v 39.206551 1.648924 -35.797867
v 40.227161 1.741688 -38.096230
v 33.187840 1.999640 -39.097610
v 32.485420 1.890148 -36.890427
v 33.187840 1.999640 -39.097610
v 27.503500 1.591004 -39.811340
v 26.719540 1.241191 -37.714584
v 40.227161 1.741688 -38.096230
v 39.206551 1.648924 -35.797867
v 45.754879 1.651755 -32.856453
v 47.222519 1.703213 -34.748497
v 40.227161 1.741688 -38.096230
v 47.222519 1.703213 -34.748497
v 48.421680 1.758038 -36.141098
v 40.921619 1.823520 -39.872116
v 40.227161 1.741688 -38.096230
v 40.921619 1.823520 -39.872116
v 33.589851 2.059027 -40.758842
v 33.187840 1.999640 -39.097610
v 40.921619 1.823520 -39.872116
v 48.421680 1.758038 -36.141098
v 49.533089 1.861949 -37.307533
v 41.498791 1.941061 -41.475273
v 40.921619 1.823520 -39.872116
v 41.498791 1.941061 -41.475273
v 33.864681 2.137772 -42.244415
v 33.589851 2.059027 -40.758842
v 41.498791 1.941061 -41.475273
v 49.533089 1.861949 -37.307533
v 49.020741 1.892216 -36.416840
v 41.350262 1.966642 -40.182014
v 41.498791 1.941061 -41.475273
v 41.350262 1.966642 -40.182014
v 34.019531 2.191503 -40.979378
v 33.864681 2.137772 -42.244415
v 41.350262 1.966642 -40.182014
v 49.020741 1.892216 -36.416840
v 48.078892 1.832809 -34.950127
v 41.007030 1.902472 -38.361572
v 41.350262 1.966642 -40.182014
v 41.007030 1.902472 -38.361572
v 34.071190 2.164661 -39.317741
v 34.019531 2.191503 -40.979378
v 41.007030 1.902472 -38.361572
v 48.078892 1.832809 -34.950127
v 47.008770 1.763056 -33.144432
v 40.446190 1.830162 -36.144310
v 41.007030 1.902472 -38.361572
v 40.446190 1.830162 -36.144310
v 33.912811 1.939566 -37.255798
v 34.071190 2.164661 -39.317741
v 33.912811 1.939566 -37.255798
v 28.080790 1.617197 -38.165321
v 28.211580 1.805380 -39.947144
v 34.071190 2.164661 -39.317741
v 33.912811 1.939566 -37.255798
v 40.446190 1.830162 -36.144310
v 39.275211 1.728317 -32.388596
v 33.212341 1.729740 -33.262062
v 33.912811 1.939566 -37.255798
v 27.366980 1.458574 -34.023911
v 28.080790 1.617197 -38.165321
v 9.288670 0.321064 -9.418679
v 7.799650 0.134673 -9.535077
v 8.502000 0.257373 -18.179337
v 11.578540 0.581166 -17.371058
v 9.288670 0.321064 -9.418679
v 11.502770 0.513968 -2.483391
v 8.400460 0.376351 -1.355037
v 7.799650 0.134673 -9.535077
v 23.632240 0.436554 3.653645
v 31.071091 0.385963 6.790676
v 24.064659 0.275802 7.790087
v 23.632240 0.436554 3.653645
v 24.064659 0.275802 7.790087
v 17.290939 0.241447 6.982271
v 24.064659 0.275802 7.790087
v 31.071091 0.385963 6.790676
v 31.448151 0.321449 8.432755
v 24.273560 0.206127 9.531487
v 24.064659 0.275802 7.790087
v 24.273560 0.206127 9.531487
v 16.670300 0.090824 10.595468
v 17.290939 0.241447 6.982271
v 16.670300 0.090824 10.595468
v 9.131430 0.030225 8.095695
v 11.428720 0.204955 4.747056
v 17.290939 0.241447 6.982271
v 16.670300 0.090824 10.595468
v 24.273560 0.206127 9.531487
v 24.473440 0.146584 10.929992
v 16.477690 0.023027 12.118893
v 16.670300 0.090824 10.595468
v 16.477690 0.023027 12.118893
v 8.436020 -0.117839 10.080784
v 9.131430 0.030225 8.095695
v 16.477690 0.023027 12.118893
v 24.473440 0.146584 10.929992
v 24.288549 0.122993 11.416596
v 16.406679 0.063271 11.491463
v 16.477690 0.023027 12.118893
v 16.406679 0.063271 11.491463
v 7.604720 -0.228956 11.289219
v 8.436020 -0.117839 10.080784
v 7.604720 -0.228956 11.289219
v 1.197540 -0.300580 10.083085
v 2.401690 -0.266149 7.921993
v 8.436020 -0.117839 10.080784
v 7.604720 -0.228956 11.289219
v 16.406679 0.063271 11.491463
v 16.337629 -0.090357 11.376656
v 7.136590 -0.429256 11.831596
v 7.604720 -0.228956 11.289219
v 7.136590 -0.429256 11.831596
v 1.202140 -0.431034 10.420850
v 1.197540 -0.300580 10.083085
v 7.136590 -0.429256 11.831596
v 16.337629 -0.090357 11.376656
v 16.384319 -0.054812 10.882724
v 8.335670 -0.286961 10.443927
v 7.136590 -0.429256 11.831596
v 8.335670 -0.286961 10.443927
v 2.054290 -0.395498 9.935182
v 1.202140 -0.431034 10.420850
v 8.335670 -0.286961 10.443927
v 16.384319 -0.054812 10.882724
v 16.107710 -0.058301 10.921125
v 7.178990 -0.307487 10.856624
v 8.335670 -0.286961 10.443927
v 7.178990 -0.307487 10.856624
v 3.537370 -0.326966 7.463209
v 2.054290 -0.395498 9.935182
v 7.178990 -0.307487 10.856624
v 16.107710 -0.058301 10.921125
v 16.322380 0.029944 8.715150
v 8.600650 -0.121086 8.218932
v 7.178990 -0.307487 10.856624
v 8.600650 -0.121086 8.218932
v 6.074870 -0.046220 3.922294
v 3.537370 -0.326966 7.463209
v 16.107710 -0.058301 10.921125
v 16.384319 -0.054812 10.882724
v 24.388750 0.029179 11.024062
v 24.125351 0.077203 9.610387
v 16.107710 -0.058301 10.921125
v 24.125351 0.077203 9.610387
v 23.866751 0.145528 7.770080
v 16.322380 0.029944 8.715150
v 24.125351 0.077203 9.610387
v 24.388750 0.029179 11.024062
v 31.707050 0.158997 9.582687
v 31.422850 0.198057 8.418061
v 24.125351 0.077203 9.610387
v 31.422850 0.198057 8.418061
v 31.014250 0.259510 6.686590
v 23.866751 0.145528 7.770080
v 31.422850 0.198057 8.418061
v 31.707050 0.158997 9.582687
v 38.822880 0.310021 7.579200
v 38.467072 0.349816 6.398099
v 31.422850 0.198057 8.418061
v 38.467072 0.349816 6.398099
v 37.950161 0.409074 4.717903
v 31.014250 0.259510 6.686590
v 37.950161 0.409074 4.717903
v 38.467072 0.349816 6.398099
v 45.417992 0.512379 3.775187
v 44.446430 0.563756 1.906963
v 51.989979 0.606123 -0.168010
v 45.417992 0.512379 3.775187
v 45.953690 0.484889 4.894899
v 52.747398 0.694634 0.811815
v 51.989979 0.606123 -0.168010
v 52.747398 0.694634 0.811815
v 58.148140 0.803530 -5.755085
v 56.770451 0.697390 -6.509637
v 51.989979 0.606123 -0.168010
v 56.770451 0.697390 -6.509637
v 54.066490 0.869796 -7.821241
v 49.253368 0.605256 -2.962384
v 56.770451 0.697390 -6.509637
v 58.148140 0.803530 -5.755085
v 59.874039 1.152094 -14.200161
v 58.209839 1.222114 -14.291701
v 56.770451 0.697390 -6.509637
v 58.209839 1.222114 -14.291701
v 53.516232 1.036888 -13.821882
v 54.066490 0.869796 -7.821241
v 58.209839 1.222114 -14.291701
v 56.540211 1.459762 -22.283754
v 52.885571 1.385691 -20.422743
v 58.209839 1.222114 -14.291701
v 59.874039 1.152094 -14.200161
v 58.485771 1.516972 -23.105881
v 56.540211 1.459762 -22.283754
v 58.485771 1.516972 -23.105881
v 53.998341 1.681283 -29.737181
v 52.037182 1.706374 -28.227592
v 56.540211 1.459762 -22.283754
v 58.485771 1.516972 -23.105881
v 59.874039 1.152094 -14.200161
v 61.244621 1.217354 -14.103043
v 59.966709 1.647463 -23.626554
v 58.485771 1.516972 -23.105881
v 59.966709 1.647463 -23.626554
v 55.522240 1.689531 -30.931316
v 53.998341 1.681283 -29.737181
v 55.522240 1.689531 -30.931316
v 48.421680 1.758038 -36.141098
v 47.222519 1.703213 -34.748497
v 53.998341 1.681283 -29.737181
v 55.522240 1.689531 -30.931316
v 59.966709 1.647463 -23.626554
v 59.515511 1.605374 -22.989223
v 55.218788 1.612514 -30.624762
v 55.522240 1.689531 -30.931316
v 55.218788 1.612514 -30.624762
v 49.533089 1.861949 -37.307533
v 48.421680 1.758038 -36.141098
v 55.218788 1.612514 -30.624762
v 59.515511 1.605374 -22.989223
v 58.917320 1.757643 -22.686579
v 54.898041 1.778575 -30.159321
v 55.218788 1.612514 -30.624762
v 54.898041 1.778575 -30.159321
v 49.020741 1.892216 -36.416840
v 49.533089 1.861949 -37.307533
v 54.898041 1.778575 -30.159321
v 58.917320 1.757643 -22.686579
v 59.197079 1.750536 -22.835617
v 55.052109 1.762381 -29.966137
v 54.898041 1.778575 -30.159321
v 55.052109 1.762381 -29.966137
v 48.078892 1.832809 -34.950127
v 49.020741 1.892216 -36.416840
v 55.052109 1.762381 -29.966137
v 59.197079 1.750536 -22.835617
v 57.635422 1.584876 -21.959641
v 53.545792 1.741023 -28.514240
v 55.052109 1.762381 -29.966137
v 53.545792 1.741023 -28.514240
v 47.008770 1.763056 -33.144432
v 48.078892 1.832809 -34.950127
v 53.545792 1.741023 -28.514240
v 57.635422 1.584876 -21.959641
v 55.077881 1.512106 -20.490183
v 51.301041 1.729487 -26.340824
v 53.545792 1.741023 -28.514240
v 51.301041 1.729487 -26.340824
v 45.321442 1.673074 -30.181805
v 47.008770 1.763056 -33.144432
v 45.321442 1.673074 -30.181805
v 39.275211 1.728317 -32.388596
v 40.446190 1.830162 -36.144310
v 47.008770 1.763056 -33.144432
v 55.077881 1.512106 -20.490183
v 57.635422 1.584876 -21.959641
v 58.604839 1.346887 -13.729697
v 55.958271 1.229985 -13.483747
v 58.604839 1.346887 -13.729697
v 57.635422 1.584876 -21.959641
v 59.197079 1.750536 -22.835617
v 60.142811 1.254327 -13.840775
v 58.604839 1.346887 -13.729697
v 60.142811 1.254327 -13.840775
v 58.190239 0.952782 -5.461802
v 56.844479 0.832493 -6.089380
v 58.604839 1.346887 -13.729697
v 56.844479 0.832493 -6.089380
v 53.090080 1.079943 -7.849083
v 55.958271 1.229985 -13.483747
v 56.844479 0.832493 -6.089380
v 51.797531 0.722200 -0.038621
v 48.833080 0.695998 -3.448130
v 53.090080 1.079943 -7.849083
v 56.844479 0.832493 -6.089380
v 58.190239 0.952782 -5.461802
v 52.588589 0.821846 0.858521
v 51.797531 0.722200 -0.038621
v 52.588589 0.821846 0.858521
v 45.573330 0.628061 4.364671
v 44.912571 0.658681 3.126366
v 51.797531 0.722200 -0.038621
v 52.588589 0.821846 0.858521
v 58.190239 0.952782 -5.461802
v 59.312950 1.025121 -4.939619
v 53.261810 0.808932 1.685523
v 52.588589 0.821846 0.858521
v 53.261810 0.808932 1.685523
v 46.093140 0.590372 5.420399
v 45.573330 0.628061 4.364671
v 46.093140 0.590372 5.420399
v 38.870602 0.416016 7.853305
v 38.495720 0.463290 6.692127
v 45.573330 0.628061 4.364671
v 46.093140 0.590372 5.420399
v 53.261810 0.808932 1.685523
v 53.925152 0.734940 2.482150
v 46.553841 0.534576 6.404183
v 46.093140 0.590372 5.420399
v 46.553841 0.534576 6.404183
v 39.198780 0.358781 8.875273
v 38.870602 0.416016 7.853305
v 39.198780 0.358781 8.875273
v 31.979931 0.218656 10.690155
v 31.729469 0.272923 9.631562
v 38.870602 0.416016 7.853305
v 39.198780 0.358781 8.875273
v 46.553841 0.534576 6.404183
v 46.363140 0.461426 5.885183
v 39.132210 0.281214 8.620388
v 39.198780 0.358781 8.875273
v 39.132210 0.281214 8.620388
v 31.965780 0.137306 10.639023
v 31.979931 0.218656 10.690155
v 31.965780 0.137306 10.639023
v 24.249640 -0.030643 11.430717
v 24.288549 0.122993 11.416596
v 31.979931 0.218656 10.690155
v 31.965780 0.137306 10.639023
v 39.132210 0.281214 8.620388
v 38.822880 0.310021 7.579200
v 31.707050 0.158997 9.582687
v 31.965780 0.137306 10.639023
v 31.707050 0.158997 9.582687
v 24.388750 0.029179 11.024062
v 24.249640 -0.030643 11.430717
v 24.249640 -0.030643 11.430717
v 16.337629 -0.090357 11.376656
v 16.406679 0.063271 11.491463
v 24.288549 0.122993 11.416596
v 24.249640 -0.030643 11.430717
v 24.388750 0.029179 11.024062
v 16.384319 -0.054812 10.882724
v 16.337629 -0.090357 11.376656
v 39.132210 0.281214 8.620388
v 46.363140 0.461426 5.885183
v 45.953690 0.484889 4.894899
v 38.822880 0.310021 7.579200
v 46.363140 0.461426 5.885183
v 46.553841 0.534576 6.404183
v 53.925152 0.734940 2.482150
v 53.368328 0.688288 1.677539
v 46.363140 0.461426 5.885183
v 53.368328 0.688288 1.677539
v 52.747398 0.694634 0.811815
v 45.953690 0.484889 4.894899
v 53.368328 0.688288 1.677539
v 53.925152 0.734940 2.482150
v 60.209961 0.805601 -4.506737
v 59.250629 0.903444 -5.117661
v 53.368328 0.688288 1.677539
v 59.250629 0.903444 -5.117661
v 58.148140 0.803530 -5.755085
v 52.747398 0.694634 0.811815
v 59.250629 0.903444 -5.117661
v 60.209961 0.805601 -4.506737
v 62.524311 1.342230 -14.083523
v 61.244621 1.217354 -14.103043
v 59.250629 0.903444 -5.117661
v 61.244621 1.217354 -14.103043
v 59.874039 1.152094 -14.200161
v 58.148140 0.803530 -5.755085
v 62.524311 1.342230 -14.083523
v 59.515511 1.605374 -22.989223
v 59.966709 1.647463 -23.626554
v 61.244621 1.217354 -14.103043
v 62.524311 1.342230 -14.083523
v 60.209961 0.805601 -4.506737
v 59.312950 1.025121 -4.939619
v 60.435329 1.174584 -13.922240
v 62.524311 1.342230 -14.083523
v 60.435329 1.174584 -13.922240
v 58.917320 1.757643 -22.686579
v 59.515511 1.605374 -22.989223
v 60.435329 1.174584 -13.922240
v 59.312950 1.025121 -4.939619
v 58.190239 0.952782 -5.461802
v 60.142811 1.254327 -13.840775
v 60.435329 1.174584 -13.922240
v 60.142811 1.254327 -13.840775
v 59.197079 1.750536 -22.835617
v 58.917320 1.757643 -22.686579
v 60.209961 0.805601 -4.506737
v 53.925152 0.734940 2.482150
v 53.261810 0.808932 1.685523
v 59.312950 1.025121 -4.939619
v 31.729469 0.272923 9.631562
v 24.473440 0.146584 10.929992
v 24.273560 0.206127 9.531487
v 31.448151 0.321449 8.432755
v 31.729469 0.272923 9.631562
v 31.448151 0.321449 8.432755
v 38.495720 0.463290 6.692127
v 38.870602 0.416016 7.853305
v 31.729469 0.272923 9.631562
v 31.979931 0.218656 10.690155
v 24.288549 0.122993 11.416596
v 24.473440 0.146584 10.929992
v 38.495720 0.463290 6.692127
v 31.448151 0.321449 8.432755
v 31.071091 0.385963 6.790676
v 37.997871 0.522072 5.169260
v 38.495720 0.463290 6.692127
v 37.997871 0.522072 5.169260
v 44.912571 0.658681 3.126366
v 45.573330 0.628061 4.364671
v 37.997871 0.522072 5.169260
v 31.071091 0.385963 6.790676
v 30.229839 0.528563 3.006835
v 37.997871 0.522072 5.169260
v 43.518940 0.741965 0.461790
v 44.912571 0.658681 3.126366
v 52.037182 1.706374 -28.227592
v 45.754879 1.651755 -32.856453
v 43.268780 1.627335 -29.426731
v 52.037182 1.706374 -28.227592
v 48.807121 1.490865 -25.478128
v 52.885571 1.385691 -20.422743
v 52.037182 1.706374 -28.227592
v 53.998341 1.681283 -29.737181
v 47.222519 1.703213 -34.748497
v 45.754879 1.651755 -32.856453
v 43.268780 1.627335 -29.426731
v 45.754879 1.651755 -32.856453
v 39.206551 1.648924 -35.797867
v 37.265701 1.527494 -31.771448
v 45.953690 0.484889 4.894899
v 45.417992 0.512379 3.775187
v 38.467072 0.349816 6.398099
v 38.822880 0.310021 7.579200
v 16.322380 0.029944 8.715150
v 11.644570 0.206141 1.940817
v 8.600650 -0.121086 8.218932
v 10.922850 0.456375 -24.740828
v 17.676180 0.674559 -30.059406
v 12.598800 0.337339 -30.513779
v 10.922850 0.456375 -24.740828
v 12.598800 0.337339 -30.513779
v 10.086180 0.148827 -30.847122
v 8.469500 0.244137 -25.358240
v 10.086180 0.148827 -30.847122
v 12.598800 0.337339 -30.513779
v 13.405910 -0.219731 -35.809280
v 11.566360 -0.378548 -36.101166
v 10.086180 0.148827 -30.847122
v 11.566360 -0.378548 -36.101166
v 10.285660 -0.428614 -36.352707
v 8.317780 0.002090 -31.154036
v 10.086180 0.148827 -30.847122
v 8.317780 0.002090 -31.154036
v 6.688200 0.096287 -25.952406
v 8.469500 0.244137 -25.358240
v 10.285660 -0.428614 -36.352707
v 11.566360 -0.378548 -36.101166
v 13.155870 -0.925242 -41.306725
v 12.615830 -0.911720 -41.404564
v 10.285660 -0.428614 -36.352707
v 12.615830 -0.911720 -41.404564
v 14.015870 -0.740899 -41.257355
v 10.882670 -0.466266 -36.323715
v 10.285660 -0.428614 -36.352707
v 10.882670 -0.466266 -36.323715
v 7.971830 -0.333385 -31.187014
v 8.317780 0.002090 -31.154036
v 10.882670 -0.466266 -36.323715
v 14.015870 -0.740899 -41.257355
v 15.981810 -0.539878 -40.854553
v 13.013000 -0.154515 -36.051094
v 10.882670 -0.466266 -36.323715
v 13.013000 -0.154515 -36.051094
v 9.598890 0.035759 -31.021793
v 7.971830 -0.333385 -31.187014
v 13.013000 -0.154515 -36.051094
v 15.981810 -0.539878 -40.854553
v 18.568520 -0.360527 -40.802910
v 15.809310 0.059482 -35.813423
v 13.013000 -0.154515 -36.051094
v 15.809310 0.059482 -35.813423
v 11.893770 0.381326 -30.724937
v 9.598890 0.035759 -31.021793
v 15.981810 -0.539878 -40.854553
v 14.015870 -0.740899 -41.257355
v 15.846650 -1.079828 -45.471428
v 17.381290 -0.855114 -44.910530
v 15.981810 -0.539878 -40.854553
v 17.381290 -0.855114 -44.910530
v 19.106020 -0.519022 -44.597031
v 18.568520 -0.360527 -40.802910
v 17.381290 -0.855114 -44.910530
v 15.846650 -1.079828 -45.471428
v 17.257389 -1.357497 -49.139717
v 18.697149 -1.102447 -48.635681
v 17.381290 -0.855114 -44.910530
v 18.697149 -1.102447 -48.635681
v 20.017111 -0.722754 -47.976051
v 19.106020 -0.519022 -44.597031
v 18.697149 -1.102447 -48.635681
v 17.257389 -1.357497 -49.139717
v 17.922251 -1.600362 -51.881516
v 19.383570 -1.333586 -51.880753
v 18.697149 -1.102447 -48.635681
v 19.383570 -1.333586 -51.880753
v 20.500959 -0.985723 -51.554756
v 20.017111 -0.722754 -47.976051
v 20.500959 -0.985723 -51.554756
v 19.383570 -1.333586 -51.880753
v 19.314840 -1.555640 -54.171432
v 20.676140 -1.310885 -54.730453
v 20.500959 -0.985723 -51.554756
v 20.676140 -1.310885 -54.730453
v 20.869619 -0.862804 -54.258942
v 21.390671 0.089384 -51.481911
v 20.500959 -0.985723 -51.554756
v 21.390671 0.089384 -51.481911
v 21.407310 -0.056136 -47.255310
v 20.017111 -0.722754 -47.976051
v 21.390671 0.089384 -51.481911
v 20.869619 -0.862804 -54.258942
v 20.776270 -0.863794 -54.094902
v 21.435511 -0.818230 -51.243607
v 21.390671 0.089384 -51.481911
v 21.435511 -0.818230 -51.243607
v 21.874760 -0.050846 -47.724701
v 21.407310 -0.056136 -47.255310
v 21.435511 -0.818230 -51.243607
v 20.776270 -0.863794 -54.094902
v 20.040489 -1.465140 -53.900375
v 20.517160 -1.143951 -51.362762
v 21.435511 -0.818230 -51.243607
v 20.517160 -1.143951 -51.362762
v 20.990330 -0.318075 -47.279747
v 21.874760 -0.050846 -47.724701
v 20.517160 -1.143951 -51.362762
v 20.040489 -1.465140 -53.900375
v 18.483749 -1.790854 -53.198326
v 18.787189 -1.470411 -50.740654
v 20.517160 -1.143951 -51.362762
v 18.787189 -1.470411 -50.740654
v 19.208790 -0.859913 -46.515266
v 20.990330 -0.318075 -47.279747
v 18.787189 -1.470411 -50.740654
v 18.483749 -1.790854 -53.198326
v 16.872740 -1.941333 -52.878029
v 16.666201 -1.661271 -50.236900
v 18.787189 -1.470411 -50.740654
v 16.666201 -1.661271 -50.236900
v 16.374020 -1.214396 -46.040131
v 19.208790 -0.859913 -46.515266
v 16.666201 -1.661271 -50.236900
v 16.872740 -1.941333 -52.878029
v 15.967480 -1.954670 -52.348579
v 15.570810 -1.673550 -49.646759
v 16.666201 -1.661271 -50.236900
v 15.570810 -1.673550 -49.646759
v 14.852060 -1.329268 -46.079124
v 16.374020 -1.214396 -46.040131
v 14.852060 -1.329268 -46.079124
v 15.570810 -1.673550 -49.646759
v 15.239340 -1.571143 -49.454407
v 14.359980 -1.331126 -45.760284
v 14.852060 -1.329268 -46.079124
v 14.359980 -1.331126 -45.760284
v 13.155870 -0.925242 -41.306725
v 14.586660 -0.802320 -41.120224
v 14.852060 -1.329268 -46.079124
v 14.586660 -0.802320 -41.120224
v 17.558729 -0.591628 -41.367699
v 16.374020 -1.214396 -46.040131
v 14.359980 -1.331126 -45.760284
v 15.239340 -1.571143 -49.454407
v 15.871750 -1.538491 -49.637482
v 14.513740 -1.218677 -45.885307
v 14.359980 -1.331126 -45.760284
v 14.513740 -1.218677 -45.885307
v 12.615830 -0.911720 -41.404564
v 13.155870 -0.925242 -41.306725
v 14.513740 -1.218677 -45.885307
v 15.871750 -1.538491 -49.637482
v 17.257389 -1.357497 -49.139717
v 15.846650 -1.079828 -45.471428
v 14.513740 -1.218677 -45.885307
v 15.846650 -1.079828 -45.471428
v 14.015870 -0.740899 -41.257355
v 12.615830 -0.911720 -41.404564
v 15.871750 -1.538491 -49.637482
v 15.239340 -1.571143 -49.454407
v 15.818620 -1.832726 -52.139160
v 16.543060 -1.768900 -52.144218
v 15.871750 -1.538491 -49.637482
v 16.543060 -1.768900 -52.144218
v 17.922251 -1.600362 -51.881516
v 17.257389 -1.357497 -49.139717
v 16.543060 -1.768900 -52.144218
v 15.818620 -1.832726 -52.139160
v 16.180519 -2.021960 -54.042526
v 16.829180 -1.944106 -53.924332
v 16.543060 -1.768900 -52.144218
v 16.829180 -1.944106 -53.924332
v 18.047480 -1.806218 -53.874199
v 17.922251 -1.600362 -51.881516
v 15.818620 -1.832726 -52.139160
v 15.967480 -1.954670 -52.348579
v 16.221460 -2.150081 -54.193573
v 16.180519 -2.021960 -54.042526
v 15.818620 -1.832726 -52.139160
v 15.239340 -1.571143 -49.454407
v 15.570810 -1.673550 -49.646759
v 15.967480 -1.954670 -52.348579
v 15.967480 -1.954670 -52.348579
v 16.872740 -1.941333 -52.878029
v 16.927731 -2.100282 -54.354141
v 16.221460 -2.150081 -54.193573
v 16.872740 -1.941333 -52.878029
v 18.483749 -1.790854 -53.198326
v 18.057159 -2.003448 -54.776604
v 16.927731 -2.100282 -54.354141
v 18.483749 -1.790854 -53.198326
v 20.040489 -1.465140 -53.900375
v 19.198521 -1.830503 -55.363609
v 18.057159 -2.003448 -54.776604
v 19.198521 -1.830503 -55.363609
v 19.912319 -1.720831 -55.703323
v 19.100691 -1.947973 -56.701866
v 18.327080 -2.078465 -56.465919
v 19.198521 -1.830503 -55.363609
v 18.327080 -2.078465 -56.465919
v 17.482969 -2.176886 -55.912827
v 18.057159 -2.003448 -54.776604
v 19.198521 -1.830503 -55.363609
v 20.040489 -1.465140 -53.900375
v 20.776270 -0.863794 -54.094902
v 19.912319 -1.720831 -55.703323
v 18.327080 -2.078465 -56.465919
v 19.100691 -1.947973 -56.701866
v 18.574381 -2.142095 -57.174362
v 17.645010 -2.210367 -57.508186
v 18.327080 -2.078465 -56.465919
v 17.645010 -2.210367 -57.508186
v 16.749540 -2.321919 -56.972511
v 17.482969 -2.176886 -55.912827
v 17.645010 -2.210367 -57.508186
v 18.574381 -2.142095 -57.174362
v 18.939270 -1.875453 -56.862061
v 18.003620 -2.037088 -56.800064
v 17.645010 -2.210367 -57.508186
v 18.003620 -2.037088 -56.800064
v 17.066071 -2.162739 -56.468109
v 16.749540 -2.321919 -56.972511
v 18.003620 -2.037088 -56.800064
v 18.939270 -1.875453 -56.862061
v 19.754450 -1.659114 -56.204643
v 18.717270 -1.836010 -55.669144
v 18.003620 -2.037088 -56.800064
v 18.717270 -1.836010 -55.669144
v 17.699051 -1.977944 -55.263512
v 17.066071 -2.162739 -56.468109
v 18.717270 -1.836010 -55.669144
v 19.754450 -1.659114 -56.204643
v 20.676140 -1.310885 -54.730453
v 19.314840 -1.555640 -54.171432
v 18.717270 -1.836010 -55.669144
v 19.314840 -1.555640 -54.171432
v 18.047480 -1.806218 -53.874199
v 17.699051 -1.977944 -55.263512
v 20.066830 -1.339814 -55.961777
v 19.404680 -1.590309 -56.764694
v 19.100691 -1.947973 -56.701866
v 19.912319 -1.720831 -55.703323
v 20.066830 -1.339814 -55.961777
v 19.912319 -1.720831 -55.703323
v 20.776270 -0.863794 -54.094902
v 20.869619 -0.862804 -54.258942
v 19.314840 -1.555640 -54.171432
v 19.383570 -1.333586 -51.880753
v 17.922251 -1.600362 -51.881516
v 18.047480 -1.806218 -53.874199
v 13.155870 -0.925242 -41.306725
v 11.566360 -0.378548 -36.101166
v 13.405910 -0.219731 -35.809280
v 14.586660 -0.802320 -41.120224
v 5.329900 -0.237615 -10.017697
v 4.850510 -0.139437 -9.903881
v 3.494530 0.102026 -1.864184
v 4.093520 -0.042912 -1.303639
v 26.719540 1.241191 -37.714584
v 22.433380 0.603160 -39.423058
v 19.253241 0.194832 -36.005836
v 24.635050 0.961958 -33.750565
v 20.990330 -0.318075 -47.279747
v 21.886709 0.649444 -44.015762
v 22.894489 0.860076 -44.885574
v 21.874760 -0.050846 -47.724701
v 16.749540 -2.321919 -56.972511
v 17.066071 -2.162739 -56.468109
v 16.534630 -2.134530 -55.382446
v 16.458851 -2.281563 -55.580605
v 16.221460 -2.150081 -54.193573
v 16.458851 -2.281563 -55.580605
v 16.534630 -2.134530 -55.382446
v 16.180519 -2.021960 -54.042526
v 1.202140 -0.431034 10.420850
v 2.054290 -0.395498 9.935182
v 1.650850 -0.407707 3.892063
v 0.340500 -0.460844 3.115903
v 1.197540 -0.300580 10.083085
v 0.324300 -0.390181 3.142059
v 1.536830 -0.287978 3.333382
v 2.401690 -0.266149 7.921993
v 18.574381 -2.142095 -57.174362
v 19.100691 -1.947973 -56.701866
v 19.404680 -1.590309 -56.764694
v 18.939270 -1.875453 -56.862061
v 0.340500 -0.460844 3.115903
v 1.197540 -0.300580 10.083085
v 1.202140 -0.431034 10.420850
v 19.754450 -1.659114 -56.204643
v 18.939270 -1.875453 -56.862061
v 19.404680 -1.590309 -56.764694
v 20.066830 -1.339814 -55.961777
v 19.754450 -1.659114 -56.204643
v 20.066830 -1.339814 -55.961777
v 20.869619 -0.862804 -54.258942
v 20.676140 -1.310885 -54.730453
v 85.328117 1.110583 16.541727
v 84.750267 0.989575 17.957092
v 84.280312 1.237565 16.544449
v 83.779831 2.161465 14.948498
v 85.328117 1.110583 16.541727
v 83.779831 2.161465 14.948498
v 83.963928 0.993098 17.612024
v 85.202782 0.781184 17.983675
v 85.328117 1.110583 16.541727
v 85.202782 0.781184 17.983675
v 85.102997 0.764028 19.424120
v 84.750267 0.989575 17.957092
v 85.235519 0.792990 20.861059
v 85.107269 0.603052 19.590689
v 84.017532 0.546888 20.037725
v 84.628601 0.880525 21.655428
v 85.235519 0.792990 20.861059
v 85.102997 0.764028 19.424120
v 85.202782 0.781184 17.983675
v 85.107269 0.603052 19.590689
v 3.474930 -0.200241 9.038503
v 2.557730 -0.420022 11.067053
v 5.933130 -0.287280 13.067546
v 6.466510 -0.089013 11.737710
v 3.474930 -0.200241 9.038503
v 3.314570 -0.204582 6.669637
v 1.992990 -0.433800 6.977335
v 1.697890 -0.408448 8.621344
v 3.474930 -0.200241 9.038503
v 5.561040 0.103122 7.361256
v 5.059200 0.066021 5.540291
v 3.314570 -0.204582 6.669637
v 3.474930 -0.200241 9.038503
v 6.466510 -0.089013 11.737710
v 6.490370 0.089461 9.881237
v 5.561040 0.103122 7.361256
v 3.474930 -0.200241 9.038503
v 1.697890 -0.408448 8.621344
v 1.167280 -0.522991 10.187256
v 2.557730 -0.420022 11.067053
v 85.107269 0.603052 19.590689
v 85.202782 0.781184 17.983675
v 83.963928 0.993098 17.612024
v 84.017532 0.546888 20.037725
v 4.242410 0.074090 8.253166
v 3.186860 -0.133327 10.199717
v 1.782340 -0.138850 9.113955
v 2.525370 -0.095551 7.471337
v 4.242410 0.074090 8.253166
v 3.407160 -0.005252 5.911755
v 4.758960 0.168027 5.316646
v 5.464510 0.257106 6.982006
v 4.242410 0.074090 8.253166
v 2.525370 -0.095551 7.471337
v 1.822980 -0.267945 5.854117
v 3.407160 -0.005252 5.911755
v 4.242410 0.074090 8.253166
v 7.021210 0.185323 11.361331
v 6.353850 -0.041224 12.601597
v 3.186860 -0.133327 10.199717
v 4.242410 0.074090 8.253166
v 5.464510 0.257106 6.982006
v 7.183150 0.356868 9.797504
v 7.021210 0.185323 11.361331
v 38.786240 1.914297 9.377908
v 36.640282 1.952521 7.109614
v 40.406872 2.181906 5.815734
v 41.987320 2.038780 9.318796
v 38.786240 1.914297 9.377908
v 37.315899 1.697701 11.932728
v 33.222061 1.641200 9.618149
v 36.640282 1.952521 7.109614
v 38.786240 1.914297 9.377908
v 41.987320 2.038780 9.318796
v 41.950779 1.771872 13.173462
v 37.315899 1.697701 11.932728
v 43.436531 1.971665 8.764974
v 46.526112 2.120049 7.771967
v 44.362888 2.242506 4.549476
v 41.165211 2.008908 6.829988
v 43.436531 1.971665 8.764974
v 43.317699 1.777651 11.542264
v 48.081070 1.880338 11.552184
v 46.526112 2.120049 7.771967
v 43.436531 1.971665 8.764974
v 41.165211 2.008908 6.829988
v 39.292770 1.757068 9.921885
v 43.317699 1.777651 11.542264
v 39.292770 1.757068 9.921885
v 35.747662 1.758528 7.221280
v 33.538288 1.417871 11.082903
v 39.292770 1.757068 9.921885
v 41.165211 2.008908 6.829988
v 38.487560 2.053738 3.962630
v 35.747662 1.758528 7.221280
v 38.487560 2.053738 3.962630
v 32.512642 1.765863 3.710377
v 35.747662 1.758528 7.221280
v 38.487560 2.053738 3.962630
v 41.165211 2.008908 6.829988
v 44.362888 2.242506 4.549476
v 42.069920 2.328809 1.215899
v 50.837090 2.384300 -13.406371
v 55.127811 2.636582 -9.715322
v 55.828991 2.642789 -10.791930
v 50.837090 2.384300 -13.406371
v 55.828991 2.642789 -10.791930
v 56.438049 2.688962 -11.764302
v 56.438049 2.688962 -11.764302
v 55.828991 2.642789 -10.791930
v 59.563660 2.544910 -7.188913
v 60.356380 2.572702 -8.148056
v 56.438049 2.688962 -11.764302
v 60.356380 2.572702 -8.148056
v 61.086510 2.650161 -9.052839
v 57.035679 2.811711 -12.674360
v 56.438049 2.688962 -11.764302
v 57.035679 2.811711 -12.674360
v 51.307232 2.469189 -15.538608
v 51.307232 2.469189 -15.538608
v 57.035679 2.811711 -12.674360
v 56.544102 2.886106 -12.260591
v 56.544102 2.886106 -12.260591
v 57.035679 2.811711 -12.674360
v 61.086510 2.650161 -9.052839
v 60.263870 2.721075 -8.465335
v 56.544102 2.886106 -12.260591
v 60.263870 2.721075 -8.465335
v 59.290451 2.712084 -7.730812
v 55.794941 2.842299 -11.486906
v 56.544102 2.886106 -12.260591
v 55.794941 2.842299 -11.486906
v 50.938240 2.528819 -14.159418
v 54.947819 2.783102 -10.580447
v 55.794941 2.842299 -11.486906
v 59.290451 2.712084 -7.730812
v 58.189671 2.693600 -6.909919
v 54.947819 2.783102 -10.580447
v 58.189671 2.693600 -6.909919
v 56.786900 2.674092 -5.895282
v 53.845490 2.742769 -9.436418
v 56.786900 2.674092 -5.895282
v 54.366711 2.658418 -4.262958
v 51.433182 2.681688 -7.226955
v 53.845490 2.742769 -9.436418
v 56.786900 2.674092 -5.895282
v 58.189671 2.693600 -6.909919
v 61.270359 2.771981 -2.685249
v 59.639030 2.833854 -1.703941
v 56.786900 2.674092 -5.895282
v 59.639030 2.833854 -1.703941
v 56.677422 2.784506 -0.012914
v 54.366711 2.658418 -4.262958
v 56.677422 2.784506 -0.012914
v 52.767750 2.682017 1.969660
v 50.433651 2.675653 -2.096826
v 54.366711 2.658418 -4.262958
v 56.677422 2.784506 -0.012914
v 59.639030 2.833854 -1.703941
v 62.224701 2.445984 2.660904
v 58.868549 2.408161 4.638406
v 56.677422 2.784506 -0.012914
v 58.868549 2.408161 4.638406
v 54.759102 2.381065 6.709298
v 52.767750 2.682017 1.969660
v 54.759102 2.381065 6.709298
v 50.653332 2.304953 8.340508
v 48.634350 2.561517 3.613543
v 52.767750 2.682017 1.969660
v 54.759102 2.381065 6.709298
v 58.868549 2.408161 4.638406
v 61.182129 2.149441 9.787591
v 57.078930 2.163153 11.957753
v 54.759102 2.381065 6.709298
v 57.078930 2.163153 11.957753
v 52.752060 2.015265 13.711370
v 50.653332 2.304953 8.340508
v 52.752060 2.015265 13.711370
v 47.160400 1.865277 13.815592
v 46.156040 2.173689 9.084439
v 50.653332 2.304953 8.340508
v 46.383461 1.522967 17.891636
v 52.042622 1.212411 22.452541
v 45.458679 1.070817 22.141306
v 46.383461 1.522967 17.891636
v 45.458679 1.070817 22.141306
v 39.183071 0.949249 21.230711
v 39.183071 0.949249 21.230711
v 35.181278 1.338539 15.696538
v 40.644749 1.421780 17.103468
v 39.183071 0.949249 21.230711
v 45.458679 1.070817 22.141306
v 44.525990 0.530363 26.082455
v 37.802441 0.426573 24.961031
v 39.183071 0.949249 21.230711
v 37.802441 0.426573 24.961031
v 31.296789 0.368884 22.989637
v 33.060909 0.872881 19.701427
v 31.296789 0.368884 22.989637
v 24.922609 0.175397 20.243038
v 27.212330 0.708448 16.894554
v 33.060909 0.872881 19.701427
v 31.296789 0.368884 22.989637
v 37.802441 0.426573 24.961031
v 37.143200 0.153862 26.664902
v 30.337761 0.087894 24.743912
v 31.296789 0.368884 22.989637
v 30.337761 0.087894 24.743912
v 24.032551 -0.053640 21.539883
v 24.922609 0.175397 20.243038
v 24.032551 -0.053640 21.539883
v 17.906610 -0.171022 18.021315
v 19.307421 0.177343 16.256580
v 24.922609 0.175397 20.243038
v 24.032551 -0.053640 21.539883
v 30.337761 0.087894 24.743912
v 29.878740 -0.039737 25.574614
v 23.400240 -0.216966 22.455153
v 24.032551 -0.053640 21.539883
v 23.400240 -0.216966 22.455153
v 17.201750 -0.355886 18.920906
v 17.906610 -0.171022 18.021315
v 17.201750 -0.355886 18.920906
v 11.526750 0.292287 15.064138
v 12.303110 0.517570 14.059211
v 17.906610 -0.171022 18.021315
v 17.201750 -0.355886 18.920906
v 23.400240 -0.216966 22.455153
v 22.857031 -0.339590 23.234556
v 16.650330 -0.486479 19.664270
v 17.201750 -0.355886 18.920906
v 16.650330 -0.486479 19.664270
v 10.926520 0.099180 15.932624
v 11.526750 0.292287 15.064138
v 10.926520 0.099180 15.932624
v 6.353850 -0.041224 12.601597
v 7.021210 0.185323 11.361331
v 11.526750 0.292287 15.064138
v 10.926520 0.099180 15.932624
v 16.650330 -0.486479 19.664270
v 16.575050 -0.519069 20.055292
v 10.936330 -0.007225 16.581110
v 10.926520 0.099180 15.932624
v 10.936330 -0.007225 16.581110
v 4.915360 -0.204328 13.176950
v 6.353850 -0.041224 12.601597
v 4.915360 -0.204328 13.176950
v 2.216080 -0.254073 11.389495
v 3.186860 -0.133327 10.199717
v 6.353850 -0.041224 12.601597
v 4.915360 -0.204328 13.176950
v 10.936330 -0.007225 16.581110
v 10.778950 -0.163218 16.679033
v 4.568570 -0.327149 13.617871
v 4.915360 -0.204328 13.176950
v 4.568570 -0.327149 13.617871
v 1.944740 -0.402550 12.050477
v 2.216080 -0.254073 11.389495
v 1.944740 -0.402550 12.050477
v 1.029960 -0.479065 11.552532
v 1.206860 -0.247753 10.584577
v 2.216080 -0.254073 11.389495
v 1.944740 -0.402550 12.050477
v 4.568570 -0.327149 13.617871
v 5.933130 -0.287280 13.067546
v 2.557730 -0.420022 11.067053
v 1.944740 -0.402550 12.050477
v 2.557730 -0.420022 11.067053
v 1.167280 -0.522991 10.187256
v 1.029960 -0.479065 11.552532
v 1.206860 -0.247753 10.584577
v 0.843780 -0.214984 9.823536
v 1.218640 -0.154088 8.561150
v 1.782340 -0.138850 9.113955
v 1.206860 -0.247753 10.584577
v 1.782340 -0.138850 9.113955
v 3.186860 -0.133327 10.199717
v 2.216080 -0.254073 11.389495
v 1.218640 -0.154088 8.561150
v 0.825350 -0.310279 8.403318
v 1.071490 -0.374516 6.993208
v 1.613650 -0.176945 7.158645
v 1.218640 -0.154088 8.561150
v 1.613650 -0.176945 7.158645
v 2.525370 -0.095551 7.471337
v 1.782340 -0.138850 9.113955
v 1.218640 -0.154088 8.561150
v 0.843780 -0.214984 9.823536
v 0.754560 -0.216245 9.356089
v 0.825350 -0.310279 8.403318
v 1.613650 -0.176945 7.158645
v 1.071490 -0.374516 6.993208
v 1.045380 -0.342661 6.181655
v 1.235000 -0.324469 6.013226
v 1.613650 -0.176945 7.158645
v 1.235000 -0.324469 6.013226
v 1.822980 -0.267945 5.854117
v 2.525370 -0.095551 7.471337
v 1.142130 -0.466315 8.443312
v 1.697890 -0.408448 8.621344
v 1.992990 -0.433800 6.977335
v 1.388440 -0.549799 7.006855
v 1.142130 -0.466315 8.443312
v 0.845750 -0.543070 9.682390
v 1.167280 -0.522991 10.187256
v 1.697890 -0.408448 8.621344
v 1.388440 -0.549799 7.006855
v 1.992990 -0.433800 6.977335
v 1.255620 -0.622110 5.500745
v 0.998410 -0.669191 5.886971
v 1.255620 -0.622110 5.500745
v 1.992990 -0.433800 6.977335
v 3.314570 -0.204582 6.669637
v 2.338980 -0.369328 5.265451
v 1.255620 -0.622110 5.500745
v 2.338980 -0.369328 5.265451
v 2.638710 -0.108901 4.851485
v 1.111190 -0.403209 4.301258
v 2.638710 -0.108901 4.851485
v 3.407160 -0.005252 5.911755
v 1.822980 -0.267945 5.854117
v 1.111190 -0.403209 4.301258
v 2.638710 -0.108901 4.851485
v 2.338980 -0.369328 5.265451
v 4.952550 0.052494 4.371212
v 4.982310 0.180861 4.219818
v 2.638710 -0.108901 4.851485
v 4.982310 0.180861 4.219818
v 4.758960 0.168027 5.316646
v 3.407160 -0.005252 5.911755
v 4.982310 0.180861 4.219818
v 4.952550 0.052494 4.371212
v 8.003350 0.368738 2.751617
v 8.141400 0.523818 2.770676
v 4.982310 0.180861 4.219818
v 8.141400 0.523818 2.770676
v 7.922410 0.563579 3.832954
v 4.758960 0.168027 5.316646
v 7.922410 0.563579 3.832954
v 8.802200 0.723209 5.229126
v 5.464510 0.257106 6.982006
v 4.758960 0.168027 5.316646
v 26.715839 1.552058 2.290675
v 29.279221 1.583345 6.321887
v 24.773090 1.070034 9.416726
v 22.076380 1.152984 5.032466
v 33.889400 1.982131 3.863918
v 36.640282 1.952521 7.109614
v 33.222061 1.641200 9.618149
v 29.279221 1.583345 6.321887
v 33.889400 1.982131 3.863918
v 40.406872 2.181906 5.815734
v 36.640282 1.952521 7.109614
v 38.111179 2.278731 2.162780
v 42.192741 2.499089 0.858560
v 44.424541 2.375782 4.842082
v 40.406872 2.181906 5.815734
v 44.424541 2.375782 4.842082
v 46.178360 2.649036 -0.357188
v 48.634350 2.561517 3.613543
v 44.424541 2.375782 4.842082
v 48.634350 2.561517 3.613543
v 50.653332 2.304953 8.340508
v 46.156040 2.173689 9.084439
v 44.424541 2.375782 4.842082
v 46.156040 2.173689 9.084439
v 41.987320 2.038780 9.318796
v 40.406872 2.181906 5.815734
v 46.178360 2.649036 -0.357188
v 48.043930 2.638501 -5.755667
v 50.433651 2.675653 -2.096826
v 46.178360 2.649036 -0.357188
v 50.433651 2.675653 -2.096826
v 52.767750 2.682017 1.969660
v 48.634350 2.561517 3.613543
v 29.702520 1.385799 7.618958
v 26.682261 1.355599 3.681810
v 23.475410 0.951257 7.916313
v 27.234980 0.945057 11.836742
v 29.702520 1.385799 7.618958
v 33.538288 1.417871 11.082903
v 35.747662 1.758528 7.221280
v 32.512642 1.765863 3.710377
v 31.856840 1.033795 15.398281
v 36.604080 0.538606 22.642065
v 37.076191 1.046796 18.293108
v 37.076191 1.046796 18.293108
v 36.604080 0.538606 22.642065
v 43.277599 0.575190 24.206636
v 43.271900 1.096026 19.853106
v 43.271900 1.096026 19.853106
v 43.277599 0.575190 24.206636
v 50.296322 0.705210 25.024008
v 49.887451 1.219479 20.552507
v 53.213032 2.027491 10.492233
v 60.157330 1.818072 13.374192
v 57.364521 2.158161 8.192338
v 53.213032 2.027491 10.492233
v 57.364521 2.158161 8.192338
v 54.611271 2.420764 3.701677
v 50.618160 2.314208 6.074816
v 53.213032 2.027491 10.492233
v 50.618160 2.314208 6.074816
v 46.526112 2.120049 7.771967
v 48.081070 1.880338 11.552184
v 50.618160 2.314208 6.074816
v 54.611271 2.420764 3.701677
v 51.782009 2.450418 -0.117626
v 48.064640 2.382150 2.326069
v 50.618160 2.314208 6.074816
v 48.064640 2.382150 2.326069
v 44.362888 2.242506 4.549476
v 46.526112 2.120049 7.771967
v 48.064640 2.382150 2.326069
v 51.782009 2.450418 -0.117626
v 49.084202 2.605534 -3.536018
v 48.064640 2.382150 2.326069
v 42.069920 2.328809 1.215899
v 44.362888 2.242506 4.549476
v 51.782009 2.450418 -0.117626
v 54.611271 2.420764 3.701677
v 58.136780 2.531113 1.094067
v 55.246071 2.471628 -2.860450
v 51.782009 2.450418 -0.117626
v 55.246071 2.471628 -2.860450
v 51.977081 2.663291 -5.606393
v 49.084202 2.605534 -3.536018
v 55.246071 2.471628 -2.860450
v 58.136780 2.531113 1.094067
v 60.600189 2.591177 -0.986533
v 57.396931 2.493684 -4.852670
v 55.246071 2.471628 -2.860450
v 57.396931 2.493684 -4.852670
v 54.115429 2.702336 -8.319459
v 51.977081 2.663291 -5.606393
v 57.396931 2.493684 -4.852670
v 60.600189 2.591177 -0.986533
v 61.963871 2.624508 -2.201880
v 58.628132 2.518085 -6.139711
v 57.396931 2.493684 -4.852670
v 58.628132 2.518085 -6.139711
v 55.127811 2.636582 -9.715322
v 54.115429 2.702336 -8.319459
v 58.628132 2.518085 -6.139711
v 61.963871 2.624508 -2.201880
v 63.000622 2.641612 -3.148378
v 59.563660 2.544910 -7.188913
v 58.628132 2.518085 -6.139711
v 59.563660 2.544910 -7.188913
v 55.828991 2.642789 -10.791930
v 55.127811 2.636582 -9.715322
v 63.000622 2.641612 -3.148378
v 61.963871 2.624508 -2.201880
v 65.230492 2.366433 2.062542
v 66.246422 2.397769 1.067980
v 63.000622 2.641612 -3.148378
v 66.246422 2.397769 1.067980
v 67.141502 2.432383 0.106882
v 63.907829 2.663714 -4.017975
v 63.000622 2.641612 -3.148378
v 63.907829 2.663714 -4.017975
v 60.356380 2.572702 -8.148056
v 59.563660 2.544910 -7.188913
v 63.907829 2.663714 -4.017975
v 67.141502 2.432383 0.106882
v 67.706810 2.526989 -0.665103
v 64.644386 2.745988 -4.767646
v 63.907829 2.663714 -4.017975
v 64.644386 2.745988 -4.767646
v 61.086510 2.650161 -9.052839
v 60.356380 2.572702 -8.148056
v 64.644386 2.745988 -4.767646
v 67.706810 2.526989 -0.665103
v 66.597939 2.537832 -0.030331
v 63.625591 2.780497 -4.137253
v 64.644386 2.745988 -4.767646
v 63.625591 2.780497 -4.137253
v 60.263870 2.721075 -8.465335
v 61.086510 2.650161 -9.052839
v 63.625591 2.780497 -4.137253
v 66.597939 2.537832 -0.030331
v 65.447418 2.510552 0.654955
v 62.527950 2.779451 -3.452194
v 63.625591 2.780497 -4.137253
v 62.527950 2.779451 -3.452194
v 59.290451 2.712084 -7.730812
v 60.263870 2.721075 -8.465335
v 62.527950 2.779451 -3.452194
v 65.447418 2.510552 0.654955
v 64.173492 2.483428 1.447301
v 61.270359 2.771981 -2.685249
v 62.527950 2.779451 -3.452194
v 61.270359 2.771981 -2.685249
v 58.189671 2.693600 -6.909919
v 59.290451 2.712084 -7.730812
v 64.173492 2.483428 1.447301
v 62.224701 2.445984 2.660904
v 59.639030 2.833854 -1.703941
v 61.270359 2.771981 -2.685249
v 64.173492 2.483428 1.447301
v 65.447418 2.510552 0.654955
v 68.742317 2.555285 4.618154
v 67.284187 2.483212 5.751583
v 64.173492 2.483428 1.447301
v 67.284187 2.483212 5.751583
v 64.886353 2.382321 7.468772
v 62.224701 2.445984 2.660904
v 64.886353 2.382321 7.468772
v 61.182129 2.149441 9.787591
v 58.868549 2.408161 4.638406
v 62.224701 2.445984 2.660904
v 64.886353 2.382321 7.468772
v 67.919670 1.965110 12.702502
v 62.980099 1.903028 14.738466
v 61.182129 2.149441 9.787591
v 62.980099 1.903028 14.738466
v 57.078930 2.163153 11.957753
v 61.182129 2.149441 9.787591
v 62.980099 1.903028 14.738466
v 67.919670 1.965110 12.702502
v 69.311287 1.523228 16.796703
v 64.149261 1.576159 19.252632
v 62.980099 1.903028 14.738466
v 64.149261 1.576159 19.252632
v 58.348671 1.424763 21.266745
v 58.348671 1.424763 21.266745
v 52.042622 1.212411 22.452541
v 52.647171 1.667660 18.035151
v 58.348671 1.424763 21.266745
v 64.149261 1.576159 19.252632
v 64.771530 1.164040 23.151903
v 58.570259 0.837042 26.115408
v 58.348671 1.424763 21.266745
v 58.570259 0.837042 26.115408
v 51.492069 0.662066 26.594028
v 52.042622 1.212411 22.452541
v 51.492069 0.662066 26.594028
v 44.525990 0.530363 26.082455
v 45.458679 1.070817 22.141306
v 52.042622 1.212411 22.452541
v 51.492069 0.662066 26.594028
v 58.570259 0.837042 26.115408
v 58.496250 0.564417 28.083721
v 51.171230 0.364285 28.645098
v 51.492069 0.662066 26.594028
v 51.171230 0.364285 28.645098
v 44.041691 0.234093 27.924387
v 44.525990 0.530363 26.082455
v 44.041691 0.234093 27.924387
v 37.143200 0.153862 26.664902
v 37.802441 0.426573 24.961031
v 44.525990 0.530363 26.082455
v 44.041691 0.234093 27.924387
v 51.171230 0.364285 28.645098
v 50.986591 0.221343 29.622675
v 43.764820 0.085174 28.878765
v 44.041691 0.234093 27.924387
v 43.764820 0.085174 28.878765
v 36.785412 0.012030 27.556585
v 37.143200 0.153862 26.664902
v 36.785412 0.012030 27.556585
v 29.878740 -0.039737 25.574614
v 30.337761 0.087894 24.743912
v 37.143200 0.153862 26.664902
v 36.785412 0.012030 27.556585
v 43.764820 0.085174 28.878765
v 43.537769 -0.005182 29.606808
v 36.500130 -0.078579 28.266893
v 36.785412 0.012030 27.556585
v 36.500130 -0.078579 28.266893
v 29.466570 -0.134130 26.345903
v 29.878740 -0.039737 25.574614
v 29.466570 -0.134130 26.345903
v 22.857031 -0.339590 23.234556
v 23.400240 -0.216966 22.455153
v 29.878740 -0.039737 25.574614
v 29.466570 -0.134130 26.345903
v 36.500130 -0.078579 28.266893
v 36.322540 -0.086855 28.403976
v 29.365129 -0.150106 26.284620
v 29.466570 -0.134130 26.345903
v 29.365129 -0.150106 26.284620
v 22.724110 -0.365210 23.413113
v 22.857031 -0.339590 23.234556
v 22.724110 -0.365210 23.413113
v 16.575050 -0.519069 20.055292
v 16.650330 -0.486479 19.664270
v 22.857031 -0.339590 23.234556
v 22.724110 -0.365210 23.413113
v 29.365129 -0.150106 26.284620
v 29.260340 -0.276239 26.230516
v 22.641331 -0.522056 23.369177
v 22.724110 -0.365210 23.413113
v 22.641331 -0.522056 23.369177
v 16.488550 -0.673257 20.047091
v 16.575050 -0.519069 20.055292
v 16.488550 -0.673257 20.047091
v 10.778950 -0.163218 16.679033
v 10.936330 -0.007225 16.581110
v 16.575050 -0.519069 20.055292
v 16.488550 -0.673257 20.047091
v 22.641331 -0.522056 23.369177
v 22.540751 -0.506717 23.124683
v 16.433081 -0.630130 19.554033
v 16.488550 -0.673257 20.047091
v 16.433081 -0.630130 19.554033
v 10.567890 -0.093101 16.038185
v 10.778950 -0.163218 16.679033
v 10.567890 -0.093101 16.038185
v 5.933130 -0.287280 13.067546
v 4.568570 -0.327149 13.617871
v 10.778950 -0.163218 16.679033
v 10.567890 -0.093101 16.038185
v 16.433081 -0.630130 19.554033
v 16.824520 -0.484311 18.712219
v 11.024260 0.098148 15.054956
v 10.567890 -0.093101 16.038185
v 11.024260 0.098148 15.054956
v 6.466510 -0.089013 11.737710
v 5.933130 -0.287280 13.067546
v 11.024260 0.098148 15.054956
v 16.824520 -0.484311 18.712219
v 17.263069 -0.300108 17.776733
v 12.415380 0.431011 13.631059
v 11.024260 0.098148 15.054956
v 12.415380 0.431011 13.631059
v 6.490370 0.089461 9.881237
v 6.466510 -0.089013 11.737710
v 12.415380 0.431011 13.631059
v 17.263069 -0.300108 17.776733
v 18.830780 0.151800 15.399442
v 14.322520 0.765387 11.367004
v 12.415380 0.431011 13.631059
v 14.322520 0.765387 11.367004
v 10.536580 0.771242 7.659612
v 6.490370 0.089461 9.881237
v 10.536580 0.771242 7.659612
v 7.938190 0.453527 4.986032
v 5.561040 0.103122 7.361256
v 6.490370 0.089461 9.881237
v 10.536580 0.771242 7.659612
v 14.322520 0.765387 11.367004
v 17.243111 0.898353 8.003115
v 14.788050 0.838296 4.608626
v 20.637850 0.953957 3.995260
v 17.243111 0.898353 8.003115
v 20.847521 0.601543 11.975951
v 23.475410 0.951257 7.916313
v 20.847521 0.601543 11.975951
v 17.243111 0.898353 8.003115
v 14.322520 0.765387 11.367004
v 20.847521 0.601543 11.975951
v 23.590580 -0.092573 20.042139
v 25.282881 0.465628 16.078136
v 20.847521 0.601543 11.975951
v 27.234980 0.945057 11.836742
v 23.475410 0.951257 7.916313
v 23.590580 -0.092573 20.042139
v 18.830780 0.151800 15.399442
v 17.263069 -0.300108 17.776733
v 23.134180 -0.282262 21.399189
v 23.590580 -0.092573 20.042139
v 23.134180 -0.282262 21.399189
v 29.566460 -0.022677 24.090416
v 29.865339 0.179612 22.656878
v 23.590580 -0.092573 20.042139
v 29.865339 0.179612 22.656878
v 30.433350 0.508958 20.114653
v 25.282881 0.465628 16.078136
v 29.865339 0.179612 22.656878
v 29.566460 -0.022677 24.090416
v 36.206631 -0.031409 26.664852
v 36.310841 0.148723 25.408991
v 29.865339 0.179612 22.656878
v 36.310841 0.148723 25.408991
v 36.604080 0.538606 22.642065
v 30.433350 0.508958 20.114653
v 36.310841 0.148723 25.408991
v 36.206631 -0.031409 26.664852
v 43.236801 0.005592 28.255985
v 43.248299 0.183722 27.067055
v 36.310841 0.148723 25.408991
v 43.248299 0.183722 27.067055
v 43.277599 0.575190 24.206636
v 36.604080 0.538606 22.642065
v 43.248299 0.183722 27.067055
v 43.236801 0.005592 28.255985
v 50.508049 0.119425 29.174103
v 50.455090 0.307508 27.877506
v 43.248299 0.183722 27.067055
v 50.455090 0.307508 27.877506
v 50.296322 0.705210 25.024008
v 43.277599 0.575190 24.206636
v 50.455090 0.307508 27.877506
v 50.508049 0.119425 29.174103
v 57.991539 0.270633 29.089176
v 57.815300 0.462650 27.732796
v 50.455090 0.307508 27.877506
v 57.815300 0.462650 27.732796
v 57.360870 0.845152 24.893671
v 50.296322 0.705210 25.024008
v 57.360870 0.845152 24.893671
v 57.815300 0.462650 27.732796
v 65.040222 0.517149 27.105442
v 63.868370 1.012741 23.240589
v 57.360870 0.845152 24.893671
v 63.868370 1.012741 23.240589
v 62.484322 1.499617 18.650885
v 56.479080 1.378854 20.159216
v 57.360870 0.845152 24.893671
v 56.479080 1.378854 20.159216
v 49.887451 1.219479 20.552507
v 50.296322 0.705210 25.024008
v 62.484322 1.499617 18.650885
v 63.868370 1.012741 23.240589
v 69.318550 1.131310 20.601507
v 67.230682 1.593972 16.016083
v 62.484322 1.499617 18.650885
v 67.230682 1.593972 16.016083
v 63.956600 1.894821 10.783202
v 60.157330 1.818072 13.374192
v 63.956600 1.894821 10.783202
v 67.082870 2.024879 8.157859
v 63.824150 2.323472 3.367618
v 61.148201 2.246309 5.575110
v 63.956600 1.894821 10.783202
v 61.148201 2.246309 5.575110
v 57.364521 2.158161 8.192338
v 60.157330 1.818072 13.374192
v 61.148201 2.246309 5.575110
v 63.824150 2.323472 3.367618
v 60.600189 2.591177 -0.986533
v 58.136780 2.531113 1.094067
v 61.148201 2.246309 5.575110
v 58.136780 2.531113 1.094067
v 54.611271 2.420764 3.701677
v 57.364521 2.158161 8.192338
v 63.824150 2.323472 3.367618
v 67.082870 2.024879 8.157859
v 68.844566 2.154107 6.299620
v 65.230492 2.366433 2.062542
v 63.824150 2.323472 3.367618
v 65.230492 2.366433 2.062542
v 61.963871 2.624508 -2.201880
v 60.600189 2.591177 -0.986533
v 68.844566 2.154107 6.299620
v 74.900970 1.904499 9.813251
v 69.897469 2.273356 4.910298
v 68.844566 2.154107 6.299620
v 69.897469 2.273356 4.910298
v 66.246422 2.397769 1.067980
v 65.230492 2.366433 2.062542
v 69.897469 2.273356 4.910298
v 74.900970 1.904499 9.813251
v 76.756470 2.087527 8.747705
v 71.192970 2.292872 4.122380
v 69.897469 2.273356 4.910298
v 71.192970 2.292872 4.122380
v 67.141502 2.432383 0.106882
v 66.246422 2.397769 1.067980
v 71.192970 2.292872 4.122380
v 76.756470 2.087527 8.747705
v 75.839691 2.187438 7.492463
v 71.188240 2.514878 3.480508
v 71.192970 2.292872 4.122380
v 71.188240 2.514878 3.480508
v 67.706810 2.526989 -0.665103
v 67.141502 2.432383 0.106882
v 71.188240 2.514878 3.480508
v 69.957481 2.595804 3.585499
v 66.597939 2.537832 -0.030331
v 67.706810 2.526989 -0.665103
v 71.188240 2.514878 3.480508
v 75.839691 2.187438 7.492463
v 74.543541 2.217377 7.661108
v 69.957481 2.595804 3.585499
v 74.543541 2.217377 7.661108
v 73.510078 2.159399 8.972103
v 68.742317 2.555285 4.618154
v 69.957481 2.595804 3.585499
v 74.543541 2.217377 7.661108
v 75.839691 2.187438 7.492463
v 80.465073 1.733516 11.232210
v 78.283257 1.680241 10.944701
v 74.543541 2.217377 7.661108
v 78.283257 1.680241 10.944701
v 77.087502 1.611019 12.289548
v 77.087502 1.611019 12.289548
v 78.283257 1.680241 10.944701
v 80.085487 1.674049 13.037944
v 78.056519 1.536164 13.654249
v 70.873802 0.935466 23.094572
v 65.092873 0.827596 25.878675
v 64.771530 1.164040 23.151903
v 70.721512 1.284096 20.499964
v 70.873802 0.935466 23.094572
v 71.355309 0.716765 25.457001
v 65.329262 0.549442 27.903151
v 65.092873 0.827596 25.878675
v 65.329262 0.549442 27.903151
v 58.431728 0.391533 29.296980
v 58.496250 0.564417 28.083721
v 65.092873 0.827596 25.878675
v 65.329262 0.549442 27.903151
v 71.355309 0.716765 25.457001
v 71.796516 0.425797 27.491449
v 65.816597 0.266143 29.938364
v 65.329262 0.549442 27.903151
v 65.816597 0.266143 29.938364
v 58.369518 0.246641 30.324780
v 58.431728 0.391533 29.296980
v 58.369518 0.246641 30.324780
v 50.824520 0.111597 30.444361
v 50.986591 0.221343 29.622675
v 58.431728 0.391533 29.296980
v 58.369518 0.246641 30.324780
v 65.816597 0.266143 29.938364
v 65.889320 0.173781 30.868511
v 58.306530 0.158534 31.290228
v 58.369518 0.246641 30.324780
v 58.306530 0.158534 31.290228
v 50.673050 0.102911 31.201988
v 50.824520 0.111597 30.444361
v 50.673050 0.102911 31.201988
v 43.436241 -0.010717 29.919476
v 43.537769 -0.005182 29.606808
v 50.824520 0.111597 30.444361
v 50.673050 0.102911 31.201988
v 58.306530 0.158534 31.290228
v 58.244869 0.125719 32.089928
v 50.553440 0.039525 31.600414
v 50.673050 0.102911 31.201988
v 50.553440 0.039525 31.600414
v 43.318192 -0.169147 30.065239
v 43.436241 -0.010717 29.919476
v 43.318192 -0.169147 30.065239
v 36.200432 -0.230786 28.438860
v 36.322540 -0.086855 28.403976
v 43.436241 -0.010717 29.919476
v 43.318192 -0.169147 30.065239
v 50.553440 0.039525 31.600414
v 50.544830 -0.062007 30.838488
v 43.202770 -0.171369 29.810379
v 43.318192 -0.169147 30.065239
v 43.202770 -0.171369 29.810379
v 36.118240 -0.226459 28.314875
v 36.200432 -0.230786 28.438860
v 36.118240 -0.226459 28.314875
v 29.181700 -0.265532 26.020493
v 29.260340 -0.276239 26.230516
v 36.200432 -0.230786 28.438860
v 36.118240 -0.226459 28.314875
v 43.202770 -0.171369 29.810379
v 43.224731 -0.111074 29.100256
v 36.152882 -0.160176 27.576754
v 36.118240 -0.226459 28.314875
v 36.152882 -0.160176 27.576754
v 29.362560 -0.169750 25.120262
v 29.181700 -0.265532 26.020493
v 29.362560 -0.169750 25.120262
v 22.832890 -0.405522 22.298914
v 22.540751 -0.506717 23.124683
v 29.181700 -0.265532 26.020493
v 29.362560 -0.169750 25.120262
v 36.152882 -0.160176 27.576754
v 36.206631 -0.031409 26.664852
v 29.566460 -0.022677 24.090416
v 29.362560 -0.169750 25.120262
v 29.566460 -0.022677 24.090416
v 23.134180 -0.282262 21.399189
v 22.832890 -0.405522 22.298914
v 22.832890 -0.405522 22.298914
v 16.824520 -0.484311 18.712219
v 16.433081 -0.630130 19.554033
v 22.540751 -0.506717 23.124683
v 22.832890 -0.405522 22.298914
v 23.134180 -0.282262 21.399189
v 17.263069 -0.300108 17.776733
v 16.824520 -0.484311 18.712219
v 36.152882 -0.160176 27.576754
v 43.224731 -0.111074 29.100256
v 43.236801 0.005592 28.255985
v 36.206631 -0.031409 26.664852
v 43.224731 -0.111074 29.100256
v 43.202770 -0.171369 29.810379
v 50.544830 -0.062007 30.838488
v 50.533360 -0.002793 30.065170
v 43.224731 -0.111074 29.100256
v 50.533360 -0.002793 30.065170
v 50.508049 0.119425 29.174103
v 43.236801 0.005592 28.255985
v 50.533360 -0.002793 30.065170
v 50.544830 -0.062007 30.838488
v 58.172760 0.014689 31.157110
v 58.098572 0.118896 30.173851
v 50.533360 -0.002793 30.065170
v 58.098572 0.118896 30.173851
v 57.991539 0.270633 29.089176
v 50.508049 0.119425 29.174103
v 58.098572 0.118896 30.173851
v 58.172760 0.014689 31.157110
v 65.801643 0.024730 30.734095
v 65.643463 0.139481 29.793697
v 58.098572 0.118896 30.173851
v 65.643463 0.139481 29.793697
v 65.440552 0.285202 28.741503
v 57.991539 0.270633 29.089176
v 65.440552 0.285202 28.741503
v 65.643463 0.139481 29.793697
v 72.229408 0.171101 28.401964
v 71.752197 0.287755 27.107000
v 65.440552 0.285202 28.741503
v 71.752197 0.287755 27.107000
v 70.774834 0.675640 24.467260
v 65.040222 0.517149 27.105442
v 65.440552 0.285202 28.741503
v 65.040222 0.517149 27.105442
v 57.815300 0.462650 27.732796
v 57.991539 0.270633 29.089176
v 70.774834 0.675640 24.467260
v 71.752197 0.287755 27.107000
v 76.444481 0.292123 24.617662
v 70.774834 0.675640 24.467260
v 69.318550 1.131310 20.601507
v 63.868370 1.012741 23.240589
v 65.040222 0.517149 27.105442
v 77.089851 1.186572 16.235657
v 78.966072 0.785554 19.463963
v 81.253052 0.877376 18.196762
v 79.658127 1.225112 14.620848
v 77.089851 1.186572 16.235657
v 79.658127 1.225112 14.620848
v 74.900970 1.904499 9.813251
v 79.658127 1.225112 14.620848
v 81.253052 0.877376 18.196762
v 83.963928 0.993098 17.612024
v 83.779831 2.161465 14.948498
v 79.658127 1.225112 14.620848
v 83.779831 2.161465 14.948498
v 76.756470 2.087527 8.747705
v 74.900970 1.904499 9.813251
v 81.253052 0.877376 18.196762
v 78.966072 0.785554 19.463963
v 79.864250 0.347158 22.613064
v 82.077660 0.434340 21.045279
v 81.253052 0.877376 18.196762
v 82.077660 0.434340 21.045279
v 84.017532 0.546888 20.037725
v 83.963928 0.993098 17.612024
v 82.077660 0.434340 21.045279
v 79.864250 0.347158 22.613064
v 80.549049 0.184216 24.503918
v 83.080879 0.801407 22.789381
v 82.077660 0.434340 21.045279
v 83.080879 0.801407 22.789381
v 84.628601 0.880525 21.655428
v 84.017532 0.546888 20.037725
v 83.080879 0.801407 22.789381
v 80.549049 0.184216 24.503918
v 81.098190 0.121339 25.242247
v 83.723221 0.610717 22.843517
v 83.080879 0.801407 22.789381
v 83.723221 0.610717 22.843517
v 85.235519 0.792990 20.861059
v 84.628601 0.880525 21.655428
v 83.723221 0.610717 22.843517
v 81.098190 0.121339 25.242247
v 80.962120 0.561979 24.806910
v 83.491943 0.692939 21.785336
v 83.723221 0.610717 22.843517
v 83.491943 0.692939 21.785336
v 85.102997 0.764028 19.424120
v 85.235519 0.792990 20.861059
v 83.491943 0.692939 21.785336
v 80.962120 0.561979 24.806910
v 80.514900 0.530750 23.273563
v 83.014908 0.667450 20.293196
v 83.491943 0.692939 21.785336
v 83.014908 0.667450 20.293196
v 84.750267 0.989575 17.957092
v 85.102997 0.764028 19.424120
v 83.014908 0.667450 20.293196
v 80.514900 0.530750 23.273563
v 80.058571 0.680671 21.279102
v 82.556549 1.059052 18.625814
v 83.014908 0.667450 20.293196
v 82.556549 1.059052 18.625814
v 84.280312 1.237565 16.544449
v 84.750267 0.989575 17.957092
v 82.556549 1.059052 18.625814
v 80.058571 0.680671 21.279102
v 79.776604 1.008307 18.758110
v 82.116074 1.260696 16.934698
v 82.556549 1.059052 18.625814
v 82.116074 1.260696 16.934698
v 83.978943 1.369998 15.608040
v 84.280312 1.237565 16.544449
v 82.116074 1.260696 16.934698
v 79.776604 1.008307 18.758110
v 78.880379 1.108287 16.782341
v 81.822487 1.229161 15.164799
v 82.116074 1.260696 16.934698
v 81.822487 1.229161 15.164799
v 83.277061 1.321196 14.408935
v 83.978943 1.369998 15.608040
v 81.822487 1.229161 15.164799
v 78.880379 1.108287 16.782341
v 78.056519 1.536164 13.654249
v 80.085487 1.674049 13.037944
v 81.822487 1.229161 15.164799
v 80.085487 1.674049 13.037944
v 81.532570 1.585786 12.703230
v 83.277061 1.321196 14.408935
v 76.583801 0.382389 24.473097
v 71.796516 0.425797 27.491449
v 71.355309 0.716765 25.457001
v 76.583801 0.382389 24.473097
v 80.058571 0.680671 21.279102
v 80.514900 0.530750 23.273563
v 77.066521 0.531237 26.432877
v 76.583801 0.382389 24.473097
v 77.066521 0.531237 26.432877
v 72.680931 0.119133 29.349390
v 71.796516 0.425797 27.491449
v 72.680931 0.119133 29.349390
v 65.889320 0.173781 30.868511
v 65.816597 0.266143 29.938364
v 71.796516 0.425797 27.491449
v 72.680931 0.119133 29.349390
v 77.066521 0.531237 26.432877
v 77.326973 -0.040021 27.490765
v 72.831520 0.178934 30.280436
v 72.680931 0.119133 29.349390
v 72.831520 0.178934 30.280436
v 65.946838 0.110609 31.625952
v 65.889320 0.173781 30.868511
v 65.946838 0.110609 31.625952
v 58.244869 0.125719 32.089928
v 58.306530 0.158534 31.290228
v 65.889320 0.173781 30.868511
v 65.946838 0.110609 31.625952
v 72.831520 0.178934 30.280436
v 72.534767 -0.050452 29.370419
v 65.801643 0.024730 30.734095
v 65.946838 0.110609 31.625952
v 65.801643 0.024730 30.734095
v 58.172760 0.014689 31.157110
v 58.244869 0.125719 32.089928
v 72.534767 -0.050452 29.370419
v 72.831520 0.178934 30.280436
v 77.326973 -0.040021 27.490765
v 77.795731 -0.083354 27.828529
v 72.534767 -0.050452 29.370419
v 77.795731 -0.083354 27.828529
v 77.249947 0.142840 26.534317
v 72.229408 0.171101 28.401964
v 72.534767 -0.050452 29.370419
v 72.229408 0.171101 28.401964
v 65.643463 0.139481 29.793697
v 65.801643 0.024730 30.734095
v 77.249947 0.142840 26.534317
v 77.795731 -0.083354 27.828529
v 81.098190 0.121339 25.242247
v 80.549049 0.184216 24.503918
v 77.249947 0.142840 26.534317
v 80.549049 0.184216 24.503918
v 79.864250 0.347158 22.613064
v 76.444481 0.292123 24.617662
v 77.249947 0.142840 26.534317
v 76.444481 0.292123 24.617662
v 71.752197 0.287755 27.107000
v 72.229408 0.171101 28.401964
v 77.795731 -0.083354 27.828529
v 77.326973 -0.040021 27.490765
v 80.962120 0.561979 24.806910
v 81.098190 0.121339 25.242247
v 77.326973 -0.040021 27.490765
v 77.066521 0.531237 26.432877
v 80.514900 0.530750 23.273563
v 80.962120 0.561979 24.806910
v 58.172760 0.014689 31.157110
v 50.544830 -0.062007 30.838488
v 50.553440 0.039525 31.600414
v 58.244869 0.125719 32.089928
v 29.181700 -0.265532 26.020493
v 22.540751 -0.506717 23.124683
v 22.641331 -0.522056 23.369177
v 29.260340 -0.276239 26.230516
v 36.200432 -0.230786 28.438860
v 29.260340 -0.276239 26.230516
v 29.365129 -0.150106 26.284620
v 36.322540 -0.086855 28.403976
v 43.436241 -0.010717 29.919476
v 36.322540 -0.086855 28.403976
v 36.500130 -0.078579 28.266893
v 43.537769 -0.005182 29.606808
v 50.824520 0.111597 30.444361
v 43.537769 -0.005182 29.606808
v 43.764820 0.085174 28.878765
v 50.986591 0.221343 29.622675
v 58.431728 0.391533 29.296980
v 50.986591 0.221343 29.622675
v 51.171230 0.364285 28.645098
v 58.496250 0.564417 28.083721
v 65.092873 0.827596 25.878675
v 58.496250 0.564417 28.083721
v 58.570259 0.837042 26.115408
v 64.771530 1.164040 23.151903
v 70.721512 1.284096 20.499964
v 64.771530 1.164040 23.151903
v 64.149261 1.576159 19.252632
v 69.311287 1.523228 16.796703
v 80.085487 1.674049 13.037944
v 78.283257 1.680241 10.944701
v 80.465073 1.733516 11.232210
v 81.532570 1.585786 12.703230
v 73.510078 2.159399 8.972103
v 67.284187 2.483212 5.751583
v 68.742317 2.555285 4.618154
v 69.957481 2.595804 3.585499
v 68.742317 2.555285 4.618154
v 65.447418 2.510552 0.654955
v 66.597939 2.537832 -0.030331
v 7.476240 0.360476 3.778312
v 8.003350 0.368738 2.751617
v 4.952550 0.052494 4.371212
v 5.059200 0.066021 5.540291
v 7.476240 0.360476 3.778312
v 5.059200 0.066021 5.540291
v 5.561040 0.103122 7.361256
v 7.938190 0.453527 4.986032
v 24.773090 1.070034 9.416726
v 21.847799 0.656808 13.014224
v 17.916731 1.038725 8.345397
v 22.076380 1.152984 5.032466
v 24.773090 1.070034 9.416726
v 29.279221 1.583345 6.321887
v 33.222061 1.641200 9.618149
v 29.714001 1.194756 13.188293
v 21.847799 0.656808 13.014224
v 14.336100 0.863038 11.818007
v 17.916731 1.038725 8.345397
v 14.336100 0.863038 11.818007
v 10.254190 0.905756 7.390611
v 15.229380 0.976298 4.273376
v 17.916731 1.038725 8.345397
v 14.336100 0.863038 11.818007
v 19.307421 0.177343 16.256580
v 17.906610 -0.171022 18.021315
v 12.303110 0.517570 14.059211
v 14.336100 0.863038 11.818007
v 12.303110 0.517570 14.059211
v 7.183150 0.356868 9.797504
v 10.254190 0.905756 7.390611
v 10.254190 0.905756 7.390611
v 7.183150 0.356868 9.797504
v 5.464510 0.257106 6.982006
v 8.802200 0.723209 5.229126
v 4.952550 0.052494 4.371212
v 2.338980 -0.369328 5.265451
v 3.314570 -0.204582 6.669637
v 5.059200 0.066021 5.540291
v 1.111190 -0.403209 4.301258
v 1.822980 -0.267945 5.854117
v 1.235000 -0.324469 6.013226
v 0.957630 -0.351405 5.285537
v 1.029960 -0.479065 11.552532
v 1.167280 -0.522991 10.187256
v 0.845750 -0.543070 9.682390
v 0.780690 -0.642149 10.516108
v 12.303110 0.517570 14.059211
v 11.526750 0.292287 15.064138
v 7.021210 0.185323 11.361331
v 7.183150 0.356868 9.797504
v 46.156040 2.173689 9.084439
v 47.160400 1.865277 13.815592
v 41.950779 1.771872 13.173462
v 41.987320 2.038780 9.318796
v 50.433651 2.675653 -2.096826
v 51.433182 2.681688 -7.226955
v 54.366711 2.658418 -4.262958
v 80.465073 1.733516 11.232210
v 75.839691 2.187438 7.492463
v 76.756470 2.087527 8.747705
v 83.779831 2.161465 14.948498
v 83.779831 2.161465 14.948498
v 84.280312 1.237565 16.544449
v 83.978943 1.369998 15.608040
v 83.277061 1.321196 14.408935
v 83.277061 1.321196 14.408935
v 81.532570 1.585786 12.703230
v 80.465073 1.733516 11.232210
v 83.779831 2.161465 14.948498
v 1.206860 -0.247753 10.584577
v 1.029960 -0.479065 11.552532
v 0.780690 -0.642149 10.516108
v 0.843780 -0.214984 9.823536
v 1.071490 -0.374516 6.993208
v 1.388440 -0.549799 7.006855
v 0.998410 -0.669191 5.886971
v 1.045380 -0.342661 6.181655
v 1.071490 -0.374516 6.993208
v 0.825350 -0.310279 8.403318
v 1.142130 -0.466315 8.443312
v 1.388440 -0.549799 7.006855
v 1.142130 -0.466315 8.443312
v 0.825350 -0.310279 8.403318
v 0.754560 -0.216245 9.356089
v 0.845750 -0.543070 9.682390
v 0.754560 -0.216245 9.356089
v 0.843780 -0.214984 9.823536
v 0.780690 -0.642149 10.516108
v 0.845750 -0.543070 9.682390
v 1.255620 -0.622110 5.500745
v 1.111190 -0.403209 4.301258
v 0.957630 -0.351405 5.285537
v 0.998410 -0.669191 5.886971
v 1.045380 -0.342661 6.181655
v 0.998410 -0.669191 5.886971
v 0.957630 -0.351405 5.285537
v 1.235000 -0.324469 6.013226
vn -0.3205 0.9464 -0.0404
vn -0.3826 0.9172 -0.1111
vn -0.3825 0.9173 -0.1110
vn -0.1622 0.9807 -0.1088
vn -0.1621 0.9808 -0.1088
vn -0.0961 0.9950 0.0267
vn -0.0451 0.9980 0.0434
vn -0.0315 0.9991 -0.0279
vn -0.0887 0.9958 -0.0243
vn -0.0888 0.9958 -0.0243
vn -0.0348 0.9986 0.0393
vn -0.0347 0.9986 0.0393
vn -0.1513 -0.9792 -0.1352
vn 0.0644 -0.9976 -0.0251
vn 0.0645 -0.9976 -0.0251
vn 0.0759 -0.9970 -0.0175
vn 0.0758 -0.9970 -0.0175
vn -0.6171 -0.6508 0.4422
vn 0.1987 -0.9064 -0.3727
vn 0.1952 -0.9197 -0.3407
vn -0.3893 0.9096 -0.1452
vn -0.3891 0.9097 -0.1453
vn -0.3891 0.9096 -0.1453
vn -0.3508 0.9364 -0.0022
vn -0.3970 0.9123 -0.1008
vn 0.6103 0.1241 -0.7824
vn 0.6104 0.1242 -0.7823
vn -0.3337 0.9418 0.0402
vn -0.1645 0.9503 -0.2642
vn -0.1644 0.9503 -0.2642
vn -0.4123 0.8986 -0.1498
vn -0.3524 0.9247 -0.1441
vn -0.1242 0.9883 -0.0882
vn -0.1239 0.9884 -0.0882
vn -0.1241 0.9883 -0.0882
vn -0.1026 0.9888 -0.1085
vn -0.1025 0.9888 -0.1084
vn -0.1026 0.9888 -0.1084
vn -0.1146 0.9884 -0.0995
vn -0.1147 0.9884 -0.0994
vn 0.0583 -0.9981 -0.0206
vn 0.0585 -0.9981 -0.0208
vn 0.0559 -0.9982 -0.0218
vn 0.0498 -0.9985 -0.0229
vn 0.0400 -0.9987 -0.0300
vn 0.0356 -0.9986 -0.0378
vn 0.0317 -0.9988 -0.0382
vn 0.0349 -0.9987 -0.0382
vn 0.1314 -0.9867 0.0954
vn 0.1314 -0.9867 0.0953
vn 0.0943 -0.9895 0.1100
vn 0.0944 -0.9894 0.1101
vn 0.0946 -0.9894 0.1102
vn 0.1193 -0.9913 0.0553
vn 0.1192 -0.9913 0.0553
vn 0.1190 -0.9914 0.0553
vn 0.0763 -0.9894 0.1233
vn 0.0764 -0.9894 0.1232
vn 0.0741 -0.9905 0.1155
vn 0.0658 -0.9922 0.1055
vn 0.0744 -0.9905 0.1156
vn 0.2184 -0.9745 0.0511
vn 0.2185 -0.9745 0.0511
vn 0.3856 -0.9123 0.1378
vn 0.2156 -0.9691 0.1196
vn 0.2731 -0.9611 -0.0422
vn 0.1842 -0.9791 -0.0863
vn 0.1867 -0.9696 -0.1581
vn 0.1867 -0.9696 -0.1580
vn 0.3038 -0.9522 -0.0317
vn 0.3039 -0.9522 -0.0317
vn 0.3038 -0.9522 -0.0316
vn 0.0676 -0.9960 -0.0575
vn 0.0677 -0.9960 -0.0575
vn 0.0676 -0.9961 -0.0575
vn 0.0378 -0.9896 -0.1389
vn 0.0378 -0.9896 -0.1388
vn 0.1744 -0.9305 -0.3221
vn 0.1744 -0.9305 -0.3222
vn -0.0331 0.9975 0.0621
vn -0.1390 0.9603 0.2418
vn -0.0597 0.9975 0.0374
vn -0.1615 0.9776 0.1352
vn -0.1615 0.9776 0.1351
vn -0.2911 0.9473 0.1339
vn -0.2912 0.9473 0.1339
vn -0.1732 0.9808 0.0895
vn -0.1731 0.9808 0.0894
vn -0.1969 0.9801 0.0237
vn -0.1969 0.9801 0.0236
vn -0.1258 0.9920 -0.0137
vn -0.1640 0.9855 -0.0436
vn -0.1670 0.9756 -0.1425
vn -0.1743 0.9715 -0.1605
vn -0.1312 0.9851 -0.1113
vn -0.0653 0.9921 -0.1075
vn -0.0638 0.9922 -0.1073
vn -0.0613 0.9923 -0.1076
vn -0.0705 0.9965 -0.0444
vn -0.0706 0.9965 -0.0444
vn -0.1255 0.9899 -0.0652
vn -0.1106 0.9938 0.0090
vn -0.1032 0.9946 0.0066
vn -0.0959 0.9954 0.0071
vn -0.1174 0.9931 0.0027
vn -0.1696 0.9853 -0.0219
vn -0.0989 0.9951 0.0053
vn -0.0988 0.9951 0.0053
vn -0.1060 0.9944 0.0019
vn 0.5150 -0.8348 0.1948
vn 0.5150 -0.8347 0.1948
vn -0.2010 0.9744 -0.1004
vn 0.2515 -0.9675 0.0263
vn 0.2514 -0.9675 0.0263
vn 0.0965 -0.9952 -0.0182
vn 0.0964 -0.9952 -0.0182
vn -0.1913 -0.9815 -0.0118
vn 0.0966 -0.9953 -0.0077
vn 0.1061 -0.9943 -0.0068
vn 0.0999 -0.9943 0.0365
vn 0.0998 -0.9943 0.0365
vn 0.1000 -0.9943 0.0365
vn 0.0935 -0.9952 0.0306
vn 0.0946 -0.9954 -0.0149
vn 0.1157 -0.9933 -0.0025
vn 0.1158 -0.9933 -0.0025
vn 0.0850 -0.9964 0.0066
vn 0.0104 -0.9992 -0.0395
vn 0.0099 -0.9992 -0.0395
vn -0.0221 -0.9985 -0.0501
vn 0.1129 -0.9936 -0.0050
vn 0.1148 -0.9934 -0.0066
vn 0.1126 -0.9936 -0.0043
vn -0.0278 -0.9981 -0.0554
vn 0.1012 -0.9923 -0.0710
vn 0.1012 -0.9923 -0.0709
vn 0.0105 -0.9995 -0.0282
vn 0.0107 -0.9993 -0.0367
vn -0.0277 -0.9984 -0.0499
vn -0.0277 -0.9984 -0.0498
vn 0.0239 -0.9976 -0.0652
vn 0.0239 -0.9976 -0.0654
vn 0.0239 -0.9976 -0.0653
vn -0.0211 -0.9974 -0.0692
vn -0.0212 -0.9974 -0.0692
vn 0.0197 0.9996 -0.0196
vn 0.0314 0.9990 -0.0311
vn -0.0072 0.9994 0.0348
vn -0.0071 0.9994 0.0348
vn 0.0306 0.9991 0.0287
vn 0.0306 0.9991 0.0286
vn -0.0055 0.9994 0.0330
vn -0.0055 0.9994 0.0331
vn 0.0165 0.9973 0.0721
vn 0.0164 0.9973 0.0721
vn -0.0712 0.9923 0.1014
vn -0.0712 0.9923 0.1013
vn 0.0024 0.9992 0.0408
vn -0.0600 0.9979 0.0262
vn -0.0581 0.9979 0.0291
vn -0.0558 0.9978 0.0355
vn -0.1116 0.9937 0.0028
vn -0.0737 0.9972 -0.0149
vn -0.0737 0.9972 -0.0150
vn -0.0736 0.9972 -0.0149
vn -0.0100 0.9992 0.0399
vn -0.0098 0.9992 0.0399
vn -0.0098 0.9991 0.0415
vn -0.0098 0.9991 0.0411
vn -0.0096 0.9991 0.0405
vn -0.0097 0.9991 0.0403
vn -0.0206 0.9991 0.0380
vn -0.0207 0.9991 0.0381
vn -0.0090 0.9990 0.0438
vn -0.0090 0.9990 0.0437
vn -0.0287 0.9981 0.0542
vn 0.0018 -0.9927 -0.1207
vn 0.0018 -0.9927 -0.1208
vn 0.0019 -0.9927 -0.1207
vn -0.0347 0.9971 0.0678
vn -0.0252 0.9993 0.0279
vn -0.0186 0.7816 0.6235
vn -0.0187 0.7816 0.6235
vn -0.0728 0.9456 0.3170
vn 0.0329 -0.9968 -0.0724
vn 0.0204 -0.9972 -0.0724
vn 0.0204 -0.9972 -0.0723
vn -0.0273 0.9991 -0.0336
vn -0.0273 0.9991 -0.0337
vn 0.0208 -0.9996 -0.0200
vn 0.0207 -0.9996 -0.0200
vn 0.0256 -0.9985 -0.0480
vn 0.0256 -0.9985 -0.0479
vn 0.0472 -0.9979 -0.0451
vn 0.0474 -0.9979 -0.0451
vn 0.0110 -0.9993 -0.0367
vn 0.0106 -0.9992 -0.0386
vn 0.0104 -0.9992 -0.0390
vn 0.0106 -0.9993 -0.0359
vn 0.0106 -0.9993 -0.0361
vn 0.0102 -0.9992 -0.0382
vn 0.0103 -0.9992 -0.0381
vn 0.0110 -0.9993 -0.0362
vn 0.0110 -0.9993 -0.0365
vn 0.0107 -0.9992 -0.0382
vn 0.0108 -0.9992 -0.0380
vn 0.0094 -0.9993 -0.0351
vn 0.0094 -0.9993 -0.0350
vn 0.0293 -0.9995 0.0110
vn 0.0631 -0.9974 0.0343
vn -0.0046 -0.9994 -0.0357
vn 0.0254 -0.9985 -0.0488
vn 0.0074 -0.9987 -0.0497
vn 0.0073 -0.9987 -0.0496
vn -0.0016 -0.9995 -0.0314
vn 0.0190 -0.9989 -0.0431
vn 0.0096 -0.9993 -0.0353
vn -0.0104 -0.9994 -0.0338
vn -0.0079 -0.9996 -0.0270
vn 0.0607 -0.9968 -0.0518
vn 0.0608 -0.9968 -0.0518
vn 0.0276 -0.9991 -0.0325
vn 0.0064 -0.9998 -0.0176
vn 0.0065 -0.9998 -0.0176
vn -0.0883 0.9946 0.0549
vn 0.0023 -0.9996 -0.0292
vn 0.0022 -0.9996 -0.0291
vn 0.0023 -0.9996 -0.0291
vn 0.2300 0.9651 -0.1248
vn 0.2300 0.9652 -0.1248
vn 0.1136 0.9908 -0.0737
vn 0.1135 0.9908 -0.0737
vn -0.0566 -0.9980 0.0294
vn -0.0180 0.9992 0.0370
vn -0.0354 0.9988 0.0336
vn -0.0084 0.9997 0.0214
vn -0.0083 0.9997 0.0213
vn 0.0035 0.9996 0.0278
vn 0.0036 0.9996 0.0278
vn -0.0106 0.9999 0.0117
vn -0.0106 0.9999 0.0116
vn -0.0018 0.9996 0.0278
vn -0.0016 0.9996 0.0277
vn -0.0242 0.9990 0.0370
vn -0.0096 0.9990 0.0437
vn -0.0097 0.9990 0.0437
vn -0.0180 0.9987 0.0467
vn -0.0179 0.9987 0.0467
vn 0.0079 0.9986 0.0527
vn -0.0020 0.9990 0.0454
vn -0.0721 0.9965 -0.0426
vn -0.0722 0.9965 -0.0427
vn -0.0256 0.9996 -0.0149
vn -0.0318 0.9995 -0.0018
vn -0.0317 0.9995 -0.0018
vn -0.0116 0.9993 0.0342
vn -0.0097 0.9991 0.0422
vn -0.0096 0.9991 0.0422
vn -0.0097 0.9991 0.0421
vn 0.0072 0.9976 0.0682
vn -0.0044 0.9983 0.0582
vn -0.0044 0.9983 0.0581
vn -0.0046 0.9983 0.0578
vn -0.0045 0.9983 0.0580
vn -0.0059 0.9985 0.0551
vn -0.0059 0.9985 0.0552
vn 0.0825 -0.9830 0.1640
vn 0.1320 -0.8935 0.4292
vn 0.0995 -0.1767 0.9792
vn 0.0995 -0.1766 0.9792
vn 0.0129 -0.9995 -0.0275
vn 0.0129 -0.9995 -0.0276
vn 0.0114 -0.9983 -0.0566
vn 0.0114 -0.9983 -0.0565
vn 0.0036 -0.3125 0.9499
vn 0.0036 -0.3126 0.9499
vn 0.0102 -0.9946 -0.1032
vn 0.0132 -0.9994 -0.0304
vn 0.0133 -0.9995 -0.0303
vn 0.0132 -0.9994 -0.0305
vn 0.0611 -0.9966 0.0557
vn 0.0165 -0.9995 -0.0252
vn -0.0079 -0.9996 -0.0277
vn 0.0434 -0.9990 0.0124
vn 0.0234 -0.9989 -0.0403
vn 0.0732 -0.9971 -0.0223
vn 0.1567 -0.9849 -0.0735
vn 0.1566 -0.9849 -0.0735
vn 0.0137 0.9991 0.0395
vn 0.0138 0.9991 0.0395
vn 0.0024 0.9989 0.0472
vn 0.0025 0.9989 0.0472
vn -0.0027 0.9997 0.0255
vn 0.9897 0.0490 -0.1344
vn 0.9897 0.0490 -0.1343
vn 0.9897 0.0489 -0.1343
vn 0.0990 0.9889 0.1105
vn 0.0989 0.9889 0.1105
vn -0.0095 0.9990 0.0436
vn -0.0095 0.9990 0.0432
vn -0.0094 0.9990 0.0431
vn -0.0093 0.9990 0.0433
vn -0.0080 0.9987 0.0507
vn -0.0080 0.9987 0.0506
vn -0.0099 0.9991 0.0415
vn -0.0099 0.9991 0.0414
vn -0.0101 0.9993 0.0366
vn -0.0103 0.9991 0.0399
vn -0.0089 0.9993 0.0354
vn -0.0086 0.9993 0.0366
vn -0.0080 0.9993 0.0373
vn 0.0016 -1.0000 0.0060
vn 0.0127 -0.9996 -0.0270
vn 0.0098 -0.9999 -0.0093
vn 0.0241 -0.9987 -0.0440
vn 0.0135 -0.9990 -0.0425
vn 0.0306 -0.9983 -0.0486
vn 0.0047 -1.0000 -0.0030
vn 0.0131 -0.9998 -0.0117
vn 0.0131 -0.9998 -0.0118
vn 0.0113 -0.9994 -0.0336
vn 0.0223 -0.9989 -0.0416
vn 0.0222 -0.9989 -0.0413
vn 0.0205 -0.9990 -0.0401
vn 0.0612 -0.9974 0.0374
vn 0.0632 -0.9972 0.0407
vn 0.0704 -0.9963 0.0485
vn 0.0728 -0.9965 0.0402
vn 0.0727 -0.9965 0.0402
vn 0.0625 -0.9913 0.1155
vn 0.0447 -0.9934 0.1058
vn 0.0726 -0.9966 0.0397
vn 0.0727 -0.9966 0.0397
vn 0.0008 -0.9950 0.1002
vn 0.0007 -0.9950 0.1002
vn -0.0568 0.9927 -0.1064
vn 0.7818 0.5223 0.3405
vn 0.7818 0.5224 0.3405
vn -0.1019 0.9862 -0.1307
vn -0.1619 0.9780 -0.1318
vn -0.1618 0.9780 -0.1318
vn -0.0661 0.9906 -0.1202
vn -0.0659 0.9906 -0.1200
vn -0.0961 0.9882 -0.1196
vn -0.0960 0.9882 -0.1196
vn -0.0892 0.9896 -0.1131
vn -0.1110 0.9900 -0.0871
vn -0.1184 0.9864 -0.1137
vn -0.1902 0.9742 -0.1215
vn -0.1568 0.9811 -0.1131
vn -0.2426 0.9637 -0.1114
vn -0.2403 0.9654 -0.1013
vn -0.7982 0.5968 -0.0817
vn -0.5958 0.8017 -0.0477
vn -0.5959 0.8017 -0.0477
vn 0.9746 -0.1321 -0.1810
vn 0.9746 -0.1322 -0.1810
vn 0.9746 -0.1322 -0.1809
vn 0.8558 0.5092 -0.0913
vn 0.8558 0.5092 -0.0912
vn 0.4869 -0.8724 -0.0433
vn 0.4870 -0.8723 -0.0433
vn 0.3338 -0.9298 0.1548
vn 0.2282 -0.9695 0.0889
vn 0.2871 -0.9486 0.1331
vn 0.1155 -0.9867 0.1140
vn 0.1154 -0.9868 0.1141
vn 0.1153 -0.9868 0.1141
vn 0.1154 -0.9868 0.1140
vn 0.1323 -0.9837 0.1215
vn 0.1322 -0.9837 0.1215
vn 0.0757 -0.9908 0.1126
vn 0.0758 -0.9907 0.1126
vn 0.0713 -0.9913 0.1103
vn 0.0717 -0.9913 0.1105
vn 0.0715 -0.9913 0.1103
vn -0.0831 -0.9946 0.0617
vn -0.0832 -0.9946 0.0617
vn 0.0719 -0.9914 0.1095
vn 0.0718 -0.9914 0.1095
vn 0.0769 -0.9908 0.1109
vn 0.0770 -0.9908 0.1109
vn -0.2333 0.9619 -0.1425
vn -0.2333 0.9619 -0.1424
vn -0.2960 -0.9548 -0.0267
vn -0.2959 -0.9548 -0.0266
vn -0.2960 -0.9548 -0.0266
vn -0.0798 0.9908 -0.1096
vn -0.0798 0.9908 -0.1095
vn -0.0892 0.9897 -0.1118
vn -0.0863 0.9897 -0.1146
vn -0.0862 0.9897 -0.1146
vn -0.0939 0.9891 -0.1131
vn -0.0940 0.9891 -0.1131
vn -0.0926 0.9891 -0.1142
vn -0.0927 0.9891 -0.1142
vn -0.1032 0.9884 -0.1110
vn -0.1032 0.9884 -0.1111
vn -0.1033 0.9884 -0.1111
vn -0.8495 -0.5206 -0.0861
vn -0.8495 -0.5205 -0.0862
vn -0.8495 -0.5206 -0.0862
vn -0.4112 -0.9114 0.0173
vn 0.0875 -0.9897 0.1137
vn 0.1179 -0.9874 0.1058
vn 0.1178 -0.9874 0.1058
vn 0.2232 -0.9705 0.0914
vn 0.2231 -0.9705 0.0914
vn 0.2230 -0.9705 0.0914
vn 0.1858 -0.9799 0.0724
vn 0.1862 -0.9798 0.0724
vn 0.1863 -0.9798 0.0724
vn 0.1753 -0.9819 0.0716
vn 0.4655 -0.8803 0.0918
vn 0.4656 -0.8802 0.0917
vn 0.4656 -0.8802 0.0918
vn 0.1079 -0.9861 0.1262
vn 0.1078 -0.9861 0.1262
vn 0.1414 -0.9893 0.0352
vn 0.1414 -0.9893 0.0351
vn 0.1414 -0.9893 0.0350
vn -0.0628 0.9319 -0.3572
vn -0.0628 0.9319 -0.3573
vn -0.1985 0.9678 -0.1548
vn -0.1886 0.9797 -0.0675
vn -0.1886 0.9797 -0.0673
vn -0.1609 0.9845 -0.0698
vn -0.1610 0.9845 -0.0698
vn -0.1611 0.9845 -0.0698
vn -0.2147 0.9720 -0.0958
vn -0.2147 0.9720 -0.0957
vn -0.2146 0.9720 -0.0959
vn -0.2146 0.9720 -0.0960
vn -0.1951 0.9767 -0.0890
vn 0.6884 -0.6028 -0.4034
vn 0.7617 -0.6352 -0.1275
vn 0.7618 -0.6352 -0.1275
vn -0.1958 0.9755 -0.1000
vn 0.0672 -0.9900 0.1240
vn 0.0671 -0.9900 0.1240
vn -0.2167 -0.9762 -0.0081
vn 0.1405 -0.9900 0.0078
vn 0.1406 -0.9900 0.0080
vn 0.1406 -0.9900 0.0081
vn 0.3522 -0.9199 0.1725
vn 0.3522 -0.9199 0.1726
vn -0.4113 0.8971 -0.1613
vn -0.4114 0.8971 -0.1613
vn -0.8867 0.4020 -0.2283
vn -0.8867 0.4021 -0.2283
vn 0.0412 -0.9991 -0.0007
vn 0.0410 -0.9992 -0.0008
vn -0.0573 0.9984 -0.0010
vn -0.0572 0.9984 -0.0010
vn 0.5853 -0.3315 -0.7399
vn 0.5854 -0.3315 -0.7399
vn -0.8309 0.3821 0.4045
vn -0.9891 0.0850 0.1204
vn -0.9893 0.0833 0.1198
vn -0.6592 0.5766 0.4826
vn -0.6592 0.5767 0.4825
vn -0.6593 0.5767 0.4825
vn -0.8834 0.1794 0.4329
vn -0.8834 0.1793 0.4329
vn -0.8834 0.1793 0.4330
vn 0.1145 0.9376 0.3283
vn 0.1145 0.9376 0.3282
vn -0.1829 -0.9244 -0.3346
vn 0.4074 0.9024 0.1403
vn 0.4073 0.9024 0.1403
vn 0.4073 0.9025 0.1403
vn 0.0945 -0.9835 0.1541
vn 0.0946 -0.9835 0.1541
vn 0.9998 0.0147 -0.0114
vn 0.9998 0.0148 -0.0114
vn 0.0979 -0.9919 -0.0812
vn 0.0980 -0.9919 -0.0812
vn 0.1393 -0.9902 0.0120
vn 0.1394 -0.9902 0.0120
vn 0.1395 -0.9901 -0.0122
vn 0.1394 -0.9902 -0.0122
vn 0.1140 -0.9912 -0.0671
vn 0.1161 -0.9922 -0.0455
vn -0.0709 -0.9856 -0.1533
vn -0.0751 0.9967 0.0320
vn -0.1309 0.9914 0.0087
vn -0.1263 0.9919 -0.0140
vn -0.1264 0.9919 -0.0140
vn -0.1059 0.9913 0.0777
vn -0.1060 0.9913 0.0777
vn -0.1275 0.9899 0.0616
vn -0.1275 0.9899 0.0615
vn -0.0397 0.9976 0.0569
vn -0.0396 0.9976 0.0569
vn -0.0464 0.9972 0.0591
vn -0.0464 0.9972 0.0592
vn -0.0464 0.9972 0.0593
vn -0.0354 0.9971 0.0669
vn -0.0352 0.9971 0.0668
vn 0.0308 -0.9979 -0.0573
vn 0.0308 -0.9979 -0.0574
vn 0.0307 -0.9979 -0.0574
vn 0.0228 -0.9972 -0.0707
vn 0.0230 -0.9972 -0.0709
vn 0.0231 -0.9972 -0.0712
vn 0.0230 -0.9972 -0.0710
vn 0.0337 -0.9974 -0.0644
vn 0.0337 -0.9974 -0.0643
vn 0.0338 -0.9974 -0.0639
vn 0.0464 -0.9970 -0.0614
vn 0.0462 -0.9970 -0.0621
vn 0.0423 -0.9976 -0.0554
vn 0.0420 -0.9976 -0.0553
vn 0.0501 -0.9976 -0.0477
vn 0.0371 -0.9980 -0.0508
vn 0.0371 -0.9980 -0.0507
vn 0.0371 -0.9980 -0.0509
vn 0.0413 -0.9990 0.0196
vn 0.0399 -0.9990 0.0216
vn 0.0397 -0.9990 0.0221
vn 0.0625 -0.9980 -0.0098
vn 0.0558 -0.9984 -0.0050
vn 0.0563 -0.9984 -0.0066
vn 0.0048 -0.9994 -0.0348
vn 0.0391 -0.9959 -0.0813
vn 0.0891 -0.9939 -0.0649
vn 0.0885 -0.9941 -0.0624
vn 0.0979 -0.9919 -0.0805
vn 0.0595 0.9931 -0.1007
vn 0.0418 0.9806 -0.1916
vn 0.0403 0.9813 -0.1885
vn 0.0798 0.9960 -0.0398
vn 0.0019 0.9993 0.0372
vn -0.0651 0.9979 0.0049
vn -0.0662 0.9978 0.0078
vn -0.0539 0.9985 -0.0009
vn -0.0076 0.9993 0.0364
vn -0.0075 0.9993 0.0364
vn -0.0029 0.9997 0.0244
vn -0.0027 0.9999 0.0165
vn -0.0027 0.9999 0.0166
vn -0.0032 0.9997 -0.0261
vn -0.0032 0.9997 -0.0260
vn -0.0239 0.9995 -0.0192
vn -0.0240 0.9995 -0.0192
vn -0.0149 0.9999 -0.0075
vn -0.0149 0.9999 -0.0076
vn 0.0270 0.9972 0.0703
vn 0.0270 0.9972 0.0702
vn 0.0271 0.9972 0.0699
vn 0.0165 0.9978 0.0646
vn 0.0166 0.9978 0.0646
vn -0.0004 0.9983 0.0589
vn -0.0004 0.9983 0.0591
vn -0.0004 0.9983 0.0590
vn 0.0179 0.9991 0.0378
vn 0.0180 0.9991 0.0377
vn -0.0063 0.9987 0.0504
vn -0.0223 0.9976 0.0660
vn -0.0223 0.9976 0.0659
vn -0.0222 0.9976 0.0657
vn -0.0261 0.9946 0.1001
vn -0.0263 0.9946 0.1004
vn -0.0258 0.9947 0.0997
vn -0.0336 0.9946 0.0985
vn -0.0326 0.9944 0.1005
vn -0.0402 0.9943 0.0991
vn -0.0407 0.9942 0.0999
vn -0.0385 0.9945 0.0978
vn -0.0367 0.9913 0.1260
vn -0.0369 0.9913 0.1262
vn -0.0451 0.9912 0.1248
vn -0.0451 0.9912 0.1247
vn -0.0451 0.9911 0.1249
vn -0.0778 0.9912 0.1074
vn -0.0778 0.9912 0.1073
vn -0.0488 0.9896 0.1356
vn -0.0489 0.9896 0.1356
vn -0.0808 0.9899 0.1164
vn -0.0808 0.9899 0.1165
vn -0.0872 0.9888 0.1212
vn -0.0812 0.9901 0.1142
vn -0.0908 0.9883 0.1227
vn -0.0196 0.9804 0.1959
vn -0.0830 0.9910 0.1051
vn -0.0831 0.9910 0.1051
vn -0.0169 0.9826 0.1852
vn -0.1219 0.9849 0.1227
vn 0.0112 0.9910 0.1332
vn 0.0113 0.9910 0.1332
vn -0.0976 0.9898 0.1040
vn -0.0701 0.9955 0.0644
vn -0.1892 0.9331 0.3058
vn -0.1290 0.9773 0.1682
vn -0.1290 0.9773 0.1683
vn -0.1590 0.9703 0.1825
vn -0.1589 0.9703 0.1825
vn 0.0245 -0.9996 0.0171
vn 0.0245 -0.9996 0.0170
vn 0.0522 -0.9977 0.0427
vn 0.0521 -0.9977 0.0427
vn 0.0523 -0.9977 0.0427
vn -0.0462 0.9979 0.0459
vn -0.0460 0.9972 0.0596
vn -0.0461 0.9972 0.0593
vn -0.0461 0.9972 0.0592
vn -0.3208 0.9416 -0.1023
vn -0.3207 0.9416 -0.1023
vn -0.0568 0.9983 -0.0145
vn -0.2361 0.9697 -0.0620
vn -0.2361 0.9698 -0.0620
vn -0.2828 0.9592 0.0018
vn -0.0829 0.9931 -0.0826
vn 0.1404 -0.9883 0.0596
vn 0.1405 -0.9883 0.0596
vn 0.1146 -0.9928 -0.0339
vn 0.1995 -0.9795 0.0294
vn 0.1996 -0.9794 0.0294
vn 0.1971 -0.9804 0.0029
vn 0.1972 -0.9804 0.0029
vn 0.2278 -0.9392 -0.2571
vn 0.2278 -0.9391 -0.2571
vn -0.1782 0.9839 0.0111
vn -0.1783 0.9839 0.0110
vn -0.1784 0.9839 0.0110
vn -0.0667 -0.8036 -0.5915
vn -0.0667 -0.8035 -0.5915
vn -0.1274 0.9918 -0.0095
vn -0.1274 0.9918 -0.0096
vn -0.4227 -0.1657 -0.8910
vn -0.4227 -0.1658 -0.8910
vn -0.1341 0.9902 -0.0398
vn -0.1362 0.9906 -0.0099
vn -0.1363 0.9906 -0.0099
vn -0.0682 0.9965 0.0488
vn -0.0683 0.9965 0.0488
vn -0.0681 0.9965 0.0488
vn -0.0554 0.9971 0.0527
vn -0.0556 0.9971 0.0526
vn -0.0558 0.9971 0.0526
vn -0.0448 0.9979 0.0472
vn -0.0446 0.9979 0.0469
vn -0.0462 0.9976 0.0521
vn -0.0368 0.9980 0.0506
vn -0.0368 0.9980 0.0507
vn -0.0368 0.9980 0.0505
vn -0.0319 0.9986 0.0417
vn -0.0322 0.9986 0.0419
vn -0.0281 0.9987 0.0430
vn -0.0226 0.9979 0.0604
vn -0.0226 0.9979 0.0605
vn -0.0225 0.9979 0.0602
vn -0.0316 0.9978 0.0579
vn -0.0315 0.9978 0.0580
vn -0.0082 1.0000 -0.0048
vn -0.0041 1.0000 -0.0034
vn -0.0109 0.9998 0.0167
vn -0.0109 0.9998 0.0166
vn -0.0108 0.9998 0.0164
vn -0.0108 0.9998 0.0166
vn 0.0669 -0.9963 -0.0548
vn 0.0669 -0.9963 -0.0547
vn 0.0669 -0.9962 -0.0549
vn 0.0578 -0.9968 -0.0552
vn 0.0578 -0.9968 -0.0554
vn 0.0640 -0.9919 -0.1101
vn 0.0606 -0.9922 -0.1089
vn 0.0524 -0.9934 -0.1023
vn 0.0347 -0.9927 -0.1155
vn 0.0317 -0.9925 -0.1181
vn 0.0316 -0.9925 -0.1179
vn 0.0314 -0.9926 -0.1177
vn -0.0037 -0.9980 -0.0631
vn -0.0038 -0.9980 -0.0635
vn -0.0055 -0.9982 -0.0593
vn -0.0044 -0.9983 -0.0587
vn -0.0046 -0.9983 -0.0588
vn -0.0049 -0.9983 -0.0588
vn -0.0047 -0.9983 -0.0588
vn 0.0154 -0.9973 -0.0719
vn 0.0154 -0.9973 -0.0717
vn 0.0154 -0.9973 -0.0718
vn 0.0101 -0.9997 -0.0201
vn 0.0100 -0.9997 -0.0201
vn 0.0217 -0.9989 -0.0419
vn -0.0075 -0.9992 -0.0394
vn -0.0005 -0.9993 -0.0382
vn 0.0157 -0.9992 -0.0367
vn 0.0163 -0.9991 -0.0401
vn 0.0139 -0.9999 -0.0065
vn 0.0139 -0.9999 -0.0064
vn -0.0175 -0.9991 -0.0394
vn -0.0174 -0.9991 -0.0394
vn 0.0211 -0.9998 0.0036
vn 0.0210 -0.9998 0.0037
vn -0.0257 -0.9990 -0.0369
vn -0.0261 -0.9990 -0.0368
vn -0.0265 -0.9990 -0.0367
vn -0.0262 -0.9990 -0.0368
vn 0.0262 -0.9996 0.0042
vn 0.0263 -0.9996 0.0041
vn -0.0343 -0.9993 -0.0133
vn -0.0344 -0.9993 -0.0133
vn 0.0258 -0.9997 0.0035
vn -0.0082 -0.9997 -0.0219
vn -0.0082 -0.9997 -0.0218
vn -0.0187 -0.9988 -0.0447
vn -0.0147 -0.9989 -0.0455
vn -0.0148 -0.9989 -0.0454
vn -0.0147 -0.9989 -0.0454
vn 0.0281 -0.9996 -0.0011
vn 0.0378 -0.9958 -0.0834
vn 0.0684 -0.9970 -0.0356
vn 0.0380 0.9989 0.0282
vn 0.0381 0.9989 0.0282
vn 0.0296 0.9987 -0.0417
vn 0.0176 0.9986 0.0496
vn -0.0098 0.9999 -0.0072
vn 0.0195 0.9984 0.0538
vn -0.0150 0.9999 -0.0060
vn -0.0151 0.9999 -0.0059
vn 0.0398 0.9978 0.0538
vn 0.0397 0.9978 0.0538
vn 0.0398 0.9978 0.0537
vn -0.0259 0.9996 0.0147
vn -0.0190 0.9996 0.0190
vn -0.0143 0.9991 0.0395
vn -0.0011 0.9979 0.0655
vn -0.0010 0.9978 0.0655
vn 0.0249 0.9989 0.0407
vn 0.0184 0.9984 0.0542
vn 0.0342 0.9963 0.0788
vn 0.0341 0.9963 0.0788
vn 0.0002 0.9973 0.0731
vn 0.0086 0.9968 0.0791
vn -0.0015 0.9975 0.0708
vn -0.0150 0.9947 0.1017
vn -0.0116 0.9954 0.0952
vn -0.0137 0.9949 0.1001
vn 0.0072 0.9936 0.1129
vn 0.0072 0.9936 0.1128
vn -0.0132 0.9921 0.1251
vn -0.0277 0.9913 0.1285
vn -0.0278 0.9913 0.1287
vn -0.0277 0.9913 0.1286
vn -0.0158 0.9902 0.1390
vn -0.0157 0.9902 0.1389
vn -0.0310 0.9890 0.1445
vn -0.0389 0.9885 0.1461
vn -0.0389 0.9885 0.1460
vn -0.0328 0.9894 0.1416
vn -0.0375 0.9890 0.1428
vn -0.0375 0.9890 0.1430
vn -0.0375 0.9890 0.1429
vn -0.0463 0.9900 0.1329
vn -0.0319 0.9930 0.1133
vn -0.0320 0.9930 0.1138
vn -0.0375 0.9936 0.1064
vn -0.0374 0.9936 0.1064
vn -0.0375 0.9936 0.1065
vn -0.0736 0.9929 0.0936
vn -0.0484 0.9892 0.1385
vn -0.0484 0.9892 0.1384
vn -0.0483 0.9892 0.1385
vn -0.0993 0.9836 0.1507
vn -0.0992 0.9836 0.1506
vn -0.0674 0.9947 0.0770
vn -0.0674 0.9948 0.0770
vn -0.3946 -0.0562 0.9171
vn -0.4763 0.1130 0.8720
vn -0.4763 0.1131 0.8720
vn -0.4018 0.5315 0.7457
vn -0.4018 0.5316 0.7457
vn -0.4017 0.5316 0.7457
vn 0.0754 -0.9927 -0.0946
vn 0.0754 -0.9926 -0.0946
vn 0.0755 -0.9926 -0.0947
vn -0.0359 -0.9952 -0.0910
vn -0.0359 -0.9952 -0.0909
vn 0.0547 -0.9977 -0.0392
vn 0.0547 -0.9977 -0.0391
vn 0.0135 -0.9844 -0.1756
vn 0.0135 -0.9844 -0.1755
vn 0.1195 -0.9862 -0.1149
vn 0.0233 -0.9802 -0.1968
vn 0.1190 -0.9876 -0.1026
vn 0.0026 -0.9863 -0.1651
vn 0.0026 -0.9863 -0.1652
vn 0.1023 -0.9908 -0.0886
vn 0.1350 -0.9903 -0.0337
vn 0.0194 -0.9998 -0.0094
vn 0.0194 -0.9998 -0.0095
vn 0.0078 -0.9990 -0.0443
vn 0.0079 -0.9990 -0.0443
vn -0.0276 -0.9982 -0.0528
vn -0.0159 -0.9952 -0.0970
vn -0.0197 -0.9977 -0.0647
vn 0.0732 -0.9911 -0.1108
vn 0.0680 -0.9917 -0.1095
vn 0.0594 -0.9926 -0.1056
vn 0.0522 -0.9972 -0.0545
vn 0.0506 -0.9974 -0.0506
vn 0.0520 -0.9961 -0.0708
vn 0.0781 -0.9888 -0.1276
vn 0.0781 -0.9887 -0.1276
vn 0.0893 -0.9894 -0.1148
vn 0.0882 -0.9906 -0.1044
vn 0.0882 -0.9906 -0.1045
vn 0.0512 -0.9898 -0.1331
vn 0.0525 -0.9907 -0.1257
vn 0.0384 -0.9890 -0.1431
vn 0.0373 -0.9901 -0.1351
vn 0.0372 -0.9901 -0.1356
vn 0.0337 -0.9887 -0.1462
vn 0.0334 -0.9900 -0.1374
vn 0.0334 -0.9899 -0.1375
vn 0.0182 -0.9895 -0.1435
vn 0.0182 -0.9895 -0.1434
vn 0.0182 -0.9895 -0.1432
vn 0.0182 -0.9895 -0.1433
vn 0.0176 -0.9903 -0.1377
vn 0.0177 -0.9903 -0.1376
vn 0.0176 -0.9903 -0.1376
vn -0.0053 -0.9917 -0.1286
vn -0.0044 -0.9942 -0.1078
vn -0.0043 -0.9942 -0.1078
vn 0.0171 -0.9932 -0.1152
vn 0.0174 -0.9932 -0.1155
vn -0.0271 -0.9953 -0.0929
vn -0.0272 -0.9953 -0.0927
vn -0.0272 -0.9953 -0.0926
vn -0.0118 -0.9986 -0.0524
vn -0.0120 -0.9986 -0.0524
vn -0.0123 -0.9983 -0.0575
vn -0.0122 -0.9983 -0.0575
vn -0.0174 -0.9982 -0.0571
vn -0.0175 -0.9982 -0.0570
vn -0.0174 -0.9982 -0.0572
vn -0.0175 -0.9982 -0.0569
vn -0.0159 -0.9986 -0.0512
vn -0.0160 -0.9986 -0.0511
vn -0.0161 -0.9986 -0.0511
vn -0.0113 -0.9985 -0.0534
vn -0.0113 -0.9985 -0.0537
vn -0.0112 -0.9985 -0.0540
vn -0.0113 -0.9985 -0.0536
vn -0.0012 -0.9985 -0.0556
vn -0.0165 -0.9987 -0.0485
vn -0.0166 -0.9987 -0.0484
vn 0.0033 -0.9974 -0.0719
vn 0.0114 -0.9963 -0.0854
vn -0.0013 -0.9976 -0.0687
vn 0.0121 -0.9985 -0.0525
vn 0.0122 -0.9985 -0.0525
vn 0.0174 -0.9967 -0.0793
vn 0.0174 -0.9967 -0.0794
vn -0.0012 -0.9995 -0.0324
vn -0.0011 -0.9995 -0.0324
vn 0.1489 -0.9605 -0.2353
vn 0.1488 -0.9605 -0.2353
vn 0.1488 -0.9605 -0.2352
vn 0.1519 -0.9756 -0.1583
vn 0.1518 -0.9757 -0.1583
vn 0.0292 0.9991 -0.0316
vn 0.0474 0.9983 0.0330
vn 0.0240 0.9976 0.0650
vn 0.0240 0.9976 0.0649
vn -0.0119 0.9881 0.1535
vn -0.0119 0.9881 0.1536
vn 0.0549 0.9931 0.1032
vn 0.0595 0.9935 0.0975
vn 0.0575 0.9935 0.0986
vn -0.0335 0.9982 0.0501
vn -0.0335 0.9982 0.0503
vn 0.0383 0.9915 0.1242
vn 0.0383 0.9915 0.1243
vn 0.0249 0.9938 0.1085
vn 0.0058 0.9905 0.1376
vn 0.0058 0.9905 0.1377
vn 0.0274 0.9907 0.1335
vn 0.0274 0.9907 0.1336
vn 0.0049 0.9904 0.1378
vn 0.0048 0.9905 0.1377
vn -0.0162 0.9908 0.1345
vn -0.0162 0.9908 0.1344
vn 0.0028 0.9955 0.0947
vn 0.0028 0.9955 0.0948
vn -0.0124 0.9984 0.0546
vn -0.0124 0.9984 0.0545
vn -0.0172 0.9998 0.0092
vn -0.0172 0.9998 0.0093
vn -0.0172 0.9998 0.0091
vn -0.0122 0.9969 0.0782
vn -0.0876 0.9353 0.3429
vn -0.0876 0.9353 0.3430
vn -0.0876 0.9352 0.3430
vn -0.1773 0.6047 0.7764
vn -0.1773 0.6046 0.7765
vn -0.1773 0.6047 0.7765
vn 0.0039 -0.9949 0.1010
vn 0.0039 -0.9949 0.1011
vn 0.0107 -0.9999 -0.0111
vn 0.0245 -0.9981 -0.0567
vn 0.0257 -0.9960 -0.0861
vn 0.0257 -0.9960 -0.0860
vn 0.0360 -0.9950 -0.0937
vn 0.0359 -0.9950 -0.0937
vn 0.0761 -0.9928 -0.0924
vn 0.0761 -0.9928 -0.0925
vn 0.0502 -0.9897 -0.1339
vn 0.0502 -0.9897 -0.1340
vn 0.0871 -0.9894 -0.1158
vn 0.0831 -0.9902 -0.1126
vn 0.0830 -0.9902 -0.1126
vn 0.0871 -0.9876 -0.1303
vn 0.0363 -0.9899 -0.1370
vn 0.0363 -0.9899 -0.1371
vn 0.0257 -0.9965 -0.0801
vn 0.0257 -0.9965 -0.0800
vn 0.0327 -0.9901 -0.1364
vn 0.0156 -0.9955 -0.0934
vn 0.0182 -0.9902 -0.1385
vn -0.0040 -0.9936 -0.1126
vn -0.0043 -0.9905 -0.1373
vn -0.0043 -0.9905 -0.1371
vn -0.0043 -0.9905 -0.1372
vn -0.0044 -0.9905 -0.1375
vn -0.0220 -0.9942 -0.1048
vn -0.0219 -0.9943 -0.1048
vn -0.0220 -0.9943 -0.1048
vn -0.0340 -0.9905 -0.1330
vn -0.0338 -0.9906 -0.1326
vn -0.0046 -0.9902 -0.1396
vn -0.0046 -0.9902 -0.1393
vn -0.0640 -0.9908 -0.1192
vn -0.0640 -0.9913 -0.1146
vn -0.0658 -0.9902 -0.1231
vn -0.0285 -0.9932 -0.1125
vn -0.0285 -0.9932 -0.1126
vn -0.0294 -0.9951 -0.0945
vn -0.0449 -0.9944 -0.0958
vn -0.0446 -0.9944 -0.0959
vn -0.0453 -0.9944 -0.0954
vn 0.1365 -0.9530 -0.2705
vn 0.1365 -0.9530 -0.2704
vn 0.1366 -0.9530 -0.2705
vn 0.1537 -0.9639 -0.2175
vn 0.1536 -0.9639 -0.2174
vn -0.0442 -0.9902 -0.1328
vn -0.0443 -0.9902 -0.1328
vn -0.0080 -0.9863 -0.1650
vn -0.0081 -0.9863 -0.1649
vn 0.1404 -0.9901 -0.0096
vn 0.1403 -0.9901 -0.0096
vn 0.1386 -0.9807 0.1378
vn 0.1386 -0.9807 0.1379
vn -0.0178 -0.9597 -0.2805
vn -0.0177 -0.9597 -0.2804
vn -0.4667 -0.7166 -0.5184
vn -0.4667 -0.7166 -0.5183
vn 0.1852 0.9408 0.2838
vn 0.1853 0.9408 0.2838
vn -0.0427 0.9987 0.0276
vn -0.0427 0.9987 0.0275
vn -0.0553 0.9985 -0.0018
vn -0.0553 0.9985 -0.0019
vn -0.0162 0.9973 0.0720
vn -0.0162 0.9973 0.0719
vn -0.0161 0.9973 0.0720
vn 0.0491 0.9898 0.1341
vn 0.0491 0.9897 0.1341
vn 0.0853 0.9804 0.1779
vn 0.0853 0.9803 0.1779
vn -0.0121 0.9919 0.1267
vn -0.0121 0.9919 0.1268
vn 0.0317 0.9926 0.1172
vn 0.0318 0.9926 0.1172
vn -0.0486 0.9982 0.0337
vn -0.0644 0.9979 -0.0057
vn -0.0640 0.9979 -0.0055
vn -0.0637 0.9980 -0.0054
vn 0.0183 0.9877 0.1552
vn 0.0183 0.9877 0.1551
vn 0.0504 0.9892 0.1374
vn 0.0503 0.9892 0.1374
vn 0.0821 0.9890 0.1233
vn 0.0878 0.9875 0.1308
vn 0.0872 0.9880 0.1275
vn -0.0351 0.9993 0.0086
vn -0.0109 0.9989 0.0452
vn 0.0324 0.9909 0.1307
vn 0.1225 0.9670 0.2233
vn 0.1225 0.9670 0.2234
vn -0.0006 1.0000 0.0020
vn -0.0006 1.0000 0.0021
vn -0.0005 1.0000 0.0021
vn 0.0036 0.9981 0.0615
vn 0.0036 0.9981 0.0616
vn 0.0322 -0.9858 0.1645
vn 0.0322 -0.9858 0.1646
vn 0.0323 -0.9858 0.1646
vn 0.0058 -0.9943 0.1066
vn 0.1853 -0.8643 0.4675
vn 0.1853 -0.8643 0.4676
vn 0.1853 -0.8643 0.4677
vn -0.0626 -0.9833 -0.1710
vn -0.0626 -0.9833 -0.1711
vn -0.0373 -0.9857 -0.1646
vn -0.0448 -0.9921 -0.1170
vn -0.0448 -0.9921 -0.1169
vn -0.0281 -0.9971 -0.0707
vn -0.0282 -0.9971 -0.0707
vn -0.0282 -0.9971 -0.0708
vn -0.0335 -0.9970 -0.0692
vn 0.2013 0.8934 0.4017
vn 0.2013 0.8933 0.4018
vn 0.0696 0.9802 0.1853
vn 0.0696 0.9802 0.1852
vn 0.0040 -0.9922 0.1243
vn 0.0739 -0.9936 -0.0860
vn 0.0739 -0.9935 -0.0861
vn -0.2937 0.1800 0.9388
vn -0.2938 0.1800 0.9388
vn -0.0149 0.9997 0.0215
vn -0.0304 0.9922 0.1205
vn -0.0304 0.9923 0.1205
vn -0.0163 0.9899 0.1406
vn -0.0163 0.9899 0.1407
vn -0.0164 0.9899 0.1408
vn 0.0061 0.9917 0.1283
vn 0.0296 0.9966 0.0774
vn 0.0296 0.9966 0.0775
vn 0.0101 0.9993 0.0350
vn 0.0106 0.9969 0.0782
vn 0.0121 0.9970 0.0768
vn 0.0126 0.9970 0.0758
vn -0.0235 0.9997 0.0071
vn 0.1273 -0.9915 0.0267
vn 0.1273 -0.9915 0.0268
vn 0.1334 -0.9911 0.0001
vn -0.0142 0.9980 0.0617
vn -0.0142 0.9980 0.0616
vn -0.0688 0.9958 0.0606
vn -0.0688 0.9958 0.0607
vn 0.0202 0.9981 0.0582
vn 0.0189 0.9970 0.0750
vn 0.0103 0.9943 0.1064
vn -0.0189 0.9997 0.0128
vn -0.0190 0.9997 0.0128
vn -0.0045 0.9860 0.1669
vn -0.0947 0.9917 0.0868
vn -0.1367 0.9901 0.0310
vn -0.1367 0.9901 0.0309
vn 0.1578 -0.9875 0.0020
vn 0.1579 -0.9874 0.0021
vn -0.0693 0.9968 -0.0408
vn 0.2972 -0.9548 0.0034
vn 0.2971 -0.9548 0.0034
vn -0.1180 0.9870 0.1094
vn -0.1179 0.9870 0.1094
vn -0.0273 0.9972 0.0699
vn -0.0274 0.9972 0.0698
vn 0.0056 1.0000 0.0023
vn 0.0061 1.0000 0.0023
vn -0.0033 1.0000 0.0005
vn -0.2939 -0.9042 0.3098
vn -0.2938 -0.9043 0.3098
vn -0.2938 -0.9043 0.3097
vn -0.8955 0.1295 0.4258
vn -0.8955 0.1295 0.4257
vn -0.7173 0.2149 0.6628
vn -0.7173 0.2148 0.6628
vn -0.6835 0.7070 0.1816
vn -0.8118 -0.5487 0.1998
vn -0.8119 -0.5486 0.1998
vn -0.4608 -0.8869 -0.0337
vn -0.4608 -0.8868 -0.0337
vn -0.7144 -0.6903 -0.1142
vn -0.7145 -0.6903 -0.1143
vn -0.7145 -0.6903 -0.1142
vn -0.9998 -0.0135 0.0175
vn -0.9998 -0.0135 0.0176
vn -0.9998 -0.0136 0.0175
vn -0.5902 -0.7882 -0.1742
vn -0.8349 0.5451 0.0764
vn -0.8349 0.5450 0.0764
vt 0.625380 0.088210
vt 0.615950 0.096340
vt 0.618910 0.101800
vt 0.631370 0.097630
vt 0.608120 0.090660
vt 0.607660 0.096910
vt 0.650770 0.090280
vt 0.648060 0.075620
vt 0.813140 0.028300
vt 0.847440 0.014480
vt 0.826530 0.010530
vt 0.802780 0.019460
vt 0.848180 0.045170
vt 0.857250 0.042000
vt 0.766180 0.025650
vt 0.768040 0.031250
vt 0.767810 0.039090
vt 0.805060 0.041830
vt 0.832890 0.055640
vt 0.694720 0.977820
vt 0.697290 0.980550
vt 0.673540 0.989470
vt 0.670980 0.988950
vt 0.654720 0.980350
vt 0.670900 0.968780
vt 0.701940 0.969050
vt 0.643440 0.987120
vt 0.674510 0.994930
vt 0.612780 0.100060
vt 0.609330 0.100490
vt 0.614050 0.105420
vt 0.607670 0.106350
vt 0.118080 0.716460
vt 0.118700 0.716010
vt 0.131490 0.720710
vt 0.130580 0.721860
vt 0.614490 0.117340
vt 0.618120 0.115420
vt 0.595930 0.101150
vt 0.593790 0.103280
vt 0.606580 0.107930
vt 0.592750 0.094810
vt 0.561200 0.080880
vt 0.559220 0.078930
vt 0.554270 0.081350
vt 0.559740 0.084240
vt 0.565830 0.080270
vt 0.565310 0.077310
vt 0.566040 0.085830
vt 0.686060 0.957600
vt 0.705580 0.958770
vt 0.703650 0.944160
vt 0.651300 0.957260
vt 0.940690 0.919530
vt 0.936170 0.919290
vt 0.938110 0.914140
vt 0.943270 0.916750
vt 0.941740 0.921420
vt 0.935430 0.922510
vt 0.948070 0.920100
vt 0.852910 0.908680
vt 0.877230 0.916410
vt 0.876060 0.929960
vt 0.851950 0.935350
vt 0.827910 0.939030
vt 0.868550 0.894180
vt 0.882950 0.904210
vt 0.889490 0.896670
vt 0.904210 0.900760
vt 0.900640 0.908880
vt 0.898420 0.921810
vt 0.878310 0.888220
vt 0.860870 0.874630
vt 0.870480 0.871060
vt 0.876760 0.869220
vt 0.883760 0.883040
vt 0.893490 0.892080
vt 0.867290 0.845130
vt 0.874870 0.843300
vt 0.881660 0.842050
vt 0.882540 0.867720
vt 0.885580 0.882670
vt 0.617540 0.132290
vt 0.618420 0.157960
vt 0.624170 0.158670
vt 0.622950 0.132490
vt 0.631750 0.158900
vt 0.628940 0.132180
vt 0.623550 0.112930
vt 0.637090 0.131580
vt 0.632490 0.109920
vt 0.655990 0.128330
vt 0.651150 0.105690
vt 0.673940 0.078920
vt 0.701440 0.066890
vt 0.697130 0.049520
vt 0.671200 0.057770
vt 0.694250 0.038870
vt 0.669900 0.047300
vt 0.732030 0.056330
vt 0.728400 0.042300
vt 0.726040 0.033910
vt 0.723930 0.027280
vt 0.691540 0.031690
vt 0.808530 0.968320
vt 0.807080 0.965980
vt 0.830770 0.958550
vt 0.830870 0.960130
vt 0.669210 0.039880
vt 0.776140 0.972720
vt 0.775570 0.971350
vt 0.773300 0.964570
vt 0.804390 0.957860
vt 0.733900 0.974360
vt 0.734400 0.972180
vt 0.735650 0.965870
vt 0.735780 0.956390
vt 0.770950 0.956340
vt 0.801610 0.946670
vt 0.733610 0.941940
vt 0.766300 0.935580
vt 0.673410 0.889090
vt 0.649070 0.922050
vt 0.653390 0.887640
vt 0.658350 0.855050
vt 0.837800 0.856110
vt 0.833830 0.826540
vt 0.852200 0.817690
vt 0.857210 0.848340
vt 0.862690 0.813030
vt 0.838790 0.787820
vt 0.847420 0.781130
vt 0.853780 0.775660
vt 0.870790 0.809870
vt 0.859110 0.770590
vt 0.878120 0.807230
vt 0.621950 0.192780
vt 0.640960 0.229420
vt 0.645020 0.227080
vt 0.627840 0.192100
vt 0.651710 0.222780
vt 0.636150 0.190530
vt 0.659950 0.217900
vt 0.646270 0.187980
vt 0.641190 0.158180
vt 0.663400 0.182640
vt 0.659420 0.154990
vt 0.768310 0.045890
vt 0.799890 0.055980
vt 0.827870 0.111300
vt 0.842180 0.145220
vt 0.846750 0.113270
vt 0.843080 0.082380
vt 0.849670 0.146940
vt 0.854700 0.114220
vt 0.859570 0.079550
vt 0.861080 0.115130
vt 0.866520 0.078670
vt 0.296480 0.977610
vt 0.303430 0.976730
vt 0.294170 0.940060
vt 0.285100 0.943230
vt 0.397450 0.958670
vt 0.391220 0.995000
vt 0.393460 0.994210
vt 0.394600 0.958280
vt 0.042100 0.704460
vt 0.039230 0.704140
vt 0.038360 0.664000
vt 0.032830 0.667790
vt 0.862780 0.038210
vt 0.857290 0.008990
vt 0.417320 0.946170
vt 0.418190 0.986310
vt 0.417700 0.985990
vt 0.419820 0.944030
vt 0.865280 0.036070
vt 0.858850 0.009010
vt 0.634790 0.963940
vt 0.636920 0.921980
vt 0.639170 0.921760
vt 0.641140 0.958470
vt 0.641220 0.991000
vt 0.357990 0.852040
vt 0.342510 0.885400
vt 0.342810 0.884160
vt 0.358200 0.846450
vt 0.485310 0.279150
vt 0.483430 0.284430
vt 0.498890 0.301030
vt 0.487620 0.307800
vt 0.457590 0.558320
vt 0.457330 0.517610
vt 0.467400 0.516630
vt 0.469640 0.551840
vt 0.196370 0.282490
vt 0.208420 0.276010
vt 0.228020 0.287530
vt 0.211830 0.299100
vt 0.639000 0.923030
vt 0.638540 0.885260
vt 0.644990 0.886460
vt 0.645130 0.851890
vt 0.650450 0.853180
vt 0.654290 0.819440
vt 0.659680 0.821060
vt 0.667340 0.823420
vt 0.671660 0.789360
vt 0.680180 0.793790
vt 0.689640 0.759390
vt 0.666550 0.786920
vt 0.685190 0.755940
vt 0.715140 0.731310
vt 0.718560 0.737590
vt 0.724570 0.749920
vt 0.702380 0.771870
vt 0.753680 0.723430
vt 0.754110 0.731020
vt 0.751940 0.752430
vt 0.790570 0.738640
vt 0.782080 0.755310
vt 0.794330 0.729770
vt 0.824580 0.750230
vt 0.817700 0.759170
vt 0.753250 0.717180
vt 0.796720 0.723010
vt 0.830020 0.743280
vt 0.059150 0.677050
vt 0.082910 0.709430
vt 0.076550 0.714900
vt 0.053710 0.684000
vt 0.670050 0.256730
vt 0.703350 0.277000
vt 0.706260 0.274940
vt 0.671460 0.255340
vt 0.008140 0.576400
vt 0.006740 0.577780
vt 0.037230 0.603710
vt 0.031900 0.608780
vt 0.707620 0.272210
vt 0.673550 0.253880
vt 0.248100 0.754920
vt 0.234640 0.718640
vt 0.236000 0.718130
vt 0.247900 0.753810
vt 0.674440 0.254580
vt 0.331610 0.919600
vt 0.364110 0.938500
vt 0.368120 0.931380
vt 0.338230 0.912730
vt 0.681060 0.247710
vt 0.710960 0.266370
vt 0.717660 0.254700
vt 0.690970 0.237480
vt 0.673470 0.210210
vt 0.748500 0.270790
vt 0.749640 0.258720
vt 0.405670 0.935800
vt 0.405180 0.942810
vt 0.748010 0.277800
vt 0.786250 0.268900
vt 0.783410 0.262760
vt 0.775350 0.245640
vt 0.811000 0.239740
vt 0.795470 0.226220
vt 0.815070 0.243350
vt 0.831080 0.211360
vt 0.825440 0.208340
vt 0.788620 0.274020
vt 0.818840 0.246420
vt 0.835900 0.213730
vt 0.847020 0.180790
vt 0.841720 0.179080
vt 0.822490 0.249440
vt 0.840390 0.215830
vt 0.851680 0.182290
vt 0.859980 0.149370
vt 0.855150 0.148220
vt 0.648390 0.817720
vt 0.659680 0.784180
vt 0.662030 0.785050
vt 0.649540 0.818030
vt 0.640320 0.850710
vt 0.640100 0.850640
vt 0.226010 0.994080
vt 0.261200 0.994720
vt 0.261020 0.994030
vt 0.225950 0.993710
vt 0.636680 0.885900
vt 0.297280 0.995000
vt 0.296970 0.994290
vt 0.677590 0.750560
vt 0.681250 0.753100
vt 0.709450 0.721900
vt 0.712250 0.726280
vt 0.753180 0.711350
vt 0.218990 0.650730
vt 0.259620 0.664450
vt 0.262530 0.662390
vt 0.219060 0.656560
vt 0.746890 0.288660
vt 0.790620 0.278110
vt 0.747650 0.279130
vt 0.044510 0.985840
vt 0.044550 0.986310
vt 0.005000 0.974460
vt 0.005430 0.974720
vt 0.863300 0.114290
vt 0.834770 0.176810
vt 0.824910 0.141390
vt 0.813280 0.201990
vt 0.823160 0.799160
vt 0.805140 0.773900
vt 0.679970 0.943380
vt 0.825890 0.915870
vt 0.829400 0.950490
vt 0.853260 0.943740
vt 0.854400 0.949580
vt 0.876900 0.936490
vt 0.877340 0.938950
vt 0.645680 0.050430
vt 0.622730 0.061060
vt 0.623370 0.067440
vt 0.645820 0.053150
vt 0.521310 0.314400
vt 0.523060 0.314600
vt 0.504390 0.333890
vt 0.504310 0.333180
vt 0.625180 0.076410
vt 0.647010 0.062870
vt 0.695680 0.706930
vt 0.696870 0.716640
vt 0.719760 0.701070
vt 0.719070 0.693650
vt 0.604220 0.075790
vt 0.606740 0.082790
vt 0.587550 0.082230
vt 0.589800 0.088790
vt 0.575090 0.085260
vt 0.575050 0.091920
vt 0.576480 0.097020
vt 0.564650 0.091610
vt 0.562060 0.097820
vt 0.564140 0.098700
vt 0.576640 0.101080
vt 0.267700 0.976380
vt 0.272480 0.963870
vt 0.272460 0.964620
vt 0.271800 0.977610
vt 0.577870 0.101280
vt 0.922200 0.898730
vt 0.935190 0.901740
vt 0.934210 0.905090
vt 0.922690 0.902920
vt 0.906280 0.896730
vt 0.930960 0.912190
vt 0.919810 0.910810
vt 0.929470 0.919540
vt 0.917480 0.920480
vt 0.927060 0.923670
vt 0.914790 0.925470
vt 0.898580 0.928750
vt 0.913930 0.926990
vt 0.897130 0.931000
vt 0.602940 0.069010
vt 0.586150 0.073020
vt 0.585310 0.075910
vt 0.602360 0.069710
vt 0.559610 0.576880
vt 0.560130 0.577460
vt 0.551280 0.557070
vt 0.553650 0.556630
vt 0.573950 0.075660
vt 0.573920 0.078970
vt 0.926120 0.924340
vt 0.934770 0.922690
vt 0.940820 0.908930
vt 0.942380 0.905680
vt 0.946900 0.909380
vt 0.945800 0.912900
vt 0.949020 0.911780
vt 0.950530 0.916020
vt 0.549540 0.083990
vt 0.551050 0.088230
vt 0.552430 0.089900
vt 0.552740 0.085630
vt 0.552000 0.079910
vt 0.555400 0.093610
vt 0.557860 0.088880
vt 0.274920 0.956190
vt 0.276190 0.952570
vt 0.277810 0.952910
vt 0.276620 0.957420
vt 0.842760 0.884140
vt 0.558340 0.078580
vt 0.221810 0.742510
vt 0.215510 0.743600
vt 0.216390 0.743940
vt 0.222480 0.742330
vt 0.825670 0.005000
vt 0.278770 0.950790
vt 0.277510 0.952170
vt 0.380780 0.887380
vt 0.407580 0.904910
vt 0.408500 0.906280
vt 0.006090 0.905050
vt 0.005000 0.908020
vt 0.006310 0.907620
vt 0.007580 0.904000
vt 0.010020 0.896310
vt 0.007910 0.898390
vt 0.384780 0.485250
vt 0.391250 0.482620
vt 0.384770 0.480480
vt 0.377350 0.478190
vt 0.331760 0.449260
vt 0.339190 0.456320
vt 0.326860 0.455480
vt 0.325140 0.449830
vt 0.391410 0.484680
vt 0.397970 0.484230
vt 0.312020 0.449680
vt 0.317780 0.450270
vt 0.315740 0.455240
vt 0.308420 0.452450
vt 0.056510 0.706200
vt 0.052580 0.700950
vt 0.048490 0.695810
vt 0.053620 0.701100
vt 0.365750 0.822540
vt 0.356470 0.826720
vt 0.347370 0.811330
vt 0.353460 0.808900
vt 0.376540 0.823270
vt 0.375110 0.829300
vt 0.367620 0.830640
vt 0.373440 0.813030
vt 0.381730 0.815320
vt 0.361950 0.808790
vt 0.360460 0.833060
vt 0.347170 0.115470
vt 0.356070 0.110660
vt 0.351130 0.104250
vt 0.343630 0.107640
vt 0.336510 0.111660
vt 0.333770 0.117830
vt 0.341350 0.121050
vt 0.336290 0.104440
vt 0.361320 0.128140
vt 0.367010 0.125100
vt 0.354160 0.128880
vt 0.352000 0.273000
vt 0.341660 0.263220
vt 0.335730 0.280400
vt 0.351710 0.287600
vt 0.363680 0.266300
vt 0.353140 0.247630
vt 0.369330 0.287440
vt 0.367340 0.640300
vt 0.371890 0.626210
vt 0.386600 0.636080
vt 0.376160 0.650660
vt 0.354650 0.640840
vt 0.354620 0.619120
vt 0.362030 0.659200
vt 0.374340 0.675360
vt 0.356690 0.685440
vt 0.389240 0.662870
vt 0.390340 0.690120
vt 0.401800 0.646530
vt 0.468450 0.606550
vt 0.451670 0.586980
vt 0.456580 0.583790
vt 0.461020 0.581010
vt 0.440140 0.566750
vt 0.444520 0.563140
vt 0.448650 0.559810
vt 0.465190 0.578280
vt 0.478190 0.604410
vt 0.238360 0.330110
vt 0.251360 0.356230
vt 0.253230 0.353990
vt 0.267890 0.374700
vt 0.270550 0.370950
vt 0.273900 0.366510
vt 0.256760 0.350570
vt 0.244630 0.328420
vt 0.260900 0.346710
vt 0.277650 0.361490
vt 0.282270 0.355090
vt 0.266120 0.341680
vt 0.289720 0.344060
vt 0.276200 0.330680
vt 0.296890 0.375540
vt 0.301350 0.368100
vt 0.309070 0.354600
vt 0.318120 0.336770
vt 0.299590 0.326120
vt 0.321310 0.379890
vt 0.330320 0.364590
vt 0.339770 0.345850
vt 0.347210 0.327120
vt 0.325630 0.317920
vt 0.353830 0.375140
vt 0.363720 0.356430
vt 0.371740 0.336690
vt 0.372240 0.311190
vt 0.350630 0.306610
vt 0.390870 0.307650
vt 0.411700 0.333460
vt 0.410310 0.303430
vt 0.406180 0.274810
vt 0.380890 0.256560
vt 0.387290 0.281480
vt 0.428360 0.299180
vt 0.423260 0.268520
vt 0.414290 0.238850
vt 0.399220 0.246900
vt 0.401800 0.209780
vt 0.386450 0.220220
vt 0.431070 0.265510
vt 0.422330 0.234480
vt 0.407750 0.205720
vt 0.391730 0.177790
vt 0.383630 0.184170
vt 0.426130 0.232380
vt 0.411940 0.202840
vt 0.395860 0.174570
vt 0.378180 0.148690
vt 0.373560 0.152230
vt 0.415520 0.200360
vt 0.399270 0.172060
vt 0.382170 0.145950
vt 0.401050 0.171710
vt 0.385140 0.146000
vt 0.369660 0.118540
vt 0.361520 0.106230
vt 0.385610 0.145280
vt 0.371680 0.116960
vt 0.364550 0.104990
vt 0.362300 0.100820
vt 0.357850 0.101630
vt 0.351990 0.829520
vt 0.344860 0.817550
vt 0.354250 0.833690
vt 0.354370 0.099970
vt 0.348610 0.101680
vt 0.347920 0.099890
vt 0.341500 0.101010
vt 0.342220 0.103480
vt 0.352240 0.099570
vt 0.337800 0.100890
vt 0.337020 0.101760
vt 0.368420 0.833180
vt 0.374950 0.832060
vt 0.362760 0.834530
vt 0.381810 0.832660
vt 0.380040 0.833830
vt 0.382920 0.827720
vt 0.384850 0.826350
vt 0.387310 0.833320
vt 0.331700 0.108160
vt 0.329230 0.101190
vt 0.387060 0.815800
vt 0.387770 0.815670
vt 0.328770 0.118850
vt 0.193250 0.663440
vt 0.192890 0.662740
vt 0.208460 0.665510
vt 0.208940 0.666190
vt 0.322110 0.133250
vt 0.326950 0.132250
vt 0.333280 0.136270
vt 0.319760 0.217960
vt 0.338130 0.229650
vt 0.352320 0.209100
vt 0.332320 0.196800
vt 0.326860 0.250670
vt 0.319060 0.269930
vt 0.313080 0.288540
vt 0.331260 0.298720
vt 0.307520 0.306720
vt 0.282920 0.315220
vt 0.372470 0.702930
vt 0.390410 0.716710
vt 0.371050 0.731330
vt 0.353180 0.714190
vt 0.336960 0.693110
vt 0.303870 0.671460
vt 0.323770 0.669310
vt 0.296740 0.641020
vt 0.316670 0.641050
vt 0.293040 0.609020
vt 0.313500 0.610880
vt 0.359480 0.595720
vt 0.346310 0.564050
vt 0.369980 0.576780
vt 0.390490 0.589340
vt 0.379660 0.607550
vt 0.407900 0.602240
vt 0.396750 0.619190
vt 0.423500 0.614540
vt 0.402390 0.573260
vt 0.420400 0.586440
vt 0.432950 0.601350
vt 0.411880 0.562030
vt 0.429490 0.576640
vt 0.445320 0.591600
vt 0.417430 0.555810
vt 0.435360 0.571020
vt 0.421740 0.551080
vt 0.397950 0.540910
vt 0.402490 0.536280
vt 0.406870 0.532200
vt 0.425710 0.546940
vt 0.410410 0.529620
vt 0.429140 0.543580
vt 0.287400 0.390930
vt 0.306130 0.404890
vt 0.309030 0.399840
vt 0.290270 0.386280
vt 0.312150 0.394590
vt 0.293390 0.381280
vt 0.315770 0.388780
vt 0.330210 0.409620
vt 0.335390 0.402970
vt 0.343230 0.392030
vt 0.367150 0.405860
vt 0.376440 0.383340
vt 0.385880 0.412210
vt 0.397060 0.388670
vt 0.406270 0.362220
vt 0.391500 0.336220
vt 0.414900 0.391510
vt 0.428460 0.363230
vt 0.430670 0.330950
vt 0.437470 0.362890
vt 0.440060 0.329490
vt 0.436800 0.296970
vt 0.444540 0.328640
vt 0.441170 0.295710
vt 0.435160 0.263880
vt 0.444500 0.294670
vt 0.438410 0.262580
vt 0.309780 0.953250
vt 0.313030 0.951950
vt 0.304290 0.919870
vt 0.300760 0.921750
vt 0.429660 0.230500
vt 0.245360 0.583660
vt 0.254110 0.615740
vt 0.254730 0.614930
vt 0.245080 0.583200
vt 0.426020 0.962890
vt 0.426120 0.963420
vt 0.435960 0.994930
vt 0.434940 0.995000
vt 0.416330 0.199760
vt 0.449760 0.497230
vt 0.419470 0.495800
vt 0.419950 0.496380
vt 0.450140 0.497960
vt 0.478190 0.499170
vt 0.477800 0.498470
vt 0.401040 0.171320
vt 0.315500 0.763190
vt 0.300380 0.735130
vt 0.301500 0.735590
vt 0.317750 0.763450
vt 0.333860 0.790190
vt 0.330930 0.789230
vt 0.321610 0.761660
vt 0.338380 0.788110
vt 0.325910 0.759660
vt 0.344920 0.781770
vt 0.336810 0.752510
vt 0.355290 0.773070
vt 0.372190 0.790340
vt 0.384320 0.802190
vt 0.370640 0.759750
vt 0.386100 0.770950
vt 0.388920 0.744270
vt 0.352490 0.743310
vt 0.315620 0.730810
vt 0.333770 0.723090
vt 0.309400 0.732890
vt 0.297180 0.703550
vt 0.303740 0.702190
vt 0.315380 0.699600
vt 0.285440 0.673270
vt 0.291190 0.672800
vt 0.278200 0.641210
vt 0.283640 0.641160
vt 0.274030 0.608050
vt 0.279970 0.608290
vt 0.274440 0.573920
vt 0.280650 0.574730
vt 0.293650 0.576800
vt 0.283520 0.541780
vt 0.301210 0.547120
vt 0.322210 0.553430
vt 0.315320 0.580820
vt 0.313260 0.522270
vt 0.334230 0.531790
vt 0.358130 0.546720
vt 0.370120 0.532460
vt 0.391990 0.547320
vt 0.381920 0.559530
vt 0.378610 0.524430
vt 0.362550 0.496810
vt 0.384960 0.519630
vt 0.367440 0.488350
vt 0.388550 0.513720
vt 0.373170 0.492530
vt 0.391510 0.513740
vt 0.325030 0.420770
vt 0.325500 0.415160
vt 0.343370 0.441980
vt 0.344130 0.436070
vt 0.350120 0.431360
vt 0.360480 0.463080
vt 0.359180 0.453130
vt 0.365320 0.447670
vt 0.368720 0.461350
vt 0.371550 0.452090
vt 0.414670 0.419340
vt 0.427380 0.392970
vt 0.402790 0.418640
vt 0.425480 0.421530
vt 0.436650 0.394050
vt 0.443030 0.362600
vt 0.434800 0.423540
vt 0.445970 0.396270
vt 0.447740 0.362310
vt 0.448300 0.327900
vt 0.450230 0.396610
vt 0.452150 0.362020
vt 0.451760 0.327210
vt 0.445930 0.294210
vt 0.455800 0.361740
vt 0.453580 0.326670
vt 0.446620 0.293670
vt 0.439220 0.261210
vt 0.439040 0.261770
vt 0.269920 0.640840
vt 0.262960 0.607840
vt 0.266410 0.607880
vt 0.271080 0.641370
vt 0.277890 0.673670
vt 0.277320 0.673300
vt 0.288340 0.705310
vt 0.287380 0.704950
vt 0.274330 0.641270
vt 0.281260 0.673520
vt 0.292460 0.704480
vt 0.305280 0.734260
vt 0.269950 0.607940
vt 0.264970 0.573100
vt 0.269470 0.573440
vt 0.266900 0.538310
vt 0.271210 0.539030
vt 0.276030 0.539950
vt 0.277560 0.508990
vt 0.283480 0.511170
vt 0.295570 0.515630
vt 0.294820 0.489770
vt 0.333170 0.486830
vt 0.318390 0.478270
vt 0.324180 0.467840
vt 0.340530 0.475120
vt 0.303970 0.474180
vt 0.311130 0.464080
vt 0.295320 0.471050
vt 0.303240 0.459510
vt 0.291950 0.468550
vt 0.302960 0.456580
vt 0.413580 0.477930
vt 0.424590 0.465960
vt 0.422540 0.465340
vt 0.408750 0.476880
vt 0.404520 0.484830
vt 0.415550 0.463300
vt 0.401950 0.474700
vt 0.406440 0.461220
vt 0.394290 0.472610
vt 0.394900 0.459940
vt 0.386550 0.470610
vt 0.380490 0.479100
vt 0.385880 0.455850
vt 0.378490 0.469270
vt 0.375030 0.475900
vt 0.367210 0.467940
vt 0.421050 0.445380
vt 0.429950 0.447580
vt 0.443310 0.427580
vt 0.434870 0.448770
vt 0.447550 0.428260
vt 0.453690 0.396870
vt 0.262850 0.537640
vt 0.269000 0.506250
vt 0.273110 0.507600
vt 0.260740 0.572770
vt 0.206810 0.728260
vt 0.207940 0.724120
vt 0.229050 0.735780
vt 0.230980 0.734520
vt 0.316410 0.971000
vt 0.323440 0.947000
vt 0.329370 0.949490
vt 0.320860 0.972390
vt 0.286060 0.486100
vt 0.280130 0.483610
vt 0.436410 0.450900
vt 0.388300 0.495820
vt 0.387740 0.495170
vt 0.389810 0.804290
vt 0.394490 0.801890
vt 0.368780 0.195760
vt 0.347440 0.177830
vt 0.369480 0.231630
vt 0.363290 0.161500
vt 0.343110 0.142890
vt 0.328890 0.165580
vt 0.333710 0.100490
vt 0.358940 0.834830
vt 0.356060 0.471440
vt 0.381260 0.851130
vt 0.377300 0.843710
vt 0.377760 0.848000
vt 0.377350 0.853460
vt 0.378280 0.861270
vt 0.378720 0.868000
vt 0.357600 0.099690
vt 0.375040 0.833500
vt 0.378750 0.833620
vt 0.368630 0.834620
vt 0.364300 0.834950
vt 0.018910 0.738990
vt 0.020610 0.737680
vt 0.024290 0.737290
vt 0.021010 0.739260
vt 0.382830 0.834020
vt 0.336500 0.100680
s 1
usemtl BLy_Orange.002
f 1/1/1 3/3/1 2/2/1
f 1/1/1 4/4/1 3/3/1
f 5/1/2 7/6/2 6/5/3
f 5/1/2 8/2/2 7/6/2
f 9/1/4 11/7/5 10/4/4
f 9/1/4 12/8/5 11/7/5
f 13/9/6 15/11/6 14/10/6
f 13/9/6 16/12/6 15/11/6
f 17/9/7 19/14/7 18/13/7
f 17/9/7 20/10/7 19/14/7
f 21/9/8 23/15/8 22/12/8
f 21/9/8 24/16/8 23/15/8
f 25/9/9 27/17/10 26/16/9
f 25/9/9 28/18/10 27/17/10
f 29/9/11 31/19/11 30/18/12
f 29/9/11 32/13/11 31/19/11
f 33/20/13 35/22/13 34/21/13
f 33/20/13 36/23/13 35/22/13
f 37/20/14 39/25/15 38/24/15
f 37/20/14 40/26/14 39/25/15
f 41/20/16 43/27/17 42/23/17
f 41/20/16 44/24/17 43/27/17
f 45/28/18 47/22/20 46/23/19
f 48/29/21 50/6/23 49/2/22
f 48/29/21 51/30/22 50/6/23
f 52/29/24 54/3/24 53/31/24
f 52/29/24 55/2/24 54/3/24
f 56/29/25 58/32/25 57/30/25
f 56/29/25 59/31/25 58/32/25
f 60/33/26 62/35/26 61/34/27
f 60/33/26 63/36/26 62/35/26
f 64/32/28 66/38/28 65/37/28
f 64/32/28 67/31/28 66/38/28
f 68/32/29 70/40/29 69/39/29
f 68/32/29 71/41/30 70/40/29
f 72/32/31 74/6/31 73/30/31
f 72/32/31 75/39/31 74/6/31
f 76/39/32 78/5/32 77/6/32
f 76/39/32 79/42/32 78/5/32
f 80/43/33 82/45/35 81/44/34
f 80/43/33 83/46/34 82/45/35
f 84/43/36 86/48/37 85/47/37
f 84/43/36 87/44/38 86/48/37
f 88/43/39 90/49/39 89/46/40
f 88/43/39 91/47/39 90/49/39
f 92/50/41 94/26/41 93/51/41
s 0
f 92/50/42 95/25/42 94/26/42
s 1
f 96/50/43 98/51/45 97/52/44
f 99/50/46 101/53/48 100/25/47
f 102/54/49 104/56/49 103/55/50
f 102/54/49 105/57/50 104/56/49
f 106/54/51 108/59/53 107/58/52
f 106/54/51 109/55/53 108/59/53
f 110/54/54 112/60/56 111/57/55
f 110/54/54 113/58/54 112/60/56
f 114/61/57 116/63/58 115/62/58
f 114/61/57 117/64/57 116/63/58
f 118/61/59 120/65/61 119/64/60
f 121/61/62 123/67/63 122/66/62
f 121/61/62 124/62/63 123/67/63
f 125/67/64 127/69/64 126/68/64
f 125/67/64 128/70/64 127/69/64
f 129/67/65 131/71/65 130/70/65
f 129/67/65 132/62/65 131/71/65
f 133/67/66 135/72/66 134/66/66
f 133/67/66 136/68/66 135/72/66
f 137/72/67 139/73/67 138/66/67
f 137/72/67 140/74/67 139/73/67
f 141/72/68 143/75/69 142/74/69
f 141/72/68 144/76/68 143/75/69
f 145/72/70 147/77/72 146/76/71
f 145/72/70 148/68/72 147/77/72
f 149/75/73 151/78/75 150/74/74
f 149/75/73 152/79/75 151/78/75
f 153/75/76 155/80/77 154/79/77
f 153/75/76 156/81/76 155/80/77
f 157/75/78 159/82/79 158/81/78
f 157/75/78 160/76/79 159/82/79
f 161/83/80 163/85/80 162/84/80
f 161/83/80 164/86/80 163/85/80
f 165/83/81 167/38/81 166/86/81
f 165/83/81 168/37/81 167/38/81
f 169/86/82 171/87/82 170/85/82
f 169/86/82 172/88/82 171/87/82
f 173/86/83 175/89/84 174/88/84
f 173/86/83 176/38/83 175/89/84
f 177/89/85 179/31/86 178/3/85
f 177/89/85 180/38/85 179/31/86
f 181/89/87 183/90/88 182/88/87
f 181/89/87 184/91/87 183/90/88
f 185/89/89 187/4/90 186/91/89
f 185/89/89 188/3/89 187/4/90
f 189/91/91 191/92/91 190/90/91
f 189/91/91 192/93/91 191/92/91
f 193/91/92 195/7/92 194/93/92
f 193/91/92 196/4/92 195/7/92
f 197/93/93 199/7/95 198/94/94
f 200/94/96 202/7/98 201/8/97
f 203/94/99 205/96/100 204/95/100
f 203/94/99 206/97/100 205/96/100
f 207/96/101 209/99/101 208/98/101
f 207/96/101 210/97/101 209/99/101
f 211/96/102 213/101/104 212/100/103
f 214/96/105 216/102/105 215/101/105
f 214/96/105 217/98/105 216/102/105
f 218/102/106 220/104/106 219/103/106
f 218/102/106 221/98/106 220/104/106
f 222/102/107 224/17/108 223/101/108
f 222/102/107 225/16/108 224/17/108
f 226/102/109 228/15/109 227/16/109
f 226/102/109 229/103/109 228/15/109
f 230/105/110 232/107/111 231/106/110
f 230/105/110 233/108/111 232/107/111
f 234/104/112 236/99/112 235/109/112
f 234/104/112 237/98/112 236/99/112
f 238/105/113 240/111/114 239/110/114
f 238/105/113 241/106/113 240/111/114
f 242/111/115 244/113/115 243/112/115
f 242/111/115 245/106/116 244/113/115
f 246/111/117 248/114/117 247/110/117
f 246/111/117 249/115/117 248/114/117
f 250/111/118 252/116/118 251/115/118
f 250/111/118 253/112/118 252/116/118
f 254/116/119 256/118/119 255/117/119
f 254/116/119 257/112/119 256/118/119
f 258/116/120 260/20/122 259/115/121
f 258/116/120 261/26/120 260/20/122
f 262/116/123 264/51/123 263/26/123
f 262/116/123 265/117/123 264/51/123
f 266/118/124 268/113/124 267/119/124
f 266/118/124 269/112/124 268/113/124
f 270/118/125 272/120/126 271/117/126
f 270/118/125 273/121/126 272/120/126
f 274/120/127 276/51/127 275/117/127
f 274/120/127 277/52/127 276/51/127
s 0
f 278/122/128 280/124/128 279/123/128
f 281/122/129 283/125/129 282/124/129
s 1
f 284/126/130 286/128/130 285/127/130
f 284/126/130 287/129/130 286/128/130
f 288/126/131 290/73/133 289/129/132
f 291/129/134 293/130/134 292/128/134
f 291/129/134 294/78/134 293/130/134
f 295/129/135 297/74/135 296/78/136
f 295/129/135 298/73/135 297/74/135
f 299/130/137 301/131/137 300/128/137
f 299/130/137 302/132/137 301/131/137
f 303/130/138 305/133/138 304/132/138
f 303/130/138 306/134/138 305/133/138
f 307/130/139 309/79/139 308/134/139
f 307/130/139 310/78/140 309/79/139
f 311/134/141 313/135/143 312/133/142
f 311/134/141 314/136/141 313/135/143
f 315/134/144 317/80/145 316/136/144
f 315/134/144 318/79/145 317/80/145
f 319/137/146 321/139/146 320/138/146
f 319/137/146 322/140/146 321/139/146
f 323/137/147 325/85/147 324/140/147
f 323/137/147 326/84/147 325/85/147
f 327/140/148 329/141/148 328/139/148
f 327/140/148 330/142/149 329/141/148
f 331/140/150 333/87/151 332/142/150
f 331/140/150 334/85/150 333/87/151
f 335/142/152 337/143/153 336/141/153
f 335/142/152 338/144/152 337/143/153
f 339/142/154 341/145/155 340/144/155
f 339/142/154 342/87/155 341/145/155
f 343/145/156 345/88/157 344/90/157
f 343/145/156 346/87/156 345/88/157
f 347/145/158 349/146/158 348/144/158
f 347/145/158 350/147/158 349/146/158
f 351/145/159 353/90/161 352/92/160
f 354/148/162 356/101/162 355/17/162
f 354/148/162 357/100/162 356/101/162
f 358/148/163 360/18/165 359/149/164
f 358/148/163 361/17/164 360/18/165
s 0
f 362/150/166 364/152/166 363/151/166
f 365/150/167 367/153/167 366/152/167
f 368/152/168 370/154/168 369/151/168
f 368/152/169 371/155/169 370/154/169
s 1
f 372/152/170 374/156/170 373/155/170
s 0
f 372/152/171 375/153/171 374/156/171
f 376/156/172 378/19/172 377/13/172
f 376/156/173 379/153/173 378/19/173
f 380/156/174 382/157/174 381/155/174
f 380/156/175 383/158/175 382/157/175
s 1
f 384/159/176 386/161/176 385/160/176
f 384/159/176 387/162/176 386/161/176
f 388/163/177 390/165/179 389/164/178
f 388/163/177 391/166/179 390/165/179
f 392/167/180 394/169/180 393/168/180
s 0
f 392/167/180 395/170/180 394/169/180
s 1
f 396/171/181 398/10/181 397/172/181
f 396/171/181 399/14/181 398/10/181
f 400/173/182 402/175/183 401/174/182
f 400/173/182 403/176/182 402/175/183
f 404/171/184 406/178/184 405/177/184
f 404/171/184 407/172/184 406/178/184
f 408/179/185 410/181/185 409/180/185
f 408/179/185 411/182/185 410/181/185
f 412/179/186 414/27/187 413/182/186
f 412/179/186 415/183/187 414/27/187
f 416/184/188 418/186/188 417/185/189
f 416/184/188 419/187/188 418/186/188
f 420/188/190 422/190/191 421/189/190
f 420/188/190 423/191/190 422/190/191
f 424/192/192 426/194/193 425/193/193
f 424/192/192 427/195/192 426/194/193
s 0
f 428/196/194 430/198/194 429/197/194
f 428/196/195 431/199/195 430/198/195
s 1
f 432/200/196 434/201/196 433/181/196
f 432/200/196 435/202/196 434/201/196
s 0
f 436/200/197 438/124/197 437/202/197
f 436/200/198 439/123/198 438/124/198
f 440/202/199 442/203/199 441/201/199
f 440/202/200 443/204/200 442/203/200
f 444/202/201 446/125/201 445/204/201
s 1
f 444/202/202 447/124/202 446/125/202
s 0
f 448/204/203 450/205/203 449/203/203
s 1
f 448/204/204 451/206/204 450/205/204
s 0
f 452/204/205 454/207/205 453/206/205
f 452/204/206 455/125/206 454/207/206
s 1
f 456/207/207 458/208/208 457/206/207
f 456/207/207 459/209/207 458/208/208
f 460/210/209 462/211/209 461/208/209
f 460/210/209 463/212/209 462/211/209
f 464/210/210 466/213/210 465/212/210
f 464/210/210 467/214/210 466/213/210
f 468/210/211 470/215/211 469/214/211
f 468/210/211 471/216/211 470/215/211
f 472/214/212 474/217/212 473/213/212
f 472/214/212 475/218/212 474/217/212
f 476/214/213 478/219/213 477/218/213
f 476/214/213 479/215/214 478/219/213
f 480/218/215 482/221/217 481/220/216
f 483/218/218 485/222/218 484/217/218
f 483/218/218 486/220/218 485/222/218
f 487/222/219 489/224/219 488/223/219
f 487/222/219 490/220/219 489/224/219
f 491/222/220 493/225/220 492/217/220
f 491/222/220 494/226/221 493/225/220
f 495/222/222 497/227/222 496/226/222
f 495/222/222 498/223/222 497/227/222
f 499/228/223 501/230/223 500/229/224
f 499/228/223 502/231/224 501/230/223
f 503/232/225 505/234/225 504/233/225
f 503/232/225 506/235/225 505/234/225
f 507/236/226 509/238/227 508/237/227
f 507/236/226 510/239/228 509/238/227
f 511/235/229 513/240/229 512/234/229
f 511/235/229 514/241/230 513/240/229
f 515/235/231 517/139/232 516/241/231
f 515/235/231 518/138/232 517/139/232
f 519/242/233 521/244/233 520/243/233
f 519/242/233 522/245/233 521/244/233
f 523/241/234 525/141/234 524/246/234
f 523/241/234 526/139/234 525/141/234
f 527/247/235 529/249/235 528/248/235
f 527/247/235 530/250/235 529/249/235
f 531/246/236 533/143/236 532/251/236
f 531/246/236 534/141/237 533/143/236
f 535/251/238 537/253/239 536/252/238
f 535/251/238 538/254/239 537/253/239
f 539/251/240 541/255/241 540/254/241
f 539/251/240 542/143/241 541/255/241
f 543/255/242 545/144/243 544/146/242
f 543/255/242 546/143/242 545/144/243
f 547/253/244 549/256/244 548/252/244
f 547/253/244 550/257/244 549/256/244
f 551/258/245 553/248/246 552/249/246
f 551/258/245 554/259/245 553/248/246
f 555/256/247 557/261/247 556/260/248
f 555/256/247 558/262/247 557/261/247
f 559/256/249 561/263/249 560/262/249
f 559/256/249 562/257/249 561/263/249
f 563/262/250 565/265/250 564/264/250
f 563/262/250 566/263/250 565/265/250
f 567/262/251 569/266/252 568/261/251
f 567/262/251 570/264/252 569/266/252
f 571/266/253 573/268/253 572/267/253
f 571/266/253 574/264/253 573/268/253
f 575/266/254 577/269/254 576/261/255
f 575/266/254 578/270/255 577/269/254
f 579/266/256 581/271/256 580/270/256
f 579/266/256 582/267/256 581/271/256
f 583/271/257 585/273/257 584/272/258
f 583/271/257 586/267/259 585/273/257
f 587/271/260 589/274/260 588/270/260
f 587/271/260 590/275/260 589/274/260
f 591/271/261 593/276/263 592/275/262
f 591/271/261 594/272/264 593/276/263
f 595/276/265 597/278/266 596/277/265
f 595/276/265 598/272/265 597/278/266
f 599/279/267 601/281/267 600/280/267
f 599/279/267 602/282/267 601/281/267
f 603/279/268 605/283/268 604/282/268
f 603/279/268 606/284/268 605/283/268
f 607/285/269 609/287/269 608/286/270
f 607/285/269 610/288/269 609/287/269
f 611/283/271 613/205/271 612/282/272
f 611/283/271 614/203/272 613/205/271
f 615/283/273 617/201/273 616/203/274
f 615/283/273 618/289/273 617/201/273
f 619/286/275 621/291/276 620/290/276
f 619/286/275 622/287/275 621/291/276
f 623/289/277 625/181/277 624/201/277
f 623/289/277 626/180/277 625/181/277
f 627/282/278 629/211/279 628/281/279
f 627/282/278 630/205/280 629/211/279
f 631/281/281 633/292/281 632/280/281
f 631/281/281 634/293/281 633/292/281
f 635/281/282 637/212/282 636/293/282
f 635/281/282 638/211/282 637/212/282
f 639/293/283 641/294/283 640/292/283
f 639/293/283 642/295/283 641/294/283
f 643/293/284 645/213/284 644/295/284
f 643/293/284 646/212/284 645/213/284
f 647/295/285 649/296/285 648/294/285
f 647/295/285 650/225/285 649/296/285
f 651/295/286 653/217/286 652/225/286
f 651/295/286 654/213/286 653/217/286
f 655/297/287 657/299/287 656/298/288
f 655/297/287 658/300/287 657/299/287
f 659/301/289 661/269/290 660/302/290
f 659/301/289 662/303/289 661/269/290
f 663/301/291 665/240/292 664/303/291
f 663/301/291 666/234/292 665/240/292
f 667/303/293 669/261/293 668/269/293
f 667/303/293 670/260/293 669/261/293
f 671/304/294 673/306/295 672/305/295
f 671/304/294 674/307/296 673/306/295
f 675/302/297 677/270/297 676/274/298
f 675/302/297 678/269/297 677/270/297
s 0
f 679/278/299 681/155/299 680/157/299
s 1
f 679/278/300 682/154/300 681/155/300
f 683/278/301 685/273/301 684/154/301
s 0
f 683/278/302 686/272/302 685/273/302
s 1
f 687/278/303 689/308/304 688/277/303
f 687/278/303 690/157/304 689/308/304
s 0
f 691/273/305 693/151/305 692/154/305
f 691/273/306 694/309/306 693/151/306
s 1
f 695/273/307 697/268/307 696/309/307
f 695/273/307 698/267/307 697/268/307
s 0
f 699/309/308 701/310/308 700/151/308
s 1
f 702/309/309 704/268/311 703/311/310
f 705/224/312 707/312/314 706/131/313
f 708/224/315 710/221/317 709/313/316
f 711/224/318 713/132/318 712/223/318
f 711/224/318 714/131/318 713/132/318
f 715/312/319 717/128/320 716/131/320
f 715/312/319 718/127/320 717/128/320
f 719/211/321 721/206/321 720/208/321
f 719/211/321 722/205/321 721/206/321
f 723/123/322 725/53/324 724/314/323
f 726/119/325 728/65/327 727/315/326
f 729/119/328 731/316/329 730/65/329
f 729/119/328 732/113/329 731/316/329
f 733/316/330 735/64/330 734/65/330
f 733/316/330 736/317/330 735/64/330
f 737/316/331 739/318/331 738/317/331
f 737/316/331 740/107/331 739/318/331
f 741/316/332 743/106/332 742/107/333
f 741/316/332 744/113/332 743/106/332
f 745/318/334 747/319/334 746/317/335
f 745/318/334 748/320/335 747/319/334
f 749/321/336 751/323/336 750/322/336
f 749/321/336 752/324/336 751/323/336
f 753/325/337 755/327/338 754/326/338
f 753/325/337 756/328/338 755/327/338
f 757/324/339 759/329/339 758/323/339
f 757/324/339 760/330/339 759/329/339
f 761/331/340 763/333/340 762/332/341
f 761/331/340 764/334/340 763/333/340
s 0
f 765/330/342 767/1/342 766/329/342
s 1
f 765/330/343 768/8/343 767/1/343
f 769/330/344 771/97/345 770/8/345
f 769/330/344 772/99/344 771/97/345
f 773/329/346 775/335/346 774/323/346
f 773/329/346 776/336/346 775/335/346
f 777/329/347 779/5/347 778/336/347
f 777/329/347 780/1/347 779/5/347
f 781/336/348 783/337/348 782/335/348
f 781/336/348 784/338/348 783/337/348
f 785/336/349 787/42/349 786/338/349
f 785/336/349 788/5/349 787/42/349
f 789/338/350 791/339/350 790/337/350
f 789/338/350 792/340/350 791/339/350
f 793/338/351 795/341/351 794/340/351
f 793/338/351 796/42/351 795/341/351
f 797/341/352 799/342/352 798/340/352
f 797/341/352 800/343/352 799/342/352
f 801/341/353 803/344/353 802/343/353
f 801/341/353 804/345/353 803/344/353
f 805/341/354 807/39/354 806/345/355
f 805/341/354 808/42/354 807/39/354
f 809/346/356 811/348/358 810/347/357
f 809/346/356 812/349/356 811/348/358
f 813/345/359 815/40/360 814/350/360
f 813/345/359 816/39/360 815/40/360
f 817/351/361 819/353/362 818/352/362
f 817/351/361 820/354/361 819/353/362
f 821/351/363 823/69/363 822/354/363
f 821/351/363 824/355/363 823/69/363
f 825/354/364 827/356/364 826/353/364
f 825/354/364 828/357/364 827/356/364
f 829/354/365 831/70/365 830/357/365
f 829/354/365 832/69/365 831/70/365
f 833/357/366 835/358/368 834/356/367
f 833/357/366 836/359/369 835/358/368
f 837/357/370 839/71/370 838/359/371
f 837/357/370 840/70/370 839/71/370
f 841/359/372 843/360/373 842/358/372
f 841/359/372 844/361/372 843/360/373
f 845/359/374 847/362/375 846/361/374
f 845/359/374 848/71/376 847/362/375
f 849/362/377 851/363/377 850/361/378
f 849/362/377 852/364/377 851/363/377
f 853/362/379 855/319/380 854/364/379
f 853/362/379 856/63/380 855/319/380
f 857/362/381 859/62/382 858/63/381
f 857/362/381 860/71/381 859/62/382
f 861/365/383 863/367/384 862/366/384
f 861/365/383 864/368/384 863/367/384
f 865/369/385 867/371/387 866/370/386
f 865/369/385 868/372/387 867/371/387
f 869/368/388 871/337/388 870/367/388
f 869/368/388 872/335/389 871/337/388
f 873/368/390 875/323/390 874/335/390
f 873/368/390 876/322/390 875/323/390
f 877/367/391 879/373/391 878/366/391
f 877/367/391 880/374/392 879/373/391
f 881/367/393 883/339/394 882/374/393
f 881/367/393 884/337/393 883/339/394
f 885/374/395 887/48/396 886/373/396
f 885/374/395 888/47/395 887/48/396
f 889/374/397 891/49/399 890/47/398
f 889/374/397 892/339/398 891/49/399
f 893/375/400 895/59/401 894/360/400
f 893/375/400 896/376/402 895/59/401
f 897/375/403 899/361/403 898/363/403
f 897/375/403 900/360/403 899/361/403
f 901/360/404 903/55/404 902/358/404
f 901/360/404 904/59/404 903/55/404
f 905/358/405 907/56/406 906/356/406
f 905/358/405 908/55/406 907/56/406
f 909/356/407 911/377/409 910/353/408
f 909/356/407 912/56/409 911/377/409
f 913/377/410 915/379/412 914/378/411
f 913/377/410 916/380/411 915/379/412
f 917/377/413 919/57/413 918/380/413
f 917/377/413 920/56/413 919/57/413
f 921/377/414 923/352/415 922/353/415
f 921/377/414 924/378/416 923/352/415
f 925/380/417 927/381/418 926/379/417
f 925/380/417 928/382/418 927/381/418
f 929/380/419 931/60/421 930/382/420
f 929/380/419 932/57/420 931/60/421
f 933/383/422 935/385/423 934/384/422
f 933/383/422 936/386/422 935/385/423
f 937/383/424 939/45/424 938/386/424
f 937/383/424 940/387/424 939/45/424
f 941/386/425 943/388/426 942/385/425
f 941/386/425 944/389/425 943/388/426
f 945/386/427 947/46/429 946/389/428
f 945/386/427 948/45/428 947/46/429
f 949/389/430 951/343/432 950/388/431
f 949/389/430 952/342/433 951/343/432
f 953/389/434 955/49/434 954/342/434
f 953/389/434 956/46/434 955/49/434
f 957/390/435 959/392/435 958/391/435
f 957/390/435 960/393/435 959/392/435
f 961/390/436 963/348/436 962/393/437
f 961/390/436 964/347/436 963/348/436
f 965/342/438 967/339/438 966/340/438
f 965/342/438 968/49/438 967/339/438
f 969/319/439 971/64/439 970/317/440
f 969/319/439 972/63/439 971/64/439
f 973/115/441 975/21/441 974/114/441
f 973/115/441 976/20/441 975/21/441
f 977/73/442 979/61/444 978/66/443
f 977/73/442 980/394/444 979/61/444
f 981/69/445 983/77/446 982/68/445
f 981/69/445 984/355/445 983/77/446
f 985/387/447 987/44/448 986/45/447
f 985/387/447 988/395/448 987/44/448
f 989/396/449 991/398/450 990/397/450
f 989/396/449 992/399/449 991/398/450
s 0
f 993/183/451 995/23/451 994/27/451
f 993/183/452 996/28/452 995/23/452
s 1
f 997/172/453 999/11/453 998/400/453
f 997/172/453 1000/10/454 999/11/453
f 1001/401/455 1003/391/456 1002/392/456
f 1001/401/455 1004/402/456 1003/391/456
f 1005/403/457 1007/405/459 1006/404/458
f 1008/406/460 1010/408/461 1009/407/461
f 1008/406/460 1011/409/462 1010/408/461
f 1012/406/463 1014/410/465 1013/409/464
f 1012/406/463 1015/411/465 1014/410/465
f 1016/412/466 1018/414/466 1017/413/467
f 1016/412/466 1019/415/466 1018/414/466
f 1020/416/468 1022/418/468 1021/417/468
f 1020/416/468 1023/419/468 1022/418/468
f 1024/412/469 1026/421/470 1025/420/469
f 1024/412/469 1027/413/471 1026/421/470
f 1028/422/472 1030/424/473 1029/423/473
f 1028/422/472 1031/425/472 1030/424/473
f 1032/426/474 1034/428/474 1033/427/475
f 1032/426/474 1035/429/474 1034/428/474
f 1036/430/476 1038/432/477 1037/431/476
f 1036/430/476 1039/433/476 1038/432/477
f 1040/430/478 1042/435/479 1041/434/479
f 1040/430/478 1043/436/479 1042/435/479
f 1044/430/480 1046/438/481 1045/437/481
f 1044/430/480 1047/434/481 1046/438/481
f 1048/430/482 1050/439/482 1049/433/482
f 1048/430/482 1051/437/482 1050/439/482
f 1052/430/483 1054/440/483 1053/436/483
f 1052/430/483 1055/431/483 1054/440/483
f 1056/423/484 1058/418/484 1057/419/484
f 1056/423/484 1059/424/484 1058/418/484
f 1060/441/485 1062/443/485 1061/442/485
f 1060/441/485 1063/444/485 1062/443/485
f 1064/441/486 1066/446/486 1065/445/486
f 1064/441/486 1067/447/486 1066/446/486
f 1068/441/487 1070/448/487 1069/444/487
f 1068/441/487 1071/445/488 1070/448/487
f 1072/441/489 1074/450/489 1073/449/490
f 1072/441/489 1075/442/489 1074/450/489
f 1076/441/491 1078/451/491 1077/447/492
f 1076/441/491 1079/449/492 1078/451/491
f 1080/452/493 1082/454/494 1081/453/494
f 1080/452/493 1083/455/494 1082/454/494
f 1084/452/495 1086/457/497 1085/456/496
f 1084/452/495 1087/453/496 1086/457/497
f 1088/452/498 1090/458/499 1089/455/498
f 1088/452/498 1091/456/498 1090/458/499
f 1092/459/500 1094/461/502 1093/460/501
f 1092/459/500 1095/462/501 1094/461/502
f 1096/459/503 1098/464/505 1097/463/504
f 1096/459/503 1099/460/506 1098/464/505
f 1100/459/507 1102/465/509 1101/462/508
f 1100/459/507 1103/463/508 1102/465/509
f 1104/465/510 1106/467/510 1105/466/511
s 0
f 1107/465/512 1109/468/512 1108/462/512
f 1107/465/513 1110/466/513 1109/468/513
f 1111/468/514 1113/466/514 1112/469/514
s 1
f 1114/468/515 1116/461/517 1115/462/516
f 1114/468/515 1117/470/517 1116/461/517
f 1118/471/518 1120/473/520 1119/472/519
f 1121/471/521 1123/474/523 1122/473/522
f 1124/474/524 1126/475/524 1125/473/524
f 1124/474/524 1127/476/524 1126/475/524
f 1128/474/525 1130/477/525 1129/476/525
f 1128/474/525 1131/478/525 1130/477/525
f 1132/474/526 1134/479/528 1133/478/527
f 1135/480/529 1137/482/531 1136/481/530
f 1138/482/532 1140/483/532 1139/481/532
f 1138/482/532 1141/484/532 1140/483/532
f 1142/482/533 1144/485/533 1143/484/533
f 1142/482/533 1145/486/533 1144/485/533
f 1146/482/534 1148/487/536 1147/486/535
f 1149/488/537 1151/485/537 1150/486/537
f 1149/488/537 1152/489/538 1151/485/537
f 1153/488/539 1155/490/539 1154/489/539
f 1153/488/539 1156/491/539 1155/490/539
f 1157/490/540 1159/493/541 1158/492/541
f 1157/490/540 1160/491/541 1159/493/541
f 1161/490/542 1163/494/543 1162/489/543
f 1161/490/542 1164/495/542 1163/494/543
f 1165/490/544 1167/496/545 1166/495/545
f 1165/490/544 1168/492/544 1167/496/545
f 1169/496/546 1171/498/547 1170/497/547
f 1169/496/546 1172/492/547 1171/498/547
f 1173/496/548 1175/499/550 1174/495/549
f 1173/496/548 1176/500/549 1175/499/550
f 1177/496/551 1179/501/552 1178/500/551
f 1177/496/551 1180/497/551 1179/501/552
f 1181/501/553 1183/503/554 1182/502/553
f 1181/501/553 1184/497/555 1183/503/554
f 1185/501/556 1187/504/557 1186/500/556
f 1185/501/556 1188/505/556 1187/504/557
f 1189/501/558 1191/506/558 1190/505/558
f 1189/501/558 1192/502/558 1191/506/558
f 1193/506/559 1195/508/561 1194/507/560
f 1193/506/559 1196/502/560 1195/508/561
f 1197/509/562 1199/511/564 1198/510/563
f 1200/509/565 1202/512/565 1201/511/566
f 1203/512/567 1205/514/569 1204/513/568
f 1206/512/570 1208/515/571 1207/511/571
f 1206/512/570 1209/516/571 1208/515/571
f 1210/512/572 1212/517/574 1211/516/573
f 1210/512/572 1213/518/572 1212/517/574
f 1214/517/575 1216/520/576 1215/519/575
f 1214/517/575 1217/518/575 1216/520/576
f 1218/517/577 1220/521/577 1219/516/578
f 1218/517/577 1221/522/577 1220/521/577
f 1222/517/579 1224/523/580 1223/522/580
f 1222/517/579 1225/519/580 1224/523/580
f 1226/523/581 1228/525/581 1227/524/581
f 1226/523/581 1229/519/581 1228/525/581
f 1230/523/582 1232/526/582 1231/522/582
f 1230/523/582 1233/527/582 1232/526/582
f 1234/523/583 1236/528/583 1235/527/583
f 1234/523/583 1237/524/583 1236/528/583
f 1238/528/584 1240/530/584 1239/529/584
f 1238/528/584 1241/524/584 1240/530/584
f 1242/528/585 1244/531/585 1243/527/585
f 1242/528/585 1245/532/586 1244/531/585
f 1246/528/587 1248/533/587 1247/532/587
f 1246/528/587 1249/529/587 1248/533/587
f 1250/533/588 1252/449/588 1251/450/588
f 1250/533/588 1253/529/588 1252/449/588
f 1254/533/589 1256/534/589 1255/532/590
f 1254/533/589 1257/535/589 1256/534/589
f 1258/533/591 1260/536/591 1259/535/591
f 1258/533/591 1261/450/591 1260/536/591
f 1262/536/592 1264/442/592 1263/537/592
f 1262/536/592 1265/450/592 1264/442/592
f 1266/536/593 1268/538/593 1267/535/593
f 1266/536/593 1269/539/593 1268/538/593
f 1270/536/594 1272/540/594 1271/539/595
f 1270/536/594 1273/537/595 1272/540/594
f 1274/540/596 1276/542/596 1275/541/596
f 1274/540/596 1277/537/597 1276/542/596
f 1278/543/598 1280/432/599 1279/544/599
f 1278/543/598 1281/431/598 1280/432/599
f 1282/543/600 1284/440/602 1283/431/601
f 1282/543/600 1285/545/601 1284/440/602
f 1286/542/603 1288/547/603 1287/546/603
f 1286/542/603 1289/443/603 1288/547/603
f 1290/542/604 1292/442/606 1291/443/605
f 1290/542/604 1293/537/605 1292/442/606
f 1294/547/607 1296/549/608 1295/548/608
f 1294/547/607 1297/550/608 1296/549/608
f 1298/547/609 1300/444/609 1299/550/609
f 1298/547/609 1301/443/609 1300/444/609
f 1302/547/610 1304/551/611 1303/546/611
f 1302/547/610 1305/548/610 1304/551/611
f 1306/550/612 1308/552/612 1307/549/612
f 1306/550/612 1309/553/612 1308/552/612
f 1310/550/613 1312/448/613 1311/553/613
f 1310/550/613 1313/444/613 1312/448/613
f 1314/554/614 1316/435/615 1315/436/614
f 1314/554/614 1317/555/615 1316/435/615
f 1318/554/616 1320/440/616 1319/556/616
s 0
f 1318/554/616 1321/436/616 1320/440/616
s 1
f 1322/555/617 1324/557/618 1323/435/617
f 1322/555/617 1325/558/618 1324/557/618
f 1326/557/619 1328/434/619 1327/435/620
f 1326/557/619 1329/559/620 1328/434/619
f 1330/557/621 1332/560/621 1331/559/622
f 1330/557/621 1333/561/621 1332/560/621
f 1334/562/623 1336/448/625 1335/445/624
f 1334/562/623 1337/563/624 1336/448/625
f 1338/560/626 1340/564/627 1339/559/626
f 1338/560/626 1341/565/627 1340/564/627
f 1342/562/628 1344/446/628 1343/566/628
f 1342/562/628 1345/445/629 1344/446/628
f 1346/567/630 1348/569/630 1347/568/630
f 1346/567/630 1349/570/631 1348/569/630
f 1350/566/632 1352/572/632 1351/571/632
f 1350/566/632 1353/446/632 1352/572/632
f 1354/572/633 1356/447/634 1355/573/633
f 1354/572/633 1357/446/634 1356/447/634
f 1358/574/635 1360/576/637 1359/575/636
f 1358/574/635 1361/577/636 1360/576/637
f 1362/578/638 1364/457/640 1363/453/639
f 1362/578/638 1365/575/639 1364/457/640
f 1366/578/641 1368/453/643 1367/454/642
f 1369/579/644 1371/581/646 1370/580/645
f 1369/579/644 1372/454/644 1371/581/646
f 1373/581/647 1375/503/649 1374/582/648
f 1376/581/650 1378/502/652 1377/503/651
f 1376/581/650 1379/508/651 1378/502/652
f 1380/581/653 1382/455/653 1381/508/654
f 1380/581/653 1383/454/654 1382/455/653
f 1384/582/655 1386/498/656 1385/583/655
f 1387/582/657 1389/497/659 1388/498/658
f 1387/582/657 1390/503/660 1389/497/659
f 1391/584/661 1393/586/663 1392/585/662
f 1391/584/661 1394/587/662 1393/586/663
f 1395/584/664 1397/466/664 1396/467/664
s 0
f 1395/584/665 1398/469/665 1397/466/665
s 1
f 1399/588/666 1401/590/668 1400/589/667
f 1402/590/669 1404/591/669 1403/589/669
f 1402/590/669 1405/592/669 1404/591/669
f 1406/592/670 1408/593/672 1407/591/671
f 1406/592/670 1409/594/671 1408/593/672
f 1410/595/673 1412/597/675 1411/596/674
f 1413/595/676 1415/598/678 1414/597/677
f 1413/595/676 1416/599/679 1415/598/678
f 1417/595/680 1419/460/681 1418/599/680
f 1417/595/680 1420/464/682 1419/460/681
f 1421/599/683 1423/600/684 1422/598/683
f 1421/599/683 1424/601/683 1423/600/684
f 1425/599/685 1427/461/685 1426/601/685
f 1425/599/685 1428/460/685 1427/461/685
f 1429/601/686 1431/602/686 1430/600/687
f 1432/601/688 1434/461/689 1433/470/688
f 1435/600/690 1437/603/691 1436/598/691
f 1435/600/690 1438/604/691 1437/603/691
f 1439/600/692 1441/605/692 1440/604/693
f 1439/600/692 1442/602/693 1441/605/692
f 1443/604/694 1445/606/695 1444/603/695
f 1443/604/694 1446/607/695 1445/606/695
f 1447/604/696 1449/608/698 1448/607/697
f 1447/604/696 1450/605/699 1449/608/698
f 1451/607/700 1453/609/701 1452/606/701
f 1451/607/700 1454/610/700 1453/609/701
f 1455/607/702 1457/472/703 1456/610/702
f 1455/607/702 1458/608/703 1457/472/703
f 1459/610/704 1461/611/704 1460/609/704
f 1459/610/704 1462/475/704 1461/611/704
f 1463/610/705 1465/473/705 1464/475/706
f 1463/610/705 1466/472/705 1465/473/705
f 1467/611/707 1469/612/707 1468/609/707
f 1467/611/707 1470/613/707 1469/612/707
f 1471/611/708 1473/614/709 1472/613/708
f 1471/611/708 1474/615/710 1473/614/709
f 1475/611/711 1477/476/711 1476/615/711
f 1475/611/711 1478/475/711 1477/476/711
f 1479/615/712 1481/616/712 1480/614/712
f 1479/615/712 1482/617/712 1481/616/712
f 1483/615/713 1485/477/713 1484/617/713
f 1483/615/713 1486/476/713 1485/477/713
f 1487/618/714 1489/620/714 1488/619/715
f 1487/618/714 1490/621/714 1489/620/714
f 1491/618/716 1493/484/716 1492/621/716
f 1491/618/716 1494/483/716 1493/484/716
f 1495/621/717 1497/622/717 1496/620/717
f 1495/621/717 1498/623/717 1497/622/717
f 1499/621/718 1501/485/718 1500/623/718
f 1499/621/718 1502/484/718 1501/485/718
f 1503/623/719 1505/624/719 1504/622/719
f 1503/623/719 1506/494/719 1505/624/719
f 1507/623/720 1509/489/721 1508/494/720
f 1507/623/720 1510/485/720 1509/489/721
f 1511/624/722 1513/495/724 1512/499/723
f 1511/624/722 1514/494/724 1513/495/724
f 1515/624/725 1517/625/725 1516/622/725
f 1515/624/725 1518/626/725 1517/625/725
f 1519/624/726 1521/627/726 1520/626/726
f 1519/624/726 1522/499/726 1521/627/726
f 1523/627/727 1525/500/727 1524/504/727
f 1523/627/727 1526/499/727 1525/500/727
f 1527/627/728 1529/629/729 1528/628/728
f 1527/627/728 1530/504/728 1529/629/729
f 1531/629/730 1533/504/731 1532/505/730
f 1534/629/732 1536/630/733 1535/628/733
f 1534/629/732 1537/631/733 1536/630/733
f 1538/629/734 1540/632/736 1539/631/735
f 1541/632/737 1543/633/739 1542/510/738
f 1544/632/740 1546/634/740 1545/631/741
f 1544/632/740 1547/635/741 1546/634/740
f 1548/632/742 1550/636/742 1549/635/742
f 1548/632/742 1551/510/742 1550/636/742
f 1552/636/743 1554/511/745 1553/515/744
f 1552/636/743 1555/510/745 1554/511/745
f 1556/636/746 1558/637/747 1557/635/747
f 1556/636/746 1559/638/746 1558/637/747
f 1560/636/748 1562/639/748 1561/638/748
f 1560/636/748 1563/515/748 1562/639/748
f 1564/639/749 1566/516/749 1565/521/750
f 1564/639/749 1567/515/749 1566/516/749
f 1568/639/751 1570/640/751 1569/638/751
f 1568/639/751 1571/641/751 1570/640/751
f 1572/639/752 1574/642/753 1573/641/753
f 1572/639/752 1575/521/754 1574/642/753
f 1576/642/755 1578/522/755 1577/526/755
f 1576/642/755 1579/521/755 1578/522/755
s 0
f 1580/642/756 1582/643/756 1581/641/756
f 1580/642/757 1583/644/757 1582/643/757
s 1
f 1584/645/758 1586/647/760 1585/646/759
f 1584/645/758 1587/648/760 1586/647/760
f 1588/649/761 1590/527/761 1589/531/761
f 1588/649/761 1591/526/761 1590/527/761
f 1592/650/762 1594/652/763 1593/651/763
f 1592/650/762 1595/653/764 1594/652/763
f 1596/654/765 1598/656/766 1597/655/766
f 1596/654/765 1599/657/766 1598/656/766
f 1600/658/767 1602/532/768 1601/534/767
f 1600/658/767 1603/531/767 1602/532/768
f 1604/659/769 1606/661/769 1605/660/769
f 1604/659/769 1607/662/769 1606/661/769
f 1608/659/770 1610/663/771 1609/662/770
f 1608/659/770 1611/664/771 1610/663/771
f 1612/665/772 1614/535/774 1613/538/773
f 1612/665/772 1615/534/772 1614/535/774
f 1616/666/775 1618/668/775 1617/667/776
f 1616/666/775 1619/669/777 1618/668/775
f 1620/666/778 1622/670/779 1621/669/779
f 1620/666/778 1623/671/779 1622/670/779
f 1624/670/780 1626/544/781 1625/432/781
f 1624/670/780 1627/671/780 1626/544/781
f 1628/670/782 1630/672/783 1629/669/783
f 1628/670/782 1631/673/782 1630/672/783
f 1632/670/784 1634/433/784 1633/673/784
f 1632/670/784 1635/432/784 1634/433/784
f 1636/673/785 1638/674/785 1637/672/785
f 1636/673/785 1639/675/785 1638/674/785
f 1640/673/786 1642/439/786 1641/675/786
f 1640/673/786 1643/433/786 1642/439/786
f 1644/675/787 1646/676/788 1645/674/787
f 1644/675/787 1647/677/787 1646/676/788
f 1648/675/789 1650/678/789 1649/677/789
f 1648/675/789 1651/439/789 1650/678/789
f 1652/678/790 1654/437/790 1653/679/790
f 1652/678/790 1655/439/790 1654/437/790
f 1656/678/791 1658/680/791 1657/677/791
f 1656/678/791 1659/681/792 1658/680/791
f 1660/682/793 1662/683/794 1661/680/793
f 1660/682/793 1663/586/794 1662/683/794
f 1664/683/795 1666/677/797 1665/680/796
f 1667/683/798 1669/685/800 1668/684/799
f 1670/683/801 1672/586/803 1671/587/802
f 1673/684/804 1675/674/804 1674/676/805
f 1673/684/804 1676/686/804 1675/674/804
f 1677/684/806 1679/687/806 1678/686/806
f 1677/684/806 1680/688/806 1679/687/806
f 1681/684/807 1683/689/808 1682/688/808
f 1681/684/807 1684/685/808 1683/689/808
f 1685/688/809 1687/690/809 1686/687/809
f 1685/688/809 1688/691/809 1687/690/809
f 1689/688/810 1691/589/810 1690/691/810
f 1689/688/810 1692/689/810 1691/589/810
f 1693/691/811 1695/692/811 1694/690/811
f 1693/691/811 1696/693/811 1695/692/811
s 0
f 1697/691/812 1699/591/812 1698/693/812
f 1697/691/813 1700/589/813 1699/591/813
s 1
f 1701/693/814 1703/694/814 1702/692/814
f 1701/693/814 1704/695/814 1703/694/814
f 1705/693/815 1707/593/816 1706/695/816
f 1705/693/815 1708/591/815 1707/593/816
f 1709/695/817 1711/696/819 1710/694/818
f 1709/695/817 1712/697/820 1711/696/819
f 1713/695/821 1715/698/822 1714/697/822
f 1713/695/821 1716/593/823 1715/698/822
f 1717/698/824 1719/699/824 1718/697/824
f 1717/698/824 1720/700/824 1719/699/824
f 1721/698/825 1723/701/826 1722/700/826
f 1721/698/825 1724/702/826 1723/701/826
s 0
f 1725/698/827 1727/594/827 1726/702/827
f 1725/698/828 1728/593/828 1727/594/828
s 1
f 1729/701/829 1731/703/831 1730/700/830
f 1729/701/829 1732/704/830 1731/703/831
f 1733/701/832 1735/705/833 1734/704/833
f 1733/701/832 1736/596/833 1735/705/833
f 1737/705/834 1739/707/835 1738/706/835
f 1737/705/834 1740/708/835 1739/707/835
f 1741/705/836 1743/597/838 1742/708/837
f 1741/705/836 1744/596/839 1743/597/838
f 1745/708/840 1747/606/842 1746/707/841
f 1745/708/840 1748/603/841 1747/606/842
f 1749/708/843 1751/598/845 1750/603/844
f 1749/708/843 1752/597/846 1751/598/845
f 1753/707/847 1755/709/847 1754/706/847
f 1753/707/847 1756/612/847 1755/709/847
f 1757/707/848 1759/609/849 1758/612/849
f 1757/707/848 1760/606/849 1759/609/849
f 1761/709/850 1763/711/852 1762/710/851
f 1764/709/853 1766/613/853 1765/711/854
f 1764/709/853 1767/612/854 1766/613/853
f 1768/711/855 1770/712/856 1769/710/855
f 1768/711/855 1771/713/855 1770/712/856
f 1772/711/857 1774/614/858 1773/713/857
f 1772/711/857 1775/613/858 1774/614/858
f 1776/713/859 1778/714/861 1777/712/860
f 1776/713/859 1779/715/859 1778/714/861
f 1780/713/862 1782/616/863 1781/715/862
f 1780/713/862 1783/614/863 1782/616/863
f 1784/716/864 1786/620/864 1785/717/864
f 1784/716/864 1787/619/864 1786/620/864
f 1788/716/865 1790/719/865 1789/718/865
f 1788/716/865 1791/717/865 1790/719/865
f 1792/719/866 1794/625/866 1793/720/867
f 1792/719/866 1795/717/866 1794/625/866
f 1796/719/868 1798/721/869 1797/718/868
f 1796/719/868 1799/722/869 1798/721/869
f 1800/719/870 1802/723/872 1801/722/871
f 1803/723/873 1805/724/874 1804/722/874
f 1803/723/873 1806/725/874 1805/724/874
f 1807/726/875 1809/634/875 1808/727/876
f 1807/726/875 1810/728/876 1809/634/875
f 1811/726/877 1813/730/877 1812/729/877
f 1811/726/877 1814/727/877 1813/730/877
f 1815/730/878 1817/637/879 1816/731/879
f 1815/730/878 1818/727/878 1817/637/879
f 1819/730/880 1821/732/881 1820/729/881
f 1819/730/880 1822/733/880 1821/732/881
f 1823/730/882 1825/734/882 1824/733/883
f 1823/730/882 1826/731/882 1825/734/882
f 1827/734/884 1829/640/885 1828/735/885
f 1827/734/884 1830/731/885 1829/640/885
f 1831/734/886 1833/736/887 1832/733/887
f 1831/734/886 1834/737/886 1833/736/887
f 1835/734/888 1837/738/888 1836/737/889
f 1835/734/888 1838/735/889 1837/738/888
f 1839/738/890 1841/643/891 1840/739/891
f 1839/738/890 1842/735/892 1841/643/891
f 1843/738/893 1845/740/893 1844/737/893
f 1843/738/893 1846/741/893 1845/740/893
f 1847/738/894 1849/742/895 1848/741/894
f 1847/738/894 1850/739/896 1849/742/895
f 1851/742/897 1853/744/899 1852/743/898
f 1851/742/897 1854/739/897 1853/744/899
f 1855/745/900 1857/747/901 1856/746/900
f 1855/745/900 1858/748/900 1857/747/901
f 1859/745/902 1861/749/902 1860/748/902
f 1859/745/902 1862/750/902 1861/749/902
f 1863/749/903 1865/752/903 1864/751/903
f 1863/749/903 1866/750/903 1865/752/903
f 1867/749/904 1869/753/905 1868/748/904
f 1867/749/904 1870/754/905 1869/753/905
f 1871/749/906 1873/755/907 1872/754/907
f 1871/749/906 1874/751/907 1873/755/907
f 1875/755/908 1877/668/909 1876/756/908
f 1875/755/908 1878/751/909 1877/668/909
f 1879/755/910 1881/690/911 1880/754/911
f 1879/755/910 1882/687/910 1881/690/911
f 1883/755/912 1885/686/912 1884/687/912
f 1883/755/912 1886/756/912 1885/686/912
f 1887/756/913 1889/669/914 1888/672/913
f 1887/756/913 1890/668/914 1889/669/914
f 1891/756/915 1893/674/915 1892/686/915
f 1891/756/915 1894/672/915 1893/674/915
f 1895/754/916 1897/692/916 1896/753/917
f 1895/754/916 1898/690/916 1897/692/916
f 1899/753/918 1901/747/919 1900/748/918
f 1899/753/918 1902/757/918 1901/747/919
s 0
f 1903/753/920 1905/694/920 1904/757/920
f 1903/753/920 1906/692/920 1905/694/920
s 1
f 1907/757/921 1909/758/921 1908/747/921
f 1907/757/921 1910/759/921 1909/758/921
f 1911/757/922 1913/696/922 1912/759/922
f 1911/757/922 1914/694/922 1913/696/922
f 1915/759/923 1917/760/923 1916/758/923
f 1915/759/923 1918/761/923 1917/760/923
f 1919/759/924 1921/762/926 1920/761/925
f 1919/759/924 1922/696/927 1921/762/926
f 1923/762/928 1925/763/930 1924/761/929
f 1923/762/928 1926/764/930 1925/763/930
s 0
f 1927/762/931 1929/765/931 1928/764/931
s 1
f 1927/762/932 1930/699/932 1929/765/932
s 0
f 1931/762/933 1933/697/933 1932/699/933
f 1931/762/934 1934/696/934 1933/697/934
s 1
f 1935/765/935 1937/766/937 1936/764/936
f 1938/765/938 1940/700/939 1939/703/938
f 1938/765/938 1941/699/938 1940/700/939
f 1942/767/940 1944/769/940 1943/768/940
f 1942/767/940 1945/770/940 1944/769/940
f 1946/767/941 1948/710/943 1947/770/942
f 1949/770/944 1951/418/945 1950/769/944
f 1949/770/944 1952/417/946 1951/418/945
f 1953/770/947 1955/712/947 1954/417/947
f 1953/770/947 1956/710/948 1955/712/947
f 1957/769/949 1959/771/950 1958/768/950
f 1957/769/949 1960/772/950 1959/771/950
f 1961/769/951 1963/424/952 1962/772/952
f 1961/769/951 1964/418/952 1963/424/952
f 1965/772/953 1967/773/953 1966/771/954
f 1965/772/953 1968/774/954 1967/773/953
f 1969/772/955 1971/425/956 1970/774/956
f 1969/772/955 1972/424/956 1971/425/956
f 1973/774/957 1975/775/958 1974/773/958
f 1973/774/957 1976/776/957 1975/775/958
f 1977/774/959 1979/422/960 1978/776/959
f 1977/774/959 1980/425/959 1979/422/960
f 1981/777/961 1983/779/961 1982/778/962
f 1981/777/961 1984/780/961 1983/779/961
f 1985/777/963 1987/421/964 1986/780/963
f 1985/777/963 1988/781/964 1987/421/964
f 1989/780/965 1991/782/966 1990/779/965
f 1989/780/965 1992/783/965 1991/782/966
f 1993/780/967 1995/413/967 1994/783/968
f 1993/780/967 1996/421/969 1995/413/967
f 1997/783/970 1999/784/970 1998/782/970
f 1997/783/970 2000/785/971 1999/784/970
f 2001/783/972 2003/414/972 2002/785/973
f 2001/783/972 2004/413/972 2003/414/972
f 2005/785/974 2007/786/975 2006/784/974
f 2005/785/974 2008/787/974 2007/786/975
f 2009/785/976 2011/788/976 2010/787/977
f 2009/785/976 2012/414/976 2011/788/976
f 2013/787/978 2015/789/978 2014/786/978
f 2013/787/978 2016/790/978 2015/789/978
f 2017/787/979 2019/791/981 2018/790/980
f 2017/787/979 2020/788/980 2019/791/981
f 2021/790/982 2023/725/983 2022/789/983
f 2021/790/982 2024/724/982 2023/725/983
f 2025/790/984 2027/792/984 2026/724/985
f 2025/790/984 2028/791/985 2027/792/984
f 2029/793/986 2031/729/988 2030/732/987
f 2032/793/989 2034/782/989 2033/784/989
f 2032/793/989 2035/794/989 2034/782/989
f 2036/793/990 2038/795/990 2037/794/990
f 2036/793/990 2039/732/990 2038/795/990
f 2040/795/991 2042/733/991 2041/736/991
f 2040/795/991 2043/732/991 2042/733/991
f 2044/795/992 2046/796/993 2045/794/993
f 2044/795/992 2047/797/992 2046/796/993
f 2048/795/994 2050/798/995 2049/797/994
f 2048/795/994 2051/736/996 2050/798/995
f 2052/798/997 2054/737/997 2053/740/997
f 2052/798/997 2055/736/998 2054/737/997
f 2056/799/999 2058/801/1001 2057/800/1000
f 2056/799/999 2059/760/1000 2058/801/1001
f 2060/799/1002 2062/758/1002 2061/760/1002
f 2060/799/1002 2063/802/1002 2062/758/1002
f 2064/803/1003 2066/805/1005 2065/804/1004
f 2064/803/1003 2067/806/1004 2066/805/1005
f 2068/807/1006 2070/809/1006 2069/808/1006
f 2068/807/1006 2071/810/1007 2070/809/1006
f 2072/801/1008 2074/761/1008 2073/763/1008
f 2072/801/1008 2075/760/1008 2074/761/1008
f 2076/811/1009 2078/775/1010 2077/812/1009
f 2076/811/1009 2079/773/1010 2078/775/1010
f 2080/811/1011 2082/771/1013 2081/773/1012
f 2080/811/1011 2083/766/1012 2082/771/1013
f 2084/811/1014 2086/764/1014 2085/766/1014
f 2084/811/1014 2087/763/1014 2086/764/1014
f 2088/813/1015 2090/779/1016 2089/796/1015
f 2088/813/1015 2091/778/1016 2090/779/1016
f 2092/796/1017 2094/782/1017 2093/794/1017
f 2092/796/1017 2095/779/1018 2094/782/1017
f 2096/758/1019 2098/746/1019 2097/747/1019
f 2096/758/1019 2099/802/1019 2098/746/1019
f 2100/751/1020 2102/667/1021 2101/668/1021
f 2100/751/1020 2103/752/1021 2102/667/1021
f 2104/814/1022 2106/660/1023 2105/661/1023
f 2104/814/1022 2107/815/1023 2106/660/1023
f 2108/739/1024 2110/644/1024 2109/744/1024
f 2108/739/1024 2111/643/1024 2110/644/1024
f 2112/735/1025 2114/641/1026 2113/643/1026
f 2112/735/1025 2115/640/1026 2114/641/1026
f 2116/731/1027 2118/638/1029 2117/640/1028
f 2116/731/1027 2119/637/1029 2118/638/1029
f 2120/727/1030 2122/635/1030 2121/637/1030
f 2120/727/1030 2123/634/1030 2122/635/1030
f 2124/728/1031 2126/631/1032 2125/634/1031
f 2124/728/1031 2127/630/1031 2126/631/1032
f 2128/724/1033 2130/721/1033 2129/722/1033
f 2128/724/1033 2131/792/1033 2130/721/1033
f 2132/720/1034 2134/625/1036 2133/626/1035
f 2135/717/1037 2137/622/1037 2136/625/1037
f 2135/717/1037 2138/620/1037 2137/622/1037
f 2139/816/1038 2141/564/1039 2140/817/1039
f 2139/816/1038 2142/438/1039 2141/564/1039
f 2143/816/1040 2145/437/1040 2144/438/1040
f 2143/816/1040 2146/679/1040 2145/437/1040
f 2147/576/1041 2149/819/1042 2148/818/1042
f 2147/576/1041 2150/577/1042 2149/819/1042
f 2151/576/1043 2153/457/1043 2152/575/1044
f 2151/576/1043 2154/820/1044 2153/457/1043
f 2155/818/1045 2157/819/1047 2156/821/1046
f 2158/821/1048 2160/823/1049 2159/822/1048
f 2158/821/1048 2161/819/1049 2160/823/1049
f 2162/821/1050 2164/524/1050 2163/525/1050
f 2162/821/1050 2165/530/1050 2164/524/1050
f 2166/821/1051 2168/451/1051 2167/530/1051
f 2166/821/1051 2169/822/1051 2168/451/1051
f 2170/822/1052 2172/447/1053 2171/451/1052
f 2170/822/1052 2173/573/1053 2172/447/1053
f 2174/564/1054 2176/434/1055 2175/559/1054
f 2174/564/1054 2177/438/1054 2176/434/1055
f 2178/563/1056 2180/553/1056 2179/448/1056
f 2178/563/1056 2181/824/1056 2180/553/1056
f 2182/545/1057 2184/556/1057 2183/440/1058
f 2182/545/1057 2185/825/1057 2184/556/1057
f 2186/530/1059 2188/449/1059 2187/529/1060
f 2186/530/1059 2189/451/1059 2188/449/1059
f 2190/508/1061 2192/458/1062 2191/507/1061
f 2190/508/1061 2193/455/1062 2192/458/1062
f 2194/498/1063 2196/492/1065 2195/493/1064
f 2197/826/1066 2199/712/1068 2198/714/1067
f 2197/826/1066 2200/417/1066 2199/712/1068
f 2201/827/1069 2203/829/1070 2202/828/1069
f 2201/827/1069 2204/830/1069 2203/829/1070
f 2205/830/1071 2207/832/1071 2206/831/1072
f 2205/830/1071 2208/827/1071 2207/832/1071
f 2209/542/1073 2211/833/1073 2210/541/1073
f 2209/542/1073 2212/546/1073 2211/833/1073
f 2213/834/1074 2215/558/1075 2214/555/1074
f 2213/834/1074 2216/835/1074 2215/558/1075
f 2217/834/1076 2219/554/1076 2218/836/1076
f 2217/834/1076 2220/555/1077 2219/554/1076
f 2221/554/1078 2223/837/1079 2222/836/1078
f 2221/554/1078 2224/556/1080 2223/837/1079
f 2225/838/1081 2227/840/1082 2226/839/1082
f 2225/838/1081 2228/841/1083 2227/840/1082
f 2229/557/1084 2231/842/1084 2230/561/1084
f 2229/557/1084 2232/558/1084 2231/842/1084
f 2233/552/1085 2235/824/1086 2234/843/1086
f 2233/552/1085 2236/553/1086 2235/824/1086
