# Blender 4.5.4 LTS
# www.blender.org
mtllib right_wing.mtl
o 2
v -85.328117 -24.349367 6.330940
v -84.750267 -23.688625 7.588446
v -84.280312 -24.240932 6.264806
v -83.779831 -24.322624 4.422533
v -85.328117 -24.349367 6.330940
v -83.779831 -24.322624 4.422533
v -83.963928 -23.871601 7.295865
v -85.202782 -23.849850 7.723133
v -85.328117 -24.349367 6.330940
v -85.202782 -23.849850 7.723133
v -85.102997 -23.088112 8.945807
v -84.750267 -23.688625 7.588446
v -85.235519 -22.289413 10.140676
v -85.107269 -23.133961 9.172867
v -84.017532 -22.940386 9.579712
v -84.628601 -21.787624 10.762682
v -85.235519 -22.289413 10.140676
v -85.102997 -23.088112 8.945807
v -85.202782 -23.849850 7.723133
v -85.107269 -23.133961 9.172867
v -3.474930 -29.496754 0.716579
v -2.557730 -28.588802 2.543856
v -5.933130 -27.399004 4.157541
v -6.466510 -27.948574 2.930451
v -3.474930 -29.496754 0.716579
v -3.314570 -30.776886 -1.276612
v -1.992990 -30.804174 -0.893892
v -1.697890 -29.896935 0.477358
v -3.474930 -29.496754 0.716579
v -5.561040 -30.144993 -0.859800
v -5.059200 -31.157484 -2.373787
v -3.314570 -30.776886 -1.276612
v -3.474930 -29.496754 0.716579
v -6.466510 -27.948574 2.930451
v -6.490370 -28.798597 1.270389
v -5.561040 -30.144993 -0.859800
v -3.474930 -29.496754 0.716579
v -1.697890 -29.896935 0.477358
v -1.167280 -29.149626 1.858202
v -2.557730 -28.588802 2.543856
v -85.107269 -23.133961 9.172867
v -85.202782 -23.849850 7.723133
v -83.963928 -23.871601 7.295865
v -84.017532 -22.940386 9.579712
v -49.317829 -36.908283 -16.178387
v -46.364288 -36.939804 -15.906590
v -45.841209 -38.692120 -18.227547
v -49.952202 -37.936359 -17.626160
v -49.317829 -36.908283 -16.178387
v -49.952202 -37.936359 -17.626160
v -53.845490 -36.972870 -16.432524
v -51.433182 -35.833744 -14.538362
v -49.317829 -36.908283 -16.178387
v -51.433182 -35.833744 -14.538362
v -48.043930 -35.077316 -13.275679
v -46.364288 -36.939804 -15.906590
v -4.242410 -29.688839 -0.092813
v -3.186860 -28.814661 1.658727
v -1.782340 -29.404379 0.747059
v -2.525370 -30.253036 -0.660012
v -4.242410 -29.688839 -0.092813
v -3.407160 -31.017359 -2.022460
v -4.758960 -31.192066 -2.617151
v -5.464510 -30.219639 -1.262255
v -4.242410 -29.688839 -0.092813
v -2.525370 -30.253036 -0.660012
v -1.822980 -31.269711 -1.929461
v -3.407160 -31.017359 -2.022460
v -4.242410 -29.688839 -0.092813
v -7.021210 -27.920286 2.465564
v -6.353850 -27.442806 3.632437
v -3.186860 -28.814661 1.658727
v -4.242410 -29.688839 -0.092813
v -5.464510 -30.219639 -1.262255
v -7.183150 -28.618454 1.055759
v -7.021210 -27.920286 2.465564
v -49.545521 -36.070217 -14.733817
v -46.884850 -35.684235 -14.039736
v -49.084202 -33.909019 -11.388086
v -51.977081 -34.975994 -13.163289
v -49.545521 -36.070217 -14.733817
v -51.977081 -34.975994 -13.163289
v -54.115429 -36.405052 -15.469812
v -49.960861 -37.340832 -16.602318
v -49.545521 -36.070217 -14.733817
v -49.960861 -37.340832 -16.602318
v -45.776009 -38.075233 -17.104904
v -46.884850 -35.684235 -14.039736
v -38.786240 -27.532578 -0.136936
v -36.640282 -28.722660 -2.068341
v -40.406872 -29.226643 -3.281909
v -41.987320 -27.459568 -0.253811
v -38.786240 -27.532578 -0.136936
v -37.315899 -26.338362 2.131954
v -33.222061 -27.633183 0.212602
v -36.640282 -28.722660 -2.068341
v -38.786240 -27.532578 -0.136936
v -41.987320 -27.459568 -0.253811
v -41.950779 -25.607306 3.137179
v -37.315899 -26.338362 2.131954
v -43.436531 -27.814535 -0.684185
v -46.526112 -28.224625 -1.600649
v -44.362888 -29.857922 -4.381257
v -41.165211 -28.825838 -2.334283
v -43.436531 -27.814535 -0.684185
v -43.317699 -26.481417 1.759946
v -48.081070 -26.389566 1.712970
v -46.526112 -28.224625 -1.600649
v -43.436531 -27.814535 -0.684185
v -41.165211 -28.825838 -2.334283
v -39.292770 -27.371904 0.406034
v -43.317699 -26.481417 1.759946
v -39.292770 -27.371904 0.406034
v -35.747662 -28.825911 -1.869740
v -33.538288 -27.032021 1.566850
v -38.070240 -25.538025 3.831115
v -39.292770 -27.371904 0.406034
v -38.070240 -25.538025 3.831115
v -43.190411 -24.524591 5.390172
v -43.317699 -26.481417 1.759946
v -39.292770 -27.371904 0.406034
v -41.165211 -28.825838 -2.334283
v -38.487560 -30.333164 -4.773897
v -35.747662 -28.825911 -1.869740
v -38.487560 -30.333164 -4.773897
v -36.185371 -32.219696 -7.823328
v -32.512642 -30.711597 -4.831272
v -35.747662 -28.825911 -1.869740
v -38.487560 -30.333164 -4.773897
v -41.165211 -28.825838 -2.334283
v -44.362888 -29.857922 -4.381257
v -42.069920 -31.581535 -7.235962
v -38.487560 -30.333164 -4.773897
v -42.069920 -31.581535 -7.235962
v -39.799969 -33.589390 -10.379605
v -36.185371 -32.219696 -7.823328
v -39.799969 -33.589390 -10.379605
v -37.683830 -36.024227 -13.711719
v -33.882778 -34.577782 -11.209093
v -36.185371 -32.219696 -7.823328
v -39.799969 -33.589390 -10.379605
v -42.069920 -31.581535 -7.235962
v -45.655869 -32.748878 -9.369367
v -43.304642 -34.860191 -12.582943
v -39.799969 -33.589390 -10.379605
v -43.304642 -34.860191 -12.582943
v -41.579552 -37.278038 -15.726583
v -37.683830 -36.024227 -13.711719
v -41.579552 -37.278038 -15.726583
v -40.934441 -38.373276 -17.247002
v -36.707100 -37.261749 -15.440395
v -37.683830 -36.024227 -13.711719
v -41.579552 -37.278038 -15.726583
v -43.304642 -34.860191 -12.582943
v -46.884850 -35.684235 -14.039736
v -45.776009 -38.075233 -17.104904
v -41.579552 -37.278038 -15.726583
v -45.776009 -38.075233 -17.104904
v -45.558781 -39.076153 -18.504360
v -40.934441 -38.373276 -17.247002
v -45.558781 -39.076153 -18.504360
v -45.421558 -39.726269 -19.497288
v -40.563641 -39.011372 -18.194752
v -40.934441 -38.373276 -17.247002
v -45.558781 -39.076153 -18.504360
v -45.776009 -38.075233 -17.104904
v -49.960861 -37.340832 -16.602318
v -50.545841 -38.751339 -18.579638
v -45.558781 -39.076153 -18.504360
v -50.545841 -38.751339 -18.579638
v -50.837090 -39.414074 -19.583645
v -45.421558 -39.726269 -19.497288
v -50.837090 -39.414074 -19.583645
v -51.082211 -39.990952 -20.507347
v -45.303711 -40.280041 -20.438286
v -45.421558 -39.726269 -19.497288
v -50.837090 -39.414074 -19.583645
v -50.545841 -38.751339 -18.579638
v -55.127811 -37.212612 -16.610254
v -55.828991 -37.787521 -17.520531
v -50.837090 -39.414074 -19.583645
v -55.828991 -37.787521 -17.520531
v -56.438049 -38.272591 -18.364536
v -51.082211 -39.990952 -20.507347
v -56.438049 -38.272591 -18.364536
v -55.828991 -37.787521 -17.520531
v -59.563660 -35.928467 -14.432611
v -60.356380 -36.421894 -15.255569
v -56.438049 -38.272591 -18.364536
v -60.356380 -36.421894 -15.255569
v -61.086510 -36.844193 -16.059494
v -57.035679 -38.659576 -19.197311
v -56.438049 -38.272591 -18.364536
v -57.035679 -38.659576 -19.197311
v -51.307232 -40.491531 -21.425581
v -51.082211 -39.990952 -20.507347
v -51.307232 -40.491531 -21.425581
v -51.211140 -40.225941 -21.192081
v -45.250591 -40.487923 -21.253868
v -45.193401 -40.727005 -21.345413
v -51.307232 -40.491531 -21.425581
v -45.193401 -40.727005 -21.345413
v -45.303711 -40.280041 -20.438286
v -51.082211 -39.990952 -20.507347
v -51.307232 -40.491531 -21.425581
v -57.035679 -38.659576 -19.197311
v -56.544102 -38.373947 -18.888840
v -51.211140 -40.225941 -21.192081
v -56.544102 -38.373947 -18.888840
v -57.035679 -38.659576 -19.197311
v -61.086510 -36.844193 -16.059494
v -60.263870 -36.467873 -15.602795
v -56.544102 -38.373947 -18.888840
v -60.263870 -36.467873 -15.602795
v -59.290451 -36.079647 -14.979189
v -55.794941 -37.993942 -18.213486
v -56.544102 -38.373947 -18.888840
v -55.794941 -37.993942 -18.213486
v -50.938240 -39.698112 -20.295883
v -51.211140 -40.225941 -21.192081
v -50.938240 -39.698112 -20.295883
v -50.637600 -39.117012 -19.376354
v -45.598541 -39.437042 -19.341364
v -45.413120 -40.035671 -20.348000
v -50.938240 -39.698112 -20.295883
v -45.413120 -40.035671 -20.348000
v -45.250591 -40.487923 -21.253868
v -51.211140 -40.225941 -21.192081
v -50.938240 -39.698112 -20.295883
v -55.794941 -37.993942 -18.213486
v -54.947819 -37.555359 -17.417986
v -50.637600 -39.117012 -19.376354
v -54.947819 -37.555359 -17.417986
v -55.794941 -37.993942 -18.213486
v -59.290451 -36.079647 -14.979189
v -58.189671 -35.652874 -14.277709
v -54.947819 -37.555359 -17.417986
v -58.189671 -35.652874 -14.277709
v -56.786900 -35.122566 -13.412470
v -53.845490 -36.972870 -16.432524
v -54.947819 -37.555359 -17.417986
v -53.845490 -36.972870 -16.432524
v -49.952202 -37.936359 -17.626160
v -50.637600 -39.117012 -19.376354
v -56.786900 -35.122566 -13.412470
v -54.366711 -34.256184 -12.028955
v -51.433182 -35.833744 -14.538362
v -53.845490 -36.972870 -16.432524
v -56.786900 -35.122566 -13.412470
v -58.189671 -35.652874 -14.277709
v -61.270359 -33.310360 -10.761091
v -59.639030 -32.729458 -9.967778
v -56.786900 -35.122566 -13.412470
v -59.639030 -32.729458 -9.967778
v -56.677422 -31.859810 -8.516668
v -54.366711 -34.256184 -12.028955
v -56.677422 -31.859810 -8.516668
v -52.767750 -30.877825 -6.791323
v -50.433651 -33.074432 -10.213496
v -54.366711 -34.256184 -12.028955
v -56.677422 -31.859810 -8.516668
v -59.639030 -32.729458 -9.967778
v -62.224701 -30.704180 -6.081833
v -58.868549 -29.670454 -4.395608
v -56.677422 -31.859810 -8.516668
v -58.868549 -29.670454 -4.395608
v -54.759102 -28.577370 -2.636490
v -52.767750 -30.877825 -6.791323
v -54.759102 -28.577370 -2.636490
v -50.653332 -27.762501 -1.221348
v -48.634350 -30.093521 -5.341587
v -52.767750 -30.877825 -6.791323
v -54.759102 -28.577370 -2.636490
v -58.868549 -29.670454 -4.395608
v -61.182129 -27.113735 0.081472
v -57.078930 -25.932781 1.902225
v -54.759102 -28.577370 -2.636490
v -57.078930 -25.932781 1.902225
v -52.752060 -25.112415 3.459158
v -50.653332 -27.762501 -1.221348
v -52.752060 -25.112415 3.459158
v -47.160400 -25.182606 3.627776
v -46.156040 -27.472204 -0.523928
v -50.653332 -27.762501 -1.221348
v -52.752060 -25.112415 3.459158
v -57.078930 -25.932781 1.902225
v -57.922421 -23.692547 6.007276
v -52.647171 -23.075348 7.288815
v -52.752060 -25.112415 3.459158
v -52.647171 -23.075348 7.288815
v -46.383461 -23.274567 7.245886
v -47.160400 -25.182606 3.627776
v -46.383461 -23.274567 7.245886
v -40.644749 -23.784517 6.636460
v -41.950779 -25.607306 3.137179
v -47.160400 -25.182606 3.627776
v -46.383461 -23.274567 7.245886
v -52.647171 -23.075348 7.288815
v -52.042622 -21.078514 11.255331
v -45.458679 -21.365505 11.069444
v -46.383461 -23.274567 7.245886
v -45.458679 -21.365505 11.069444
v -39.183071 -21.958591 10.367870
v -40.644749 -23.784517 6.636460
v -39.183071 -21.958591 10.367870
v -33.060909 -22.846985 9.120754
v -35.181278 -24.612770 5.496119
v -40.644749 -23.784517 6.636460
v -39.183071 -21.958591 10.367870
v -45.458679 -21.365505 11.069444
v -44.525990 -19.697075 14.680688
v -37.802441 -20.388790 13.791931
v -39.183071 -21.958591 10.367870
v -37.802441 -20.388790 13.791931
v -31.296789 -21.499683 12.162319
v -33.060909 -22.846985 9.120754
v -31.296789 -21.499683 12.162319
v -24.922609 -23.142696 9.952850
v -27.212330 -24.498001 6.844852
v -33.060909 -22.846985 9.120754
v -31.296789 -21.499683 12.162319
v -37.802441 -20.388790 13.791931
v -37.143200 -19.700382 15.374222
v -30.337761 -20.791088 13.791530
v -31.296789 -21.499683 12.162319
v -30.337761 -20.791088 13.791530
v -24.032551 -22.636826 11.168726
v -24.922609 -23.142696 9.952850
v -24.032551 -22.636826 11.168726
v -17.906610 -24.631706 8.267942
v -19.307421 -25.289179 6.593614
v -24.922609 -23.142696 9.952850
v -24.032551 -22.636826 11.168726
v -30.337761 -20.791088 13.791530
v -29.878740 -20.450977 14.560084
v -23.400240 -22.281212 12.027758
v -24.032551 -22.636826 11.168726
v -23.400240 -22.281212 12.027758
v -17.201750 -24.302685 9.125372
v -17.906610 -24.631706 8.267942
v -17.201750 -24.302685 9.125372
v -11.526750 -25.834904 5.527164
v -12.303110 -26.186636 4.559219
v -17.906610 -24.631706 8.267942
v -17.201750 -24.302685 9.125372
v -23.400240 -22.281212 12.027758
v -22.857031 -21.964525 12.750402
v -16.650330 -24.012131 9.821951
v -17.201750 -24.302685 9.125372
v -16.650330 -24.012131 9.821951
v -10.926520 -25.529589 6.362832
v -11.526750 -25.834904 5.527164
v -10.926520 -25.529589 6.362832
v -6.353850 -27.442806 3.632437
v -7.021210 -27.920286 2.465564
v -11.526750 -25.834904 5.527164
v -10.926520 -25.529589 6.362832
v -16.650330 -24.012131 9.821951
v -16.575050 -23.828880 10.168910
v -10.936330 -25.269783 6.966454
v -10.926520 -25.529589 6.362832
v -10.936330 -25.269783 6.966454
v -4.915360 -27.270172 4.205002
v -6.353850 -27.442806 3.632437
v -4.915360 -27.270172 4.205002
v -2.216080 -28.275257 2.726058
v -3.186860 -28.814661 1.658727
v -6.353850 -27.442806 3.632437
v -4.915360 -27.270172 4.205002
v -10.936330 -25.269783 6.966454
v -10.778950 -25.348427 7.133000
v -4.568570 -27.136044 4.642617
v -4.915360 -27.270172 4.205002
v -4.568570 -27.136044 4.642617
v -1.944740 -28.044161 3.362876
v -2.216080 -28.275257 2.726058
v -1.944740 -28.044161 3.362876
v -1.029960 -28.376936 2.984639
v -1.206860 -28.703667 2.044591
v -2.216080 -28.275257 2.726058
v -1.944740 -28.044161 3.362876
v -4.568570 -27.136044 4.642617
v -5.933130 -27.399004 4.157541
v -2.557730 -28.588802 2.543856
v -1.944740 -28.044161 3.362876
v -2.557730 -28.588802 2.543856
v -1.167280 -29.149626 1.858202
v -1.029960 -28.376936 2.984639
v -1.206860 -28.703667 2.044591
v -0.843780 -29.086153 1.385833
v -1.218640 -29.715097 0.289587
v -1.782340 -29.404379 0.747059
v -1.206860 -28.703667 2.044591
v -1.782340 -29.404379 0.747059
v -3.186860 -28.814661 1.658727
v -2.216080 -28.275257 2.726058
v -1.218640 -29.715097 0.289587
v -0.825350 -29.931723 0.240795
v -1.071490 -30.745682 -0.912466
v -1.613650 -30.490101 -0.879564
v -1.218640 -29.715097 0.289587
v -1.613650 -30.490101 -0.879564
v -2.525370 -30.253036 -0.660012
v -1.782340 -29.404379 0.747059
v -1.218640 -29.715097 0.289587
v -0.843780 -29.086153 1.385833
v -0.754560 -29.339102 0.992736
v -0.825350 -29.931723 0.240795
v -1.613650 -30.490101 -0.879564
v -1.071490 -30.745682 -0.912466
v -1.045380 -31.156155 -1.613282
v -1.235000 -31.231588 -1.764970
v -1.613650 -30.490101 -0.879564
v -1.235000 -31.231588 -1.764970
v -1.822980 -31.269711 -1.929461
v -2.525370 -30.253036 -0.660012
v -1.142130 -30.041616 0.358566
v -1.697890 -29.896935 0.477358
v -1.992990 -30.804174 -0.893892
v -1.388440 -30.885984 -0.806517
v -1.142130 -30.041616 0.358566
v -0.845750 -29.438589 1.443724
v -1.167280 -29.149626 1.858202
v -1.697890 -29.896935 0.477358
v -1.388440 -30.885984 -0.806517
v -1.992990 -30.804174 -0.893892
v -1.255620 -31.758474 -2.036296
v -0.998410 -31.590015 -1.685571
v -1.255620 -31.758474 -2.036296
v -1.992990 -30.804174 -0.893892
v -3.314570 -30.776886 -1.276612
v -2.338980 -31.672319 -2.370721
v -1.255620 -31.758474 -2.036296
v -2.338980 -31.672319 -2.370721
v -2.638710 -31.676004 -2.859778
v -1.111190 -32.220421 -3.164700
v -2.638710 -31.676004 -2.859778
v -3.407160 -31.017359 -2.022460
v -1.822980 -31.269711 -1.929461
v -1.111190 -32.220421 -3.164700
v -2.638710 -31.676004 -2.859778
v -2.338980 -31.672319 -2.370721
v -4.952550 -31.798843 -3.351328
v -4.982310 -31.772287 -3.548033
v -2.638710 -31.676004 -2.859778
v -4.982310 -31.772287 -3.548033
v -4.758960 -31.192066 -2.617151
v -3.407160 -31.017359 -2.022460
v -4.982310 -31.772287 -3.548033
v -4.952550 -31.798843 -3.351328
v -8.003350 -32.405167 -4.886082
v -8.141400 -32.264259 -4.953592
v -4.982310 -31.772287 -3.548033
v -8.141400 -32.264259 -4.953592
v -7.922410 -31.658348 -4.080156
v -4.758960 -31.192066 -2.617151
v -7.922410 -31.658348 -4.080156
v -8.802200 -30.771542 -2.990040
v -5.464510 -30.219639 -1.262255
v -4.758960 -31.192066 -2.617151
v -7.922410 -31.658348 -4.080156
v -8.141400 -32.264259 -4.953592
v -13.252340 -33.302208 -6.800474
v -13.431800 -32.822735 -6.186529
v -7.922410 -31.658348 -4.080156
v -13.431800 -32.822735 -6.186529
v -14.142510 -32.111309 -5.299395
v -8.802200 -30.771542 -2.990040
v -14.142510 -32.111309 -5.299395
v -15.229380 -31.073351 -3.931541
v -10.254190 -29.453037 -1.267576
v -8.802200 -30.771542 -2.990040
v -14.142510 -32.111309 -5.299395
v -13.431800 -32.822735 -6.186529
v -18.573050 -33.773743 -8.223471
v -19.266500 -33.124050 -7.287738
v -14.142510 -32.111309 -5.299395
v -19.266500 -33.124050 -7.287738
v -20.257990 -32.216904 -5.959307
v -15.229380 -31.073351 -3.931541
v -20.257990 -32.216904 -5.959307
v -22.076380 -30.515472 -3.387293
v -17.916731 -28.826534 -0.534915
v -15.229380 -31.073351 -3.931541
v -20.257990 -32.216904 -5.959307
v -19.266500 -33.124050 -7.287738
v -23.900829 -34.226772 -9.682149
v -24.725410 -33.496494 -8.612977
v -20.257990 -32.216904 -5.959307
v -24.725410 -33.496494 -8.612977
v -26.715839 -31.656719 -5.912017
v -22.076380 -30.515472 -3.387293
v -26.715839 -31.656719 -5.912017
v -29.279221 -29.458126 -2.532989
v -24.773090 -28.222868 0.350699
v -22.076380 -30.515472 -3.387293
v -26.715839 -31.656719 -5.912017
v -24.725410 -33.496494 -8.612977
v -29.230740 -34.534370 -10.879265
v -31.355700 -32.549637 -8.026657
v -26.715839 -31.656719 -5.912017
v -31.355700 -32.549637 -8.026657
v -33.889400 -30.446678 -4.818466
v -29.279221 -29.458126 -2.532989
v -33.889400 -30.446678 -4.818466
v -36.640282 -28.722660 -2.068341
v -33.222061 -27.633183 0.212602
v -29.279221 -29.458126 -2.532989
v -33.889400 -30.446678 -4.818466
v -31.355700 -32.549637 -8.026657
v -35.809780 -33.291332 -9.741691
v -38.111179 -31.113489 -6.411326
v -33.889400 -30.446678 -4.818466
v -38.111179 -31.113489 -6.411326
v -40.406872 -29.226643 -3.281909
v -36.640282 -28.722660 -2.068341
v -38.111179 -31.113489 -6.411326
v -35.809780 -33.291332 -9.741691
v -39.938240 -33.909100 -11.143058
v -42.192741 -31.630646 -7.628741
v -38.111179 -31.113489 -6.411326
v -42.192741 -31.630646 -7.628741
v -44.424541 -29.587978 -4.206583
v -40.406872 -29.226643 -3.281909
v -44.424541 -29.587978 -4.206583
v -42.192741 -31.630646 -7.628741
v -46.178360 -32.159443 -8.733685
v -48.634350 -30.093521 -5.341587
v -44.424541 -29.587978 -4.206583
v -48.634350 -30.093521 -5.341587
v -50.653332 -27.762501 -1.221348
v -46.156040 -27.472204 -0.523928
v -44.424541 -29.587978 -4.206583
v -46.156040 -27.472204 -0.523928
v -41.987320 -27.459568 -0.253811
v -40.406872 -29.226643 -3.281909
v -46.178360 -32.159443 -8.733685
v -42.192741 -31.630646 -7.628741
v -39.938240 -33.909100 -11.143058
v -43.871422 -34.412407 -12.240170
v -46.178360 -32.159443 -8.733685
v -43.871422 -34.412407 -12.240170
v -48.043930 -35.077316 -13.275679
v -50.433651 -33.074432 -10.213496
v -46.178360 -32.159443 -8.733685
v -50.433651 -33.074432 -10.213496
v -52.767750 -30.877825 -6.791323
v -48.634350 -30.093521 -5.341587
v -43.871422 -34.412407 -12.240170
v -39.938240 -33.909100 -11.143058
v -37.892220 -36.269650 -14.383390
v -42.138432 -36.990379 -15.649185
v -43.871422 -34.412407 -12.240170
v -42.138432 -36.990379 -15.649185
v -46.364288 -36.939804 -15.906590
v -48.043930 -35.077316 -13.275679
v -42.138432 -36.990379 -15.649185
v -37.892220 -36.269650 -14.383390
v -36.925549 -37.314240 -15.820880
v -41.299149 -38.241882 -17.357738
v -42.138432 -36.990379 -15.649185
v -41.299149 -38.241882 -17.357738
v -45.841209 -38.692120 -18.227547
v -46.364288 -36.939804 -15.906590
v -41.299149 -38.241882 -17.357738
v -36.925549 -37.314240 -15.820880
v -36.335152 -37.907658 -16.658657
v -40.793571 -38.924126 -18.358580
v -41.299149 -38.241882 -17.357738
v -40.793571 -38.924126 -18.358580
v -45.598541 -39.437042 -19.341364
v -45.841209 -38.692120 -18.227547
v -40.793571 -38.924126 -18.358580
v -36.335152 -37.907658 -16.658657
v -35.792480 -38.392475 -17.359873
v -40.356541 -39.462696 -19.188732
v -40.793571 -38.924126 -18.358580
v -40.356541 -39.462696 -19.188732
v -45.413120 -40.035671 -20.348000
v -45.598541 -39.437042 -19.341364
v -40.356541 -39.462696 -19.188732
v -35.792480 -38.392475 -17.359873
v -35.254230 -38.843452 -17.991247
v -39.960541 -39.908001 -19.942862
v -40.356541 -39.462696 -19.188732
v -39.960541 -39.908001 -19.942862
v -45.250591 -40.487923 -21.253868
v -45.413120 -40.035671 -20.348000
v -39.960541 -39.908001 -19.942862
v -35.254230 -38.843452 -17.991247
v -35.350201 -38.792889 -17.737993
v -39.927292 -39.990856 -19.846434
v -39.960541 -39.908001 -19.942862
v -39.927292 -39.990856 -19.846434
v -45.193401 -40.727005 -21.345413
v -45.250591 -40.487923 -21.253868
v -39.927292 -39.990856 -19.846434
v -35.350201 -38.792889 -17.737993
v -35.795280 -38.360008 -17.041218
v -40.239712 -39.542290 -19.032963
v -39.927292 -39.990856 -19.846434
v -40.239712 -39.542290 -19.032963
v -45.303711 -40.280041 -20.438286
v -45.193401 -40.727005 -21.345413
v -40.239712 -39.542290 -19.032963
v -35.795280 -38.360008 -17.041218
v -36.237209 -37.856506 -16.292984
v -40.563641 -39.011372 -18.194752
v -40.239712 -39.542290 -19.032963
v -40.563641 -39.011372 -18.194752
v -45.421558 -39.726269 -19.497288
v -45.303711 -40.280041 -20.438286
v -36.237209 -37.856506 -16.292984
v -35.795280 -38.360008 -17.041218
v -31.744640 -37.082226 -14.829649
v -32.130020 -36.599625 -14.111504
v -36.237209 -37.856506 -16.292984
v -32.130020 -36.599625 -14.111504
v -32.642681 -35.986050 -13.218170
v -36.707100 -37.261749 -15.440395
v -36.237209 -37.856506 -16.292984
v -36.707100 -37.261749 -15.440395
v -40.934441 -38.373276 -17.247002
v -40.563641 -39.011372 -18.194752
v -32.642681 -35.986050 -13.218170
v -32.130020 -36.599625 -14.111504
v -27.758400 -35.608326 -12.092628
v -28.421659 -34.816284 -10.935881
v -32.642681 -35.986050 -13.218170
v -28.421659 -34.816284 -10.935881
v -30.124310 -32.948593 -8.236044
v -33.882778 -34.577782 -11.209093
v -32.642681 -35.986050 -13.218170
v -33.882778 -34.577782 -11.209093
v -37.683830 -36.024227 -13.711719
v -36.707100 -37.261749 -15.440395
v -30.124310 -32.948593 -8.236044
v -28.421659 -34.816284 -10.935881
v -24.272570 -33.376991 -8.075578
v -26.682261 -31.072598 -4.634264
v -30.124310 -32.948593 -8.236044
v -26.682261 -31.072598 -4.634264
v -29.702520 -28.925606 -1.333890
v -32.512642 -30.711597 -4.831272
v -30.124310 -32.948593 -8.236044
v -32.512642 -30.711597 -4.831272
v -36.185371 -32.219696 -7.823328
v -33.882778 -34.577782 -11.209093
v -29.702520 -28.925606 -1.333890
v -26.682261 -31.072598 -4.634264
v -23.475410 -29.131432 -0.849243
v -27.234980 -27.024109 2.456663
v -29.702520 -28.925606 -1.333890
v -27.234980 -27.024109 2.456663
v -31.856840 -25.030205 5.409079
v -33.538288 -27.032021 1.566850
v -29.702520 -28.925606 -1.333890
v -33.538288 -27.032021 1.566850
v -35.747662 -28.825911 -1.869740
v -32.512642 -30.711597 -4.831272
v -31.856840 -25.030205 5.409079
v -27.234980 -27.024109 2.456663
v -25.282881 -25.142485 6.287949
v -30.433350 -22.930885 9.664956
v -31.856840 -25.030205 5.409079
v -30.433350 -22.930885 9.664956
v -36.604080 -21.544003 11.778068
v -37.076191 -23.459362 7.840672
v -31.856840 -25.030205 5.409079
v -37.076191 -23.459362 7.840672
v -38.070240 -25.538025 3.831115
v -33.538288 -27.032021 1.566850
v -37.076191 -23.459362 7.840672
v -36.604080 -21.544003 11.778068
v -43.277599 -20.670105 13.076347
v -43.271900 -22.577274 9.128284
v -37.076191 -23.459362 7.840672
v -43.271900 -22.577274 9.128284
v -43.190411 -24.524591 5.390172
v -38.070240 -25.538025 3.831115
v -43.271900 -22.577274 9.128284
v -43.277599 -20.670105 13.076347
v -50.296322 -20.120132 13.694838
v -49.887451 -22.096405 9.650936
v -43.271900 -22.577274 9.128284
v -49.887451 -22.096405 9.650936
v -49.443581 -24.123611 5.780250
v -43.190411 -24.524591 5.390172
v -49.443581 -24.123611 5.780250
v -49.887451 -22.096405 9.650936
v -56.479080 -22.174072 9.233748
v -55.718449 -24.427891 5.043211
v -49.443581 -24.123611 5.780250
v -55.718449 -24.427891 5.043211
v -53.213032 -26.836765 0.740775
v -48.081070 -26.389566 1.712970
v -49.443581 -24.123611 5.780250
v -48.081070 -26.389566 1.712970
v -43.317699 -26.481417 1.759946
v -43.190411 -24.524591 5.390172
v -53.213032 -26.836765 0.740775
v -55.718449 -24.427891 5.043211
v -60.157330 -25.460220 3.281378
v -57.364521 -27.966000 -1.267066
v -53.213032 -26.836765 0.740775
v -57.364521 -27.966000 -1.267066
v -54.611271 -30.164598 -5.191498
v -50.618160 -28.975582 -3.134950
v -53.213032 -26.836765 0.740775
v -50.618160 -28.975582 -3.134950
v -46.526112 -28.224625 -1.600649
v -48.081070 -26.389566 1.712970
v -50.618160 -28.975582 -3.134950
v -54.611271 -30.164598 -5.191498
v -51.782009 -32.197670 -8.424852
v -48.064640 -30.938381 -6.329500
v -50.618160 -28.975582 -3.134950
v -48.064640 -30.938381 -6.329500
v -44.362888 -29.857922 -4.381257
v -46.526112 -28.224625 -1.600649
v -48.064640 -30.938381 -6.329500
v -51.782009 -32.197670 -8.424852
v -49.084202 -33.909019 -11.388086
v -45.655869 -32.748878 -9.369367
v -48.064640 -30.938381 -6.329500
v -45.655869 -32.748878 -9.369367
v -42.069920 -31.581535 -7.235962
v -44.362888 -29.857922 -4.381257
v -51.782009 -32.197670 -8.424852
v -54.611271 -30.164598 -5.191498
v -58.136780 -31.476765 -7.447606
v -55.246071 -33.657784 -10.746832
v -51.782009 -32.197670 -8.424852
v -55.246071 -33.657784 -10.746832
v -51.977081 -34.975994 -13.163289
v -49.084202 -33.909019 -11.388086
v -55.246071 -33.657784 -10.746832
v -58.136780 -31.476765 -7.447606
v -60.600189 -32.547310 -9.232666
v -57.396931 -34.712723 -12.436960
v -55.246071 -33.657784 -10.746832
v -57.396931 -34.712723 -12.436960
v -54.115429 -36.405052 -15.469812
v -51.977081 -34.975994 -13.163289
v -57.396931 -34.712723 -12.436960
v -60.600189 -32.547310 -9.232666
v -61.963871 -33.174126 -10.274434
v -58.628132 -35.385696 -13.534310
v -57.396931 -34.712723 -12.436960
v -58.628132 -35.385696 -13.534310
v -55.127811 -37.212612 -16.610254
v -54.115429 -36.405052 -15.469812
v -58.628132 -35.385696 -13.534310
v -61.963871 -33.174126 -10.274434
v -63.000622 -33.669743 -11.080979
v -59.563660 -35.928467 -14.432611
v -58.628132 -35.385696 -13.534310
v -59.563660 -35.928467 -14.432611
v -55.828991 -37.787521 -17.520531
v -55.127811 -37.212612 -16.610254
v -63.000622 -33.669743 -11.080979
v -61.963871 -33.174126 -10.274434
v -65.230492 -31.093624 -6.543026
v -66.246422 -31.603151 -7.397729
v -63.000622 -33.669743 -11.080979
v -66.246422 -31.603151 -7.397729
v -67.141502 -32.091885 -8.226008
v -63.907829 -34.119713 -11.825437
v -63.000622 -33.669743 -11.080979
v -63.907829 -34.119713 -11.825437
v -60.356380 -36.421894 -15.255569
v -59.563660 -35.928467 -14.432611
v -63.907829 -34.119713 -11.825437
v -67.141502 -32.091885 -8.226008
v -67.706810 -32.428177 -8.927306
v -64.644386 -34.454369 -12.501291
v -63.907829 -34.119713 -11.825437
v -64.644386 -34.454369 -12.501291
v -61.086510 -36.844193 -16.059494
v -60.356380 -36.421894 -15.255569
v -64.644386 -34.454369 -12.501291
v -67.706810 -32.428177 -8.927306
v -66.597939 -32.076992 -8.398418
v -63.625591 -34.085609 -11.988844
v -64.644386 -34.454369 -12.501291
v -63.625591 -34.085609 -11.988844
v -60.263870 -36.467873 -15.602795
v -61.086510 -36.844193 -16.059494
v -63.625591 -34.085609 -11.988844
v -66.597939 -32.076992 -8.398418
v -65.447418 -31.730701 -7.806435
v -62.527950 -33.717339 -11.411189
v -63.625591 -34.085609 -11.988844
v -62.527950 -33.717339 -11.411189
v -59.290451 -36.079647 -14.979189
v -60.263870 -36.467873 -15.602795
v -62.527950 -33.717339 -11.411189
v -65.447418 -31.730701 -7.806435
v -64.173492 -31.326591 -7.124347
v -61.270359 -33.310360 -10.761091
v -62.527950 -33.717339 -11.411189
v -61.270359 -33.310360 -10.761091
v -58.189671 -35.652874 -14.277709
v -59.290451 -36.079647 -14.979189
v -64.173492 -31.326591 -7.124347
v -62.224701 -30.704180 -6.081833
v -59.639030 -32.729458 -9.967778
v -61.270359 -33.310360 -10.761091
v -64.173492 -31.326591 -7.124347
v -65.447418 -31.730701 -7.806435
v -68.742317 -29.557430 -4.491946
v -67.284187 -29.007391 -3.498310
v -64.173492 -31.326591 -7.124347
v -67.284187 -29.007391 -3.498310
v -64.886353 -28.167065 -1.997387
v -62.224701 -30.704180 -6.081833
v -64.886353 -28.167065 -1.997387
v -61.182129 -27.113735 0.081472
v -58.868549 -29.670454 -4.395608
v -62.224701 -30.704180 -6.081833
v -64.886353 -28.167065 -1.997387
v -67.284187 -29.007391 -3.498310
v -71.269241 -26.754618 0.789970
v -67.919670 -25.698299 2.636316
v -64.886353 -28.167065 -1.997387
v -67.919670 -25.698299 2.636316
v -62.980099 -24.653509 4.384862
v -61.182129 -27.113735 0.081472
v -62.980099 -24.653509 4.384862
v -57.922421 -23.692547 6.007276
v -57.078930 -25.932781 1.902225
v -61.182129 -27.113735 0.081472
v -62.980099 -24.653509 4.384862
v -67.919670 -25.698299 2.636316
v -69.311287 -23.864359 6.323376
v -64.149261 -22.496380 8.363726
v -62.980099 -24.653509 4.384862
v -64.149261 -22.496380 8.363726
v -58.348671 -21.538601 10.141991
v -57.922421 -23.692547 6.007276
v -58.348671 -21.538601 10.141991
v -52.042622 -21.078514 11.255331
v -52.647171 -23.075348 7.288815
v -57.922421 -23.692547 6.007276
v -58.348671 -21.538601 10.141991
v -64.149261 -22.496380 8.363726
v -64.771530 -20.742409 11.870537
v -58.570259 -19.420971 14.543192
v -58.348671 -21.538601 10.141991
v -58.570259 -19.420971 14.543192
v -51.492069 -19.310463 15.040668
v -52.042622 -21.078514 11.255331
v -51.492069 -19.310463 15.040668
v -44.525990 -19.697075 14.680688
v -45.458679 -21.365505 11.069444
v -52.042622 -21.078514 11.255331
v -51.492069 -19.310463 15.040668
v -58.570259 -19.420971 14.543192
v -58.496250 -18.589994 16.348204
v -51.171230 -18.456085 16.928947
v -51.492069 -19.310463 15.040668
v -51.171230 -18.456085 16.928947
v -44.041691 -18.954117 16.391979
v -44.525990 -19.697075 14.680688
v -44.041691 -18.954117 16.391979
v -37.143200 -19.700382 15.374222
v -37.802441 -20.388790 13.791931
v -44.525990 -19.697075 14.680688
v -44.041691 -18.954117 16.391979
v -51.171230 -18.456085 16.928947
v -50.986591 -18.049726 17.829481
v -43.764820 -18.565296 17.276188
v -44.041691 -18.954117 16.391979
v -43.764820 -18.565296 17.276188
v -36.785412 -19.339375 16.201801
v -37.143200 -19.700382 15.374222
v -36.785412 -19.339375 16.201801
v -29.878740 -20.450977 14.560084
v -30.337761 -20.791088 13.791530
v -37.143200 -19.700382 15.374222
v -36.785412 -19.339375 16.201801
v -43.764820 -18.565296 17.276188
v -43.537769 -18.249100 17.938183
v -36.500130 -19.032949 16.848988
v -36.785412 -19.339375 16.201801
v -36.500130 -19.032949 16.848988
v -29.466570 -20.114880 15.260684
v -29.878740 -20.450977 14.560084
v -29.466570 -20.114880 15.260684
v -22.857031 -21.964525 12.750402
v -23.400240 -22.281212 12.027758
v -29.878740 -20.450977 14.560084
v -29.466570 -20.114880 15.260684
v -36.500130 -19.032949 16.848988
v -36.322540 -18.966053 16.968927
v -29.365129 -20.161362 15.217669
v -29.466570 -20.114880 15.260684
v -29.365129 -20.161362 15.217669
v -22.724110 -21.889891 12.914624
v -22.857031 -21.964525 12.750402
v -22.724110 -21.889891 12.914624
v -16.575050 -23.828880 10.168910
v -16.650330 -24.012131 9.821951
v -22.857031 -21.964525 12.750402
v -22.724110 -21.889891 12.914624
v -29.365129 -20.161362 15.217669
v -29.260340 -20.296770 15.240059
v -22.641331 -22.045692 12.962129
v -22.724110 -21.889891 12.914624
v -22.641331 -22.045692 12.962129
v -16.488550 -23.963188 10.245084
v -16.575050 -23.828880 10.168910
v -16.488550 -23.963188 10.245084
v -10.778950 -25.348427 7.133000
v -10.936330 -25.269783 6.966454
v -16.575050 -23.828880 10.168910
v -16.488550 -23.963188 10.245084
v -22.641331 -22.045692 12.962129
v -22.540751 -22.164516 12.747904
v -16.433081 -24.192543 9.806494
v -16.488550 -23.963188 10.245084
v -16.433081 -24.192543 9.806494
v -10.567890 -25.634684 6.555367
v -10.778950 -25.348427 7.133000
v -10.567890 -25.634684 6.555367
v -5.933130 -27.399004 4.157541
v -4.568570 -27.136044 4.642617
v -10.778950 -25.348427 7.133000
v -10.567890 -25.634684 6.555367
v -16.433081 -24.192543 9.806494
v -16.824520 -24.523323 9.018777
v -11.024260 -26.003395 5.624042
v -10.567890 -25.634684 6.555367
v -11.024260 -26.003395 5.624042
v -6.466510 -27.948574 2.930451
v -5.933130 -27.399004 4.157541
v -11.024260 -26.003395 5.624042
v -16.824520 -24.523323 9.018777
v -17.263069 -24.872242 8.131466
v -12.415380 -26.490265 4.245188
v -11.024260 -26.003395 5.624042
v -12.415380 -26.490265 4.245188
v -6.490370 -28.798597 1.270389
v -6.466510 -27.948574 2.930451
v -12.415380 -26.490265 4.245188
v -17.263069 -24.872242 8.131466
v -18.830780 -25.772570 5.885325
v -14.322520 -27.428585 2.157771
v -12.415380 -26.490265 4.245188
v -14.322520 -27.428585 2.157771
v -10.536580 -29.421400 -0.968486
v -6.490370 -28.798597 1.270389
v -10.536580 -29.421400 -0.968486
v -7.938190 -31.129715 -3.049503
v -5.561040 -30.144993 -0.859800
v -6.490370 -28.798597 1.270389
v -10.536580 -29.421400 -0.968486
v -14.322520 -27.428585 2.157771
v -17.243111 -29.129223 -0.747614
v -14.788050 -31.008953 -3.574764
v -10.536580 -29.421400 -0.968486
v -14.788050 -31.008953 -3.574764
v -13.527840 -32.399837 -5.384864
v -7.938190 -31.129715 -3.049503
v -13.527840 -32.399837 -5.384864
v -12.965940 -33.183319 -6.380939
v -7.476240 -31.858887 -4.016744
v -7.938190 -31.129715 -3.049503
v -13.527840 -32.399837 -5.384864
v -14.788050 -31.008953 -3.574764
v -19.090290 -32.859215 -6.601443
v -18.488510 -33.625732 -7.730720
v -13.527840 -32.399837 -5.384864
v -18.488510 -33.625732 -7.730720
v -18.042850 -34.233551 -8.639336
v -12.965940 -33.183319 -6.380939
v -18.042850 -34.233551 -8.639336
v -17.666719 -34.747879 -9.507872
v -13.072590 -33.549309 -6.885498
v -12.965940 -33.183319 -6.380939
v -18.042850 -34.233551 -8.639336
v -18.488510 -33.625732 -7.730720
v -23.055710 -34.759838 -10.169040
v -22.559860 -35.284405 -10.978268
v -18.042850 -34.233551 -8.639336
v -22.559860 -35.284405 -10.978268
v -22.071920 -35.739182 -11.774817
v -17.666719 -34.747879 -9.507872
v -22.071920 -35.739182 -11.774817
v -22.652090 -35.250195 -11.159585
v -18.017929 -34.335777 -9.025923
v -17.666719 -34.747879 -9.507872
v -22.071920 -35.739182 -11.774817
v -22.559860 -35.284405 -10.978268
v -27.016621 -36.562859 -13.528805
v -26.756910 -36.879707 -14.155136
v -22.071920 -35.739182 -11.774817
v -26.756910 -36.879707 -14.155136
v -27.225401 -36.377865 -13.506645
v -22.652090 -35.250195 -11.159585
v -27.225401 -36.377865 -13.506645
v -27.732510 -35.899673 -12.823620
v -23.269409 -34.755363 -10.453405
v -22.652090 -35.250195 -11.159585
v -27.225401 -36.377865 -13.506645
v -26.756910 -36.879707 -14.155136
v -31.229080 -37.677628 -15.957557
v -31.685869 -37.239567 -15.336956
v -27.225401 -36.377865 -13.506645
v -31.685869 -37.239567 -15.336956
v -32.169540 -36.800846 -14.702594
v -27.732510 -35.899673 -12.823620
v -32.169540 -36.800846 -14.702594
v -32.710320 -36.320377 -14.014479
v -28.309219 -35.371826 -12.068447
v -27.732510 -35.899673 -12.823620
v -32.169540 -36.800846 -14.702594
v -31.685869 -37.239567 -15.336956
v -35.792480 -38.392475 -17.359873
v -36.335152 -37.907658 -16.658657
v -32.169540 -36.800846 -14.702594
v -36.335152 -37.907658 -16.658657
v -36.925549 -37.314240 -15.820880
v -32.710320 -36.320377 -14.014479
v -28.309219 -35.371826 -12.068447
v -29.230740 -34.534370 -10.879265
v -24.725410 -33.496494 -8.612977
v -23.900829 -34.226772 -9.682149
v -28.309219 -35.371826 -12.068447
v -23.900829 -34.226772 -9.682149
v -23.269409 -34.755363 -10.453405
v -27.732510 -35.899673 -12.823620
v -28.309219 -35.371826 -12.068447
v -32.710320 -36.320377 -14.014479
v -33.705399 -35.398457 -12.700624
v -29.230740 -34.534370 -10.879265
v -33.705399 -35.398457 -12.700624
v -35.809780 -33.291332 -9.741691
v -31.355700 -32.549637 -8.026657
v -29.230740 -34.534370 -10.879265
v -33.705399 -35.398457 -12.700624
v -32.710320 -36.320377 -14.014479
v -36.925549 -37.314240 -15.820880
v -37.892220 -36.269650 -14.383390
v -33.705399 -35.398457 -12.700624
v -37.892220 -36.269650 -14.383390
v -39.938240 -33.909100 -11.143058
v -35.809780 -33.291332 -9.741691
v -31.685869 -37.239567 -15.336956
v -31.229080 -37.677628 -15.957557
v -35.254230 -38.843452 -17.991247
v -35.792480 -38.392475 -17.359873
v -31.229080 -37.677628 -15.957557
v -26.756910 -36.879707 -14.155136
v -27.016621 -36.562859 -13.528805
v -31.388981 -37.522598 -15.529531
v -31.229080 -37.677628 -15.957557
v -31.388981 -37.522598 -15.529531
v -35.350201 -38.792889 -17.737993
v -35.254230 -38.843452 -17.991247
v -31.388981 -37.522598 -15.529531
v -27.016621 -36.562859 -13.528805
v -27.383970 -36.080154 -12.792665
v -31.744640 -37.082226 -14.829649
v -31.388981 -37.522598 -15.529531
v -31.744640 -37.082226 -14.829649
v -35.795280 -38.360008 -17.041218
v -35.350201 -38.792889 -17.737993
v -27.383970 -36.080154 -12.792665
v -27.016621 -36.562859 -13.528805
v -22.559860 -35.284405 -10.978268
v -23.055710 -34.759838 -10.169040
v -27.383970 -36.080154 -12.792665
v -23.055710 -34.759838 -10.169040
v -23.585951 -34.166813 -9.266613
v -27.758400 -35.608326 -12.092628
v -27.383970 -36.080154 -12.792665
v -27.758400 -35.608326 -12.092628
v -32.130020 -36.599625 -14.111504
v -31.744640 -37.082226 -14.829649
v -23.585951 -34.166813 -9.266613
v -23.055710 -34.759838 -10.169040
v -18.488510 -33.625732 -7.730720
v -19.090290 -32.859215 -6.601443
v -23.585951 -34.166813 -9.266613
v -19.090290 -32.859215 -6.601443
v -20.637850 -31.242037 -4.153787
v -24.272570 -33.376991 -8.075578
v -23.585951 -34.166813 -9.266613
v -24.272570 -33.376991 -8.075578
v -28.421659 -34.816284 -10.935881
v -27.758400 -35.608326 -12.092628
v -20.637850 -31.242037 -4.153787
v -19.090290 -32.859215 -6.601443
v -14.788050 -31.008953 -3.574764
v -17.243111 -29.129223 -0.747614
v -20.637850 -31.242037 -4.153787
v -17.243111 -29.129223 -0.747614
v -20.847521 -27.238472 2.759035
v -23.475410 -29.131432 -0.849243
v -20.637850 -31.242037 -4.153787
v -23.475410 -29.131432 -0.849243
v -26.682261 -31.072598 -4.634264
v -24.272570 -33.376991 -8.075578
v -20.847521 -27.238472 2.759035
v -17.243111 -29.129223 -0.747614
v -14.322520 -27.428585 2.157771
v -18.830780 -25.772570 5.885325
v -20.847521 -27.238472 2.759035
v -18.830780 -25.772570 5.885325
v -23.590580 -23.476688 9.928009
v -25.282881 -25.142485 6.287949
v -20.847521 -27.238472 2.759035
v -25.282881 -25.142485 6.287949
v -27.234980 -27.024109 2.456663
v -23.475410 -29.131432 -0.849243
v -23.590580 -23.476688 9.928009
v -18.830780 -25.772570 5.885325
v -17.263069 -24.872242 8.131466
v -23.134180 -22.905230 11.173401
v -23.590580 -23.476688 9.928009
v -23.134180 -22.905230 11.173401
v -29.566460 -21.236374 13.300609
v -29.865339 -21.838434 11.983994
v -23.590580 -23.476688 9.928009
v -29.865339 -21.838434 11.983994
v -30.433350 -22.930885 9.664956
v -25.282881 -25.142485 6.287949
v -29.865339 -21.838434 11.983994
v -29.566460 -21.236374 13.300609
v -36.206631 -19.856482 15.474014
v -36.310841 -20.381466 14.319014
v -29.865339 -21.838434 11.983994
v -36.310841 -20.381466 14.319014
v -36.604080 -21.544003 11.778068
v -30.433350 -22.930885 9.664956
v -36.310841 -20.381466 14.319014
v -36.206631 -19.856482 15.474014
v -43.236801 -18.967922 16.794443
v -43.248299 -19.458527 15.696903
v -36.310841 -20.381466 14.319014
v -43.248299 -19.458527 15.696903
v -43.277599 -20.670105 13.076347
v -36.604080 -21.544003 11.778068
v -43.248299 -19.458527 15.696903
v -43.236801 -18.967922 16.794443
v -50.508049 -18.377296 17.506525
v -50.455090 -18.917534 16.312923
v -43.248299 -19.458527 15.696903
v -50.455090 -18.917534 16.312923
v -50.296322 -20.120132 13.694838
v -43.277599 -20.670105 13.076347
v -50.455090 -18.917534 16.312923
v -50.508049 -18.377296 17.506525
v -57.991539 -18.295685 17.353504
v -57.815300 -18.864820 16.107422
v -50.455090 -18.917534 16.312923
v -57.815300 -18.864820 16.107422
v -57.360870 -20.072479 13.509633
v -50.296322 -20.120132 13.694838
v -57.360870 -20.072479 13.509633
v -57.815300 -18.864820 16.107422
v -65.040222 -19.156963 15.549574
v -63.868370 -20.822073 12.026775
v -57.360870 -20.072479 13.509633
v -63.868370 -20.822073 12.026775
v -62.484322 -22.885113 7.898059
v -56.479080 -22.174072 9.233748
v -57.360870 -20.072479 13.509633
v -56.479080 -22.174072 9.233748
v -49.887451 -22.096405 9.650936
v -50.296322 -20.120132 13.694838
v -62.484322 -22.885113 7.898059
v -63.868370 -20.822073 12.026775
v -69.318550 -22.144272 9.739725
v -67.230682 -24.225407 5.627661
v -62.484322 -22.885113 7.898059
v -67.230682 -24.225407 5.627661
v -63.956600 -26.791735 1.057375
v -60.157330 -25.460220 3.281378
v -62.484322 -22.885113 7.898059
v -60.157330 -25.460220 3.281378
v -55.718449 -24.427891 5.043211
v -56.479080 -22.174072 9.233748
v -63.956600 -26.791735 1.057375
v -67.230682 -24.225407 5.627661
v -70.571411 -25.396494 3.615674
v -67.082870 -28.096855 -1.224293
v -63.956600 -26.791735 1.057375
v -67.082870 -28.096855 -1.224293
v -63.824150 -30.426567 -5.420483
v -61.148201 -29.302050 -3.519315
v -63.956600 -26.791735 1.057375
v -61.148201 -29.302050 -3.519315
v -57.364521 -27.966000 -1.267066
v -60.157330 -25.460220 3.281378
v -61.148201 -29.302050 -3.519315
v -63.824150 -30.426567 -5.420483
v -60.600189 -32.547310 -9.232666
v -58.136780 -31.476765 -7.447606
v -61.148201 -29.302050 -3.519315
v -58.136780 -31.476765 -7.447606
v -54.611271 -30.164598 -5.191498
v -57.364521 -27.966000 -1.267066
v -63.824150 -30.426567 -5.420483
v -67.082870 -28.096855 -1.224293
v -68.844566 -28.989315 -2.859304
v -65.230492 -31.093624 -6.543026
v -63.824150 -30.426567 -5.420483
v -65.230492 -31.093624 -6.543026
v -61.963871 -33.174126 -10.274434
v -60.600189 -32.547310 -9.232666
v -68.844566 -28.989315 -2.859304
v -67.082870 -28.096855 -1.224293
v -70.571411 -25.396494 3.615674
v -73.249046 -26.499508 1.654250
v -68.844566 -28.989315 -2.859304
v -73.249046 -26.499508 1.654250
v -74.900970 -27.306246 0.235076
v -69.897469 -29.637503 -4.093925
v -68.844566 -28.989315 -2.859304
v -69.897469 -29.637503 -4.093925
v -66.246422 -31.603151 -7.397729
v -65.230492 -31.093624 -6.543026
v -69.897469 -29.637503 -4.093925
v -74.900970 -27.306246 0.235076
v -76.756470 -27.726238 -0.761164
v -71.192970 -30.045635 -4.768183
v -69.897469 -29.637503 -4.093925
v -71.192970 -30.045635 -4.768183
v -67.141502 -32.091885 -8.226008
v -66.246422 -31.603151 -7.397729
v -71.192970 -30.045635 -4.768183
v -76.756470 -27.726238 -0.761164
v -75.839691 -28.318466 -1.872416
v -71.188240 -30.204494 -5.428524
v -71.192970 -30.045635 -4.768183
v -71.188240 -30.204494 -5.428524
v -67.706810 -32.428177 -8.927306
v -67.141502 -32.091885 -8.226008
v -71.188240 -30.204494 -5.428524
v -69.957481 -30.079748 -5.383687
v -66.597939 -32.076992 -8.398418
v -67.706810 -32.428177 -8.927306
v -71.188240 -30.204494 -5.428524
v -75.839691 -28.318466 -1.872416
v -74.543541 -28.202374 -1.746483
v -69.957481 -30.079748 -5.383687
v -74.543541 -28.202374 -1.746483
v -73.510078 -27.544775 -0.610860
v -68.742317 -29.557430 -4.491946
v -69.957481 -30.079748 -5.383687
v -74.543541 -28.202374 -1.746483
v -75.839691 -28.318466 -1.872416
v -80.465073 -26.685669 1.522540
v -78.283257 -26.885473 1.309050
v -74.543541 -28.202374 -1.746483
v -78.283257 -26.885473 1.309050
v -77.087502 -26.219109 2.479247
v -73.510078 -27.544775 -0.610860
v -77.087502 -26.219109 2.479247
v -74.138779 -25.136042 4.364283
v -71.269241 -26.754618 0.789970
v -73.510078 -27.544775 -0.610860
v -77.087502 -26.219109 2.479247
v -78.283257 -26.885473 1.309050
v -80.085487 -25.762733 3.075732
v -78.056519 -25.546791 3.669205
v -77.087502 -26.219109 2.479247
v -78.056519 -25.546791 3.669205
v -74.660141 -23.916113 6.615788
v -74.138779 -25.136042 4.364283
v -74.660141 -23.916113 6.615788
v -70.721512 -22.070282 9.571855
v -69.311287 -23.864359 6.323376
v -74.138779 -25.136042 4.364283
v -74.660141 -23.916113 6.615788
v -78.056519 -25.546791 3.669205
v -78.880379 -24.221645 6.534871
v -75.452087 -22.729103 9.101480
v -74.660141 -23.916113 6.615788
v -75.452087 -22.729103 9.101480
v -70.873802 -20.965851 11.945409
v -70.721512 -22.070282 9.571855
v -70.873802 -20.965851 11.945409
v -65.092873 -19.556492 14.348860
v -64.771530 -20.742409 11.870537
v -70.721512 -22.070282 9.571855
v -70.873802 -20.965851 11.945409
v -75.452087 -22.729103 9.101480
v -76.103111 -21.607868 11.298347
v -71.355309 -19.877077 14.053365
v -70.873802 -20.965851 11.945409
v -71.355309 -19.877077 14.053365
v -65.329262 -18.699909 16.204159
v -65.092873 -19.556492 14.348860
v -65.329262 -18.699909 16.204159
v -58.431728 -18.081861 17.463409
v -58.496250 -18.589994 16.348204
v -65.092873 -19.556492 14.348860
v -65.329262 -18.699909 16.204159
v -71.355309 -19.877077 14.053365
v -71.796516 -19.025917 15.923968
v -65.816597 -17.841877 18.071280
v -65.329262 -18.699909 16.204159
v -65.816597 -17.841877 18.071280
v -58.369518 -17.650082 18.407303
v -58.431728 -18.081861 17.463409
v -58.369518 -17.650082 18.407303
v -50.824520 -17.699406 18.580807
v -50.986591 -18.049726 17.829481
v -58.431728 -18.081861 17.463409
v -58.369518 -17.650082 18.407303
v -65.816597 -17.841877 18.071280
v -65.889320 -17.418465 18.904602
v -58.306530 -17.204067 19.268072
v -58.369518 -17.650082 18.407303
v -58.306530 -17.204067 19.268072
v -50.673050 -17.298471 19.223713
v -50.824520 -17.699406 18.580807
v -50.673050 -17.298471 19.223713
v -43.436241 -18.085281 18.204554
v -43.537769 -18.249100 17.938183
v -50.824520 -17.699406 18.580807
v -50.673050 -17.298471 19.223713
v -58.306530 -17.204067 19.268072
v -58.244869 -16.800785 19.959423
v -50.553440 -17.137173 19.593500
v -50.673050 -17.298471 19.223713
v -50.553440 -17.137173 19.593500
v -43.318192 -18.140196 18.412716
v -43.436241 -18.085281 18.204554
v -43.318192 -18.140196 18.412716
v -36.200432 -19.068504 17.075871
v -36.322540 -18.966053 16.968927
v -43.436241 -18.085281 18.204554
v -43.318192 -18.140196 18.412716
v -50.553440 -17.137173 19.593500
v -50.544830 -17.633272 19.006367
v -43.202770 -18.279400 18.199219
v -43.318192 -18.140196 18.412716
v -43.202770 -18.279400 18.199219
v -36.118240 -19.131668 16.969093
v -36.200432 -19.068504 17.075871
v -36.118240 -19.131668 16.969093
v -29.181700 -20.400923 15.057365
v -29.260340 -20.296770 15.240059
v -36.200432 -19.068504 17.075871
v -36.118240 -19.131668 16.969093
v -43.202770 -18.279400 18.199219
v -43.224731 -18.611263 17.568523
v -36.152882 -19.473572 16.311586
v -36.118240 -19.131668 16.969093
v -36.152882 -19.473572 16.311586
v -29.362560 -20.805330 14.247399
v -29.181700 -20.400923 15.057365
v -29.362560 -20.805330 14.247399
v -22.832890 -22.524242 11.997749
v -22.540751 -22.164516 12.747904
v -29.181700 -20.400923 15.057365
v -29.362560 -20.805330 14.247399
v -36.152882 -19.473572 16.311586
v -36.206631 -19.856482 15.474014
v -29.566460 -21.236374 13.300609
v -29.362560 -20.805330 14.247399
v -29.566460 -21.236374 13.300609
v -23.134180 -22.905230 11.173401
v -22.832890 -22.524242 11.997749
v -22.832890 -22.524242 11.997749
v -16.824520 -24.523323 9.018777
v -16.433081 -24.192543 9.806494
v -22.540751 -22.164516 12.747904
v -22.832890 -22.524242 11.997749
v -23.134180 -22.905230 11.173401
v -17.263069 -24.872242 8.131466
v -16.824520 -24.523323 9.018777
v -36.152882 -19.473572 16.311586
v -43.224731 -18.611263 17.568523
v -43.236801 -18.967922 16.794443
v -36.206631 -19.856482 15.474014
v -43.224731 -18.611263 17.568523
v -43.202770 -18.279400 18.199219
v -50.544830 -17.633272 19.006367
v -50.533360 -18.000099 18.323017
v -43.224731 -18.611263 17.568523
v -50.533360 -18.000099 18.323017
v -50.508049 -18.377296 17.506525
v -43.236801 -18.967922 16.794443
v -50.533360 -18.000099 18.323017
v -50.544830 -17.633272 19.006367
v -58.172760 -17.396973 19.233444
v -58.098572 -17.839024 18.348997
v -50.533360 -18.000099 18.323017
v -58.098572 -17.839024 18.348997
v -57.991539 -18.295685 17.353504
v -50.508049 -18.377296 17.506525
v -58.098572 -17.839024 18.348997
v -58.172760 -17.396973 19.233444
v -65.801643 -17.616459 18.871687
v -65.643463 -18.026529 18.017662
v -58.098572 -17.839024 18.348997
v -65.643463 -18.026529 18.017662
v -65.440552 -18.470755 17.052773
v -57.991539 -18.295685 17.353504
v -65.440552 -18.470755 17.052773
v -65.643463 -18.026529 18.017662
v -72.229408 -18.749836 16.828232
v -71.752197 -19.349365 15.674496
v -65.440552 -18.470755 17.052773
v -71.752197 -19.349365 15.674496
v -70.774834 -20.445047 13.241770
v -65.040222 -19.156963 15.549574
v -65.440552 -18.470755 17.052773
v -65.040222 -19.156963 15.549574
v -57.815300 -18.864820 16.107422
v -57.991539 -18.295685 17.353504
v -70.774834 -20.445047 13.241770
v -71.752197 -19.349365 15.674496
v -76.444481 -20.687077 13.575129
v -75.291870 -21.915733 10.933386
v -70.774834 -20.445047 13.241770
v -75.291870 -21.915733 10.933386
v -73.496964 -23.392941 7.615467
v -69.318550 -22.144272 9.739725
v -70.774834 -20.445047 13.241770
v -69.318550 -22.144272 9.739725
v -63.868370 -20.822073 12.026775
v -65.040222 -19.156963 15.549574
v -73.496964 -23.392941 7.615467
v -75.291870 -21.915733 10.933386
v -78.966072 -23.048510 8.967770
v -77.089851 -24.450281 6.032159
v -73.496964 -23.392941 7.615467
v -77.089851 -24.450281 6.032159
v -73.249046 -26.499508 1.654250
v -70.571411 -25.396494 3.615674
v -73.496964 -23.392941 7.615467
v -70.571411 -25.396494 3.615674
v -67.230682 -24.225407 5.627661
v -69.318550 -22.144272 9.739725
v -77.089851 -24.450281 6.032159
v -78.966072 -23.048510 8.967770
v -81.253052 -23.653996 7.850804
v -79.658127 -25.287964 4.651080
v -77.089851 -24.450281 6.032159
v -79.658127 -25.287964 4.651080
v -74.900970 -27.306246 0.235076
v -73.249046 -26.499508 1.654250
v -79.658127 -25.287964 4.651080
v -81.253052 -23.653996 7.850804
v -83.963928 -23.871601 7.295865
v -83.779831 -24.322624 4.422533
v -79.658127 -25.287964 4.651080
v -83.779831 -24.322624 4.422533
v -76.756470 -27.726238 -0.761164
v -74.900970 -27.306246 0.235076
v -81.253052 -23.653996 7.850804
v -78.966072 -23.048510 8.967770
v -79.864250 -21.720901 11.856800
v -82.077660 -22.492271 10.489120
v -81.253052 -23.653996 7.850804
v -82.077660 -22.492271 10.489120
v -84.017532 -22.940386 9.579712
v -83.963928 -23.871601 7.295865
v -82.077660 -22.492271 10.489120
v -79.864250 -21.720901 11.856800
v -80.549049 -20.839268 13.537455
v -83.080879 -21.243237 11.760556
v -82.077660 -22.492271 10.489120
v -83.080879 -21.243237 11.760556
v -84.628601 -21.787624 10.762682
v -84.017532 -22.940386 9.579712
v -83.080879 -21.243237 11.760556
v -80.549049 -20.839268 13.537455
v -81.098190 -20.494385 14.193305
v -83.723221 -21.374702 11.908914
v -83.080879 -21.243237 11.760556
v -83.723221 -21.374702 11.908914
v -85.235519 -22.289413 10.140676
v -84.628601 -21.787624 10.762682
v -83.723221 -21.374702 11.908914
v -81.098190 -20.494385 14.193305
v -80.962120 -20.357773 13.589136
v -83.491943 -21.875643 10.973200
v -83.723221 -21.374702 11.908914
v -83.491943 -21.875643 10.973200
v -85.102997 -23.088112 8.945807
v -85.235519 -22.289413 10.140676
v -83.491943 -21.875643 10.973200
v -80.962120 -20.357773 13.589136
v -80.514900 -21.210333 12.314274
v -83.014908 -22.701164 9.729956
v -83.491943 -21.875643 10.973200
v -83.014908 -22.701164 9.729956
v -84.750267 -23.688625 7.588446
v -85.102997 -23.088112 8.945807
v -83.014908 -22.701164 9.729956
v -80.514900 -21.210333 12.314274
v -80.058571 -22.158764 10.553358
v -82.556549 -23.269754 8.114341
v -83.014908 -22.701164 9.729956
v -82.556549 -23.269754 8.114341
v -84.280312 -24.240932 6.264806
v -84.750267 -23.688625 7.588446
v -82.556549 -23.269754 8.114341
v -80.058571 -22.158764 10.553358
v -79.776604 -23.241215 8.253129
v -82.116074 -24.011158 6.581090
v -82.556549 -23.269754 8.114341
v -82.116074 -24.011158 6.581090
v -83.978943 -24.633957 5.404616
v -84.280312 -24.240932 6.264806
v -82.116074 -24.011158 6.581090
v -79.776604 -23.241215 8.253129
v -78.880379 -24.221645 6.534871
v -81.822487 -24.991442 5.107121
v -82.116074 -24.011158 6.581090
v -81.822487 -24.991442 5.107121
v -83.277061 -25.321213 4.420788
v -83.978943 -24.633957 5.404616
v -81.822487 -24.991442 5.107121
v -78.880379 -24.221645 6.534871
v -78.056519 -25.546791 3.669205
v -80.085487 -25.762733 3.075732
v -81.822487 -24.991442 5.107121
v -80.085487 -25.762733 3.075732
v -81.532570 -26.017450 2.841330
v -83.277061 -25.321213 4.420788
v -79.776604 -23.241215 8.253129
v -76.103111 -21.607868 11.298347
v -75.452087 -22.729103 9.101480
v -78.880379 -24.221645 6.534871
v -79.776604 -23.241215 8.253129
v -80.058571 -22.158764 10.553358
v -76.583801 -20.688938 13.404705
v -76.103111 -21.607868 11.298347
v -76.583801 -20.688938 13.404705
v -71.796516 -19.025917 15.923968
v -71.355309 -19.877077 14.053365
v -76.103111 -21.607868 11.298347
v -76.583801 -20.688938 13.404705
v -80.058571 -22.158764 10.553358
v -80.514900 -21.210333 12.314274
v -77.066521 -19.507511 14.975412
v -76.583801 -20.688938 13.404705
v -77.066521 -19.507511 14.975412
v -72.680931 -18.283089 17.654343
v -71.796516 -19.025917 15.923968
v -72.680931 -18.283089 17.654343
v -65.889320 -17.418465 18.904602
v -65.816597 -17.841877 18.071280
v -71.796516 -19.025917 15.923968
v -72.680931 -18.283089 17.654343
v -77.066521 -19.507511 14.975412
v -77.326973 -19.418690 16.174400
v -72.831520 -17.731014 18.406431
v -72.680931 -18.283089 17.654343
v -72.831520 -17.731014 18.406431
v -65.946838 -17.063532 19.576710
v -65.889320 -17.418465 18.904602
v -65.946838 -17.063532 19.576710
v -58.244869 -16.800785 19.959423
v -58.306530 -17.204067 19.268072
v -65.889320 -17.418465 18.904602
v -65.946838 -17.063532 19.576710
v -72.831520 -17.731014 18.406431
v -72.534767 -18.414616 17.763439
v -65.801643 -17.616459 18.871687
v -65.946838 -17.063532 19.576710
v -65.801643 -17.616459 18.871687
v -58.172760 -17.396973 19.233444
v -58.244869 -16.800785 19.959423
v -72.534767 -18.414616 17.763439
v -72.831520 -17.731014 18.406431
v -77.326973 -19.418690 16.174400
v -77.795731 -19.273186 16.482285
v -72.534767 -18.414616 17.763439
v -77.795731 -19.273186 16.482285
v -77.249947 -19.780033 15.270157
v -72.229408 -18.749836 16.828232
v -72.534767 -18.414616 17.763439
v -72.229408 -18.749836 16.828232
v -65.643463 -18.026529 18.017662
v -65.801643 -17.616459 18.871687
v -77.249947 -19.780033 15.270157
v -77.795731 -19.273186 16.482285
v -81.098190 -20.494385 14.193305
v -80.549049 -20.839268 13.537455
v -77.249947 -19.780033 15.270157
v -80.549049 -20.839268 13.537455
v -79.864250 -21.720901 11.856800
v -76.444481 -20.687077 13.575129
v -77.249947 -19.780033 15.270157
v -76.444481 -20.687077 13.575129
v -71.752197 -19.349365 15.674496
v -72.229408 -18.749836 16.828232
v -77.795731 -19.273186 16.482285
v -77.326973 -19.418690 16.174400
v -80.962120 -20.357773 13.589136
v -81.098190 -20.494385 14.193305
v -77.326973 -19.418690 16.174400
v -77.066521 -19.507511 14.975412
v -80.514900 -21.210333 12.314274
v -80.962120 -20.357773 13.589136
v -79.864250 -21.720901 11.856800
v -78.966072 -23.048510 8.967770
v -75.291870 -21.915733 10.933386
v -76.444481 -20.687077 13.575129
v -58.172760 -17.396973 19.233444
v -50.544830 -17.633272 19.006367
v -50.553440 -17.137173 19.593500
v -58.244869 -16.800785 19.959423
v -29.181700 -20.400923 15.057365
v -22.540751 -22.164516 12.747904
v -22.641331 -22.045692 12.962129
v -29.260340 -20.296770 15.240059
v -36.200432 -19.068504 17.075871
v -29.260340 -20.296770 15.240059
v -29.365129 -20.161362 15.217669
v -36.322540 -18.966053 16.968927
v -43.436241 -18.085281 18.204554
v -36.322540 -18.966053 16.968927
v -36.500130 -19.032949 16.848988
v -43.537769 -18.249100 17.938183
v -50.824520 -17.699406 18.580807
v -43.537769 -18.249100 17.938183
v -43.764820 -18.565296 17.276188
v -50.986591 -18.049726 17.829481
v -58.431728 -18.081861 17.463409
v -50.986591 -18.049726 17.829481
v -51.171230 -18.456085 16.928947
v -58.496250 -18.589994 16.348204
v -65.092873 -19.556492 14.348860
v -58.496250 -18.589994 16.348204
v -58.570259 -19.420971 14.543192
v -64.771530 -20.742409 11.870537
v -70.721512 -22.070282 9.571855
v -64.771530 -20.742409 11.870537
v -64.149261 -22.496380 8.363726
v -69.311287 -23.864359 6.323376
v -80.085487 -25.762733 3.075732
v -78.283257 -26.885473 1.309050
v -80.465073 -26.685669 1.522540
v -81.532570 -26.017450 2.841330
v -74.138779 -25.136042 4.364283
v -69.311287 -23.864359 6.323376
v -67.919670 -25.698299 2.636316
v -71.269241 -26.754618 0.789970
v -73.510078 -27.544775 -0.610860
v -71.269241 -26.754618 0.789970
v -67.284187 -29.007391 -3.498310
v -68.742317 -29.557430 -4.491946
v -69.957481 -30.079748 -5.383687
v -68.742317 -29.557430 -4.491946
v -65.447418 -31.730701 -7.806435
v -66.597939 -32.076992 -8.398418
v -23.269409 -34.755363 -10.453405
v -23.900829 -34.226772 -9.682149
v -19.266500 -33.124050 -7.287738
v -18.573050 -33.773743 -8.223471
v -23.269409 -34.755363 -10.453405
v -18.573050 -33.773743 -8.223471
v -18.017929 -34.335777 -9.025923
v -22.652090 -35.250195 -11.159585
v -18.017929 -34.335777 -9.025923
v -18.573050 -33.773743 -8.223471
v -13.431800 -32.822735 -6.186529
v -13.252340 -33.302208 -6.800474
v -18.017929 -34.335777 -9.025923
v -13.252340 -33.302208 -6.800474
v -13.072590 -33.549309 -6.885498
v -17.666719 -34.747879 -9.507872
v -13.072590 -33.549309 -6.885498
v -13.252340 -33.302208 -6.800474
v -8.141400 -32.264259 -4.953592
v -8.003350 -32.405167 -4.886082
v -13.072590 -33.549309 -6.885498
v -8.003350 -32.405167 -4.886082
v -7.476240 -31.858887 -4.016744
v -12.965940 -33.183319 -6.380939
v -7.476240 -31.858887 -4.016744
v -8.003350 -32.405167 -4.886082
v -4.952550 -31.798843 -3.351328
v -5.059200 -31.157484 -2.373787
v -7.476240 -31.858887 -4.016744
v -5.059200 -31.157484 -2.373787
v -5.561040 -30.144993 -0.859800
v -7.938190 -31.129715 -3.049503
v -24.773090 -28.222868 0.350699
v -29.714001 -26.085474 3.460656
v -27.212330 -24.498001 6.844852
v -21.847799 -26.632439 3.603895
v -24.773090 -28.222868 0.350699
v -21.847799 -26.632439 3.603895
v -17.916731 -28.826534 -0.534915
v -22.076380 -30.515472 -3.387293
v -24.773090 -28.222868 0.350699
v -29.279221 -29.458126 -2.532989
v -33.222061 -27.633183 0.212602
v -29.714001 -26.085474 3.460656
v -21.847799 -26.632439 3.603895
v -27.212330 -24.498001 6.844852
v -24.922609 -23.142696 9.952850
v -19.307421 -25.289179 6.593614
v -21.847799 -26.632439 3.603895
v -19.307421 -25.289179 6.593614
v -14.336100 -27.103298 2.485075
v -17.916731 -28.826534 -0.534915
v -14.336100 -27.103298 2.485075
v -10.254190 -29.453037 -1.267576
v -15.229380 -31.073351 -3.931541
v -17.916731 -28.826534 -0.534915
v -14.336100 -27.103298 2.485075
v -19.307421 -25.289179 6.593614
v -17.906610 -24.631706 8.267942
v -12.303110 -26.186636 4.559219
v -14.336100 -27.103298 2.485075
v -12.303110 -26.186636 4.559219
v -7.183150 -28.618454 1.055759
v -10.254190 -29.453037 -1.267576
v -29.714001 -26.085474 3.460656
v -33.222061 -27.633183 0.212602
v -37.315899 -26.338362 2.131954
v -35.181278 -24.612770 5.496119
v -29.714001 -26.085474 3.460656
v -35.181278 -24.612770 5.496119
v -33.060909 -22.846985 9.120754
v -27.212330 -24.498001 6.844852
v -10.254190 -29.453037 -1.267576
v -7.183150 -28.618454 1.055759
v -5.464510 -30.219639 -1.262255
v -8.802200 -30.771542 -2.990040
v -4.952550 -31.798843 -3.351328
v -2.338980 -31.672319 -2.370721
v -3.314570 -30.776886 -1.276612
v -5.059200 -31.157484 -2.373787
v -1.111190 -32.220421 -3.164700
v -1.822980 -31.269711 -1.929461
v -1.235000 -31.231588 -1.764970
v -0.957630 -31.646400 -2.363458
v -1.029960 -28.376936 2.984639
v -1.167280 -29.149626 1.858202
v -0.845750 -29.438589 1.443724
v -0.780690 -29.072802 2.199436
v -12.303110 -26.186636 4.559219
v -11.526750 -25.834904 5.527164
v -7.021210 -27.920286 2.465564
v -7.183150 -28.618454 1.055759
v -35.181278 -24.612770 5.496119
v -37.315899 -26.338362 2.131954
v -41.950779 -25.607306 3.137179
v -40.644749 -23.784517 6.636460
v -46.156040 -27.472204 -0.523928
v -47.160400 -25.182606 3.627776
v -41.950779 -25.607306 3.137179
v -41.987320 -27.459568 -0.253811
v -50.433651 -33.074432 -10.213496
v -48.043930 -35.077316 -13.275679
v -51.433182 -35.833744 -14.538362
v -54.366711 -34.256184 -12.028955
v -45.598541 -39.437042 -19.341364
v -50.637600 -39.117012 -19.376354
v -49.952202 -37.936359 -17.626160
v -45.841209 -38.692120 -18.227547
v -55.127811 -37.212612 -16.610254
v -50.545841 -38.751339 -18.579638
v -49.960861 -37.340832 -16.602318
v -54.115429 -36.405052 -15.469812
v -43.304642 -34.860191 -12.582943
v -45.655869 -32.748878 -9.369367
v -49.084202 -33.909019 -11.388086
v -46.884850 -35.684235 -14.039736
v -80.465073 -26.685669 1.522540
v -75.839691 -28.318466 -1.872416
v -76.756470 -27.726238 -0.761164
v -83.779831 -24.322624 4.422533
v -83.779831 -24.322624 4.422533
v -84.280312 -24.240932 6.264806
v -83.978943 -24.633957 5.404616
v -83.277061 -25.321213 4.420788
v -83.277061 -25.321213 4.420788
v -81.532570 -26.017450 2.841330
v -80.465073 -26.685669 1.522540
v -83.779831 -24.322624 4.422533
v -1.206860 -28.703667 2.044591
v -1.029960 -28.376936 2.984639
v -0.780690 -29.072802 2.199436
v -0.843780 -29.086153 1.385833
v -1.071490 -30.745682 -0.912466
v -1.388440 -30.885984 -0.806517
v -0.998410 -31.590015 -1.685571
v -1.045380 -31.156155 -1.613282
v -1.071490 -30.745682 -0.912466
v -0.825350 -29.931723 0.240795
v -1.142130 -30.041616 0.358566
v -1.388440 -30.885984 -0.806517
v -1.142130 -30.041616 0.358566
v -0.825350 -29.931723 0.240795
v -0.754560 -29.339102 0.992736
v -0.845750 -29.438589 1.443724
v -0.754560 -29.339102 0.992736
v -0.843780 -29.086153 1.385833
v -0.780690 -29.072802 2.199436
v -0.845750 -29.438589 1.443724
v -1.255620 -31.758474 -2.036296
v -1.111190 -32.220421 -3.164700
v -0.957630 -31.646400 -2.363458
v -0.998410 -31.590015 -1.685571
v -1.045380 -31.156155 -1.613282
v -0.998410 -31.590015 -1.685571
v -0.957630 -31.646400 -2.363458
v -1.235000 -31.231588 -1.764970
v -18.568520 -56.489075 -41.183380
v -20.352449 -57.111084 -43.218357
v -21.549021 -56.436386 -42.864445
v -20.635500 -55.080898 -40.491112
v -18.568520 -56.489075 -41.183380
v -19.106020 -58.667076 -44.294140
v -20.476360 -58.304382 -44.626423
v -20.352449 -57.111084 -43.218357
v -18.568520 -56.489075 -41.183380
v -20.635500 -55.080898 -40.491112
v -19.024521 -52.888222 -36.845848
v -15.809310 -53.446651 -37.206570
v -5.432740 -33.836105 -6.748208
v -2.401690 -30.153913 -0.188455
v -1.536830 -32.644897 -4.042130
v -3.494530 -35.117096 -8.630708
v -5.432740 -33.836105 -6.748208
v -9.131430 -29.810648 -0.201831
v -8.436020 -28.865700 1.550189
v -2.401690 -30.153913 -0.188455
v -5.432740 -33.836105 -6.748208
v -3.494530 -35.117096 -8.630708
v -4.850510 -39.652733 -15.273223
v -6.079710 -39.337395 -14.984687
v -5.432740 -33.836105 -6.748208
v -6.079710 -39.337395 -14.984687
v -7.799650 -39.223091 -15.110249
v -8.400460 -34.611645 -8.349625
v -5.432740 -33.836105 -6.748208
v -8.400460 -34.611645 -8.349625
v -11.428720 -31.467888 -3.116874
v -9.131430 -29.810648 -0.201831
v -44.199741 -43.287048 -24.068106
v -40.339420 -43.691277 -24.673998
v -42.642429 -46.438854 -29.136570
v -47.166908 -44.815838 -26.503654
v -44.199741 -43.287048 -24.068106
v -47.166908 -44.815838 -26.503654
v -50.286308 -42.570671 -22.763380
v -44.827042 -41.506199 -21.055746
v -44.199741 -43.287048 -24.068106
v -44.827042 -41.506199 -21.055746
v -39.362301 -41.126183 -20.308153
v -40.339420 -43.691277 -24.673998
v -4.093520 -34.937138 -8.080405
v -3.494530 -35.117096 -8.630708
v -1.536830 -32.644897 -4.042130
v -1.650850 -32.444710 -3.506982
v -4.093520 -34.937138 -8.080405
v -3.537370 -30.452364 -0.542162
v -6.074870 -32.123901 -3.676305
v -6.015030 -35.673855 -9.484550
v -4.093520 -34.937138 -8.080405
v -1.650850 -32.444710 -3.506982
v -2.054290 -29.178061 1.577153
v -3.537370 -30.452364 -0.542162
v -0.340500 -32.907707 -4.132185
v -1.650850 -32.444710 -3.506982
v -1.536830 -32.644897 -4.042130
v -0.324300 -32.834091 -4.148229
v -13.196390 -32.646198 -5.259566
v -11.428720 -31.467888 -3.116874
v -8.400460 -34.611645 -8.349625
v -11.502770 -35.103737 -9.374305
v -13.196390 -32.646198 -5.259566
v -17.620180 -32.304192 -4.799310
v -17.290939 -30.232689 -1.253595
v -11.428720 -31.467888 -3.116874
v -13.196390 -32.646198 -5.259566
v -11.502770 -35.103737 -9.374305
v -16.642050 -35.051437 -9.464600
v -17.620180 -32.304192 -4.799310
v -21.167761 -57.286690 -43.922680
v -20.352449 -57.111084 -43.218357
v -20.476360 -58.304382 -44.626423
v -21.262030 -57.758511 -44.523178
v -21.167761 -57.286690 -43.922680
v -22.344160 -56.694813 -43.950596
v -21.549021 -56.436386 -42.864445
v -20.352449 -57.111084 -43.218357
v -21.167761 -57.286690 -43.922680
v -21.262030 -57.758511 -44.523178
v -22.546619 -57.479588 -45.111111
v -22.344160 -56.694813 -43.950596
v -22.546619 -57.479588 -45.111111
v -22.894489 -57.660809 -45.280346
v -24.875879 -55.907677 -43.839237
v -24.957100 -55.849701 -44.337116
v -22.546619 -57.479588 -45.111111
v -24.957100 -55.849701 -44.337116
v -24.535830 -55.721626 -43.487309
v -22.344160 -56.694813 -43.950596
v -22.546619 -57.479588 -45.111111
v -21.407310 -59.709568 -46.782898
v -21.874760 -59.958046 -47.181164
v -22.894489 -57.660809 -45.280346
v -22.546619 -57.479588 -45.111111
v -21.262030 -57.758511 -44.523178
v -20.476360 -58.304382 -44.626423
v -21.407310 -59.709568 -46.782898
v -50.161701 -38.085457 -15.228199
v -53.090080 -37.518291 -14.199333
v -48.833080 -35.470249 -10.285087
v -46.468681 -37.034245 -13.440206
v -50.161701 -38.085457 -15.228199
v -46.468681 -37.034245 -13.440206
v -45.262772 -39.198177 -17.127144
v -50.467331 -40.056900 -18.475914
v -50.161701 -38.085457 -15.228199
v -50.467331 -40.056900 -18.475914
v -55.958271 -40.428162 -19.026817
v -53.090080 -37.518291 -14.199333
v -21.407310 -59.709568 -46.782898
v -20.476360 -58.304382 -44.626423
v -19.106020 -58.667076 -44.294140
v -20.017111 -60.659500 -47.030834
v -16.961269 -65.524261 -52.191570
v -16.534630 -65.839752 -52.509224
v -17.066071 -66.448532 -53.408592
v -17.699051 -65.643753 -52.493412
v -16.961269 -65.524261 -52.191570
v -16.829180 -64.893623 -51.383522
v -16.180519 -65.022896 -51.441135
v -16.534630 -65.839752 -52.509224
v -16.961269 -65.524261 -52.191570
v -17.699051 -65.643753 -52.493412
v -18.047480 -64.750458 -51.415600
v -16.829180 -64.893623 -51.383522
v -8.525980 -33.731945 -6.587084
v -8.269150 -35.978119 -10.232068
v -6.015030 -35.673855 -9.484550
v -6.074870 -32.123901 -3.676305
v -8.525980 -33.731945 -6.587084
v -11.644570 -32.979042 -5.481484
v -11.473580 -35.610973 -9.958405
v -8.269150 -35.978119 -10.232068
v -8.525980 -33.731945 -6.587084
v -6.074870 -32.123901 -3.676305
v -8.600650 -29.871704 -0.016481
v -11.644570 -32.979042 -5.481484
v -49.702679 -38.095890 -14.986250
v -48.858002 -39.969303 -18.181477
v -44.628010 -38.619705 -15.868307
v -46.441921 -36.619263 -12.466261
v -49.702679 -38.095890 -14.986250
v -54.066490 -37.680317 -14.062641
v -53.516232 -40.773033 -19.207611
v -48.858002 -39.969303 -18.181477
v -49.702679 -38.095890 -14.986250
v -46.441921 -36.619263 -12.466261
v -49.253368 -35.284943 -9.826998
v -54.066490 -37.680317 -14.062641
v -16.873529 -65.890862 -52.437096
v -16.927731 -65.256790 -51.661446
v -18.057159 -65.402863 -52.069504
v -17.482969 -66.161232 -52.933205
v -16.873529 -65.890862 -52.437096
v -16.458851 -66.070389 -52.596935
v -16.221460 -65.212219 -51.499344
v -16.927731 -65.256790 -51.661446
v -16.873529 -65.890862 -52.437096
v -17.482969 -66.161232 -52.933205
v -16.749540 -66.854424 -53.747726
v -16.458851 -66.070389 -52.596935
v -38.326969 -41.089867 -19.971348
v -40.797890 -42.533138 -22.481464
v -36.828571 -43.716835 -24.422050
v -34.874290 -41.263481 -20.197163
v -38.326969 -41.089867 -19.971348
v -34.874290 -41.263481 -20.197163
v -34.383320 -38.759506 -15.908072
v -39.054081 -39.443085 -17.166452
v -38.326969 -41.089867 -19.971348
v -39.054081 -39.443085 -17.166452
v -43.103710 -40.738972 -19.464819
v -40.797890 -42.533138 -22.481464
v -19.253241 -53.436317 -37.441597
v -17.558729 -56.988098 -41.534634
v -14.586660 -57.032230 -41.212627
v -13.405910 -53.679626 -37.052620
v -19.253241 -53.436317 -37.441597
v -13.405910 -53.679626 -37.052620
v -12.598800 -50.356846 -32.891884
v -17.676180 -49.827930 -32.690830
v -19.253241 -53.436317 -37.441597
v -17.676180 -49.827930 -32.690830
v -21.977961 -48.733791 -31.983450
v -24.635050 -51.574825 -35.955124
v -19.253241 -53.436317 -37.441597
v -22.433380 -54.933731 -40.540291
v -20.233040 -57.096710 -42.929535
v -17.558729 -56.988098 -41.534634
v -20.233040 -57.096710 -42.929535
v -21.886709 -57.369541 -44.434113
v -20.990330 -59.943390 -46.662334
v -19.208790 -59.987892 -45.726364
v -20.233040 -57.096710 -42.929535
v -19.208790 -59.987892 -45.726364
v -16.374020 -60.030479 -45.135101
v -17.558729 -56.988098 -41.534634
v -20.233040 -57.096710 -42.929535
v -22.433380 -54.933731 -40.540291
v -23.739820 -55.729797 -42.556419
v -21.886709 -57.369541 -44.434113
v -23.739820 -55.729797 -42.556419
v -22.433380 -54.933731 -40.540291
v -26.719540 -53.475632 -39.444878
v -27.503500 -54.310799 -41.399677
v -23.739820 -55.729797 -42.556419
v -27.503500 -54.310799 -41.399677
v -27.907209 -54.906414 -42.647148
v -24.875879 -55.907677 -43.839237
v -23.739820 -55.729797 -42.556419
v -24.875879 -55.907677 -43.839237
v -22.894489 -57.660809 -45.280346
v -21.886709 -57.369541 -44.434113
v -27.907209 -54.906414 -42.647148
v -27.503500 -54.310799 -41.399677
v -33.187840 -53.581970 -41.018635
v -33.589851 -54.427105 -42.450054
v -27.907209 -54.906414 -42.647148
v -33.589851 -54.427105 -42.450054
v -33.864681 -55.161274 -43.743923
v -28.235250 -55.306297 -43.882771
v -27.907209 -54.906414 -42.647148
v -28.235250 -55.306297 -43.882771
v -24.957100 -55.849701 -44.337116
v -24.875879 -55.907677 -43.839237
v -28.235250 -55.306297 -43.882771
v -33.864681 -55.161274 -43.743923
v -34.019531 -54.434341 -42.707211
v -28.279970 -54.838104 -42.780930
v -28.235250 -55.306297 -43.882771
v -28.279970 -54.838104 -42.780930
v -24.535830 -55.721626 -43.487309
v -24.957100 -55.849701 -44.337116
v -28.279970 -54.838104 -42.780930
v -34.019531 -54.434341 -42.707211
v -34.071190 -53.561573 -41.292992
v -28.211580 -54.203384 -41.629593
v -28.279970 -54.838104 -42.780930
v -28.211580 -54.203384 -41.629593
v -23.991150 -55.389870 -42.300854
v -24.535830 -55.721626 -43.487309
v -23.991150 -55.389870 -42.300854
v -21.549021 -56.436386 -42.864445
v -22.344160 -56.694813 -43.950596
v -24.535830 -55.721626 -43.487309
v -23.991150 -55.389870 -42.300854
v -28.211580 -54.203384 -41.629593
v -28.080790 -53.401772 -40.027191
v -23.329201 -54.584747 -40.499481
v -23.991150 -55.389870 -42.300854
v -23.329201 -54.584747 -40.499481
v -20.635500 -55.080898 -40.491112
v -21.549021 -56.436386 -42.864445
v -23.329201 -54.584747 -40.499481
v -28.080790 -53.401772 -40.027191
v -27.366980 -51.303772 -36.452995
v -22.401979 -52.323654 -37.083988
v -23.329201 -54.584747 -40.499481
v -22.401979 -52.323654 -37.083988
v -19.024521 -52.888222 -36.845848
v -20.635500 -55.080898 -40.491112
v -22.401979 -52.323654 -37.083988
v -27.366980 -51.303772 -36.452995
v -26.061689 -48.136894 -31.583244
v -21.099770 -48.773209 -32.209297
v -22.401979 -52.323654 -37.083988
v -21.099770 -48.773209 -32.209297
v -16.533131 -49.815926 -32.760597
v -19.024521 -52.888222 -36.845848
v -16.533131 -49.815926 -32.760597
v -11.893770 -50.433575 -33.093464
v -15.809310 -53.446651 -37.206570
v -19.024521 -52.888222 -36.845848
v -16.533131 -49.815926 -32.760597
v -21.099770 -48.773209 -32.209297
v -19.166470 -45.331837 -26.880501
v -13.895320 -46.480499 -27.726812
v -16.533131 -49.815926 -32.760597
v -13.895320 -46.480499 -27.726812
v -10.086160 -47.272030 -28.356861
v -11.893770 -50.433575 -33.093464
v -10.086160 -47.272030 -28.356861
v -7.750910 -47.874008 -28.734957
v -9.598890 -50.884644 -33.157326
v -11.893770 -50.433575 -33.093464
v -10.086160 -47.272030 -28.356861
v -13.895320 -46.480499 -27.726812
v -11.578540 -43.069424 -21.951862
v -8.502000 -43.777733 -22.458277
v -10.086160 -47.272030 -28.356861
v -8.502000 -43.777733 -22.458277
v -6.662600 -44.217831 -22.799290
v -7.750910 -47.874008 -28.734957
v -6.662600 -44.217831 -22.799290
v -5.209870 -44.616173 -23.098856
v -6.176190 -48.513260 -29.046179
v -7.750910 -47.874008 -28.734957
v -6.662600 -44.217831 -22.799290
v -8.502000 -43.777733 -22.458277
v -7.799650 -39.223091 -15.110249
v -6.079710 -39.337395 -14.984687
v -6.662600 -44.217831 -22.799290
v -6.079710 -39.337395 -14.984687
v -4.850510 -39.652733 -15.273223
v -5.209870 -44.616173 -23.098856
v -6.176190 -48.513260 -29.046179
v -6.688200 -48.101990 -28.919497
v -8.317780 -50.984264 -33.250584
v -7.971830 -51.284637 -33.097591
v -6.176190 -48.513260 -29.046179
v -7.971830 -51.284637 -33.097591
v -9.598890 -50.884644 -33.157326
v -7.750910 -47.874008 -28.734957
v -6.176190 -48.513260 -29.046179
v -5.209870 -44.616173 -23.098856
v -5.512260 -44.595913 -22.966404
v -6.688200 -48.101990 -28.919497
v -5.512260 -44.595913 -22.966404
v -6.998430 -44.198841 -22.621639
v -8.469500 -47.657272 -28.498642
v -6.688200 -48.101990 -28.919497
v -5.512260 -44.595913 -22.966404
v -5.209870 -44.616173 -23.098856
v -4.850510 -39.652733 -15.273223
v -5.329900 -39.796768 -15.316197
v -5.512260 -44.595913 -22.966404
v -5.329900 -39.796768 -15.316197
v -6.712050 -39.834560 -15.612531
v -6.998430 -44.198841 -22.621639
v -6.712050 -39.834560 -15.612531
v -8.790640 -39.646721 -15.755749
v -8.801900 -43.770004 -22.276501
v -6.998430 -44.198841 -22.621639
v -6.712050 -39.834560 -15.612531
v -5.329900 -39.796768 -15.316197
v -4.093520 -34.937138 -8.080405
v -6.015030 -35.673855 -9.484550
v -6.712050 -39.834560 -15.612531
v -6.015030 -35.673855 -9.484550
v -8.269150 -35.978119 -10.232068
v -8.790640 -39.646721 -15.755749
v -8.801900 -43.770004 -22.276501
v -13.354480 -42.782726 -21.676483
v -15.365820 -46.283257 -27.495205
v -10.922850 -47.145786 -28.092901
v -8.801900 -43.770004 -22.276501
v -10.922850 -47.145786 -28.092901
v -8.469500 -47.657272 -28.498642
v -6.998430 -44.198841 -22.621639
v -8.801900 -43.770004 -22.276501
v -8.790640 -39.646721 -15.755749
v -11.961270 -39.056038 -15.552633
v -13.354480 -42.782726 -21.676483
v -11.961270 -39.056038 -15.552633
v -17.921070 -38.662594 -15.371797
v -18.936970 -42.041840 -21.110586
v -13.354480 -42.782726 -21.676483
v -11.961270 -39.056038 -15.552633
v -8.790640 -39.646721 -15.755749
v -8.269150 -35.978119 -10.232068
v -11.473580 -35.610973 -9.958405
v -11.961270 -39.056038 -15.552633
v -11.473580 -35.610973 -9.958405
v -17.587500 -35.412018 -9.836552
v -17.921070 -38.662594 -15.371797
v -17.587500 -35.412018 -9.836552
v -23.484190 -35.303154 -9.780868
v -23.673820 -38.468121 -15.185364
v -17.921070 -38.662594 -15.371797
v -17.587500 -35.412018 -9.836552
v -11.473580 -35.610973 -9.958405
v -11.644570 -32.979042 -5.481484
v -17.188761 -32.074257 -4.132998
v -17.587500 -35.412018 -9.836552
v -17.188761 -32.074257 -4.132998
v -23.548140 -32.109161 -4.324805
v -23.484190 -35.303154 -9.780868
v -23.548140 -32.109161 -4.324805
v -17.188761 -32.074257 -4.132998
v -16.322380 -29.477089 0.320148
v -23.866751 -29.888977 -0.538260
v -23.548140 -32.109161 -4.324805
v -23.866751 -29.888977 -0.538260
v -31.014250 -30.376802 -1.512410
v -30.146070 -32.590553 -5.280346
v -23.548140 -32.109161 -4.324805
v -30.146070 -32.590553 -5.280346
v -29.461300 -35.491295 -10.222243
v -23.484190 -35.303154 -9.780868
v -29.461300 -35.491295 -10.222243
v -30.146070 -32.590553 -5.280346
v -36.641350 -33.374336 -6.750527
v -35.189121 -36.093456 -11.366311
v -29.461300 -35.491295 -10.222243
v -35.189121 -36.093456 -11.366311
v -34.383320 -38.759506 -15.908072
v -29.187300 -38.463951 -15.299526
v -29.461300 -35.491295 -10.222243
v -29.187300 -38.463951 -15.299526
v -23.673820 -38.468121 -15.185364
v -23.484190 -35.303154 -9.780868
v -29.187300 -38.463951 -15.299526
v -34.383320 -38.759506 -15.908072
v -34.874290 -41.263481 -20.197163
v -29.813841 -41.461166 -20.430565
v -29.187300 -38.463951 -15.299526
v -29.813841 -41.461166 -20.430565
v -24.492599 -41.675568 -20.663420
v -23.673820 -38.468121 -15.185364
v -24.492599 -41.675568 -20.663420
v -29.813841 -41.461166 -20.430565
v -31.712790 -44.342766 -25.347301
v -26.131060 -44.793884 -25.971565
v -24.492599 -41.675568 -20.663420
v -26.131060 -44.793884 -25.971565
v -20.408529 -45.402466 -26.812033
v -18.936970 -42.041840 -21.110586
v -24.492599 -41.675568 -20.663420
v -18.936970 -42.041840 -21.110586
v -17.921070 -38.662594 -15.371797
v -23.673820 -38.468121 -15.185364
v -20.408529 -45.402466 -26.812033
v -26.131060 -44.793884 -25.971565
v -28.360161 -47.670311 -30.837423
v -21.977961 -48.733791 -31.983450
v -20.408529 -45.402466 -26.812033
v -21.977961 -48.733791 -31.983450
v -17.676180 -49.827930 -32.690830
v -15.365820 -46.283257 -27.495205
v -20.408529 -45.402466 -26.812033
v -15.365820 -46.283257 -27.495205
v -13.354480 -42.782726 -21.676483
v -18.936970 -42.041840 -21.110586
v -28.360161 -47.670311 -30.837423
v -26.131060 -44.793884 -25.971565
v -31.712790 -44.342766 -25.347301
v -34.393040 -47.153084 -29.976437
v -28.360161 -47.670311 -30.837423
v -34.393040 -47.153084 -29.976437
v -37.265701 -50.031963 -34.592663
v -30.781691 -50.372635 -35.402565
v -28.360161 -47.670311 -30.837423
v -30.781691 -50.372635 -35.402565
v -24.635050 -51.574825 -35.955124
v -21.977961 -48.733791 -31.983450
v -30.781691 -50.372635 -35.402565
v -37.265701 -50.031963 -34.592663
v -39.206551 -52.099327 -38.049950
v -32.485420 -52.484848 -39.100300
v -30.781691 -50.372635 -35.402565
v -32.485420 -52.484848 -39.100300
v -26.719540 -53.475632 -39.444878
v -24.635050 -51.574825 -35.955124
v -32.485420 -52.484848 -39.100300
v -39.206551 -52.099327 -38.049950
v -40.227161 -53.259666 -40.036068
v -33.187840 -53.581970 -41.018635
v -32.485420 -52.484848 -39.100300
v -33.187840 -53.581970 -41.018635
v -27.503500 -54.310799 -41.399677
v -26.719540 -53.475632 -39.444878
v -40.227161 -53.259666 -40.036068
v -39.206551 -52.099327 -38.049950
v -45.754879 -50.511944 -35.573627
v -47.222519 -51.488132 -37.195206
v -40.227161 -53.259666 -40.036068
v -47.222519 -51.488132 -37.195206
v -48.421680 -52.192360 -38.397877
v -40.921619 -54.147675 -41.576164
v -40.227161 -53.259666 -40.036068
v -40.921619 -54.147675 -41.576164
v -33.589851 -54.427105 -42.450054
v -33.187840 -53.581970 -41.018635
v -40.921619 -54.147675 -41.576164
v -48.421680 -52.192360 -38.397877
v -49.533089 -52.733360 -39.436470
v -41.498791 -54.912529 -42.990002
v -40.921619 -54.147675 -41.576164
v -41.498791 -54.912529 -42.990002
v -33.864681 -55.161274 -43.743923
v -33.589851 -54.427105 -42.450054
v -41.498791 -54.912529 -42.990002
v -49.533089 -52.733360 -39.436470
v -49.020741 -52.227913 -38.702465
v -41.350262 -54.194096 -41.914345
v -41.498791 -54.912529 -42.990002
v -41.350262 -54.194096 -41.914345
v -34.019531 -54.434341 -42.707211
v -33.864681 -55.161274 -43.743923
v -41.350262 -54.194096 -41.914345
v -49.020741 -52.227913 -38.702465
v -48.078892 -51.487614 -37.434898
v -41.007030 -53.267204 -40.346230
v -41.350262 -54.194096 -41.914345
v -41.007030 -53.267204 -40.346230
v -34.071190 -53.561573 -41.292992
v -34.019531 -54.434341 -42.707211
v -41.007030 -53.267204 -40.346230
v -48.078892 -51.487614 -37.434898
v -47.008770 -50.573364 -35.876194
v -40.446190 -52.133335 -38.439449
v -41.007030 -53.267204 -40.346230
v -40.446190 -52.133335 -38.439449
v -33.912811 -52.640106 -39.434719
v -34.071190 -53.561573 -41.292992
v -33.912811 -52.640106 -39.434719
v -28.080790 -53.401772 -40.027191
v -28.211580 -54.203384 -41.629593
v -34.071190 -53.561573 -41.292992
v -33.912811 -52.640106 -39.434719
v -40.446190 -52.133335 -38.439449
v -39.275211 -50.195339 -35.220757
v -33.212341 -50.664818 -35.957336
v -33.912811 -52.640106 -39.434719
v -33.212341 -50.664818 -35.957336
v -27.366980 -51.303772 -36.452995
v -28.080790 -53.401772 -40.027191
v -33.212341 -50.664818 -35.957336
v -39.275211 -50.195339 -35.220757
v -37.234909 -47.238823 -30.445204
v -31.670460 -47.651348 -31.100908
v -33.212341 -50.664818 -35.957336
v -31.670460 -47.651348 -31.100908
v -26.061689 -48.136894 -31.583244
v -27.366980 -51.303772 -36.452995
v -31.670460 -47.651348 -31.100908
v -37.234909 -47.238823 -30.445204
v -35.165199 -44.081841 -25.249729
v -29.877850 -44.408531 -25.668781
v -31.670460 -47.651348 -31.100908
v -29.877850 -44.408531 -25.668781
v -24.521049 -44.761200 -26.124964
v -26.061689 -48.136894 -31.583244
v -24.521049 -44.761200 -26.124964
v -19.166470 -45.331837 -26.880501
v -21.099770 -48.773209 -32.209297
v -26.061689 -48.136894 -31.583244
v -24.521049 -44.761200 -26.124964
v -29.877850 -44.408531 -25.668781
v -28.051689 -40.975754 -19.821133
v -22.790239 -41.331825 -20.298386
v -24.521049 -44.761200 -26.124964
v -22.790239 -41.331825 -20.298386
v -17.160999 -41.927670 -21.093027
v -19.166470 -45.331837 -26.880501
v -17.160999 -41.927670 -21.093027
v -11.578540 -43.069424 -21.951862
v -13.895320 -46.480499 -27.726812
v -19.166470 -45.331837 -26.880501
v -17.160999 -41.927670 -21.093027
v -22.790239 -41.331825 -20.298386
v -21.480030 -37.877518 -14.388088
v -15.429650 -38.288288 -14.903983
v -17.160999 -41.927670 -21.093027
v -15.429650 -38.288288 -14.903983
v -9.288670 -39.003357 -15.112633
v -11.578540 -43.069424 -21.951862
v -9.288670 -39.003357 -15.112633
v -7.799650 -39.223091 -15.110249
v -8.502000 -43.777733 -22.458277
v -11.578540 -43.069424 -21.951862
v -9.288670 -39.003357 -15.112633
v -15.429650 -38.288288 -14.903983
v -16.642050 -35.051437 -9.464600
v -11.502770 -35.103737 -9.374305
v -9.288670 -39.003357 -15.112633
v -11.502770 -35.103737 -9.374305
v -8.400460 -34.611645 -8.349625
v -7.799650 -39.223091 -15.110249
v -15.429650 -38.288288 -14.903983
v -21.480030 -37.877518 -14.388088
v -22.624241 -34.928452 -9.381273
v -16.642050 -35.051437 -9.464600
v -22.624241 -34.928452 -9.381273
v -21.480030 -37.877518 -14.388088
v -28.036270 -37.928986 -14.617176
v -29.029140 -35.039570 -9.702843
v -22.624241 -34.928452 -9.381273
v -29.029140 -35.039570 -9.702843
v -30.229839 -32.133007 -4.757210
v -23.632240 -31.861980 -4.162759
v -22.624241 -34.928452 -9.381273
v -23.632240 -31.861980 -4.162759
v -17.620180 -32.304192 -4.799310
v -16.642050 -35.051437 -9.464600
v -23.632240 -31.861980 -4.162759
v -30.229839 -32.133007 -4.757210
v -31.071091 -30.214191 -1.492869
v -24.064659 -29.768452 -0.591605
v -23.632240 -31.861980 -4.162759
v -24.064659 -29.768452 -0.591605
v -17.290939 -30.232689 -1.253595
v -17.620180 -32.304192 -4.799310
v -24.064659 -29.768452 -0.591605
v -31.071091 -30.214191 -1.492869
v -31.448151 -29.383694 -0.074820
v -24.273560 -28.888784 0.912893
v -24.064659 -29.768452 -0.591605
v -24.273560 -28.888784 0.912893
v -16.670300 -28.412584 1.871321
v -17.290939 -30.232689 -1.253595
v -16.670300 -28.412584 1.871321
v -9.131430 -29.810648 -0.201831
v -11.428720 -31.467888 -3.116874
v -17.290939 -30.232689 -1.253595
v -16.670300 -28.412584 1.871321
v -24.273560 -28.888784 0.912893
v -24.473440 -28.185352 2.123076
v -16.477690 -27.648792 3.191183
v -16.670300 -28.412584 1.871321
v -16.477690 -27.648792 3.191183
v -8.436020 -28.865700 1.550189
v -9.131430 -29.810648 -0.201831
v -16.477690 -27.648792 3.191183
v -24.473440 -28.185352 2.123076
v -24.288549 -27.943016 2.545702
v -16.406679 -27.952984 2.640952
v -16.477690 -27.648792 3.191183
v -16.406679 -27.952984 2.640952
v -7.604720 -28.308136 2.628050
v -8.436020 -28.865700 1.550189
v -7.604720 -28.308136 2.628050
v -1.197540 -29.018402 1.650599
v -2.401690 -30.153913 -0.188455
v -8.436020 -28.865700 1.550189
v -7.604720 -28.308136 2.628050
v -16.406679 -27.952984 2.640952
v -16.337629 -28.144262 2.627022
v -7.136590 -28.184605 3.192881
v -7.604720 -28.308136 2.628050
v -7.136590 -28.184605 3.192881
v -1.202140 -28.946291 2.005427
v -1.197540 -29.018402 1.650599
v -7.136590 -28.184605 3.192881
v -16.337629 -28.144262 2.627022
v -16.384319 -28.380480 2.191782
v -8.335670 -28.812489 1.947234
v -7.136590 -28.184605 3.192881
v -8.335670 -28.812489 1.947234
v -2.054290 -29.178061 1.577153
v -1.202140 -28.946291 2.005427
v -8.335670 -28.812489 1.947234
v -16.384319 -28.380480 2.191782
v -16.107710 -28.362724 2.226010
v -7.178990 -28.607395 2.305949
v -8.335670 -28.812489 1.947234
v -7.178990 -28.607395 2.305949
v -3.537370 -30.452364 -0.542162
v -2.054290 -29.178061 1.577153
v -7.178990 -28.607395 2.305949
v -16.107710 -28.362724 2.226010
v -16.322380 -29.477089 0.320148
v -8.600650 -29.871704 -0.016481
v -7.178990 -28.607395 2.305949
v -8.600650 -29.871704 -0.016481
v -6.074870 -32.123901 -3.676305
v -3.537370 -30.452364 -0.542162
v -16.107710 -28.362724 2.226010
v -16.384319 -28.380480 2.191782
v -24.388750 -28.233564 2.265586
v -24.125351 -28.954874 1.048830
v -16.107710 -28.362724 2.226010
v -24.125351 -28.954874 1.048830
v -23.866751 -29.888977 -0.538260
v -16.322380 -29.477089 0.320148
v -24.125351 -28.954874 1.048830
v -24.388750 -28.233564 2.265586
v -31.707050 -28.900898 0.981421
v -31.422850 -29.495560 -0.020707
v -24.125351 -28.954874 1.048830
v -31.422850 -29.495560 -0.020707
v -31.014250 -30.376802 -1.512410
v -23.866751 -29.888977 -0.538260
v -31.422850 -29.495560 -0.020707
v -31.707050 -28.900898 0.981421
v -38.822880 -29.853264 -0.787695
v -38.467072 -30.456182 -1.804096
v -31.422850 -29.495560 -0.020707
v -38.467072 -30.456182 -1.804096
v -37.950161 -31.311646 -3.251422
v -31.014250 -30.376802 -1.512410
v -37.950161 -31.311646 -3.251422
v -38.467072 -30.456182 -1.804096
v -45.417992 -31.732609 -4.101231
v -44.446430 -32.696030 -5.702705
v -37.950161 -31.311646 -3.251422
v -44.446430 -32.696030 -5.702705
v -42.354610 -34.684361 -9.075225
v -36.641350 -33.374336 -6.750527
v -37.950161 -31.311646 -3.251422
v -36.641350 -33.374336 -6.750527
v -30.146070 -32.590553 -5.280346
v -31.014250 -30.376802 -1.512410
v -42.354610 -34.684361 -9.075225
v -44.446430 -32.696030 -5.702705
v -49.253368 -35.284943 -9.826998
v -46.441921 -36.619263 -12.466261
v -42.354610 -34.684361 -9.075225
v -46.441921 -36.619263 -12.466261
v -44.628010 -38.619705 -15.868307
v -40.208172 -37.159702 -13.287453
v -42.354610 -34.684361 -9.075225
v -40.208172 -37.159702 -13.287453
v -35.189121 -36.093456 -11.366311
v -36.641350 -33.374336 -6.750527
v -40.208172 -37.159702 -13.287453
v -44.628010 -38.619705 -15.868307
v -43.103710 -40.738972 -19.464819
v -39.054081 -39.443085 -17.166452
v -40.208172 -37.159702 -13.287453
v -39.054081 -39.443085 -17.166452
v -34.383320 -38.759506 -15.908072
v -35.189121 -36.093456 -11.366311
v -44.446430 -32.696030 -5.702705
v -45.417992 -31.732609 -4.101231
v -51.989979 -33.778450 -7.473489
v -49.253368 -35.284943 -9.826998
v -51.989979 -33.778450 -7.473489
v -45.417992 -31.732609 -4.101231
v -45.953690 -31.152405 -3.143174
v -52.747398 -33.175907 -6.695781
v -51.989979 -33.778450 -7.473489
v -52.747398 -33.175907 -6.695781
v -58.148140 -36.622780 -12.286407
v -56.770451 -37.118786 -12.864845
v -51.989979 -33.778450 -7.473489
v -56.770451 -37.118786 -12.864845
v -54.066490 -37.680317 -14.062641
v -49.253368 -35.284943 -9.826998
v -56.770451 -37.118786 -12.864845
v -58.148140 -36.622780 -12.286407
v -59.874039 -40.879822 -19.588352
v -58.209839 -40.870163 -19.703194
v -56.770451 -37.118786 -12.864845
v -58.209839 -40.870163 -19.703194
v -53.516232 -40.773033 -19.207611
v -54.066490 -37.680317 -14.062641
v -58.209839 -40.870163 -19.703194
v -56.540211 -44.976528 -26.563747
v -52.885571 -44.036110 -24.956120
v -53.516232 -40.773033 -19.207611
v -58.209839 -40.870163 -19.703194
v -59.874039 -40.879822 -19.588352
v -58.485771 -45.371342 -27.287132
v -56.540211 -44.976528 -26.563747
v -58.485771 -45.371342 -27.287132
v -53.998341 -48.806236 -32.961868
v -52.037182 -47.971649 -31.703714
v -56.540211 -44.976528 -26.563747
v -58.485771 -45.371342 -27.287132
v -59.874039 -40.879822 -19.588352
v -61.244621 -40.772514 -19.541702
v -59.966709 -45.541985 -27.796061
v -58.485771 -45.371342 -27.287132
v -59.966709 -45.541985 -27.796061
v -55.522240 -49.442753 -33.972252
v -53.998341 -48.806236 -32.961868
v -55.522240 -49.442753 -33.972252
v -48.421680 -52.192360 -38.397877
v -47.222519 -51.488132 -37.195206
v -53.998341 -48.806236 -32.961868
v -55.522240 -49.442753 -33.972252
v -59.966709 -45.541985 -27.796061
v -59.515511 -45.234009 -27.236496
v -55.218788 -49.342445 -33.672508
v -55.522240 -49.442753 -33.972252
v -55.218788 -49.342445 -33.672508
v -49.533089 -52.733360 -39.436470
v -48.421680 -52.192360 -38.397877
v -55.218788 -49.342445 -33.672508
v -59.515511 -45.234009 -27.236496
v -58.917320 -44.942657 -27.063599
v -54.898041 -48.951748 -33.369904
v -55.218788 -49.342445 -33.672508
v -54.898041 -48.951748 -33.369904
v -49.020741 -52.227913 -38.702465
v -49.533089 -52.733360 -39.436470
v -54.898041 -48.951748 -33.369904
v -58.917320 -44.942657 -27.063599
v -59.197079 -45.028954 -27.185320
v -55.052109 -48.861294 -33.198441
v -54.898041 -48.951748 -33.369904
v -55.052109 -48.861294 -33.198441
v -48.078892 -51.487614 -37.434898
v -49.020741 -52.227913 -38.702465
v -55.052109 -48.861294 -33.198441
v -59.197079 -45.028954 -27.185320
v -57.635422 -44.696484 -26.358133
v -53.545792 -48.096924 -31.963858
v -55.052109 -48.861294 -33.198441
v -53.545792 -48.096924 -31.963858
v -47.008770 -50.573364 -35.876194
v -48.078892 -51.487614 -37.434898
v -53.545792 -48.096924 -31.963858
v -57.635422 -44.696484 -26.358133
v -55.077881 -43.965958 -25.081051
v -51.301041 -46.935486 -30.126759
v -53.545792 -48.096924 -31.963858
v -51.301041 -46.935486 -30.126759
v -45.321442 -49.052742 -33.331997
v -47.008770 -50.573364 -35.876194
v -45.321442 -49.052742 -33.331997
v -39.275211 -50.195339 -35.220757
v -40.446190 -52.133335 -38.439449
v -47.008770 -50.573364 -35.876194
v -45.321442 -49.052742 -33.331997
v -51.301041 -46.935486 -30.126759
v -47.166908 -44.815838 -26.503654
v -42.642429 -46.438854 -29.136570
v -45.321442 -49.052742 -33.331997
v -42.642429 -46.438854 -29.136570
v -37.234909 -47.238823 -30.445204
v -39.275211 -50.195339 -35.220757
v -51.301041 -46.935486 -30.126759
v -55.077881 -43.965958 -25.081051
v -50.286308 -42.570671 -22.763380
v -47.166908 -44.815838 -26.503654
v -55.077881 -43.965958 -25.081051
v -57.635422 -44.696484 -26.358133
v -58.604839 -40.462215 -19.296997
v -55.958271 -40.428162 -19.026817
v -55.077881 -43.965958 -25.081051
v -55.958271 -40.428162 -19.026817
v -50.467331 -40.056900 -18.475914
v -50.286308 -42.570671 -22.763380
v -58.604839 -40.462215 -19.296997
v -57.635422 -44.696484 -26.358133
v -59.197079 -45.028954 -27.185320
v -60.142811 -40.600044 -19.340694
v -58.604839 -40.462215 -19.296997
v -60.142811 -40.600044 -19.340694
v -58.190239 -36.339012 -12.119771
v -56.844479 -36.778519 -12.583622
v -58.604839 -40.462215 -19.296997
v -56.844479 -36.778519 -12.583622
v -53.090080 -37.518291 -14.199333
v -55.958271 -40.428162 -19.026817
v -56.844479 -36.778519 -12.583622
v -51.797531 -33.610947 -7.427041
v -48.833080 -35.470249 -10.285087
v -53.090080 -37.518291 -14.199333
v -56.844479 -36.778519 -12.583622
v -58.190239 -36.339012 -12.119771
v -52.588589 -33.043575 -6.724984
v -51.797531 -33.610947 -7.427041
v -52.588589 -33.043575 -6.724984
v -45.573330 -31.317513 -3.666987
v -44.912571 -31.958986 -4.726632
v -51.797531 -33.610947 -7.427041
v -52.588589 -33.043575 -6.724984
v -58.190239 -36.339012 -12.119771
v -59.312950 -35.996693 -11.718863
v -53.261810 -32.608818 -6.021361
v -52.588589 -33.043575 -6.724984
v -53.261810 -32.608818 -6.021361
v -46.093140 -30.780378 -2.757334
v -45.573330 -31.317513 -3.666987
v -46.093140 -30.780378 -2.757334
v -38.870602 -29.616272 -0.613905
v -38.495720 -30.202152 -1.617554
v -45.573330 -31.317513 -3.666987
v -46.093140 -30.780378 -2.757334
v -53.261810 -32.608818 -6.021361
v -53.925152 -32.241882 -5.310411
v -46.553841 -30.297262 -1.898530
v -46.093140 -30.780378 -2.757334
v -46.553841 -30.297262 -1.898530
v -39.198780 -29.113794 0.277841
v -38.870602 -29.616272 -0.613905
v -39.198780 -29.113794 0.277841
v -31.979931 -28.253876 1.882202
v -31.729469 -28.778589 0.961202
v -38.870602 -29.616272 -0.613905
v -39.198780 -29.113794 0.277841
v -46.553841 -30.297262 -1.898530
v -46.363140 -30.638550 -2.296318
v -39.132210 -29.316483 0.104923
v -39.198780 -29.113794 0.277841
v -39.132210 -29.316483 0.104923
v -31.965780 -28.349958 1.882964
v -31.979931 -28.253876 1.882202
v -31.965780 -28.349958 1.882964
v -24.249640 -28.064829 2.640386
v -24.288549 -27.943016 2.545702
v -31.979931 -28.253876 1.882202
v -31.965780 -28.349958 1.882964
v -39.132210 -29.316483 0.104923
v -38.822880 -29.853264 -0.787695
v -31.707050 -28.900898 0.981421
v -31.965780 -28.349958 1.882964
v -31.707050 -28.900898 0.981421
v -24.388750 -28.233564 2.265586
v -24.249640 -28.064829 2.640386
v -24.249640 -28.064829 2.640386
v -16.337629 -28.144262 2.627022
v -16.406679 -27.952984 2.640952
v -24.288549 -27.943016 2.545702
v -24.249640 -28.064829 2.640386
v -24.388750 -28.233564 2.265586
v -16.384319 -28.380480 2.191782
v -16.337629 -28.144262 2.627022
v -39.132210 -29.316483 0.104923
v -46.363140 -30.638550 -2.296318
v -45.953690 -31.152405 -3.143174
v -38.822880 -29.853264 -0.787695
v -46.363140 -30.638550 -2.296318
v -46.553841 -30.297262 -1.898530
v -53.925152 -32.241882 -5.310411
v -53.368328 -32.714752 -5.963076
v -46.363140 -30.638550 -2.296318
v -53.368328 -32.714752 -5.963076
v -52.747398 -33.175907 -6.695781
v -45.953690 -31.152405 -3.143174
v -53.368328 -32.714752 -5.963076
v -53.925152 -32.241882 -5.310411
v -60.209961 -35.948357 -11.235916
v -59.250629 -36.195133 -11.803281
v -53.368328 -32.714752 -5.963076
v -59.250629 -36.195133 -11.803281
v -58.148140 -36.622780 -12.286407
v -52.747398 -33.175907 -6.695781
v -59.250629 -36.195133 -11.803281
v -60.209961 -35.948357 -11.235916
v -62.524311 -40.656803 -19.592552
v -61.244621 -40.772514 -19.541702
v -59.250629 -36.195133 -11.803281
v -61.244621 -40.772514 -19.541702
v -59.874039 -40.879822 -19.588352
v -58.148140 -36.622780 -12.286407
v -62.524311 -40.656803 -19.592552
v -59.515511 -45.234009 -27.236496
v -59.966709 -45.541985 -27.796061
v -61.244621 -40.772514 -19.541702
v -62.524311 -40.656803 -19.592552
v -60.209961 -35.948357 -11.235916
v -59.312950 -35.996693 -11.718863
v -60.435329 -40.711117 -19.366350
v -62.524311 -40.656803 -19.592552
v -60.435329 -40.711117 -19.366350
v -58.917320 -44.942657 -27.063599
v -59.515511 -45.234009 -27.236496
v -60.435329 -40.711117 -19.366350
v -59.312950 -35.996693 -11.718863
v -58.190239 -36.339012 -12.119771
v -60.142811 -40.600044 -19.340694
v -60.435329 -40.711117 -19.366350
v -60.142811 -40.600044 -19.340694
v -59.197079 -45.028954 -27.185320
v -58.917320 -44.942657 -27.063599
v -60.209961 -35.948357 -11.235916
v -53.925152 -32.241882 -5.310411
v -53.261810 -32.608818 -6.021361
v -59.312950 -35.996693 -11.718863
v -31.729469 -28.778589 0.961202
v -24.473440 -28.185352 2.123076
v -24.273560 -28.888784 0.912893
v -31.448151 -29.383694 -0.074820
v -31.729469 -28.778589 0.961202
v -31.448151 -29.383694 -0.074820
v -38.495720 -30.202152 -1.617554
v -38.870602 -29.616272 -0.613905
v -31.729469 -28.778589 0.961202
v -31.979931 -28.253876 1.882202
v -24.288549 -27.943016 2.545702
v -24.473440 -28.185352 2.123076
v -38.495720 -30.202152 -1.617554
v -31.448151 -29.383694 -0.074820
v -31.071091 -30.214191 -1.492869
v -37.997871 -30.973240 -2.932090
v -38.495720 -30.202152 -1.617554
v -37.997871 -30.973240 -2.932090
v -44.912571 -31.958986 -4.726632
v -45.573330 -31.317513 -3.666987
v -37.997871 -30.973240 -2.932090
v -31.071091 -30.214191 -1.492869
v -30.229839 -32.133007 -4.757210
v -36.924160 -32.616379 -5.719099
v -37.997871 -30.973240 -2.932090
v -36.924160 -32.616379 -5.719099
v -43.518940 -33.324646 -7.016146
v -44.912571 -31.958986 -4.726632
v -43.518940 -33.324646 -7.016146
v -36.924160 -32.616379 -5.719099
v -35.283321 -35.374512 -10.399722
v -41.225319 -35.912167 -11.435055
v -43.518940 -33.324646 -7.016146
v -41.225319 -35.912167 -11.435055
v -46.468681 -37.034245 -13.440206
v -48.833080 -35.470249 -10.285087
v -43.518940 -33.324646 -7.016146
v -48.833080 -35.470249 -10.285087
v -51.797531 -33.610947 -7.427041
v -44.912571 -31.958986 -4.726632
v -41.225319 -35.912167 -11.435055
v -35.283321 -35.374512 -10.399722
v -34.079201 -38.238468 -15.268745
v -39.765530 -38.608028 -16.016148
v -41.225319 -35.912167 -11.435055
v -39.765530 -38.608028 -16.016148
v -45.262772 -39.198177 -17.127144
v -46.468681 -37.034245 -13.440206
v -39.765530 -38.608028 -16.016148
v -34.079201 -38.238468 -15.268745
v -33.651958 -41.055218 -20.074762
v -39.362301 -41.126183 -20.308153
v -39.765530 -38.608028 -16.016148
v -39.362301 -41.126183 -20.308153
v -44.827042 -41.506199 -21.055746
v -45.262772 -39.198177 -17.127144
v -33.651958 -41.055218 -20.074762
v -28.051689 -40.975754 -19.821133
v -29.877850 -44.408531 -25.668781
v -35.165199 -44.081841 -25.249729
v -33.651958 -41.055218 -20.074762
v -35.165199 -44.081841 -25.249729
v -40.339420 -43.691277 -24.673998
v -39.362301 -41.126183 -20.308153
v -33.651958 -41.055218 -20.074762
v -34.079201 -38.238468 -15.268745
v -28.036270 -37.928986 -14.617176
v -28.051689 -40.975754 -19.821133
v -34.079201 -38.238468 -15.268745
v -35.283321 -35.374512 -10.399722
v -29.029140 -35.039570 -9.702843
v -28.036270 -37.928986 -14.617176
v -35.283321 -35.374512 -10.399722
v -36.924160 -32.616379 -5.719099
v -30.229839 -32.133007 -4.757210
v -29.029140 -35.039570 -9.702843
v -52.037182 -47.971649 -31.703714
v -45.754879 -50.511944 -35.573627
v -43.268780 -48.684395 -32.671276
v -48.807121 -46.671631 -29.271441
v -52.037182 -47.971649 -31.703714
v -48.807121 -46.671631 -29.271441
v -52.885571 -44.036110 -24.956120
v -56.540211 -44.976528 -26.563747
v -52.037182 -47.971649 -31.703714
v -53.998341 -48.806236 -32.961868
v -47.222519 -51.488132 -37.195206
v -45.754879 -50.511944 -35.573627
v -48.807121 -46.671631 -29.271441
v -43.268780 -48.684395 -32.671276
v -39.926201 -46.163452 -28.593191
v -44.720390 -44.591373 -26.007782
v -48.807121 -46.671631 -29.271441
v -44.720390 -44.591373 -26.007782
v -47.744450 -42.434814 -22.294252
v -52.885571 -44.036110 -24.956120
v -47.744450 -42.434814 -22.294252
v -44.720390 -44.591373 -26.007782
v -40.797890 -42.533138 -22.481464
v -43.103710 -40.738972 -19.464819
v -47.744450 -42.434814 -22.294252
v -43.103710 -40.738972 -19.464819
v -44.628010 -38.619705 -15.868307
v -48.858002 -39.969303 -18.181477
v -47.744450 -42.434814 -22.294252
v -48.858002 -39.969303 -18.181477
v -53.516232 -40.773033 -19.207611
v -52.885571 -44.036110 -24.956120
v -44.720390 -44.591373 -26.007782
v -39.926201 -46.163452 -28.593191
v -36.828571 -43.716835 -24.422050
v -40.797890 -42.533138 -22.481464
v -39.926201 -46.163452 -28.593191
v -34.393040 -47.153084 -29.976437
v -31.712790 -44.342766 -25.347301
v -36.828571 -43.716835 -24.422050
v -39.926201 -46.163452 -28.593191
v -43.268780 -48.684395 -32.671276
v -37.265701 -50.031963 -34.592663
v -34.393040 -47.153084 -29.976437
v -43.268780 -48.684395 -32.671276
v -45.754879 -50.511944 -35.573627
v -39.206551 -52.099327 -38.049950
v -37.265701 -50.031963 -34.592663
v -45.953690 -31.152405 -3.143174
v -45.417992 -31.732609 -4.101231
v -38.467072 -30.456182 -1.804096
v -38.822880 -29.853264 -0.787695
v -28.036270 -37.928986 -14.617176
v -21.480030 -37.877518 -14.388088
v -22.790239 -41.331825 -20.298386
v -28.051689 -40.975754 -19.821133
v -35.165199 -44.081841 -25.249729
v -37.234909 -47.238823 -30.445204
v -42.642429 -46.438854 -29.136570
v -40.339420 -43.691277 -24.673998
v -31.712790 -44.342766 -25.347301
v -29.813841 -41.461166 -20.430565
v -34.874290 -41.263481 -20.197163
v -36.828571 -43.716835 -24.422050
v -16.322380 -29.477089 0.320148
v -17.188761 -32.074257 -4.132998
v -11.644570 -32.979042 -5.481484
v -8.600650 -29.871704 -0.016481
v -10.922850 -47.145786 -28.092901
v -15.365820 -46.283257 -27.495205
v -17.676180 -49.827930 -32.690830
v -12.598800 -50.356846 -32.891884
v -10.922850 -47.145786 -28.092901
v -12.598800 -50.356846 -32.891884
v -10.086180 -50.695271 -33.071110
v -8.469500 -47.657272 -28.498642
v -10.086180 -50.695271 -33.071110
v -12.598800 -50.356846 -32.891884
v -13.405910 -53.679626 -37.052620
v -11.566360 -53.970703 -37.212929
v -10.086180 -50.695271 -33.071110
v -11.566360 -53.970703 -37.212929
v -10.285660 -54.148422 -37.397854
v -8.317780 -50.984264 -33.250584
v -10.086180 -50.695271 -33.071110
v -8.317780 -50.984264 -33.250584
v -6.688200 -48.101990 -28.919497
v -8.469500 -47.657272 -28.498642
v -10.285660 -54.148422 -37.397854
v -11.566360 -53.970703 -37.212929
v -13.155870 -57.236282 -41.303501
v -12.615830 -57.277603 -41.393204
v -10.285660 -54.148422 -37.397854
v -12.615830 -57.277603 -41.393204
v -14.015870 -57.054382 -41.361240
v -10.882670 -54.164516 -37.353138
v -10.285660 -54.148422 -37.397854
v -10.882670 -54.164516 -37.353138
v -7.971830 -51.284637 -33.097591
v -8.317780 -50.984264 -33.250584
v -10.882670 -54.164516 -37.353138
v -14.015870 -57.054382 -41.361240
v -15.981810 -56.667992 -41.130241
v -13.013000 -53.754993 -37.291473
v -10.882670 -54.164516 -37.353138
v -13.013000 -53.754993 -37.291473
v -9.598890 -50.884644 -33.157326
v -7.971830 -51.284637 -33.097591
v -13.013000 -53.754993 -37.291473
v -15.981810 -56.667992 -41.130241
v -18.568520 -56.489075 -41.183380
v -15.809310 -53.446651 -37.206570
v -13.013000 -53.754993 -37.291473
v -15.809310 -53.446651 -37.206570
v -11.893770 -50.433575 -33.093464
v -9.598890 -50.884644 -33.157326
v -15.981810 -56.667992 -41.130241
v -14.015870 -57.054382 -41.361240
v -15.846650 -59.610676 -44.728542
v -17.381290 -59.119129 -44.377125
v -15.981810 -56.667992 -41.130241
v -17.381290 -59.119129 -44.377125
v -19.106020 -58.667076 -44.294140
v -18.568520 -56.489075 -41.183380
v -17.381290 -59.119129 -44.377125
v -15.846650 -59.610676 -44.728542
v -17.257389 -61.821255 -47.669075
v -18.697149 -61.334793 -47.381908
v -17.381290 -59.119129 -44.377125
v -18.697149 -61.334793 -47.381908
v -20.017111 -60.659500 -47.030834
v -19.106020 -58.667076 -44.294140
v -18.697149 -61.334793 -47.381908
v -17.257389 -61.821255 -47.669075
v -17.922251 -63.503273 -49.847893
v -19.383570 -63.278130 -49.991001
v -18.697149 -61.334793 -47.381908
v -19.383570 -63.278130 -49.991001
v -20.500959 -62.809425 -49.903831
v -20.017111 -60.659500 -47.030834
v -20.500959 -62.809425 -49.903831
v -19.383570 -63.278130 -49.991001
v -19.314840 -64.699539 -51.801022
v -20.676140 -64.794586 -52.403824
v -20.500959 -62.809425 -49.903831
v -20.676140 -64.794586 -52.403824
v -20.869619 -64.163048 -52.248070
v -21.390671 -61.864510 -50.421795
v -20.500959 -62.809425 -49.903831
v -21.390671 -61.864510 -50.421795
v -21.407310 -59.709568 -46.782898
v -20.017111 -60.659500 -47.030834
v -21.390671 -61.864510 -50.421795
v -20.869619 -64.163048 -52.248070
v -20.776270 -64.075485 -52.109344
v -21.435511 -62.500668 -49.731976
v -21.390671 -61.864510 -50.421795
v -21.435511 -62.500668 -49.731976
v -21.874760 -59.958046 -47.181164
v -21.407310 -59.709568 -46.782898
v -21.435511 -62.500668 -49.731976
v -20.776270 -64.075485 -52.109344
v -20.040489 -64.477234 -51.621437
v -20.517160 -62.839264 -49.656841
v -21.435511 -62.500668 -49.731976
v -20.517160 -62.839264 -49.656841
v -20.990330 -59.943390 -46.662334
v -21.874760 -59.958046 -47.181164
v -20.517160 -62.839264 -49.656841
v -20.040489 -64.477234 -51.621437
v -18.483749 -64.373314 -50.854519
v -18.787189 -62.779045 -48.956856
v -20.517160 -62.839264 -49.656841
v -18.787189 -62.779045 -48.956856
v -19.208790 -59.987892 -45.726364
v -20.990330 -59.943390 -46.662334
v -18.787189 -62.779045 -48.956856
v -18.483749 -64.373314 -50.854519
v -16.872740 -64.327484 -50.503620
v -16.666201 -62.668377 -48.429649
v -18.787189 -62.779045 -48.956856
v -16.666201 -62.668377 -48.429649
v -16.374020 -60.030479 -45.135101
v -19.208790 -59.987892 -45.726364
v -16.666201 -62.668377 -48.429649
v -16.872740 -64.327484 -50.503620
v -15.967480 -64.053421 -50.050430
v -15.570810 -62.360718 -47.925903
v -16.666201 -62.668377 -48.429649
v -15.570810 -62.360718 -47.925903
v -14.852060 -60.148258 -45.106049
v -16.374020 -60.030479 -45.135101
v -14.852060 -60.148258 -45.106049
v -15.570810 -62.360718 -47.925903
v -15.239340 -62.170799 -47.819046
v -14.359980 -59.978016 -44.836456
v -14.852060 -60.148258 -45.106049
v -14.359980 -59.978016 -44.836456
v -13.155870 -57.236282 -41.303501
v -14.586660 -57.032230 -41.212627
v -14.852060 -60.148258 -45.106049
v -14.586660 -57.032230 -41.212627
v -17.558729 -56.988098 -41.534634
v -16.374020 -60.030479 -45.135101
v -14.359980 -59.978016 -44.836456
v -15.239340 -62.170799 -47.819046
v -15.871750 -62.241947 -47.990864
v -14.513740 -59.950657 -45.002369
v -14.359980 -59.978016 -44.836456
v -14.513740 -59.950657 -45.002369
v -12.615830 -57.277603 -41.393204
v -13.155870 -57.236282 -41.303501
v -14.513740 -59.950657 -45.002369
v -15.871750 -62.241947 -47.990864
v -17.257389 -61.821255 -47.669075
v -15.846650 -59.610676 -44.728542
v -14.513740 -59.950657 -45.002369
v -15.846650 -59.610676 -44.728542
v -14.015870 -57.054382 -41.361240
v -12.615830 -57.277603 -41.393204
v -15.871750 -62.241947 -47.990864
v -15.239340 -62.170799 -47.819046
v -15.818620 -63.837849 -49.939720
v -16.543060 -63.786812 -49.978382
v -15.871750 -62.241947 -47.990864
v -16.543060 -63.786812 -49.978382
v -17.922251 -63.503273 -49.847893
v -17.257389 -61.821255 -47.669075
v -16.543060 -63.786812 -49.978382
v -15.818620 -63.837849 -49.939720
v -16.180519 -65.022896 -51.441135
v -16.829180 -64.893623 -51.383522
v -16.543060 -63.786812 -49.978382
v -16.829180 -64.893623 -51.383522
v -18.047480 -64.750458 -51.415600
v -17.922251 -63.503273 -49.847893
v -15.818620 -63.837849 -49.939720
v -15.967480 -64.053421 -50.050430
v -16.221460 -65.212219 -51.499344
v -16.180519 -65.022896 -51.441135
v -15.818620 -63.837849 -49.939720
v -15.239340 -62.170799 -47.819046
v -15.570810 -62.360718 -47.925903
v -15.967480 -64.053421 -50.050430
v -15.967480 -64.053421 -50.050430
v -16.872740 -64.327484 -50.503620
v -16.927731 -65.256790 -51.661446
v -16.221460 -65.212219 -51.499344
v -16.872740 -64.327484 -50.503620
v -18.483749 -64.373314 -50.854519
v -18.057159 -65.402863 -52.069504
v -16.927731 -65.256790 -51.661446
v -18.483749 -64.373314 -50.854519
v -20.040489 -64.477234 -51.621437
v -19.198521 -65.573486 -52.657188
v -18.057159 -65.402863 -52.069504
v -19.198521 -65.573486 -52.657188
v -19.912319 -65.664162 -53.002464
v -19.100691 -66.393570 -53.721237
v -18.327080 -66.376358 -53.452156
v -19.198521 -65.573486 -52.657188
v -18.327080 -66.376358 -53.452156
v -17.482969 -66.161232 -52.933205
v -18.057159 -65.402863 -52.069504
v -19.198521 -65.573486 -52.657188
v -20.040489 -64.477234 -51.621437
v -20.776270 -64.075485 -52.109344
v -19.912319 -65.664162 -53.002464
v -18.327080 -66.376358 -53.452156
v -19.100691 -66.393570 -53.721237
v -18.574381 -66.811707 -54.014664
v -17.645010 -67.049103 -54.259087
v -18.327080 -66.376358 -53.452156
v -17.645010 -67.049103 -54.259087
v -16.749540 -66.854424 -53.747726
v -17.482969 -66.161232 -52.933205
v -17.645010 -67.049103 -54.259087
v -18.574381 -66.811707 -54.014664
v -18.939270 -66.418800 -53.895260
v -18.003620 -66.521561 -53.755939
v -17.645010 -67.049103 -54.259087
v -18.003620 -66.521561 -53.755939
v -17.066071 -66.448532 -53.408592
v -16.749540 -66.854424 -53.747726
v -18.003620 -66.521561 -53.755939
v -18.939270 -66.418800 -53.895260
v -19.754450 -65.882309 -53.458027
v -18.717270 -65.742767 -52.911602
v -18.003620 -66.521561 -53.755939
v -18.717270 -65.742767 -52.911602
v -17.699051 -65.643753 -52.493412
v -17.066071 -66.448532 -53.408592
v -18.717270 -65.742767 -52.911602
v -19.754450 -65.882309 -53.458027
v -20.676140 -64.794586 -52.403824
v -19.314840 -64.699539 -51.801022
v -18.717270 -65.742767 -52.911602
v -19.314840 -64.699539 -51.801022
v -18.047480 -64.750458 -51.415600
v -17.699051 -65.643753 -52.493412
v -20.066830 -65.482460 -53.425499
v -19.404680 -66.126129 -53.966892
v -19.100691 -66.393570 -53.721237
v -19.912319 -65.664162 -53.002464
v -20.066830 -65.482460 -53.425499
v -19.912319 -65.664162 -53.002464
v -20.776270 -64.075485 -52.109344
v -20.869619 -64.163048 -52.248070
v -19.314840 -64.699539 -51.801022
v -19.383570 -63.278130 -49.991001
v -17.922251 -63.503273 -49.847893
v -18.047480 -64.750458 -51.415600
v -13.155870 -57.236282 -41.303501
v -11.566360 -53.970703 -37.212929
v -13.405910 -53.679626 -37.052620
v -14.586660 -57.032230 -41.212627
v -5.329900 -39.796768 -15.316197
v -4.850510 -39.652733 -15.273223
v -3.494530 -35.117096 -8.630708
v -4.093520 -34.937138 -8.080405
v -26.719540 -53.475632 -39.444878
v -22.433380 -54.933731 -40.540291
v -19.253241 -53.436317 -37.441597
v -24.635050 -51.574825 -35.955124
v -20.990330 -59.943390 -46.662334
v -21.886709 -57.369541 -44.434113
v -22.894489 -57.660809 -45.280346
v -21.874760 -59.958046 -47.181164
v -16.749540 -66.854424 -53.747726
v -17.066071 -66.448532 -53.408592
v -16.534630 -65.839752 -52.509224
v -16.458851 -66.070389 -52.596935
v -16.221460 -65.212219 -51.499344
v -16.458851 -66.070389 -52.596935
v -16.534630 -65.839752 -52.509224
v -16.180519 -65.022896 -51.441135
v -50.467331 -40.056900 -18.475914
v -45.262772 -39.198177 -17.127144
v -44.827042 -41.506199 -21.055746
v -50.286308 -42.570671 -22.763380
v -1.202140 -28.946291 2.005427
v -2.054290 -29.178061 1.577153
v -1.650850 -32.444710 -3.506982
v -0.340500 -32.907707 -4.132185
v -1.197540 -29.018402 1.650599
v -0.324300 -32.834091 -4.148229
v -1.536830 -32.644897 -4.042130
v -2.401690 -30.153913 -0.188455
v -18.574381 -66.811707 -54.014664
v -19.100691 -66.393570 -53.721237
v -19.404680 -66.126129 -53.966892
v -18.939270 -66.418800 -53.895260
v -0.340500 -32.907707 -4.132185
v -0.324300 -32.834091 -4.148229
v -1.197540 -29.018402 1.650599
v -1.202140 -28.946291 2.005427
v -19.754450 -65.882309 -53.458027
v -18.939270 -66.418800 -53.895260
v -19.404680 -66.126129 -53.966892
v -20.066830 -65.482460 -53.425499
v -19.754450 -65.882309 -53.458027
v -20.066830 -65.482460 -53.425499
v -20.869619 -64.163048 -52.248070
v -20.676140 -64.794586 -52.403824
vn -0.1145 0.9667 -0.2287
vn -0.1145 0.9668 -0.2287
vn -0.1145 0.9668 -0.2286
vn 0.1829 -0.9591 0.2162
vn 0.1829 -0.9590 0.2163
vn -0.4074 0.8358 -0.3681
vn -0.4073 0.8358 -0.3681
vn -0.0945 -0.7455 0.6598
vn -0.0946 -0.7455 0.6598
vn -0.9998 0.0062 -0.0176
vn -0.9998 0.0063 -0.0176
vn -0.0979 -0.8793 0.4661
vn -0.1393 -0.8276 0.5437
vn -0.1394 -0.8277 0.5437
vn -0.1394 -0.8276 0.5437
vn -0.1395 -0.8407 0.5233
vn -0.1394 -0.8407 0.5232
vn -0.1140 -0.8711 0.4776
vn -0.1140 -0.8712 0.4776
vn -0.1161 -0.8603 0.4963
vn -0.1161 -0.8604 0.4963
vn 0.0709 -0.9129 0.4019
vn 0.0709 -0.9129 0.4020
vn 0.0617 0.8023 -0.5938
vn 0.0617 0.8023 -0.5937
vn 0.0618 0.8024 -0.5936
vn 0.0194 0.8307 -0.5564
vn 0.0194 0.8307 -0.5563
vn 0.0359 0.8381 -0.5444
vn 0.0358 0.8381 -0.5444
vn 0.0751 0.8568 -0.5101
vn 0.0751 0.8569 -0.5101
vn 0.1309 0.8398 -0.5269
vn 0.1263 0.8280 -0.5463
vn 0.1264 0.8280 -0.5463
vn 0.1059 0.8770 -0.4687
vn 0.1060 0.8770 -0.4687
vn 0.1275 0.8671 -0.4816
vn -0.0226 -0.8384 0.5447
vn -0.0228 -0.8383 0.5447
vn -0.0230 -0.8383 0.5447
vn -0.0229 -0.8383 0.5447
vn -0.0285 -0.8314 0.5550
vn -0.0575 -0.8055 0.5898
vn -0.0575 -0.8055 0.5897
vn 0.0397 0.8710 -0.4896
vn 0.0396 0.8710 -0.4896
vn 0.0396 0.8711 -0.4896
vn 0.0464 0.8719 -0.4875
vn 0.0464 0.8719 -0.4874
vn 0.0354 0.8761 -0.4809
vn 0.0354 0.8760 -0.4810
vn 0.0352 0.8760 -0.4810
vn -0.0308 -0.8715 0.4894
vn -0.0307 -0.8715 0.4894
vn -0.0228 -0.8782 0.4778
vn -0.0230 -0.8783 0.4776
vn -0.0231 -0.8784 0.4774
vn -0.0230 -0.8783 0.4775
vn -0.0337 -0.8749 0.4832
vn -0.0337 -0.8748 0.4832
vn -0.0338 -0.8746 0.4836
vn -0.0462 -0.8734 0.4848
vn -0.0462 -0.8733 0.4849
vn -0.0462 -0.8734 0.4847
vn -0.0304 -0.8780 0.4778
vn -0.0307 -0.8780 0.4776
vn -0.0308 -0.8781 0.4776
vn -0.0306 -0.8780 0.4776
vn -0.0423 -0.8702 0.4909
vn -0.0420 -0.8702 0.4909
vn -0.0501 -0.8661 0.4974
vn -0.0371 -0.8681 0.4950
vn -0.0371 -0.8681 0.4951
vn -0.0371 -0.8681 0.4949
vn -0.0420 -0.8596 0.5092
vn -0.0424 -0.8596 0.5092
vn -0.0427 -0.8595 0.5093
vn -0.0614 -0.8312 0.5527
vn -0.0614 -0.8312 0.5526
vn -0.0308 -0.8489 0.5277
vn -0.0308 -0.8489 0.5276
vn -0.0309 -0.8490 0.5275
vn -0.0523 -0.8138 0.5788
vn -0.0526 -0.8137 0.5789
vn -0.0309 -0.8192 0.5727
vn -0.0508 -0.8007 0.5969
vn -0.0507 -0.8007 0.5970
vn -0.0507 -0.8007 0.5969
vn -0.0333 -0.8166 0.5763
vn -0.0334 -0.8165 0.5764
vn -0.0333 -0.8165 0.5763
vn -0.0232 -0.8357 0.5487
vn -0.0661 -0.8086 0.5846
vn -0.0661 -0.8086 0.5847
vn -0.0595 -0.8320 0.5516
vn -0.0532 -0.8523 0.5204
vn -0.0530 -0.8523 0.5204
vn -0.0397 -0.8296 0.5570
vn -0.0396 -0.8296 0.5570
vn -0.0398 -0.8296 0.5569
vn -0.0397 -0.8296 0.5569
vn -0.0558 -0.8437 0.5338
vn -0.0558 -0.8438 0.5338
vn -0.0048 -0.8606 0.5092
vn -0.0391 -0.8828 0.4682
vn -0.0885 -0.8711 0.4831
vn 0.0235 0.5401 -0.8413
vn 0.0235 0.5400 -0.8413
vn -0.0449 -0.8855 0.4625
vn -0.0419 0.7228 -0.6898
vn -0.0418 0.7228 -0.6898
vn -0.0798 0.8176 -0.5702
vn -0.0019 0.8619 -0.5071
vn 0.0663 0.8448 -0.5310
vn 0.0662 0.8447 -0.5310
vn 0.0662 0.8447 -0.5311
vn 0.0521 0.8502 -0.5238
vn 0.0521 0.8502 -0.5239
vn 0.0410 0.8767 -0.4793
vn 0.0610 0.8395 -0.5400
vn 0.0611 0.8395 -0.5400
vn 0.0076 0.8614 -0.5078
vn 0.0029 0.8553 -0.5181
vn 0.0029 0.8553 -0.5182
vn 0.0398 0.8278 -0.5596
vn 0.0398 0.8278 -0.5595
vn 0.0027 0.8512 -0.5249
vn 0.0027 0.8512 -0.5248
vn 0.0032 0.8281 -0.5606
vn 0.0239 0.8317 -0.5548
vn 0.0240 0.8317 -0.5548
vn 0.0240 0.8316 -0.5548
vn 0.0149 0.8382 -0.5451
vn 0.0149 0.8382 -0.5452
vn -0.0270 0.8779 -0.4781
vn -0.0270 0.8778 -0.4782
vn -0.0271 0.8777 -0.4784
vn -0.0165 0.8753 -0.4832
vn -0.0166 0.8753 -0.4832
vn 0.0004 0.8727 -0.4883
vn 0.0004 0.8728 -0.4882
vn -0.0179 0.8620 -0.5065
vn -0.0180 0.8620 -0.5066
vn 0.0063 0.8685 -0.4957
vn 0.0223 0.8759 -0.4820
vn 0.0222 0.8758 -0.4822
vn 0.0082 0.8805 -0.4740
vn 0.0083 0.8805 -0.4739
vn 0.0083 0.8806 -0.4739
vn 0.0250 0.8822 -0.4702
vn 0.0279 0.8819 -0.4706
vn 0.0281 0.8820 -0.4704
vn 0.0280 0.8820 -0.4705
vn 0.0258 0.8917 -0.4520
vn 0.0257 0.8916 -0.4520
vn 0.0258 0.8916 -0.4520
vn 0.0328 0.8916 -0.4515
vn 0.0326 0.8918 -0.4512
vn 0.0324 0.8920 -0.4508
vn 0.0384 0.8904 -0.4536
vn 0.0385 0.8904 -0.4535
vn 0.0367 0.9030 -0.4280
vn 0.0369 0.9031 -0.4278
vn 0.0369 0.9031 -0.4279
vn 0.0451 0.9022 -0.4290
vn 0.0451 0.9022 -0.4289
vn 0.0778 0.8928 -0.4437
vn 0.0488 0.9067 -0.4190
vn 0.0489 0.9067 -0.4190
vn 0.0808 0.8966 -0.4353
vn 0.0808 0.8967 -0.4353
vn 0.0808 0.8967 -0.4352
vn 0.0872 0.8983 -0.4307
vn 0.0812 0.8956 -0.4373
vn 0.0908 0.8986 -0.4292
vn 0.0908 0.8987 -0.4292
vn 0.0196 0.9315 -0.3633
vn 0.0830 0.8915 -0.4454
vn 0.0830 0.8914 -0.4455
vn 0.0831 0.8914 -0.4455
vn 0.0169 0.9275 -0.3734
vn 0.0169 0.9275 -0.3735
vn 0.1219 0.8958 -0.4274
vn 0.1219 0.8958 -0.4273
vn -0.0112 0.9066 -0.4218
vn -0.0113 0.9066 -0.4218
vn 0.0976 0.8898 -0.4458
vn 0.0976 0.8898 -0.4457
vn 0.0701 0.8733 -0.4821
vn 0.1892 0.9508 -0.2452
vn 0.1290 0.9139 -0.3849
vn 0.1590 0.9157 -0.3691
vn 0.1589 0.9157 -0.3691
vn -0.0245 -0.8328 0.5530
vn -0.0522 -0.8175 0.5736
vn -0.0521 -0.8174 0.5736
vn -0.0523 -0.8175 0.5736
vn -0.0521 -0.8175 0.5736
vn 0.0462 0.8654 -0.4990
vn 0.0460 0.8721 -0.4871
vn 0.0461 0.8720 -0.4874
vn 0.0461 0.8719 -0.4875
vn 0.3208 0.7381 -0.5936
vn 0.3207 0.7381 -0.5936
vn 0.0568 0.8331 -0.5502
vn 0.2361 0.7835 -0.5748
vn 0.2828 0.8090 -0.5153
vn 0.2828 0.8090 -0.5154
vn 0.0829 0.7921 -0.6047
vn -0.1404 -0.8004 0.5827
vn -0.1404 -0.8004 0.5828
vn -0.1405 -0.8004 0.5828
vn -0.1146 -0.8546 0.5064
vn -0.1995 -0.8092 0.5526
vn -0.1996 -0.8092 0.5526
vn -0.1971 -0.8243 0.5308
vn -0.1972 -0.8243 0.5307
vn -0.2278 -0.9297 0.2895
vn 0.1782 0.8348 -0.5209
vn 0.1783 0.8348 -0.5209
vn 0.1784 0.8347 -0.5210
vn 0.0667 -0.9956 -0.0653
vn 0.1274 0.8303 -0.5425
vn 0.1274 0.8304 -0.5425
vn 0.4227 -0.6197 -0.6613
vn 0.4227 -0.6198 -0.6612
vn 0.1341 0.8126 -0.5671
vn 0.1362 0.8291 -0.5422
vn 0.1363 0.8291 -0.5422
vn 0.0523 0.8060 -0.5896
vn 0.0591 0.7990 -0.5984
vn 0.0591 0.7991 -0.5983
vn 0.0470 0.8125 -0.5810
vn 0.0469 0.8126 -0.5810
vn 0.0641 0.8227 -0.5649
vn 0.0462 0.8267 -0.5608
vn 0.0462 0.8267 -0.5607
vn 0.0261 0.8426 -0.5379
vn 0.0260 0.8426 -0.5379
vn 0.0258 0.8427 -0.5378
vn 0.0259 0.8426 -0.5379
vn 0.0700 0.8476 -0.5261
vn 0.0698 0.8477 -0.5259
vn 0.0700 0.8508 -0.5208
vn 0.0683 0.8657 -0.4958
vn 0.0683 0.8657 -0.4959
vn 0.0681 0.8658 -0.4958
vn 0.0741 0.8462 -0.5277
vn 0.0743 0.8461 -0.5278
vn 0.0742 0.8462 -0.5277
vn 0.0673 0.8585 -0.5085
vn 0.0673 0.8584 -0.5086
vn 0.0673 0.8585 -0.5084
vn 0.0554 0.8683 -0.4929
vn 0.0556 0.8683 -0.4929
vn 0.0558 0.8683 -0.4930
vn 0.0582 0.8544 -0.5164
vn 0.0581 0.8544 -0.5164
vn 0.0462 0.8685 -0.4935
vn 0.0462 0.8684 -0.4937
vn 0.0461 0.8683 -0.4938
vn 0.0487 0.8516 -0.5219
vn 0.0487 0.8516 -0.5220
vn 0.0488 0.8516 -0.5220
vn 0.0368 0.8680 -0.4952
vn 0.0368 0.8680 -0.4951
vn 0.0282 0.8644 -0.5019
vn 0.0281 0.8645 -0.5019
vn 0.0226 0.8732 -0.4869
vn 0.0226 0.8732 -0.4868
vn 0.0225 0.8731 -0.4870
vn 0.0316 0.8718 -0.4889
vn 0.0315 0.8718 -0.4889
vn 0.0353 0.8499 -0.5258
vn 0.0354 0.8500 -0.5257
vn 0.0355 0.8501 -0.5254
vn 0.0354 0.8500 -0.5256
vn 0.0042 0.8406 -0.5417
vn 0.0041 0.8406 -0.5417
vn 0.0109 0.8512 -0.5247
vn 0.0109 0.8512 -0.5248
vn 0.0108 0.8511 -0.5249
vn 0.0108 0.8512 -0.5248
vn 0.0454 0.8142 -0.5789
vn 0.0454 0.8141 -0.5789
vn 0.0453 0.8140 -0.5791
vn 0.0301 0.8133 -0.5811
vn 0.0300 0.8133 -0.5810
vn 0.0299 0.8133 -0.5810
vn 0.0317 0.8159 -0.5774
vn 0.0317 0.8159 -0.5773
vn 0.0389 0.8074 -0.5887
vn 0.0232 0.8278 -0.5605
vn 0.0239 0.8325 -0.5535
vn 0.0239 0.8325 -0.5534
vn 0.0239 0.8326 -0.5534
vn 0.0202 0.8372 -0.5466
vn 0.0201 0.8372 -0.5466
vn 0.0194 0.8530 -0.5216
vn 0.0194 0.8530 -0.5215
vn 0.0223 0.8462 -0.5324
vn 0.0144 0.8816 -0.4718
vn 0.2545 -0.9661 -0.0435
vn 0.2503 0.0557 -0.9666
vn 0.2504 0.0557 -0.9665
vn -0.0010 -0.8639 0.5037
vn -0.0030 -0.8873 0.4611
vn -0.0030 -0.8874 0.4611
vn -0.0159 -0.8411 0.5407
vn -0.0159 -0.8410 0.5407
vn -0.0160 -0.8555 0.5176
vn -0.0331 -0.8378 0.5450
vn -0.0331 -0.8378 0.5449
vn -0.0330 -0.8379 0.5448
vn -0.0403 -0.8321 0.5532
vn -0.0402 -0.8321 0.5532
vn -0.0220 -0.8297 0.5578
vn -0.0220 -0.8296 0.5579
vn -0.0598 -0.8389 0.5409
vn -0.0597 -0.8390 0.5408
vn -0.0598 -0.8389 0.5410
vn -0.0637 -0.8374 0.5428
vn -0.0637 -0.8375 0.5428
vn -0.0636 -0.8375 0.5427
vn -0.0483 -0.8286 0.5578
vn -0.0483 -0.8285 0.5578
vn -0.0765 -0.8478 0.5248
vn -0.0704 -0.8599 0.5055
vn -0.0703 -0.8599 0.5055
vn -0.0659 -0.8469 0.5277
vn -0.0659 -0.8470 0.5276
vn -0.0659 -0.8470 0.5275
vn -0.0659 -0.8469 0.5276
vn -0.0669 -0.8688 0.4907
vn -0.0669 -0.8687 0.4908
vn -0.0669 -0.8688 0.4906
vn -0.0672 -0.8731 0.4829
vn -0.0671 -0.8731 0.4830
vn -0.0669 -0.8731 0.4830
vn -0.0670 -0.8731 0.4830
vn -0.0578 -0.8694 0.4907
vn -0.0578 -0.8695 0.4905
vn -0.0774 -0.8814 0.4661
vn -0.0774 -0.8813 0.4662
vn -0.0774 -0.8813 0.4661
vn -0.0524 -0.8919 0.4492
vn -0.0524 -0.8919 0.4491
vn -0.0484 -0.8795 0.4735
vn -0.0484 -0.8794 0.4735
vn -0.0483 -0.8796 0.4732
vn -0.0347 -0.8985 0.4376
vn -0.0317 -0.8853 0.4639
vn -0.0316 -0.8854 0.4638
vn -0.0317 -0.8997 0.4353
vn -0.0316 -0.8996 0.4355
vn -0.0314 -0.8995 0.4357
vn -0.0280 -0.8868 0.4612
vn -0.0281 -0.8868 0.4613
vn -0.0157 -0.8840 0.4671
vn -0.0157 -0.8840 0.4672
vn -0.0142 -0.8760 0.4822
vn -0.0149 -0.8757 0.4826
vn -0.0244 -0.8781 0.4778
vn -0.0245 -0.8782 0.4777
vn 0.0054 -0.8729 0.4878
vn 0.0055 -0.8728 0.4880
vn 0.0057 -0.8726 0.4884
vn 0.0044 -0.8726 0.4885
vn 0.0046 -0.8726 0.4884
vn 0.0049 -0.8726 0.4884
vn 0.0047 -0.8726 0.4884
vn -0.0154 -0.8789 0.4768
vn -0.0154 -0.8788 0.4769
vn -0.0154 -0.8788 0.4770
vn -0.0101 -0.8530 0.5218
vn -0.0100 -0.8530 0.5218
vn -0.0217 -0.8641 0.5029
vn -0.0217 -0.8640 0.5029
vn 0.0004 -0.8623 0.5063
vn 0.0005 -0.8623 0.5063
vn 0.0003 -0.8623 0.5063
vn -0.0163 -0.8633 0.5045
vn -0.0163 -0.8632 0.5046
vn -0.0163 -0.8632 0.5045
vn -0.0139 -0.8458 0.5334
vn -0.0139 -0.8457 0.5334
vn 0.0175 -0.8628 0.5052
vn 0.0174 -0.8628 0.5052
vn -0.0211 -0.8403 0.5418
vn -0.0210 -0.8402 0.5418
vn 0.0257 -0.8614 0.5072
vn 0.0261 -0.8614 0.5073
vn 0.0265 -0.8613 0.5074
vn 0.0262 -0.8614 0.5073
vn -0.0262 -0.8398 0.5422
vn -0.0263 -0.8399 0.5421
vn 0.0343 -0.8490 0.5273
vn 0.0343 -0.8490 0.5272
vn 0.0344 -0.8490 0.5273
vn -0.0258 -0.8402 0.5416
vn 0.0082 -0.8540 0.5203
vn 0.0082 -0.8539 0.5203
vn 0.0187 -0.8655 0.5005
vn 0.0147 -0.8659 0.4999
vn 0.0148 -0.8659 0.5000
vn 0.0147 -0.8659 0.5000
vn -0.0281 -0.8427 0.5377
vn -0.0378 -0.8838 0.4663
vn -0.0684 -0.8591 0.5072
vn -0.0380 0.8566 -0.5145
vn -0.0381 0.8566 -0.5145
vn -0.0380 0.8567 -0.5145
vn -0.0296 0.8188 -0.5733
vn -0.0176 0.8679 -0.4964
vn 0.0098 0.8385 -0.5449
vn 0.0098 0.8384 -0.5449
vn -0.0195 0.8700 -0.4927
vn 0.0150 0.8391 -0.5438
vn 0.0151 0.8391 -0.5438
vn -0.0398 0.8695 -0.4924
vn -0.0397 0.8695 -0.4924
vn 0.0259 0.8500 -0.5262
vn 0.0259 0.8499 -0.5262
vn 0.0190 0.8524 -0.5226
vn 0.0190 0.8523 -0.5226
vn 0.0143 0.8629 -0.5051
vn -0.0131 0.8795 -0.4757
vn -0.0132 0.8794 -0.4759
vn -0.0132 0.8794 -0.4758
vn 0.0011 0.8759 -0.4825
vn 0.0010 0.8759 -0.4825
vn -0.0185 0.8702 -0.4924
vn -0.0184 0.8703 -0.4923
vn -0.0184 0.8702 -0.4923
vn -0.0342 0.8817 -0.4705
vn -0.0341 0.8818 -0.4705
vn -0.0341 0.8817 -0.4705
vn -0.0085 0.8823 -0.4705
vn -0.0086 0.8824 -0.4705
vn 0.0115 0.8898 -0.4562
vn 0.0116 0.8898 -0.4562
vn 0.0116 0.8899 -0.4561
vn -0.0072 0.8978 -0.4403
vn 0.0132 0.9031 -0.4292
vn 0.0277 0.9043 -0.4259
vn 0.0278 0.9044 -0.4257
vn 0.0277 0.9044 -0.4258
vn 0.0277 0.9044 -0.4259
vn 0.0158 0.9090 -0.4164
vn 0.0157 0.9090 -0.4165
vn 0.0158 0.9090 -0.4165
vn 0.0310 0.9110 -0.4112
vn 0.0389 0.9114 -0.4096
vn 0.0389 0.9114 -0.4097
vn 0.0328 0.9098 -0.4138
vn 0.0328 0.9097 -0.4139
vn 0.0375 0.9101 -0.4126
vn 0.0375 0.9102 -0.4125
vn 0.0463 0.9056 -0.4215
vn 0.0319 0.8976 -0.4397
vn 0.0320 0.8978 -0.4392
vn 0.0375 0.8944 -0.4457
vn 0.0374 0.8944 -0.4458
vn 0.0736 0.8868 -0.4562
vn 0.0736 0.8869 -0.4562
vn 0.0484 0.9079 -0.4164
vn 0.0483 0.9079 -0.4164
vn 0.0993 0.9097 -0.4031
vn 0.0992 0.9097 -0.4031
vn 0.0992 0.9097 -0.4032
vn 0.0674 0.8795 -0.4711
vn 0.0674 0.8795 -0.4712
vn 0.3946 0.4469 0.8029
vn 0.3946 0.4468 0.8029
vn 0.4763 0.5651 0.6736
vn 0.4018 0.8496 0.3418
vn 0.4017 0.8496 0.3417
vn -0.0754 -0.8872 0.4552
vn -0.0755 -0.8872 0.4551
vn 0.0359 -0.8874 0.4596
vn 0.0359 -0.8874 0.4597
vn -0.0547 -0.8616 0.5046
vn -0.0547 -0.8616 0.5047
vn -0.0135 -0.9238 0.3825
vn -0.0135 -0.9238 0.3826
vn -0.1195 -0.8927 0.4346
vn -0.0233 -0.9317 0.3624
vn -0.1190 -0.8872 0.4457
vn -0.0026 -0.9198 0.3923
vn -0.0026 -0.9198 0.3924
vn -0.1023 -0.8824 0.4592
vn -0.1350 -0.8524 0.5052
vn -0.0194 -0.8473 0.5308
vn -0.0592 -0.8086 0.5854
vn -0.0591 -0.8086 0.5854
vn -0.0611 -0.8058 0.5890
vn -0.0611 -0.8059 0.5889
vn -0.0611 -0.8059 0.5890
vn -0.0562 -0.8216 0.5674
vn -0.0562 -0.8215 0.5674
vn -0.0562 -0.8216 0.5673
vn -0.0717 -0.8231 0.5633
vn -0.0718 -0.8231 0.5633
vn -0.0701 -0.8460 0.5286
vn -0.0700 -0.8501 0.5220
vn -0.0493 -0.8741 0.4832
vn -0.0493 -0.8742 0.4831
vn 0.1085 0.8114 -0.5743
vn -0.0192 -0.8831 0.4688
vn 0.0892 0.8185 -0.5675
vn 0.0893 0.8184 -0.5677
vn 0.0893 0.8185 -0.5675
vn 0.0676 0.8421 -0.5351
vn 0.0736 0.8263 -0.5584
vn 0.0735 0.8263 -0.5584
vn 0.0735 0.8263 -0.5583
vn 0.0588 0.8395 -0.5401
vn 0.0588 0.8396 -0.5401
vn 0.0585 0.8391 -0.5409
vn 0.0585 0.8390 -0.5409
vn 0.0364 0.8347 -0.5495
vn 0.0363 0.8347 -0.5495
vn 0.0407 0.8311 -0.5547
vn 0.0407 0.8310 -0.5547
vn 0.0706 0.8442 -0.5314
vn 0.0670 0.8445 -0.5314
vn 0.0670 0.8444 -0.5314
vn 0.0595 0.8377 -0.5428
vn 0.0595 0.8373 -0.5435
vn 0.0644 0.8374 -0.5428
vn 0.0479 0.8284 -0.5580
vn 0.0478 0.8284 -0.5580
vn 0.0478 0.8285 -0.5580
vn 0.0585 0.8281 -0.5575
vn 0.0585 0.8281 -0.5576
vn 0.0411 0.8297 -0.5566
vn 0.0410 0.8298 -0.5566
vn 0.0410 0.8298 -0.5565
vn 0.0049 -0.9120 0.4101
vn 0.1133 -0.9386 0.3258
vn 0.1132 -0.9386 0.3258
vn -0.0501 -0.8514 0.5221
vn -0.0174 -0.8522 0.5229
vn -0.0563 -0.8505 0.5229
vn -0.0564 -0.8505 0.5229
vn -0.0629 -0.8472 0.5275
vn -0.0569 -0.8420 0.5364
vn -0.0569 -0.8421 0.5364
vn -0.0568 -0.8422 0.5361
vn -0.0692 -0.8465 0.5279
vn -0.0639 -0.8499 0.5230
vn -0.0638 -0.8500 0.5230
vn -0.0693 -0.8454 0.5297
vn -0.0693 -0.8453 0.5297
vn -0.0202 -0.8403 0.5418
vn -0.0201 -0.8405 0.5414
vn -0.0078 -0.8654 0.5010
vn -0.0079 -0.8654 0.5010
vn -0.0646 -0.8573 0.5108
vn 0.0159 -0.8906 0.4545
vn -0.0594 -0.8931 0.4459
vn -0.0520 -0.8773 0.4772
vn -0.0520 -0.8773 0.4771
vn -0.0781 -0.9017 0.4253
vn -0.0893 -0.8953 0.4364
vn -0.0882 -0.8908 0.4459
vn -0.0882 -0.8908 0.4457
vn -0.0882 -0.8908 0.4458
vn -0.0512 -0.9055 0.4212
vn -0.0512 -0.9055 0.4213
vn -0.0525 -0.9023 0.4280
vn -0.0384 -0.9102 0.4124
vn -0.0384 -0.9102 0.4123
vn -0.0373 -0.9069 0.4197
vn -0.0372 -0.9071 0.4193
vn -0.0337 -0.9117 0.4096
vn -0.0334 -0.9080 0.4177
vn -0.0334 -0.9080 0.4176
vn -0.0182 -0.9109 0.4123
vn -0.0182 -0.9108 0.4124
vn -0.0182 -0.9107 0.4126
vn -0.0182 -0.9108 0.4125
vn -0.0176 -0.9084 0.4176
vn -0.0177 -0.9084 0.4178
vn -0.0176 -0.9084 0.4177
vn 0.0053 -0.9047 0.4260
vn 0.0053 -0.9047 0.4261
vn 0.0044 -0.8956 0.4449
vn 0.0043 -0.8955 0.4449
vn 0.0043 -0.8956 0.4449
vn -0.0171 -0.8987 0.4382
vn -0.0174 -0.8989 0.4378
vn 0.0271 -0.8885 0.4581
vn 0.0272 -0.8884 0.4582
vn 0.0272 -0.8884 0.4583
vn 0.0118 -0.8694 0.4940
vn 0.0120 -0.8694 0.4939
vn 0.0036 -0.8762 0.4820
vn 0.0034 -0.8763 0.4817
vn 0.0033 -0.8764 0.4815
vn 0.0066 -0.8707 0.4918
vn 0.0067 -0.8705 0.4920
vn 0.0067 -0.8705 0.4921
vn 0.0067 -0.8706 0.4920
vn 0.0123 -0.8719 0.4895
vn 0.0122 -0.8719 0.4895
vn 0.0174 -0.8717 0.4898
vn 0.0175 -0.8716 0.4898
vn 0.0174 -0.8717 0.4897
vn 0.0175 -0.8716 0.4899
vn 0.0159 -0.8688 0.4950
vn 0.0160 -0.8687 0.4950
vn 0.0161 -0.8687 0.4950
vn 0.0113 -0.8699 0.4931
vn 0.0113 -0.8701 0.4928
vn 0.0112 -0.8702 0.4925
vn 0.0113 -0.8700 0.4929
vn 0.0012 -0.8710 0.4912
vn 0.0012 -0.8711 0.4912
vn 0.0165 -0.8674 0.4973
vn 0.0166 -0.8674 0.4973
vn 0.0166 -0.8674 0.4974
vn -0.0000 -0.8744 0.4852
vn 0.0013 -0.8774 0.4797
vn -0.0121 -0.8695 0.4938
vn -0.0122 -0.8695 0.4938
vn -0.0174 -0.8824 0.4703
vn -0.0174 -0.8824 0.4702
vn 0.0012 -0.8594 0.5113
vn 0.0011 -0.8594 0.5112
vn 0.0011 -0.8594 0.5113
vn -0.1489 -0.9359 0.3193
vn -0.1488 -0.9359 0.3194
vn -0.1519 -0.9072 0.3924
vn -0.1518 -0.9072 0.3924
vn -0.0292 0.8246 -0.5650
vn -0.0474 0.8588 -0.5101
vn -0.0240 0.8754 -0.4828
vn -0.0240 0.8754 -0.4829
vn 0.0119 0.9151 -0.4031
vn 0.0119 0.9151 -0.4030
vn -0.0595 0.8894 -0.4532
vn -0.0594 0.8894 -0.4532
vn -0.0452 0.8969 -0.4399
vn -0.0452 0.8969 -0.4400
vn 0.0335 0.8679 -0.4957
vn 0.0335 0.8679 -0.4955
vn 0.0335 0.8680 -0.4955
vn -0.0059 0.8752 -0.4838
vn -0.0352 0.8712 -0.4897
vn -0.0352 0.8711 -0.4898
vn -0.0565 0.8971 -0.4382
vn -0.0811 0.8953 -0.4380
vn -0.0383 0.9022 -0.4296
vn -0.0506 0.8829 -0.4668
vn -0.0507 0.8831 -0.4665
vn -0.0507 0.8830 -0.4665
vn -0.0507 0.8830 -0.4667
vn -0.0249 0.8956 -0.4441
vn -0.0058 0.9085 -0.4179
vn -0.0058 0.9085 -0.4177
vn -0.0058 0.9086 -0.4177
vn -0.0058 0.9085 -0.4178
vn -0.0274 0.9065 -0.4213
vn -0.0274 0.9065 -0.4214
vn -0.0049 0.9086 -0.4176
vn -0.0048 0.9086 -0.4177
vn 0.0162 0.9071 -0.4206
vn -0.0028 0.8897 -0.4566
vn 0.0124 0.8705 -0.4920
vn 0.0124 0.8705 -0.4921
vn 0.0172 0.8472 -0.5310
vn 0.0122 0.8819 -0.4713
vn 0.0876 0.9727 -0.2151
vn 0.0876 0.9727 -0.2150
vn 0.1773 0.9278 0.3282
vn 0.1773 0.9278 0.3283
vn -0.0039 -0.7836 0.6212
vn -0.0107 -0.8483 0.5295
vn -0.0107 -0.8483 0.5294
vn -0.0245 -0.8714 0.4900
vn -0.0245 -0.8713 0.4901
vn -0.0257 -0.8854 0.4642
vn -0.0257 -0.8853 0.4642
vn -0.0360 -0.8886 0.4572
vn -0.0359 -0.8886 0.4572
vn -0.0761 -0.8861 0.4571
vn -0.0761 -0.8862 0.4571
vn -0.0502 -0.9059 0.4205
vn -0.0502 -0.9059 0.4204
vn -0.0871 -0.8959 0.4356
vn -0.0831 -0.8948 0.4387
vn -0.0830 -0.8948 0.4387
vn -0.0871 -0.9022 0.4224
vn -0.0363 -0.9077 0.4180
vn -0.0363 -0.9078 0.4179
vn -0.0257 -0.8826 0.4695
vn -0.0257 -0.8826 0.4694
vn -0.0257 -0.8825 0.4695
vn -0.0327 -0.9076 0.4186
vn -0.0327 -0.9076 0.4187
vn -0.0156 -0.8889 0.4578
vn -0.0182 -0.9088 0.4169
vn 0.0040 -0.8977 0.4406
vn 0.0040 -0.8977 0.4405
vn 0.0043 -0.9084 0.4181
vn 0.0043 -0.9083 0.4182
vn 0.0043 -0.9084 0.4182
vn 0.0044 -0.9085 0.4179
vn 0.0220 -0.8940 0.4475
vn 0.0219 -0.8940 0.4475
vn 0.0340 -0.9061 0.4218
vn 0.0338 -0.9059 0.4221
vn 0.0046 -0.9094 0.4160
vn 0.0046 -0.9092 0.4163
vn 0.0640 -0.8969 0.4377
vn 0.0640 -0.8969 0.4376
vn 0.0640 -0.8968 0.4377
vn 0.0542 -0.8950 0.4427
vn 0.0285 -0.8973 0.4404
vn 0.0285 -0.8974 0.4403
vn 0.0531 -0.8950 0.4429
vn 0.0532 -0.8948 0.4432
vn 0.0533 -0.8948 0.4433
vn 0.0432 -0.8852 0.4631
vn 0.0296 -0.8853 0.4640
vn 0.0296 -0.8853 0.4641
vn 0.0297 -0.8852 0.4642
vn 0.0294 -0.8892 0.4566
vn 0.0446 -0.8894 0.4550
vn 0.0445 -0.8894 0.4550
vn -0.1365 -0.9485 0.2857
vn -0.1366 -0.9486 0.2856
vn -0.1537 -0.9292 0.3362
vn -0.1536 -0.9292 0.3362
vn 0.0442 -0.9057 0.4217
vn 0.0443 -0.9057 0.4217
vn 0.0080 -0.9197 0.3924
vn 0.0081 -0.9197 0.3925
vn -0.1404 -0.8392 0.5254
vn -0.1403 -0.8392 0.5254
vn -0.1386 -0.7519 0.6445
vn -0.1386 -0.7518 0.6446
vn -0.1386 -0.7519 0.6446
vn 0.0178 -0.9596 0.2809
vn 0.0177 -0.9596 0.2810
vn 0.0177 -0.9596 0.2809
vn 0.4667 -0.8830 -0.0506
vn 0.4667 -0.8830 -0.0505
vn -0.1852 0.9455 -0.2679
vn -0.1853 0.9455 -0.2679
vn 0.0427 0.8562 -0.5149
vn 0.0427 0.8562 -0.5150
vn 0.0427 0.8561 -0.5150
vn 0.0553 0.8401 -0.5395
vn 0.0553 0.8401 -0.5396
vn 0.0162 0.8789 -0.4768
vn 0.0161 0.8789 -0.4768
vn -0.0491 0.9060 -0.4204
vn -0.0491 0.9060 -0.4203
vn -0.0853 0.9217 -0.3784
vn 0.0121 0.9038 -0.4277
vn 0.0121 0.9039 -0.4276
vn 0.0121 0.9038 -0.4278
vn -0.0317 0.8993 -0.4361
vn -0.0318 0.8993 -0.4361
vn 0.0486 0.8591 -0.5095
vn 0.0644 0.8376 -0.5425
vn 0.0640 0.8377 -0.5424
vn 0.0637 0.8378 -0.5423
vn -0.0183 0.9157 -0.4015
vn -0.0183 0.9157 -0.4016
vn -0.0504 0.9074 -0.4173
vn -0.0503 0.9074 -0.4173
vn -0.0107 0.8793 -0.4762
vn -0.0472 0.9064 -0.4198
vn -0.0471 0.9064 -0.4198
vn -0.0878 0.9024 -0.4220
vn 0.0351 0.8465 -0.5313
vn 0.0351 0.8465 -0.5312
vn 0.0109 0.8658 -0.5002
vn 0.0109 0.8659 -0.5002
vn -0.0324 0.9052 -0.4238
vn -0.0324 0.9051 -0.4239
vn -0.1225 0.9350 -0.3329
vn -0.1225 0.9350 -0.3330
vn 0.0006 0.8435 -0.5371
vn 0.0005 0.8435 -0.5371
vn -0.0036 0.8740 -0.4860
vn -0.0322 -0.7418 0.6698
vn -0.0322 -0.7418 0.6699
vn -0.0323 -0.7418 0.6699
vn -0.0058 -0.7801 0.6256
vn -0.1853 -0.4762 0.8596
vn -0.1853 -0.4760 0.8597
vn -0.1853 -0.4761 0.8596
vn 0.0626 -0.9205 0.3858
vn 0.0626 -0.9205 0.3857
vn 0.0373 -0.9190 0.3925
vn 0.0373 -0.9190 0.3924
vn 0.0448 -0.8988 0.4361
vn 0.0281 -0.8781 0.4777
vn 0.0282 -0.8781 0.4777
vn 0.0335 -0.8772 0.4790
vn -0.2013 0.9690 -0.1430
vn -0.2013 0.9690 -0.1429
vn -0.0696 0.9256 -0.3721
vn -0.0696 0.9256 -0.3722
vn 0.0493 -0.8995 0.4341
vn -0.0040 -0.7689 0.6394
vn -0.0040 -0.7689 0.6393
vn -0.0738 -0.8833 0.4629
vn -0.0739 -0.8833 0.4629
vn 0.2937 0.6575 0.6938
vn 0.2938 0.6574 0.6939
vn 0.2938 0.6575 0.6939
vn 0.2938 0.6575 0.6938
vn 0.0149 0.8537 -0.5206
vn 0.0304 0.9008 -0.4332
vn 0.0163 0.9097 -0.4149
vn 0.0164 0.9098 -0.4148
vn -0.0061 0.9046 -0.4263
vn -0.0296 0.8812 -0.4718
vn -0.0296 0.8812 -0.4717
vn -0.0101 0.8607 -0.5090
vn -0.0445 0.8918 -0.4503
vn -0.0444 0.8919 -0.4501
vn -0.0444 0.8918 -0.4501
vn -0.0127 0.8807 -0.4735
vn -0.0126 0.8808 -0.4734
vn 0.0235 0.8460 -0.5327
vn 0.0235 0.8459 -0.5327
vn 0.0725 0.8463 -0.5278
vn 0.0726 0.8462 -0.5278
vn 0.0770 0.8438 -0.5312
vn 0.0770 0.8437 -0.5312
vn 0.0770 0.8437 -0.5313
vn 0.0780 0.8221 -0.5640
vn 0.0780 0.8220 -0.5640
vn 0.1762 0.7196 -0.6716
vn 0.1762 0.7196 -0.6717
vn 0.2872 0.2767 -0.9171
vn 0.2872 0.2766 -0.9171
vn -0.0413 -0.8235 0.5658
vn -0.0413 -0.8235 0.5659
vn -0.1273 -0.8208 0.5568
vn -0.1334 -0.8348 0.5342
vn -0.1334 -0.8348 0.5341
vn 0.0696 0.8764 -0.4765
vn 0.0697 0.8764 -0.4765
vn 0.0142 0.8739 -0.4858
vn 0.0142 0.8739 -0.4859
vn 0.0688 0.8715 -0.4855
vn 0.0688 0.8716 -0.4854
vn 0.0745 0.8887 -0.4524
vn 0.0746 0.8887 -0.4524
vn -0.0103 0.8949 -0.4461
vn 0.0189 0.8491 -0.5280
vn 0.0190 0.8491 -0.5280
vn 0.0045 0.9205 -0.3907
vn 0.0947 0.8822 -0.4612
vn 0.0947 0.8822 -0.4613
vn 0.0547 0.8756 -0.4798
vn 0.0548 0.8755 -0.4801
vn 0.0548 0.8753 -0.4804
vn 0.0663 0.8825 -0.4657
vn 0.0661 0.8824 -0.4658
vn 0.0662 0.8824 -0.4657
vn 0.1367 0.8508 -0.5075
vn 0.1367 0.8507 -0.5075
vn -0.1578 -0.8308 0.5338
vn -0.1578 -0.8307 0.5338
vn -0.1579 -0.8307 0.5339
vn 0.0693 0.8177 -0.5715
vn -0.2972 -0.8025 0.5174
vn -0.2971 -0.8025 0.5174
vn 0.1180 0.8904 -0.4397
vn 0.1179 0.8904 -0.4397
vn 0.0354 0.8805 -0.4728
vn 0.0354 0.8804 -0.4729
vn 0.0355 0.8803 -0.4731
vn 0.0355 0.8804 -0.4729
vn 0.0273 0.8777 -0.4785
vn 0.0274 0.8776 -0.4786
vn 0.0274 0.8777 -0.4785
vn 0.0033 0.8427 -0.5384
vn 0.0034 0.8427 -0.5384
vn 0.0620 0.8238 -0.5634
vn 0.0620 0.8238 -0.5635
vn -0.0210 -0.8095 0.5867
vn -0.0210 -0.8096 0.5867
vn -0.0277 -0.8431 0.5371
vn -0.0277 -0.8430 0.5371
vn -0.0277 -0.8430 0.5372
vn 0.2939 -0.5948 0.7482
vn 0.2938 -0.5949 0.7482
vn 0.8955 0.3386 0.2889
vn 0.8955 0.3385 0.2889
vn 0.7173 0.5382 0.4426
vn 0.7173 0.5381 0.4426
vn 0.6835 0.6934 -0.2280
vn 0.8118 -0.3546 0.4640
vn 0.8118 -0.3546 0.4639
vn 0.8119 -0.3545 0.4639
vn 0.8118 -0.3545 0.4640
vn 0.4608 -0.7652 0.4495
vn 0.7144 -0.6431 0.2758
vn 0.7144 -0.6431 0.2757
vn 0.7145 -0.6431 0.2757
vn 0.7145 -0.6430 0.2757
vn 0.9998 -0.0020 0.0221
vn 0.9998 -0.0019 0.0221
vn 0.5902 -0.7579 0.2780
vn 0.5902 -0.7578 0.2780
vn 0.8349 0.5003 -0.2293
vn 0.3205 0.7755 -0.5440
vn 0.3205 0.7754 -0.5440
vn 0.3826 0.7128 -0.5878
vn 0.3825 0.7129 -0.5878
vn 0.1622 0.7675 -0.6201
vn 0.1621 0.7676 -0.6201
vn 0.0961 0.8526 -0.5137
vn 0.0451 0.8641 -0.5013
vn 0.0315 0.8266 -0.5619
vn 0.0887 0.8257 -0.5571
vn 0.0888 0.8257 -0.5571
vn 0.0348 0.8624 -0.5050
vn 0.0347 0.8624 -0.5050
vn 0.0017 0.8494 -0.5277
vn 0.0015 0.8494 -0.5277
vn 0.0014 0.8494 -0.5278
vn -0.0098 0.8565 -0.5160
vn -0.0098 0.8565 -0.5161
vn 0.0099 0.8614 -0.5078
vn 0.0098 0.8615 -0.5077
vn 0.0100 0.8614 -0.5079
vn 0.1513 -0.8977 0.4138
vn -0.0644 -0.8539 0.5165
vn -0.0645 -0.8539 0.5164
vn -0.0759 -0.8493 0.5225
vn -0.0758 -0.8493 0.5225
vn -0.1987 -0.9644 0.1745
vn 0.0304 0.8641 -0.5024
vn 0.0303 0.8640 -0.5025
vn 0.0194 0.8650 -0.5013
vn 0.0194 0.8650 -0.5014
vn 0.0161 0.8622 -0.5063
vn 0.0160 0.8622 -0.5063
vn 0.3893 0.6880 -0.6125
vn 0.3891 0.6880 -0.6126
vn 0.3508 0.7876 -0.5065
vn 0.3970 0.7142 -0.5765
vn -0.6103 -0.3170 -0.7260
vn -0.6104 -0.3170 -0.7259
vn 0.3337 0.8151 -0.4736
vn 0.3337 0.8150 -0.4737
vn 0.1645 0.6582 -0.7347
vn 0.1644 0.6582 -0.7347
vn 0.4123 0.6763 -0.6104
vn -0.0114 0.8851 -0.4652
vn -0.0036 0.8587 -0.5125
vn -0.0093 0.8574 -0.5146
vn -0.0092 0.8573 -0.5147
vn 0.3524 0.7013 -0.6196
vn 0.1242 0.7850 -0.6069
vn 0.1239 0.7851 -0.6069
vn 0.1241 0.7850 -0.6069
vn 0.1026 0.7745 -0.6242
vn 0.1025 0.7745 -0.6241
vn 0.1025 0.7745 -0.6242
vn 0.1146 0.7790 -0.6164
vn 0.1147 0.7791 -0.6164
vn -0.0583 -0.8519 0.5204
vn -0.0585 -0.8520 0.5203
vn -0.0400 -0.8575 0.5129
vn -0.0316 -0.8619 0.5060
vn -0.0317 -0.8619 0.5060
vn -0.0318 -0.8619 0.5060
vn -0.0011 -0.8625 0.5060
vn -0.0011 -0.8625 0.5061
vn 0.0311 -0.8566 0.5151
vn 0.0310 -0.8565 0.5152
vn 0.0311 -0.8565 0.5151
vn 0.0224 -0.8787 0.4768
vn 0.0226 -0.8787 0.4768
vn -0.1314 -0.7798 0.6120
vn -0.1314 -0.7798 0.6121
vn -0.1315 -0.7798 0.6120
vn -0.0943 -0.7742 0.6258
vn -0.0944 -0.7741 0.6259
vn -0.0946 -0.7741 0.6260
vn -0.1193 -0.8053 0.5808
vn -0.1192 -0.8053 0.5808
vn -0.1190 -0.8053 0.5808
vn -0.0100 -0.8626 0.5058
vn -0.0103 -0.8626 0.5057
vn -0.0101 -0.8632 0.5048
vn -0.0100 -0.8632 0.5048
vn -0.0099 -0.8631 0.5049
vn -0.0098 -0.8630 0.5051
vn -0.0099 -0.8631 0.5050
vn -0.0763 -0.7670 0.6370
vn -0.0764 -0.7671 0.6370
vn -0.0763 -0.7671 0.6370
vn -0.0660 -0.7788 0.6237
vn -0.0658 -0.7790 0.6235
vn -0.0657 -0.7791 0.6235
vn -0.0965 -0.7774 0.6216
vn -0.0963 -0.7774 0.6216
vn -0.0964 -0.7774 0.6216
vn -0.2184 -0.7934 0.5682
vn -0.2185 -0.7934 0.5682
vn -0.3856 -0.6943 0.6077
vn -0.2156 -0.7519 0.6230
vn -0.2156 -0.7520 0.6230
vn -0.2731 -0.8323 0.4823
vn -0.1842 -0.8713 0.4549
vn -0.1867 -0.9020 0.3893
vn -0.3038 -0.8192 0.4864
vn -0.3039 -0.8192 0.4864
vn -0.0676 -0.8701 0.4883
vn -0.0677 -0.8701 0.4883
vn -0.0378 -0.9085 0.4163
vn -0.0378 -0.9084 0.4163
vn -0.1744 -0.9574 0.2300
vn 0.0331 0.8738 -0.4852
vn 0.1390 0.9393 -0.3138
vn 0.1390 0.9393 -0.3137
vn 0.0597 0.8605 -0.5060
vn 0.1615 0.8963 -0.4129
vn 0.1615 0.8963 -0.4130
vn 0.2911 0.8701 -0.3976
vn 0.2912 0.8701 -0.3976
vn 0.1732 0.8745 -0.4531
vn 0.1731 0.8744 -0.4532
vn 0.1969 0.8384 -0.5082
vn 0.1969 0.8384 -0.5083
vn 0.1258 0.8282 -0.5461
vn 0.1258 0.8283 -0.5461
vn 0.1640 0.8067 -0.5678
vn 0.0626 0.8138 -0.5777
vn 0.0626 0.8138 -0.5778
vn 0.1312 0.7699 -0.6246
vn 0.1311 0.7699 -0.6246
vn 0.0611 0.7779 -0.6254
vn 0.0612 0.7780 -0.6253
vn 0.0614 0.7780 -0.6253
vn 0.0613 0.7780 -0.6253
vn 0.0992 0.8122 -0.5749
vn 0.0705 0.8156 -0.5744
vn 0.0706 0.8155 -0.5744
vn 0.1255 0.7988 -0.5884
vn 0.0959 0.8423 -0.5303
vn 0.0960 0.8423 -0.5303
vn 0.1174 0.8380 -0.5329
vn 0.1696 0.8182 -0.5494
vn 0.0989 0.8411 -0.5318
vn 0.0988 0.8411 -0.5318
vn 0.1060 0.8387 -0.5342
vn -0.5150 -0.5982 0.6139
vn 0.2010 0.7668 -0.6096
vn -0.2515 -0.8009 0.5435
vn -0.2514 -0.8009 0.5435
vn -0.0965 -0.8481 0.5209
vn -0.0964 -0.8482 0.5209
vn 0.1913 -0.8332 0.5189
vn -0.0966 -0.8426 0.5298
vn -0.1061 -0.8413 0.5301
vn -0.0999 -0.8179 0.5666
vn -0.0998 -0.8180 0.5665
vn -0.1000 -0.8179 0.5666
vn -0.0935 -0.8218 0.5620
vn -0.1018 -0.8402 0.5327
vn -0.0946 -0.8466 0.5238
vn -0.1157 -0.8381 0.5332
vn -0.1158 -0.8381 0.5331
vn -0.0500 -0.8523 0.5207
vn -0.0501 -0.8523 0.5207
vn -0.0850 -0.8358 0.5425
vn -0.0290 -0.8556 0.5169
vn -0.0289 -0.8555 0.5169
vn -0.0119 -0.8623 0.5062
vn -0.0120 -0.8623 0.5063
vn -0.0119 -0.8623 0.5063
vn -0.0180 -0.8622 0.5062
vn -0.0177 -0.8624 0.5059
vn -0.0108 -0.8629 0.5053
vn -0.0109 -0.8629 0.5053
vn -0.0108 -0.8628 0.5054
vn -0.0105 -0.8629 0.5053
vn -0.0104 -0.8630 0.5051
vn -0.0099 -0.8630 0.5052
vn -0.0102 -0.8630 0.5051
vn -0.0101 -0.8630 0.5051
vn -0.0102 -0.8630 0.5052
vn -0.0101 -0.8631 0.5049
vn -0.0106 -0.8629 0.5052
vn -0.0104 -0.8629 0.5053
vn -0.0118 -0.8624 0.5060
vn -0.0119 -0.8625 0.5060
vn -0.0124 -0.8606 0.5092
vn -0.0124 -0.8606 0.5091
vn -0.0160 -0.8597 0.5105
vn -0.0162 -0.8598 0.5104
vn -0.0161 -0.8598 0.5105
vn -0.0144 -0.8611 0.5082
vn -0.0143 -0.8612 0.5081
vn -0.0141 -0.8613 0.5079
vn -0.0142 -0.8612 0.5080
vn -0.0291 -0.8452 0.5337
vn -0.0291 -0.8452 0.5336
vn -0.0869 -0.8149 0.5730
vn -0.0870 -0.8149 0.5730
vn -0.0677 -0.8480 0.5256
vn -0.0677 -0.8481 0.5255
vn -0.0676 -0.8481 0.5255
vn -0.0054 -0.8566 0.5159
vn -0.0055 -0.8566 0.5159
vn -0.0053 -0.8566 0.5160
vn 0.0103 -0.8572 0.5148
vn 0.0100 -0.8570 0.5152
vn 0.0098 -0.8568 0.5156
vn -0.0702 -0.8170 0.5723
vn -0.0701 -0.8170 0.5723
vn 0.0221 -0.8681 0.4958
vn 0.0221 -0.8681 0.4959
vn -0.1147 -0.8403 0.5298
vn -0.1148 -0.8404 0.5297
vn -0.1149 -0.8404 0.5297
vn 0.0278 -0.8707 0.4911
vn 0.0278 -0.8706 0.4912
vn 0.0278 -0.8706 0.4911
vn -0.1012 -0.8742 0.4750
vn -0.1012 -0.8742 0.4749
vn -0.0105 -0.8572 0.5148
vn -0.0105 -0.8572 0.5149
vn -0.0107 -0.8615 0.5076
vn -0.0107 -0.8616 0.5076
vn 0.0277 -0.8679 0.4960
vn 0.0277 -0.8679 0.4959
vn -0.0239 -0.8755 0.4826
vn -0.0239 -0.8756 0.4825
vn -0.0239 -0.8755 0.4827
vn 0.0211 -0.8775 0.4791
vn 0.0212 -0.8775 0.4792
vn 0.0212 -0.8775 0.4791
vn -0.0197 0.8315 -0.5552
vn -0.0197 0.8315 -0.5551
vn -0.0314 0.8248 -0.5645
vn 0.0072 0.8606 -0.5092
vn 0.0071 0.8606 -0.5092
vn -0.0306 0.8571 -0.5142
vn -0.0306 0.8571 -0.5143
vn 0.0055 0.8597 -0.5108
vn 0.0055 0.8597 -0.5107
vn -0.0165 0.8789 -0.4767
vn -0.0164 0.8789 -0.4767
vn 0.0712 0.8905 -0.4493
vn 0.0712 0.8905 -0.4494
vn -0.0024 0.8637 -0.5041
vn 0.0558 0.8597 -0.5077
vn 0.0558 0.8597 -0.5078
vn 0.0015 0.8498 -0.5271
vn 0.0012 0.8497 -0.5272
vn 0.0360 0.8386 -0.5435
vn 0.0359 0.8387 -0.5435
vn 0.0359 0.8387 -0.5434
vn 0.0070 0.8555 -0.5177
vn 0.0203 0.8516 -0.5238
vn 0.0203 0.8516 -0.5237
vn 0.0261 0.8412 -0.5400
vn 0.0127 0.8604 -0.5095
vn 0.0126 0.8603 -0.5096
vn 0.0125 0.8603 -0.5096
vn 0.0190 0.8591 -0.5115
vn 0.0193 0.8589 -0.5119
vn 0.0941 0.8419 -0.5314
vn 0.0942 0.8419 -0.5314
vn 0.0171 0.8607 -0.5089
vn 0.0168 0.8606 -0.5090
vn 0.0860 0.8457 -0.5267
vn 0.1116 0.8386 -0.5331
vn 0.0523 0.8489 -0.5260
vn 0.0522 0.8489 -0.5260
vn 0.0737 0.8320 -0.5499
vn 0.0736 0.8320 -0.5499
vn 0.0130 0.8617 -0.5073
vn 0.0105 0.8628 -0.5054
vn 0.0104 0.8629 -0.5053
vn 0.0104 0.8632 -0.5048
vn 0.0101 0.8630 -0.5052
vn 0.0103 0.8628 -0.5054
vn 0.0102 0.8628 -0.5054
vn 0.0100 0.8632 -0.5048
vn 0.0098 0.8632 -0.5048
vn 0.0100 0.8630 -0.5051
vn 0.0098 0.8640 -0.5034
vn 0.0098 0.8638 -0.5037
vn 0.0096 0.8635 -0.5043
vn 0.0097 0.8634 -0.5045
vn 0.0206 0.8621 -0.5064
vn 0.0207 0.8621 -0.5063
vn 0.0090 0.8652 -0.5014
vn 0.0090 0.8651 -0.5015
vn 0.0287 0.8700 -0.4922
vn -0.0018 -0.9013 0.4332
vn -0.0019 -0.9013 0.4333
vn -0.0019 -0.9013 0.4332
vn 0.0347 0.8765 -0.4802
vn 0.0347 0.8765 -0.4801
vn 0.0252 0.8568 -0.5150
vn 0.0252 0.8569 -0.5149
vn 0.0186 0.9944 0.1041
vn 0.0187 0.9944 0.1041
vn 0.0186 0.9944 0.1040
vn 0.0728 0.9674 -0.2425
vn -0.0329 -0.8788 0.4761
vn -0.0329 -0.8787 0.4762
vn -0.0329 -0.8787 0.4761
vn -0.0204 -0.8790 0.4764
vn 0.0273 0.8235 -0.5667
vn -0.0208 -0.8528 0.5218
vn -0.0208 -0.8528 0.5217
vn -0.0207 -0.8528 0.5218
vn -0.0256 -0.8670 0.4976
vn -0.0256 -0.8670 0.4977
vn -0.0472 -0.8649 0.4997
vn -0.0474 -0.8649 0.4997
vn -0.0110 -0.8616 0.5075
vn -0.0110 -0.8615 0.5076
vn -0.0106 -0.8625 0.5059
vn -0.0104 -0.8627 0.5056
vn -0.0106 -0.8612 0.5082
vn -0.0106 -0.8613 0.5081
vn -0.0102 -0.8623 0.5062
vn -0.0103 -0.8623 0.5064
vn -0.0110 -0.8613 0.5080
vn -0.0110 -0.8614 0.5077
vn -0.0107 -0.8623 0.5063
vn -0.0108 -0.8622 0.5064
vn -0.0094 -0.8608 0.5089
vn -0.0094 -0.8607 0.5090
vn -0.0074 -0.8629 0.5053
vn -0.0071 -0.8630 0.5052
vn -0.0070 -0.8630 0.5051
vn -0.0073 -0.8629 0.5053
vn -0.0102 -0.8631 0.5050
vn -0.0102 -0.8632 0.5048
vn 0.0214 -0.8675 0.4969
vn -0.0087 -0.8640 0.5034
vn -0.0085 -0.8640 0.5034
vn -0.0085 -0.8634 0.5044
vn -0.0085 -0.8634 0.5045
vn -0.0084 -0.8633 0.5046
vn -0.0022 -0.8491 0.5282
vn -0.0293 -0.8361 0.5479
vn -0.0631 -0.8217 0.5664
vn -0.0631 -0.8218 0.5663
vn 0.0046 -0.8611 0.5085
vn -0.0254 -0.8674 0.4969
vn -0.0254 -0.8674 0.4970
vn -0.0074 -0.8681 0.4964
vn -0.0074 -0.8681 0.4963
vn -0.0073 -0.8681 0.4964
vn -0.0190 -0.8647 0.5019
vn 0.0104 -0.8601 0.5101
vn 0.0079 -0.8566 0.5159
vn -0.0607 -0.8676 0.4935
vn -0.0608 -0.8676 0.4935
vn -0.0276 -0.8591 0.5110
vn -0.0064 -0.8517 0.5239
vn -0.0065 -0.8517 0.5239
vn 0.0883 0.8674 -0.4897
vn -0.0023 -0.8578 0.5140
vn -0.0022 -0.8577 0.5141
vn -0.0023 -0.8577 0.5141
vn -0.2300 0.7458 -0.6252
vn -0.1136 0.7949 -0.5960
vn -0.1135 0.7950 -0.5959
vn -0.1135 0.7950 -0.5960
vn 0.0566 -0.8248 0.5626
vn 0.0566 -0.8248 0.5625
vn 0.0566 -0.8249 0.5625
vn 0.0181 0.8616 -0.5072
vn 0.0180 0.8616 -0.5072
vn 0.0180 0.8616 -0.5073
vn 0.0354 0.8595 -0.5099
vn 0.0084 0.8537 -0.5207
vn 0.0083 0.8537 -0.5207
vn -0.0035 0.8571 -0.5152
vn -0.0036 0.8571 -0.5152
vn 0.0106 0.8486 -0.5290
vn 0.0018 0.8571 -0.5152
vn 0.0016 0.8570 -0.5153
vn 0.0113 0.8510 -0.5250
vn 0.0112 0.8510 -0.5250
vn -0.0027 0.8502 -0.5265
vn -0.0028 0.8502 -0.5265
vn 0.0007 0.8602 -0.5100
vn 0.0006 0.8602 -0.5100
vn 0.0242 0.8615 -0.5071
vn -0.0071 0.8627 -0.5056
vn -0.0072 0.8628 -0.5056
vn -0.0072 0.8627 -0.5056
vn 0.0096 0.8651 -0.5015
vn 0.0097 0.8651 -0.5015
vn 0.0180 0.8665 -0.4988
vn 0.0179 0.8665 -0.4988
vn -0.0079 0.8696 -0.4937
vn 0.0020 0.8660 -0.5000
vn 0.0721 0.8165 -0.5729
vn 0.0722 0.8164 -0.5729
vn 0.0256 0.8340 -0.5512
vn 0.0256 0.8340 -0.5511
vn 0.0318 0.8410 -0.5401
vn 0.0317 0.8410 -0.5401
vn 0.0116 0.8603 -0.5097
vn 0.0097 0.8643 -0.5028
vn 0.0096 0.8644 -0.5028
vn 0.0097 0.8643 -0.5029
vn -0.0072 0.8771 -0.4802
vn -0.0072 0.8772 -0.4801
vn -0.0072 0.8772 -0.4802
vn 0.0044 0.8723 -0.4889
vn 0.0044 0.8723 -0.4890
vn 0.0046 0.8721 -0.4892
vn 0.0045 0.8722 -0.4891
vn 0.0059 0.8708 -0.4916
vn -0.0825 -0.7397 0.6679
vn -0.0825 -0.7397 0.6678
vn -0.1320 -0.5214 0.8430
vn -0.1320 -0.5215 0.8430
vn -0.0995 0.3788 0.9201
vn -0.0995 0.3789 0.9201
vn -0.0129 -0.8568 0.5154
vn -0.0129 -0.8569 0.5154
vn -0.0114 -0.8715 0.4903
vn -0.0036 0.2486 0.9686
vn -0.0036 0.2485 0.9686
vn -0.0102 -0.8935 0.4490
vn -0.0132 -0.8583 0.5129
vn -0.0133 -0.8583 0.5130
vn -0.0611 -0.8095 0.5839
vn -0.0165 -0.8556 0.5174
vn 0.0079 -0.8570 0.5153
vn -0.0434 -0.8349 0.5488
vn -0.0434 -0.8348 0.5488
vn -0.0234 -0.8632 0.5043
vn -0.0732 -0.8519 0.5185
vn -0.1567 -0.8693 0.4688
vn -0.1566 -0.8693 0.4688
vn -0.0137 0.8629 -0.5051
vn -0.0138 0.8629 -0.5051
vn -0.0024 0.8669 -0.4985
vn -0.0025 0.8669 -0.4985
vn 0.0027 0.8559 -0.5172
vn -0.9897 -0.0311 -0.1397
vn -0.9897 -0.0311 -0.1396
vn -0.9897 -0.0311 -0.1395
vn -0.9897 -0.0312 -0.1395
vn -0.0990 0.8926 -0.4398
vn -0.0989 0.8926 -0.4398
vn 0.0095 0.8650 -0.5016
vn 0.0095 0.8648 -0.5020
vn 0.0094 0.8648 -0.5020
vn 0.0093 0.8649 -0.5018
vn 0.0080 0.8686 -0.4955
vn 0.0099 0.8640 -0.5034
vn 0.0101 0.8615 -0.5077
vn 0.0101 0.8615 -0.5076
vn 0.0103 0.8632 -0.5048
vn 0.0102 0.8631 -0.5049
vn 0.0079 0.8620 -0.5069
vn 0.0080 0.8619 -0.5070
vn 0.0080 0.8619 -0.5071
vn 0.0080 0.8638 -0.5038
vn 0.0079 0.8637 -0.5040
vn 0.0079 0.8636 -0.5041
vn 0.0080 0.8637 -0.5039
vn -0.0237 0.8704 -0.4917
vn -0.0238 0.8704 -0.4917
vn -0.0028 0.8463 -0.5326
vn 0.0099 0.8630 -0.5051
vn 0.0102 0.8632 -0.5047
vn 0.0088 0.8633 -0.5046
vn 0.0087 0.8633 -0.5046
vn 0.0103 0.8631 -0.5049
vn 0.0099 0.8629 -0.5053
vn 0.0094 0.8627 -0.5056
vn 0.0092 0.8628 -0.5055
vn 0.0117 0.8611 -0.5083
vn 0.0118 0.8611 -0.5082
vn 0.0120 0.8612 -0.5081
vn 0.0094 0.8616 -0.5075
vn 0.0093 0.8616 -0.5074
vn 0.0094 0.8616 -0.5074
vn 0.0106 0.8629 -0.5052
vn 0.0101 0.8630 -0.5051
vn 0.0102 0.8631 -0.5050
vn -0.0127 -0.8566 0.5158
vn -0.0136 -0.8645 0.5025
vn -0.0135 -0.8645 0.5025
vn -0.0047 -0.8440 0.5363
vn 0.0086 -0.8511 0.5249
vn 0.0086 -0.8512 0.5247
vn 0.0086 -0.8513 0.5247
vn 0.0085 -0.8553 0.5181
vn 0.0086 -0.8553 0.5181
vn 0.0015 -0.8621 0.5068
vn 0.0015 -0.8619 0.5071
vn -0.0010 -0.8597 0.5109
vn -0.0011 -0.8596 0.5109
vn 0.0217 -0.8628 0.5051
vn -0.0071 -0.8602 0.5099
vn -0.0072 -0.8601 0.5100
vn -0.0165 -0.8536 0.5206
vn -0.0166 -0.8535 0.5208
vn -0.0173 -0.8438 0.5364
vn -0.0172 -0.8438 0.5364
vn -0.0131 -0.8486 0.5289
vn -0.0113 -0.8600 0.5102
vn 0.0116 0.8625 -0.5059
vn 0.0115 0.8625 -0.5060
vn 0.0117 0.8626 -0.5058
vn 0.0029 0.8525 -0.5227
vn 0.0029 0.8526 -0.5225
vn 0.0028 0.8527 -0.5224
vn -0.0121 -0.8615 0.5077
vn -0.0119 -0.8614 0.5078
vn -0.0118 -0.8614 0.5078
vn -0.0119 -0.8614 0.5077
vn -0.0203 -0.8631 0.5046
vn -0.0204 -0.8632 0.5045
vn -0.0204 -0.8631 0.5046
vn -0.0205 -0.8632 0.5045
vn -0.0704 -0.8132 0.5778
vn -0.0704 -0.8132 0.5777
vn -0.0728 -0.8178 0.5709
vn -0.0727 -0.8178 0.5709
vn -0.0625 -0.7729 0.6315
vn -0.0625 -0.7729 0.6314
vn -0.0447 -0.7798 0.6244
vn -0.0726 -0.8181 0.5705
vn -0.0727 -0.8181 0.5705
vn -0.0726 -0.8181 0.5704
vn -0.0008 -0.7842 0.6205
vn -0.0007 -0.7842 0.6205
vn 0.0568 0.7789 -0.6246
vn 0.0568 0.7789 -0.6245
vn -0.7818 0.6235 0.0054
vn -0.7818 0.6235 0.0053
vn 0.1019 0.7603 -0.6415
vn 0.1619 0.7528 -0.6380
vn 0.1618 0.7528 -0.6380
vn 0.0661 0.7697 -0.6350
vn 0.0659 0.7698 -0.6349
vn 0.0961 0.7680 -0.6332
vn 0.0960 0.7680 -0.6332
vn 0.0892 0.7727 -0.6285
vn 0.1110 0.7870 -0.6068
vn 0.1110 0.7870 -0.6069
vn 0.1184 0.7697 -0.6273
vn 0.1902 0.7552 -0.6273
vn 0.1568 0.7656 -0.6239
vn 0.2426 0.7518 -0.6131
vn 0.2403 0.7586 -0.6056
vn 0.7982 0.4588 -0.3904
vn 0.7982 0.4587 -0.3904
vn 0.5958 0.6496 -0.4722
vn 0.5959 0.6496 -0.4722
vn 0.5958 0.6497 -0.4722
vn -0.9746 -0.2088 -0.0813
vn -0.9746 -0.2089 -0.0812
vn -0.9746 -0.2088 -0.0812
vn -0.8558 0.3798 -0.3513
vn -0.8558 0.3798 -0.3512
vn -0.4869 -0.7582 0.4337
vn -0.4870 -0.7582 0.4336
vn -0.3338 -0.6999 0.6315
vn -0.2282 -0.7688 0.5973
vn -0.2282 -0.7689 0.5973
vn -0.2871 -0.7274 0.6233
vn -0.1155 -0.7698 0.6277
vn -0.1154 -0.7698 0.6278
vn -0.1153 -0.7697 0.6279
vn -0.1323 -0.7632 0.6324
vn -0.1322 -0.7633 0.6324
vn -0.0757 -0.7739 0.6287
vn -0.0758 -0.7739 0.6287
vn -0.0713 -0.7757 0.6271
vn -0.0717 -0.7755 0.6272
vn -0.0715 -0.7756 0.6271
vn 0.0831 -0.8046 0.5880
vn 0.0832 -0.8046 0.5880
vn -0.0719 -0.7761 0.6264
vn -0.0719 -0.7762 0.6264
vn -0.0718 -0.7762 0.6264
vn -0.0769 -0.7749 0.6274
vn -0.0770 -0.7749 0.6274
vn 0.2333 0.7335 -0.6383
vn 0.2333 0.7336 -0.6383
vn 0.2959 -0.8187 0.4921
vn 0.2960 -0.8186 0.4921
vn 0.2960 -0.8187 0.4921
vn 0.0798 0.7756 -0.6262
vn 0.0892 0.7735 -0.6275
vn 0.0863 0.7720 -0.6298
vn 0.0862 0.7720 -0.6298
vn 0.0939 0.7723 -0.6283
vn 0.0940 0.7723 -0.6283
vn 0.0926 0.7717 -0.6292
vn 0.0927 0.7717 -0.6292
vn 0.1032 0.7728 -0.6262
vn 0.1033 0.7728 -0.6262
vn 0.8495 -0.4849 0.2080
vn 0.8495 -0.4849 0.2079
vn 0.8495 -0.4850 0.2079
vn 0.4112 -0.7584 0.5057
vn -0.0875 -0.7724 0.6291
vn -0.1179 -0.7747 0.6212
vn -0.1178 -0.7748 0.6212
vn -0.1178 -0.7747 0.6212
vn -0.2232 -0.7683 0.6000
vn -0.2231 -0.7683 0.6000
vn -0.2230 -0.7683 0.6000
vn -0.1858 -0.7864 0.5890
vn -0.1862 -0.7864 0.5890
vn -0.1863 -0.7864 0.5890
vn -0.1753 -0.7886 0.5894
vn -0.4655 -0.6921 0.5516
vn -0.4656 -0.6921 0.5516
vn -0.1079 -0.7627 0.6377
vn -0.1078 -0.7627 0.6377
vn -0.1414 -0.8144 0.5628
vn -0.1414 -0.8145 0.5627
vn -0.1414 -0.8145 0.5626
vn 0.0628 0.5925 -0.8031
vn 0.0628 0.5926 -0.8031
vn 0.1985 0.7318 -0.6519
vn 0.1886 0.7890 -0.5848
vn 0.1886 0.7891 -0.5846
vn 0.1609 0.7917 -0.5893
vn 0.1610 0.7917 -0.5893
vn 0.1611 0.7917 -0.5893
vn 0.2147 0.7672 -0.6044
vn 0.2146 0.7671 -0.6046
vn 0.1951 0.7748 -0.6013
vn -0.6884 -0.7251 -0.0150
vn -0.6884 -0.7252 -0.0150
vn -0.7618 -0.6038 0.2349
vn -0.7617 -0.6038 0.2349
vn 0.1958 0.7679 -0.6099
vn -0.0672 -0.7672 0.6379
vn -0.0671 -0.7672 0.6379
vn 0.2167 -0.8267 0.5192
vn -0.1405 -0.8298 0.5401
vn -0.1406 -0.8297 0.5403
vn -0.1406 -0.8296 0.5403
vn -0.3522 -0.6819 0.6410
vn -0.3522 -0.6819 0.6411
vn 0.4113 0.6688 -0.6193
vn 0.4114 0.6688 -0.6193
vn 0.8867 0.2156 -0.4090
vn 0.8867 0.2157 -0.4090
vn -0.0102 0.8621 -0.5066
vn -0.0103 0.8620 -0.5067
vn -0.0103 0.8620 -0.5068
vn -0.0102 0.8621 -0.5067
vn -0.0412 -0.8421 0.5378
vn -0.0410 -0.8421 0.5378
vn 0.0573 0.8405 -0.5388
vn 0.0572 0.8405 -0.5388
vn -0.5853 -0.6779 -0.4447
vn -0.5854 -0.6780 -0.4446
vn -0.5854 -0.6780 -0.4447
vn 0.9893 0.1347 0.0561
vn 0.9893 0.1347 0.0560
vn 0.6592 0.7458 0.0958
vn 0.6592 0.7458 0.0957
vn 0.6592 0.7459 0.0957
vn 0.8834 0.3844 0.2680
vn 0.8834 0.3843 0.2681
vt 0.384780 0.485250
vt 0.391250 0.482620
vt 0.384770 0.480480
vt 0.377350 0.478190
vt 0.331760 0.449260
vt 0.339190 0.456320
vt 0.326860 0.455480
vt 0.325140 0.449830
vt 0.391410 0.484680
vt 0.397970 0.484230
vt 0.312020 0.449680
vt 0.317780 0.450270
vt 0.315740 0.455240
vt 0.308420 0.452450
vt 0.056510 0.706200
vt 0.052580 0.700950
vt 0.048490 0.695810
vt 0.053620 0.701100
vt 0.365750 0.822540
vt 0.356470 0.826720
vt 0.347370 0.811330
vt 0.353460 0.808900
vt 0.376540 0.823270
vt 0.375110 0.829300
vt 0.367620 0.830640
vt 0.373440 0.813030
vt 0.381730 0.815320
vt 0.361950 0.808790
vt 0.360460 0.833060
vt 0.267270 0.321030
vt 0.268270 0.307560
vt 0.255090 0.305180
vt 0.259200 0.323930
vt 0.266120 0.341680
vt 0.276200 0.330680
vt 0.282920 0.315220
vt 0.347170 0.115470
vt 0.356070 0.110660
vt 0.351130 0.104250
vt 0.343630 0.107640
vt 0.336510 0.111660
vt 0.333770 0.117830
vt 0.341350 0.121050
vt 0.336290 0.104440
vt 0.361320 0.128140
vt 0.367010 0.125100
vt 0.354160 0.128880
vt 0.441650 0.612440
vt 0.438030 0.624570
vt 0.423500 0.614540
vt 0.432950 0.601350
vt 0.445320 0.591600
vt 0.451940 0.610550
vt 0.455620 0.629630
vt 0.352000 0.273000
vt 0.341660 0.263220
vt 0.335730 0.280400
vt 0.351710 0.287600
vt 0.363680 0.266300
vt 0.353140 0.247630
vt 0.369330 0.287440
vt 0.367340 0.640300
vt 0.371890 0.626210
vt 0.386600 0.636080
vt 0.376160 0.650660
vt 0.354650 0.640840
vt 0.354620 0.619120
vt 0.362030 0.659200
vt 0.374340 0.675360
vt 0.356690 0.685440
vt 0.344330 0.664770
vt 0.335860 0.641420
vt 0.389240 0.662870
vt 0.405590 0.673370
vt 0.390340 0.690120
vt 0.401800 0.646530
vt 0.418800 0.656880
vt 0.437540 0.666530
vt 0.424350 0.683870
vt 0.412890 0.630180
vt 0.430400 0.640900
vt 0.448360 0.648770
vt 0.456870 0.651710
vt 0.447190 0.670990
vt 0.463430 0.630620
vt 0.468840 0.631250
vt 0.462070 0.653400
vt 0.462970 0.607880
vt 0.468450 0.606550
vt 0.473420 0.605430
vt 0.473820 0.631790
vt 0.451670 0.586980
vt 0.456580 0.583790
vt 0.461020 0.581010
vt 0.440140 0.566750
vt 0.444520 0.563140
vt 0.448650 0.559810
vt 0.465190 0.578280
vt 0.478190 0.604410
vt 0.238360 0.330110
vt 0.239890 0.329670
vt 0.239040 0.302480
vt 0.238120 0.302220
vt 0.478420 0.632290
vt 0.251360 0.356230
vt 0.253230 0.353990
vt 0.267890 0.374700
vt 0.270550 0.370950
vt 0.273900 0.366510
vt 0.256760 0.350570
vt 0.244630 0.328420
vt 0.249590 0.327050
vt 0.248990 0.304070
vt 0.243640 0.303230
vt 0.260900 0.346710
vt 0.277650 0.361490
vt 0.282270 0.355090
vt 0.289720 0.344060
vt 0.296890 0.375540
vt 0.301350 0.368100
vt 0.309070 0.354600
vt 0.318120 0.336770
vt 0.299590 0.326120
vt 0.321310 0.379890
vt 0.330320 0.364590
vt 0.339770 0.345850
vt 0.347210 0.327120
vt 0.325630 0.317920
vt 0.353830 0.375140
vt 0.363720 0.356430
vt 0.371740 0.336690
vt 0.372240 0.311190
vt 0.350630 0.306610
vt 0.385040 0.360270
vt 0.391500 0.336220
vt 0.390870 0.307650
vt 0.387290 0.281480
vt 0.411700 0.333460
vt 0.410310 0.303430
vt 0.406180 0.274810
vt 0.399220 0.246900
vt 0.380890 0.256560
vt 0.428360 0.299180
vt 0.423260 0.268520
vt 0.414290 0.238850
vt 0.401800 0.209780
vt 0.386450 0.220220
vt 0.431070 0.265510
vt 0.422330 0.234480
vt 0.407750 0.205720
vt 0.391730 0.177790
vt 0.383630 0.184170
vt 0.426130 0.232380
vt 0.411940 0.202840
vt 0.395860 0.174570
vt 0.378180 0.148690
vt 0.373560 0.152230
vt 0.415520 0.200360
vt 0.399270 0.172060
vt 0.382170 0.145950
vt 0.401050 0.171710
vt 0.385140 0.146000
vt 0.369660 0.118540
vt 0.361520 0.106230
vt 0.385610 0.145280
vt 0.371680 0.116960
vt 0.364550 0.104990
vt 0.362300 0.100820
vt 0.357850 0.101630
vt 0.351990 0.829520
vt 0.344860 0.817550
vt 0.354250 0.833690
vt 0.354370 0.099970
vt 0.348610 0.101680
vt 0.347920 0.099890
vt 0.341500 0.101010
vt 0.342220 0.103480
vt 0.352240 0.099570
vt 0.337800 0.100890
vt 0.337020 0.101760
vt 0.368420 0.833180
vt 0.374950 0.832060
vt 0.362760 0.834530
vt 0.381810 0.832660
vt 0.380040 0.833830
vt 0.382920 0.827720
vt 0.384850 0.826350
vt 0.387310 0.833320
vt 0.331700 0.108160
vt 0.329230 0.101190
vt 0.387060 0.815800
vt 0.387770 0.815670
vt 0.328770 0.118850
vt 0.193250 0.663440
vt 0.192890 0.662740
vt 0.208460 0.665510
vt 0.208940 0.666190
vt 0.322110 0.133250
vt 0.326950 0.132250
vt 0.333280 0.136270
vt 0.312450 0.156560
vt 0.315980 0.157380
vt 0.321110 0.160620
vt 0.328890 0.165580
vt 0.343110 0.142890
vt 0.305770 0.180830
vt 0.310950 0.183990
vt 0.318270 0.188510
vt 0.332320 0.196800
vt 0.347440 0.177830
vt 0.299000 0.205120
vt 0.304890 0.208880
vt 0.319760 0.217960
vt 0.338130 0.229650
vt 0.352320 0.209100
vt 0.293580 0.229430
vt 0.309390 0.239120
vt 0.326860 0.250670
vt 0.300930 0.259430
vt 0.319060 0.269930
vt 0.294000 0.278260
vt 0.313080 0.288540
vt 0.331260 0.298720
vt 0.307520 0.306720
vt 0.288520 0.296200
vt 0.275800 0.268930
vt 0.269160 0.288290
vt 0.267730 0.264520
vt 0.259550 0.284460
vt 0.263070 0.261830
vt 0.254030 0.282160
vt 0.259190 0.259350
vt 0.249520 0.280170
vt 0.255660 0.256900
vt 0.245530 0.278360
vt 0.321680 0.808410
vt 0.317690 0.806600
vt 0.311190 0.830730
vt 0.315800 0.831470
vt 0.471010 0.656150
vt 0.460880 0.677610
vt 0.459770 0.677180
vt 0.470820 0.656300
vt 0.337740 0.866490
vt 0.337920 0.866340
vt 0.330330 0.890360
vt 0.331250 0.890620
vt 0.456030 0.675150
vt 0.466590 0.654880
vt 0.451920 0.673130
vt 0.444380 0.693620
vt 0.440440 0.691860
vt 0.435510 0.689520
vt 0.430220 0.711800
vt 0.423840 0.708770
vt 0.408900 0.701010
vt 0.409270 0.727700
vt 0.390410 0.716710
vt 0.372470 0.702930
vt 0.371050 0.731330
vt 0.353180 0.714190
vt 0.336960 0.693110
vt 0.333770 0.723090
vt 0.315380 0.699600
vt 0.303870 0.671460
vt 0.323770 0.669310
vt 0.296740 0.641020
vt 0.316670 0.641050
vt 0.293040 0.609020
vt 0.313500 0.610880
vt 0.333400 0.612910
vt 0.315320 0.580820
vt 0.337000 0.584290
vt 0.359480 0.595720
vt 0.346310 0.564050
vt 0.369980 0.576780
vt 0.390490 0.589340
vt 0.379660 0.607550
vt 0.407900 0.602240
vt 0.396750 0.619190
vt 0.402390 0.573260
vt 0.420400 0.586440
vt 0.411880 0.562030
vt 0.429490 0.576640
vt 0.417430 0.555810
vt 0.435360 0.571020
vt 0.421740 0.551080
vt 0.397950 0.540910
vt 0.402490 0.536280
vt 0.406870 0.532200
vt 0.425710 0.546940
vt 0.410410 0.529620
vt 0.429140 0.543580
vt 0.287400 0.390930
vt 0.306130 0.404890
vt 0.309030 0.399840
vt 0.290270 0.386280
vt 0.312150 0.394590
vt 0.293390 0.381280
vt 0.315770 0.388780
vt 0.330210 0.409620
vt 0.335390 0.402970
vt 0.343230 0.392030
vt 0.357450 0.421140
vt 0.367150 0.405860
vt 0.376440 0.383340
vt 0.385880 0.412210
vt 0.397060 0.388670
vt 0.406270 0.362220
vt 0.414900 0.391510
vt 0.428460 0.363230
vt 0.430670 0.330950
vt 0.437470 0.362890
vt 0.440060 0.329490
vt 0.436800 0.296970
vt 0.444540 0.328640
vt 0.441170 0.295710
vt 0.435160 0.263880
vt 0.444500 0.294670
vt 0.438410 0.262580
vt 0.309780 0.953250
vt 0.313030 0.951950
vt 0.304290 0.919870
vt 0.300760 0.921750
vt 0.429660 0.230500
vt 0.245360 0.583660
vt 0.254110 0.615740
vt 0.254730 0.614930
vt 0.245080 0.583200
vt 0.426020 0.962890
vt 0.426120 0.963420
vt 0.435960 0.994930
vt 0.434940 0.995000
vt 0.416330 0.199760
vt 0.449760 0.497230
vt 0.419470 0.495800
vt 0.419950 0.496380
vt 0.450140 0.497960
vt 0.478190 0.499170
vt 0.477800 0.498470
vt 0.401040 0.171320
vt 0.315500 0.763190
vt 0.300380 0.735130
vt 0.301500 0.735590
vt 0.317750 0.763450
vt 0.333860 0.790190
vt 0.330930 0.789230
vt 0.321610 0.761660
vt 0.338380 0.788110
vt 0.325910 0.759660
vt 0.344920 0.781770
vt 0.336810 0.752510
vt 0.355290 0.773070
vt 0.372190 0.790340
vt 0.384320 0.802190
vt 0.370640 0.759750
vt 0.386100 0.770950
vt 0.396440 0.776700
vt 0.402170 0.779260
vt 0.389810 0.804290
vt 0.402280 0.751330
vt 0.408490 0.754070
vt 0.413470 0.756110
vt 0.418070 0.757820
vt 0.405000 0.778770
vt 0.420700 0.733240
vt 0.425090 0.735510
vt 0.429270 0.737730
vt 0.287270 0.196780
vt 0.290820 0.199430
vt 0.301320 0.178290
vt 0.298470 0.176690
vt 0.438070 0.715180
vt 0.441260 0.716370
vt 0.275280 0.218150
vt 0.278990 0.220280
vt 0.282780 0.222600
vt 0.294740 0.202240
vt 0.266350 0.238540
vt 0.269800 0.240620
vt 0.273310 0.242830
vt 0.277130 0.245300
vt 0.286970 0.225230
vt 0.284430 0.249830
vt 0.450190 0.695970
vt 0.448150 0.695240
vt 0.434060 0.713510
vt 0.415780 0.730830
vt 0.388920 0.744270
vt 0.352490 0.743310
vt 0.315620 0.730810
vt 0.309400 0.732890
vt 0.297180 0.703550
vt 0.303740 0.702190
vt 0.285440 0.673270
vt 0.291190 0.672800
vt 0.278200 0.641210
vt 0.283640 0.641160
vt 0.274030 0.608050
vt 0.279970 0.608290
vt 0.274440 0.573920
vt 0.280650 0.574730
vt 0.293650 0.576800
vt 0.283520 0.541780
vt 0.301210 0.547120
vt 0.322210 0.553430
vt 0.313260 0.522270
vt 0.334230 0.531790
vt 0.358130 0.546720
vt 0.344850 0.516550
vt 0.370120 0.532460
vt 0.391990 0.547320
vt 0.381920 0.559530
vt 0.378610 0.524430
vt 0.355110 0.504340
vt 0.362550 0.496810
vt 0.384960 0.519630
vt 0.367440 0.488350
vt 0.388550 0.513720
vt 0.373170 0.492530
vt 0.391510 0.513740
vt 0.325030 0.420770
vt 0.325500 0.415160
vt 0.343370 0.441980
vt 0.344130 0.436070
vt 0.350120 0.431360
vt 0.360480 0.463080
vt 0.359180 0.453130
vt 0.365320 0.447670
vt 0.375240 0.434230
vt 0.368720 0.461350
vt 0.371550 0.452090
vt 0.386910 0.436600
vt 0.402790 0.418640
vt 0.385880 0.455850
vt 0.399420 0.440220
vt 0.414670 0.419340
vt 0.427380 0.392970
vt 0.410640 0.443180
vt 0.425480 0.421530
vt 0.436650 0.394050
vt 0.443030 0.362600
vt 0.434800 0.423540
vt 0.445970 0.396270
vt 0.447740 0.362310
vt 0.448300 0.327900
vt 0.450230 0.396610
vt 0.452150 0.362020
vt 0.451760 0.327210
vt 0.445930 0.294210
vt 0.455800 0.361740
vt 0.453580 0.326670
vt 0.446620 0.293670
vt 0.439220 0.261210
vt 0.439040 0.261770
vt 0.269920 0.640840
vt 0.262960 0.607840
vt 0.266410 0.607880
vt 0.271080 0.641370
vt 0.277890 0.673670
vt 0.277320 0.673300
vt 0.288340 0.705310
vt 0.287380 0.704950
vt 0.274330 0.641270
vt 0.281260 0.673520
vt 0.292460 0.704480
vt 0.305280 0.734260
vt 0.269950 0.607940
vt 0.264970 0.573100
vt 0.269470 0.573440
vt 0.266900 0.538310
vt 0.271210 0.539030
vt 0.276030 0.539950
vt 0.277560 0.508990
vt 0.283480 0.511170
vt 0.295570 0.515630
vt 0.294820 0.489770
vt 0.308040 0.495030
vt 0.324500 0.503210
vt 0.318390 0.478270
vt 0.333170 0.486830
vt 0.324180 0.467840
vt 0.340530 0.475120
vt 0.303970 0.474180
vt 0.311130 0.464080
vt 0.295320 0.471050
vt 0.303240 0.459510
vt 0.291950 0.468550
vt 0.302960 0.456580
vt 0.413580 0.477930
vt 0.424590 0.465960
vt 0.422540 0.465340
vt 0.408750 0.476880
vt 0.404520 0.484830
vt 0.415550 0.463300
vt 0.401950 0.474700
vt 0.406440 0.461220
vt 0.394290 0.472610
vt 0.394900 0.459940
vt 0.386550 0.470610
vt 0.380490 0.479100
vt 0.378490 0.469270
vt 0.375030 0.475900
vt 0.367210 0.467940
vt 0.421050 0.445380
vt 0.429950 0.447580
vt 0.443310 0.427580
vt 0.434870 0.448770
vt 0.447550 0.428260
vt 0.453690 0.396870
vt 0.262850 0.537640
vt 0.269000 0.506250
vt 0.273110 0.507600
vt 0.260740 0.572770
vt 0.206810 0.728260
vt 0.207940 0.724120
vt 0.229050 0.735780
vt 0.230980 0.734520
vt 0.316410 0.971000
vt 0.323440 0.947000
vt 0.329370 0.949490
vt 0.320860 0.972390
vt 0.286060 0.486100
vt 0.280130 0.483610
vt 0.436410 0.450900
vt 0.388300 0.495820
vt 0.387740 0.495170
vt 0.311540 0.155740
vt 0.322050 0.132620
vt 0.394490 0.801890
vt 0.369480 0.231630
vt 0.368780 0.195760
vt 0.363290 0.161500
vt 0.333710 0.100490
vt 0.358940 0.834830
vt 0.356060 0.471440
vt 0.381260 0.851130
vt 0.377300 0.843710
vt 0.377760 0.848000
vt 0.377350 0.853460
vt 0.378280 0.861270
vt 0.378720 0.868000
vt 0.357600 0.099690
vt 0.375040 0.833500
vt 0.378750 0.833620
vt 0.368630 0.834620
vt 0.364300 0.834950
vt 0.018910 0.738990
vt 0.020610 0.737680
vt 0.024290 0.737290
vt 0.021010 0.739260
vt 0.382830 0.834020
vt 0.336500 0.100680
vt 0.625380 0.088210
vt 0.615950 0.096340
vt 0.618910 0.101800
vt 0.631370 0.097630
vt 0.608120 0.090660
vt 0.607660 0.096910
vt 0.650770 0.090280
vt 0.648060 0.075620
vt 0.813140 0.028300
vt 0.847440 0.014480
vt 0.826530 0.010530
vt 0.802780 0.019460
vt 0.848180 0.045170
vt 0.857250 0.042000
vt 0.766180 0.025650
vt 0.768040 0.031250
vt 0.767810 0.039090
vt 0.805060 0.041830
vt 0.832890 0.055640
vt 0.723220 0.205090
vt 0.719900 0.187490
vt 0.696000 0.197990
vt 0.710110 0.218620
vt 0.730000 0.232850
vt 0.739180 0.207950
vt 0.742990 0.183030
vt 0.694720 0.977820
vt 0.697290 0.980550
vt 0.673540 0.989470
vt 0.670980 0.988950
vt 0.654720 0.980350
vt 0.670900 0.968780
vt 0.701940 0.969050
vt 0.643440 0.987120
vt 0.674510 0.994930
vt 0.674400 0.995000
vt 0.821750 0.063710
vt 0.799890 0.055980
vt 0.824350 0.083880
vt 0.843080 0.082380
vt 0.799660 0.079420
vt 0.612780 0.100060
vt 0.609330 0.100490
vt 0.614050 0.105420
vt 0.607670 0.106350
vt 0.118080 0.716460
vt 0.118700 0.716010
vt 0.131490 0.720710
vt 0.130580 0.721860
vt 0.614490 0.117340
vt 0.618120 0.115420
vt 0.595930 0.101150
vt 0.593790 0.103280
vt 0.606580 0.107930
vt 0.769990 0.232280
vt 0.775350 0.245640
vt 0.795470 0.226220
vt 0.779450 0.215440
vt 0.759950 0.209940
vt 0.752670 0.233680
vt 0.749640 0.258720
vt 0.592750 0.094810
vt 0.561200 0.080880
vt 0.559220 0.078930
vt 0.554270 0.081350
vt 0.559740 0.084240
vt 0.565830 0.080270
vt 0.565310 0.077310
vt 0.566040 0.085830
vt 0.686060 0.957600
vt 0.705580 0.958770
vt 0.679970 0.943380
vt 0.703650 0.944160
vt 0.651300 0.957260
vt 0.729160 0.769820
vt 0.746050 0.773670
vt 0.733830 0.792960
vt 0.715840 0.784690
vt 0.724570 0.749920
vt 0.751940 0.752430
vt 0.702380 0.771870
vt 0.940690 0.919530
vt 0.936170 0.919290
vt 0.938110 0.914140
vt 0.943270 0.916750
vt 0.941740 0.921420
vt 0.935430 0.922510
vt 0.948070 0.920100
vt 0.755670 0.821700
vt 0.768880 0.810430
vt 0.779240 0.828530
vt 0.756960 0.837440
vt 0.734320 0.839680
vt 0.740840 0.818380
vt 0.752870 0.799910
vt 0.852910 0.908680
vt 0.877230 0.916410
vt 0.876060 0.929960
vt 0.851950 0.935350
vt 0.827910 0.939030
vt 0.825890 0.915870
vt 0.820570 0.896260
vt 0.842760 0.884140
vt 0.868550 0.894180
vt 0.882950 0.904210
vt 0.889490 0.896670
vt 0.904210 0.900760
vt 0.900640 0.908880
vt 0.898420 0.921810
vt 0.878310 0.888220
vt 0.860870 0.874630
vt 0.870480 0.871060
vt 0.876760 0.869220
vt 0.883760 0.883040
vt 0.893490 0.892080
vt 0.867290 0.845130
vt 0.874870 0.843300
vt 0.881660 0.842050
vt 0.882540 0.867720
vt 0.885580 0.882670
vt 0.617540 0.132290
vt 0.618420 0.157960
vt 0.624170 0.158670
vt 0.622950 0.132490
vt 0.631750 0.158900
vt 0.628940 0.132180
vt 0.623550 0.112930
vt 0.637090 0.131580
vt 0.632490 0.109920
vt 0.655990 0.128330
vt 0.651150 0.105690
vt 0.682460 0.122380
vt 0.678520 0.099750
vt 0.673940 0.078920
vt 0.671200 0.057770
vt 0.707430 0.090930
vt 0.701440 0.066890
vt 0.697130 0.049520
vt 0.694250 0.038870
vt 0.669900 0.047300
vt 0.732030 0.056330
vt 0.728400 0.042300
vt 0.726040 0.033910
vt 0.723930 0.027280
vt 0.691540 0.031690
vt 0.808530 0.968320
vt 0.807080 0.965980
vt 0.830770 0.958550
vt 0.830870 0.960130
vt 0.669210 0.039880
vt 0.776140 0.972720
vt 0.775570 0.971350
vt 0.773300 0.964570
vt 0.804390 0.957860
vt 0.733900 0.974360
vt 0.734400 0.972180
vt 0.735650 0.965870
vt 0.735780 0.956390
vt 0.770950 0.956340
vt 0.766300 0.935580
vt 0.797260 0.926410
vt 0.801610 0.946670
vt 0.733610 0.941940
vt 0.731990 0.914760
vt 0.762360 0.910120
vt 0.702710 0.916280
vt 0.702240 0.889390
vt 0.730800 0.888520
vt 0.672580 0.918100
vt 0.673410 0.889090
vt 0.649070 0.922050
vt 0.653390 0.887640
vt 0.658350 0.855050
vt 0.678280 0.859010
vt 0.704410 0.862130
vt 0.685870 0.829380
vt 0.710300 0.836010
vt 0.731240 0.863380
vt 0.758340 0.860520
vt 0.759750 0.884790
vt 0.784330 0.851860
vt 0.787830 0.877320
vt 0.792540 0.903410
vt 0.813600 0.867150
vt 0.809020 0.839640
vt 0.833830 0.826540
vt 0.837800 0.856110
vt 0.852200 0.817690
vt 0.857210 0.848340
vt 0.862690 0.813030
vt 0.838790 0.787820
vt 0.847420 0.781130
vt 0.853780 0.775660
vt 0.870790 0.809870
vt 0.859110 0.770590
vt 0.878120 0.807230
vt 0.621950 0.192780
vt 0.640960 0.229420
vt 0.645020 0.227080
vt 0.627840 0.192100
vt 0.651710 0.222780
vt 0.636150 0.190530
vt 0.659950 0.217900
vt 0.646270 0.187980
vt 0.641190 0.158180
vt 0.663400 0.182640
vt 0.659420 0.154990
vt 0.689010 0.173330
vt 0.685480 0.147950
vt 0.716730 0.163890
vt 0.714330 0.139780
vt 0.711720 0.115350
vt 0.745250 0.131450
vt 0.742550 0.107460
vt 0.738050 0.081790
vt 0.773770 0.101480
vt 0.770790 0.073890
vt 0.768310 0.045890
vt 0.800270 0.106700
vt 0.772750 0.131380
vt 0.798750 0.135910
vt 0.824910 0.141390
vt 0.827870 0.111300
vt 0.842180 0.145220
vt 0.846750 0.113270
vt 0.849670 0.146940
vt 0.854700 0.114220
vt 0.859570 0.079550
vt 0.861080 0.115130
vt 0.866520 0.078670
vt 0.296480 0.977610
vt 0.303430 0.976730
vt 0.294170 0.940060
vt 0.285100 0.943230
vt 0.397450 0.958670
vt 0.391220 0.995000
vt 0.393460 0.994210
vt 0.394600 0.958280
vt 0.042100 0.704460
vt 0.039230 0.704140
vt 0.038360 0.664000
vt 0.032830 0.667790
vt 0.862780 0.038210
vt 0.857290 0.008990
vt 0.417320 0.946170
vt 0.418190 0.986310
vt 0.417700 0.985990
vt 0.419820 0.944030
vt 0.865280 0.036070
vt 0.858850 0.009010
vt 0.634790 0.963940
vt 0.636920 0.921980
vt 0.639170 0.921760
vt 0.641140 0.958470
vt 0.641220 0.991000
vt 0.357990 0.852040
vt 0.342510 0.885400
vt 0.342810 0.884160
vt 0.358200 0.846450
vt 0.485310 0.279150
vt 0.483430 0.284430
vt 0.498890 0.301030
vt 0.487620 0.307800
vt 0.457590 0.558320
vt 0.457330 0.517610
vt 0.467400 0.516630
vt 0.469640 0.551840
vt 0.196370 0.282490
vt 0.208420 0.276010
vt 0.228020 0.287530
vt 0.211830 0.299100
vt 0.639000 0.923030
vt 0.638540 0.885260
vt 0.644990 0.886460
vt 0.645130 0.851890
vt 0.650450 0.853180
vt 0.654290 0.819440
vt 0.659680 0.821060
vt 0.667340 0.823420
vt 0.671660 0.789360
vt 0.680180 0.793790
vt 0.698030 0.803330
vt 0.720310 0.813120
vt 0.689640 0.759390
vt 0.666550 0.786920
vt 0.685190 0.755940
vt 0.715140 0.731310
vt 0.718560 0.737590
vt 0.753680 0.723430
vt 0.754110 0.731020
vt 0.790570 0.738640
vt 0.782080 0.755310
vt 0.794330 0.729770
vt 0.824580 0.750230
vt 0.817700 0.759170
vt 0.753250 0.717180
vt 0.796720 0.723010
vt 0.830020 0.743280
vt 0.059150 0.677050
vt 0.082910 0.709430
vt 0.076550 0.714900
vt 0.053710 0.684000
vt 0.670050 0.256730
vt 0.703350 0.277000
vt 0.706260 0.274940
vt 0.671460 0.255340
vt 0.008140 0.576400
vt 0.006740 0.577780
vt 0.037230 0.603710
vt 0.031900 0.608780
vt 0.707620 0.272210
vt 0.673550 0.253880
vt 0.248100 0.754920
vt 0.234640 0.718640
vt 0.236000 0.718130
vt 0.247900 0.753810
vt 0.674440 0.254580
vt 0.331610 0.919600
vt 0.364110 0.938500
vt 0.368120 0.931380
vt 0.338230 0.912730
vt 0.681060 0.247710
vt 0.710960 0.266370
vt 0.717660 0.254700
vt 0.690970 0.237480
vt 0.673470 0.210210
vt 0.748500 0.270790
vt 0.405670 0.935800
vt 0.405180 0.942810
vt 0.748010 0.277800
vt 0.786250 0.268900
vt 0.783410 0.262760
vt 0.811000 0.239740
vt 0.815070 0.243350
vt 0.831080 0.211360
vt 0.825440 0.208340
vt 0.788620 0.274020
vt 0.818840 0.246420
vt 0.835900 0.213730
vt 0.847020 0.180790
vt 0.841720 0.179080
vt 0.822490 0.249440
vt 0.840390 0.215830
vt 0.851680 0.182290
vt 0.859980 0.149370
vt 0.855150 0.148220
vt 0.648390 0.817720
vt 0.659680 0.784180
vt 0.662030 0.785050
vt 0.649540 0.818030
vt 0.640320 0.850710
vt 0.640100 0.850640
vt 0.226010 0.994080
vt 0.261200 0.994720
vt 0.261020 0.994030
vt 0.225950 0.993710
vt 0.636680 0.885900
vt 0.297280 0.995000
vt 0.296970 0.994290
vt 0.677590 0.750560
vt 0.681250 0.753100
vt 0.709450 0.721900
vt 0.712250 0.726280
vt 0.753180 0.711350
vt 0.218990 0.650730
vt 0.259620 0.664450
vt 0.262530 0.662390
vt 0.219060 0.656560
vt 0.746890 0.288660
vt 0.790620 0.278110
vt 0.747650 0.279130
vt 0.044510 0.985840
vt 0.044550 0.986310
vt 0.005000 0.974460
vt 0.005430 0.974720
vt 0.863300 0.114290
vt 0.834770 0.176810
vt 0.820010 0.171910
vt 0.813280 0.201990
vt 0.795240 0.164430
vt 0.789930 0.191530
vt 0.769480 0.158940
vt 0.765690 0.184870
vt 0.744070 0.156990
vt 0.823160 0.799160
vt 0.805140 0.773900
vt 0.801300 0.814400
vt 0.787500 0.792540
vt 0.767920 0.778750
vt 0.829400 0.950490
vt 0.853260 0.943740
vt 0.854400 0.949580
vt 0.876900 0.936490
vt 0.877340 0.938950
vt 0.645680 0.050430
vt 0.622730 0.061060
vt 0.623370 0.067440
vt 0.645820 0.053150
vt 0.521310 0.314400
vt 0.523060 0.314600
vt 0.504390 0.333890
vt 0.504310 0.333180
vt 0.625180 0.076410
vt 0.647010 0.062870
vt 0.695680 0.706930
vt 0.696870 0.716640
vt 0.719760 0.701070
vt 0.719070 0.693650
vt 0.604220 0.075790
vt 0.606740 0.082790
vt 0.587550 0.082230
vt 0.589800 0.088790
vt 0.575090 0.085260
vt 0.575050 0.091920
vt 0.576480 0.097020
vt 0.564650 0.091610
vt 0.562060 0.097820
vt 0.564140 0.098700
vt 0.576640 0.101080
vt 0.267700 0.976380
vt 0.272480 0.963870
vt 0.272460 0.964620
vt 0.271800 0.977610
vt 0.577870 0.101280
vt 0.922200 0.898730
vt 0.935190 0.901740
vt 0.934210 0.905090
vt 0.922690 0.902920
vt 0.906280 0.896730
vt 0.930960 0.912190
vt 0.919810 0.910810
vt 0.929470 0.919540
vt 0.917480 0.920480
vt 0.927060 0.923670
vt 0.914790 0.925470
vt 0.898580 0.928750
vt 0.913930 0.926990
vt 0.897130 0.931000
vt 0.602940 0.069010
vt 0.586150 0.073020
vt 0.585310 0.075910
vt 0.602360 0.069710
vt 0.559610 0.576880
vt 0.560130 0.577460
vt 0.551280 0.557070
vt 0.553650 0.556630
vt 0.573950 0.075660
vt 0.573920 0.078970
vt 0.926120 0.924340
vt 0.934770 0.922690
vt 0.940820 0.908930
vt 0.942380 0.905680
vt 0.946900 0.909380
vt 0.945800 0.912900
vt 0.949020 0.911780
vt 0.950530 0.916020
vt 0.549540 0.083990
vt 0.551050 0.088230
vt 0.552430 0.089900
vt 0.552740 0.085630
vt 0.552000 0.079910
vt 0.555400 0.093610
vt 0.557860 0.088880
vt 0.274920 0.956190
vt 0.276190 0.952570
vt 0.277810 0.952910
vt 0.276620 0.957420
vt 0.558340 0.078580
vt 0.221810 0.742510
vt 0.215510 0.743600
vt 0.216390 0.743940
vt 0.222480 0.742330
vt 0.825670 0.005000
vt 0.278770 0.950790
vt 0.277510 0.952170
vt 0.380780 0.887380
vt 0.381050 0.887180
vt 0.407580 0.904910
vt 0.408500 0.906280
vt 0.006090 0.905050
vt 0.005000 0.908020
vt 0.006310 0.907620
vt 0.007580 0.904000
vt 0.010020 0.896310
vt 0.007910 0.898390
s 1
usemtl BLy_Orange
f 1/1/1 2/2/1 3/3/2
f 1/1/1 3/3/2 4/4/3
f 5/5/4 6/6/4 7/7/4
f 5/5/4 7/7/4 8/8/5
f 9/1/6 10/9/6 11/10/7
f 9/1/6 11/10/7 12/2/7
f 13/11/8 14/12/9 15/13/9
f 13/11/8 15/13/9 16/14/8
f 17/15/10 18/16/11 19/17/11
f 17/15/10 19/17/11 20/18/10
f 21/19/12 22/20/12 23/21/12
f 21/19/12 23/21/12 24/22/12
f 25/19/13 26/23/14 27/24/14
f 25/19/13 27/24/14 28/25/15
f 29/19/16 30/26/17 31/27/17
f 29/19/16 31/27/17 32/23/17
f 33/19/18 34/22/19 35/28/19
f 33/19/18 35/28/19 36/26/18
f 37/19/20 38/25/20 39/29/20
f 37/19/20 39/29/20 40/20/21
f 41/12/22 42/8/22 43/7/23
f 41/12/22 43/7/23 44/13/22
f 45/30/24 46/31/25 47/32/26
f 45/30/24 47/32/26 48/33/25
f 49/30/27 50/33/27 51/34/28
f 49/30/27 51/34/28 52/35/27
f 53/30/29 54/35/29 55/36/30
f 53/30/29 55/36/30 56/31/29
f 57/37/31 58/38/31 59/39/32
f 57/37/31 59/39/32 60/40/31
f 61/37/33 62/41/33 63/42/33
f 61/37/33 63/42/33 64/43/33
f 65/37/34 66/40/34 67/44/34
f 65/37/34 67/44/34 68/41/35
f 69/37/36 70/45/37 71/46/36
f 69/37/36 71/46/36 72/38/36
f 73/37/38 74/43/38 75/47/38
f 73/37/38 75/47/38 76/45/38
f 77/48/39 78/49/40 79/50/41
f 77/48/39 79/50/41 80/51/42
f 81/48/43 82/51/43 83/52/43
f 81/48/43 83/52/43 84/53/43
f 85/48/44 86/53/45 87/54/44
f 85/48/44 87/54/44 88/49/44
f 89/55/46 90/56/47 91/57/48
f 89/55/46 91/57/48 92/58/47
f 93/55/49 94/59/49 95/60/50
f 93/55/49 95/60/50 96/56/49
f 97/55/51 98/58/52 99/61/53
f 97/55/51 99/61/53 100/59/52
f 101/62/54 102/63/54 103/64/55
f 101/62/54 103/64/55 104/65/54
f 105/62/56 106/66/57 107/67/58
f 105/62/56 107/67/58 108/63/59
f 109/62/60 110/65/61 111/68/62
f 109/62/60 111/68/62 112/66/61
f 113/68/63 114/69/64 115/70/64
f 113/68/63 115/70/64 116/71/65
f 117/68/66 118/71/67 119/72/68
f 117/68/66 119/72/68 120/66/69
s 0
f 121/68/70 122/65/70 123/73/70
f 121/68/71 123/73/71 124/69/71
f 125/73/72 126/74/72 127/75/72
f 125/73/72 127/75/72 128/69/72
s 1
f 129/73/73 130/65/74 131/64/75
f 129/73/73 131/64/75 132/76/75
f 133/73/76 134/76/77 135/77/78
f 133/73/76 135/77/78 136/74/77
f 137/77/79 138/78/80 139/79/80
f 137/77/79 139/79/80 140/74/80
f 141/77/81 142/76/82 143/80/83
f 141/77/81 143/80/83 144/81/81
f 145/77/84 146/81/84 147/82/85
f 145/77/84 147/82/85 148/78/84
f 149/82/86 150/83/86 151/84/86
f 149/82/86 151/84/86 152/78/86
f 153/82/87 154/81/88 155/49/89
f 153/82/87 155/49/89 156/54/88
f 157/82/90 158/54/91 159/85/92
f 157/82/90 159/85/92 160/83/90
f 161/85/93 162/86/93 163/87/93
f 161/85/93 163/87/93 164/83/93
f 165/85/94 166/54/94 167/53/95
f 165/85/94 167/53/95 168/88/94
f 169/85/96 170/88/96 171/89/96
f 169/85/96 171/89/96 172/86/96
f 173/89/97 174/90/98 175/91/98
f 173/89/97 175/91/98 176/86/98
f 177/89/99 178/88/100 179/92/101
f 177/89/99 179/92/101 180/93/102
f 181/89/103 182/93/104 183/94/104
f 181/89/103 183/94/104 184/90/104
f 185/94/105 186/93/105 187/95/105
f 185/94/105 187/95/105 188/96/105
f 189/94/106 190/96/106 191/97/106
f 189/94/106 191/97/106 192/98/106
f 193/94/107 194/98/107 195/99/107
f 193/94/107 195/99/107 196/90/107
f 197/100/108 198/101/108 199/102/109
f 197/100/108 199/102/109 200/103/109
f 201/99/110 202/104/110 203/91/110
f 201/99/110 203/91/110 204/90/110
f 205/100/111 206/105/112 207/106/112
f 205/100/111 207/106/112 208/101/111
f 209/106/113 210/105/113 211/107/113
f 209/106/113 211/107/113 212/108/113
f 213/106/114 214/108/114 215/109/114
f 213/106/114 215/109/114 216/110/114
f 217/106/115 218/110/116 219/111/117
f 217/106/115 219/111/117 220/101/117
f 221/111/118 222/112/118 223/113/119
f 221/111/118 223/113/119 224/114/118
f 225/111/120 226/114/120 227/102/120
f 225/111/120 227/102/120 228/101/120
f 229/111/121 230/110/122 231/115/122
f 229/111/121 231/115/122 232/112/122
f 233/115/123 234/110/123 235/109/123
f 233/115/123 235/109/123 236/116/123
f 237/115/124 238/116/125 239/117/124
f 237/115/124 239/117/124 240/34/125
f 241/115/126 242/34/127 243/33/126
f 241/115/126 243/33/126 244/112/126
f 245/117/128 246/118/129 247/35/129
f 245/117/128 247/35/129 248/34/129
f 249/117/130 250/116/130 251/119/130
f 249/117/130 251/119/130 252/120/130
f 253/117/131 254/120/132 255/121/133
f 253/117/131 255/121/133 256/118/131
f 257/121/134 258/122/135 259/123/135
f 257/121/134 259/123/135 260/118/135
f 261/121/136 262/120/137 263/124/138
f 261/121/136 263/124/138 264/125/137
f 265/121/139 266/125/139 267/126/140
f 265/121/139 267/126/140 268/122/139
f 269/126/141 270/127/141 271/128/142
f 269/126/141 271/128/142 272/122/141
f 273/126/143 274/125/143 275/129/144
f 273/126/143 275/129/144 276/130/143
f 277/126/145 278/130/145 279/131/145
f 277/126/145 279/131/145 280/127/145
f 281/131/146 282/132/146 283/133/147
f 281/131/146 283/133/147 284/127/146
f 285/131/148 286/130/149 287/134/150
f 285/131/148 287/134/150 288/135/149
s 0
f 289/131/151 290/135/151 291/136/151
s 1
f 289/131/151 291/136/151 292/132/151
f 293/136/152 294/137/153 295/61/153
f 293/136/152 295/61/153 296/132/154
f 297/136/155 298/135/156 299/138/155
f 297/136/155 299/138/155 300/139/157
f 301/136/158 302/139/159 303/140/160
f 301/136/158 303/140/160 304/137/159
f 305/140/161 306/141/162 307/142/162
f 305/140/161 307/142/162 308/137/162
f 309/140/163 310/139/164 311/143/164
f 309/140/163 311/143/164 312/144/165
f 313/140/166 314/144/166 315/145/167
f 313/140/166 315/145/167 316/141/166
f 317/145/168 318/146/168 319/147/168
f 317/145/168 319/147/168 320/141/168
f 321/145/169 322/144/170 323/148/169
f 321/145/169 323/148/169 324/149/169
f 325/145/171 326/149/172 327/150/172
f 325/145/171 327/150/172 328/146/173
f 329/150/174 330/151/174 331/152/174
f 329/150/174 331/152/174 332/146/174
f 333/150/175 334/149/175 335/153/175
f 333/150/175 335/153/175 336/154/175
f 337/150/176 338/154/177 339/155/177
f 337/150/176 339/155/177 340/151/177
f 341/155/178 342/156/178 343/157/178
f 341/155/178 343/157/178 344/151/178
f 345/155/179 346/154/180 347/158/180
f 345/155/179 347/158/180 348/159/181
f 349/155/182 350/159/183 351/160/182
f 349/155/182 351/160/182 352/156/182
f 353/160/184 354/46/184 355/45/185
f 353/160/184 355/45/185 356/156/184
f 357/160/186 358/159/187 359/161/186
f 357/160/186 359/161/186 360/162/186
f 361/160/188 362/162/189 363/163/189
f 361/160/188 363/163/189 364/46/188
f 365/163/190 366/164/190 367/38/190
f 365/163/190 367/38/190 368/46/190
f 369/163/191 370/162/191 371/165/191
f 369/163/191 371/165/191 372/166/191
f 373/163/192 374/166/192 375/167/192
f 373/163/192 375/167/192 376/164/192
f 377/167/193 378/168/193 379/169/193
f 377/167/193 379/169/193 380/164/194
f 381/170/195 382/171/195 383/21/195
f 381/170/195 383/21/195 384/20/195
f 385/170/196 386/20/197 387/29/198
f 385/170/196 387/29/198 388/172/199
f 389/169/200 390/173/200 391/174/200
f 389/169/200 391/174/200 392/39/200
f 393/169/201 394/39/202 395/38/203
f 393/169/201 395/38/203 396/164/202
f 397/174/204 398/175/205 399/176/205
f 397/174/204 399/176/205 400/177/205
f 401/174/206 402/177/206 403/40/206
f 401/174/206 403/40/206 404/39/206
f 405/174/207 406/173/207 407/178/207
f 405/174/207 407/178/207 408/175/207
f 409/177/208 410/176/208 411/179/208
f 409/177/208 411/179/208 412/180/209
f 413/177/210 414/180/210 415/44/210
f 413/177/210 415/44/210 416/40/210
f 417/181/211 418/25/212 419/24/213
f 417/181/211 419/24/213 420/182/213
f 421/181/214 422/183/214 423/29/214
s 0
f 421/181/214 423/29/214 424/25/214
s 1
f 425/182/215 426/24/215 427/184/216
f 425/182/215 427/184/216 428/185/216
f 429/184/217 430/24/218 431/23/217
f 429/184/217 431/23/217 432/186/218
f 433/184/219 434/186/219 435/187/219
f 433/184/219 435/187/219 436/188/219
f 437/189/220 438/41/221 439/44/222
f 437/189/220 439/44/222 440/190/221
f 441/187/223 442/186/223 443/191/223
f 441/187/223 443/191/223 444/192/223
f 445/189/224 446/193/225 447/42/224
f 445/189/224 447/42/224 448/41/224
f 449/194/226 450/195/226 451/196/226
f 449/194/226 451/196/226 452/197/227
f 453/193/228 454/198/228 455/199/228
f 453/193/228 455/199/228 456/42/228
f 457/199/229 458/200/229 459/43/230
f 457/199/229 459/43/230 460/42/230
f 461/199/231 462/198/231 463/201/231
f 461/199/231 463/201/231 464/202/231
f 465/199/232 466/202/233 467/203/233
f 465/199/232 467/203/233 468/200/232
f 469/203/234 470/204/234 471/205/234
f 469/203/234 471/205/234 472/200/235
f 473/203/236 474/202/236 475/206/236
f 473/203/236 475/206/236 476/207/236
f 477/203/237 478/207/238 479/208/238
f 477/203/237 479/208/238 480/204/237
f 481/208/239 482/209/240 483/210/241
f 481/208/239 483/210/241 484/204/242
s 0
f 485/208/243 486/207/243 487/211/243
s 1
f 485/208/244 487/211/244 488/212/244
f 489/208/245 490/212/245 491/213/245
f 489/208/245 491/213/245 492/209/245
f 493/213/246 494/214/247 495/215/248
f 493/213/246 495/215/248 496/209/246
f 497/213/249 498/212/249 499/216/250
f 497/213/249 499/216/250 500/217/251
f 501/213/252 502/217/253 503/218/253
f 501/213/252 503/218/253 504/214/254
f 505/218/255 506/56/256 507/60/257
f 505/218/255 507/60/257 508/214/256
f 509/218/258 510/217/258 511/219/258
f 509/218/258 511/219/258 512/220/259
f 513/218/260 514/220/261 515/57/262
f 513/218/260 515/57/262 516/56/261
f 517/220/263 518/219/264 519/221/265
f 517/220/263 519/221/265 520/222/265
f 521/220/266 522/222/267 523/223/266
f 521/220/266 523/223/266 524/57/266
f 525/223/268 526/222/269 527/224/269
f 525/223/268 527/224/269 528/128/269
f 529/223/270 530/128/271 531/127/272
f 529/223/270 531/127/272 532/133/271
f 533/223/273 534/133/274 535/58/273
f 533/223/273 535/58/273 536/57/274
f 537/224/275 538/222/276 539/221/277
f 537/224/275 539/221/277 540/225/278
f 541/224/279 542/225/280 543/36/280
f 541/224/279 543/36/280 544/123/280
f 545/224/281 546/123/282 547/122/283
f 545/224/281 547/122/283 548/128/284
f 549/225/285 550/221/286 551/226/287
f 549/225/285 551/226/287 552/227/286
f 553/225/288 554/227/289 555/31/290
f 553/225/288 555/31/290 556/36/289
f 557/227/291 558/226/292 559/228/292
f 557/227/291 559/228/292 560/229/292
f 561/227/293 562/229/293 563/32/293
f 561/227/293 563/32/293 564/31/293
f 565/229/294 566/228/294 567/230/294
f 565/229/294 567/230/294 568/231/294
f 569/229/295 570/231/296 571/113/295
f 569/229/295 571/113/295 572/32/297
f 573/231/298 574/230/298 575/232/299
f 573/231/298 575/232/299 576/233/299
f 577/231/300 578/233/301 579/114/300
f 577/231/300 579/114/300 580/113/301
f 581/233/302 582/232/302 583/234/302
f 581/233/302 583/234/302 584/235/302
f 585/236/303 586/237/303 587/238/303
f 585/236/303 587/238/303 588/239/303
f 589/240/304 590/241/304 591/242/304
f 589/240/304 591/242/304 592/243/304
f 593/244/305 594/245/306 595/246/305
f 593/244/305 595/246/305 596/247/305
f 597/243/307 598/242/307 599/248/307
f 597/243/307 599/248/307 600/249/307
f 601/243/308 602/249/308 603/91/309
f 601/243/308 603/91/309 604/104/308
f 605/249/310 606/248/311 607/250/310
f 605/249/310 607/250/310 608/87/310
f 609/249/312 610/87/312 611/86/312
f 609/249/312 611/86/312 612/91/312
f 613/250/313 614/248/314 615/251/315
f 613/250/313 615/251/315 616/252/315
f 617/250/316 618/252/316 619/253/317
f 617/250/316 619/253/317 620/84/316
f 621/250/318 622/84/319 623/83/318
f 621/250/318 623/83/318 624/87/318
f 625/253/320 626/252/321 627/254/322
f 625/253/320 627/254/322 628/255/320
f 629/253/323 630/255/324 631/256/325
f 629/253/323 631/256/325 632/79/324
f 633/253/326 634/79/326 635/78/327
f 633/253/326 635/78/327 636/84/327
f 637/256/328 638/255/328 639/257/328
f 637/256/328 639/257/328 640/258/328
f 641/256/329 642/258/330 643/259/330
f 641/256/329 643/259/330 644/75/330
f 645/256/331 646/75/332 647/74/333
f 645/256/331 647/74/333 648/79/334
f 649/259/335 650/258/336 651/260/337
f 649/259/335 651/260/337 652/261/336
f 653/259/338 654/261/339 655/262/340
f 653/259/338 655/262/340 656/70/341
f 657/259/342 658/70/342 659/69/342
s 0
f 657/259/343 659/69/343 660/75/343
s 1
f 661/262/344 662/261/345 663/263/345
f 661/262/344 663/263/345 664/264/346
f 665/262/347 666/264/347 667/265/348
f 665/262/347 667/265/348 668/266/348
f 669/262/349 670/266/350 671/71/351
f 669/262/349 671/71/351 672/70/350
f 673/266/352 674/265/352 675/267/352
f 673/266/352 675/267/352 676/268/352
f 677/266/353 678/268/354 679/72/354
f 677/266/353 679/72/354 680/71/354
f 681/268/355 682/267/356 683/269/357
f 681/268/355 683/269/357 684/270/356
s 0
f 685/268/358 686/270/358 687/271/358
f 685/268/359 687/271/359 688/72/359
s 1
f 689/271/360 690/270/361 691/272/361
f 689/271/360 691/272/361 692/273/360
s 0
f 693/271/362 694/273/362 695/274/362
f 693/271/363 695/274/363 696/67/363
s 1
f 697/271/364 698/67/364 699/66/365
f 697/271/364 699/66/365 700/72/364
f 701/274/366 702/273/367 703/275/368
f 701/274/366 703/275/368 704/276/367
f 705/274/369 706/276/370 707/277/371
f 705/274/369 707/277/371 708/278/372
f 709/274/373 710/278/374 711/63/375
f 709/274/373 711/63/375 712/67/374
f 713/278/376 714/277/376 715/279/377
f 713/278/376 715/279/377 716/280/376
f 717/278/378 718/280/379 719/64/379
f 717/278/378 719/64/379 720/63/378
f 721/280/380 722/279/381 723/50/382
f 721/280/380 723/50/382 724/80/381
f 725/280/383 726/80/383 727/76/384
f 725/280/383 727/76/384 728/64/385
f 729/279/386 730/277/387 731/281/386
f 729/279/386 731/281/386 732/282/387
f 733/279/388 734/282/389 735/51/388
f 733/279/388 735/51/388 736/50/389
f 737/282/390 738/281/391 739/283/391
f 737/282/390 739/283/391 740/284/391
f 741/282/392 742/284/393 743/52/394
f 741/282/392 743/52/394 744/51/395
f 745/284/396 746/283/397 747/285/397
f 745/284/396 747/285/397 748/286/396
f 749/284/398 750/286/399 751/92/400
f 749/284/398 751/92/400 752/52/400
f 753/286/401 754/285/401 755/287/401
f 753/286/401 755/287/401 756/95/401
f 757/286/402 758/95/403 759/93/403
f 757/286/402 759/93/403 760/92/403
f 761/287/404 762/285/404 763/288/404
f 761/287/404 763/288/404 764/289/404
f 765/287/405 766/289/405 767/290/406
f 765/287/405 767/290/406 768/291/407
f 769/287/408 770/291/408 771/96/408
f 769/287/408 771/96/408 772/95/408
f 773/291/409 774/290/409 775/292/409
f 773/291/409 775/292/409 776/293/409
f 777/291/410 778/293/410 779/97/410
f 777/291/410 779/97/410 780/96/410
f 781/294/411 782/295/412 783/296/413
f 781/294/411 783/296/413 784/297/413
f 785/294/414 786/297/414 787/108/414
f 785/294/414 787/108/414 788/107/414
f 789/297/415 790/296/415 791/298/415
f 789/297/415 791/298/415 792/299/415
f 793/297/416 794/299/417 795/109/416
f 793/297/416 795/109/416 796/108/416
f 797/299/418 798/298/418 799/300/418
f 797/299/418 799/300/418 800/119/418
f 801/299/419 802/119/419 803/116/420
f 801/299/419 803/116/420 804/109/419
f 805/300/421 806/124/422 807/120/421
f 805/300/421 807/120/421 808/119/421
f 809/300/423 810/298/424 811/301/423
f 809/300/423 811/301/423 812/302/424
f 813/300/425 814/302/426 815/303/426
f 813/300/425 815/303/426 816/124/426
f 817/303/427 818/129/427 819/125/427
f 817/303/427 819/125/427 820/124/427
f 821/303/428 822/302/428 823/304/429
f 821/303/428 823/304/429 824/305/430
f 825/303/431 826/305/431 827/306/432
f 825/303/431 827/306/432 828/129/431
f 829/306/433 830/134/434 831/130/433
f 829/306/433 831/130/433 832/129/435
f 833/306/436 834/305/437 835/307/437
f 833/306/436 835/307/437 836/308/438
f 837/306/439 838/308/440 839/309/440
f 837/306/439 839/309/440 840/134/440
f 841/309/441 842/138/442 843/135/443
f 841/309/441 843/135/443 844/134/442
f 845/309/444 846/308/444 847/310/444
f 845/309/444 847/310/444 848/311/444
f 849/309/445 850/311/445 851/312/445
f 849/309/445 851/312/445 852/138/445
f 853/312/446 854/143/447 855/139/448
f 853/312/446 855/139/448 856/138/449
f 857/312/450 858/311/451 859/313/451
f 857/312/450 859/313/451 860/314/452
f 861/312/453 862/314/453 863/315/453
f 861/312/453 863/315/453 864/143/453
f 865/315/454 866/148/455 867/144/454
f 865/315/454 867/144/454 868/143/454
f 869/315/456 870/314/456 871/316/456
f 869/315/456 871/316/456 872/317/457
f 873/315/458 874/317/459 875/318/459
f 873/315/458 875/318/459 876/148/458
f 877/318/460 878/153/460 879/149/460
f 877/318/460 879/149/460 880/148/460
s 0
f 881/318/461 882/317/461 883/319/461
f 881/318/462 883/319/462 884/320/462
s 1
f 885/321/463 886/322/464 887/323/463
f 885/321/463 887/323/463 888/324/463
f 889/325/465 890/158/465 891/154/465
f 889/325/465 891/154/465 892/153/466
f 893/326/467 894/327/467 895/328/467
f 893/326/467 895/328/467 896/329/468
f 897/330/469 898/331/470 899/332/471
f 897/330/469 899/332/471 900/333/471
f 901/334/472 902/161/472 903/159/473
f 901/334/472 903/159/473 904/158/472
f 905/335/474 906/336/474 907/337/475
f 905/335/474 907/337/475 908/338/475
f 909/335/476 910/338/476 911/339/476
f 909/335/476 911/339/476 912/340/476
f 913/341/477 914/165/478 915/162/478
f 913/341/477 915/162/478 916/161/477
f 917/342/479 918/343/479 919/344/479
f 917/342/479 919/344/479 920/345/480
f 921/342/481 922/345/482 923/346/482
f 921/342/481 923/346/482 924/347/482
f 925/346/483 926/21/484 927/171/484
f 925/346/483 927/171/484 928/347/483
f 929/346/485 930/345/486 931/348/486
f 929/346/485 931/348/486 932/349/485
f 933/346/487 934/349/487 935/22/487
f 933/346/487 935/22/487 936/21/487
f 937/349/488 938/348/488 939/350/488
f 937/349/488 939/350/488 940/351/488
f 941/349/489 942/351/489 943/28/489
f 941/349/489 943/28/489 944/22/489
f 945/351/490 946/350/491 947/352/490
f 945/351/490 947/352/490 948/353/491
f 949/351/492 950/353/492 951/354/492
f 949/351/492 951/354/492 952/28/492
f 953/354/493 954/355/493 955/26/493
f 953/354/493 955/26/493 956/28/493
f 957/354/494 958/353/494 959/356/494
f 957/354/494 959/356/494 960/357/494
f 961/354/495 962/357/496 963/358/495
f 961/354/495 963/358/495 964/355/496
f 965/358/497 966/359/497 967/360/498
f 965/358/497 967/360/498 968/355/499
f 969/358/500 970/357/501 971/361/501
f 969/358/500 971/361/501 972/362/502
f 973/358/503 974/362/503 975/363/503
f 973/358/503 975/363/503 976/359/504
f 977/363/505 978/364/505 979/365/505
f 977/363/505 979/365/505 980/359/505
f 981/363/506 982/362/506 983/366/506
f 981/363/506 983/366/506 984/367/506
f 985/363/507 986/367/508 987/368/507
f 985/363/507 987/368/507 988/364/507
f 989/369/509 990/370/509 991/371/509
f 989/369/509 991/371/509 992/372/509
f 993/368/510 994/367/510 995/373/510
f 993/368/510 995/373/510 996/374/510
f 997/369/511 998/375/512 999/376/512
f 997/369/511 999/376/512 1000/370/513
f 1001/376/514 1002/377/514 1003/378/514
f 1001/376/514 1003/378/514 1004/370/514
f 1005/376/515 1006/375/516 1007/379/517
f 1005/376/515 1007/379/517 1008/380/517
f 1009/376/518 1010/380/518 1011/381/519
f 1009/376/518 1011/381/519 1012/377/518
f 1013/381/520 1014/382/521 1015/383/520
f 1013/381/520 1015/383/520 1016/377/521
s 0
f 1017/381/522 1018/380/522 1019/232/522
f 1017/381/523 1019/232/523 1020/230/523
s 1
f 1021/381/524 1022/230/525 1023/228/524
f 1021/381/524 1023/228/524 1024/382/524
f 1025/383/526 1026/216/526 1027/212/526
f 1025/383/526 1027/212/526 1028/211/526
f 1029/383/527 1030/211/527 1031/378/527
f 1029/383/527 1031/378/527 1032/377/528
s 0
f 1033/383/529 1034/382/529 1035/384/529
f 1033/383/530 1035/384/530 1036/216/530
s 1
f 1037/384/531 1038/219/531 1039/217/531
f 1037/384/531 1039/217/531 1040/216/531
f 1041/384/532 1042/382/533 1043/228/533
f 1041/384/532 1043/228/533 1044/226/534
f 1045/384/535 1046/226/536 1047/221/536
f 1045/384/535 1047/221/536 1048/219/536
f 1049/380/537 1050/379/538 1051/234/537
f 1049/380/537 1051/234/537 1052/232/539
f 1053/385/540 1054/374/540 1055/373/540
f 1053/385/540 1055/373/540 1056/386/540
f 1057/385/541 1058/386/542 1059/242/541
f 1057/385/541 1059/242/541 1060/241/541
f 1061/386/543 1062/373/543 1063/387/543
f 1061/386/543 1063/387/543 1064/251/543
f 1065/386/544 1066/251/544 1067/248/544
f 1065/386/544 1067/248/544 1068/242/544
f 1069/387/545 1070/373/546 1071/367/546
f 1069/387/545 1071/367/546 1072/366/546
f 1073/387/547 1074/366/547 1075/388/547
f 1073/387/547 1075/388/547 1076/254/547
f 1077/387/548 1078/254/549 1079/252/550
f 1077/387/548 1079/252/550 1080/251/550
f 1081/388/551 1082/366/551 1083/362/551
f 1081/388/551 1083/362/551 1084/361/551
f 1085/388/552 1086/361/553 1087/389/552
f 1085/388/552 1087/389/552 1088/257/552
f 1089/388/554 1090/257/555 1091/255/555
f 1089/388/554 1091/255/555 1092/254/554
f 1093/389/556 1094/361/556 1095/357/556
s 0
f 1093/389/557 1095/357/557 1096/356/557
s 1
f 1097/389/558 1098/356/558 1099/390/559
f 1097/389/558 1099/390/559 1100/260/559
f 1101/389/560 1102/260/560 1103/258/560
f 1101/389/560 1103/258/560 1104/257/560
f 1105/390/561 1106/356/561 1107/353/561
f 1105/390/561 1107/353/561 1108/352/561
f 1109/390/562 1110/352/562 1111/391/562
f 1109/390/562 1111/391/562 1112/263/562
f 1113/390/563 1114/263/564 1115/261/563
f 1113/390/563 1115/261/563 1116/260/563
f 1117/391/565 1118/352/565 1119/350/565
f 1117/391/565 1119/350/565 1120/392/565
f 1121/391/566 1122/392/566 1123/393/566
f 1121/391/566 1123/393/566 1124/394/566
f 1125/391/567 1126/394/568 1127/264/568
f 1125/391/567 1127/264/568 1128/263/569
f 1129/394/570 1130/393/570 1131/395/570
f 1129/394/570 1131/395/570 1132/396/571
f 1133/394/572 1134/396/572 1135/265/572
f 1133/394/572 1135/265/572 1136/264/572
f 1137/396/573 1138/395/573 1139/397/574
f 1137/396/573 1139/397/574 1140/398/574
s 0
f 1141/396/575 1142/398/575 1143/267/575
f 1141/396/576 1143/267/576 1144/265/576
s 1
f 1145/398/577 1146/397/577 1147/399/577
f 1145/398/577 1147/399/577 1148/400/577
f 1149/398/578 1150/400/579 1151/269/579
f 1149/398/578 1151/269/579 1152/267/578
f 1153/400/580 1154/399/581 1155/401/582
f 1153/400/580 1155/401/582 1156/402/583
f 1157/400/584 1158/402/585 1159/403/585
f 1157/400/584 1159/403/585 1160/269/586
f 1161/403/587 1162/402/588 1163/404/588
f 1161/403/587 1163/404/588 1164/405/587
f 1165/403/589 1166/405/590 1167/406/591
f 1165/403/589 1167/406/591 1168/272/591
s 0
f 1169/403/592 1170/272/592 1171/270/592
f 1169/403/593 1171/270/593 1172/269/593
s 1
f 1173/406/594 1174/405/595 1175/407/596
f 1173/406/594 1175/407/596 1176/408/595
f 1177/406/597 1178/408/598 1179/409/598
f 1177/406/597 1179/409/598 1180/275/598
f 1181/406/599 1182/275/600 1183/273/601
f 1181/406/599 1183/273/601 1184/272/600
f 1185/409/602 1186/408/603 1187/410/604
f 1185/409/602 1187/410/604 1188/411/605
f 1189/409/606 1190/411/607 1191/412/607
f 1189/409/606 1191/412/607 1192/413/607
f 1193/409/608 1194/413/609 1195/276/610
f 1193/409/608 1195/276/610 1196/275/611
f 1197/413/612 1198/412/613 1199/283/614
f 1197/413/612 1199/283/614 1200/281/613
f 1201/413/615 1202/281/616 1203/277/617
f 1201/413/615 1203/277/617 1204/276/618
f 1205/412/619 1206/411/619 1207/414/620
f 1205/412/619 1207/414/620 1208/288/619
f 1209/412/621 1210/288/622 1211/285/623
f 1209/412/621 1211/285/623 1212/283/622
f 1213/414/624 1214/411/624 1215/410/624
f 1213/414/624 1215/410/624 1216/415/624
f 1217/414/625 1218/415/625 1219/416/625
f 1217/414/625 1219/416/625 1220/417/625
f 1221/414/626 1222/417/627 1223/289/626
f 1221/414/626 1223/289/626 1224/288/627
f 1225/417/628 1226/416/629 1227/418/629
f 1225/417/628 1227/418/629 1228/419/628
f 1229/417/630 1230/419/630 1231/290/631
f 1229/417/630 1231/290/631 1232/289/632
f 1233/419/633 1234/418/634 1235/420/634
f 1233/419/633 1235/420/634 1236/421/633
f 1237/419/635 1238/421/635 1239/292/636
f 1237/419/635 1239/292/636 1240/290/636
f 1241/422/637 1242/423/637 1243/296/637
f 1241/422/637 1243/296/637 1244/295/637
f 1245/422/638 1246/424/638 1247/425/638
f 1245/422/638 1247/425/638 1248/423/638
f 1249/425/639 1250/426/640 1251/301/639
f 1249/425/639 1251/301/639 1252/423/639
f 1253/425/641 1254/424/641 1255/427/641
f 1253/425/641 1255/427/641 1256/428/642
f 1257/425/643 1258/428/643 1259/429/644
f 1257/425/643 1259/429/644 1260/426/644
f 1261/429/645 1262/430/646 1263/304/645
f 1261/429/645 1263/304/645 1264/426/646
f 1265/429/647 1266/428/648 1267/431/648
f 1265/429/647 1267/431/648 1268/432/649
f 1269/429/650 1270/432/650 1271/433/650
f 1269/429/650 1271/433/650 1272/430/650
f 1273/433/651 1274/434/651 1275/307/651
f 1273/433/651 1275/307/651 1276/430/652
f 1277/433/653 1278/432/653 1279/435/653
f 1277/433/653 1279/435/653 1280/436/653
f 1281/433/654 1282/436/654 1283/437/654
f 1281/433/654 1283/437/654 1284/434/654
f 1285/437/655 1286/438/655 1287/310/655
f 1285/437/655 1287/310/655 1288/434/655
f 1289/437/656 1290/436/657 1291/439/658
f 1289/437/656 1291/439/658 1292/440/659
f 1293/437/660 1294/440/660 1295/441/660
f 1293/437/660 1295/441/660 1296/438/660
f 1297/441/661 1298/442/662 1299/313/663
f 1297/441/661 1299/313/663 1300/438/664
f 1301/441/665 1302/440/665 1303/443/665
f 1301/441/665 1303/443/665 1304/444/666
f 1305/441/667 1306/444/668 1307/445/667
f 1305/441/667 1307/445/667 1308/442/667
f 1309/445/669 1310/446/669 1311/316/669
f 1309/445/669 1311/316/669 1312/442/669
f 1313/445/670 1314/444/670 1315/447/670
f 1313/445/670 1315/447/670 1316/448/670
f 1317/445/671 1318/448/672 1319/449/672
f 1317/445/671 1319/449/672 1320/446/672
f 1321/449/673 1322/450/673 1323/319/673
f 1321/449/673 1323/319/673 1324/446/673
f 1325/449/674 1326/448/674 1327/451/674
f 1325/449/674 1327/451/674 1328/452/674
f 1329/449/675 1330/452/675 1331/453/676
f 1329/449/675 1331/453/676 1332/450/676
f 1333/453/677 1334/454/678 1335/455/678
f 1333/453/677 1335/455/678 1336/450/677
f 1337/456/679 1338/457/679 1339/458/679
f 1337/456/679 1339/458/679 1340/459/679
f 1341/456/680 1342/459/681 1343/460/681
f 1341/456/680 1343/460/681 1344/461/681
f 1345/460/682 1346/462/683 1347/463/682
f 1345/460/682 1347/463/682 1348/461/682
f 1349/460/684 1350/459/684 1351/464/684
f 1349/460/684 1351/464/684 1352/465/685
f 1353/460/686 1354/465/687 1355/466/687
f 1353/460/686 1355/466/687 1356/462/687
f 1357/466/688 1358/467/688 1359/344/689
f 1357/466/688 1359/344/689 1360/462/689
f 1361/466/690 1362/465/690 1363/395/691
f 1361/466/690 1363/395/691 1364/393/690
f 1365/466/692 1366/393/692 1367/392/692
f 1365/466/692 1367/392/692 1368/467/692
f 1369/467/693 1370/348/693 1371/345/693
f 1369/467/693 1371/345/693 1372/344/694
f 1373/467/695 1374/392/695 1375/350/695
f 1373/467/695 1375/350/695 1376/348/695
f 1377/465/696 1378/464/697 1379/397/696
f 1377/465/696 1379/397/696 1380/395/696
f 1381/464/698 1382/459/699 1383/458/700
f 1381/464/698 1383/458/700 1384/468/698
s 0
f 1385/464/701 1386/468/701 1387/399/701
f 1385/464/702 1387/399/702 1388/397/702
s 1
f 1389/468/703 1390/458/703 1391/469/703
f 1389/468/703 1391/469/703 1392/470/703
f 1393/468/704 1394/470/704 1395/401/704
f 1393/468/704 1395/401/704 1396/399/704
f 1397/470/705 1398/469/705 1399/471/705
f 1397/470/705 1399/471/705 1400/472/706
f 1401/470/707 1402/472/708 1403/473/709
f 1401/470/707 1403/473/709 1404/401/710
f 1405/473/711 1406/472/712 1407/474/711
f 1405/473/711 1407/474/711 1408/475/711
s 0
f 1409/473/713 1410/475/713 1411/476/713
s 1
f 1409/473/714 1411/476/714 1412/404/714
s 0
f 1413/473/715 1414/404/715 1415/402/715
f 1413/473/716 1415/402/716 1416/401/716
s 1
f 1417/476/717 1418/475/718 1419/477/719
f 1417/476/717 1419/477/719 1420/478/719
f 1421/476/720 1422/478/720 1423/479/720
f 1421/476/720 1423/479/720 1424/407/720
f 1425/476/721 1426/407/721 1427/405/722
f 1425/476/721 1427/405/722 1428/404/721
f 1429/479/723 1430/478/724 1431/480/725
f 1429/479/723 1431/480/725 1432/481/724
f 1433/479/726 1434/481/726 1435/415/726
f 1433/479/726 1435/415/726 1436/410/726
f 1437/479/727 1438/410/728 1439/408/729
f 1437/479/727 1439/408/729 1440/407/728
f 1441/481/730 1442/480/730 1443/482/730
f 1441/481/730 1443/482/730 1444/483/730
f 1445/481/731 1446/483/731 1447/416/732
f 1445/481/731 1447/416/732 1448/415/732
f 1449/483/733 1450/482/733 1451/7/733
f 1449/483/733 1451/7/733 1452/6/734
f 1453/483/735 1454/6/735 1455/418/735
f 1453/483/735 1455/418/735 1456/416/736
f 1457/482/737 1458/480/738 1459/484/738
f 1457/482/737 1459/484/738 1460/485/738
f 1461/482/739 1462/485/740 1463/13/740
f 1461/482/739 1463/13/740 1464/7/740
f 1465/485/741 1466/484/742 1467/486/741
f 1465/485/741 1467/486/741 1468/487/741
f 1469/485/743 1470/487/744 1471/14/745
f 1469/485/743 1471/14/745 1472/13/744
f 1473/487/746 1474/486/747 1475/488/748
f 1473/487/746 1475/488/748 1476/489/746
f 1477/487/749 1478/489/749 1479/11/750
f 1477/487/749 1479/11/750 1480/14/750
f 1481/490/751 1482/491/752 1483/492/751
f 1481/490/751 1483/492/751 1484/493/751
f 1485/490/753 1486/493/753 1487/10/754
f 1485/490/753 1487/10/754 1488/494/755
f 1489/493/756 1490/492/757 1491/495/757
f 1489/493/756 1491/495/757 1492/496/757
f 1493/493/758 1494/496/758 1495/2/758
f 1493/493/758 1495/2/758 1496/10/759
f 1497/496/760 1498/495/760 1499/497/760
f 1497/496/760 1499/497/760 1500/498/761
f 1501/496/762 1502/498/762 1503/3/762
f 1501/496/762 1503/3/762 1504/2/762
f 1505/498/763 1506/497/763 1507/499/764
f 1505/498/763 1507/499/764 1508/500/765
f 1509/498/766 1510/500/767 1511/501/767
f 1509/498/766 1511/501/767 1512/3/766
f 1513/500/768 1514/499/768 1515/435/768
f 1513/500/768 1515/435/768 1516/502/768
f 1517/500/769 1518/502/770 1519/503/771
f 1517/500/769 1519/503/771 1520/501/770
f 1521/502/772 1522/435/773 1523/432/772
f 1521/502/772 1523/432/772 1524/431/772
f 1525/502/774 1526/431/775 1527/504/774
f 1525/502/774 1527/504/774 1528/503/775
f 1529/499/776 1530/439/776 1531/436/776
f 1529/499/776 1531/436/776 1532/435/776
f 1533/499/777 1534/497/778 1535/505/777
f 1533/499/777 1535/505/777 1536/439/777
f 1537/505/779 1538/443/779 1539/440/779
f 1537/505/779 1539/440/779 1540/439/779
f 1541/505/780 1542/497/781 1543/495/780
f 1541/505/780 1543/495/780 1544/506/780
f 1545/505/782 1546/506/782 1547/507/782
f 1545/505/782 1547/507/782 1548/443/783
f 1549/507/784 1550/447/785 1551/444/784
f 1549/507/784 1551/444/784 1552/443/785
f 1553/507/786 1554/506/786 1555/508/786
f 1553/507/786 1555/508/786 1556/509/787
f 1557/507/788 1558/509/788 1559/510/788
f 1557/507/788 1559/510/788 1560/447/789
f 1561/510/790 1562/451/790 1563/448/790
f 1561/510/790 1563/448/790 1564/447/790
f 1565/511/791 1566/512/792 1567/513/793
f 1565/511/791 1567/513/793 1568/471/792
f 1569/511/794 1570/471/794 1571/469/794
f 1569/511/794 1571/469/794 1572/514/794
f 1573/515/795 1574/516/795 1575/517/796
f 1573/515/795 1575/517/796 1576/518/797
f 1577/519/798 1578/520/798 1579/521/798
f 1577/519/798 1579/521/798 1580/522/799
f 1581/513/800 1582/474/801 1583/472/800
f 1581/513/800 1583/472/800 1584/471/800
f 1585/523/802 1586/524/802 1587/488/802
f 1585/523/802 1587/488/802 1588/486/802
f 1589/523/803 1590/486/804 1591/484/804
f 1589/523/803 1591/484/804 1592/477/804
f 1593/523/805 1594/477/805 1595/475/805
f 1593/523/805 1595/475/805 1596/474/805
f 1597/525/806 1598/508/806 1599/492/807
f 1597/525/806 1599/492/807 1600/491/807
f 1601/508/808 1602/506/808 1603/495/808
f 1601/508/808 1603/495/808 1604/492/809
f 1605/484/810 1606/480/810 1607/478/810
f 1605/484/810 1607/478/810 1608/477/810
f 1609/469/811 1610/458/812 1611/457/812
f 1609/469/811 1611/457/812 1612/514/811
f 1613/462/813 1614/344/814 1615/343/814
f 1613/462/813 1615/343/814 1616/463/814
f 1617/526/815 1618/337/816 1619/336/817
f 1617/526/815 1619/336/817 1620/527/818
f 1621/450/819 1622/455/819 1623/320/819
f 1621/450/819 1623/320/819 1624/319/819
f 1625/446/820 1626/319/820 1627/317/820
f 1625/446/820 1627/317/820 1628/316/820
f 1629/442/821 1630/316/821 1631/314/822
f 1629/442/821 1631/314/822 1632/313/822
f 1633/438/823 1634/313/823 1635/311/823
f 1633/438/823 1635/311/823 1636/310/823
f 1637/434/824 1638/310/824 1639/308/825
f 1637/434/824 1639/308/825 1640/307/824
f 1641/431/826 1642/428/826 1643/427/826
f 1641/431/826 1643/427/826 1644/504/826
f 1645/430/827 1646/307/828 1647/305/829
f 1645/430/827 1647/305/829 1648/304/828
f 1649/426/830 1650/304/830 1651/302/831
f 1649/426/830 1651/302/831 1652/301/831
f 1653/423/832 1654/301/832 1655/298/833
f 1653/423/832 1655/298/833 1656/296/832
f 1657/378/834 1658/211/835 1659/207/835
f 1657/378/834 1659/207/835 1660/206/835
f 1661/378/836 1662/206/837 1663/371/838
f 1661/378/836 1663/371/838 1664/370/837
f 1665/371/839 1666/206/839 1667/202/840
f 1665/371/839 1667/202/840 1668/201/839
f 1669/371/841 1670/201/842 1671/528/842
f 1669/371/841 1671/528/842 1672/372/841
f 1673/528/843 1674/201/844 1675/198/844
f 1673/528/843 1675/198/844 1676/529/844
f 1677/365/845 1678/530/845 1679/360/846
f 1677/365/845 1679/360/846 1680/359/846
f 1681/360/847 1682/530/847 1683/191/847
f 1681/360/847 1683/191/847 1684/27/847
f 1685/360/848 1686/27/848 1687/26/849
f 1685/360/848 1687/26/849 1688/355/849
f 1689/215/850 1690/531/850 1691/147/851
f 1689/215/850 1691/147/851 1692/532/850
f 1693/215/852 1694/532/853 1695/210/853
f 1693/215/852 1695/210/853 1696/209/853
f 1697/215/854 1698/214/855 1699/60/854
f 1697/215/854 1699/60/854 1700/531/855
f 1701/532/856 1702/147/857 1703/146/857
f 1701/532/856 1703/146/857 1704/152/857
f 1705/532/858 1706/152/858 1707/533/858
f 1705/532/858 1707/533/858 1708/210/858
f 1709/533/859 1710/205/859 1711/204/860
f 1709/533/859 1711/204/860 1712/210/860
f 1713/533/861 1714/152/861 1715/151/861
f 1713/533/861 1715/151/861 1716/157/861
f 1717/533/862 1718/157/863 1719/47/862
f 1717/533/862 1719/47/862 1720/205/862
f 1721/531/864 1722/60/865 1723/59/866
f 1721/531/864 1723/59/866 1724/142/865
f 1725/531/867 1726/142/868 1727/141/869
f 1725/531/867 1727/141/869 1728/147/868
f 1729/205/870 1730/47/870 1731/43/871
f 1729/205/870 1731/43/871 1732/200/871
f 1733/191/872 1734/186/873 1735/23/874
f 1733/191/872 1735/23/874 1736/27/873
f 1737/190/875 1738/44/875 1739/180/875
f 1737/190/875 1739/180/875 1740/534/875
f 1741/172/876 1742/29/877 1743/183/876
f 1741/172/876 1743/183/876 1744/535/876
f 1745/157/878 1746/156/879 1747/45/878
f 1745/157/878 1747/45/878 1748/47/878
f 1749/142/880 1750/59/881 1751/61/882
f 1749/142/880 1751/61/882 1752/137/883
f 1753/133/884 1754/132/884 1755/61/885
f 1753/133/884 1755/61/885 1756/58/886
f 1757/123/887 1758/36/887 1759/35/888
f 1757/123/887 1759/35/888 1760/118/887
f 1761/113/889 1762/112/890 1763/33/890
f 1761/113/889 1763/33/890 1764/32/890
f 1765/92/891 1766/88/891 1767/53/892
f 1765/92/891 1767/53/892 1768/52/891
f 1769/81/893 1770/80/894 1771/50/895
f 1769/81/893 1771/50/895 1772/49/894
f 1773/536/896 1774/420/897 1775/418/897
f 1773/536/896 1775/418/897 1776/6/896
f 1777/537/898 1778/538/899 1779/539/899
f 1777/537/898 1779/539/899 1780/540/899
f 1781/540/900 1782/541/901 1783/542/900
f 1781/540/900 1783/542/900 1784/537/900
f 1785/169/902 1786/168/902 1787/543/902
f 1785/169/902 1787/543/902 1788/173/902
f 1789/544/903 1790/182/904 1791/185/905
f 1789/544/903 1791/185/905 1792/545/906
f 1793/544/907 1794/546/907 1795/181/907
f 1793/544/907 1795/181/907 1796/182/907
f 1797/181/908 1798/546/909 1799/547/910
f 1797/181/908 1799/547/910 1800/183/911
f 1801/548/912 1802/549/913 1803/550/913
f 1801/548/912 1803/550/913 1804/551/912
f 1805/184/914 1806/188/915 1807/552/914
f 1805/184/914 1807/552/914 1808/185/914
f 1809/179/916 1810/553/916 1811/534/916
f 1809/179/916 1811/534/916 1812/180/916
f 1813/554/917 1814/555/917 1815/556/917
f 1813/554/917 1815/556/917 1816/557/918
f 1817/554/919 1818/558/920 1819/559/919
f 1817/554/919 1819/559/919 1820/555/919
f 1821/554/921 1822/557/921 1823/560/922
f 1821/554/921 1823/560/922 1824/561/922
f 1825/562/923 1826/563/923 1827/564/923
f 1825/562/923 1827/564/923 1828/565/923
f 1829/562/924 1830/566/924 1831/567/924
f 1829/562/924 1831/567/924 1832/563/924
f 1833/562/925 1834/565/925 1835/568/925
f 1833/562/925 1835/568/925 1836/569/925
f 1837/562/926 1838/569/926 1839/570/927
f 1837/562/926 1839/570/927 1840/571/927
f 1841/562/928 1842/571/929 1843/572/928
f 1841/562/928 1843/572/928 1844/566/928
f 1845/573/930 1846/574/931 1847/575/932
f 1845/573/930 1847/575/932 1848/576/931
f 1849/573/933 1850/576/934 1851/577/933
f 1849/573/933 1851/577/933 1852/578/934
f 1853/573/935 1854/578/936 1855/579/937
f 1853/573/935 1855/579/937 1856/574/937
f 1857/580/938 1858/581/938 1859/582/938
f 1857/580/938 1859/582/938 1860/583/938
f 1861/580/939 1862/584/940 1863/585/940
f 1861/580/939 1863/585/940 1864/586/939
f 1865/580/941 1866/583/942 1867/587/942
f 1865/580/941 1867/587/942 1868/584/942
f 1869/588/943 1870/583/943 1871/582/943
f 1869/588/943 1871/582/943 1872/589/943
f 1873/590/944 1874/572/944 1875/571/945
f 1873/590/944 1875/571/945 1876/591/944
f 1877/590/946 1878/592/946 1879/593/946
f 1877/590/946 1879/593/946 1880/572/947
f 1881/590/948 1882/591/949 1883/594/948
f 1881/590/948 1883/594/948 1884/592/949
f 1885/595/950 1886/555/951 1887/559/951
f 1885/595/950 1887/559/951 1888/596/951
f 1889/595/952 1890/597/952 1891/556/952
f 1889/595/952 1891/556/952 1892/555/952
f 1893/595/953 1894/596/953 1895/598/953
f 1893/595/953 1895/598/953 1896/597/953
f 1897/599/954 1898/600/955 1899/601/954
f 1897/599/954 1899/601/954 1900/602/954
f 1901/598/956 1902/603/956 1903/604/956
f 1901/598/956 1903/604/956 1904/597/957
f 1905/598/958 1906/605/958 1907/606/958
f 1905/598/958 1907/606/958 1908/607/959
f 1909/598/960 1910/596/960 1911/559/960
f 1909/598/960 1911/559/960 1912/605/960
f 1913/608/961 1914/609/961 1915/610/961
f 1913/608/961 1915/610/961 1916/611/961
f 1917/608/962 1918/611/962 1919/612/962
f 1917/608/962 1919/612/962 1920/613/962
f 1921/608/963 1922/613/963 1923/614/964
f 1921/608/963 1923/614/964 1924/609/963
f 1925/605/965 1926/559/965 1927/558/965
f 1925/605/965 1927/558/965 1928/615/965
f 1929/616/966 1930/617/967 1931/618/968
f 1929/616/966 1931/618/968 1932/619/967
f 1933/616/969 1934/620/970 1935/621/971
f 1933/616/969 1935/621/971 1936/617/969
f 1937/616/972 1938/619/973 1939/622/972
f 1937/616/972 1939/622/972 1940/620/972
f 1941/623/974 1942/624/974 1943/586/974
s 0
f 1941/623/975 1943/586/975 1944/585/975
s 1
f 1945/623/976 1946/625/976 1947/626/976
f 1945/623/976 1947/626/976 1948/624/976
f 1949/623/977 1950/585/978 1951/627/979
f 1949/623/977 1951/627/979 1952/625/978
f 1953/628/980 1954/629/980 1955/630/981
f 1953/628/980 1955/630/981 1956/631/981
f 1957/628/982 1958/632/983 1959/633/984
f 1957/628/982 1959/633/984 1960/629/983
f 1961/628/985 1962/631/985 1963/634/986
f 1961/628/985 1963/634/986 1964/632/985
f 1965/635/987 1966/636/987 1967/637/988
f 1965/635/987 1967/637/988 1968/638/989
f 1969/635/990 1970/639/991 1971/640/992
f 1969/635/990 1971/640/992 1972/636/992
f 1973/635/993 1974/638/994 1975/641/995
f 1973/635/993 1975/641/995 1976/639/993
s 0
f 1977/642/996 1978/643/996 1979/644/996
f 1977/642/997 1979/644/997 1980/645/997
f 1981/642/998 1982/645/998 1983/646/998
s 1
f 1981/642/999 1983/646/999 1984/647/999
f 1985/642/1000 1986/647/1000 1987/648/1001
f 1985/642/1000 1987/648/1001 1988/643/1002
f 1989/649/1003 1990/650/1004 1991/651/1004
f 1989/649/1003 1991/651/1004 1992/652/1005
f 1993/649/1006 1994/652/1007 1995/653/1008
f 1993/649/1006 1995/653/1008 1996/654/1007
f 1997/649/1009 1998/654/1009 1999/655/1010
f 1997/649/1009 1999/655/1010 2000/656/1011
f 2001/649/1012 2002/657/1012 2003/658/1013
f 2001/649/1012 2003/658/1013 2004/650/1013
f 2005/658/1014 2006/659/1014 2007/660/1014
f 2005/658/1014 2007/660/1014 2008/661/1014
f 2009/658/1015 2010/661/1015 2011/662/1015
f 2009/658/1015 2011/662/1015 2012/650/1016
f 2013/658/1017 2014/657/1017 2015/663/1017
f 2013/658/1017 2015/663/1017 2016/659/1017
f 2017/663/1018 2018/657/1018 2019/664/1018
f 2017/663/1018 2019/664/1018 2020/665/1018
f 2021/663/1019 2022/665/1019 2023/666/1019
f 2021/663/1019 2023/666/1019 2024/667/1019
f 2025/663/1020 2026/667/1021 2027/668/1020
f 2025/663/1020 2027/668/1020 2028/659/1020
f 2029/666/1022 2030/665/1023 2031/669/1022
f 2029/666/1022 2031/669/1022 2032/670/1022
f 2033/666/1024 2034/670/1025 2035/671/1025
f 2033/666/1024 2035/671/1025 2036/672/1024
f 2037/666/1026 2038/672/1026 2039/673/1026
f 2037/666/1026 2039/673/1026 2040/667/1026
f 2041/674/1027 2042/675/1027 2043/676/1027
f 2041/674/1027 2043/676/1027 2044/677/1027
f 2045/674/1028 2046/677/1028 2047/604/1028
f 2045/674/1028 2047/604/1028 2048/603/1029
f 2049/677/1030 2050/676/1030 2051/678/1030
f 2049/677/1030 2051/678/1030 2052/679/1030
f 2053/677/1031 2054/679/1032 2055/680/1031
f 2053/677/1031 2055/680/1031 2056/604/1031
f 2057/680/1033 2058/556/1033 2059/597/1034
f 2057/680/1033 2059/597/1034 2060/604/1033
f 2061/680/1035 2062/679/1035 2063/681/1036
f 2061/680/1035 2063/681/1036 2064/682/1035
f 2065/680/1037 2066/682/1037 2067/557/1038
f 2065/680/1037 2067/557/1038 2068/556/1037
f 2069/682/1039 2070/681/1039 2071/683/1040
f 2069/682/1039 2071/683/1040 2072/684/1040
f 2073/682/1041 2074/684/1041 2075/560/1041
f 2073/682/1041 2075/560/1041 2076/557/1041
f 2077/684/1042 2078/683/1042 2079/685/1043
f 2077/684/1042 2079/685/1043 2080/686/1043
f 2081/684/1044 2082/686/1045 2083/687/1045
f 2081/684/1044 2083/687/1045 2084/560/1044
f 2085/687/1046 2086/688/1047 2087/561/1048
f 2085/687/1046 2087/561/1048 2088/560/1049
f 2089/687/1050 2090/686/1050 2091/689/1050
f 2089/687/1050 2091/689/1050 2092/690/1050
f 2093/687/1051 2094/690/1052 2095/691/1052
f 2093/687/1051 2095/691/1052 2096/688/1052
f 2097/691/1053 2098/692/1053 2099/693/1053
f 2097/691/1053 2099/693/1053 2100/688/1053
f 2101/691/1054 2102/690/1054 2103/694/1055
f 2101/691/1054 2103/694/1055 2104/695/1054
f 2105/691/1056 2106/695/1056 2107/696/1056
f 2105/691/1056 2107/696/1056 2108/692/1056
f 2109/696/1057 2110/697/1057 2111/698/1057
f 2109/696/1057 2111/698/1057 2112/692/1057
f 2113/696/1058 2114/695/1059 2115/570/1059
f 2113/696/1058 2115/570/1059 2116/569/1059
f 2117/696/1060 2118/569/1060 2119/568/1060
f 2117/696/1060 2119/568/1060 2120/697/1060
f 2121/699/1061 2122/700/1061 2123/701/1061
f 2121/699/1061 2123/701/1061 2124/702/1061
f 2125/698/1062 2126/703/1062 2127/693/1062
f 2125/698/1062 2127/693/1062 2128/692/1062
f 2129/699/1063 2130/704/1064 2131/705/1064
f 2129/699/1063 2131/705/1064 2132/700/1063
f 2133/705/1065 2134/706/1065 2135/707/1065
f 2133/705/1065 2135/707/1065 2136/700/1066
f 2137/705/1067 2138/704/1067 2139/708/1067
f 2137/705/1067 2139/708/1067 2140/709/1067
f 2141/705/1068 2142/709/1068 2143/710/1068
f 2141/705/1068 2143/710/1068 2144/706/1068
f 2145/710/1069 2146/711/1069 2147/712/1069
f 2145/710/1069 2147/712/1069 2148/706/1069
f 2149/710/1070 2150/709/1071 2151/580/1072
f 2149/710/1070 2151/580/1072 2152/586/1070
f 2153/710/1073 2154/586/1073 2155/624/1073
f 2153/710/1073 2155/624/1073 2156/711/1073
f 2157/712/1074 2158/713/1074 2159/714/1074
f 2157/712/1074 2159/714/1074 2160/715/1074
f 2161/712/1075 2162/715/1075 2163/707/1075
f 2161/712/1075 2163/707/1075 2164/706/1075
f 2165/712/1076 2166/711/1077 2167/716/1077
f 2165/712/1076 2167/716/1077 2168/713/1077
f 2169/716/1078 2170/717/1079 2171/718/1079
f 2169/716/1078 2171/718/1079 2172/713/1079
f 2173/716/1080 2174/711/1080 2175/624/1080
f 2173/716/1080 2175/624/1080 2176/626/1080
f 2177/716/1081 2178/626/1081 2179/719/1082
f 2177/716/1081 2179/719/1082 2180/717/1081
f 2181/719/1083 2182/720/1083 2183/721/1084
f 2181/719/1083 2183/721/1084 2184/717/1085
s 0
f 2185/719/1086 2186/626/1086 2187/625/1086
f 2185/719/1087 2187/625/1087 2188/722/1087
s 1
f 2189/719/1088 2190/722/1089 2191/723/1090
f 2189/719/1088 2191/723/1090 2192/720/1090
s 0
f 2193/723/1091 2194/722/1091 2195/724/1091
f 2193/723/1092 2195/724/1092 2196/725/1092
f 2197/723/1093 2198/725/1093 2199/726/1093
f 2197/723/998 2199/726/998 2200/727/998
f 2201/723/1094 2202/727/1094 2203/728/1094
f 2201/723/1095 2203/728/1095 2204/720/1095
f 2205/728/1094 2206/727/1094 2207/729/1094
f 2205/728/1096 2207/729/1096 2208/730/1096
f 2209/728/1097 2210/730/1097 2211/646/1097
f 2209/728/999 2211/646/999 2212/731/999
s 1
f 2213/728/1098 2214/731/1098 2215/721/1098
f 2213/728/1098 2215/721/1098 2216/720/1091
f 2217/731/1099 2218/646/1099 2219/645/1099
s 0
f 2217/731/1099 2219/645/1099 2220/732/1099
s 1
f 2221/731/1100 2222/732/1101 2223/733/1101
f 2221/731/1100 2223/733/1101 2224/721/1101
s 0
f 2225/733/1102 2226/732/1102 2227/734/1102
f 2225/733/1103 2227/734/1103 2228/735/1103
s 1
f 2229/733/1104 2230/735/1105 2231/736/1106
f 2229/733/1104 2231/736/1106 2232/718/1104
f 2233/733/1107 2234/718/1108 2235/717/1109
f 2233/733/1107 2235/717/1109 2236/721/1110
f 2237/736/1111 2238/735/1111 2239/737/1112
f 2237/736/1111 2239/737/1112 2240/655/1111
f 2241/736/1113 2242/655/1114 2243/654/1113
f 2241/736/1113 2243/654/1113 2244/714/1113
f 2245/736/1115 2246/714/1116 2247/713/1117
f 2245/736/1115 2247/713/1117 2248/718/1116
f 2249/737/1118 2250/735/1119 2251/734/1120
f 2249/737/1118 2251/734/1120 2252/738/1118
f 2253/737/1121 2254/738/1122 2255/739/1123
f 2253/737/1121 2255/739/1123 2256/740/1122
f 2257/737/1124 2258/740/1124 2259/656/1125
f 2257/737/1124 2259/656/1125 2260/655/1124
f 2261/740/1126 2262/739/1127 2263/741/1127
f 2261/740/1126 2263/741/1127 2264/742/1127
f 2265/740/1128 2266/742/1129 2267/664/1130
f 2265/740/1128 2267/664/1130 2268/656/1129
f 2269/742/1131 2270/741/1131 2271/743/1132
f 2269/742/1131 2271/743/1132 2272/669/1133
f 2273/742/1134 2274/669/1134 2275/665/1135
f 2273/742/1134 2275/665/1135 2276/664/1134
f 2277/743/1136 2278/741/1137 2279/744/1137
f 2277/743/1136 2279/744/1137 2280/745/1137
f 2281/743/1138 2282/745/1138 2283/746/1138
f 2281/743/1138 2283/746/1138 2284/747/1139
f 2285/743/1140 2286/747/1141 2287/670/1140
f 2285/743/1140 2287/670/1140 2288/669/1140
f 2289/747/1142 2290/746/1143 2291/748/1142
f 2289/747/1142 2291/748/1142 2292/749/1144
f 2293/747/1145 2294/749/1145 2295/671/1146
f 2293/747/1145 2295/671/1146 2296/670/1147
f 2297/750/1148 2298/751/1148 2299/752/1149
f 2297/750/1148 2299/752/1149 2300/753/1148
f 2301/750/1150 2302/753/1150 2303/676/1150
f 2301/750/1150 2303/676/1150 2304/675/1150
f 2305/753/1151 2306/752/1151 2307/754/1151
f 2305/753/1151 2307/754/1151 2308/755/1152
f 2309/753/1153 2310/755/1153 2311/678/1154
f 2309/753/1153 2311/678/1154 2312/676/1153
f 2313/755/1155 2314/754/1156 2315/756/1156
f 2313/755/1155 2315/756/1156 2316/757/1156
f 2317/755/1157 2318/757/1158 2319/758/1158
f 2317/755/1157 2319/758/1158 2320/678/1158
f 2321/758/1159 2322/681/1160 2323/679/1160
f 2321/758/1159 2323/679/1160 2324/678/1159
f 2325/758/1161 2326/757/1161 2327/759/1161
f 2325/758/1161 2327/759/1161 2328/760/1161
f 2329/758/1162 2330/760/1163 2331/683/1163
f 2329/758/1162 2331/683/1163 2332/681/1163
s 0
f 2333/760/1164 2334/759/1164 2335/761/1164
s 1
f 2333/760/1165 2335/761/1165 2336/762/1165
f 2337/760/1166 2338/762/1167 2339/685/1168
f 2337/760/1166 2339/685/1168 2340/683/1168
f 2341/762/1169 2342/761/1169 2343/763/1169
f 2341/762/1169 2343/763/1169 2344/764/1169
f 2345/762/1170 2346/764/1171 2347/765/1170
f 2345/762/1170 2347/765/1170 2348/685/1170
f 2349/765/1172 2350/689/1172 2351/686/1172
f 2349/765/1172 2351/686/1172 2352/685/1172
f 2353/765/1173 2354/764/1174 2355/766/1175
f 2353/765/1173 2355/766/1175 2356/767/1174
f 2357/765/1176 2358/767/1176 2359/768/1176
s 0
f 2357/765/1177 2359/768/1177 2360/689/1177
s 1
f 2361/768/1178 2362/694/1179 2363/690/1178
f 2361/768/1178 2363/690/1178 2364/689/1179
f 2365/768/1180 2366/767/1180 2367/769/1181
f 2365/768/1180 2367/769/1181 2368/770/1180
f 2369/768/1182 2370/770/1182 2371/771/1182
f 2369/768/1182 2371/771/1182 2372/694/1182
f 2373/771/1183 2374/570/1183 2375/695/1183
f 2373/771/1183 2375/695/1183 2376/694/1183
f 2377/771/1184 2378/770/1185 2379/594/1185
f 2377/771/1184 2379/594/1185 2380/591/1185
f 2381/771/1186 2382/591/1186 2383/571/1187
f 2381/771/1186 2383/571/1187 2384/570/1186
f 2385/770/1188 2386/769/1188 2387/772/1188
f 2385/770/1188 2387/772/1188 2388/594/1188
f 2389/772/1189 2390/769/1189 2391/773/1189
s 0
f 2389/772/1190 2391/773/1190 2392/774/1190
f 2393/772/1191 2394/774/1191 2395/775/1191
f 2393/772/1192 2395/775/1192 2396/776/1192
s 1
f 2397/772/1193 2398/776/1194 2399/592/1193
f 2397/772/1193 2399/592/1193 2400/594/1193
s 0
f 2401/776/1195 2402/775/1195 2403/777/1195
f 2401/776/1195 2403/777/1195 2404/778/1195
f 2405/776/1196 2406/778/1196 2407/593/1196
f 2405/776/1197 2407/593/1197 2408/592/1197
f 2409/778/1198 2410/777/1198 2411/779/1198
f 2409/778/1199 2411/779/1199 2412/780/1199
s 1
f 2413/778/1200 2414/780/1200 2415/781/1200
s 0
f 2413/778/1201 2415/781/1201 2416/593/1201
f 2417/781/1202 2418/566/1202 2419/572/1202
f 2417/781/1203 2419/572/1203 2420/593/1203
f 2421/781/1204 2422/780/1204 2423/782/1204
f 2421/781/1205 2423/782/1205 2424/783/1205
s 1
f 2425/784/1206 2426/785/1206 2427/786/1206
f 2425/784/1206 2427/786/1206 2428/787/1206
f 2429/788/1207 2430/789/1207 2431/790/1208
f 2429/788/1207 2431/790/1208 2432/791/1209
f 2433/792/1210 2434/793/1210 2435/794/1210
s 0
f 2433/792/1211 2435/794/1211 2436/795/1211
s 1
f 2437/796/1212 2438/797/1213 2439/563/1212
f 2437/796/1212 2439/563/1212 2440/567/1213
f 2441/798/1214 2442/799/1214 2443/800/1215
f 2441/798/1214 2443/800/1215 2444/801/1216
f 2445/796/1217 2446/802/1217 2447/803/1217
f 2445/796/1217 2447/803/1217 2448/797/1217
f 2449/804/1218 2450/805/1219 2451/806/1219
f 2449/804/1218 2451/806/1219 2452/807/1220
f 2453/804/1221 2454/807/1221 2455/587/1221
f 2453/804/1221 2455/587/1221 2456/808/1221
f 2457/809/1222 2458/810/1222 2459/811/1222
f 2457/809/1222 2459/811/1222 2460/812/1222
f 2461/813/1223 2462/814/1224 2463/815/1225
f 2461/813/1223 2463/815/1225 2464/816/1223
f 2465/817/1226 2466/818/1227 2467/819/1227
f 2465/817/1226 2467/819/1227 2468/820/1226
s 0
f 2469/821/1228 2470/822/1228 2471/823/1228
f 2469/821/1229 2471/823/1229 2472/824/1229
s 1
f 2473/825/1230 2474/806/1230 2475/826/1231
f 2473/825/1230 2475/826/1231 2476/827/1231
s 0
f 2477/825/1232 2478/827/1232 2479/725/1232
f 2477/825/1233 2479/725/1233 2480/724/1233
f 2481/827/1234 2482/826/1234 2483/828/1234
f 2481/827/1235 2483/828/1235 2484/829/1235
f 2485/827/1236 2486/829/1236 2487/726/1236
s 1
f 2485/827/1237 2487/726/1237 2488/725/1237
s 0
f 2489/829/1238 2490/828/1238 2491/830/1238
s 1
f 2489/829/1239 2491/830/1239 2492/831/1239
s 0
f 2493/829/1240 2494/831/1240 2495/832/1240
f 2493/829/1241 2495/832/1241 2496/726/1241
s 1
f 2497/832/1242 2498/831/1242 2499/833/1243
f 2497/832/1242 2499/833/1243 2500/834/1242
f 2501/832/1244 2502/834/1245 2503/835/1246
f 2501/832/1244 2503/835/1246 2504/729/1247
s 0
f 2505/832/1248 2506/729/1248 2507/727/1248
f 2505/832/1249 2507/727/1249 2508/726/1249
s 1
f 2509/835/1250 2510/834/1250 2511/634/1250
f 2509/835/1250 2511/634/1250 2512/631/1250
s 0
f 2513/835/1251 2514/631/1251 2515/630/1251
f 2513/835/1252 2515/630/1252 2516/836/1252
s 1
f 2517/835/1253 2518/836/1254 2519/730/1255
f 2517/835/1253 2519/730/1255 2520/729/1254
f 2521/836/999 2522/630/999 2523/648/999
s 0
f 2521/836/1097 2523/648/1097 2524/647/1097
f 2525/836/1001 2526/647/1001 2527/646/1001
f 2525/836/1000 2527/646/1000 2528/730/1000
s 1
f 2529/834/1256 2530/833/1256 2531/837/1256
f 2529/834/1256 2531/837/1256 2532/634/1256
f 2533/837/1257 2534/833/1257 2535/838/1257
f 2533/837/1257 2535/838/1257 2536/839/1257
f 2537/837/1258 2538/839/1258 2539/840/1259
f 2537/837/1258 2539/840/1259 2540/841/1259
f 2541/837/1260 2542/841/1260 2543/632/1260
f 2541/837/1260 2543/632/1260 2544/634/1260
f 2545/841/1261 2546/840/1262 2547/842/1261
f 2545/841/1261 2547/842/1261 2548/843/1261
f 2549/841/1263 2550/843/1263 2551/633/1264
f 2549/841/1263 2551/633/1264 2552/632/1265
f 2553/843/1266 2554/844/1266 2555/845/1266
f 2553/843/1266 2555/845/1266 2556/633/1266
f 2557/843/1267 2558/842/1267 2559/846/1267
f 2557/843/1267 2559/846/1267 2560/844/1267
f 2561/846/1268 2562/847/1268 2563/848/1268
f 2561/846/1268 2563/848/1268 2564/844/1268
f 2565/846/1269 2566/842/1269 2567/849/1269
f 2565/846/1269 2567/849/1269 2568/850/1270
f 2569/846/1271 2570/850/1271 2571/851/1271
f 2569/846/1271 2571/851/1271 2572/847/1271
f 2573/852/1272 2574/853/1273 2575/854/1272
f 2573/852/1272 2575/854/1272 2576/855/1273
f 2577/856/1274 2578/857/1274 2579/858/1274
f 2577/856/1274 2579/858/1274 2580/859/1274
f 2581/860/1275 2582/861/1276 2583/862/1276
f 2581/860/1275 2583/862/1276 2584/863/1277
f 2585/859/1278 2586/858/1278 2587/864/1278
f 2585/859/1278 2587/864/1278 2588/865/1278
f 2589/859/1279 2590/865/1279 2591/752/1280
f 2589/859/1279 2591/752/1280 2592/751/1281
f 2593/866/1282 2594/867/1283 2595/868/1284
f 2593/866/1282 2595/868/1284 2596/869/1283
f 2597/865/1285 2598/870/1286 2599/754/1287
f 2597/865/1285 2599/754/1287 2600/752/1286
f 2601/871/1288 2602/872/1288 2603/873/1288
f 2601/871/1288 2603/873/1288 2604/874/1288
f 2605/870/1289 2606/875/1289 2607/756/1289
f 2605/870/1289 2607/756/1289 2608/754/1290
f 2609/875/1291 2610/876/1291 2611/877/1292
f 2609/875/1291 2611/877/1292 2612/878/1292
f 2613/875/1293 2614/878/1293 2615/879/1293
f 2613/875/1293 2615/879/1293 2616/756/1293
f 2617/879/1294 2618/759/1294 2619/757/1295
f 2617/879/1294 2619/757/1295 2620/756/1294
f 2621/879/1296 2622/878/1297 2623/576/1296
f 2621/879/1296 2623/576/1296 2624/575/1297
f 2625/879/1298 2626/575/1299 2627/761/1299
f 2625/879/1298 2627/761/1299 2628/759/1299
f 2629/878/1300 2630/877/1300 2631/577/1301
f 2629/878/1300 2631/577/1301 2632/576/1300
f 2633/877/1302 2634/876/1302 2635/880/1302
f 2633/877/1302 2635/880/1302 2636/614/1302
f 2637/877/1303 2638/614/1304 2639/613/1305
f 2637/877/1303 2639/613/1305 2640/577/1305
f 2641/881/1306 2642/873/1307 2643/872/1307
f 2641/881/1306 2643/872/1307 2644/882/1306
f 2645/880/1308 2646/883/1309 2647/884/1308
f 2645/880/1308 2647/884/1308 2648/885/1308
f 2649/880/1310 2650/885/1310 2651/609/1310
f 2649/880/1310 2651/609/1310 2652/614/1310
f 2653/885/1311 2654/886/1311 2655/610/1311
f 2653/885/1311 2655/610/1311 2656/609/1311
f 2657/885/1312 2658/884/1312 2659/887/1313
f 2657/885/1312 2659/887/1313 2660/886/1313
f 2661/887/1314 2662/888/1315 2663/889/1315
f 2661/887/1314 2663/889/1315 2664/886/1314
f 2665/887/1316 2666/884/1317 2667/890/1316
f 2665/887/1316 2667/890/1316 2668/891/1317
f 2669/887/1318 2670/891/1318 2671/892/1318
f 2669/887/1318 2671/892/1318 2672/888/1318
f 2673/892/1319 2674/893/1320 2675/894/1319
f 2673/892/1319 2675/894/1319 2676/888/1321
f 2677/892/1322 2678/891/1323 2679/895/1323
f 2677/892/1322 2679/895/1323 2680/896/1324
f 2681/892/1325 2682/896/1326 2683/897/1327
f 2681/892/1325 2683/897/1327 2684/893/1328
f 2685/897/1329 2686/898/1329 2687/899/1329
f 2685/897/1329 2687/899/1329 2688/893/1329
f 2689/900/1330 2690/901/1331 2691/902/1330
f 2689/900/1330 2691/902/1330 2692/903/1330
f 2693/900/1332 2694/903/1332 2695/904/1333
f 2693/900/1332 2695/904/1333 2696/905/1333
f 2697/906/1334 2698/907/1335 2699/908/1334
f 2697/906/1334 2699/908/1334 2700/909/1334
f 2701/904/1336 2702/903/1337 2703/830/1336
f 2701/904/1336 2703/830/1336 2704/828/1337
f 2705/904/1338 2706/828/1338 2707/826/1338
f 2705/904/1338 2707/826/1338 2708/910/1338
f 2709/907/1339 2710/911/1340 2711/912/1339
f 2709/907/1339 2711/912/1339 2712/908/1339
f 2713/910/1341 2714/826/1341 2715/806/1341
f 2713/910/1341 2715/806/1341 2716/805/1341
f 2717/903/1342 2718/902/1343 2719/838/1343
f 2717/903/1342 2719/838/1343 2720/830/1342
f 2721/902/1344 2722/901/1344 2723/913/1344
f 2721/902/1344 2723/913/1344 2724/914/1344
f 2725/902/1345 2726/914/1345 2727/839/1345
f 2725/902/1345 2727/839/1345 2728/838/1345
f 2729/914/1346 2730/913/1346 2731/915/1346
f 2729/914/1346 2731/915/1346 2732/916/1346
f 2733/914/1347 2734/916/1348 2735/840/1347
f 2733/914/1347 2735/840/1347 2736/839/1348
f 2737/916/1349 2738/915/1349 2739/917/1349
f 2737/916/1349 2739/917/1349 2740/849/1349
f 2741/916/1350 2742/849/1350 2743/842/1350
f 2741/916/1350 2743/842/1350 2744/840/1350
f 2745/918/1351 2746/919/1352 2747/920/1351
f 2745/918/1351 2747/920/1351 2748/921/1351
f 2749/922/1353 2750/923/1354 2751/890/1354
f 2749/922/1353 2751/890/1354 2752/924/1353
f 2753/922/1355 2754/924/1355 2755/864/1356
f 2753/922/1355 2755/864/1356 2756/858/1356
f 2757/924/1357 2758/890/1357 2759/884/1357
f 2757/924/1357 2759/884/1357 2760/883/1357
f 2761/925/1358 2762/926/1359 2763/927/1360
f 2761/925/1358 2763/927/1360 2764/928/1361
f 2765/923/1362 2766/895/1363 2767/891/1362
f 2765/923/1362 2767/891/1362 2768/890/1362
s 0
f 2769/899/1364 2770/782/1364 2771/780/1364
s 1
f 2769/899/1365 2771/780/1365 2772/779/1365
f 2773/899/1366 2774/779/1366 2775/894/1366
s 0
f 2773/899/1367 2775/894/1367 2776/893/1367
s 1
f 2777/899/1368 2778/898/1368 2779/929/1368
f 2777/899/1368 2779/929/1368 2780/782/1368
s 0
f 2781/894/1369 2782/779/1369 2783/777/1369
f 2781/894/1369 2783/777/1369 2784/930/1369
s 1
f 2785/894/1370 2786/930/1370 2787/889/1370
f 2785/894/1370 2787/889/1370 2788/888/1371
s 0
f 2789/930/1372 2790/777/1372 2791/775/1372
f 2789/930/1373 2791/775/1373 2792/931/1373
s 1
f 2793/930/1374 2794/931/1375 2795/932/1376
f 2793/930/1374 2795/932/1376 2796/889/1375
f 2797/932/1377 2798/931/1378 2799/933/1379
f 2797/932/1377 2799/933/1379 2800/934/1380
f 2801/932/1381 2802/934/1382 2803/611/1382
f 2801/932/1381 2803/611/1382 2804/610/1382
f 2805/932/1383 2806/610/1383 2807/886/1383
f 2805/932/1383 2807/886/1383 2808/889/1383
s 0
f 2809/934/1384 2810/933/1384 2811/935/1384
f 2809/934/1385 2811/935/1385 2812/936/1385
s 1
f 2813/934/1386 2814/936/1386 2815/612/1387
f 2813/934/1386 2815/612/1387 2816/611/1386
s 0
f 2817/936/1388 2818/935/1388 2819/937/1388
f 2817/936/1389 2819/937/1389 2820/579/1389
f 2821/936/1390 2822/579/1390 2823/578/1390
s 1
f 2821/936/1391 2823/578/1391 2824/612/1391
f 2825/937/1392 2826/766/1393 2827/764/1394
f 2825/937/1392 2827/764/1394 2828/763/1393
f 2829/937/1395 2830/763/1395 2831/574/1396
f 2829/937/1395 2831/574/1396 2832/579/1397
s 0
f 2833/937/1373 2834/935/1373 2835/773/1373
f 2833/937/1398 2835/773/1398 2836/766/1398
f 2837/935/1399 2838/933/1399 2839/774/1399
f 2837/935/1197 2839/774/1197 2840/773/1197
f 2841/933/1400 2842/931/1400 2843/775/1400
f 2841/933/1195 2843/775/1195 2844/774/1195
s 1
f 2845/848/1401 2846/744/1401 2847/938/1401
f 2845/848/1401 2847/938/1401 2848/939/1401
f 2849/848/1402 2850/939/1403 2851/845/1403
f 2849/848/1402 2851/845/1403 2852/844/1403
f 2853/848/1404 2854/847/1404 2855/745/1404
f 2853/848/1404 2855/745/1404 2856/744/1404
f 2857/939/1405 2858/938/1406 2859/940/1407
f 2857/939/1405 2859/940/1407 2860/941/1406
f 2861/939/1408 2862/941/1409 2863/942/1409
f 2861/939/1408 2863/942/1409 2864/845/1409
f 2865/942/1410 2866/941/1411 2867/643/1411
f 2865/942/1410 2867/643/1411 2868/648/1411
f 2869/942/1412 2870/648/1413 2871/630/1412
f 2869/942/1412 2871/630/1412 2872/629/1413
f 2873/942/1414 2874/629/1414 2875/633/1414
f 2873/942/1414 2875/633/1414 2876/845/1414
s 0
f 2877/941/1415 2878/940/1415 2879/644/1415
f 2877/941/1416 2879/644/1416 2880/643/1416
s 1
f 2881/940/1417 2882/738/1418 2883/734/1418
f 2881/940/1417 2883/734/1418 2884/644/1418
f 2885/940/1419 2886/938/1419 2887/739/1419
f 2885/940/1419 2887/739/1419 2888/738/1420
f 2889/938/1421 2890/744/1421 2891/741/1421
f 2889/938/1421 2891/741/1421 2892/739/1421
f 2893/838/1422 2894/833/1422 2895/831/1422
f 2893/838/1422 2895/831/1422 2896/830/1422
f 2897/773/1423 2898/769/1424 2899/767/1425
f 2897/773/1423 2899/767/1425 2900/766/1423
f 2901/763/1426 2902/761/1427 2903/575/1428
f 2901/763/1426 2903/575/1428 2904/574/1427
f 2905/734/1429 2906/732/1430 2907/645/1431
f 2905/734/1429 2907/645/1431 2908/644/1432
f 2909/724/1433 2910/722/1434 2911/625/1435
f 2909/724/1433 2911/625/1435 2912/627/1436
f 2913/715/1437 2914/714/1438 2915/654/1438
f 2913/715/1437 2915/654/1438 2916/653/1438
f 2917/715/1439 2918/653/1440 2919/943/1440
f 2917/715/1439 2919/943/1440 2920/707/1440
f 2921/943/1441 2922/653/1441 2923/652/1441
f 2921/943/1441 2923/652/1441 2924/944/1442
f 2925/943/1443 2926/944/1443 2927/945/1443
f 2925/943/1443 2927/945/1443 2928/701/1443
f 2929/943/1444 2930/701/1445 2931/700/1446
f 2929/943/1444 2931/700/1446 2932/707/1446
f 2933/945/1447 2934/944/1448 2935/946/1447
f 2933/945/1447 2935/946/1447 2936/947/1448
f 2937/948/1449 2938/949/1449 2939/950/1449
f 2937/948/1449 2939/950/1449 2940/951/1450
f 2941/952/1451 2942/953/1451 2943/954/1451
f 2941/952/1451 2943/954/1451 2944/955/1452
f 2945/951/1453 2946/950/1453 2947/956/1453
f 2945/951/1453 2947/956/1453 2948/957/1453
f 2949/958/1454 2950/959/1455 2951/960/1454
f 2949/958/1454 2951/960/1454 2952/961/1454
s 0
f 2953/957/1456 2954/956/1456 2955/554/1456
s 1
f 2953/957/1457 2955/554/1457 2956/561/1457
f 2957/957/1458 2958/561/1459 2959/688/1459
f 2957/957/1458 2959/688/1459 2960/693/1458
f 2961/956/1460 2962/950/1460 2963/962/1460
f 2961/956/1460 2963/962/1460 2964/963/1460
f 2965/956/1461 2966/963/1462 2967/558/1462
f 2965/956/1461 2967/558/1462 2968/554/1462
f 2969/963/1463 2970/962/1463 2971/964/1463
f 2969/963/1463 2971/964/1463 2972/965/1463
f 2973/963/1464 2974/965/1464 2975/615/1464
f 2973/963/1464 2975/615/1464 2976/558/1464
f 2977/965/1465 2978/964/1465 2979/966/1465
f 2977/965/1465 2979/966/1465 2980/967/1465
f 2981/965/1466 2982/967/1466 2983/968/1466
f 2981/965/1466 2983/968/1466 2984/615/1466
f 2985/968/1467 2986/967/1467 2987/969/1467
f 2985/968/1467 2987/969/1467 2988/970/1467
f 2989/968/1468 2990/970/1469 2991/971/1469
f 2989/968/1468 2991/971/1469 2992/972/1469
f 2993/968/1470 2994/972/1471 2995/605/1470
f 2993/968/1470 2995/605/1470 2996/615/1472
f 2997/973/1473 2998/974/1474 2999/975/1475
f 2997/973/1473 2999/975/1475 3000/976/1475
f 3001/972/1476 3002/977/1476 3003/606/1477
f 3001/972/1476 3003/606/1477 3004/605/1476
f 3005/978/1478 3006/979/1479 3007/980/1479
f 3005/978/1478 3007/980/1479 3008/981/1478
f 3009/978/1480 3010/981/1480 3011/660/1480
f 3009/978/1480 3011/660/1480 3012/982/1480
f 3013/981/1481 3014/980/1482 3015/983/1481
f 3013/981/1481 3015/983/1481 3016/984/1481
f 3017/981/1483 3018/984/1483 3019/661/1483
f 3017/981/1483 3019/661/1483 3020/660/1483
f 3021/984/1484 3022/983/1485 3023/985/1486
f 3021/984/1484 3023/985/1486 3024/986/1485
f 3025/984/1487 3026/986/1488 3027/662/1487
f 3025/984/1487 3027/662/1487 3028/661/1487
f 3029/986/1489 3030/985/1489 3031/987/1490
f 3029/986/1489 3031/987/1490 3032/988/1489
f 3033/986/1491 3034/988/1491 3035/989/1492
f 3033/986/1491 3035/989/1492 3036/662/1493
f 3037/989/1494 3038/988/1495 3039/990/1494
f 3037/989/1494 3039/990/1494 3040/991/1494
f 3041/989/1496 3042/991/1497 3043/946/1498
f 3041/989/1496 3043/946/1498 3044/651/1498
f 3045/989/1499 3046/651/1499 3047/650/1500
f 3045/989/1499 3047/650/1500 3048/662/1499
f 3049/992/1501 3050/993/1502 3051/994/1502
f 3049/992/1501 3051/994/1502 3052/995/1502
f 3053/996/1503 3054/997/1503 3055/998/1504
f 3053/996/1503 3055/998/1504 3056/999/1505
f 3057/995/1506 3058/994/1506 3059/964/1506
f 3057/995/1506 3059/964/1506 3060/962/1506
f 3061/995/1507 3062/962/1507 3063/950/1507
f 3061/995/1507 3063/950/1507 3064/949/1507
f 3065/994/1508 3066/993/1508 3067/1000/1508
f 3065/994/1508 3067/1000/1508 3068/1001/1509
f 3069/994/1510 3070/1001/1510 3071/966/1511
f 3069/994/1510 3071/966/1511 3072/964/1510
f 3073/1001/1512 3074/1000/1513 3075/621/1513
f 3073/1001/1512 3075/621/1513 3076/620/1512
f 3077/1001/1514 3078/620/1514 3079/622/1515
f 3077/1001/1514 3079/622/1515 3080/966/1514
f 3081/1002/1516 3082/987/1516 3083/640/1517
f 3081/1002/1516 3083/640/1517 3084/1003/1518
f 3085/1002/1519 3086/990/1519 3087/988/1519
f 3085/1002/1519 3087/988/1519 3088/987/1519
f 3089/987/1520 3090/985/1520 3091/636/1520
f 3089/987/1520 3091/636/1520 3092/640/1520
f 3093/985/1521 3094/983/1522 3095/637/1523
f 3093/985/1521 3095/637/1523 3096/636/1522
f 3097/983/1524 3098/980/1525 3099/1004/1526
f 3097/983/1524 3099/1004/1526 3100/637/1526
f 3101/1004/1527 3102/1005/1528 3103/1006/1529
f 3101/1004/1527 3103/1006/1529 3104/1007/1528
f 3105/1004/1530 3106/1007/1530 3107/638/1530
f 3105/1004/1530 3107/638/1530 3108/637/1530
f 3109/1004/1531 3110/980/1532 3111/979/1532
f 3109/1004/1531 3111/979/1532 3112/1005/1532
f 3113/1007/1533 3114/1006/1533 3115/1008/1534
f 3113/1007/1533 3115/1008/1534 3116/1009/1534
f 3117/1007/1535 3118/1009/1536 3119/641/1537
f 3117/1007/1535 3119/641/1537 3120/638/1536
f 3121/1010/1538 3122/1011/1539 3123/1012/1538
f 3121/1010/1538 3123/1012/1538 3124/1013/1539
f 3125/1010/1540 3126/1013/1540 3127/618/1540
f 3125/1010/1540 3127/618/1540 3128/1014/1540
f 3129/1013/1541 3130/1012/1541 3131/1015/1542
f 3129/1013/1541 3131/1015/1542 3132/1016/1541
f 3133/1013/1543 3134/1016/1544 3135/619/1545
f 3133/1013/1543 3135/619/1545 3136/618/1544
f 3137/1016/1546 3138/1015/1546 3139/970/1547
f 3137/1016/1546 3139/970/1547 3140/969/1547
f 3141/1016/1548 3142/969/1548 3143/622/1548
f 3141/1016/1548 3143/622/1548 3144/619/1548
f 3145/1017/1549 3146/1018/1549 3147/1019/1549
f 3145/1017/1549 3147/1019/1549 3148/1020/1550
f 3149/1017/1551 3150/1020/1551 3151/975/1552
f 3149/1017/1551 3151/975/1552 3152/974/1552
f 3153/969/1553 3154/967/1553 3155/966/1553
f 3153/969/1553 3155/966/1553 3156/622/1553
f 3157/946/1554 3158/944/1555 3159/652/1554
f 3157/946/1554 3159/652/1554 3160/651/1554
f 3161/709/1556 3162/708/1556 3163/581/1556
f 3161/709/1556 3163/581/1556 3164/580/1556
f 3165/664/1557 3166/657/1558 3167/649/1559
f 3165/664/1557 3167/649/1559 3168/656/1558
f 3169/660/1560 3170/659/1560 3171/668/1561
f 3169/660/1560 3171/668/1561 3172/982/1560
f 3173/1014/1562 3174/618/1562 3175/617/1563
f 3173/1014/1562 3175/617/1563 3176/1021/1563
f 3177/1022/1564 3178/1023/1565 3179/1024/1565
f 3177/1022/1564 3179/1024/1565 3180/1025/1564
f 3181/613/1566 3182/612/1567 3183/578/1568
f 3181/613/1566 3183/578/1568 3184/577/1569
s 0
f 3185/808/1570 3186/587/1570 3187/583/1570
f 3185/808/1571 3187/583/1571 3188/588/1571
s 1
f 3189/797/1572 3190/1026/1572 3191/564/1572
f 3189/797/1572 3191/564/1572 3192/563/1573
f 3193/1027/1574 3194/1019/1575 3195/1018/1575
f 3193/1027/1574 3195/1018/1575 3196/1028/1576
f 3197/1029/1577 3198/1030/1577 3199/1031/1578
f 3197/1029/1577 3199/1031/1578 3200/1032/1578
f 3201/1033/1579 3202/1034/1580 3203/1035/1581
f 3201/1033/1579 3203/1035/1581 3204/1036/1580
f 3205/1033/1582 3206/1036/1583 3207/1037/1583
f 3205/1033/1582 3207/1037/1583 3208/1038/1583
