# Blender 4.5.4 LTS
# www.blender.org
mtllib tree3_leaves.mtl
o Lowpoly_Tree_08_Material.004_0
v -0.233299 0.715526 -0.098799
v -0.143944 0.747662 -0.181445
v -0.188768 0.596110 -0.257715
v -0.188768 0.596110 -0.257715
v -0.044815 0.748514 -0.231867
v -0.049291 0.587868 -0.326113
v -0.049291 0.587868 -0.326113
v 0.064220 0.710329 -0.257346
v 0.086248 0.585029 -0.321072
v 0.086248 0.585029 -0.321072
v 0.064220 0.710329 -0.257346
v 0.212245 0.611360 -0.243197
v 0.100500 0.744716 0.219845
v -0.069496 0.746283 0.224118
v -0.076016 0.559716 0.338928
v -0.164283 0.747683 0.158691
v -0.229380 0.748085 0.025889
v -0.226540 0.592581 0.224431
v -0.257697 0.407970 0.430473
v -0.226540 0.592581 0.224431
v -0.446399 0.405456 0.225661
v 0.161192 0.581773 0.297463
v 0.023055 0.434817 0.472346
v 0.275368 0.410977 0.424182
v 0.284133 0.584053 0.179280
v 0.275368 0.410977 0.424182
v 0.482093 0.401796 0.183310
v 0.284133 0.584053 0.179280
v 0.161192 0.581773 0.297463
v 0.275368 0.410977 0.424182
v -0.437384 0.410024 -0.254385
v -0.230845 0.437653 -0.398504
v -0.279191 0.369096 -0.412657
v -0.230845 0.437653 -0.398504
v -0.437384 0.410024 -0.254385
v -0.188768 0.596110 -0.257715
v -0.229380 0.748085 0.025889
v -0.379964 0.491264 0.072025
v -0.226540 0.592581 0.224431
v -0.076016 0.559716 0.338928
v -0.069496 0.746283 0.224118
v -0.226540 0.592581 0.224431
v 0.161192 0.581773 0.297463
v 0.100500 0.744716 0.219845
v -0.076016 0.559716 0.338928
v 0.247104 0.746208 -0.017061
v 0.330899 0.588886 0.044414
v 0.335979 0.571267 -0.099222
v 0.212245 0.611360 -0.243197
v 0.179131 0.747231 -0.167974
v 0.335979 0.571267 -0.099222
v 0.086248 0.585029 -0.321072
v 0.212245 0.611360 -0.243197
v 0.279884 0.494795 -0.319306
v -0.233299 0.715526 -0.098799
v -0.188768 0.596110 -0.257715
v -0.307426 0.569407 -0.140791
v -0.233299 0.715526 -0.098799
v -0.307426 0.569407 -0.140791
v -0.319761 0.585849 0.001024
v -0.194132 0.566410 -0.010771
v -0.121710 0.708859 -0.075368
v -0.145648 0.666012 0.032767
v -0.145648 0.666012 0.032767
v -0.121710 0.708859 -0.075368
v -0.137061 0.719750 0.065635
v -0.177451 0.531034 -0.129711
v -0.121710 0.708859 -0.075368
v -0.194132 0.566410 -0.010771
v -0.177451 0.531034 -0.129711
v -0.079361 0.648116 -0.134268
v -0.121710 0.708859 -0.075368
v 0.012659 0.651975 -0.162569
v -0.024702 0.720050 -0.156289
v -0.079361 0.648116 -0.134268
v 0.124893 0.648591 -0.110611
v 0.105030 0.720212 -0.123550
v 0.012659 0.651975 -0.162569
v 0.164853 0.650421 -0.023462
v 0.166253 0.719966 0.001119
v 0.124893 0.648591 -0.110611
v 0.140395 0.651033 0.087814
v 0.166253 0.719966 0.001119
v 0.164853 0.650421 -0.023462
v 0.140395 0.651033 0.087814
v 0.103667 0.720247 0.119543
v 0.166253 0.719966 0.001119
v 0.011840 0.555998 0.208828
v 0.027863 0.666769 0.156143
v 0.140395 0.651033 0.087814
v 0.011840 0.555998 0.208828
v -0.087628 0.665671 0.121021
v 0.027863 0.666769 0.156143
v -0.087628 0.665671 0.121021
v -0.137061 0.719750 0.065635
v -0.010565 0.720165 0.152840
v -0.146696 0.566444 0.131523
v -0.145648 0.666012 0.032767
v -0.087628 0.665671 0.121021
v -0.194132 0.566410 -0.010771
v -0.145648 0.666012 0.032767
v -0.146696 0.566444 0.131523
v -0.420285 0.340452 0.189494
v -0.300489 0.435779 0.053558
v -0.259275 0.405944 0.210745
v -0.259275 0.405944 0.210745
v -0.054814 0.420813 0.328945
v -0.117595 0.348463 0.413053
v 0.007192 0.368929 0.420959
v -0.054814 0.420813 0.328945
v 0.075118 0.411866 0.321977
v 0.007192 0.368929 0.420959
v 0.075118 0.411866 0.321977
v 0.247048 0.343619 0.380302
v 0.075118 0.411866 0.321977
v 0.168505 0.482081 0.204491
v 0.319658 0.359321 0.273500
v 0.319658 0.359321 0.273500
v 0.302238 0.449807 0.069463
v 0.418619 0.341626 0.156012
v 0.444408 0.351316 0.066705
v 0.372407 0.377464 -0.126671
v 0.426499 0.346800 -0.233769
v 0.284512 0.386021 -0.263361
v 0.159798 0.483263 -0.215766
v 0.020411 0.407485 -0.339038
v -0.259275 0.405944 0.210745
v -0.146696 0.566444 0.131523
v -0.054814 0.420813 0.328945
v -0.054814 0.420813 0.328945
v -0.146696 0.566444 0.131523
v 0.011840 0.555998 0.208828
v 0.168505 0.482081 0.204491
v 0.203457 0.560539 0.058689
v 0.302238 0.449807 0.069463
v 0.168505 0.482081 0.204491
v 0.140395 0.651033 0.087814
v 0.203457 0.560539 0.058689
v 0.159798 0.483263 -0.215766
v 0.124893 0.648591 -0.110611
v 0.059948 0.562067 -0.198452
v 0.059948 0.562067 -0.198452
v 0.012659 0.651975 -0.162569
v -0.088583 0.462006 -0.265811
v -0.088583 0.462006 -0.265811
v -0.079361 0.648116 -0.134268
v -0.177451 0.531034 -0.129711
v 0.372407 0.377464 -0.126671
v 0.284512 0.386021 -0.263361
v 0.426499 0.346800 -0.233769
v 0.159798 0.483263 -0.215766
v 0.284512 0.386021 -0.263361
v 0.372407 0.377464 -0.126671
v -0.229380 0.748085 0.025889
v -0.112162 0.778453 0.158222
v -0.167830 0.778958 -0.079267
v -0.429188 0.351848 -0.259067
v -0.266522 0.344484 -0.375793
v -0.437455 0.351961 -0.031900
v -0.437384 0.410024 -0.254385
v -0.279191 0.369096 -0.412657
v -0.429188 0.351848 -0.259067
v -0.279191 0.369096 -0.412657
v -0.266522 0.344484 -0.375793
v -0.429188 0.351848 -0.259067
v 0.125507 0.360596 -0.484221
v 0.327868 0.342873 -0.376662
v 0.050987 0.354722 -0.440970
v 0.335814 0.429790 -0.302197
v 0.284512 0.386021 -0.263361
v 0.327868 0.342873 -0.376662
v -0.010565 0.720165 0.152840
v -0.137061 0.719750 0.065635
v 0.011559 0.718464 -0.002296
v 0.397040 0.478456 0.092555
v 0.444408 0.351316 0.066705
v 0.502957 0.399622 0.072984
v 0.482093 0.401796 0.183310
v 0.269876 0.365664 0.422026
v 0.479332 0.352832 0.179255
v 0.269876 0.365664 0.422026
v 0.319658 0.359321 0.273500
v 0.479332 0.352832 0.179255
v 0.269876 0.365664 0.422026
v 0.247048 0.343619 0.380302
v 0.319658 0.359321 0.273500
v 0.211623 0.748418 0.114002
v 0.142420 0.778977 0.138015
v 0.100500 0.744716 0.219845
v 0.021372 0.383423 0.466130
v 0.007192 0.368929 0.420959
v 0.269876 0.365664 0.422026
v -0.137061 0.719750 0.065635
v -0.121710 0.708859 -0.075368
v 0.011559 0.718464 -0.002296
v -0.131798 0.391585 0.480315
v -0.054814 0.420813 0.328945
v -0.076016 0.559716 0.338928
v -0.131798 0.391585 0.480315
v -0.117595 0.348463 0.413053
v -0.054814 0.420813 0.328945
v -0.069496 0.746283 0.224118
v -0.112162 0.778453 0.158222
v -0.164283 0.747683 0.158691
v -0.426870 0.358896 0.245984
v -0.420285 0.340452 0.189494
v -0.239192 0.342301 0.426475
v -0.446399 0.405456 0.225661
v -0.420285 0.340452 0.189494
v -0.426870 0.358896 0.245984
v 0.335814 0.429790 -0.302197
v 0.426499 0.346800 -0.233769
v 0.284512 0.386021 -0.263361
v -0.135421 0.484538 -0.368891
v -0.092474 0.341872 -0.430639
v -0.088583 0.462006 -0.265811
v -0.135421 0.484538 -0.368891
v -0.088583 0.462006 -0.265811
v -0.200012 0.376038 -0.401398
v -0.230845 0.437653 -0.398504
v -0.200012 0.376038 -0.401398
v -0.192131 0.382123 -0.326603
v -0.379964 0.491264 0.072025
v -0.300489 0.435779 0.053558
v -0.420285 0.340452 0.189494
v -0.054814 0.420813 0.328945
v 0.007192 0.368929 0.420959
v 0.021372 0.383423 0.466130
v -0.319761 0.585849 0.001024
v -0.229380 0.748085 0.025889
v -0.233299 0.715526 -0.098799
v -0.229380 0.748085 0.025889
v -0.143944 0.747662 -0.181445
v -0.233299 0.715526 -0.098799
v -0.143944 0.747662 -0.181445
v -0.044815 0.748514 -0.231867
v -0.188768 0.596110 -0.257715
v -0.049291 0.587868 -0.326113
v -0.044815 0.748514 -0.231867
v 0.064220 0.710329 -0.257346
v -0.044815 0.748514 -0.231867
v 0.179131 0.747231 -0.167974
v 0.064220 0.710329 -0.257346
v 0.064220 0.710329 -0.257346
v 0.179131 0.747231 -0.167974
v 0.212245 0.611360 -0.243197
v -0.069496 0.746283 0.224118
v -0.164283 0.747683 0.158691
v -0.226540 0.592581 0.224431
v 0.023055 0.434817 0.472346
v 0.161192 0.581773 0.297463
v -0.076016 0.559716 0.338928
v 0.502957 0.399622 0.072984
v 0.330899 0.588886 0.044414
v 0.397040 0.478456 0.092555
v 0.331280 0.402111 -0.395781
v 0.279884 0.494795 -0.319306
v 0.335814 0.429790 -0.302197
v 0.140851 0.415840 -0.483446
v 0.086248 0.585029 -0.321072
v 0.279884 0.494795 -0.319306
v 0.331280 0.402111 -0.395781
v 0.140851 0.415840 -0.483446
v 0.279884 0.494795 -0.319306
v -0.307426 0.569407 -0.140791
v -0.188768 0.596110 -0.257715
v -0.437384 0.410024 -0.254385
v 0.482093 0.401796 0.183310
v 0.397040 0.478456 0.092555
v 0.330899 0.588886 0.044414
v 0.482093 0.401796 0.183310
v 0.330899 0.588886 0.044414
v 0.284133 0.584053 0.179280
v -0.379964 0.491264 0.072025
v -0.229380 0.748085 0.025889
v -0.319761 0.585849 0.001024
v -0.226540 0.592581 0.224431
v -0.379964 0.491264 0.072025
v -0.446399 0.405456 0.225661
v 0.179131 0.747231 -0.167974
v 0.247104 0.746208 -0.017061
v 0.335979 0.571267 -0.099222
v -0.105250 0.409927 -0.492576
v -0.135421 0.484538 -0.368891
v -0.049291 0.587868 -0.326113
v 0.335814 0.429790 -0.302197
v 0.279884 0.494795 -0.319306
v 0.431267 0.415097 -0.253048
v 0.431267 0.415097 -0.253048
v 0.279884 0.494795 -0.319306
v 0.212245 0.611360 -0.243197
v -0.379964 0.491264 0.072025
v -0.319761 0.585849 0.001024
v -0.477185 0.422744 -0.029449
v -0.079361 0.648116 -0.134268
v -0.024702 0.720050 -0.156289
v -0.121710 0.708859 -0.075368
v 0.012659 0.651975 -0.162569
v 0.105030 0.720212 -0.123550
v -0.024702 0.720050 -0.156289
v 0.059948 0.562067 -0.198452
v 0.124893 0.648591 -0.110611
v 0.012659 0.651975 -0.162569
v 0.124893 0.648591 -0.110611
v 0.166253 0.719966 0.001119
v 0.105030 0.720212 -0.123550
v 0.203457 0.560539 0.058689
v 0.140395 0.651033 0.087814
v 0.164853 0.650421 -0.023462
v 0.140395 0.651033 0.087814
v 0.027863 0.666769 0.156143
v 0.103667 0.720247 0.119543
v 0.027863 0.666769 0.156143
v -0.010565 0.720165 0.152840
v 0.103667 0.720247 0.119543
v 0.027863 0.666769 0.156143
v -0.087628 0.665671 0.121021
v -0.010565 0.720165 0.152840
v 0.011840 0.555998 0.208828
v -0.146696 0.566444 0.131523
v -0.087628 0.665671 0.121021
v -0.087628 0.665671 0.121021
v -0.145648 0.666012 0.032767
v -0.137061 0.719750 0.065635
v -0.239192 0.342301 0.426475
v -0.420285 0.340452 0.189494
v -0.259275 0.405944 0.210745
v -0.239192 0.342301 0.426475
v -0.259275 0.405944 0.210745
v -0.117595 0.348463 0.413053
v 0.247048 0.343619 0.380302
v 0.075118 0.411866 0.321977
v 0.319658 0.359321 0.273500
v 0.319658 0.359321 0.273500
v 0.168505 0.482081 0.204491
v 0.302238 0.449807 0.069463
v 0.050987 0.354722 -0.440970
v 0.327868 0.342873 -0.376662
v 0.284512 0.386021 -0.263361
v 0.050987 0.354722 -0.440970
v 0.284512 0.386021 -0.263361
v 0.020411 0.407485 -0.339038
v 0.050987 0.354722 -0.440970
v 0.020411 0.407485 -0.339038
v -0.092474 0.341872 -0.430639
v -0.266522 0.344484 -0.375793
v -0.192131 0.382123 -0.326603
v -0.310246 0.398591 -0.142328
v -0.192131 0.382123 -0.326603
v -0.177451 0.531034 -0.129711
v -0.310246 0.398591 -0.142328
v -0.437455 0.351961 -0.031900
v -0.266522 0.344484 -0.375793
v -0.310246 0.398591 -0.142328
v -0.437455 0.351961 -0.031900
v -0.310246 0.398591 -0.142328
v -0.300489 0.435779 0.053558
v -0.259275 0.405944 0.210745
v -0.194132 0.566410 -0.010771
v -0.146696 0.566444 0.131523
v -0.259275 0.405944 0.210745
v -0.300489 0.435779 0.053558
v -0.194132 0.566410 -0.010771
v 0.075118 0.411866 0.321977
v -0.054814 0.420813 0.328945
v 0.011840 0.555998 0.208828
v 0.075118 0.411866 0.321977
v 0.011840 0.555998 0.208828
v 0.168505 0.482081 0.204491
v 0.168505 0.482081 0.204491
v 0.011840 0.555998 0.208828
v 0.140395 0.651033 0.087814
v 0.259899 0.483684 -0.077701
v 0.302238 0.449807 0.069463
v 0.203457 0.560539 0.058689
v 0.259899 0.483684 -0.077701
v 0.203457 0.560539 0.058689
v 0.164853 0.650421 -0.023462
v 0.259899 0.483684 -0.077701
v 0.164853 0.650421 -0.023462
v 0.124893 0.648591 -0.110611
v 0.159798 0.483263 -0.215766
v 0.259899 0.483684 -0.077701
v 0.124893 0.648591 -0.110611
v 0.020411 0.407485 -0.339038
v 0.159798 0.483263 -0.215766
v 0.059948 0.562067 -0.198452
v 0.020411 0.407485 -0.339038
v 0.059948 0.562067 -0.198452
v -0.088583 0.462006 -0.265811
v -0.088583 0.462006 -0.265811
v 0.012659 0.651975 -0.162569
v -0.079361 0.648116 -0.134268
v -0.092474 0.341872 -0.430639
v 0.020411 0.407485 -0.339038
v -0.088583 0.462006 -0.265811
v 0.259899 0.483684 -0.077701
v 0.159798 0.483263 -0.215766
v 0.372407 0.377464 -0.126671
v -0.088583 0.462006 -0.265811
v -0.192131 0.382123 -0.326603
v -0.200012 0.376038 -0.401398
v -0.088583 0.462006 -0.265811
v -0.177451 0.531034 -0.129711
v -0.192131 0.382123 -0.326603
v 0.166253 0.719966 0.001119
v 0.103667 0.720247 0.119543
v 0.011559 0.718464 -0.002296
v -0.477185 0.422744 -0.029449
v -0.437384 0.410024 -0.254385
v -0.482266 0.366774 -0.037279
v -0.024702 0.720050 -0.156289
v 0.105030 0.720212 -0.123550
v 0.011559 0.718464 -0.002296
v -0.437384 0.410024 -0.254385
v -0.429188 0.351848 -0.259067
v -0.482266 0.366774 -0.037279
v -0.482266 0.366774 -0.037279
v -0.429188 0.351848 -0.259067
v -0.437455 0.351961 -0.031900
v -0.143944 0.747662 -0.181445
v -0.229380 0.748085 0.025889
v -0.167830 0.778958 -0.079267
v -0.044815 0.748514 -0.231867
v -0.167830 0.778958 -0.079267
v -0.013052 0.779090 -0.191024
v -0.044815 0.748514 -0.231867
v -0.143944 0.747662 -0.181445
v -0.167830 0.778958 -0.079267
v -0.102891 0.360554 -0.486725
v 0.050987 0.354722 -0.440970
v -0.092474 0.341872 -0.430639
v -0.102891 0.360554 -0.486725
v 0.125507 0.360596 -0.484221
v 0.050987 0.354722 -0.440970
v 0.140851 0.415840 -0.483446
v 0.331280 0.402111 -0.395781
v 0.125507 0.360596 -0.484221
v 0.179131 0.747231 -0.167974
v -0.013052 0.779090 -0.191024
v 0.180120 0.778769 -0.096936
v 0.179131 0.747231 -0.167974
v -0.044815 0.748514 -0.231867
v -0.013052 0.779090 -0.191024
v 0.331280 0.402111 -0.395781
v 0.327868 0.342873 -0.376662
v 0.125507 0.360596 -0.484221
v 0.331280 0.402111 -0.395781
v 0.335814 0.429790 -0.302197
v 0.327868 0.342873 -0.376662
v 0.431267 0.415097 -0.253048
v 0.495404 0.414926 -0.108041
v 0.426499 0.346800 -0.233769
v 0.247104 0.746208 -0.017061
v 0.179131 0.747231 -0.167974
v 0.180120 0.778769 -0.096936
v 0.495404 0.414926 -0.108041
v 0.502068 0.357404 -0.080569
v 0.426499 0.346800 -0.233769
v 0.495404 0.414926 -0.108041
v 0.502957 0.399622 0.072984
v 0.502068 0.357404 -0.080569
v 0.502068 0.357404 -0.080569
v 0.444408 0.351316 0.066705
v 0.426499 0.346800 -0.233769
v 0.502068 0.357404 -0.080569
v 0.502957 0.399622 0.072984
v 0.444408 0.351316 0.066705
v 0.211623 0.748418 0.114002
v 0.180120 0.778769 -0.096936
v 0.142420 0.778977 0.138015
v 0.211623 0.748418 0.114002
v 0.247104 0.746208 -0.017061
v 0.180120 0.778769 -0.096936
v 0.397040 0.478456 0.092555
v 0.302238 0.449807 0.069463
v 0.444408 0.351316 0.066705
v 0.479332 0.352832 0.179255
v 0.319658 0.359321 0.273500
v 0.418619 0.341626 0.156012
v 0.103667 0.720247 0.119543
v -0.010565 0.720165 0.152840
v 0.011559 0.718464 -0.002296
v 0.482093 0.401796 0.183310
v 0.275368 0.410977 0.424182
v 0.269876 0.365664 0.422026
v 0.269876 0.365664 0.422026
v 0.007192 0.368929 0.420959
v 0.247048 0.343619 0.380302
v 0.105030 0.720212 -0.123550
v 0.166253 0.719966 0.001119
v 0.011559 0.718464 -0.002296
v -0.257697 0.407970 0.430473
v -0.239192 0.342301 0.426475
v -0.131798 0.391585 0.480315
v -0.131798 0.391585 0.480315
v -0.239192 0.342301 0.426475
v -0.117595 0.348463 0.413053
v -0.121710 0.708859 -0.075368
v -0.024702 0.720050 -0.156289
v 0.011559 0.718464 -0.002296
v -0.229380 0.748085 0.025889
v -0.164283 0.747683 0.158691
v -0.112162 0.778453 0.158222
v 0.482093 0.401796 0.183310
v 0.479332 0.352832 0.179255
v 0.397040 0.478456 0.092555
v 0.431267 0.415097 -0.253048
v 0.426499 0.346800 -0.233769
v 0.335814 0.429790 -0.302197
v -0.105250 0.409927 -0.492576
v -0.102891 0.360554 -0.486725
v -0.135421 0.484538 -0.368891
v -0.135421 0.484538 -0.368891
v -0.102891 0.360554 -0.486725
v -0.092474 0.341872 -0.430639
v -0.230845 0.437653 -0.398504
v -0.135421 0.484538 -0.368891
v -0.200012 0.376038 -0.401398
v -0.477185 0.422744 -0.029449
v -0.482266 0.366774 -0.037279
v -0.379964 0.491264 0.072025
v -0.446399 0.405456 0.225661
v -0.379964 0.491264 0.072025
v -0.420285 0.340452 0.189494
v -0.167830 0.778958 -0.079267
v -0.112162 0.778453 0.158222
v 0.005899 0.778849 -0.014198
v 0.180120 0.778769 -0.096936
v -0.013052 0.779090 -0.191024
v 0.005899 0.778849 -0.014198
v -0.112162 0.778453 0.158222
v 0.142420 0.778977 0.138015
v 0.005899 0.778849 -0.014198
v -0.013052 0.779090 -0.191024
v -0.167830 0.778958 -0.079267
v 0.005899 0.778849 -0.014198
v 0.142420 0.778977 0.138015
v 0.180120 0.778769 -0.096936
v 0.005899 0.778849 -0.014198
v 0.018217 1.004311 0.203136
v 0.067605 0.866082 0.274711
v 0.149047 1.003841 0.170260
v 0.018217 1.004311 0.203136
v -0.103713 0.868586 0.237620
v 0.067605 0.866082 0.274711
v -0.107144 1.004892 0.131208
v -0.185374 0.869732 0.157244
v -0.103713 0.868586 0.237620
v 0.009381 0.893211 -0.268231
v 0.030004 1.006058 -0.202764
v 0.130374 0.965933 -0.209461
v 0.030004 1.006058 -0.202764
v 0.190437 0.997935 -0.142851
v 0.130374 0.965933 -0.209461
v 0.060752 0.765609 -0.381299
v 0.186093 0.831168 -0.268225
v 0.285315 0.674736 -0.379786
v -0.400436 0.680223 0.004584
v -0.231928 0.845114 -0.119741
v -0.326127 0.685545 -0.264031
v -0.300912 0.717522 0.252260
v -0.259968 0.828519 0.054513
v -0.368161 0.672448 0.101103
v -0.095786 0.730435 0.355510
v 0.067605 0.866082 0.274711
v -0.103713 0.868586 0.237620
v 0.118973 0.687460 0.411508
v 0.067605 0.866082 0.274711
v -0.095786 0.730435 0.355510
v 0.307236 0.681167 0.325740
v 0.067605 0.866082 0.274711
v 0.118973 0.687460 0.411508
v 0.287530 0.801353 -0.194549
v 0.463547 0.686083 -0.004545
v 0.414497 0.682967 -0.191418
v 0.186093 0.831168 -0.268225
v 0.190437 0.997935 -0.142851
v 0.287530 0.801353 -0.194549
v 0.009381 0.893211 -0.268231
v 0.130374 0.965933 -0.209461
v 0.186093 0.831168 -0.268225
v 0.009381 0.893211 -0.268231
v 0.060752 0.765609 -0.381299
v -0.138777 0.686636 -0.412473
v -0.069453 0.975586 -0.193962
v 0.009381 0.893211 -0.268231
v -0.153484 0.841850 -0.230622
v -0.231928 0.845114 -0.119741
v -0.125894 1.005334 -0.111877
v -0.153484 0.841850 -0.230622
v -0.259968 0.828519 0.054513
v -0.163101 1.004134 0.007429
v -0.231928 0.845114 -0.119741
v -0.185374 0.869732 0.157244
v -0.163101 1.004134 0.007429
v -0.259968 0.828519 0.054513
v 0.244573 0.871617 0.181025
v 0.149047 1.003841 0.170260
v 0.067605 0.866082 0.274711
v 0.227863 1.004959 0.079131
v 0.244573 0.871617 0.181025
v 0.312972 0.869344 0.016572
v 0.238857 1.001925 -0.033485
v 0.312972 0.869344 0.016572
v 0.287530 0.801353 -0.194549
v -0.095786 0.730435 0.355510
v -0.103713 0.868586 0.237620
v -0.190708 0.713324 0.346503
v 0.285315 0.674736 -0.379786
v 0.287530 0.801353 -0.194549
v 0.297765 0.629953 -0.372621
v 0.167420 0.973127 -0.010488
v 0.122028 0.977378 -0.111991
v 0.137694 0.905301 -0.102912
v 0.208277 0.854367 0.020076
v 0.167420 0.973127 -0.010488
v 0.137694 0.905301 -0.102912
v 0.033120 0.929171 0.132093
v 0.003243 0.982357 0.124321
v 0.126613 0.977337 0.100265
v 0.054561 0.844105 -0.180808
v -0.032243 0.936440 -0.114322
v -0.068346 0.842206 -0.140786
v 0.070817 0.931557 -0.135154
v -0.012331 0.981503 -0.127124
v -0.032243 0.936440 -0.114322
v 0.070817 0.931557 -0.135154
v 0.122028 0.977378 -0.111991
v -0.012331 0.981503 -0.127124
v 0.054561 0.844105 -0.180808
v 0.137694 0.905301 -0.102912
v 0.070817 0.931557 -0.135154
v 0.268417 0.618032 -0.337011
v 0.240476 0.699706 -0.197593
v 0.099732 0.687549 -0.304548
v -0.274442 0.630683 -0.253538
v -0.202134 0.687734 -0.190683
v -0.245083 0.689028 -0.089574
v -0.313303 0.645060 0.093454
v -0.240556 0.713392 0.048956
v -0.133140 0.782299 0.130951
v 0.098424 0.690617 0.277775
v 0.214980 0.736447 0.168807
v 0.269181 0.632310 0.280017
v 0.360287 0.627522 0.153774
v 0.214980 0.736447 0.168807
v 0.325967 0.692297 0.004491
v 0.360287 0.627522 0.153774
v 0.325967 0.692297 0.004491
v 0.393719 0.625468 -0.165195
v 0.325967 0.692297 0.004491
v 0.251130 0.759426 -0.057753
v 0.240476 0.699706 -0.197593
v -0.339253 0.626498 0.006661
v -0.245083 0.689028 -0.089574
v -0.240556 0.713392 0.048956
v 0.166747 0.788514 -0.166254
v 0.137694 0.905301 -0.102912
v 0.054561 0.844105 -0.180808
v 0.099732 0.687549 -0.304548
v 0.054561 0.844105 -0.180808
v -0.066133 0.687877 -0.294759
v -0.202134 0.687734 -0.190683
v -0.068346 0.842206 -0.140786
v -0.126388 0.841293 -0.055254
v -0.031565 0.781323 0.202535
v -0.076764 0.917819 0.069076
v 0.033120 0.929171 0.132093
v -0.031565 0.781323 0.202535
v 0.071953 0.844466 0.165221
v 0.098424 0.690617 0.277775
v 0.098424 0.690617 0.277775
v 0.071953 0.844466 0.165221
v 0.214980 0.736447 0.168807
v 0.214980 0.736447 0.168807
v 0.071953 0.844466 0.165221
v 0.124172 0.925955 0.102542
v 0.214980 0.736447 0.168807
v 0.208277 0.854367 0.020076
v 0.325967 0.692297 0.004491
v 0.251130 0.759426 -0.057753
v 0.166747 0.788514 -0.166254
v 0.240476 0.699706 -0.197593
v -0.231332 0.662393 0.247817
v -0.075534 0.685468 0.287139
v -0.191798 0.662054 0.334274
v -0.031565 0.781323 0.202535
v -0.075534 0.685468 0.287139
v -0.231332 0.662393 0.247817
v 0.214980 0.736447 0.168807
v 0.329395 0.654404 0.168635
v 0.330647 0.651972 0.210190
v 0.456670 0.631482 -0.010985
v 0.393719 0.625468 -0.165195
v 0.415441 0.637182 -0.182947
v 0.238857 1.001925 -0.033485
v 0.175721 1.004337 -0.096470
v 0.189875 1.008942 0.058709
v 0.463547 0.686083 -0.004545
v 0.399100 0.638313 0.174607
v 0.456670 0.631482 -0.010985
v 0.399100 0.638313 0.174607
v 0.360287 0.627522 0.153774
v 0.456670 0.631482 -0.010985
v 0.189875 1.008942 0.058709
v 0.167420 0.973127 -0.010488
v 0.126613 0.977337 0.100265
v 0.329395 0.654404 0.168635
v 0.360287 0.627522 0.153774
v 0.399100 0.638313 0.174607
v 0.227863 1.004959 0.079131
v 0.067680 1.008259 0.161751
v 0.149047 1.003841 0.170260
v 0.307236 0.681167 0.325740
v 0.196378 0.640202 0.347201
v 0.304022 0.633353 0.320772
v 0.196378 0.640202 0.347201
v 0.269181 0.632310 0.280017
v 0.304022 0.633353 0.320772
v 0.067680 1.008259 0.161751
v 0.126613 0.977337 0.100265
v 0.003243 0.982357 0.124321
v 0.018217 1.004311 0.203136
v 0.067680 1.008259 0.161751
v -0.116466 1.007919 0.056636
v -0.116466 1.007919 0.056636
v 0.003243 0.982357 0.124321
v -0.050129 0.970603 0.086808
v -0.107144 1.004892 0.131208
v -0.116466 1.007919 0.056636
v -0.163101 1.004134 0.007429
v -0.368161 0.672448 0.101103
v -0.305599 0.667342 0.241150
v -0.300912 0.717522 0.252260
v -0.240556 0.713392 0.048956
v -0.313303 0.645060 0.093454
v -0.368161 0.672448 0.101103
v -0.400436 0.680223 0.004584
v -0.329084 0.639465 -0.255177
v -0.395930 0.630410 0.007387
v -0.329084 0.639465 -0.255177
v -0.323657 0.638609 -0.110788
v -0.395930 0.630410 0.007387
v -0.326127 0.685545 -0.264031
v -0.329084 0.639465 -0.255177
v -0.400436 0.680223 0.004584
v -0.329084 0.639465 -0.255177
v -0.274442 0.630683 -0.253538
v -0.323657 0.638609 -0.110788
v -0.125894 1.005334 -0.111877
v -0.116466 1.007919 0.056636
v -0.065133 1.008165 -0.122598
v -0.065133 1.008165 -0.122598
v -0.089314 0.981657 -0.022490
v -0.012331 0.981503 -0.127124
v -0.326127 0.685545 -0.264031
v -0.161203 0.646197 -0.392537
v -0.329084 0.639465 -0.255177
v -0.161203 0.646197 -0.392537
v -0.274442 0.630683 -0.253538
v -0.329084 0.639465 -0.255177
v -0.138777 0.686636 -0.412473
v -0.161203 0.646197 -0.392537
v -0.326127 0.685545 -0.264031
v -0.161203 0.646197 -0.392537
v -0.109676 0.627618 -0.383093
v -0.274442 0.630683 -0.253538
v -0.125894 1.005334 -0.111877
v -0.065133 1.008165 -0.122598
v 0.030004 1.006058 -0.202764
v 0.030004 1.006058 -0.202764
v -0.065133 1.008165 -0.122598
v 0.058470 1.008412 -0.160943
v -0.065133 1.008165 -0.122598
v -0.012331 0.981503 -0.127124
v 0.058470 1.008412 -0.160943
v 0.045802 0.630384 -0.463429
v 0.091382 0.625073 -0.408468
v -0.109676 0.627618 -0.383093
v 0.058470 1.008412 -0.160943
v -0.012331 0.981503 -0.127124
v 0.122028 0.977378 -0.111991
v 0.190437 0.997935 -0.142851
v 0.058470 1.008412 -0.160943
v 0.175721 1.004337 -0.096470
v -0.095786 0.730435 0.355510
v -0.191798 0.662054 0.334274
v -0.075534 0.685468 0.287139
v 0.282478 0.757251 0.220818
v 0.269181 0.632310 0.280017
v 0.214980 0.736447 0.168807
v 0.353684 0.704873 0.200003
v 0.282478 0.757251 0.220818
v 0.330647 0.651972 0.210190
v 0.282478 0.757251 0.220818
v 0.214980 0.736447 0.168807
v 0.330647 0.651972 0.210190
v 0.414497 0.682967 -0.191418
v 0.286114 0.712175 -0.217367
v 0.287530 0.801353 -0.194549
v 0.286114 0.712175 -0.217367
v 0.393719 0.625468 -0.165195
v 0.240476 0.699706 -0.197593
v 0.287530 0.801353 -0.194549
v 0.286114 0.712175 -0.217367
v 0.297765 0.629953 -0.372621
v 0.286114 0.712175 -0.217367
v 0.240476 0.699706 -0.197593
v 0.297765 0.629953 -0.372621
v 0.238857 1.001925 -0.033485
v 0.227863 1.004959 0.079131
v 0.312972 0.869344 0.016572
v 0.227863 1.004959 0.079131
v 0.149047 1.003841 0.170260
v 0.244573 0.871617 0.181025
v 0.018217 1.004311 0.203136
v -0.107144 1.004892 0.131208
v -0.103713 0.868586 0.237620
v -0.185374 0.869732 0.157244
v -0.107144 1.004892 0.131208
v -0.163101 1.004134 0.007429
v -0.125894 1.005334 -0.111877
v 0.030004 1.006058 -0.202764
v -0.069453 0.975586 -0.193962
v -0.069453 0.975586 -0.193962
v 0.030004 1.006058 -0.202764
v 0.009381 0.893211 -0.268231
v 0.045420 0.672306 -0.466011
v 0.060752 0.765609 -0.381299
v 0.285315 0.674736 -0.379786
v 0.045420 0.672306 -0.466011
v -0.138777 0.686636 -0.412473
v 0.060752 0.765609 -0.381299
v -0.326127 0.685545 -0.264031
v -0.153484 0.841850 -0.230622
v -0.138777 0.686636 -0.412473
v -0.326127 0.685545 -0.264031
v -0.231928 0.845114 -0.119741
v -0.153484 0.841850 -0.230622
v -0.400436 0.680223 0.004584
v -0.259968 0.828519 0.054513
v -0.231928 0.845114 -0.119741
v -0.300912 0.717522 0.252260
v -0.185374 0.869732 0.157244
v -0.259968 0.828519 0.054513
v -0.061338 0.679114 0.415803
v 0.118973 0.687460 0.411508
v -0.095786 0.730435 0.355510
v 0.244573 0.871617 0.181025
v 0.067605 0.866082 0.274711
v 0.307236 0.681167 0.325740
v 0.463547 0.686083 -0.004545
v 0.353684 0.704873 0.200003
v 0.399100 0.638313 0.174607
v 0.287530 0.801353 -0.194549
v 0.312972 0.869344 0.016572
v 0.463547 0.686083 -0.004545
v 0.186093 0.831168 -0.268225
v 0.130374 0.965933 -0.209461
v 0.190437 0.997935 -0.142851
v 0.060752 0.765609 -0.381299
v 0.009381 0.893211 -0.268231
v 0.186093 0.831168 -0.268225
v -0.153484 0.841850 -0.230622
v 0.009381 0.893211 -0.268231
v -0.138777 0.686636 -0.412473
v -0.153484 0.841850 -0.230622
v -0.125894 1.005334 -0.111877
v -0.069453 0.975586 -0.193962
v -0.231928 0.845114 -0.119741
v -0.163101 1.004134 0.007429
v -0.125894 1.005334 -0.111877
v 0.190437 0.997935 -0.142851
v 0.238857 1.001925 -0.033485
v 0.287530 0.801353 -0.194549
v 0.307236 0.681167 0.325740
v 0.282478 0.757251 0.220818
v 0.244573 0.871617 0.181025
v 0.353684 0.704873 0.200003
v 0.244573 0.871617 0.181025
v 0.282478 0.757251 0.220818
v 0.186093 0.831168 -0.268225
v 0.287530 0.801353 -0.194549
v 0.285315 0.674736 -0.379786
v 0.208277 0.854367 0.020076
v 0.126613 0.977337 0.100265
v 0.167420 0.973127 -0.010488
v 0.208277 0.854367 0.020076
v 0.124172 0.925955 0.102542
v 0.126613 0.977337 0.100265
v 0.124172 0.925955 0.102542
v 0.071953 0.844466 0.165221
v 0.033120 0.929171 0.132093
v 0.124172 0.925955 0.102542
v 0.033120 0.929171 0.132093
v 0.126613 0.977337 0.100265
v 0.033120 0.929171 0.132093
v -0.050129 0.970603 0.086808
v 0.003243 0.982357 0.124321
v 0.033120 0.929171 0.132093
v -0.076764 0.917819 0.069076
v -0.050129 0.970603 0.086808
v -0.076764 0.917819 0.069076
v -0.089314 0.981657 -0.022490
v -0.050129 0.970603 0.086808
v -0.076764 0.917819 0.069076
v -0.093941 0.915182 -0.026939
v -0.089314 0.981657 -0.022490
v 0.054561 0.844105 -0.180808
v 0.070817 0.931557 -0.135154
v -0.032243 0.936440 -0.114322
v 0.070817 0.931557 -0.135154
v 0.137694 0.905301 -0.102912
v 0.122028 0.977378 -0.111991
v 0.091382 0.625073 -0.408468
v 0.268417 0.618032 -0.337011
v 0.099732 0.687549 -0.304548
v 0.091382 0.625073 -0.408468
v 0.099732 0.687549 -0.304548
v -0.066133 0.687877 -0.294759
v -0.109676 0.627618 -0.383093
v 0.091382 0.625073 -0.408468
v -0.066133 0.687877 -0.294759
v -0.323657 0.638609 -0.110788
v -0.274442 0.630683 -0.253538
v -0.245083 0.689028 -0.089574
v -0.323657 0.638609 -0.110788
v -0.245083 0.689028 -0.089574
v -0.339253 0.626498 0.006661
v -0.231332 0.662393 0.247817
v -0.313303 0.645060 0.093454
v -0.133140 0.782299 0.130951
v -0.231332 0.662393 0.247817
v -0.133140 0.782299 0.130951
v -0.031565 0.781323 0.202535
v 0.098424 0.690617 0.277775
v -0.075534 0.685468 0.287139
v -0.031565 0.781323 0.202535
v 0.269181 0.632310 0.280017
v 0.196378 0.640202 0.347201
v 0.098424 0.690617 0.277775
v 0.329395 0.654404 0.168635
v 0.214980 0.736447 0.168807
v 0.360287 0.627522 0.153774
v 0.393719 0.625468 -0.165195
v 0.325967 0.692297 0.004491
v 0.240476 0.699706 -0.197593
v -0.066133 0.687877 -0.294759
v 0.054561 0.844105 -0.180808
v -0.068346 0.842206 -0.140786
v -0.202134 0.687734 -0.190683
v -0.066133 0.687877 -0.294759
v -0.068346 0.842206 -0.140786
v -0.245083 0.689028 -0.089574
v -0.202134 0.687734 -0.190683
v -0.126388 0.841293 -0.055254
v -0.133140 0.782299 0.130951
v -0.240556 0.713392 0.048956
v -0.093941 0.915182 -0.026939
v -0.133140 0.782299 0.130951
v -0.093941 0.915182 -0.026939
v -0.076764 0.917819 0.069076
v -0.031565 0.781323 0.202535
v -0.133140 0.782299 0.130951
v -0.076764 0.917819 0.069076
v 0.071953 0.844466 0.165221
v -0.031565 0.781323 0.202535
v 0.033120 0.929171 0.132093
v 0.208277 0.854367 0.020076
v 0.214980 0.736447 0.168807
v 0.124172 0.925955 0.102542
v 0.325967 0.692297 0.004491
v 0.208277 0.854367 0.020076
v 0.251130 0.759426 -0.057753
v 0.175721 1.004337 -0.096470
v 0.122028 0.977378 -0.111991
v 0.167420 0.973127 -0.010488
v 0.238857 1.001925 -0.033485
v 0.190437 0.997935 -0.142851
v 0.175721 1.004337 -0.096470
v 0.227863 1.004959 0.079131
v 0.238857 1.001925 -0.033485
v 0.189875 1.008942 0.058709
v 0.189875 1.008942 0.058709
v 0.175721 1.004337 -0.096470
v 0.167420 0.973127 -0.010488
v 0.456670 0.631482 -0.010985
v 0.360287 0.627522 0.153774
v 0.393719 0.625468 -0.165195
v 0.399100 0.638313 0.174607
v 0.353684 0.704873 0.200003
v 0.329395 0.654404 0.168635
v 0.227863 1.004959 0.079131
v 0.189875 1.008942 0.058709
v 0.067680 1.008259 0.161751
v 0.067680 1.008259 0.161751
v 0.189875 1.008942 0.058709
v 0.126613 0.977337 0.100265
v 0.118973 0.687460 0.411508
v -0.061338 0.679114 0.415803
v 0.127236 0.639862 0.403457
v 0.018217 1.004311 0.203136
v 0.149047 1.003841 0.170260
v 0.067680 1.008259 0.161751
v -0.061338 0.679114 0.415803
v -0.067496 0.637831 0.407346
v 0.127236 0.639862 0.403457
v -0.061338 0.679114 0.415803
v -0.095786 0.730435 0.355510
v -0.067496 0.637831 0.407346
v -0.116466 1.007919 0.056636
v 0.067680 1.008259 0.161751
v 0.003243 0.982357 0.124321
v -0.190708 0.713324 0.346503
v -0.300912 0.717522 0.252260
v -0.191798 0.662054 0.334274
v -0.107144 1.004892 0.131208
v 0.018217 1.004311 0.203136
v -0.116466 1.007919 0.056636
v -0.300912 0.717522 0.252260
v -0.305599 0.667342 0.241150
v -0.191798 0.662054 0.334274
v -0.191798 0.662054 0.334274
v -0.305599 0.667342 0.241150
v -0.231332 0.662393 0.247817
v -0.305599 0.667342 0.241150
v -0.313303 0.645060 0.093454
v -0.231332 0.662393 0.247817
v -0.305599 0.667342 0.241150
v -0.368161 0.672448 0.101103
v -0.313303 0.645060 0.093454
v -0.116466 1.007919 0.056636
v -0.050129 0.970603 0.086808
v -0.089314 0.981657 -0.022490
v -0.368161 0.672448 0.101103
v -0.259968 0.828519 0.054513
v -0.240556 0.713392 0.048956
v -0.395930 0.630410 0.007387
v -0.323657 0.638609 -0.110788
v -0.339253 0.626498 0.006661
v -0.125894 1.005334 -0.111877
v -0.163101 1.004134 0.007429
v -0.116466 1.007919 0.056636
v -0.065133 1.008165 -0.122598
v -0.116466 1.007919 0.056636
v -0.089314 0.981657 -0.022490
v -0.161203 0.646197 -0.392537
v 0.045802 0.630384 -0.463429
v -0.109676 0.627618 -0.383093
v 0.190437 0.997935 -0.142851
v 0.030004 1.006058 -0.202764
v 0.058470 1.008412 -0.160943
v 0.175721 1.004337 -0.096470
v 0.058470 1.008412 -0.160943
v 0.122028 0.977378 -0.111991
v -0.240556 0.713392 0.048956
v -0.395930 0.630410 0.007387
v -0.339253 0.626498 0.006661
v -0.190708 0.713324 0.346503
v -0.191798 0.662054 0.334274
v -0.095786 0.730435 0.355510
v 0.307236 0.681167 0.325740
v 0.304022 0.633353 0.320772
v 0.282478 0.757251 0.220818
v 0.282478 0.757251 0.220818
v 0.304022 0.633353 0.320772
v 0.269181 0.632310 0.280017
v 0.353684 0.704873 0.200003
v 0.330647 0.651972 0.210190
v 0.329395 0.654404 0.168635
v 0.414497 0.682967 -0.191418
v 0.415441 0.637182 -0.182947
v 0.286114 0.712175 -0.217367
v 0.286114 0.712175 -0.217367
v 0.415441 0.637182 -0.182947
v 0.393719 0.625468 -0.165195
v 0.297765 0.629953 -0.372621
v 0.240476 0.699706 -0.197593
v 0.268417 0.618032 -0.337011
v 0.191036 1.279957 0.038518
v 0.166901 1.252532 0.114310
v 0.260330 1.107995 0.064455
v -0.063456 1.286090 0.122100
v -0.119930 1.151528 0.146108
v -0.019679 1.145109 0.211077
v 0.059618 1.122952 -0.225271
v 0.085721 1.288635 -0.150855
v 0.149950 1.252930 -0.134616
v 0.245549 0.932772 -0.293178
v 0.277613 1.025514 -0.171572
v 0.378611 0.921867 -0.135950
v 0.245549 0.932772 -0.293178
v 0.157470 1.111863 -0.201253
v 0.277613 1.025514 -0.171572
v 0.110096 0.936825 -0.336483
v 0.059618 1.122952 -0.225271
v 0.245549 0.932772 -0.293178
v -0.032317 1.041740 -0.267955
v 0.059618 1.122952 -0.225271
v 0.110096 0.936825 -0.336483
v -0.032317 1.041740 -0.267955
v 0.008890 0.979497 -0.290067
v -0.125254 0.938492 -0.319684
v -0.080789 1.128864 -0.191738
v -0.032317 1.041740 -0.267955
v -0.125254 0.938492 -0.319684
v -0.241729 0.937034 -0.163450
v -0.080789 1.128864 -0.191738
v -0.125254 0.938492 -0.319684
v -0.287088 0.977912 0.042144
v -0.176773 1.104580 -0.078633
v -0.260829 0.928130 -0.081658
v -0.195313 1.022726 0.187864
v -0.200945 0.945955 0.237502
v -0.071338 0.997742 0.311862
v -0.195313 1.022726 0.187864
v -0.119930 1.151528 0.146108
v -0.253538 0.993844 0.143723
v -0.071338 0.997742 0.311862
v -0.119930 1.151528 0.146108
v -0.195313 1.022726 0.187864
v 0.260330 1.107995 0.064455
v 0.346642 0.933042 0.178739
v 0.384938 0.938765 0.033349
v -0.243902 0.889145 -0.154468
v -0.176773 1.104580 -0.078633
v -0.241729 0.937034 -0.163450
v 0.231512 1.143110 -0.105246
v 0.192045 1.277304 -0.049687
v 0.326084 1.003081 -0.037325
v 0.157470 1.111863 -0.201253
v 0.231512 1.143110 -0.105246
v 0.277613 1.025514 -0.171572
v 0.157470 1.111863 -0.201253
v 0.149950 1.252930 -0.134616
v 0.231512 1.143110 -0.105246
v 0.059618 1.122952 -0.225271
v 0.149950 1.252930 -0.134616
v 0.157470 1.111863 -0.201253
v -0.176773 1.104580 -0.078633
v -0.099234 1.287710 -0.084025
v -0.080789 1.128864 -0.191738
v -0.119930 1.151528 0.146108
v -0.116888 1.287691 0.027512
v -0.183738 1.133099 0.036576
v 0.030954 1.288318 0.154389
v -0.019679 1.145109 0.211077
v 0.112707 1.102481 0.225588
v 0.166901 1.252532 0.114310
v 0.112707 1.102481 0.225588
v 0.216162 1.111114 0.147075
v 0.166901 1.252532 0.114310
v 0.216162 1.111114 0.147075
v 0.260330 1.107995 0.064455
v 0.326084 1.003081 -0.037325
v 0.378611 0.921867 -0.135950
v 0.231512 1.143110 -0.105246
v 0.151111 1.115805 0.079162
v 0.149139 1.194208 -0.029118
v 0.191513 1.074913 -0.030353
v 0.043838 1.193066 0.105129
v 0.118015 1.212741 0.069257
v 0.151111 1.115805 0.079162
v -0.003493 1.131039 0.124187
v -0.026930 1.203033 0.081753
v 0.043838 1.193066 0.105129
v -0.026930 1.203033 0.081753
v -0.034600 1.264436 0.070860
v 0.042385 1.263640 0.102382
v -0.064330 1.202592 0.024758
v -0.034600 1.264436 0.070860
v -0.026930 1.203033 0.081753
v -0.086785 1.117095 -0.051299
v -0.002626 1.204464 -0.099997
v -0.063992 1.258990 -0.013546
v 0.087603 1.252618 -0.088875
v -0.004299 1.263808 -0.100444
v -0.002626 1.204464 -0.099997
v 0.112022 1.119921 -0.117788
v 0.149139 1.194208 -0.029118
v 0.087603 1.252618 -0.088875
v 0.149139 1.194208 -0.029118
v 0.144704 1.251006 -0.017180
v 0.087603 1.252618 -0.088875
v 0.347151 0.866625 -0.119482
v 0.272418 0.950228 -0.031742
v 0.249397 0.943787 -0.117399
v 0.098682 0.884906 -0.300788
v 0.176668 0.944737 -0.199460
v 0.015335 0.945923 -0.242916
v 0.015335 0.945923 -0.242916
v -0.041949 1.037569 -0.159733
v -0.122441 0.900922 -0.244770
v 0.015335 0.945923 -0.242916
v -0.122441 0.900922 -0.244770
v -0.100272 0.887108 -0.288410
v -0.122441 0.900922 -0.244770
v -0.041949 1.037569 -0.159733
v -0.155712 0.981914 -0.068083
v -0.220179 0.902259 -0.063189
v -0.155712 0.981914 -0.068083
v -0.126596 1.058342 0.054047
v -0.220179 0.902259 -0.063189
v -0.200854 0.960625 0.064923
v -0.249984 0.936505 0.133741
v -0.220179 0.902259 -0.063189
v -0.126596 1.058342 0.054047
v -0.200854 0.960625 0.064923
v -0.021805 0.973042 0.236383
v -0.082245 1.028233 0.150334
v 0.025778 1.051097 0.172355
v 0.306991 0.876557 0.149548
v 0.217717 1.002982 0.090506
v 0.272418 0.950228 -0.031742
v 0.249397 0.943787 -0.117399
v 0.191513 1.074913 -0.030353
v 0.112022 1.119921 -0.117788
v 0.061320 1.029801 -0.177047
v 0.112022 1.119921 -0.117788
v -0.002626 1.204464 -0.099997
v -0.126596 1.058342 0.054047
v -0.026930 1.203033 0.081753
v -0.003493 1.131039 0.124187
v 0.025778 1.051097 0.172355
v 0.043838 1.193066 0.105129
v 0.103823 0.986441 0.205859
v 0.103823 0.986441 0.205859
v 0.151111 1.115805 0.079162
v 0.217717 1.002982 0.090506
v 0.217717 1.002982 0.090506
v 0.191513 1.074913 -0.030353
v 0.272418 0.950228 -0.031742
v -0.021805 0.973042 0.236383
v 0.025778 1.051097 0.172355
v 0.088865 0.909898 0.311441
v -0.200854 0.960625 0.064923
v -0.156940 0.968190 0.153898
v -0.249984 0.936505 0.133741
v 0.344475 0.878293 0.176848
v 0.306991 0.876557 0.149548
v 0.352406 0.877476 0.032438
v 0.191036 1.279957 0.038518
v 0.163824 1.283486 0.015069
v 0.088840 1.292248 0.115438
v 0.163824 1.283486 0.015069
v 0.122448 1.261503 0.058940
v 0.088840 1.292248 0.115438
v 0.346642 0.933042 0.178739
v 0.229834 0.901576 0.277480
v 0.344475 0.878293 0.176848
v 0.229834 0.901576 0.277480
v 0.209909 0.886183 0.249637
v 0.344475 0.878293 0.176848
v 0.088840 1.292248 0.115438
v 0.122448 1.261503 0.058940
v 0.042385 1.263640 0.102382
v 0.174853 0.914484 0.235674
v 0.209909 0.886183 0.249637
v 0.229834 0.901576 0.277480
v 0.094561 0.967766 0.329875
v 0.008782 0.940478 0.298886
v 0.088865 0.909898 0.311441
v 0.030954 1.288318 0.154389
v 0.088840 1.292248 0.115438
v -0.020218 1.291245 0.107638
v 0.030954 1.288318 0.154389
v -0.020218 1.291245 0.107638
v -0.063456 1.286090 0.122100
v -0.020218 1.291245 0.107638
v 0.042385 1.263640 0.102382
v -0.034600 1.264436 0.070860
v -0.020218 1.291245 0.107638
v -0.034600 1.264436 0.070860
v -0.085090 1.291200 0.026588
v -0.195313 1.022726 0.187864
v -0.156940 0.968190 0.153898
v -0.200945 0.945955 0.237502
v -0.116888 1.287691 0.027512
v -0.085090 1.291200 0.026588
v -0.099234 1.287710 -0.084025
v -0.260829 0.928130 -0.081658
v -0.282041 0.924222 0.031103
v -0.287088 0.977912 0.042144
v -0.085090 1.291200 0.026588
v -0.063992 1.258990 -0.013546
v -0.061658 1.291582 -0.076460
v -0.155712 0.981914 -0.068083
v -0.220179 0.902259 -0.063189
v -0.260829 0.928130 -0.081658
v -0.241729 0.937034 -0.163450
v -0.119916 0.898979 -0.319178
v -0.243902 0.889145 -0.154468
v -0.125254 0.938492 -0.319684
v -0.119916 0.898979 -0.319178
v -0.241729 0.937034 -0.163450
v -0.119916 0.898979 -0.319178
v -0.100272 0.887108 -0.288410
v -0.122441 0.900922 -0.244770
v -0.125254 0.938492 -0.319684
v 0.008890 0.979497 -0.290067
v -0.119916 0.898979 -0.319178
v 0.008890 0.979497 -0.290067
v 0.015335 0.945923 -0.242916
v -0.119916 0.898979 -0.319178
v 0.035704 1.291790 -0.129518
v -0.004299 1.263808 -0.100444
v 0.087603 1.252618 -0.088875
v 0.085721 1.288635 -0.150855
v 0.139842 1.288028 -0.075271
v 0.192045 1.277304 -0.049687
v 0.139842 1.288028 -0.075271
v 0.087603 1.252618 -0.088875
v 0.144704 1.251006 -0.017180
v -0.243902 0.889145 -0.154468
v -0.155712 0.981914 -0.068083
v -0.176773 1.104580 -0.078633
v -0.195313 1.022726 0.187864
v -0.249984 0.936505 0.133741
v -0.156940 0.968190 0.153898
v 0.094561 0.967766 0.329875
v 0.103823 0.986441 0.205859
v 0.112707 1.102481 0.225588
v 0.326084 1.003081 -0.037325
v 0.272418 0.950228 -0.031742
v 0.377832 0.874684 -0.132045
v 0.192045 1.277304 -0.049687
v 0.191036 1.279957 0.038518
v 0.260330 1.107995 0.064455
v 0.191036 1.279957 0.038518
v 0.105188 1.288692 0.140681
v 0.166901 1.252532 0.114310
v 0.030954 1.288318 0.154389
v -0.063456 1.286090 0.122100
v -0.019679 1.145109 0.211077
v -0.119930 1.151528 0.146108
v -0.063456 1.286090 0.122100
v -0.116888 1.287691 0.027512
v -0.080789 1.128864 -0.191738
v -0.099234 1.287710 -0.084025
v -0.011003 1.286445 -0.152871
v 0.059618 1.122952 -0.225271
v -0.011003 1.286445 -0.152871
v 0.085721 1.288635 -0.150855
v 0.149950 1.252930 -0.134616
v 0.085721 1.288635 -0.150855
v 0.192045 1.277304 -0.049687
v 0.231512 1.143110 -0.105246
v 0.149950 1.252930 -0.134616
v 0.192045 1.277304 -0.049687
v 0.277613 1.025514 -0.171572
v 0.231512 1.143110 -0.105246
v 0.378611 0.921867 -0.135950
v 0.245549 0.932772 -0.293178
v 0.059618 1.122952 -0.225271
v 0.157470 1.111863 -0.201253
v 0.008890 0.979497 -0.290067
v -0.032317 1.041740 -0.267955
v 0.110096 0.936825 -0.336483
v -0.241729 0.937034 -0.163450
v -0.176773 1.104580 -0.078633
v -0.080789 1.128864 -0.191738
v -0.287088 0.977912 0.042144
v -0.183738 1.133099 0.036576
v -0.176773 1.104580 -0.078633
v -0.253538 0.993844 0.143723
v -0.183738 1.133099 0.036576
v -0.287088 0.977912 0.042144
v -0.019679 1.145109 0.211077
v -0.119930 1.151528 0.146108
v -0.071338 0.997742 0.311862
v 0.346642 0.933042 0.178739
v 0.183668 0.977992 0.270469
v 0.229834 0.901576 0.277480
v 0.260330 1.107995 0.064455
v 0.216162 1.111114 0.147075
v 0.346642 0.933042 0.178739
v 0.384938 0.938765 0.033349
v 0.326084 1.003081 -0.037325
v 0.260330 1.107995 0.064455
v -0.080789 1.128864 -0.191738
v 0.059618 1.122952 -0.225271
v -0.032317 1.041740 -0.267955
v -0.080789 1.128864 -0.191738
v -0.011003 1.286445 -0.152871
v 0.059618 1.122952 -0.225271
v -0.253538 0.993844 0.143723
v -0.119930 1.151528 0.146108
v -0.183738 1.133099 0.036576
v 0.105188 1.288692 0.140681
v 0.030954 1.288318 0.154389
v 0.112707 1.102481 0.225588
v 0.166901 1.252532 0.114310
v 0.105188 1.288692 0.140681
v 0.112707 1.102481 0.225588
v 0.192045 1.277304 -0.049687
v 0.260330 1.107995 0.064455
v 0.326084 1.003081 -0.037325
v 0.151111 1.115805 0.079162
v 0.118015 1.212741 0.069257
v 0.149139 1.194208 -0.029118
v 0.118015 1.212741 0.069257
v 0.042385 1.263640 0.102382
v 0.122448 1.261503 0.058940
v 0.118015 1.212741 0.069257
v 0.043838 1.193066 0.105129
v 0.042385 1.263640 0.102382
v 0.043838 1.193066 0.105129
v -0.026930 1.203033 0.081753
v 0.042385 1.263640 0.102382
v -0.064330 1.202592 0.024758
v -0.063992 1.258990 -0.013546
v -0.034600 1.264436 0.070860
v -0.086785 1.117095 -0.051299
v -0.063992 1.258990 -0.013546
v -0.064330 1.202592 0.024758
v -0.063992 1.258990 -0.013546
v -0.002626 1.204464 -0.099997
v -0.004299 1.263808 -0.100444
v 0.112022 1.119921 -0.117788
v 0.087603 1.252618 -0.088875
v -0.002626 1.204464 -0.099997
v 0.112022 1.119921 -0.117788
v 0.191513 1.074913 -0.030353
v 0.149139 1.194208 -0.029118
v 0.254778 0.876956 -0.237265
v 0.347151 0.866625 -0.119482
v 0.249397 0.943787 -0.117399
v 0.254778 0.876956 -0.237265
v 0.249397 0.943787 -0.117399
v 0.176668 0.944737 -0.199460
v 0.098682 0.884906 -0.300788
v 0.254778 0.876956 -0.237265
v 0.176668 0.944737 -0.199460
v 0.015335 0.945923 -0.242916
v 0.176668 0.944737 -0.199460
v 0.061320 1.029801 -0.177047
v 0.015335 0.945923 -0.242916
v 0.061320 1.029801 -0.177047
v -0.041949 1.037569 -0.159733
v -0.201209 0.885047 -0.131573
v -0.122441 0.900922 -0.244770
v -0.155712 0.981914 -0.068083
v -0.178488 0.926774 0.214303
v -0.156940 0.968190 0.153898
v -0.021805 0.973042 0.236383
v -0.082245 1.028233 0.150334
v -0.021805 0.973042 0.236383
v -0.156940 0.968190 0.153898
v 0.008782 0.940478 0.298886
v -0.178488 0.926774 0.214303
v -0.021805 0.973042 0.236383
v 0.209909 0.886183 0.249637
v 0.174853 0.914484 0.235674
v 0.306991 0.876557 0.149548
v 0.352406 0.877476 0.032438
v 0.306991 0.876557 0.149548
v 0.272418 0.950228 -0.031742
v 0.249397 0.943787 -0.117399
v 0.272418 0.950228 -0.031742
v 0.191513 1.074913 -0.030353
v 0.176668 0.944737 -0.199460
v 0.249397 0.943787 -0.117399
v 0.112022 1.119921 -0.117788
v 0.061320 1.029801 -0.177047
v 0.176668 0.944737 -0.199460
v 0.112022 1.119921 -0.117788
v -0.041949 1.037569 -0.159733
v 0.061320 1.029801 -0.177047
v -0.002626 1.204464 -0.099997
v -0.155712 0.981914 -0.068083
v -0.041949 1.037569 -0.159733
v -0.086785 1.117095 -0.051299
v -0.086785 1.117095 -0.051299
v -0.041949 1.037569 -0.159733
v -0.002626 1.204464 -0.099997
v -0.126596 1.058342 0.054047
v -0.155712 0.981914 -0.068083
v -0.086785 1.117095 -0.051299
v -0.126596 1.058342 0.054047
v -0.086785 1.117095 -0.051299
v -0.064330 1.202592 0.024758
v -0.126596 1.058342 0.054047
v -0.064330 1.202592 0.024758
v -0.026930 1.203033 0.081753
v -0.082245 1.028233 0.150334
v -0.126596 1.058342 0.054047
v -0.003493 1.131039 0.124187
v 0.025778 1.051097 0.172355
v -0.082245 1.028233 0.150334
v -0.003493 1.131039 0.124187
v 0.025778 1.051097 0.172355
v -0.003493 1.131039 0.124187
v 0.043838 1.193066 0.105129
v 0.103823 0.986441 0.205859
v 0.043838 1.193066 0.105129
v 0.151111 1.115805 0.079162
v 0.217717 1.002982 0.090506
v 0.151111 1.115805 0.079162
v 0.191513 1.074913 -0.030353
v 0.008782 0.940478 0.298886
v -0.021805 0.973042 0.236383
v 0.088865 0.909898 0.311441
v 0.088865 0.909898 0.311441
v 0.025778 1.051097 0.172355
v 0.103823 0.986441 0.205859
v 0.103823 0.986441 0.205859
v 0.174853 0.914484 0.235674
v 0.166176 0.923434 0.269433
v 0.384938 0.938765 0.033349
v 0.346642 0.933042 0.178739
v 0.386002 0.887680 0.038891
v 0.163824 1.283486 0.015069
v 0.144704 1.251006 -0.017180
v 0.122448 1.261503 0.058940
v 0.346642 0.933042 0.178739
v 0.344475 0.878293 0.176848
v 0.386002 0.887680 0.038891
v 0.386002 0.887680 0.038891
v 0.344475 0.878293 0.176848
v 0.352406 0.877476 0.032438
v 0.105188 1.288692 0.140681
v 0.191036 1.279957 0.038518
v 0.088840 1.292248 0.115438
v 0.344475 0.878293 0.176848
v 0.209909 0.886183 0.249637
v 0.306991 0.876557 0.149548
v 0.229834 0.901576 0.277480
v 0.183668 0.977992 0.270469
v 0.174853 0.914484 0.235674
v 0.030954 1.288318 0.154389
v 0.105188 1.288692 0.140681
v 0.088840 1.292248 0.115438
v 0.094561 0.967766 0.329875
v -0.071338 0.997742 0.311862
v 0.008782 0.940478 0.298886
v -0.071338 0.997742 0.311862
v -0.064569 0.944839 0.312001
v 0.008782 0.940478 0.298886
v -0.020218 1.291245 0.107638
v 0.088840 1.292248 0.115438
v 0.042385 1.263640 0.102382
v -0.071338 0.997742 0.311862
v -0.200945 0.945955 0.237502
v -0.064569 0.944839 0.312001
v -0.063456 1.286090 0.122100
v -0.020218 1.291245 0.107638
v -0.085090 1.291200 0.026588
v -0.200945 0.945955 0.237502
v -0.156940 0.968190 0.153898
v -0.178488 0.926774 0.214303
v -0.116888 1.287691 0.027512
v -0.063456 1.286090 0.122100
v -0.085090 1.291200 0.026588
v -0.253538 0.993844 0.143723
v -0.287088 0.977912 0.042144
v -0.249984 0.936505 0.133741
v -0.085090 1.291200 0.026588
v -0.034600 1.264436 0.070860
v -0.063992 1.258990 -0.013546
v -0.287088 0.977912 0.042144
v -0.282041 0.924222 0.031103
v -0.249984 0.936505 0.133741
v -0.282041 0.924222 0.031103
v -0.220179 0.902259 -0.063189
v -0.249984 0.936505 0.133741
v -0.282041 0.924222 0.031103
v -0.260829 0.928130 -0.081658
v -0.220179 0.902259 -0.063189
v -0.099234 1.287710 -0.084025
v -0.085090 1.291200 0.026588
v -0.061658 1.291582 -0.076460
v -0.260829 0.928130 -0.081658
v -0.176773 1.104580 -0.078633
v -0.155712 0.981914 -0.068083
v -0.243902 0.889145 -0.154468
v -0.119916 0.898979 -0.319178
v -0.122441 0.900922 -0.244770
v -0.243902 0.889145 -0.154468
v -0.122441 0.900922 -0.244770
v -0.201209 0.885047 -0.131573
v -0.061658 1.291582 -0.076460
v -0.063992 1.258990 -0.013546
v -0.004299 1.263808 -0.100444
v 0.035704 1.291790 -0.129518
v -0.061658 1.291582 -0.076460
v -0.004299 1.263808 -0.100444
v -0.119916 0.898979 -0.319178
v 0.015335 0.945923 -0.242916
v -0.100272 0.887108 -0.288410
v 0.110096 0.936825 -0.336483
v 0.111009 0.890452 -0.334752
v 0.008890 0.979497 -0.290067
v 0.085721 1.288635 -0.150855
v -0.011003 1.286445 -0.152871
v 0.035704 1.291790 -0.129518
v 0.085721 1.288635 -0.150855
v 0.035704 1.291790 -0.129518
v 0.139842 1.288028 -0.075271
v 0.139842 1.288028 -0.075271
v 0.035704 1.291790 -0.129518
v 0.087603 1.252618 -0.088875
v 0.191036 1.279957 0.038518
v 0.192045 1.277304 -0.049687
v 0.163824 1.283486 0.015069
v 0.192045 1.277304 -0.049687
v 0.139842 1.288028 -0.075271
v 0.163824 1.283486 0.015069
v 0.163824 1.283486 0.015069
v 0.139842 1.288028 -0.075271
v 0.144704 1.251006 -0.017180
v -0.155712 0.981914 -0.068083
v -0.243902 0.889145 -0.154468
v -0.201209 0.885047 -0.131573
v -0.253538 0.993844 0.143723
v -0.249984 0.936505 0.133741
v -0.195313 1.022726 0.187864
v 0.094561 0.967766 0.329875
v 0.088865 0.909898 0.311441
v 0.103823 0.986441 0.205859
v 0.183668 0.977992 0.270469
v 0.166176 0.923434 0.269433
v 0.174853 0.914484 0.235674
v 0.384938 0.938765 0.033349
v 0.386002 0.887680 0.038891
v 0.326084 1.003081 -0.037325
v 0.378611 0.921867 -0.135950
v 0.326084 1.003081 -0.037325
v 0.377832 0.874684 -0.132045
v 0.377832 0.874684 -0.132045
v 0.272418 0.950228 -0.031742
v 0.347151 0.866625 -0.119482
v 0.098541 1.501618 -0.074761
v 0.155063 1.396204 -0.082164
v 0.110921 1.397190 -0.121316
v -0.050743 1.498613 0.107321
v -0.082690 1.500390 0.053491
v -0.091403 1.378053 0.139163
v -0.046507 1.499331 -0.072535
v -0.047119 1.386995 -0.135886
v -0.116016 1.403477 -0.069545
v -0.047119 1.386995 -0.135886
v 0.018281 1.377981 -0.157414
v -0.136248 1.256691 -0.199744
v -0.091403 1.378053 0.139163
v -0.194022 1.232208 0.148883
v -0.145840 1.240091 0.217596
v 0.044959 1.377886 0.184953
v -0.003034 1.266768 0.247284
v 0.029434 1.242987 0.277381
v 0.278891 1.279396 -0.021504
v 0.243702 1.292833 0.099516
v 0.268666 1.246109 0.087934
v -0.221916 1.219641 0.097963
v -0.157908 1.313045 0.104949
v -0.223672 1.241367 0.091542
v 0.023492 1.500363 -0.100522
v 0.110921 1.397190 -0.121316
v 0.018281 1.377981 -0.157414
v -0.116016 1.403477 -0.069545
v -0.047119 1.386995 -0.135886
v -0.209349 1.250548 -0.130601
v -0.236187 1.259725 -0.043677
v -0.116016 1.403477 -0.069545
v -0.209349 1.250548 -0.130601
v -0.155265 1.365361 0.004531
v -0.087980 1.497358 -0.013992
v -0.116016 1.403477 -0.069545
v -0.155265 1.365361 0.004531
v -0.116016 1.403477 -0.069545
v -0.236187 1.259725 -0.043677
v -0.157908 1.313045 0.104949
v -0.082690 1.500390 0.053491
v -0.155265 1.365361 0.004531
v -0.091403 1.378053 0.139163
v -0.082690 1.500390 0.053491
v -0.157908 1.313045 0.104949
v -0.024966 1.363385 0.185927
v -0.050743 1.498613 0.107321
v -0.091403 1.378053 0.139163
v 0.198819 1.382803 -0.011995
v 0.156138 1.474351 0.042223
v 0.172560 1.389116 0.103361
v 0.110921 1.397190 -0.121316
v 0.155063 1.396204 -0.082164
v 0.155658 1.325101 -0.128869
v -0.003034 1.266768 0.247284
v 0.044959 1.377886 0.184953
v -0.061068 1.247238 0.256719
v 0.155658 1.325101 -0.128869
v 0.135188 1.274514 -0.210390
v 0.110921 1.397190 -0.121316
v 0.095746 1.377921 -0.057862
v 0.105931 1.448217 0.001318
v 0.051196 1.447901 -0.058955
v 0.096890 1.435165 0.058617
v 0.077691 1.475833 0.074883
v 0.107302 1.482697 0.007861
v 0.084247 1.334370 0.122236
v 0.077691 1.475833 0.074883
v 0.096890 1.435165 0.058617
v 0.018060 1.434083 0.097022
v 0.077691 1.475833 0.074883
v 0.084247 1.334370 0.122236
v 0.018060 1.434083 0.097022
v 0.045828 1.482318 0.093148
v 0.077691 1.475833 0.074883
v 0.018060 1.434083 0.097022
v -0.025520 1.481629 0.076651
v 0.045828 1.482318 0.093148
v -0.056260 1.428759 0.010247
v -0.049280 1.478118 0.004535
v -0.025520 1.481629 0.076651
v 0.051196 1.447901 -0.058955
v -0.020594 1.478117 -0.046030
v -0.031986 1.425842 -0.044339
v 0.056654 1.376433 -0.079726
v 0.051196 1.447901 -0.058955
v -0.016769 1.379023 -0.076660
v 0.095746 1.377921 -0.057862
v 0.051196 1.447901 -0.058955
v 0.056654 1.376433 -0.079726
v 0.135496 1.234520 -0.187287
v 0.129346 1.295984 -0.100699
v 0.033793 1.274365 -0.151614
v 0.045392 1.239126 -0.203638
v -0.082852 1.250819 -0.140887
v -0.139871 1.210455 -0.168857
v -0.082852 1.250819 -0.140887
v -0.110900 1.309348 -0.040324
v -0.199066 1.217684 -0.023860
v -0.139871 1.210455 -0.168857
v -0.199066 1.217684 -0.023860
v -0.215188 1.196744 -0.080237
v -0.106893 1.293156 0.076526
v -0.046104 1.308911 0.133015
v -0.076667 1.226523 0.189343
v 0.131604 1.204541 0.225156
v 0.002108 1.232875 0.211303
v 0.153075 1.218349 0.190410
v 0.251688 1.232164 0.077780
v 0.223756 1.243535 0.086265
v 0.200941 1.270746 0.006479
v 0.209988 1.240510 -0.108336
v 0.200941 1.270746 0.006479
v 0.166994 1.271985 -0.084616
v 0.033793 1.274365 -0.151614
v -0.016769 1.379023 -0.076660
v -0.082852 1.250819 -0.140887
v -0.082852 1.250819 -0.140887
v -0.016769 1.379023 -0.076660
v -0.110900 1.309348 -0.040324
v -0.016769 1.379023 -0.076660
v -0.031986 1.425842 -0.044339
v -0.110900 1.309348 -0.040324
v -0.110900 1.309348 -0.040324
v -0.031986 1.425842 -0.044339
v -0.056260 1.428759 0.010247
v -0.106893 1.293156 0.076526
v -0.056260 1.428759 0.010247
v -0.029401 1.432482 0.074044
v -0.106893 1.293156 0.076526
v -0.029401 1.432482 0.074044
v -0.046104 1.308911 0.133015
v -0.046104 1.308911 0.133015
v -0.029401 1.432482 0.074044
v 0.018060 1.434083 0.097022
v 0.152063 1.303309 0.091415
v 0.084247 1.334370 0.122236
v 0.096890 1.435165 0.058617
v -0.076667 1.226523 0.189343
v 0.002108 1.232875 0.211303
v -0.058331 1.203247 0.247591
v 0.084425 1.503672 -0.056887
v 0.107302 1.482697 0.007861
v 0.124261 1.503586 0.032213
v 0.277055 1.240623 -0.019165
v 0.251688 1.232164 0.077780
v 0.209988 1.240510 -0.108336
v 0.278891 1.279396 -0.021504
v 0.268666 1.246109 0.087934
v 0.277055 1.240623 -0.019165
v 0.268666 1.246109 0.087934
v 0.251688 1.232164 0.077780
v 0.277055 1.240623 -0.019165
v 0.140079 1.501100 -0.019985
v 0.124261 1.503586 0.032213
v 0.125990 1.500549 0.083402
v 0.223756 1.243535 0.086265
v 0.251688 1.232164 0.077780
v 0.268666 1.246109 0.087934
v 0.124261 1.503586 0.032213
v 0.107302 1.482697 0.007861
v 0.077691 1.475833 0.074883
v 0.124261 1.503586 0.032213
v 0.077691 1.475833 0.074883
v 0.072548 1.503340 0.099038
v 0.072548 1.503340 0.099038
v 0.045828 1.482318 0.093148
v -0.009008 1.503060 0.106203
v -0.003034 1.266768 0.247284
v 0.002108 1.232875 0.211303
v 0.024263 1.204258 0.269675
v -0.009008 1.503060 0.106203
v 0.045828 1.482318 0.093148
v -0.025520 1.481629 0.076651
v -0.144674 1.202602 0.217260
v -0.173728 1.203826 0.140085
v -0.058331 1.203247 0.247591
v -0.145840 1.240091 0.217596
v -0.194022 1.232208 0.148883
v -0.144674 1.202602 0.217260
v -0.194022 1.232208 0.148883
v -0.173728 1.203826 0.140085
v -0.144674 1.202602 0.217260
v -0.082690 1.500390 0.053491
v -0.009008 1.503060 0.106203
v -0.062263 1.502707 0.036992
v -0.009008 1.503060 0.106203
v -0.025520 1.481629 0.076651
v -0.062263 1.502707 0.036992
v -0.157908 1.313045 0.104949
v -0.173728 1.203826 0.140085
v -0.194022 1.232208 0.148883
v -0.223672 1.241367 0.091542
v -0.199066 1.217684 -0.023860
v -0.221916 1.219641 0.097963
v -0.062263 1.502707 0.036992
v -0.025520 1.481629 0.076651
v -0.049280 1.478118 0.004535
v -0.223672 1.241367 0.091542
v -0.215188 1.196744 -0.080237
v -0.199066 1.217684 -0.023860
v -0.082690 1.500390 0.053491
v -0.062263 1.502707 0.036992
v -0.087980 1.497358 -0.013992
v -0.209349 1.250548 -0.130601
v -0.236382 1.203508 -0.097249
v -0.236187 1.259725 -0.043677
v -0.087980 1.497358 -0.013992
v -0.050879 1.499154 -0.033990
v -0.046507 1.499331 -0.072535
v -0.050879 1.499154 -0.033990
v -0.049280 1.478118 0.004535
v -0.020594 1.478117 -0.046030
v -0.135974 1.219358 -0.200339
v -0.139871 1.210455 -0.168857
v -0.236382 1.203508 -0.097249
v -0.046507 1.499331 -0.072535
v -0.050879 1.499154 -0.033990
v 0.011779 1.502976 -0.072747
v -0.050879 1.499154 -0.033990
v -0.020594 1.478117 -0.046030
v 0.011779 1.502976 -0.072747
v -0.012406 1.275248 -0.234878
v -0.010678 1.235680 -0.233167
v -0.135974 1.219358 -0.200339
v -0.012406 1.275248 -0.234878
v 0.118971 1.245477 -0.212309
v -0.010678 1.235680 -0.233167
v 0.118971 1.245477 -0.212309
v 0.045392 1.239126 -0.203638
v -0.010678 1.235680 -0.233167
v 0.135188 1.274514 -0.210390
v 0.118971 1.245477 -0.212309
v -0.012406 1.275248 -0.234878
v 0.118971 1.245477 -0.212309
v 0.135496 1.234520 -0.187287
v 0.045392 1.239126 -0.203638
v 0.023492 1.500363 -0.100522
v 0.084425 1.503672 -0.056887
v 0.098541 1.501618 -0.074761
v 0.011779 1.502976 -0.072747
v 0.057506 1.483222 -0.054126
v 0.084425 1.503672 -0.056887
v 0.135188 1.274514 -0.210390
v 0.135496 1.234520 -0.187287
v 0.118971 1.245477 -0.212309
v -0.003034 1.266768 0.247284
v -0.058331 1.203247 0.247591
v 0.002108 1.232875 0.211303
v 0.201377 1.315543 0.117139
v 0.206682 1.213683 0.152472
v 0.152063 1.303309 0.091415
v 0.201377 1.315543 0.117139
v 0.152063 1.303309 0.091415
v 0.236302 1.245743 0.108219
v 0.155658 1.325101 -0.128869
v 0.129346 1.295984 -0.100699
v 0.135496 1.234520 -0.187287
v 0.155063 1.396204 -0.082164
v 0.098541 1.501618 -0.074761
v 0.140079 1.501100 -0.019985
v 0.156138 1.474351 0.042223
v 0.140079 1.501100 -0.019985
v 0.125990 1.500549 0.083402
v 0.082039 1.499349 0.123552
v 0.011334 1.499965 0.133905
v 0.044959 1.377886 0.184953
v -0.087980 1.497358 -0.013992
v -0.046507 1.499331 -0.072535
v -0.116016 1.403477 -0.069545
v -0.046507 1.499331 -0.072535
v 0.023492 1.500363 -0.100522
v -0.047119 1.386995 -0.135886
v 0.023492 1.500363 -0.100522
v 0.098541 1.501618 -0.074761
v 0.110921 1.397190 -0.121316
v -0.136248 1.256691 -0.199744
v 0.018281 1.377981 -0.157414
v -0.012406 1.275248 -0.234878
v -0.209349 1.250548 -0.130601
v -0.047119 1.386995 -0.135886
v -0.136248 1.256691 -0.199744
v -0.194022 1.232208 0.148883
v -0.091403 1.378053 0.139163
v -0.157908 1.313045 0.104949
v 0.172560 1.389116 0.103361
v 0.243702 1.292833 0.099516
v 0.278891 1.279396 -0.021504
v 0.278891 1.279396 -0.021504
v 0.198819 1.382803 -0.011995
v 0.172560 1.389116 0.103361
v -0.047119 1.386995 -0.135886
v 0.023492 1.500363 -0.100522
v 0.018281 1.377981 -0.157414
v -0.155265 1.365361 0.004531
v -0.082690 1.500390 0.053491
v -0.087980 1.497358 -0.013992
v -0.024966 1.363385 0.185927
v 0.011334 1.499965 0.133905
v -0.050743 1.498613 0.107321
v 0.044959 1.377886 0.184953
v 0.011334 1.499965 0.133905
v -0.024966 1.363385 0.185927
v 0.082039 1.499349 0.123552
v 0.044959 1.377886 0.184953
v 0.110583 1.365016 0.173879
v 0.172560 1.389116 0.103361
v 0.156138 1.474351 0.042223
v 0.125990 1.500549 0.083402
v 0.198819 1.382803 -0.011995
v 0.140079 1.501100 -0.019985
v 0.156138 1.474351 0.042223
v 0.155063 1.396204 -0.082164
v 0.140079 1.501100 -0.019985
v 0.198819 1.382803 -0.011995
v 0.231573 1.255041 0.176086
v 0.201377 1.315543 0.117139
v 0.172560 1.389116 0.103361
v -0.061068 1.247238 0.256719
v 0.044959 1.377886 0.184953
v -0.024966 1.363385 0.185927
v 0.243702 1.292833 0.099516
v 0.172560 1.389116 0.103361
v 0.201377 1.315543 0.117139
v 0.155658 1.325101 -0.128869
v 0.155063 1.396204 -0.082164
v 0.224595 1.287171 -0.121583
v 0.095746 1.377921 -0.057862
v 0.128586 1.383334 0.005100
v 0.105931 1.448217 0.001318
v 0.128586 1.383334 0.005100
v 0.096890 1.435165 0.058617
v 0.105931 1.448217 0.001318
v 0.105931 1.448217 0.001318
v 0.096890 1.435165 0.058617
v 0.107302 1.482697 0.007861
v 0.018060 1.434083 0.097022
v -0.029401 1.432482 0.074044
v -0.025520 1.481629 0.076651
v -0.029401 1.432482 0.074044
v -0.056260 1.428759 0.010247
v -0.025520 1.481629 0.076651
v -0.016769 1.379023 -0.076660
v 0.051196 1.447901 -0.058955
v -0.031986 1.425842 -0.044339
v 0.051196 1.447901 -0.058955
v 0.057506 1.483222 -0.054126
v -0.020594 1.478117 -0.046030
v 0.045392 1.239126 -0.203638
v 0.135496 1.234520 -0.187287
v 0.033793 1.274365 -0.151614
v 0.045392 1.239126 -0.203638
v 0.033793 1.274365 -0.151614
v -0.082852 1.250819 -0.140887
v -0.139871 1.210455 -0.168857
v -0.082852 1.250819 -0.140887
v -0.199066 1.217684 -0.023860
v -0.173728 1.203826 0.140085
v -0.106893 1.293156 0.076526
v -0.076667 1.226523 0.189343
v -0.058331 1.203247 0.247591
v -0.173728 1.203826 0.140085
v -0.076667 1.226523 0.189343
v 0.131604 1.204541 0.225156
v 0.024263 1.204258 0.269675
v 0.002108 1.232875 0.211303
v 0.206682 1.213683 0.152472
v 0.153075 1.218349 0.190410
v 0.084247 1.334370 0.122236
v 0.206682 1.213683 0.152472
v 0.084247 1.334370 0.122236
v 0.152063 1.303309 0.091415
v 0.200941 1.270746 0.006479
v 0.223756 1.243535 0.086265
v 0.152063 1.303309 0.091415
v 0.209988 1.240510 -0.108336
v 0.251688 1.232164 0.077780
v 0.200941 1.270746 0.006479
v 0.129346 1.295984 -0.100699
v 0.095746 1.377921 -0.057862
v 0.056654 1.376433 -0.079726
v 0.033793 1.274365 -0.151614
v 0.129346 1.295984 -0.100699
v 0.056654 1.376433 -0.079726
v 0.033793 1.274365 -0.151614
v 0.056654 1.376433 -0.079726
v -0.016769 1.379023 -0.076660
v -0.106893 1.293156 0.076526
v -0.110900 1.309348 -0.040324
v -0.056260 1.428759 0.010247
v 0.031675 1.306570 0.151921
v -0.046104 1.308911 0.133015
v 0.018060 1.434083 0.097022
v 0.031675 1.306570 0.151921
v 0.018060 1.434083 0.097022
v 0.084247 1.334370 0.122236
v 0.128586 1.383334 0.005100
v 0.152063 1.303309 0.091415
v 0.096890 1.435165 0.058617
v 0.200941 1.270746 0.006479
v 0.152063 1.303309 0.091415
v 0.128586 1.383334 0.005100
v 0.166994 1.271985 -0.084616
v 0.200941 1.270746 0.006479
v 0.128586 1.383334 0.005100
v 0.166994 1.271985 -0.084616
v 0.128586 1.383334 0.005100
v 0.095746 1.377921 -0.057862
v 0.129346 1.295984 -0.100699
v 0.166994 1.271985 -0.084616
v 0.095746 1.377921 -0.057862
v 0.152063 1.303309 0.091415
v 0.223756 1.243535 0.086265
v 0.236302 1.245743 0.108219
v 0.129346 1.295984 -0.100699
v 0.209988 1.240510 -0.108336
v 0.166994 1.271985 -0.084616
v 0.084425 1.503672 -0.056887
v 0.057506 1.483222 -0.054126
v 0.107302 1.482697 0.007861
v 0.224595 1.287171 -0.121583
v 0.278891 1.279396 -0.021504
v 0.228972 1.250266 -0.120136
v 0.278891 1.279396 -0.021504
v 0.277055 1.240623 -0.019165
v 0.228972 1.250266 -0.120136
v 0.228972 1.250266 -0.120136
v 0.277055 1.240623 -0.019165
v 0.209988 1.240510 -0.108336
v 0.268666 1.246109 0.087934
v 0.243702 1.292833 0.099516
v 0.223756 1.243535 0.086265
v 0.229665 1.222516 0.173708
v 0.153075 1.218349 0.190410
v 0.206682 1.213683 0.152472
v 0.072548 1.503340 0.099038
v 0.077691 1.475833 0.074883
v 0.045828 1.482318 0.093148
v 0.141033 1.247061 0.248684
v 0.029434 1.242987 0.277381
v 0.143410 1.210672 0.245923
v 0.029434 1.242987 0.277381
v 0.024263 1.204258 0.269675
v 0.143410 1.210672 0.245923
v 0.143410 1.210672 0.245923
v 0.024263 1.204258 0.269675
v 0.131604 1.204541 0.225156
v 0.029434 1.242987 0.277381
v -0.003034 1.266768 0.247284
v 0.024263 1.204258 0.269675
v -0.050743 1.498613 0.107321
v 0.011334 1.499965 0.133905
v -0.009008 1.503060 0.106203
v -0.082690 1.500390 0.053491
v -0.050743 1.498613 0.107321
v -0.009008 1.503060 0.106203
v -0.157908 1.313045 0.104949
v -0.106893 1.293156 0.076526
v -0.173728 1.203826 0.140085
v -0.221916 1.219641 0.097963
v -0.199066 1.217684 -0.023860
v -0.189180 1.208307 0.084907
v -0.236187 1.259725 -0.043677
v -0.236382 1.203508 -0.097249
v -0.223672 1.241367 0.091542
v -0.223672 1.241367 0.091542
v -0.236382 1.203508 -0.097249
v -0.215188 1.196744 -0.080237
v -0.087980 1.497358 -0.013992
v -0.062263 1.502707 0.036992
v -0.050879 1.499154 -0.033990
v -0.050879 1.499154 -0.033990
v -0.062263 1.502707 0.036992
v -0.049280 1.478118 0.004535
v -0.236382 1.203508 -0.097249
v -0.139871 1.210455 -0.168857
v -0.215188 1.196744 -0.080237
v -0.136248 1.256691 -0.199744
v -0.012406 1.275248 -0.234878
v -0.135974 1.219358 -0.200339
v 0.023492 1.500363 -0.100522
v -0.046507 1.499331 -0.072535
v 0.011779 1.502976 -0.072747
v 0.011779 1.502976 -0.072747
v -0.020594 1.478117 -0.046030
v 0.057506 1.483222 -0.054126
v 0.023492 1.500363 -0.100522
v 0.011779 1.502976 -0.072747
v 0.084425 1.503672 -0.056887
v -0.061068 1.247238 0.256719
v -0.058331 1.203247 0.247591
v -0.003034 1.266768 0.247284
v 0.231573 1.255041 0.176086
v 0.229665 1.222516 0.173708
v 0.201377 1.315543 0.117139
v 0.201377 1.315543 0.117139
v 0.229665 1.222516 0.173708
v 0.206682 1.213683 0.152472
v 0.243702 1.292833 0.099516
v 0.201377 1.315543 0.117139
v 0.236302 1.245743 0.108219
v 0.243702 1.292833 0.099516
v 0.236302 1.245743 0.108219
v 0.223756 1.243535 0.086265
v 0.224595 1.287171 -0.121583
v 0.228972 1.250266 -0.120136
v 0.155658 1.325101 -0.128869
v 0.135188 1.274514 -0.210390
v 0.155658 1.325101 -0.128869
v 0.135496 1.234520 -0.187287
v 0.058717 1.749951 -0.002442
v -0.008540 1.940403 0.015189
v -0.008524 1.941343 0.015692
v -0.050111 1.767187 0.009677
v -0.008524 1.941343 0.015692
v -0.008540 1.940403 0.015189
v 0.001986 1.561312 0.157482
v -0.070785 1.493198 0.180453
v 0.022894 1.482349 0.210685
v 0.136249 1.481211 0.169390
v 0.074837 1.568478 0.137793
v 0.022894 1.482349 0.210685
v 0.140090 1.565087 0.071059
v 0.161809 1.485340 0.132984
v 0.194973 1.483119 0.081173
v 0.150504 1.551749 -0.026250
v 0.194456 1.469619 -0.043327
v 0.151950 1.483898 -0.114583
v 0.067300 1.481384 -0.166961
v 0.105598 1.560810 -0.088556
v 0.151950 1.483898 -0.114583
v -0.088169 1.481187 -0.149825
v 0.005037 1.492998 -0.159758
v -0.005673 1.462314 -0.172494
v -0.050111 1.767187 0.009677
v -0.107603 1.561513 -0.054100
v -0.123342 1.569705 0.002675
v -0.050111 1.767187 0.009677
v -0.123342 1.569705 0.002675
v -0.121829 1.566128 0.049917
v -0.039608 1.756239 0.053412
v -0.121829 1.566128 0.049917
v -0.100785 1.565386 0.096844
v -0.039608 1.756239 0.053412
v -0.100785 1.565386 0.096844
v -0.060444 1.563375 0.134487
v -0.039608 1.756239 0.053412
v -0.060444 1.563375 0.134487
v -0.012415 1.747490 0.072748
v 0.053387 1.754179 0.041818
v 0.106969 1.562927 0.117958
v 0.140090 1.565087 0.071059
v 0.058717 1.749951 -0.002442
v 0.053387 1.754179 0.041818
v 0.150136 1.562771 0.009935
v 0.044999 1.563079 -0.117114
v 0.010974 1.763832 -0.036814
v 0.105598 1.560810 -0.088556
v -0.025411 1.561378 -0.117795
v 0.010974 1.763832 -0.036814
v 0.044999 1.563079 -0.117114
v -0.071632 1.559757 -0.095486
v -0.029133 1.763342 -0.027630
v -0.025411 1.561378 -0.117795
v -0.107603 1.561513 -0.054100
v -0.029133 1.763342 -0.027630
v -0.071632 1.559757 -0.095486
v 0.178799 1.493133 -0.020552
v 0.150504 1.551749 -0.026250
v 0.202000 1.484101 0.013801
v 0.150504 1.551749 -0.026250
v 0.150136 1.562771 0.009935
v 0.202000 1.484101 0.013801
v -0.128324 1.520674 -0.030186
v -0.181671 1.480161 0.010497
v -0.123342 1.569705 0.002675
v -0.123342 1.569705 0.002675
v -0.107603 1.561513 -0.054100
v -0.128324 1.520674 -0.030186
v 0.105598 1.560810 -0.088556
v 0.058717 1.749951 -0.002442
v 0.150504 1.551749 -0.026250
v 0.150504 1.551749 -0.026250
v 0.058717 1.749951 -0.002442
v 0.150136 1.562771 0.009935
v 0.140090 1.565087 0.071059
v 0.106969 1.562927 0.117958
v 0.125451 1.519299 0.122650
v 0.018449 1.751821 0.071550
v 0.001986 1.561312 0.157482
v 0.074837 1.568478 0.137793
v -0.012415 1.747490 0.072748
v -0.060444 1.563375 0.134487
v 0.001986 1.561312 0.157482
v -0.060444 1.563375 0.134487
v -0.100785 1.565386 0.096844
v -0.085845 1.521350 0.128310
v -0.085845 1.521350 0.128310
v -0.070785 1.493198 0.180453
v -0.060444 1.563375 0.134487
v 0.008190 1.737976 0.001544
v 0.003584 1.805301 0.013711
v -0.004163 1.824923 0.015184
v -0.004163 1.824923 0.015184
v 0.003584 1.805301 0.013711
v -0.005554 1.884539 0.015715
v 0.017863 1.734958 0.022235
v 0.000665 1.805908 0.020556
v 0.003584 1.805301 0.013711
v 0.003584 1.805301 0.013711
v 0.000665 1.805908 0.020556
v -0.005554 1.884539 0.015715
v -0.004509 1.720719 0.034164
v -0.004163 1.824923 0.015184
v 0.000665 1.805908 0.020556
v 0.000665 1.805908 0.020556
v -0.004163 1.824923 0.015184
v -0.005554 1.884539 0.015715
v -0.132121 1.469455 0.026691
v -0.078337 1.521940 0.069973
v -0.062500 1.506162 0.102253
v -0.051267 1.475958 0.139790
v -0.035786 1.520980 0.109585
v 0.004826 1.520439 0.123075
v -0.051267 1.475958 0.139790
v 0.004826 1.520439 0.123075
v 0.048400 1.473781 0.156309
v 0.048400 1.473781 0.156309
v 0.004826 1.520439 0.123075
v 0.053879 1.518222 0.115065
v 0.073944 1.457711 0.171360
v 0.048400 1.473781 0.156309
v 0.121754 1.448518 0.149312
v 0.145260 1.454045 0.122337
v 0.156934 1.469034 0.044304
v 0.188435 1.450204 0.025310
v 0.178276 1.448268 -0.041751
v 0.152774 1.471962 -0.016105
v 0.113481 1.471827 -0.083168
v 0.113481 1.471827 -0.083168
v 0.073028 1.511736 -0.075864
v 0.059998 1.449485 -0.142436
v 0.048400 1.473781 0.156309
v 0.092635 1.516519 0.090480
v 0.121754 1.448518 0.149312
v -0.022545 1.705280 0.014085
v -0.012765 1.730185 0.009067
v -0.013018 1.725963 0.024276
v 0.034502 1.695524 0.020671
v 0.012069 1.713960 0.036056
v 0.017863 1.734958 0.022235
v 0.012069 1.713960 0.036056
v 0.034502 1.695524 0.020671
v 0.110737 1.518639 0.057441
v 0.110737 1.518639 0.057441
v 0.034502 1.695524 0.020671
v 0.119898 1.516728 0.015611
v 0.034502 1.695524 0.020671
v 0.017863 1.734958 0.022235
v 0.017544 1.735612 0.009500
v 0.108261 1.518944 -0.027322
v 0.034502 1.695524 0.020671
v 0.042880 1.644589 -0.019238
v 0.042880 1.644589 -0.019238
v 0.017544 1.735612 0.009500
v 0.008190 1.737976 0.001544
v 0.033587 1.587039 -0.055763
v 0.042880 1.644589 -0.019238
v -0.003326 1.726468 -0.001070
v -0.017594 1.523026 -0.082451
v -0.003326 1.726468 -0.001070
v -0.012765 1.730185 0.009067
v 0.156934 1.469034 0.044304
v 0.152774 1.471962 -0.016105
v 0.188435 1.450204 0.025310
v -0.089460 1.513752 -0.021075
v -0.132121 1.469455 0.026691
v -0.164740 1.448701 0.002062
v -0.089460 1.513752 -0.021075
v -0.050883 1.522346 -0.065631
v -0.022545 1.705280 0.014085
v 0.073028 1.511736 -0.075864
v 0.033587 1.587039 -0.055763
v 0.029412 1.496126 -0.107347
v 0.073028 1.511736 -0.075864
v 0.042880 1.644589 -0.019238
v 0.033587 1.587039 -0.055763
v 0.119898 1.516728 0.015611
v 0.034502 1.695524 0.020671
v 0.108261 1.518944 -0.027322
v 0.053879 1.518222 0.115065
v 0.012069 1.713960 0.036056
v 0.092635 1.516519 0.090480
v 0.004826 1.520439 0.123075
v 0.012069 1.713960 0.036056
v 0.053879 1.518222 0.115065
v -0.078337 1.521940 0.069973
v -0.013018 1.725963 0.024276
v -0.062500 1.506162 0.102253
v -0.091317 1.523971 0.021206
v -0.022545 1.705280 0.014085
v -0.078337 1.521940 0.069973
v -0.089460 1.513752 -0.021075
v -0.022545 1.705280 0.014085
v -0.091317 1.523971 0.021206
v -0.062500 1.506162 0.102253
v -0.051267 1.475958 0.139790
v -0.069856 1.461134 0.165956
v -0.143622 1.461500 -0.085344
v -0.084916 1.448712 -0.126865
v -0.118948 1.457666 -0.066508
v -0.088169 1.481187 -0.149825
v -0.005673 1.462314 -0.172494
v -0.084539 1.453816 -0.149330
v -0.005673 1.462314 -0.172494
v -0.003926 1.451902 -0.154796
v -0.084539 1.453816 -0.149330
v 0.067300 1.481384 -0.166961
v 0.102221 1.466559 -0.139033
v 0.066477 1.455272 -0.166166
v 0.102221 1.466559 -0.139033
v 0.059998 1.449485 -0.142436
v 0.066477 1.455272 -0.166166
v 0.194456 1.469619 -0.043327
v 0.190616 1.454396 -0.058280
v 0.151950 1.483898 -0.114583
v 0.194456 1.469619 -0.043327
v 0.178276 1.448268 -0.041751
v 0.190616 1.454396 -0.058280
v 0.178799 1.493133 -0.020552
v 0.152774 1.471962 -0.016105
v 0.194456 1.469619 -0.043327
v 0.161809 1.485340 0.132984
v 0.125451 1.519299 0.122650
v 0.157471 1.462525 0.133404
v 0.125451 1.519299 0.122650
v 0.145260 1.454045 0.122337
v 0.157471 1.462525 0.133404
v 0.136249 1.481211 0.169390
v 0.076843 1.465446 0.188811
v 0.136582 1.454253 0.166895
v 0.076843 1.465446 0.188811
v 0.073944 1.457711 0.171360
v 0.136582 1.454253 0.166895
v -0.058968 1.468803 0.182270
v 0.012512 1.453053 0.190008
v 0.019742 1.456742 0.208660
v -0.070785 1.493198 0.180453
v -0.069856 1.461134 0.165956
v -0.058968 1.468803 0.182270
v -0.058968 1.468803 0.182270
v -0.069856 1.461134 0.165956
v 0.012512 1.453053 0.190008
v -0.178266 1.457389 0.019445
v -0.133120 1.449483 0.113601
v -0.151348 1.453882 0.120033
v -0.178266 1.457389 0.019445
v -0.164740 1.448701 0.002062
v -0.133120 1.449483 0.113601
v -0.181671 1.480161 0.010497
v -0.164740 1.448701 0.002062
v -0.178266 1.457389 0.019445
v 0.067300 1.481384 -0.166961
v 0.029412 1.496126 -0.107347
v 0.028311 1.545002 -0.127445
v 0.005037 1.492998 -0.159758
v 0.018510 1.466546 -0.153540
v 0.007137 1.471094 -0.126321
v -0.128324 1.520674 -0.030186
v -0.089460 1.513752 -0.021075
v -0.164740 1.448701 0.002062
v -0.085845 1.521350 0.128310
v -0.133120 1.449483 0.113601
v -0.062500 1.506162 0.102253
v -0.085845 1.521350 0.128310
v -0.062500 1.506162 0.102253
v -0.069856 1.461134 0.165956
v -0.029133 1.763342 -0.027630
v -0.050111 1.767187 0.009677
v -0.008540 1.940403 0.015189
v 0.010974 1.763832 -0.036814
v -0.029133 1.763342 -0.027630
v -0.008540 1.940403 0.015189
v 0.042124 1.752694 -0.025538
v 0.010974 1.763832 -0.036814
v -0.008540 1.940403 0.015189
v 0.058717 1.749951 -0.002442
v 0.042124 1.752694 -0.025538
v -0.008540 1.940403 0.015189
v 0.053387 1.754179 0.041818
v 0.058717 1.749951 -0.002442
v -0.008524 1.941343 0.015692
v 0.018449 1.751821 0.071550
v 0.053387 1.754179 0.041818
v -0.008524 1.941343 0.015692
v -0.012415 1.747490 0.072748
v 0.018449 1.751821 0.071550
v -0.008524 1.941343 0.015692
v -0.039608 1.756239 0.053412
v -0.012415 1.747490 0.072748
v -0.008524 1.941343 0.015692
v -0.050111 1.767187 0.009677
v -0.039608 1.756239 0.053412
v -0.008524 1.941343 0.015692
v -0.121829 1.566128 0.049917
v -0.123342 1.569705 0.002675
v -0.181671 1.480161 0.010497
v -0.070785 1.493198 0.180453
v 0.001986 1.561312 0.157482
v -0.060444 1.563375 0.134487
v 0.022894 1.482349 0.210685
v 0.074837 1.568478 0.137793
v 0.001986 1.561312 0.157482
v 0.106969 1.562927 0.117958
v 0.074837 1.568478 0.137793
v 0.136249 1.481211 0.169390
v 0.161809 1.485340 0.132984
v 0.140090 1.565087 0.071059
v 0.125451 1.519299 0.122650
v 0.194456 1.469619 -0.043327
v 0.150504 1.551749 -0.026250
v 0.178799 1.493133 -0.020552
v 0.151950 1.483898 -0.114583
v 0.105598 1.560810 -0.088556
v 0.150504 1.551749 -0.026250
v 0.044999 1.563079 -0.117114
v 0.105598 1.560810 -0.088556
v 0.067300 1.481384 -0.166961
v -0.025411 1.561378 -0.117795
v 0.005037 1.492998 -0.159758
v -0.088169 1.481187 -0.149825
v -0.071632 1.559757 -0.095486
v -0.025411 1.561378 -0.117795
v -0.088169 1.481187 -0.149825
v 0.125451 1.519299 0.122650
v 0.106969 1.562927 0.117958
v 0.136249 1.481211 0.169390
v -0.039608 1.756239 0.053412
v -0.050111 1.767187 0.009677
v -0.121829 1.566128 0.049917
v 0.053387 1.754179 0.041818
v 0.074837 1.568478 0.137793
v 0.106969 1.562927 0.117958
v 0.053387 1.754179 0.041818
v 0.018449 1.751821 0.071550
v 0.074837 1.568478 0.137793
v 0.150136 1.562771 0.009935
v 0.053387 1.754179 0.041818
v 0.140090 1.565087 0.071059
v 0.105598 1.560810 -0.088556
v 0.010974 1.763832 -0.036814
v 0.042124 1.752694 -0.025538
v -0.025411 1.561378 -0.117795
v -0.029133 1.763342 -0.027630
v 0.010974 1.763832 -0.036814
v -0.107603 1.561513 -0.054100
v -0.050111 1.767187 0.009677
v -0.029133 1.763342 -0.027630
v 0.067300 1.481384 -0.166961
v 0.028311 1.545002 -0.127445
v 0.044999 1.563079 -0.117114
v -0.128324 1.520674 -0.030186
v -0.107603 1.561513 -0.054100
v -0.143742 1.486791 -0.082689
v 0.028311 1.545002 -0.127445
v -0.025411 1.561378 -0.117795
v 0.044999 1.563079 -0.117114
v 0.105598 1.560810 -0.088556
v 0.042124 1.752694 -0.025538
v 0.058717 1.749951 -0.002442
v 0.018449 1.751821 0.071550
v -0.012415 1.747490 0.072748
v 0.001986 1.561312 0.157482
v -0.085845 1.521350 0.128310
v -0.100785 1.565386 0.096844
v -0.151694 1.478266 0.123019
v -0.012765 1.730185 0.009067
v -0.003326 1.726468 -0.001070
v -0.004163 1.824923 0.015184
v -0.003326 1.726468 -0.001070
v 0.008190 1.737976 0.001544
v -0.004163 1.824923 0.015184
v 0.008190 1.737976 0.001544
v 0.017544 1.735612 0.009500
v 0.003584 1.805301 0.013711
v 0.017544 1.735612 0.009500
v 0.017863 1.734958 0.022235
v 0.003584 1.805301 0.013711
v 0.017863 1.734958 0.022235
v 0.012069 1.713960 0.036056
v 0.000665 1.805908 0.020556
v 0.012069 1.713960 0.036056
v -0.004509 1.720719 0.034164
v 0.000665 1.805908 0.020556
v -0.004509 1.720719 0.034164
v -0.013018 1.725963 0.024276
v -0.004163 1.824923 0.015184
v -0.013018 1.725963 0.024276
v -0.012765 1.730185 0.009067
v -0.004163 1.824923 0.015184
v -0.133120 1.449483 0.113601
v -0.164740 1.448701 0.002062
v -0.132121 1.469455 0.026691
v -0.132121 1.469455 0.026691
v -0.091317 1.523971 0.021206
v -0.078337 1.521940 0.069973
v -0.133120 1.449483 0.113601
v -0.132121 1.469455 0.026691
v -0.062500 1.506162 0.102253
v 0.012512 1.453053 0.190008
v -0.069856 1.461134 0.165956
v -0.051267 1.475958 0.139790
v 0.012512 1.453053 0.190008
v -0.051267 1.475958 0.139790
v 0.048400 1.473781 0.156309
v 0.073944 1.457711 0.171360
v 0.012512 1.453053 0.190008
v 0.048400 1.473781 0.156309
v 0.048400 1.473781 0.156309
v 0.053879 1.518222 0.115065
v 0.092635 1.516519 0.090480
v 0.156934 1.469034 0.044304
v 0.110737 1.518639 0.057441
v 0.119898 1.516728 0.015611
v 0.122651 1.453228 -0.112353
v 0.178276 1.448268 -0.041751
v 0.113481 1.471827 -0.083168
v 0.113481 1.471827 -0.083168
v 0.152774 1.471962 -0.016105
v 0.108261 1.518944 -0.027322
v 0.113481 1.471827 -0.083168
v 0.108261 1.518944 -0.027322
v 0.073028 1.511736 -0.075864
v 0.122651 1.453228 -0.112353
v 0.113481 1.471827 -0.083168
v 0.059998 1.449485 -0.142436
v -0.084916 1.448712 -0.126865
v -0.073267 1.471039 -0.095980
v -0.118948 1.457666 -0.066508
v -0.035786 1.520980 0.109585
v -0.013018 1.725963 0.024276
v -0.004509 1.720719 0.034164
v 0.042880 1.644589 -0.019238
v 0.034502 1.695524 0.020671
v 0.017544 1.735612 0.009500
v -0.003326 1.726468 -0.001070
v 0.042880 1.644589 -0.019238
v 0.008190 1.737976 0.001544
v -0.050883 1.522346 -0.065631
v -0.017594 1.523026 -0.082451
v -0.012765 1.730185 0.009067
v -0.022545 1.705280 0.014085
v -0.050883 1.522346 -0.065631
v -0.012765 1.730185 0.009067
v 0.059998 1.449485 -0.142436
v 0.073028 1.511736 -0.075864
v 0.029412 1.496126 -0.107347
v 0.029412 1.496126 -0.107347
v 0.007137 1.471094 -0.126321
v 0.018510 1.466546 -0.153540
v 0.029412 1.496126 -0.107347
v -0.017594 1.523026 -0.082451
v 0.007137 1.471094 -0.126321
v -0.089460 1.513752 -0.021075
v -0.091317 1.523971 0.021206
v -0.132121 1.469455 0.026691
v -0.017594 1.523026 -0.082451
v 0.029412 1.496126 -0.107347
v 0.033587 1.587039 -0.055763
v -0.017594 1.523026 -0.082451
v 0.033587 1.587039 -0.055763
v -0.003326 1.726468 -0.001070
v 0.073028 1.511736 -0.075864
v 0.108261 1.518944 -0.027322
v 0.042880 1.644589 -0.019238
v 0.092635 1.516519 0.090480
v 0.012069 1.713960 0.036056
v 0.110737 1.518639 0.057441
v 0.004826 1.520439 0.123075
v -0.004509 1.720719 0.034164
v 0.012069 1.713960 0.036056
v 0.004826 1.520439 0.123075
v -0.035786 1.520980 0.109585
v -0.004509 1.720719 0.034164
v -0.062500 1.506162 0.102253
v -0.013018 1.725963 0.024276
v -0.035786 1.520980 0.109585
v -0.078337 1.521940 0.069973
v -0.022545 1.705280 0.014085
v -0.013018 1.725963 0.024276
v -0.062500 1.506162 0.102253
v -0.035786 1.520980 0.109585
v -0.051267 1.475958 0.139790
v -0.143742 1.486791 -0.082689
v -0.088169 1.481187 -0.149825
v -0.143622 1.461500 -0.085344
v -0.088169 1.481187 -0.149825
v -0.084539 1.453816 -0.149330
v -0.143622 1.461500 -0.085344
v -0.143622 1.461500 -0.085344
v -0.084539 1.453816 -0.149330
v -0.084916 1.448712 -0.126865
v -0.084539 1.453816 -0.149330
v -0.003926 1.451902 -0.154796
v -0.084916 1.448712 -0.126865
v 0.102221 1.466559 -0.139033
v 0.122651 1.453228 -0.112353
v 0.059998 1.449485 -0.142436
v 0.102221 1.466559 -0.139033
v 0.142672 1.458228 -0.120675
v 0.122651 1.453228 -0.112353
v 0.151950 1.483898 -0.114583
v 0.190616 1.454396 -0.058280
v 0.142672 1.458228 -0.120675
v 0.194456 1.469619 -0.043327
v 0.152774 1.471962 -0.016105
v 0.178276 1.448268 -0.041751
v 0.202000 1.484101 0.013801
v 0.194973 1.483119 0.081173
v 0.201461 1.459593 0.015767
v 0.194973 1.483119 0.081173
v 0.192767 1.456559 0.084544
v 0.201461 1.459593 0.015767
v 0.201461 1.459593 0.015767
v 0.192767 1.456559 0.084544
v 0.188435 1.450204 0.025310
v 0.192767 1.456559 0.084544
v 0.145260 1.454045 0.122337
v 0.188435 1.450204 0.025310
v 0.192767 1.456559 0.084544
v 0.157471 1.462525 0.133404
v 0.145260 1.454045 0.122337
v 0.125451 1.519299 0.122650
v 0.092635 1.516519 0.090480
v 0.145260 1.454045 0.122337
v 0.136582 1.454253 0.166895
v 0.073944 1.457711 0.171360
v 0.121754 1.448518 0.149312
v 0.136249 1.481211 0.169390
v 0.022894 1.482349 0.210685
v 0.076843 1.465446 0.188811
v 0.022894 1.482349 0.210685
v 0.019742 1.456742 0.208660
v 0.076843 1.465446 0.188811
v 0.136249 1.481211 0.169390
v 0.136582 1.454253 0.166895
v 0.125451 1.519299 0.122650
v 0.202000 1.484101 0.013801
v 0.201461 1.459593 0.015767
v 0.178799 1.493133 -0.020552
v 0.067300 1.481384 -0.166961
v 0.066477 1.455272 -0.166166
v 0.029412 1.496126 -0.107347
v 0.029412 1.496126 -0.107347
v 0.066477 1.455272 -0.166166
v 0.059998 1.449485 -0.142436
v 0.016788 1.490917 -0.159995
v 0.018510 1.466546 -0.153540
v 0.005037 1.492998 -0.159758
v -0.143742 1.486791 -0.082689
v -0.143622 1.461500 -0.085344
v -0.128324 1.520674 -0.030186
v -0.181671 1.480161 0.010497
v -0.128324 1.520674 -0.030186
v -0.164740 1.448701 0.002062
v -0.151694 1.478266 0.123019
v -0.151348 1.453882 0.120033
v -0.085845 1.521350 0.128310
v -0.085845 1.521350 0.128310
v -0.151348 1.453882 0.120033
v -0.133120 1.449483 0.113601
v -0.070785 1.493198 0.180453
v -0.085845 1.521350 0.128310
v -0.069856 1.461134 0.165956
v 0.100500 0.744716 0.219845
v 0.161192 0.581773 0.297463
v 0.284133 0.584053 0.179280
v 0.211623 0.748418 0.114002
v -0.226540 0.592581 0.224431
v -0.257697 0.407970 0.430473
v -0.131798 0.391585 0.480315
v -0.076016 0.559716 0.338928
v 0.502957 0.399622 0.072984
v 0.495404 0.414926 -0.108041
v 0.335979 0.571267 -0.099222
v 0.330899 0.588886 0.044414
v 0.495404 0.414926 -0.108041
v 0.431267 0.415097 -0.253048
v 0.212245 0.611360 -0.243197
v 0.335979 0.571267 -0.099222
v 0.086248 0.585029 -0.321072
v 0.140851 0.415840 -0.483446
v -0.105250 0.409927 -0.492576
v -0.049291 0.587868 -0.326113
v -0.437384 0.410024 -0.254385
v -0.477185 0.422744 -0.029449
v -0.319761 0.585849 0.001024
v -0.307426 0.569407 -0.140791
v -0.049291 0.587868 -0.326113
v -0.135421 0.484538 -0.368891
v -0.230845 0.437653 -0.398504
v -0.188768 0.596110 -0.257715
v 0.302238 0.449807 0.069463
v 0.259899 0.483684 -0.077701
v 0.372407 0.377464 -0.126671
v 0.444408 0.351316 0.066705
v -0.194132 0.566410 -0.010771
v -0.300489 0.435779 0.053558
v -0.310246 0.398591 -0.142328
v -0.177451 0.531034 -0.129711
v -0.266522 0.344484 -0.375793
v -0.279191 0.369096 -0.412657
v -0.230845 0.437653 -0.398504
v -0.192131 0.382123 -0.326603
v -0.102891 0.360554 -0.486725
v -0.105250 0.409927 -0.492576
v 0.140851 0.415840 -0.483446
v 0.125507 0.360596 -0.484221
v 0.021372 0.383423 0.466130
v 0.269876 0.365664 0.422026
v 0.275368 0.410977 0.424182
v 0.023055 0.434817 0.472346
v 0.142420 0.778977 0.138015
v -0.112162 0.778453 0.158222
v -0.069496 0.746283 0.224118
v 0.100500 0.744716 0.219845
v -0.426870 0.358896 0.245984
v -0.239192 0.342301 0.426475
v -0.257697 0.407970 0.430473
v -0.446399 0.405456 0.225661
v 0.418619 0.341626 0.156012
v 0.302238 0.449807 0.069463
v 0.397040 0.478456 0.092555
v 0.479332 0.352832 0.179255
v -0.437455 0.351961 -0.031900
v -0.300489 0.435779 0.053558
v -0.379964 0.491264 0.072025
v -0.482266 0.366774 -0.037279
v 0.211623 0.748418 0.114002
v 0.284133 0.584053 0.179280
v 0.330899 0.588886 0.044414
v 0.247104 0.746208 -0.017061
v -0.054814 0.420813 0.328945
v 0.021372 0.383423 0.466130
v 0.023055 0.434817 0.472346
v -0.076016 0.559716 0.338928
v -0.300912 0.717522 0.252260
v -0.190708 0.713324 0.346503
v -0.103713 0.868586 0.237620
v -0.185374 0.869732 0.157244
v 0.463547 0.686083 -0.004545
v 0.312972 0.869344 0.016572
v 0.244573 0.871617 0.181025
v 0.353684 0.704873 0.200003
v -0.032243 0.936440 -0.114322
v -0.093941 0.915182 -0.026939
v -0.126388 0.841293 -0.055254
v -0.068346 0.842206 -0.140786
v -0.012331 0.981503 -0.127124
v -0.089314 0.981657 -0.022490
v -0.093941 0.915182 -0.026939
v -0.032243 0.936440 -0.114322
v -0.066133 0.687877 -0.294759
v -0.202134 0.687734 -0.190683
v -0.274442 0.630683 -0.253538
v -0.109676 0.627618 -0.383093
v -0.075534 0.685468 0.287139
v 0.098424 0.690617 0.277775
v 0.196378 0.640202 0.347201
v -0.059612 0.631669 0.367510
v 0.166747 0.788514 -0.166254
v 0.054561 0.844105 -0.180808
v 0.099732 0.687549 -0.304548
v 0.240476 0.699706 -0.197593
v -0.126388 0.841293 -0.055254
v -0.093941 0.915182 -0.026939
v -0.240556 0.713392 0.048956
v -0.245083 0.689028 -0.089574
v 0.137694 0.905301 -0.102912
v 0.166747 0.788514 -0.166254
v 0.251130 0.759426 -0.057753
v 0.208277 0.854367 0.020076
v 0.415441 0.637182 -0.182947
v 0.414497 0.682967 -0.191418
v 0.463547 0.686083 -0.004545
v 0.456670 0.631482 -0.010985
v 0.196378 0.640202 0.347201
v 0.307236 0.681167 0.325740
v 0.118973 0.687460 0.411508
v 0.127236 0.639862 0.403457
v -0.059612 0.631669 0.367510
v 0.196378 0.640202 0.347201
v 0.127236 0.639862 0.403457
v -0.067496 0.637831 0.407346
v -0.059612 0.631669 0.367510
v -0.067496 0.637831 0.407346
v -0.095786 0.730435 0.355510
v -0.075534 0.685468 0.287139
v -0.161203 0.646197 -0.392537
v -0.138777 0.686636 -0.412473
v 0.045420 0.672306 -0.466011
v 0.045802 0.630384 -0.463429
v 0.045802 0.630384 -0.463429
v 0.045420 0.672306 -0.466011
v 0.285315 0.674736 -0.379786
v 0.297765 0.629953 -0.372621
v 0.268417 0.618032 -0.337011
v 0.091382 0.625073 -0.408468
v 0.045802 0.630384 -0.463429
v 0.297765 0.629953 -0.372621
v -0.240556 0.713392 0.048956
v -0.259968 0.828519 0.054513
v -0.400436 0.680223 0.004584
v -0.395930 0.630410 0.007387
v -0.099234 1.287710 -0.084025
v -0.176773 1.104580 -0.078633
v -0.183738 1.133099 0.036576
v -0.116888 1.287691 0.027512
v -0.071338 0.997742 0.311862
v 0.094561 0.967766 0.329875
v 0.112707 1.102481 0.225588
v -0.019679 1.145109 0.211077
v 0.183668 0.977992 0.270469
v 0.346642 0.933042 0.178739
v 0.216162 1.111114 0.147075
v 0.112707 1.102481 0.225588
v 0.144704 1.251006 -0.017180
v 0.149139 1.194208 -0.029118
v 0.118015 1.212741 0.069257
v 0.122448 1.261503 0.058940
v 0.174853 0.914484 0.235674
v 0.103823 0.986441 0.205859
v 0.217717 1.002982 0.090506
v 0.306991 0.876557 0.149548
v -0.156940 0.968190 0.153898
v -0.200854 0.960625 0.064923
v -0.126596 1.058342 0.054047
v -0.082245 1.028233 0.150334
v -0.178488 0.926774 0.214303
v 0.008782 0.940478 0.298886
v -0.064569 0.944839 0.312001
v -0.200945 0.945955 0.237502
v 0.035704 1.291790 -0.129518
v -0.011003 1.286445 -0.152871
v -0.099234 1.287710 -0.084025
v -0.061658 1.291582 -0.076460
v 0.098682 0.884906 -0.300788
v 0.015335 0.945923 -0.242916
v 0.008890 0.979497 -0.290067
v 0.111009 0.890452 -0.334752
v 0.111009 0.890452 -0.334752
v 0.110096 0.936825 -0.336483
v 0.245549 0.932772 -0.293178
v 0.261522 0.884246 -0.275947
v 0.254778 0.876956 -0.237265
v 0.098682 0.884906 -0.300788
v 0.111009 0.890452 -0.334752
v 0.261522 0.884246 -0.275947
v 0.261522 0.884246 -0.275947
v 0.245549 0.932772 -0.293178
v 0.378611 0.921867 -0.135950
v 0.377832 0.874684 -0.132045
v 0.347151 0.866625 -0.119482
v 0.254778 0.876956 -0.237265
v 0.261522 0.884246 -0.275947
v 0.377832 0.874684 -0.132045
v 0.103823 0.986441 0.205859
v 0.166176 0.923434 0.269433
v 0.183668 0.977992 0.270469
v 0.112707 1.102481 0.225588
v 0.352406 0.877476 0.032438
v 0.272418 0.950228 -0.031742
v 0.326084 1.003081 -0.037325
v 0.386002 0.887680 0.038891
v -0.236187 1.259725 -0.043677
v -0.223672 1.241367 0.091542
v -0.157908 1.313045 0.104949
v -0.155265 1.365361 0.004531
v -0.091403 1.378053 0.139163
v -0.145840 1.240091 0.217596
v -0.061068 1.247238 0.256719
v -0.024966 1.363385 0.185927
v 0.044959 1.377886 0.184953
v 0.029434 1.242987 0.277381
v 0.141033 1.247061 0.248684
v 0.110583 1.365016 0.173879
v 0.110583 1.365016 0.173879
v 0.141033 1.247061 0.248684
v 0.231573 1.255041 0.176086
v 0.172560 1.389116 0.103361
v 0.278891 1.279396 -0.021504
v 0.224595 1.287171 -0.121583
v 0.155063 1.396204 -0.082164
v 0.198819 1.382803 -0.011995
v 0.082039 1.499349 0.123552
v 0.110583 1.365016 0.173879
v 0.172560 1.389116 0.103361
v 0.125990 1.500549 0.083402
v 0.107302 1.482697 0.007861
v 0.057506 1.483222 -0.054126
v 0.051196 1.447901 -0.058955
v 0.105931 1.448217 0.001318
v -0.020594 1.478117 -0.046030
v -0.049280 1.478118 0.004535
v -0.056260 1.428759 0.010247
v -0.031986 1.425842 -0.044339
v -0.110900 1.309348 -0.040324
v -0.106893 1.293156 0.076526
v -0.189180 1.208307 0.084907
v -0.199066 1.217684 -0.023860
v 0.031675 1.306570 0.151921
v 0.084247 1.334370 0.122236
v 0.153075 1.218349 0.190410
v 0.002108 1.232875 0.211303
v 0.002108 1.232875 0.211303
v -0.076667 1.226523 0.189343
v -0.046104 1.308911 0.133015
v 0.031675 1.306570 0.151921
v 0.124261 1.503586 0.032213
v 0.140079 1.501100 -0.019985
v 0.098541 1.501618 -0.074761
v 0.084425 1.503672 -0.056887
v 0.124261 1.503586 0.032213
v 0.072548 1.503340 0.099038
v 0.082039 1.499349 0.123552
v 0.125990 1.500549 0.083402
v 0.229665 1.222516 0.173708
v 0.231573 1.255041 0.176086
v 0.141033 1.247061 0.248684
v 0.143410 1.210672 0.245923
v 0.131604 1.204541 0.225156
v 0.153075 1.218349 0.190410
v 0.229665 1.222516 0.173708
v 0.143410 1.210672 0.245923
v 0.072548 1.503340 0.099038
v -0.009008 1.503060 0.106203
v 0.011334 1.499965 0.133905
v 0.082039 1.499349 0.123552
v -0.058331 1.203247 0.247591
v -0.061068 1.247238 0.256719
v -0.145840 1.240091 0.217596
v -0.144674 1.202602 0.217260
v -0.135974 1.219358 -0.200339
v -0.236382 1.203508 -0.097249
v -0.209349 1.250548 -0.130601
v -0.136248 1.256691 -0.199744
v 0.110921 1.397190 -0.121316
v 0.135188 1.274514 -0.210390
v -0.012406 1.275248 -0.234878
v 0.018281 1.377981 -0.157414
v -0.139871 1.210455 -0.168857
v -0.135974 1.219358 -0.200339
v -0.010678 1.235680 -0.233167
v 0.045392 1.239126 -0.203638
v -0.189180 1.208307 0.084907
v -0.106893 1.293156 0.076526
v -0.157908 1.313045 0.104949
v -0.221916 1.219641 0.097963
v 0.209988 1.240510 -0.108336
v 0.129346 1.295984 -0.100699
v 0.155658 1.325101 -0.128869
v 0.228972 1.250266 -0.120136
v -0.181671 1.480161 0.010497
v -0.151694 1.478266 0.123019
v -0.100785 1.565386 0.096844
v -0.121829 1.566128 0.049917
v 0.194973 1.483119 0.081173
v 0.202000 1.484101 0.013801
v 0.150136 1.562771 0.009935
v 0.140090 1.565087 0.071059
v -0.088169 1.481187 -0.149825
v -0.143742 1.486791 -0.082689
v -0.107603 1.561513 -0.054100
v -0.071632 1.559757 -0.095486
v 0.028311 1.545002 -0.127445
v 0.016788 1.490917 -0.159995
v 0.005037 1.492998 -0.159758
v -0.025411 1.561378 -0.117795
v 0.092635 1.516519 0.090480
v 0.110737 1.518639 0.057441
v 0.156934 1.469034 0.044304
v 0.145260 1.454045 0.122337
v -0.073267 1.471039 -0.095980
v -0.084916 1.448712 -0.126865
v -0.003926 1.451902 -0.154796
v 0.007137 1.471094 -0.126321
v -0.050883 1.522346 -0.065631
v -0.073267 1.471039 -0.095980
v 0.007137 1.471094 -0.126321
v -0.017594 1.523026 -0.082451
v -0.089460 1.513752 -0.021075
v -0.118948 1.457666 -0.066508
v -0.073267 1.471039 -0.095980
v -0.050883 1.522346 -0.065631
v 0.152774 1.471962 -0.016105
v 0.156934 1.469034 0.044304
v 0.119898 1.516728 0.015611
v 0.108261 1.518944 -0.027322
v -0.003926 1.451902 -0.154796
v -0.005673 1.462314 -0.172494
v 0.005037 1.492998 -0.159758
v 0.007137 1.471094 -0.126321
v 0.102221 1.466559 -0.139033
v 0.067300 1.481384 -0.166961
v 0.151950 1.483898 -0.114583
v 0.142672 1.458228 -0.120675
v 0.178276 1.448268 -0.041751
v 0.122651 1.453228 -0.112353
v 0.142672 1.458228 -0.120675
v 0.190616 1.454396 -0.058280
v 0.192767 1.456559 0.084544
v 0.194973 1.483119 0.081173
v 0.161809 1.485340 0.132984
v 0.157471 1.462525 0.133404
v 0.012512 1.453053 0.190008
v 0.073944 1.457711 0.171360
v 0.076843 1.465446 0.188811
v 0.019742 1.456742 0.208660
v -0.058968 1.468803 0.182270
v 0.019742 1.456742 0.208660
v 0.022894 1.482349 0.210685
v -0.070785 1.493198 0.180453
v -0.178266 1.457389 0.019445
v -0.151348 1.453882 0.120033
v -0.151694 1.478266 0.123019
v -0.181671 1.480161 0.010497
v 0.121754 1.448518 0.149312
v 0.092635 1.516519 0.090480
v 0.125451 1.519299 0.122650
v 0.136582 1.454253 0.166895
v 0.188435 1.450204 0.025310
v 0.152774 1.471962 -0.016105
v 0.178799 1.493133 -0.020552
v 0.201461 1.459593 0.015767
v 0.029412 1.496126 -0.107347
v 0.018510 1.466546 -0.153540
v 0.016788 1.490917 -0.159995
v 0.028311 1.545002 -0.127445
v -0.118948 1.457666 -0.066508
v -0.089460 1.513752 -0.021075
v -0.128324 1.520674 -0.030186
v -0.143622 1.461500 -0.085344
vn -0.6826 0.4795 -0.5516
vn -0.3635 0.4789 -0.7990
vn 0.0426 0.4589 -0.8875
vn 0.3905 0.4710 -0.7910
vn 0.0262 0.5233 0.8518
vn -0.7871 0.4801 0.3873
vn -0.5575 0.6584 0.5056
vn 0.2001 0.6665 0.7181
vn 0.5887 0.6501 0.4805
vn 0.4836 0.7066 0.5167
vn -0.5356 0.5157 -0.6687
vn -0.4924 0.6475 -0.5816
vn -0.7509 0.5146 0.4138
vn -0.4643 0.4759 0.7470
vn 0.1111 0.4608 0.8805
vn 0.8864 0.4622 -0.0253
vn 0.7334 0.4572 -0.5030
vn 0.3038 0.6382 -0.7074
vn -0.6632 0.4972 -0.5595
vn -0.8684 0.4782 -0.1310
vn 0.8951 -0.4452 0.0217
vn 0.9655 -0.2294 0.1228
vn 0.9055 -0.3549 0.2326
vn 0.5049 -0.3931 0.7684
vn 0.2905 0.0714 0.9542
vn -0.4184 0.0478 0.9070
vn -0.9004 -0.1288 0.4156
vn -0.9721 0.0953 -0.2142
vn -0.8569 -0.2474 -0.4523
vn -0.5253 -0.3023 -0.7954
vn 0.2644 -0.4452 -0.8555
vn 0.5408 -0.3076 -0.7829
vn 0.7297 -0.4854 -0.4816
vn 0.9026 -0.3079 -0.3008
vn 0.3931 -0.8790 -0.2699
vn 0.3278 -0.8232 -0.4635
vn -0.0853 -0.8914 -0.4452
vn -0.1732 -0.8546 -0.4896
vn -0.2806 -0.7091 -0.6468
vn -0.5125 -0.8003 -0.3112
vn -0.4327 -0.9007 0.0393
vn -0.2546 -0.6685 0.6988
vn 0.4251 -0.6225 -0.6571
vn 0.2700 -0.7105 -0.6498
vn -0.6312 -0.6097 -0.4794
vn -0.8023 -0.4238 -0.4204
vn -0.3048 -0.5561 0.7732
vn -0.1224 -0.4228 0.8979
vn 0.6028 -0.4802 0.6372
vn -0.2885 -0.9492 0.1261
vn -0.5199 -0.8057 0.2839
vn -0.3339 0.9392 0.0803
vn -0.0461 -0.9989 -0.0012
vn -0.7123 -0.0440 -0.7005
vn -0.3493 -0.8303 -0.4343
vn -0.0079 -0.9890 -0.1480
vn 0.7514 -0.4676 0.4656
vn -0.0039 -0.9999 0.0104
vn 0.0454 -0.1827 0.9821
vn 0.7511 -0.0964 0.6531
vn -0.0192 -0.9992 0.0362
vn 0.4729 -0.8592 0.1952
vn 0.4897 0.6861 0.5381
vn -0.0131 -0.9509 0.3092
vn 0.0279 -0.9964 0.0800
vn 0.8788 0.1006 0.4664
vn 0.8702 -0.3103 0.3827
vn -0.4031 0.6920 0.5988
vn -0.3287 -0.9084 0.2583
vn -0.9246 -0.3806 0.0165
vn -0.0211 -0.6496 -0.7600
vn -0.8662 -0.3939 0.3075
vn 0.8201 -0.3534 -0.4499
vn -0.8843 -0.4486 0.1297
vn -0.4885 -0.4511 -0.7469
vn -0.8565 -0.3485 0.3807
vn -0.8622 0.4960 -0.1024
vn -0.4937 0.8451 -0.2052
vn -0.3951 0.5035 -0.7683
vn -0.0241 0.5064 -0.8620
vn 0.1604 0.8224 -0.5459
vn 0.4165 0.5159 -0.7486
vn -0.4872 0.4993 0.7165
vn 0.0467 0.7463 0.6640
vn 0.5475 0.5876 0.5958
vn 0.7675 0.6036 -0.2157
vn 0.3349 0.7065 -0.6235
vn 0.3385 0.7034 -0.6250
vn -0.5539 0.7330 -0.3948
vn 0.8015 0.2415 -0.5471
vn 0.6527 0.7145 0.2519
vn -0.8661 0.4941 -0.0761
vn -0.6409 0.7540 0.1440
vn 0.7640 0.5480 -0.3404
vn -0.5313 0.6618 -0.5288
vn 0.4720 0.1789 -0.8632
vn 0.5646 0.6553 -0.5018
vn -0.7194 0.6472 0.2522
vn 0.6359 -0.2609 0.7263
vn -0.2385 -0.2182 0.9463
vn -0.3747 -0.5069 0.7763
vn -0.8851 -0.1670 0.4343
vn -0.8333 -0.5227 -0.1803
vn -0.5020 0.1259 -0.8557
vn -0.2706 -0.2522 -0.9291
vn 0.2865 0.1476 -0.9466
vn 0.3967 -0.3269 -0.8577
vn 0.8194 0.1981 -0.5379
vn 0.3932 -0.8713 -0.2937
vn 0.0172 -0.9586 -0.2844
vn -0.2581 -0.9150 -0.3100
vn -0.5089 -0.8022 -0.3123
vn -0.1136 -0.9422 0.3153
vn -0.1890 -0.8941 0.4061
vn 0.1126 -0.8682 0.4832
vn 0.2886 -0.9194 0.2671
vn 0.6093 -0.6536 0.4489
vn 0.5379 -0.7935 0.2846
vn 0.4491 -0.8817 0.1450
vn 0.7331 -0.6348 -0.2442
vn 0.6602 -0.6870 -0.3035
vn -0.0850 -0.6381 -0.7653
vn -0.3338 -0.6684 -0.6647
vn -0.2928 -0.5759 -0.7633
vn -0.7478 -0.6609 0.0630
vn -0.8780 -0.4681 -0.0996
vn -0.7562 -0.5476 0.3582
vn -0.7102 -0.4784 0.5164
vn -0.3344 -0.5859 0.7382
vn 0.1375 -0.6855 0.7150
vn 0.2640 -0.5654 0.7814
vn -0.0084 -0.8080 0.5891
vn -0.5361 -0.7481 0.3910
vn 0.6108 -0.7918 0.0001
vn 0.2665 -0.7782 0.5687
vn 0.0095 -0.9999 0.0074
vn -0.9772 0.1138 -0.1793
vn 0.0041 -0.9999 -0.0113
vn -0.9675 -0.1183 -0.2236
vn -0.3127 -0.9498 -0.0109
vn -0.8127 0.4762 -0.3358
vn -0.2984 0.8608 -0.4123
vn -0.1734 0.9296 -0.3253
vn 0.0611 -0.9435 -0.3256
vn 0.0016 -0.9913 -0.1318
vn 0.4100 -0.1012 -0.9065
vn 0.1964 0.8952 -0.4001
vn 0.1985 0.7043 -0.6816
vn 0.4271 -0.2999 -0.8530
vn 0.9974 -0.0667 -0.0286
vn 0.9003 -0.1753 -0.3984
vn 0.6844 0.6628 -0.3038
vn 0.8948 -0.1037 -0.4342
vn 0.9945 0.0994 -0.0331
vn 0.1240 -0.9923 0.0075
vn 0.6093 -0.7654 0.2069
vn 0.4224 0.9039 0.0670
vn 0.3562 0.9309 0.0807
vn -0.1563 -0.2524 0.9549
vn 0.0931 -0.9700 0.2245
vn 0.0041 -0.9999 0.0115
vn 0.7509 -0.1219 0.6491
vn -0.0129 -0.8812 0.4726
vn 0.0099 -0.9999 -0.0068
vn -0.3814 -0.1629 0.9099
vn 0.1029 -0.8274 0.5522
vn 0.0888 -0.9956 -0.0312
vn -0.4915 0.8362 0.2434
vn 0.7357 0.0146 -0.6772
vn 0.4065 -0.2744 -0.8715
vn -0.9780 -0.0700 -0.1964
vn -0.9463 -0.3155 0.0707
vn 0.2219 0.1563 -0.9625
vn -0.7101 -0.0339 0.7033
vn -0.8887 -0.1093 -0.4453
vn -0.0002 1.0000 0.0022
vn 0.0011 1.0000 0.0012
vn -0.0020 1.0000 0.0009
vn 0.0001 1.0000 0.0013
vn -0.0000 1.0000 -0.0009
vn 0.2116 0.5080 0.8350
vn -0.1886 0.3976 0.8980
vn -0.6134 0.4764 0.6300
vn 0.1336 0.4789 -0.8676
vn 0.2622 0.7560 -0.5997
vn 0.2749 0.6677 -0.6918
vn -0.7560 0.6243 -0.1968
vn -0.7849 0.5954 0.1717
vn -0.1544 0.6362 0.7559
vn -0.0916 0.5887 0.8031
vn 0.3388 0.6315 0.6974
vn 0.6722 0.7160 -0.1884
vn 0.6052 0.4682 -0.6438
vn 0.1576 0.4487 -0.8797
vn -0.1287 0.6281 -0.7674
vn -0.3310 0.4372 -0.8362
vn -0.7042 0.4912 -0.5127
vn -0.8823 0.4604 -0.0981
vn -0.7757 0.5227 0.3536
vn 0.4248 0.3740 0.8244
vn 0.8574 0.3760 0.3514
vn 0.8834 0.4045 -0.2367
vn -0.1853 0.6317 0.7527
vn 0.9556 0.2378 -0.1740
vn -0.9053 -0.1465 0.3987
vn -0.8834 -0.1941 0.4266
vn -0.1951 -0.2483 -0.9488
vn 0.2938 -0.3611 0.8850
vn 0.2031 0.1835 0.9618
vn -0.1155 -0.3423 0.9325
vn -0.5107 -0.3214 0.7975
vn -0.2659 -0.8541 0.4470
vn 0.4823 -0.8490 0.2157
vn 0.6192 -0.7674 -0.1662
vn -0.2533 -0.7647 -0.5926
vn -0.6010 -0.7744 -0.1979
vn -0.7936 -0.6032 -0.0793
vn -0.7634 -0.5710 0.3020
vn 0.6283 -0.7695 0.1148
vn -0.3553 -0.5124 0.7818
vn 0.0454 -0.6113 0.7901
vn 0.6184 -0.6689 0.4125
vn 0.4605 -0.5379 -0.7061
vn 0.0629 -0.5822 -0.8106
vn -0.4217 -0.5815 -0.6957
vn -0.3143 -0.4440 -0.8391
vn -0.7661 -0.5200 -0.3777
vn -0.6629 -0.6690 0.3362
vn 0.1657 -0.9830 -0.0796
vn 0.2701 -0.7038 -0.6570
vn -0.5825 -0.8123 -0.0300
vn 0.3907 -0.9122 -0.1239
vn 0.0743 0.9966 -0.0364
vn 0.9421 -0.1538 0.2979
vn 0.2150 -0.9712 0.1025
vn -0.5532 0.7994 -0.2342
vn -0.2123 -0.6482 0.7313
vn 0.0485 0.9974 0.0542
vn 0.2299 -0.1158 0.9663
vn -0.0472 -0.9967 0.0659
vn -0.0612 0.8670 -0.4946
vn -0.0334 0.9979 0.0553
vn 0.5167 0.2586 -0.8162
vn -0.1412 0.9883 0.0578
vn -0.9131 -0.0050 0.4077
vn -0.2769 -0.2997 -0.9130
vn -0.9633 -0.1011 -0.2487
vn 0.0973 -0.9952 -0.0096
vn -0.9638 0.0107 -0.2664
vn -0.1587 -0.9873 0.0001
vn -0.0488 0.9987 -0.0126
vn 0.4480 0.8315 0.3284
vn -0.6269 -0.1080 -0.7715
vn -0.1478 -0.9624 -0.2279
vn -0.6203 -0.0421 -0.7832
vn -0.2688 -0.9084 -0.3204
vn -0.0643 0.9927 -0.1024
vn -0.0161 0.9988 -0.0453
vn 0.2722 0.3896 0.8798
vn -0.0224 -0.9967 -0.0777
vn -0.0391 0.8202 0.5708
vn 0.0933 0.9899 -0.1071
vn 0.3811 -0.7166 0.5842
vn 0.6348 -0.3850 -0.6699
vn 0.3119 0.0469 0.9490
vn -0.5159 -0.3164 0.7961
vn 0.2440 0.2368 -0.9404
vn -0.1512 -0.6406 -0.7528
vn 0.9946 -0.0403 0.0960
vn 0.4116 -0.7922 0.4505
vn 0.8592 0.5068 0.0702
vn 0.6462 0.5129 0.5652
vn -0.4123 0.5541 0.7231
vn -0.7801 0.5189 0.3495
vn -0.2940 0.8159 -0.4979
vn -0.2319 0.5195 -0.8224
vn 0.2582 0.6258 -0.7360
vn -0.1561 0.6779 -0.7184
vn -0.4740 0.6504 -0.5935
vn -0.5633 0.7118 -0.4195
vn -0.7168 0.6955 -0.0491
vn -0.6978 0.6765 0.2353
vn -0.0194 0.7558 0.6545
vn 0.3449 0.6372 0.6892
vn 0.8202 0.4058 0.4033
vn 0.7230 0.6274 -0.2892
vn 0.5013 0.5116 -0.6978
vn 0.2445 0.6964 -0.6748
vn -0.3625 0.6942 -0.6218
vn -0.5918 0.5367 -0.6014
vn -0.8029 0.5434 -0.2449
vn 0.7915 0.4878 -0.3682
vn 0.9486 0.3164 0.0056
vn 0.5300 0.4300 0.7309
vn 0.5481 0.6874 -0.4764
vn -0.8728 -0.3793 -0.3072
vn -0.6994 0.0015 -0.7147
vn -0.2887 -0.4606 -0.8393
vn -0.3095 -0.0274 -0.9505
vn 0.5383 0.1821 -0.8229
vn 0.4937 0.0426 -0.8686
vn 0.8788 -0.3265 -0.3481
vn 0.9831 -0.0568 -0.1743
vn 0.1520 -0.4795 0.8643
vn -0.4275 0.0209 0.9038
vn -0.2403 -0.8233 0.5143
vn 0.0286 -0.8577 0.5133
vn 0.0579 -0.8378 0.5429
vn 0.4858 -0.8473 0.2145
vn 0.5428 -0.8398 -0.0145
vn 0.6192 -0.7460 -0.2451
vn 0.3518 -0.7850 -0.5099
vn -0.0212 -0.6561 -0.7544
vn -0.3118 -0.9220 -0.2296
vn -0.5638 -0.7868 0.2512
vn -0.4577 -0.8743 0.1616
vn 0.2352 -0.6848 0.6898
vn 0.4789 -0.6166 0.6249
vn 0.7142 -0.6269 0.3114
vn 0.6835 -0.6332 -0.3632
vn 0.8877 -0.4363 -0.1468
vn 0.4879 -0.5223 -0.6994
vn -0.0870 -0.3972 -0.9136
vn -0.7843 -0.5029 -0.3633
vn -0.7612 -0.5805 0.2891
vn -0.4917 0.8327 0.2548
vn 0.1319 0.9868 -0.0944
vn 0.1126 0.9935 -0.0158
vn -0.9000 0.4304 0.0693
vn 0.0633 -0.9979 0.0131
vn -0.1798 -0.4554 0.8719
vn 0.0615 0.9949 0.0796
vn -0.6204 0.2769 -0.7338
vn 0.0310 -0.1615 0.9864
vn 0.0390 0.9893 0.1409
vn 0.0217 -0.2038 0.9788
vn -0.8593 0.0235 0.5110
vn 0.4956 0.0218 -0.8683
vn -0.6447 -0.1644 0.7466
vn -0.0201 0.9989 0.0431
vn -0.6325 -0.1107 0.7666
vn -0.0689 -0.9972 0.0276
vn -0.0794 -0.9851 0.1528
vn -0.4236 -0.8922 0.1567
vn 0.5225 0.8466 -0.1017
vn -0.3732 -0.0182 -0.9276
vn -0.0699 -0.9913 -0.1115
vn -0.0689 0.9976 -0.0114
vn 0.9487 0.1615 0.2719
vn -0.2242 -0.8573 -0.4634
vn 0.0950 0.9882 -0.1203
vn -0.4323 0.3940 0.8111
vn -0.0175 -0.4215 0.9067
vn -0.0506 -0.2307 0.9717
vn 0.9660 -0.0384 -0.2558
vn 0.7135 -0.3606 -0.6007
vn 0.9120 -0.4070 -0.0513
vn 0.1562 -0.1766 -0.9718
vn -0.2075 -0.6804 -0.7029
vn 0.7421 -0.5028 0.4433
vn 0.8252 0.3936 0.4052
vn -0.4937 0.3493 0.7964
vn 0.3969 0.3233 -0.8590
vn 0.6857 0.4802 -0.5470
vn 0.5622 0.5794 -0.5901
vn 0.2698 0.5468 -0.7926
vn -0.0442 0.5036 -0.8628
vn 0.0858 0.3835 -0.9196
vn -0.2028 0.5784 -0.7901
vn -0.6936 0.5064 -0.5124
vn -0.8455 0.4087 -0.3437
vn -0.5730 0.4742 0.6684
vn -0.6601 0.5516 0.5098
vn -0.5442 0.5295 0.6508
vn 0.8030 0.5484 0.2331
vn -0.8900 0.1228 0.4391
vn 0.8450 0.3969 -0.3584
vn 0.5557 0.5629 -0.6118
vn 0.6881 0.3396 -0.6412
vn 0.2609 0.4237 -0.8674
vn -0.7576 0.3038 -0.5777
vn -0.8253 0.3813 0.4166
vn 0.0149 0.3634 0.9315
vn 0.5434 0.3645 0.7562
vn 0.8202 0.3840 0.4240
vn 0.8318 0.5550 -0.0140
vn -0.9203 -0.3246 -0.2183
vn -0.3766 -0.2205 -0.8997
vn 0.2254 -0.4392 -0.8697
vn 0.3753 -0.1163 -0.9196
vn 0.8360 0.0071 -0.5486
vn 0.6858 -0.2880 0.6684
vn -0.1244 0.0040 0.9922
vn -0.7895 -0.2658 0.5532
vn -0.7703 -0.1882 0.6093
vn -0.6016 -0.7681 0.2194
vn -0.1655 -0.7882 0.5928
vn 0.1839 -0.5951 0.7823
vn 0.2774 -0.8664 0.4152
vn 0.6472 -0.6395 0.4150
vn 0.7678 -0.6092 0.1982
vn 0.6644 -0.7128 0.2245
vn 0.7953 -0.5879 0.1479
vn 0.2819 -0.7054 -0.6504
vn -0.7920 -0.6032 -0.0941
vn -0.7323 -0.5703 0.3722
vn -0.2020 -0.4562 0.8666
vn 0.5892 -0.2593 -0.7653
vn 0.0302 -0.4309 -0.9019
vn -0.6117 -0.4280 -0.6653
vn -0.8313 -0.5379 -0.1399
vn 0.1143 -0.6708 -0.7328
vn 0.3380 -0.9371 -0.0871
vn 0.0405 -0.9991 0.0079
vn 0.1237 0.9923 0.0058
vn -0.7639 0.2546 -0.5929
vn 0.6528 -0.0519 0.7557
vn 0.1573 -0.9076 0.3892
vn -0.2984 0.7525 -0.5870
vn -0.6092 -0.4239 0.6703
vn -0.2494 -0.2716 0.9295
vn -0.0148 0.9968 0.0786
vn -0.0711 0.9877 0.1396
vn 0.2670 0.7261 -0.6337
vn 0.7148 0.4017 -0.5724
vn -0.8224 -0.2651 -0.5034
vn -0.1102 0.9938 -0.0173
vn -0.9810 -0.0539 -0.1864
vn 0.9170 0.3393 0.2098
vn 0.2550 -0.2635 -0.9303
vn -0.7944 -0.0770 -0.6026
vn -0.7959 -0.1151 -0.5944
vn -0.5224 -0.8527 0.0045
vn 0.2109 0.0160 -0.9774
vn 0.5308 -0.6544 -0.5385
vn 0.0004 0.7203 0.6937
vn 0.2905 0.9356 -0.2005
vn -0.5754 0.6670 0.4733
vn -0.6707 -0.0515 0.7400
vn -0.0031 -0.5302 0.8478
vn 0.9944 -0.0865 0.0612
vn 0.4698 -0.3936 0.7902
vn 0.9276 0.3737 -0.0006
vn 0.5863 0.6839 0.4342
vn -0.2998 0.4409 0.8460
vn -0.7902 0.4125 0.4533
vn -0.5539 0.4223 -0.7176
vn 0.0098 0.4084 -0.9127
vn 0.5172 0.7199 -0.4629
vn 0.7550 0.4278 -0.4970
vn 0.7107 0.5358 -0.4560
vn 0.2579 0.5386 -0.8021
vn -0.3930 0.0657 -0.9172
vn -0.7036 0.5187 -0.4857
vn -0.8212 0.5403 -0.1834
vn -0.8152 0.5495 0.1831
vn -0.4037 0.6087 0.6831
vn 0.5310 0.3898 0.7524
vn 0.7199 0.5919 0.3625
vn 0.7906 0.6024 -0.1102
vn -0.1625 0.5969 -0.7857
vn -0.2073 0.3198 -0.9245
vn -0.7252 0.6097 0.3199
vn 0.1632 0.4148 0.8952
vn 0.5391 0.3674 0.7579
vn 0.8897 0.4403 0.1209
vn -0.9145 -0.3354 -0.2262
vn -0.4751 -0.1406 -0.8686
vn -0.4255 -0.0439 -0.9039
vn 0.3096 -0.0306 -0.9504
vn 0.9265 -0.2152 -0.3087
vn 0.9804 -0.1148 -0.1604
vn 0.8232 0.0275 0.5670
vn -0.0062 -0.2140 0.9768
vn -0.7777 -0.2821 0.5618
vn -0.5678 -0.7296 0.3813
vn -0.4752 -0.7774 0.4121
vn -0.2983 -0.7035 0.6450
vn -0.2254 -0.5223 0.8224
vn 0.0795 -0.6423 0.7624
vn 0.6981 -0.5919 0.4028
vn 0.3105 -0.8320 -0.4597
vn 0.4377 -0.5851 -0.6827
vn 0.3067 -0.7743 -0.5535
vn -0.4796 -0.7863 -0.3896
vn -0.5533 -0.8032 -0.2209
vn -0.8093 -0.5280 0.2572
vn -0.6489 -0.5049 0.5693
vn -0.1777 -0.4689 0.8652
vn 0.1278 -0.3608 0.9239
vn 0.6849 -0.4229 0.5933
vn 0.7250 -0.3771 0.5763
vn 0.8843 -0.4605 0.0774
vn 0.9190 -0.3678 0.1421
vn 0.7575 -0.4272 -0.4937
vn 0.6326 -0.6069 -0.4811
vn 0.2662 -0.4241 -0.8656
vn 0.2271 -0.4402 -0.8687
vn -0.5226 -0.4914 -0.6968
vn -0.8493 -0.5136 -0.1216
vn -0.2924 -0.8992 -0.3254
vn -0.3567 -0.7316 -0.5809
vn -0.7123 -0.7019 0.0030
vn 0.9654 0.0479 0.2562
vn -0.6705 0.6828 -0.2902
vn 0.9574 -0.0477 0.2849
vn 0.2868 -0.9577 0.0212
vn 0.1503 0.9878 0.0418
vn -0.0139 -0.9965 0.0824
vn -0.6206 -0.3088 0.7208
vn 0.0186 0.9916 0.1277
vn -0.1757 -0.4449 0.8782
vn 0.1774 0.0253 0.9838
vn 0.0645 0.3258 -0.9432
vn -0.4789 -0.0590 0.8759
vn -0.0935 0.9928 0.0743
vn -0.7993 -0.3231 -0.5067
vn -0.1071 0.9912 0.0773
vn -0.9377 -0.1152 0.3278
vn 0.6223 0.7368 -0.2642
vn -0.9381 -0.1522 0.3112
vn -0.1148 -0.9815 0.1533
vn -0.4926 -0.8616 -0.1225
vn -0.0988 0.9949 -0.0188
vn 0.1569 -0.0579 -0.9859
vn 0.1185 -0.9925 0.0299
vn -0.0150 -0.9887 -0.1491
vn 0.5301 0.7447 0.4055
vn 0.4661 0.2232 0.8561
vn 0.5390 -0.6109 -0.5799
vn -0.4311 -0.0421 -0.9013
vn -0.0183 0.9820 -0.1881
vn 0.0509 0.9983 -0.0284
vn -0.4305 0.3094 0.8479
vn 0.1522 0.9880 -0.0280
vn 0.2035 0.9791 -0.0048
vn -0.9226 0.2857 0.2593
vn -0.4716 -0.3177 0.8226
vn -0.5374 -0.1769 0.8246
vn 0.9917 -0.1156 0.0566
vn 0.9034 -0.2955 0.3106
vn 0.7410 -0.0571 -0.6691
vn 0.8901 0.0230 0.4552
vn 0.4367 -0.4356 0.7871
vn 0.6185 0.3799 -0.6878
vn -0.7856 0.3915 0.4791
vn -0.5837 0.4013 -0.7059
vn -0.1962 0.5365 -0.8208
vn -0.7191 0.5355 0.4428
vn -0.3019 0.5622 0.7699
vn 0.8830 0.4197 0.2102
vn -0.4240 0.2250 0.8773
vn 0.2603 0.3979 -0.8797
vn -0.4975 0.5661 -0.6573
vn -0.7585 0.5809 -0.2955
vn -0.8759 0.4110 -0.2526
vn -0.7719 0.6300 -0.0848
vn -0.8918 0.4103 0.1903
vn -0.7107 0.4368 0.5515
vn -0.4782 0.3715 0.7958
vn 0.9281 0.3179 0.1939
vn 0.6006 0.4425 -0.6660
vn -0.0266 0.4978 0.8669
vn 0.7176 0.4965 -0.4883
vn -0.6715 -0.4179 0.6120
vn -0.8763 -0.2486 -0.4126
vn -0.8471 -0.2036 -0.4909
vn -0.1245 -0.3201 -0.9392
vn -0.4579 0.1939 -0.8676
vn 0.2224 -0.2046 -0.9533
vn 0.9387 -0.1676 -0.3011
vn 0.1747 -0.0062 0.9846
vn 0.0303 -0.2768 0.9604
vn -0.4605 -0.2800 0.8424
vn -0.1191 -0.8136 0.5691
vn 0.2321 -0.7538 0.6147
vn 0.6655 -0.5493 0.5053
vn 0.4108 -0.8868 0.2119
vn 0.6285 -0.5842 -0.5135
vn -0.1463 -0.8849 -0.4421
vn -0.4180 -0.8896 -0.1839
vn -0.5143 -0.8384 0.1803
vn 0.1808 -0.5134 0.8389
vn 0.6296 -0.5822 0.5145
vn 0.5497 -0.3462 0.7603
vn 0.7745 -0.5118 0.3718
vn 0.8254 -0.4648 -0.3204
vn 0.6792 -0.3889 -0.6225
vn 0.4037 -0.4379 -0.8033
vn -0.5257 -0.4059 -0.7476
vn 0.1874 -0.8904 -0.4148
vn -0.8824 0.2562 0.3947
vn 0.0868 -0.9942 -0.0640
vn 0.9959 -0.0423 0.0802
vn 0.6004 -0.7949 0.0877
vn 0.3024 0.9521 0.0463
vn 0.0040 -0.5918 0.8061
vn -0.6315 0.7485 -0.2023
vn -0.7378 0.3622 -0.5696
vn -0.0827 0.3650 -0.9273
vn -0.9232 -0.3368 0.1853
vn 0.1385 0.7633 -0.6310
vn 0.0150 -0.9997 -0.0215
vn -0.8167 -0.0306 0.5762
vn -0.7418 -0.6140 0.2695
vn -0.0722 0.9961 0.0505
vn 0.7715 0.2258 -0.5948
vn -0.5833 -0.1710 -0.7941
vn -0.9746 -0.1322 -0.1807
vn 0.6737 0.6933 -0.2557
vn 0.3056 -0.9178 0.2535
vn -0.1393 0.9897 -0.0335
vn -0.9025 0.2987 -0.3102
vn -0.0489 0.9988 -0.0010
vn 0.6244 0.6962 0.3542
vn -0.1438 -0.9475 -0.2857
vn -0.0624 0.9980 -0.0025
vn 0.4995 0.2432 0.8315
vn -0.2467 -0.0526 -0.9677
vn 0.1614 -0.0356 -0.9863
vn 0.0814 -0.9959 -0.0384
vn 0.1635 -0.0261 -0.9862
vn 0.0293 -0.9084 -0.4171
vn 0.0178 0.9948 -0.1003
vn -0.2003 0.3853 0.9008
vn 0.7029 -0.3517 -0.6182
vn 0.6122 -0.5301 0.5868
vn 0.4966 -0.2613 -0.8277
vn -0.3809 -0.3022 0.8738
vn 0.8382 -0.4149 0.3540
vn 0.7229 0.4258 -0.5442
vn 0.7288 0.6769 0.1029
vn 0.1354 0.4137 0.9003
vn -0.7135 0.5022 -0.4886
vn -0.3347 0.4643 -0.8200
vn 0.2886 0.4182 -0.8613
vn -0.2979 0.6299 -0.7173
vn -0.5557 0.6401 -0.5306
vn -0.7378 0.5456 0.3974
vn 0.7962 0.5816 0.1669
vn 0.7886 0.5971 0.1468
vn -0.2315 0.4182 -0.8784
vn -0.8871 0.4590 0.0489
vn -0.3659 0.4146 0.8332
vn -0.0638 0.3700 0.9268
vn 0.2263 0.3835 0.8954
vn 0.8397 0.4139 0.3515
vn 0.8960 0.4421 -0.0412
vn 0.8168 0.3760 -0.4375
vn 0.9314 0.3410 -0.1271
vn -0.1004 0.5404 0.8354
vn 0.5133 0.3480 0.7845
vn 0.3646 0.5134 -0.7769
vn -0.8446 -0.2679 0.4636
vn -0.9168 -0.3330 -0.2205
vn -0.9878 0.0660 -0.1408
vn 0.4354 0.0134 -0.9002
vn 0.9215 -0.0523 -0.3849
vn 0.2744 -0.4843 0.8307
vn 0.1118 -0.1542 0.9817
vn -0.1395 -0.8340 0.5338
vn 0.2121 -0.7865 0.5800
vn 0.4806 -0.8440 0.2383
vn 0.4419 -0.7156 -0.5410
vn 0.4125 -0.7937 -0.4470
vn -0.1576 -0.9090 -0.3858
vn -0.4809 -0.6384 -0.6010
vn -0.5386 -0.6733 -0.5065
vn -0.6417 -0.7631 -0.0767
vn -0.7075 -0.6952 0.1273
vn -0.3925 -0.5474 0.7391
vn -0.3176 -0.4974 0.8073
vn 0.0137 -0.5778 0.8160
vn 0.9192 -0.3847 -0.0848
vn 0.2092 -0.3678 -0.9061
vn -0.2779 -0.4047 -0.8712
vn -0.9015 -0.4110 -0.1359
vn -0.8097 -0.5236 -0.2652
vn -0.8059 -0.5143 0.2933
vn -0.7024 -0.5775 0.4160
vn -0.5991 -0.5499 0.5819
vn -0.5704 -0.7184 0.3982
vn -0.5598 -0.8248 0.0797
vn -0.5199 0.7416 0.4239
vn 0.8785 0.0858 -0.4700
vn 0.8982 -0.0687 -0.4343
vn 0.3213 -0.9159 -0.2405
vn -0.0215 -0.2514 0.9676
vn 0.1121 -0.9547 0.2758
vn -0.3048 0.5956 -0.7432
vn 0.2506 -0.0570 0.9664
vn 0.2021 -0.2170 0.9550
vn 0.0980 -0.9682 0.2301
vn -0.6980 -0.0489 0.7144
vn -0.0993 0.9782 0.1822
vn -0.1030 0.9902 0.0938
vn -0.5330 -0.1882 -0.8249
vn -0.3444 -0.9375 -0.0495
vn -0.9939 -0.0745 0.0819
vn -0.4430 -0.8728 0.2049
vn -0.0821 0.9946 -0.0629
vn 0.9385 0.3179 0.1346
vn -0.1117 -0.9633 -0.2439
vn -0.2747 0.0133 -0.9614
vn -0.0624 0.9909 -0.1195
vn 0.0255 0.7163 0.6973
vn 0.0100 0.9959 -0.0895
vn 0.2181 -0.1852 0.9582
vn 0.8825 -0.0174 -0.4699
vn 0.7053 -0.1993 -0.6804
vn 0.4273 0.0990 0.8987
vn 0.8562 -0.2209 -0.4671
vn 0.0896 -0.0284 -0.9956
vn 0.9779 -0.0989 -0.1842
vn 0.7293 0.3138 -0.6080
vn -0.8906 0.2263 -0.3945
vn -0.2109 0.5072 0.8356
vn 0.3000 0.5043 0.8097
vn 0.7209 0.5368 0.4384
vn 0.7854 0.4970 -0.3689
vn 0.4401 0.5143 -0.7360
vn -0.1489 0.4230 -0.8938
vn -0.8920 0.3413 -0.2965
vn -0.9368 0.3454 0.0562
vn -0.8491 0.3601 0.3865
vn -0.6273 0.3584 0.6914
vn -0.4483 0.3871 0.8057
vn 0.7325 0.4189 0.5366
vn 0.8949 0.4414 0.0656
vn 0.4032 0.3980 -0.8240
vn -0.0000 0.3714 -0.9285
vn -0.4151 0.3645 -0.8336
vn -0.6986 0.3532 -0.6222
vn 0.8165 0.3495 -0.4596
vn 0.8282 0.5384 -0.1556
vn -0.7308 0.4297 -0.5304
vn -0.9107 0.2898 -0.2943
vn 0.7660 0.4138 -0.4919
vn 0.8950 0.4291 -0.1216
vn 0.7487 0.3759 0.5461
vn 0.2048 0.3877 0.8988
vn -0.3097 0.3739 0.8742
vn -0.6460 0.2864 0.7076
vn -0.7916 0.4121 0.4511
vn -0.3024 -0.1895 0.9341
vn 0.1753 -0.0047 0.9845
vn -0.9028 -0.2275 -0.3649
vn -0.9186 -0.0962 -0.3833
vn 0.3583 -0.1685 -0.9183
vn 0.7839 0.0238 -0.6204
vn 0.7682 -0.3395 -0.5428
vn 0.2457 -0.5969 -0.7638
vn 0.1321 -0.4903 -0.8615
vn -0.1498 -0.6626 -0.7339
vn -0.3342 -0.8702 -0.3619
vn -0.5996 -0.7645 -0.2366
vn -0.4830 -0.8280 0.2847
vn -0.4711 -0.5964 0.6499
vn -0.3015 -0.6944 -0.6534
vn 0.9207 -0.3797 -0.0901
vn -0.6826 -0.2610 -0.6826
vn -0.7229 -0.4248 -0.5449
vn -0.8902 -0.4202 -0.1758
vn -0.9213 -0.3889 0.0031
vn -0.8033 -0.4436 0.3975
vn -0.6522 -0.3873 0.6516
vn -0.4471 -0.4267 0.7861
vn 0.6292 -0.3263 0.7055
vn -0.5158 -0.8567 -0.0060
vn 0.6153 -0.7708 -0.1653
vn 0.7381 -0.3624 0.5692
vn -0.4205 -0.4331 0.7973
vn -0.4258 -0.4348 0.7935
vn -0.8786 -0.4258 0.2162
vn -0.5005 -0.4138 -0.7604
vn -0.1653 -0.3993 -0.9018
vn 0.7535 -0.3639 -0.5475
vn 0.9009 -0.3517 -0.2544
vn 0.9293 -0.3476 0.1248
vn -0.1868 -0.7919 -0.5813
vn -0.1844 -0.9820 0.0417
vn -0.2760 -0.0540 -0.9596
vn -0.0545 -0.8630 -0.5023
vn 0.6127 -0.0433 -0.7891
vn 0.3805 -0.9170 -0.1197
vn 0.8543 0.2382 -0.4619
vn 0.7557 -0.5460 0.3617
vn 0.4778 -0.4260 0.7683
vn -0.2207 0.0599 0.9735
vn -0.5878 -0.1822 0.7882
vn 0.3295 -0.0830 0.9405
vn -0.0213 -0.9127 0.4081
vn -0.2352 -0.9321 0.2755
vn -0.7209 -0.3028 0.6234
vn -0.2365 -0.8090 0.5381
vn -0.2257 -0.9738 0.0264
vn -0.4178 -0.8999 0.1247
vn -0.8191 -0.3117 -0.4815
vn -0.8472 -0.2183 -0.4844
vn -0.8321 -0.4864 -0.2664
vn 0.1249 -0.4576 -0.8803
vn 0.4986 -0.4762 0.7243
vn -0.7759 -0.4695 -0.4214
vn -0.8410 0.2176 -0.4953
vn -0.2189 0.2533 -0.9423
vn 0.4175 0.2989 -0.8581
vn 0.7857 0.3261 -0.5257
vn 0.9427 0.3234 0.0826
vn 0.6057 0.3031 0.7357
vn -0.0024 0.2824 0.9593
vn -0.5053 0.2530 0.8251
vn -0.9363 0.2140 0.2784
vn -0.8332 0.5487 0.0682
vn -0.2713 0.5550 0.7863
vn 0.1588 0.5803 0.7988
vn 0.4974 0.5827 0.6427
vn 0.3962 0.6280 0.6698
vn 0.8842 0.4416 0.1520
vn 0.7045 0.5684 -0.4251
vn 0.3714 0.5554 -0.7440
vn -0.1520 0.4669 -0.8711
vn -0.3706 0.5798 -0.7256
vn 0.9103 0.3979 0.1139
vn -0.8764 0.3735 0.3040
vn 0.5258 0.4377 0.7293
vn 0.5686 0.4286 0.7022
vn 0.8934 0.4298 0.1306
vn 0.4362 0.4077 -0.8022
vn -0.2096 0.3954 -0.8943
vn -0.7924 0.3715 -0.4839
vn -0.0277 0.5152 -0.8567
vn -0.8967 0.4421 -0.0220
vn -0.0037 0.4988 -0.8667
vn 0.7614 0.4153 -0.4977
vn -0.0226 0.4127 0.9106
vn -0.3640 0.4566 0.8118
vn 0.7072 -0.1093 0.6985
vn -0.0605 -0.1631 0.9848
vn -0.6633 -0.1768 0.7272
vn -0.9803 -0.1972 0.0144
vn -0.7591 -0.1987 -0.6200
vn 0.0471 -0.1604 -0.9859
vn 0.7175 -0.1271 -0.6848
vn 0.9959 -0.0899 -0.0084
vn 0.6170 -0.7685 -0.1695
vn 0.7680 -0.5979 -0.2293
vn 0.5995 -0.7815 -0.1727
vn 0.0493 -0.8836 -0.4656
vn 0.0597 -0.8774 -0.4760
vn -0.1276 -0.7784 -0.6146
vn -0.4563 -0.5744 -0.6796
vn -0.7426 -0.6565 -0.1326
vn -0.5073 -0.7901 0.3441
vn -0.7077 -0.5712 0.4158
vn -0.5590 -0.6588 0.5035
vn -0.1827 -0.8541 0.4869
vn 0.4804 -0.7868 0.3876
vn 0.6026 -0.3628 -0.7109
vn -0.9185 -0.3262 0.2236
vn -0.0033 -0.2184 0.9759
vn 0.4243 -0.3742 0.8246
vn 0.8980 -0.2851 0.3351
vn -0.2517 -0.6818 0.6868
vn 0.5480 -0.7572 0.3555
vn 0.0492 -0.6308 0.7744
vn 0.7966 -0.5787 0.1748
vn 0.1705 -0.4922 0.8536
vn -0.0215 -0.3700 0.9288
vn -0.7097 -0.4063 0.5755
vn -0.7749 -0.4410 -0.4529
vn -0.0621 -0.4074 -0.9111
vn 0.2874 -0.3774 -0.8803
vn 0.4373 -0.3865 -0.8120
vn 0.9241 -0.3364 -0.1811
vn 0.5020 -0.5942 -0.6284
vn -0.7662 0.0635 -0.6395
vn -0.7368 -0.1098 -0.6671
vn -0.3495 -0.9124 -0.2131
vn -0.0382 -0.9743 -0.2220
vn 0.3378 -0.7127 -0.6148
vn 0.0282 -0.8854 -0.4640
vn 0.7813 -0.1379 -0.6088
vn 0.5046 -0.3233 0.8005
vn 0.9945 -0.0136 0.1035
vn 0.9903 -0.0667 0.1222
vn 0.6039 -0.7960 0.0412
vn 0.1290 -0.9869 0.0965
vn 0.3135 -0.8886 0.3349
vn -0.6756 -0.2085 0.7072
vn -0.0284 -0.9430 0.3315
vn 0.3384 -0.1265 0.9324
vn 0.3418 -0.1158 0.9326
vn 0.9791 0.0307 -0.2012
vn 0.8192 -0.0637 -0.5700
vn -0.8428 0.0102 -0.5381
vn -0.8843 -0.3365 -0.3235
vn -0.0654 -0.2598 -0.9635
vn -0.9523 -0.0364 0.3031
vn -0.5637 -0.0830 -0.8218
vn -0.0002 -0.1216 0.9926
vn 0.2380 -0.3426 0.9088
vn -0.9692 -0.1243 0.2128
vn 0.5868 0.5124 0.6269
vn 0.5869 0.5125 0.6268
vn 0.5869 0.5126 0.6267
vn 0.5869 0.5125 0.6269
vn -0.2627 0.7092 0.6543
vn -0.2626 0.7092 0.6543
vn 0.7220 0.6919 -0.0104
vn 0.7219 0.6919 -0.0104
vn 0.6381 0.7016 -0.3171
vn 0.6381 0.7017 -0.3170
vn 0.6381 0.7017 -0.3171
vn 0.0214 0.6875 -0.7258
vn 0.0214 0.6875 -0.7259
vn -0.7021 0.6950 -0.1551
vn -0.7021 0.6950 -0.1550
vn -0.2263 0.6311 -0.7419
vn -0.2263 0.6311 -0.7420
vn -0.2264 0.6311 -0.7419
vn -0.6165 -0.7844 0.0688
vn -0.6165 -0.7843 0.0687
vn 0.7457 -0.6455 0.1652
vn 0.7459 -0.6453 0.1648
vn 0.6720 -0.4080 -0.6181
vn 0.6720 -0.4080 -0.6180
vn 0.6722 -0.4080 -0.6178
vn 0.0251 -0.0516 -0.9984
vn 0.0251 -0.0515 -0.9984
vn 0.1725 -0.0977 0.9802
vn 0.1725 -0.0976 0.9802
vn 0.0259 0.9118 0.4099
vn -0.7108 -0.1406 0.6892
vn -0.7108 -0.1407 0.6892
vn 0.3485 -0.3485 -0.8701
vn 0.3486 -0.3485 -0.8701
vn -0.2113 -0.5269 0.8232
vn -0.2114 -0.5269 0.8232
vn 0.8243 0.5029 0.2599
vn -0.8660 -0.1299 0.4829
vn -0.4817 0.6821 0.5502
vn -0.4817 0.6821 0.5501
vn 0.7579 0.5603 0.3342
vn 0.7579 0.5603 0.3341
vn 0.7565 -0.4599 0.4650
vn 0.7565 -0.4600 0.4649
vn 0.7565 -0.4599 0.4649
vn 0.8102 -0.1355 0.5703
vn 0.8102 -0.1356 0.5702
vn 0.3165 -0.8515 0.4181
vn -0.0127 -0.8253 -0.5645
vn -0.4233 -0.6217 0.6590
vn -0.4234 -0.6217 0.6590
vn 0.7986 -0.5791 0.1641
vn 0.7985 -0.5792 0.1640
vn -0.7883 -0.5035 0.3537
vn -0.7883 -0.5035 0.3536
vn 0.9678 -0.0621 -0.2439
vn 0.9678 -0.0622 -0.2439
vn 0.4389 -0.3855 0.8116
vn 0.4389 -0.3856 0.8116
vn 0.0278 -0.9962 0.0827
vn 0.0278 -0.9962 0.0826
vn 0.0277 -0.9962 0.0826
vn -0.9332 -0.3511 -0.0767
vn -0.9332 -0.3511 -0.0768
vn -0.3106 -0.1725 -0.9348
vn -0.3106 -0.1724 -0.9348
vn 0.3383 -0.0555 -0.9394
vn 0.0573 -0.9788 -0.1965
vn -0.2568 -0.0534 0.9650
vn -0.2568 -0.0533 0.9650
vn -0.9117 0.3835 -0.1472
vn -0.9117 0.3835 -0.1473
vn 0.0521 0.5788 0.8138
vn 0.5104 0.5142 0.6892
vn 0.5105 0.5142 0.6892
vn -0.9560 0.0045 -0.2932
vn -0.5098 -0.6594 -0.5525
vn 0.6516 -0.6509 -0.3897
vn 0.6516 -0.6508 -0.3896
vn 0.6516 -0.6509 -0.3896
vn -0.1150 -0.9442 0.3087
vn -0.1167 -0.9444 0.3073
vn -0.0675 0.9915 -0.1114
vn -0.0676 0.9915 -0.1114
vn -0.6986 -0.6233 -0.3513
vn -0.6986 -0.6234 -0.3513
vn 0.3294 -0.1283 -0.9354
vn 0.0217 -0.9855 -0.1684
vn 0.0217 -0.9855 -0.1685
vn 0.7694 -0.0189 -0.6385
vn 0.7694 -0.0188 -0.6385
vn 0.1422 -0.9720 -0.1873
vn -0.6289 0.0026 0.7775
vn 0.3065 -0.4123 -0.8579
vn 0.3065 -0.4123 -0.8580
vn -0.7880 0.5799 0.2070
vn -0.7879 0.5800 0.2069
vn -0.3860 0.5655 0.7289
vn -0.3858 0.5656 0.7289
vn -0.3859 0.5655 0.7289
vn 0.2090 0.5480 0.8099
vn 0.2089 0.5480 0.8100
vn 0.2090 0.5480 0.8100
vn 0.4996 0.5628 0.6585
vn 0.7279 0.5922 -0.3456
vn 0.7279 0.5922 -0.3455
vn 0.6211 0.3850 0.6826
vn 0.6212 0.3851 0.6825
vn -0.7599 -0.0222 0.6497
vn 0.8845 -0.1272 0.4490
vn 0.8844 -0.1272 0.4490
vn 0.7053 -0.6982 -0.1225
vn 0.7052 -0.6983 -0.1226
vn 0.7053 -0.6983 -0.1225
vn -0.1621 -0.5735 -0.8030
vn -0.1622 -0.5735 -0.8030
vn 0.2106 -0.6332 -0.7447
vn 0.2106 -0.6333 -0.7447
vn 0.0693 0.9970 -0.0350
vn 0.0756 0.9938 0.0811
vn 0.6363 -0.0531 0.7696
vn 0.6363 -0.0530 0.7696
vn 0.1202 -0.9860 -0.1154
vn 0.1202 -0.9860 -0.1155
vn 0.0166 0.9920 0.1252
vn 0.0166 0.9920 0.1251
vn -0.3683 -0.1246 0.9213
vn -0.3683 -0.1247 0.9213
vn -0.7000 -0.0545 -0.7121
vn 0.1560 0.5841 -0.7966
vn 0.1562 0.5839 -0.7966
vn 0.1035 -0.9789 -0.1761
vn 0.1035 -0.9789 -0.1760
vn 0.3427 -0.2743 0.8985
vn 0.3428 -0.2743 0.8985
vn -0.3595 -0.4317 -0.8273
vn -0.8201 0.5041 0.2708
vn -0.8201 0.5041 0.2707
vn -0.8201 0.5040 0.2708
vn 0.8242 0.5567 0.1037
vn 0.8242 0.5568 0.1038
vn -0.6327 0.5252 -0.5691
vn -0.6326 0.5252 -0.5692
vn -0.6324 0.5253 -0.5692
vn -0.6325 0.5253 -0.5692
vn 0.0183 0.5218 -0.8529
vn -0.6940 -0.6600 -0.2877
vn -0.6940 -0.6599 -0.2878
vn 0.2006 -0.8372 0.5088
vn 0.2005 -0.8372 0.5088
vn 0.3237 -0.5474 0.7717
vn 0.5968 -0.6347 0.4909
vn -0.7726 -0.6289 0.0868
vn 0.9476 -0.2331 -0.2186
vn 0.9475 -0.2331 -0.2187
vn 0.4801 -0.1610 -0.8623
vn 0.4801 -0.1609 -0.8623
vn 0.1767 -0.9635 -0.2013
vn 0.1767 -0.9635 -0.2012
vn 0.8226 -0.0657 0.5648
vn 0.8227 -0.0656 0.5647
vn 0.1877 -0.9504 0.2481
vn 0.1877 -0.9504 0.2480
vn -0.3186 -0.0591 0.9460
vn -0.9655 -0.0441 0.2566
vn -0.9655 -0.0446 0.2567
vn -0.9655 -0.0445 0.2567
vn -0.9655 -0.0443 0.2566
vn 0.7171 -0.2782 -0.6391
vn 0.7171 -0.2778 -0.6392
vn 0.2791 -0.6711 -0.6868
vn 0.9724 -0.0454 -0.2287
vn -0.4183 -0.4995 0.7586
vn -0.4182 -0.4996 0.7586
vn -0.4183 -0.4996 0.7586
vt 0.912630 0.066005
vt 0.846392 0.043142
vt 0.825891 0.181564
vt 0.756173 0.023585
vt 0.748773 0.194193
vt 0.687573 0.065104
vt 0.683959 0.199986
vt 0.612680 0.183205
vt 0.279694 0.053611
vt 0.177022 0.045239
vt 0.188643 0.237910
vt 0.098739 0.035816
vt 0.018838 0.029777
vt 0.094571 0.194242
vt 0.136190 0.443161
vt 0.047981 0.432117
vt 0.297705 0.207254
vt 0.225426 0.450716
vt 0.311161 0.436683
vt 0.381786 0.198372
vt 0.408512 0.445586
vt 0.891425 0.444731
vt 0.804884 0.393802
vt 0.820469 0.470118
vt 0.001687 0.248785
vt 0.485329 0.041822
vt 0.446770 0.197695
vt 0.517800 0.217743
vt 0.598833 0.037167
vt 0.608586 0.324315
vt 0.906071 0.218892
vt 0.973390 0.197959
vt 0.969814 0.151416
vt 0.892219 0.012632
vt 0.976499 0.062500
vt 0.980166 0.000000
vt 0.874754 0.185904
vt 0.817887 0.077905
vt 0.718894 0.069989
vt 0.755117 0.000000
vt 0.592664 0.077167
vt 0.614665 0.000000
vt 0.496042 0.075302
vt 0.468959 0.000000
vt 0.376953 0.074050
vt 0.328056 0.000000
vt 0.226188 0.157133
vt 0.242273 0.062500
vt 0.117032 0.062500
vt 0.050032 0.000000
vt 0.203063 0.000000
vt 0.084508 0.157220
vt 0.019452 0.062500
vt 0.000168 0.151184
vt 0.041562 0.489411
vt 0.001820 0.261037
vt 0.086166 0.326520
vt 0.191239 0.277839
vt 0.176214 0.468117
vt 0.223366 0.476940
vt 0.219785 0.366778
vt 0.259400 0.309112
vt 0.311095 0.491825
vt 0.327082 0.231356
vt 0.359067 0.434182
vt 0.436729 0.252607
vt 0.413619 0.477611
vt 0.443939 0.488162
vt 0.524126 0.364704
vt 0.551352 0.483052
vt 0.596198 0.346046
vt 0.623563 0.231040
vt 0.710234 0.315126
vt 0.427751 0.160765
vt 0.682597 0.153469
vt 0.779916 0.237078
vt 0.973356 0.027588
vt 1.000000 -0.000000
vt 0.906855 0.002556
vt 0.887504 0.491669
vt 0.817691 0.498785
vt 0.960252 0.489507
vt 0.684171 0.480213
vt 0.610264 0.487118
vt 0.706433 0.460778
vt 0.590885 0.380113
vt 0.435482 0.302201
vt 0.450750 0.447809
vt 0.310400 0.477639
vt 0.411880 0.486254
vt 0.390194 0.023118
vt 0.344008 0.002604
vt 0.226720 0.472122
vt 0.176489 0.445338
vt 0.120825 0.002449
vt 0.055084 0.487157
vt 0.136116 0.489802
vt 0.781655 0.298212
vt 0.758804 0.477553
vt 0.798596 0.449764
vt 0.814183 0.358857
vt 0.216910 0.457687
vt 0.218750 0.470680
vt 0.612581 0.452323
vt 0.683365 0.431910
vt 0.000000 0.125000
vt 0.754731 0.441287
vt 0.557584 0.429275
vt 1.000000 0.245470
vt 0.963052 0.417914
vt 0.907217 0.338358
vt 0.996297 0.255364
vt 0.517713 0.231345
vt 0.959718 0.466582
vt 0.739996 0.002604
vt 0.756218 0.484315
vt 0.552781 0.002604
vt 0.506452 0.441225
vt 0.497152 0.484475
vt 0.630015 0.044583
vt 0.662668 0.205089
vt 0.729348 0.038306
vt 0.566831 0.185030
vt 0.515594 0.026992
vt 0.492897 0.192179
vt 0.169136 0.169747
vt 0.163902 0.031267
vt 0.076030 0.073062
vt 0.030061 0.030547
vt 0.138348 0.333509
vt 0.063566 0.219514
vt 0.050677 0.436468
vt 0.412191 0.445109
vt 0.335845 0.220366
vt 0.307848 0.433307
vt 0.501371 0.441722
vt 0.434083 0.251609
vt 0.448374 0.450981
vt 0.593776 0.373526
vt 0.683670 0.433818
vt 0.754285 0.440282
vt 0.985703 0.232275
vt 0.887551 0.442697
vt 0.961573 0.422891
vt 0.003179 0.247867
vt 0.216827 0.431065
vt 0.234040 0.066931
vt 0.264084 0.215809
vt 0.301444 0.030600
vt 0.409571 0.044443
vt 0.781142 0.204652
vt 0.827683 0.034906
vt 0.883958 0.201129
vt 0.917933 0.027022
vt 0.557500 0.429646
vt 0.044761 0.473321
vt 0.910667 0.012727
vt 0.992740 -0.000000
vt 0.992734 0.078877
vt 0.875604 0.144020
vt 0.646040 0.074448
vt 0.602295 0.000000
vt 0.759314 0.005119
vt 0.137529 0.152009
vt 0.242380 0.062500
vt 0.257517 0.156503
vt 0.113315 0.062500
vt 0.214224 0.000000
vt 0.046947 0.000000
vt 0.020870 0.078877
vt 0.044328 0.499654
vt 0.006266 0.269714
vt 0.109196 0.333822
vt 0.298513 0.479754
vt 0.292772 0.327240
vt 0.362054 0.335561
vt 0.444068 0.478423
vt 0.436555 0.286130
vt 0.501708 0.229242
vt 0.685275 0.336342
vt 0.783929 0.261406
vt 0.759233 0.479938
vt 0.814086 0.498928
vt 0.886941 0.342074
vt 0.957412 0.488700
vt 0.934188 0.230699
vt 0.997667 0.252929
vt 0.413329 0.482129
vt 0.031382 0.188771
vt 0.200461 0.329771
vt 0.346745 0.158865
vt 0.593972 0.233682
vt 0.471278 0.091540
vt 0.679373 0.156505
vt 0.746787 0.076206
vt 0.997292 0.187664
vt 0.516320 0.462017
vt 0.594627 0.344609
vt 0.556120 0.476968
vt 0.811485 0.385014
vt 0.798543 0.448465
vt 0.891820 0.491418
vt 0.958656 0.468080
vt 0.954941 0.002178
vt 0.837955 0.002604
vt 0.820253 0.469332
vt 0.673890 0.002604
vt 0.714567 0.458007
vt 0.757704 0.486202
vt 0.456511 0.002604
vt 0.511682 0.025764
vt 0.497609 0.484388
vt 0.311008 0.477610
vt 0.411668 0.486706
vt 0.363260 0.459301
vt 0.264885 0.002604
vt 0.374770 0.000000
vt 0.227658 0.463260
vt 0.209897 0.483003
vt 0.133200 0.002604
vt 0.143550 0.485791
vt 0.123726 0.485151
vt 0.018456 0.001195
vt 0.781549 0.300036
vt 0.804160 0.391579
vt 1.000132 0.249010
vt 0.000000 0.250000
vt 0.144119 0.451426
vt 0.612610 0.452313
vt 0.984778 0.025885
vt 0.372035 0.081599
vt 0.684187 0.480213
vt 0.611785 0.481874
vt 0.943571 0.019474
vt 0.862567 0.069575
vt 0.932343 0.199643
vt 0.626179 0.050482
vt 0.601984 0.183016
vt 0.694684 0.204749
vt 0.215539 0.191462
vt 0.177986 0.030343
vt 0.124218 0.068384
vt 0.138793 0.441082
vt 0.089418 0.318140
vt 0.046188 0.438612
vt 0.154078 0.219764
vt 0.208330 0.429208
vt 0.281069 0.309697
vt 0.254474 0.348892
vt 0.317269 0.430696
vt 0.327220 0.220127
vt 0.410379 0.445265
vt 0.502941 0.441261
vt 0.433686 0.234007
vt 0.447464 0.446614
vt 0.594241 0.373446
vt 0.611690 0.474526
vt 0.678324 0.428845
vt 0.557403 0.426621
vt 0.889581 0.445746
vt 0.963134 0.418227
vt 0.412297 0.481782
vt 0.075268 0.174829
vt 0.046944 0.042724
vt 0.000376 0.244103
vt 0.390240 0.034469
vt 0.524811 0.038989
vt 0.508585 0.212941
vt 0.726686 0.024572
vt 0.782613 0.250781
vt 0.868448 0.217064
vt 0.878972 0.156321
vt 0.977586 0.062500
vt 0.991659 0.161053
vt 0.748510 0.081509
vt 0.865960 0.062500
vt 0.682952 0.147153
vt 0.632924 0.077612
vt 0.609277 0.000000
vt 0.741015 0.000000
vt 0.523446 0.075434
vt 0.422308 0.159122
vt 0.298144 0.074197
vt 0.467847 0.010005
vt 0.143788 0.018870
vt 0.299419 0.000000
vt 0.146863 0.152338
vt 0.031308 0.062500
vt 0.018905 -0.000000
vt 0.044141 0.499714
vt 0.002879 0.264584
vt 0.071115 0.309135
vt 0.210656 0.483299
vt 0.148771 0.337554
vt 0.252665 0.332554
vt 0.313869 0.232221
vt 0.343575 0.407253
vt 0.313197 0.487773
vt 0.436496 0.281158
vt 0.444397 0.480336
vt 0.530268 0.227447
vt 0.523442 0.368758
vt 0.551568 0.479648
vt 0.696217 0.363075
vt 0.627474 0.266582
vt 0.724495 0.230532
vt 0.894674 0.480313
vt 0.899867 0.269069
vt 0.997533 0.253317
vt 0.014682 0.161220
vt 0.217888 0.231153
vt 0.782795 0.278533
vt 0.759462 0.484260
vt 0.592999 0.341640
vt 0.891218 0.491225
vt 0.961680 0.488555
vt 0.960736 0.001778
vt 0.799444 0.002604
vt 0.883670 0.000000
vt 0.821083 0.470324
vt 0.814878 0.498410
vt 0.810281 0.378228
vt 0.757847 0.446895
vt 0.717332 0.451264
vt 0.656358 0.002604
vt 0.520186 0.002604
vt 0.498385 0.484587
vt 0.382274 0.002604
vt 0.313134 0.465940
vt 0.236855 0.002604
vt 0.084364 0.002604
vt 0.045275 0.478648
vt 0.992225 0.076406
vt 0.811911 0.042177
vt 0.285116 0.042585
vt 0.804077 0.392629
vt 0.997417 0.245614
vt 0.122233 0.483890
vt 0.413658 0.477794
vt 0.607871 0.499882
vt 0.798945 0.447309
vt 0.960194 0.466182
vt 0.977143 0.000000
vt 0.684167 0.480154
vt 0.208303 0.467539
vt 0.000000 0.000000
vt 0.007560 0.001050
vt 0.982842 0.017484
vt 0.969265 0.195694
vt 1.000000 0.169341
vt 0.498450 0.044042
vt 0.417788 0.029313
vt 0.487011 0.212344
vt 0.226104 0.022595
vt 0.184942 0.188023
vt 0.277940 0.169508
vt 0.111190 0.240386
vt 0.216643 0.423671
vt 0.448068 0.450431
vt 0.498208 0.441244
vt 0.629142 0.200036
vt 0.591994 0.374740
vt 0.613015 0.451523
vt 0.891326 0.444205
vt 0.807344 0.389438
vt 0.820062 0.469796
vt 0.413429 0.479587
vt 0.431727 0.290237
vt 0.411363 0.450686
vt 0.118003 0.048844
vt 0.034242 0.189913
vt 0.285306 0.408866
vt 0.329807 0.421730
vt 0.360901 0.220799
vt 0.323582 0.050529
vt 0.563460 0.216272
vt 0.891837 0.216389
vt 0.836194 0.072854
vt 0.778708 0.215231
vt 1.000000 0.250000
vt 0.558026 0.430313
vt 0.000399 0.252415
vt 0.046656 0.438690
vt 0.988099 0.157315
vt 0.898339 0.062500
vt 0.992204 0.062500
vt 0.776179 0.076539
vt 0.732551 0.017546
vt 0.884821 0.000000
vt 0.689256 0.198452
vt 0.593242 0.074252
vt 0.649906 0.000000
vt 0.495280 0.000000
vt 0.356443 0.076004
vt 0.340470 0.000000
vt 0.068898 0.062500
vt 0.216010 0.000000
vt 0.233187 0.077609
vt 0.073209 0.159189
vt 0.163107 0.156519
vt 0.007780 0.157059
vt 0.040069 0.487740
vt 0.006425 0.269588
vt 0.103472 0.325475
vt 0.102010 0.465235
vt 0.203701 0.347096
vt 0.226904 0.468391
vt 0.308934 0.235262
vt 0.346354 0.399379
vt 0.309084 0.489521
vt 0.434548 0.241468
vt 0.523037 0.236342
vt 0.526111 0.365194
vt 0.683394 0.496550
vt 0.595776 0.347976
vt 0.709540 0.418432
vt 0.816613 0.498578
vt 0.810308 0.377206
vt 0.873017 0.339097
vt 0.960269 0.489507
vt 0.959072 0.335633
vt 0.486508 0.076086
vt 0.777112 0.242595
vt 0.555655 0.482064
vt 0.974356 0.001975
vt 0.840483 0.002604
vt 0.888094 0.491699
vt 0.905556 0.044322
vt 0.784591 0.038680
vt 0.693176 0.002604
vt 0.550614 0.002604
vt 0.609536 0.484766
vt 0.499261 0.483735
vt 0.445056 0.495938
vt 0.397978 0.002604
vt 0.304281 0.475632
vt 0.272076 0.002604
vt 0.212335 0.471572
vt 0.142838 0.002604
vt 0.139174 0.442902
vt 0.137170 0.490700
vt 0.055652 0.486732
vt 0.024469 0.001379
vt 0.020970 0.018363
vt 0.055044 0.000000
vt 0.781657 0.298403
vt 0.758672 0.474236
vt 0.798469 0.450031
vt 0.693462 0.029974
vt 0.599420 0.030866
vt 0.688858 0.222822
vt 0.755208 0.442862
vt 0.963052 0.417913
vt 0.887291 0.156712
vt 0.616694 0.235676
vt 0.997845 0.251141
vt 0.992788 -0.000000
vt 0.959726 0.466577
vt 0.756324 0.484704
vt 0.684746 0.436661
vt 0.684520 0.480132
vt 0.414097 0.476360
vt 0.596775 0.086229
vt 0.570702 0.043335
vt 0.562526 -0.000267
vt 0.032207 0.079764
vt 0.062533 0.000173
vt 0.059250 0.035559
vt 0.292402 0.258311
vt 0.226139 0.408992
vt 0.313873 0.434417
vt 0.412685 0.447078
vt 0.369697 0.248509
vt 0.484349 0.252137
vt 0.448976 0.435208
vt 0.498631 0.444391
vt 0.607647 0.286537
vt 0.606050 0.460410
vt 0.674778 0.441319
vt 0.755131 0.444680
vt 0.691188 0.259760
vt 0.889239 0.449457
vt 0.811262 0.390780
vt 0.820425 0.470275
vt 0.000000 0.160559
vt 0.028536 0.238041
vt 0.081841 0.242610
vt 0.159797 0.082394
vt 0.147886 0.254524
vt 0.214396 0.252118
vt 0.255382 0.084108
vt 0.471014 0.081523
vt 0.416654 0.255837
vt 0.559722 0.255762
vt 0.761593 0.257289
vt 0.778162 0.077682
vt 0.841644 0.259951
vt 0.909477 0.261355
vt 0.902149 0.077967
vt 0.968055 0.256696
vt 0.590863 0.380270
vt 0.556355 0.433529
vt 0.000406 0.252463
vt 0.046775 0.438674
vt 0.996632 0.205279
vt 0.435284 0.304999
vt 0.337550 0.084219
vt 0.187902 0.301340
vt 0.752264 0.072872
vt 0.721687 0.044600
vt 0.730792 0.035559
vt 0.718750 -0.000000
vt 0.486938 0.073125
vt 0.471778 0.044381
vt 0.480974 0.035559
vt 0.468750 -0.000000
vt 0.236351 0.084275
vt 0.222128 0.044495
vt 0.231220 0.035559
vt 0.218750 -0.000000
vt 0.062819 0.365932
vt 0.134954 0.261658
vt 0.184060 0.259600
vt 0.225558 0.351596
vt 0.220626 0.257506
vt 0.293676 0.260449
vt 0.343323 0.364811
vt 0.368872 0.260726
vt 0.363353 0.459189
vt 0.414108 0.486468
vt 0.444146 0.485815
vt 0.524416 0.366391
vt 0.547089 0.495345
vt 0.607514 0.499888
vt 0.595994 0.348247
vt 0.679191 0.365770
vt 0.711491 0.273121
vt 0.760473 0.476227
vt 0.436696 0.244837
vt 0.061395 0.115632
vt 0.019280 0.073289
vt 0.120100 0.083357
vt 0.491742 0.116253
vt 0.354375 0.089198
vt 0.496771 0.259935
vt 0.554434 0.260231
vt 0.621240 0.072971
vt 0.623194 0.262939
vt 0.679348 0.142767
vt 0.755524 0.198867
vt 0.860789 0.082808
vt 0.840253 0.258211
vt 0.965733 0.080719
vt 0.001054 0.253305
vt 0.041554 0.489183
vt 0.995422 0.247416
vt 0.905065 0.261090
vt 0.989157 0.121684
vt 0.782802 0.280777
vt 0.055522 0.258589
vt 0.221886 0.457621
vt 0.959508 0.466826
vt 0.897906 0.494323
vt 0.966341 0.466223
vt 0.887516 0.491665
vt 0.814302 0.498765
vt 0.721159 0.450249
vt 0.757750 0.485933
vt 0.618249 0.491121
vt 0.446930 0.463316
vt 0.360155 0.457717
vt 0.411866 0.486312
vt 0.238125 0.449656
vt 0.302931 0.483788
vt 0.308948 0.478261
vt 0.054956 0.487196
vt 0.143973 0.496852
vt 0.139939 0.483063
vt 0.785174 0.277819
vt 0.798795 0.447906
vt 0.815564 0.360756
vt 0.985264 0.074506
vt 0.969372 0.039117
vt 0.845926 0.039437
vt 0.686517 0.080983
vt 0.720961 0.039442
vt 0.658292 0.039297
vt 0.532642 0.038778
vt 0.407009 0.038269
vt 0.281856 0.038119
vt 0.219480 0.038209
vt 0.094979 0.038625
vt 0.961498 0.424116
vt 0.140316 0.440904
vt 0.916551 0.037472
vt 0.792338 0.036540
vt 0.666544 0.037283
vt 0.539290 0.039519
vt 0.411811 0.042031
vt 0.285519 0.043507
vt 0.160834 0.043377
vt 0.038440 0.040749
vt 0.692358 0.478555
vt 0.906373 0.373752
vt 0.684174 0.480201
vt 0.555225 0.471919
vt 0.497096 0.484458
vt 0.799216 0.406586
vt 0.218465 0.457606
vt 0.609284 0.494773
vt 0.132228 0.486499
s 0
usemtl Material.006
f 1/1/1 2/2/1 3/3/1
f 4/3/2 5/4/2 6/5/2
f 7/5/3 8/6/3 9/7/3
f 10/7/4 11/6/4 12/8/4
f 13/9/5 14/10/5 15/11/5
s 1
f 16/12/6 17/13/6 18/14/6
s 0
f 19/15/7 20/14/7 21/16/7
f 22/17/8 23/18/8 24/19/8
f 25/20/9 26/19/9 27/21/9
s 1
f 28/20/10 29/17/10 30/19/10
s 0
f 31/22/11 32/23/11 33/24/11
f 34/23/12 35/22/12 36/3/12
f 37/13/13 38/25/13 39/14/13
f 40/11/14 41/10/14 42/14/14
f 43/17/15 44/9/15 45/11/15
f 46/26/16 47/27/16 48/28/16
f 49/8/17 50/29/17 51/28/17
f 52/7/18 53/8/18 54/30/18
f 55/1/19 56/3/19 57/31/19
f 58/1/20 59/31/20 60/32/20
f 61/33/21 62/34/21 63/35/21
f 64/35/22 65/34/22 66/36/22
f 67/37/23 68/34/23 69/33/23
f 70/37/24 71/38/24 72/34/24
f 73/39/25 74/40/25 75/38/25
f 76/41/26 77/42/26 78/39/26
s 1
f 79/43/27 80/44/27 81/41/27
s 0
f 82/45/28 83/44/28 84/43/28
f 85/45/29 86/46/29 87/44/29
f 88/47/30 89/48/30 90/45/30
f 91/47/31 92/49/31 93/48/31
f 94/49/32 95/50/32 96/51/32
f 97/52/33 98/53/33 99/49/33
f 100/54/34 101/53/34 102/52/34
f 103/55/35 104/56/35 105/57/35
f 106/57/36 107/58/36 108/59/36
f 109/60/37 110/61/37 111/62/37
f 112/60/38 113/62/38 114/63/38
f 115/62/39 116/64/39 117/65/39
f 118/65/40 119/66/40 120/67/40
f 121/68/41 122/69/41 123/70/41
f 124/71/42 125/72/42 126/73/42
f 127/57/43 128/52/43 129/58/43
f 130/58/44 131/52/44 132/47/44
f 133/64/45 134/74/45 135/66/45
f 136/64/46 137/45/46 138/74/46
f 139/72/47 140/41/47 141/75/47
f 142/75/48 143/39/48 144/76/48
f 145/76/49 146/38/49 147/37/49
f 148/69/50 149/71/50 150/70/50
f 151/72/51 152/71/51 153/69/51
f 154/77/52 155/78/52 156/79/52
f 157/80/53 158/81/53 159/82/53
s 1
f 160/22/54 161/24/54 162/80/54
s 0
f 163/24/55 164/81/55 165/80/55
f 166/83/56 167/84/56 168/85/56
f 169/86/57 170/71/57 171/84/57
f 172/51/58 173/50/58 174/51/58
f 175/87/59 176/68/59 177/88/59
f 178/21/60 179/89/60 180/90/60
f 181/89/61 182/65/61 183/90/61
f 184/89/62 185/63/62 186/65/62
f 187/91/63 188/92/63 189/9/63
f 190/93/64 191/60/64 192/89/64
f 193/36/65 194/34/65 195/36/65
f 196/94/66 197/58/66 198/11/66
f 199/94/67 200/59/67 201/58/67
f 202/10/68 203/95/68 204/12/68
f 205/96/69 206/55/69 207/97/69
f 208/16/70 209/55/70 210/96/70
f 211/86/71 212/70/71 213/71/71
f 214/98/72 215/99/72 216/76/72
f 217/98/73 218/76/73 219/100/73
f 220/23/74 221/100/74 222/101/74
f 223/25/75 224/56/75 225/55/75
f 226/58/76 227/102/76 228/103/76
s 1
f 229/32/77 230/77/77 231/1/77
s 0
f 232/77/78 233/2/78 234/1/78
f 235/2/79 236/4/79 237/3/79
f 238/5/80 239/4/80 240/6/80
f 241/4/81 242/29/81 243/6/81
f 244/6/82 245/29/82 246/8/82
f 247/10/83 248/12/83 249/14/83
f 250/18/84 251/17/84 252/11/84
f 253/88/85 254/27/85 255/87/85
f 256/104/86 257/30/86 258/86/86
f 259/105/87 260/7/87 261/30/87
f 262/104/88 263/105/88 264/30/88
f 265/31/89 266/3/89 267/22/89
f 268/21/90 269/87/90 270/27/90
f 271/21/91 272/27/91 273/20/91
f 274/25/92 275/13/92 276/106/92
f 277/14/93 278/25/93 279/16/93
f 280/29/94 281/26/94 282/28/94
f 283/107/95 284/98/95 285/5/95
s 1
f 286/86/96 287/30/96 288/108/96
s 0
f 289/108/97 290/30/97 291/8/97
f 292/109/98 293/32/98 294/110/98
f 295/38/99 296/40/99 297/34/99
f 298/39/100 299/42/100 300/40/100
f 301/75/101 302/41/101 303/39/101
f 304/41/102 305/44/102 306/42/102
f 307/74/103 308/45/103 309/43/103
f 310/45/104 311/48/104 312/46/104
f 313/48/105 314/51/105 315/46/105
f 316/48/106 317/49/106 318/51/106
f 319/47/107 320/52/107 321/49/107
f 322/49/108 323/53/108 324/50/108
f 325/97/109 326/55/109 327/57/109
f 328/97/110 329/57/110 330/59/110
f 331/63/111 332/62/111 333/65/111
f 334/65/112 335/64/112 336/66/112
f 337/85/113 338/84/113 339/71/113
f 340/85/114 341/71/114 342/73/114
f 343/85/115 344/73/115 345/99/115
f 346/81/116 347/101/116 348/111/116
f 349/101/117 350/37/117 351/111/117
f 352/82/118 353/81/118 354/111/118
f 355/82/119 356/111/119 357/112/119
f 358/57/120 359/54/120 360/52/120
f 361/57/121 362/56/121 363/54/121
f 364/62/122 365/58/122 366/47/122
f 367/62/123 368/47/123 369/64/123
f 370/64/124 371/47/124 372/45/124
f 373/113/125 374/66/125 375/74/125
f 376/113/126 377/74/126 378/43/126
f 379/113/127 380/43/127 381/41/127
s 1
f 382/72/128 383/113/128 384/41/128
s 0
f 385/73/129 386/72/129 387/75/129
f 388/73/130 389/75/130 390/76/130
f 391/76/131 392/39/131 393/38/131
f 394/99/132 395/73/132 396/76/132
f 397/113/133 398/72/133 399/69/133
f 400/76/134 401/101/134 402/100/134
f 403/76/135 404/37/135 405/101/135
f 406/44/136 407/46/136 408/44/136
f 409/110/137 410/22/137 411/114/137
f 412/40/138 413/42/138 414/40/138
f 415/22/139 416/80/139 417/114/139
f 418/114/140 419/80/140 420/82/140
f 421/2/141 422/77/141 423/79/141
f 424/4/142 425/79/142 426/115/142
f 427/4/143 428/2/143 429/79/143
f 430/116/144 431/85/144 432/99/144
f 433/116/145 434/83/145 435/85/145
f 436/105/146 437/104/146 438/83/146
f 439/29/147 440/115/147 441/117/147
f 442/29/148 443/4/148 444/115/148
f 445/104/149 446/84/149 447/83/149
f 448/104/150 449/86/150 450/84/150
f 451/108/151 452/118/151 453/70/151
f 454/26/152 455/29/152 456/117/152
f 457/118/153 458/119/153 459/70/153
f 460/118/154 461/88/154 462/119/154
f 463/119/155 464/68/155 465/70/155
f 466/119/156 467/88/156 468/68/156
f 469/91/157 470/117/157 471/92/157
f 472/91/158 473/26/158 474/117/158
f 475/87/159 476/66/159 477/68/159
f 478/90/160 479/65/160 480/67/160
f 481/46/161 482/51/161 483/46/161
f 484/21/162 485/19/162 486/89/162
f 487/89/163 488/60/163 489/63/163
f 490/42/164 491/44/164 492/42/164
f 493/15/165 494/97/165 495/94/165
f 496/94/166 497/97/166 498/59/166
f 499/34/167 500/40/167 501/34/167
f 502/13/168 503/12/168 504/95/168
f 505/21/169 506/90/169 507/87/169
f 508/108/170 509/70/170 510/86/170
f 511/107/171 512/116/171 513/98/171
f 514/98/172 515/116/172 516/99/172
f 517/23/173 518/98/173 519/100/173
s 1
f 520/110/174 521/114/174 522/109/174
s 0
f 523/16/175 524/25/175 525/55/175
f 526/79/176 527/78/176 528/79/176
f 529/117/177 530/115/177 531/117/177
f 532/95/178 533/92/178 534/95/178
f 535/115/179 536/79/179 537/115/179
f 538/92/180 539/117/180 540/92/180
f 541/120/181 542/121/181 543/122/181
f 544/120/182 545/123/182 546/121/182
f 547/124/183 548/125/183 549/123/183
f 550/126/184 551/127/184 552/128/184
f 553/127/185 554/129/185 555/128/185
s 1
f 556/130/186 557/131/186 558/132/186
s 0
f 559/133/187 560/134/187 561/135/187
f 562/136/188 563/137/188 564/138/188
f 565/139/189 566/121/189 567/123/189
f 568/140/190 569/121/190 570/139/190
f 571/141/191 572/121/191 573/140/191
s 1
f 574/142/192 575/143/192 576/144/192
s 0
f 577/131/193 578/129/193 579/145/193
f 580/126/194 581/128/194 582/131/194
f 583/126/195 584/130/195 585/146/195
f 586/147/196 587/126/196 588/148/196
f 589/134/197 590/149/197 591/148/197
f 592/137/198 593/150/198 594/134/198
f 595/125/199 596/150/199 597/137/199
f 598/151/200 599/122/200 600/121/200
f 601/152/201 602/151/201 603/153/201
f 604/154/202 605/153/202 606/142/202
f 607/139/203 608/123/203 609/155/203
f 610/132/204 611/145/204 612/156/204
f 613/157/205 614/158/205 615/159/205
f 616/160/206 617/157/206 618/159/206
f 619/161/207 620/162/207 621/163/207
f 622/164/208 623/165/208 624/166/208
f 625/167/209 626/168/209 627/165/209
f 628/167/210 629/169/210 630/168/210
f 631/164/211 632/170/211 633/167/211
f 634/171/212 635/172/212 636/173/212
f 637/174/213 638/175/213 639/176/213
f 640/177/214 641/178/214 642/179/214
f 643/180/215 644/181/215 645/182/215
f 646/183/216 647/181/216 648/184/216
f 649/183/217 650/184/217 651/185/217
f 652/184/218 653/186/218 654/187/218
f 655/188/219 656/176/219 657/178/219
f 658/189/220 659/170/220 660/164/220
f 661/173/221 662/164/221 663/190/221
f 664/175/222 665/166/222 666/191/222
f 667/192/223 668/193/223 669/161/223
f 670/192/224 671/194/224 672/180/224
f 673/180/225 674/194/225 675/181/225
f 676/181/226 677/194/226 678/195/226
f 679/181/227 680/160/227 681/184/227
f 682/186/228 683/196/228 684/187/228
f 685/197/229 686/198/229 687/199/229
f 688/192/230 689/198/230 690/197/230
f 691/181/231 692/200/231 693/201/231
f 694/202/232 695/185/232 696/203/232
f 697/154/233 698/204/233 699/205/233
f 700/143/234 701/206/234 702/202/234
f 703/206/235 704/183/235 705/202/235
f 706/205/236 707/157/236 708/163/236
f 709/200/237 710/183/237 711/206/237
f 712/152/238 713/207/238 714/122/238
f 715/141/239 716/208/239 717/209/239
f 718/208/240 719/182/240 720/209/240
f 721/207/241 722/163/241 723/162/241
f 724/120/242 725/207/242 726/210/242
f 727/210/243 728/162/243 729/211/243
f 730/124/244 731/210/244 732/150/244
f 733/138/245 734/212/245 735/136/245
f 736/178/246 737/177/246 738/138/246
f 739/133/247 740/213/247 741/214/247
f 742/213/248 743/215/248 744/214/248
f 745/135/249 746/213/249 747/133/249
f 748/213/250 749/174/250 750/215/250
f 751/149/251 752/210/251 753/216/251
f 754/216/252 755/217/252 756/168/252
f 757/135/253 758/218/253 759/213/253
f 760/218/254 761/174/254 762/213/254
f 763/146/255 764/218/255 765/135/255
f 766/218/256 767/219/256 768/174/256
f 769/149/257 770/216/257 771/127/257
f 772/127/258 773/216/258 774/220/258
f 775/216/259 776/168/259 777/220/259
f 778/221/260 779/222/260 780/219/260
s 1
f 781/220/261 782/168/261 783/169/261
s 0
f 784/129/262 785/220/262 786/223/262
f 787/139/263 788/199/263 789/198/263
f 790/224/264 791/182/264 792/181/264
f 793/225/265 794/224/265 795/201/265
s 1
f 796/224/266 797/181/266 798/201/266
s 0
f 799/144/267 800/226/267 801/142/267
f 802/226/268 803/185/268 804/187/268
f 805/145/269 806/227/269 807/156/269
f 808/227/270 809/172/270 810/156/270
f 811/154/271 812/152/271 813/153/271
f 814/152/272 815/122/272 816/151/272
f 817/120/273 818/124/273 819/123/273
f 820/125/274 821/124/274 822/150/274
f 823/149/275 824/127/275 825/147/275
f 826/147/276 827/127/276 828/126/276
f 829/228/277 830/130/277 831/132/277
f 832/228/278 833/146/278 834/130/278
f 835/135/279 836/148/279 837/146/279
f 838/135/280 839/134/280 840/148/280
s 1
f 841/133/281 842/137/281 843/134/281
s 0
f 844/136/282 845/125/282 846/137/282
f 847/229/283 848/140/283 849/139/283
f 850/151/284 851/121/284 852/141/284
f 853/143/285 854/225/285 855/206/285
f 856/142/286 857/153/286 858/143/286
f 859/131/287 860/128/287 861/129/287
f 862/130/288 863/126/288 864/131/288
f 865/148/289 866/126/289 867/146/289
f 868/148/290 869/149/290 870/147/290
f 871/134/291 872/150/291 873/149/291
f 874/230/292 875/154/292 876/142/292
f 877/141/293 878/224/293 879/151/293
f 880/225/294 881/151/294 882/224/294
f 883/131/295 884/145/295 885/132/295
f 886/160/296 887/163/296 888/157/296
f 889/160/297 890/195/297 891/163/297
f 892/195/298 893/194/298 894/161/298
f 895/195/299 896/161/299 897/163/299
f 898/161/300 899/211/300 900/162/300
f 901/161/301 902/193/301 903/211/301
f 904/193/302 905/217/302 906/211/302
f 907/193/303 908/231/303 909/217/303
f 910/164/304 911/167/304 912/165/304
f 913/167/305 914/170/305 915/169/305
f 916/222/306 917/171/306 918/173/306
f 919/222/307 920/173/307 921/190/307
f 922/219/308 923/222/308 924/190/308
f 925/215/309 926/174/309 927/176/309
f 928/215/310 929/176/310 930/188/310
f 931/197/311 932/177/311 933/179/311
f 934/197/312 935/179/312 936/192/312
f 937/180/313 938/198/313 939/192/313
f 940/182/314 941/208/314 942/180/314
f 943/200/315 944/181/315 945/183/315
s 1
f 946/185/316 947/184/316 948/187/316
s 0
f 949/190/317 950/164/317 951/166/317
s 1
f 952/175/318 953/190/318 954/166/318
f 955/176/319 956/175/319 957/191/319
s 0
f 958/179/320 959/178/320 960/231/320
f 961/179/321 962/231/321 963/193/321
f 964/192/322 965/179/322 966/193/322
f 967/194/323 968/192/323 969/161/323
f 970/160/324 971/181/324 972/195/324
f 973/184/325 974/160/325 975/186/325
f 976/204/326 977/158/326 978/157/326
f 979/154/327 980/230/327 981/204/327
f 982/152/328 983/154/328 984/205/328
f 985/205/329 986/204/329 987/157/329
f 988/202/330 989/183/330 990/185/330
f 991/206/331 992/225/331 993/200/331
f 994/152/332 995/205/332 996/207/332
f 997/207/333 998/205/333 999/163/333
f 1000/140/334 1001/229/334 1002/232/334
f 1003/120/335 1004/122/335 1005/207/335
f 1006/229/336 1007/233/336 1008/232/336
f 1009/229/337 1010/139/337 1011/233/337
f 1012/210/338 1013/207/338 1014/162/338
f 1015/155/339 1016/136/339 1017/199/339
f 1018/124/340 1019/120/340 1020/210/340
f 1021/136/341 1022/212/341 1023/199/341
f 1024/199/342 1025/212/342 1026/197/342
f 1027/212/343 1028/177/343 1029/197/343
f 1030/212/344 1031/138/344 1032/177/344
f 1033/210/345 1034/211/345 1035/217/345
f 1036/138/346 1037/137/346 1038/178/346
f 1039/214/347 1040/215/347 1041/188/347
f 1042/149/348 1043/150/348 1044/210/348
f 1045/216/349 1046/210/349 1047/217/349
f 1048/218/350 1049/221/350 1050/219/350
f 1051/129/351 1052/127/351 1053/220/351
f 1054/223/352 1055/220/352 1056/169/352
f 1057/178/353 1058/214/353 1059/188/353
f 1060/155/354 1061/199/354 1062/139/354
f 1063/141/355 1064/209/355 1065/224/355
f 1066/224/356 1067/209/356 1068/182/356
f 1069/225/357 1070/201/357 1071/200/357
f 1072/144/358 1073/203/358 1074/226/358
f 1075/226/359 1076/203/359 1077/185/359
f 1078/156/360 1079/172/360 1080/171/360
f 1081/234/361 1082/235/361 1083/236/361
f 1084/237/362 1085/238/362 1086/239/362
f 1087/240/363 1088/241/363 1089/242/363
f 1090/243/364 1091/244/364 1092/245/364
f 1093/243/365 1094/246/365 1095/244/365
f 1096/247/366 1097/240/366 1098/243/366
f 1099/248/367 1100/240/367 1101/247/367
f 1102/248/368 1103/249/368 1104/250/368
f 1105/251/369 1106/248/369 1107/250/369
f 1108/252/370 1109/251/370 1110/250/370
f 1111/253/371 1112/254/371 1113/255/371
f 1114/256/372 1115/257/372 1116/258/372
f 1117/256/373 1118/238/373 1119/259/373
f 1120/258/374 1121/238/374 1122/256/374
f 1123/236/375 1124/260/375 1125/261/375
f 1126/262/376 1127/254/376 1128/252/376
f 1129/263/377 1130/264/377 1131/265/377
f 1132/246/378 1133/263/378 1134/244/378
f 1135/246/379 1136/242/379 1137/263/379
f 1138/240/380 1139/242/380 1140/246/380
f 1141/254/381 1142/266/381 1143/251/381
f 1144/238/382 1145/267/382 1146/268/382
f 1147/269/383 1148/239/383 1149/270/383
s 1
f 1150/235/384 1151/270/384 1152/271/384
s 0
f 1153/235/385 1154/271/385 1155/236/385
f 1156/265/386 1157/245/386 1158/263/386
f 1159/272/387 1160/273/387 1161/274/387
f 1162/275/388 1163/276/388 1164/272/388
f 1165/277/389 1166/278/389 1167/275/389
f 1168/278/390 1169/279/390 1170/280/390
f 1171/281/391 1172/279/391 1173/278/391
f 1174/282/392 1175/283/392 1176/284/392
f 1177/285/393 1178/286/393 1179/283/393
f 1180/287/394 1181/288/394 1182/285/394
f 1183/288/395 1184/289/395 1185/285/395
f 1186/290/396 1187/291/396 1188/292/396
f 1189/293/397 1190/294/397 1191/295/397
f 1192/295/398 1193/296/398 1194/297/398
f 1195/295/399 1196/297/399 1197/298/399
f 1198/297/400 1199/296/400 1200/299/400
s 1
f 1201/300/401 1202/299/401 1203/301/401
s 0
f 1204/300/402 1205/302/402 1206/303/402
f 1207/300/403 1208/301/403 1209/302/403
f 1210/304/404 1211/305/404 1212/306/404
f 1213/307/405 1214/308/405 1215/309/405
f 1216/292/406 1217/310/406 1218/287/406
f 1219/311/407 1220/287/407 1221/283/407
s 1
f 1222/301/408 1223/278/408 1224/277/408
s 0
f 1225/306/409 1226/275/409 1227/312/409
f 1228/312/410 1229/272/410 1230/308/410
s 1
f 1231/308/411 1232/274/411 1233/309/411
s 0
f 1234/304/412 1235/306/412 1236/313/412
f 1237/302/413 1238/314/413 1239/303/413
f 1240/315/414 1241/307/414 1242/316/414
f 1243/234/415 1244/317/415 1245/318/415
f 1246/317/416 1247/319/416 1248/318/416
f 1249/260/417 1250/320/417 1251/315/417
f 1252/320/418 1253/321/418 1254/315/418
f 1255/318/419 1256/319/419 1257/280/419
f 1258/322/420 1259/321/420 1260/320/420
f 1261/323/421 1262/324/421 1263/313/421
f 1264/269/422 1265/318/422 1266/325/422
f 1267/269/423 1268/325/423 1269/237/423
f 1270/325/424 1271/280/424 1272/279/424
f 1273/325/425 1274/279/425 1275/326/425
f 1276/256/426 1277/314/426 1278/257/426
f 1279/267/427 1280/326/427 1281/266/427
f 1282/255/428 1283/327/428 1284/253/428
f 1285/326/429 1286/284/429 1287/328/429
f 1288/299/430 1289/300/430 1290/255/430
s 1
f 1291/252/431 1292/329/431 1293/262/431
s 0
f 1294/250/432 1295/329/432 1296/252/432
f 1297/329/433 1298/298/433 1299/297/433
f 1300/250/434 1301/249/434 1302/329/434
f 1303/249/435 1304/295/435 1305/329/435
f 1306/330/436 1307/286/436 1308/285/436
f 1309/241/437 1310/331/437 1311/264/437
f 1312/331/438 1313/285/438 1314/289/438
f 1315/262/439 1316/299/439 1317/254/439
f 1318/256/440 1319/303/440 1320/314/440
f 1321/323/441 1322/312/441 1323/270/441
f 1324/265/442 1325/291/442 1326/332/442
f 1327/333/443 1328/234/443 1329/236/443
f 1330/234/444 1331/334/444 1332/235/444
f 1333/269/445 1334/237/445 1335/239/445
f 1336/238/446 1337/237/446 1338/267/446
f 1339/251/447 1340/266/447 1341/335/447
f 1342/240/448 1343/335/448 1344/241/448
f 1345/242/449 1346/241/449 1347/264/449
f 1348/263/450 1349/242/450 1350/264/450
f 1351/244/451 1352/263/451 1353/245/451
f 1354/243/452 1355/240/452 1356/246/452
f 1357/249/453 1358/248/453 1359/247/453
f 1360/252/454 1361/254/454 1362/251/454
f 1363/253/455 1364/268/455 1365/254/455
f 1366/259/456 1367/268/456 1368/253/456
f 1369/239/457 1370/238/457 1371/258/457
f 1372/260/458 1373/336/458 1374/320/458
f 1375/236/459 1376/271/459 1377/260/459
f 1378/261/460 1379/337/460 1380/236/460
s 1
f 1381/251/461 1382/240/461 1383/248/461
s 0
f 1384/251/462 1385/335/462 1386/240/462
f 1387/259/463 1388/238/463 1389/268/463
f 1390/334/464 1391/269/464 1392/270/464
f 1393/235/465 1394/334/465 1395/270/465
f 1396/333/466 1397/236/466 1398/337/466
f 1399/272/467 1400/276/467 1401/273/467
f 1402/276/468 1403/280/468 1404/319/468
f 1405/276/469 1406/275/469 1407/280/469
f 1408/275/470 1409/278/470 1410/280/470
f 1411/281/471 1412/284/471 1413/279/471
f 1414/282/472 1415/284/472 1416/281/472
f 1417/284/473 1418/283/473 1419/286/473
f 1420/287/474 1421/285/474 1422/283/474
s 1
f 1423/287/475 1424/310/475 1425/288/475
s 0
f 1426/338/476 1427/290/476 1428/292/476
f 1429/338/477 1430/292/477 1431/294/477
f 1432/293/478 1433/338/478 1434/294/478
f 1435/295/479 1436/294/479 1437/311/479
f 1438/295/480 1439/311/480 1440/296/480
f 1441/339/481 1442/297/481 1443/299/481
f 1444/340/482 1445/314/482 1446/304/482
s 1
f 1447/305/483 1448/304/483 1449/314/483
s 0
f 1450/324/484 1451/340/484 1452/304/484
f 1453/321/485 1454/322/485 1455/307/485
f 1456/316/486 1457/307/486 1458/309/486
f 1459/292/487 1460/291/487 1461/310/487
f 1462/294/488 1463/292/488 1464/287/488
f 1465/311/489 1466/294/489 1467/287/489
f 1468/296/490 1469/311/490 1470/283/490
f 1471/299/491 1472/296/491 1473/282/491
f 1474/282/492 1475/296/492 1476/283/492
f 1477/301/493 1478/299/493 1479/282/493
f 1480/301/494 1481/282/494 1482/281/494
f 1483/301/495 1484/281/495 1485/278/495
f 1486/305/496 1487/301/496 1488/277/496
f 1489/306/497 1490/305/497 1491/277/497
f 1492/306/498 1493/277/498 1494/275/498
f 1495/312/499 1496/275/499 1497/272/499
f 1498/308/500 1499/272/500 1500/274/500
f 1501/324/501 1502/304/501 1503/313/501
f 1504/313/502 1505/306/502 1506/312/502
s 1
f 1507/312/503 1508/322/503 1509/341/503
s 0
f 1510/261/504 1511/260/504 1512/342/504
f 1513/317/505 1514/343/505 1515/319/505
f 1516/260/506 1517/315/506 1518/342/506
f 1519/342/507 1520/315/507 1521/316/507
f 1522/334/508 1523/234/508 1524/318/508
f 1525/315/509 1526/321/509 1527/307/509
f 1528/320/510 1529/336/510 1530/322/510
f 1531/269/511 1532/334/511 1533/318/511
f 1534/323/512 1535/258/512 1536/324/512
f 1537/258/513 1538/344/513 1539/324/513
f 1540/325/514 1541/318/514 1542/280/514
f 1543/258/515 1544/257/515 1545/344/515
f 1546/237/516 1547/325/516 1548/326/516
f 1549/257/517 1550/314/517 1551/340/517
f 1552/267/518 1553/237/518 1554/326/518
f 1555/259/519 1556/253/519 1557/303/519
f 1558/326/520 1559/279/520 1560/284/520
f 1561/253/521 1562/327/521 1563/303/521
f 1564/327/522 1565/300/522 1566/303/522
f 1567/327/523 1568/255/523 1569/300/523
f 1570/266/524 1571/326/524 1572/328/524
f 1573/255/525 1574/254/525 1575/299/525
f 1576/262/526 1577/329/526 1578/297/526
f 1579/262/527 1580/297/527 1581/339/527
f 1582/328/528 1583/284/528 1584/286/528
f 1585/330/529 1586/328/529 1587/286/529
f 1588/329/530 1589/295/530 1590/298/530
f 1591/247/531 1592/345/531 1593/249/531
f 1594/241/532 1595/335/532 1596/330/532
f 1597/241/533 1598/330/533 1599/331/533
f 1600/331/534 1601/330/534 1602/285/534
f 1603/346/535 1604/264/535 1605/347/535
f 1606/264/536 1607/331/536 1608/347/536
f 1609/347/537 1610/331/537 1611/289/537
f 1612/299/538 1613/262/538 1614/339/538
f 1615/259/539 1616/303/539 1617/256/539
f 1618/323/540 1619/313/540 1620/312/540
f 1621/336/541 1622/341/541 1623/322/541
f 1624/261/542 1625/342/542 1626/337/542
f 1627/245/543 1628/265/543 1629/332/543
f 1630/332/544 1631/291/544 1632/290/544
f 1633/348/545 1634/349/545 1635/350/545
f 1636/351/546 1637/352/546 1638/353/546
f 1639/354/547 1640/355/547 1641/356/547
f 1642/355/548 1643/357/548 1644/358/548
f 1645/353/549 1646/359/549 1647/360/549
f 1648/361/550 1649/362/550 1650/363/550
f 1651/364/551 1652/365/551 1653/366/551
f 1654/367/552 1655/368/552 1656/369/552
f 1657/370/553 1658/371/553 1659/357/553
f 1660/356/554 1661/355/554 1662/372/554
f 1663/373/555 1664/356/555 1665/372/555
f 1666/374/556 1667/375/556 1668/356/556
f 1669/374/557 1670/356/557 1671/373/557
f 1672/368/558 1673/352/558 1674/374/558
f 1675/353/559 1676/352/559 1677/368/559
f 1678/376/560 1679/351/560 1680/353/560
f 1681/377/561 1682/378/561 1683/379/561
f 1684/350/562 1685/349/562 1686/380/562
f 1687/362/563 1688/361/563 1689/381/563
f 1690/382/564 1691/383/564 1692/371/564
f 1693/384/565 1694/385/565 1695/386/565
f 1696/387/566 1697/388/566 1698/389/566
f 1699/390/567 1700/388/567 1701/387/567
f 1702/391/568 1703/388/568 1704/390/568
f 1705/391/569 1706/392/569 1707/388/569
f 1708/391/570 1709/393/570 1710/392/570
f 1711/394/571 1712/395/571 1713/393/571
f 1714/396/572 1715/397/572 1716/398/572
f 1717/399/573 1718/396/573 1719/400/573
f 1720/401/574 1721/396/574 1722/399/574
f 1723/402/575 1724/403/575 1725/404/575
f 1726/405/576 1727/406/576 1728/407/576
f 1729/406/577 1730/408/577 1731/409/577
f 1732/407/578 1733/409/578 1734/410/578
f 1735/411/579 1736/412/579 1737/413/579
f 1738/414/580 1739/415/580 1740/416/580
f 1741/417/581 1742/418/581 1743/419/581
f 1744/420/582 1745/419/582 1746/421/582
f 1747/404/583 1748/400/583 1749/406/583
f 1750/406/584 1751/400/584 1752/408/584
f 1753/400/585 1754/398/585 1755/408/585
f 1756/408/586 1757/398/586 1758/394/586
f 1759/411/587 1760/394/587 1761/422/587
f 1762/411/588 1763/422/588 1764/412/588
f 1765/412/589 1766/422/589 1767/391/589
f 1768/423/590 1769/390/590 1770/387/590
f 1771/413/591 1772/415/591 1773/424/591
f 1774/425/592 1775/389/592 1776/426/592
f 1777/427/593 1778/417/593 1779/420/593
f 1780/364/594 1781/366/594 1782/427/594
f 1783/366/595 1784/417/595 1785/427/595
f 1786/428/596 1787/426/596 1788/429/596
f 1789/418/597 1790/417/597 1791/366/597
f 1792/426/598 1793/389/598 1794/388/598
f 1795/426/599 1796/388/599 1797/430/599
f 1798/430/600 1799/392/600 1800/431/600
f 1801/362/601 1802/415/601 1803/432/601
f 1804/431/602 1805/392/602 1806/393/602
f 1807/433/603 1808/434/603 1809/424/603
f 1810/360/604 1811/359/604 1812/433/604
f 1813/359/605 1814/434/605 1815/433/605
f 1816/352/606 1817/431/606 1818/435/606
f 1819/431/607 1820/393/607 1821/435/607
f 1822/368/608 1823/434/608 1824/359/608
f 1825/369/609 1826/409/609 1827/367/609
f 1828/435/610 1829/393/610 1830/395/610
f 1831/369/611 1832/410/611 1833/409/611
f 1834/352/612 1835/435/612 1836/375/612
f 1837/372/613 1838/436/613 1839/373/613
f 1840/375/614 1841/437/614 1842/354/614
f 1843/437/615 1844/395/615 1845/397/615
f 1846/438/616 1847/407/616 1848/436/616
f 1849/354/617 1850/437/617 1851/439/617
f 1852/437/618 1853/397/618 1854/439/618
f 1855/440/619 1856/441/619 1857/438/619
f 1858/440/620 1859/442/620 1860/441/620
f 1861/442/621 1862/405/621 1863/441/621
f 1864/383/622 1865/442/622 1866/440/622
f 1867/442/623 1868/402/623 1869/405/623
f 1870/370/624 1871/443/624 1872/444/624
f 1873/439/625 1874/445/625 1875/443/625
f 1876/383/626 1877/402/626 1878/442/626
f 1879/362/627 1880/424/627 1881/415/627
f 1882/446/628 1883/447/628 1884/423/628
f 1885/446/629 1886/423/629 1887/448/629
f 1888/382/630 1889/403/630 1890/402/630
f 1891/349/631 1892/348/631 1893/428/631
f 1894/378/632 1895/428/632 1896/429/632
s 1
f 1897/449/633 1898/450/633 1899/361/633
s 0
f 1900/375/634 1901/354/634 1902/356/634
f 1903/354/635 1904/370/635 1905/355/635
f 1906/370/636 1907/444/636 1908/371/636
f 1909/358/637 1910/357/637 1911/440/637
f 1912/372/638 1913/355/638 1914/358/638
f 1915/359/639 1916/353/639 1917/368/639
f 1918/379/640 1919/365/640 1920/364/640
f 1921/364/641 1922/377/641 1923/379/641
f 1924/355/642 1925/370/642 1926/357/642
f 1927/374/643 1928/352/643 1929/375/643
f 1930/376/644 1931/450/644 1932/351/644
f 1933/361/645 1934/450/645 1935/376/645
f 1936/449/646 1937/361/646 1938/451/646
f 1939/379/647 1940/378/647 1941/429/647
f 1942/377/648 1943/428/648 1944/378/648
s 1
f 1945/349/649 1946/428/649 1947/377/649
s 0
f 1948/452/650 1949/446/650 1950/379/650
f 1951/381/651 1952/361/651 1953/376/651
f 1954/365/652 1955/379/652 1956/446/652
f 1957/380/653 1958/349/653 1959/453/653
f 1960/384/654 1961/454/654 1962/385/654
f 1963/454/655 1964/387/655 1965/385/655
f 1966/385/656 1967/387/656 1968/389/656
f 1969/391/657 1970/422/657 1971/393/657
f 1972/422/658 1973/394/658 1974/393/658
f 1975/400/659 1976/396/659 1977/398/659
f 1978/396/660 1979/445/660 1980/397/660
f 1981/405/661 1982/402/661 1983/404/661
f 1984/405/662 1985/404/662 1986/406/662
f 1987/407/663 1988/406/663 1989/409/663
f 1990/434/664 1991/411/664 1992/413/664
f 1993/424/665 1994/434/665 1995/413/665
f 1996/414/666 1997/432/666 1998/415/666
f 1999/447/667 2000/416/667 2001/390/667
f 2002/447/668 2003/390/668 2004/423/668
f 2005/419/669 2006/418/669 2007/423/669
f 2008/420/670 2009/417/670 2010/419/670
f 2011/403/671 2012/401/671 2013/399/671
f 2014/404/672 2015/403/672 2016/399/672
f 2017/404/673 2018/399/673 2019/400/673
f 2020/411/674 2021/408/674 2022/394/674
f 2023/455/675 2024/412/675 2025/391/675
f 2026/455/676 2027/391/676 2028/390/676
f 2029/454/677 2030/423/677 2031/387/677
f 2032/419/678 2033/423/678 2034/454/678
f 2035/421/679 2036/419/679 2037/454/679
f 2038/421/680 2039/454/680 2040/384/680
f 2041/456/681 2042/421/681 2043/384/681
f 2044/423/682 2045/418/682 2046/448/682
f 2047/456/683 2048/420/683 2049/421/683
f 2050/425/684 2051/457/684 2052/389/684
f 2053/453/685 2054/364/685 2055/458/685
f 2056/364/686 2057/427/686 2058/458/686
f 2059/458/687 2060/427/687 2061/420/687
f 2062/366/688 2063/365/688 2064/418/688
f 2065/459/689 2066/416/689 2067/447/689
f 2068/430/690 2069/388/690 2070/392/690
f 2071/460/691 2072/363/691 2073/461/691
f 2074/363/692 2075/432/692 2076/461/692
f 2077/461/693 2078/432/693 2079/414/693
f 2080/363/694 2081/362/694 2082/432/694
f 2083/351/695 2084/450/695 2085/431/695
f 2086/352/696 2087/351/696 2088/431/696
f 2089/368/697 2090/411/697 2091/434/697
f 2092/367/698 2093/409/698 2094/462/698
f 2095/373/699 2096/436/699 2097/369/699
f 2098/369/700 2099/436/700 2100/410/700
f 2101/375/701 2102/435/701 2103/437/701
f 2104/437/702 2105/435/702 2106/395/702
f 2107/436/703 2108/407/703 2109/410/703
f 2110/358/704 2111/440/704 2112/438/704
f 2113/370/705 2114/354/705 2115/439/705
f 2116/439/706 2117/397/706 2118/445/706
f 2119/370/707 2120/439/707 2121/443/707
f 2122/381/708 2123/424/708 2124/362/708
f 2125/452/709 2126/459/709 2127/446/709
f 2128/446/710 2129/459/710 2130/447/710
f 2131/365/711 2132/446/711 2133/448/711
f 2134/365/712 2135/448/712 2136/418/712
f 2137/453/713 2138/458/713 2139/380/713
f 2140/383/714 2141/382/714 2142/402/714
f 2143/463/715 2144/464/715 2145/465/715
f 2146/466/716 2147/467/716 2148/468/716
f 2149/469/717 2150/470/717 2151/471/717
f 2152/472/718 2153/473/718 2154/471/718
f 2155/474/719 2156/475/719 2157/476/719
f 2158/477/720 2159/478/720 2160/479/720
f 2161/480/721 2162/481/721 2163/479/721
f 2164/482/722 2165/483/722 2166/484/722
f 2167/466/723 2168/485/723 2169/486/723
f 2170/466/724 2171/486/724 2172/487/724
f 2173/488/725 2174/487/725 2175/489/725
f 2176/488/726 2177/489/726 2178/490/726
f 2179/488/727 2180/490/727 2181/491/727
f 2182/492/728 2183/493/728 2184/474/728
f 2185/463/729 2186/492/729 2187/494/729
f 2188/495/730 2189/496/730 2190/481/730
f 2191/497/731 2192/496/731 2193/495/731
f 2194/498/732 2195/499/732 2196/497/732
f 2197/500/733 2198/499/733 2199/498/733
f 2200/501/734 2201/477/734 2202/502/734
f 2203/477/735 2204/494/735 2205/502/735
f 2206/503/736 2207/504/736 2208/486/736
f 2209/505/737 2210/500/737 2211/380/737
f 2212/481/738 2213/463/738 2214/477/738
f 2215/477/739 2216/463/739 2217/494/739
f 2218/474/740 2219/493/740 2220/506/740
f 2221/507/741 2222/469/741 2223/473/741
f 2224/491/742 2225/490/742 2226/469/742
f 2227/490/743 2228/489/743 2229/508/743
f 2230/508/744 2231/470/744 2232/490/744
f 2233/509/745 2234/510/745 2235/511/745
f 2236/511/746 2237/510/746 2238/512/746
f 2239/513/747 2240/514/747 2241/515/747
f 2242/515/748 2243/514/748 2244/516/748
f 2245/517/749 2246/518/749 2247/519/749
f 2248/519/750 2249/518/750 2250/520/750
f 2251/521/751 2252/522/751 2253/523/751
f 2254/524/752 2255/525/752 2256/526/752
f 2257/524/753 2258/526/753 2259/527/753
f 2260/527/754 2261/526/754 2262/528/754
f 2263/529/755 2264/527/755 2265/530/755
f 2266/531/756 2267/532/756 2268/533/756
f 2269/534/757 2270/535/757 2271/536/757
f 2272/536/758 2273/537/758 2274/538/758
f 2275/527/759 2276/539/759 2277/530/759
f 2278/540/760 2279/541/760 2280/542/760
f 2281/543/761 2282/544/761 2283/513/761
s 1
f 2284/544/762 2285/543/762 2286/545/762
s 0
f 2287/545/763 2288/543/763 2289/546/763
f 2290/543/764 2291/513/764 2292/547/764
f 2293/548/765 2294/543/765 2295/549/765
f 2296/549/766 2297/547/766 2298/509/766
f 2299/550/767 2300/549/767 2301/551/767
f 2302/552/768 2303/551/768 2304/553/768
f 2305/532/769 2306/535/769 2307/533/769
f 2308/554/770 2309/521/770 2310/555/770
f 2311/556/771 2312/557/771 2313/558/771
f 2314/537/772 2315/550/772 2316/559/772
f 2317/537/773 2318/549/773 2319/550/773
f 2320/546/774 2321/543/774 2322/548/774
f 2323/528/775 2324/544/775 2325/539/775
f 2326/526/776 2327/544/776 2328/528/776
f 2329/522/777 2330/542/777 2331/523/777
f 2332/560/778 2333/540/778 2334/522/778
f 2335/554/779 2336/540/779 2337/560/779
f 2338/523/780 2339/524/780 2340/561/780
f 2341/562/781 2342/563/781 2343/564/781
f 2344/482/782 2345/484/782 2346/565/782
f 2347/484/783 2348/566/783 2349/565/783
f 2350/480/784 2351/567/784 2352/568/784
f 2353/567/785 2354/538/785 2355/568/785
f 2356/478/786 2357/569/786 2358/479/786
f 2359/478/787 2360/534/787 2361/569/787
f 2362/501/788 2363/535/788 2364/478/788
f 2365/475/789 2366/506/789 2367/570/789
f 2368/506/790 2369/531/790 2370/570/790
f 2371/472/791 2372/571/791 2373/572/791
f 2374/571/792 2375/529/792 2376/572/792
f 2377/573/793 2378/574/793 2379/575/793
f 2380/470/794 2381/561/794 2382/573/794
f 2383/573/795 2384/561/795 2385/574/795
f 2386/576/796 2387/577/796 2388/578/796
f 2389/576/797 2390/555/797 2391/577/797
f 2392/504/798 2393/555/798 2394/576/798
f 2395/480/799 2396/559/799 2397/579/799
f 2398/483/800 2399/580/800 2400/581/800
f 2401/503/801 2402/554/801 2403/555/801
f 2404/508/802 2405/577/802 2406/523/802
f 2407/508/803 2408/523/803 2409/561/803
f 2410/499/804 2411/582/804 2412/583/804
f 2413/496/805 2414/499/805 2415/584/805
f 2416/585/806 2417/496/806 2418/586/806
f 2419/463/807 2420/585/807 2421/587/807
f 2422/492/808 2423/463/808 2424/588/808
f 2425/507/809 2426/492/809 2427/589/809
f 2428/491/810 2429/507/810 2430/590/810
f 2431/488/811 2432/491/811 2433/591/811
f 2434/466/812 2435/488/812 2436/592/812
f 2437/487/813 2438/486/813 2439/504/813
f 2440/470/814 2441/469/814 2442/490/814
f 2443/471/815 2444/473/815 2445/469/815
f 2446/493/816 2447/473/816 2448/472/816
f 2449/475/817 2450/474/817 2451/506/817
f 2452/478/818 2453/477/818 2454/501/818
f 2455/479/819 2456/481/819 2457/477/819
f 2458/495/820 2459/481/820 2460/480/820
f 2461/497/821 2462/483/821 2463/482/821
f 2464/498/822 2465/497/822 2466/482/822
f 2467/506/823 2468/493/823 2469/472/823
f 2470/488/824 2471/466/824 2472/487/824
f 2473/492/825 2474/473/825 2475/493/825
f 2476/492/826 2477/507/826 2478/473/826
f 2479/494/827 2480/492/827 2481/474/827
f 2482/481/828 2483/496/828 2484/585/828
f 2485/497/829 2486/499/829 2487/496/829
f 2488/500/830 2489/582/830 2490/499/830
f 2491/480/831 2492/579/831 2493/495/831
f 2494/380/832 2495/500/832 2496/593/832
f 2497/579/833 2498/497/833 2499/495/833
s 1
f 2500/481/834 2501/585/834 2502/463/834
s 0
f 2503/507/835 2504/491/835 2505/469/835
s 1
f 2506/508/836 2507/489/836 2508/594/836
s 0
f 2509/553/837 2510/551/837 2511/595/837
f 2512/551/838 2513/509/838 2514/596/838
f 2515/509/839 2516/547/839 2517/597/839
f 2518/547/840 2519/513/840 2520/598/840
f 2521/513/841 2522/544/841 2523/599/841
f 2524/544/842 2525/517/842 2526/600/842
f 2527/517/843 2528/542/843 2529/601/843
f 2530/542/844 2531/541/844 2532/602/844
f 2533/577/845 2534/555/845 2535/521/845
f 2536/521/846 2537/560/846 2538/522/846
f 2539/577/847 2540/521/847 2541/523/847
f 2542/574/848 2543/561/848 2544/524/848
f 2545/574/849 2546/524/849 2547/527/849
f 2548/529/850 2549/574/850 2550/527/850
f 2551/527/851 2552/528/851 2553/539/851
f 2554/532/852 2555/545/852 2556/546/852
s 1
f 2557/603/853 2558/534/853 2559/536/853
s 0
f 2560/536/854 2561/535/854 2562/548/854
f 2563/536/855 2564/548/855 2565/537/855
f 2566/603/856 2567/536/856 2568/538/856
f 2569/563/857 2570/604/857 2571/564/857
f 2572/525/858 2573/542/858 2574/517/858
f 2575/549/859 2576/543/859 2577/547/859
f 2578/551/860 2579/549/860 2580/509/860
f 2581/557/861 2582/552/861 2583/553/861
f 2584/558/862 2585/557/862 2586/553/862
f 2587/538/863 2588/537/863 2589/559/863
f 2590/559/864 2591/581/864 2592/580/864
f 2593/559/865 2594/552/865 2595/581/865
f 2596/554/866 2597/560/866 2598/521/866
f 2599/552/867 2600/559/867 2601/550/867
f 2602/552/868 2603/550/868 2604/551/868
f 2605/537/869 2606/548/869 2607/549/869
f 2608/539/870 2609/544/870 2610/545/870
f 2611/526/871 2612/517/871 2613/544/871
f 2614/526/872 2615/525/872 2616/517/872
f 2617/523/873 2618/542/873 2619/525/873
f 2620/522/874 2621/540/874 2622/542/874
f 2623/523/875 2624/525/875 2625/524/875
f 2626/593/876 2627/482/876 2628/562/876
f 2629/482/877 2630/565/877 2631/562/877
f 2632/562/878 2633/565/878 2634/563/878
f 2635/565/879 2636/566/879 2637/563/879
f 2638/567/880 2639/603/880 2640/538/880
f 2641/567/881 2642/605/881 2643/603/881
s 1
f 2644/479/882 2645/569/882 2646/605/882
s 0
f 2647/478/883 2648/535/883 2649/534/883
f 2650/502/884 2651/476/884 2652/606/884
f 2653/476/885 2654/607/885 2655/606/885
f 2656/606/886 2657/607/886 2658/533/886
f 2659/607/887 2660/531/887 2661/533/887
f 2662/607/888 2663/570/888 2664/531/888
f 2665/506/889 2666/539/889 2667/531/889
f 2668/572/890 2669/529/890 2670/530/890
f 2671/472/891 2672/471/891 2673/571/891
f 2674/471/892 2675/575/892 2676/571/892
f 2677/472/893 2678/572/893 2679/506/893
f 2680/502/894 2681/606/894 2682/501/894
f 2683/480/895 2684/568/895 2685/559/895
f 2686/559/896 2687/568/896 2688/538/896
f 2689/608/897 2690/580/897 2691/483/897
f 2692/593/898 2693/562/898 2694/380/898
s 1
f 2695/504/899 2696/503/899 2697/555/899
s 0
f 2698/594/900 2699/578/900 2700/508/900
f 2701/508/901 2702/578/901 2703/577/901
f 2704/470/902 2705/508/902 2706/561/902
s 1
f 2707/9/903 2708/17/904 2709/20/905
f 2707/9/903 2709/20/905 2710/91/906
f 2711/14/907 2712/15/908 2713/94/908
f 2711/14/907 2713/94/908 2714/11/908
f 2715/88/909 2716/118/910 2717/28/909
f 2715/88/909 2717/28/909 2718/27/909
f 2719/118/911 2720/108/912 2721/8/911
f 2719/118/911 2721/8/911 2722/28/913
f 2723/7/914 2724/105/914 2725/107/914
f 2723/7/914 2725/107/914 2726/5/915
f 2727/22/916 2728/110/916 2729/32/916
f 2727/22/916 2729/32/916 2730/31/917
f 2731/5/918 2732/98/919 2733/23/919
f 2731/5/918 2733/23/919 2734/3/920
f 2735/66/921 2736/113/922 2737/69/922
f 2735/66/921 2737/69/922 2738/68/922
f 2739/33/923 2740/112/923 2741/111/924
f 2739/33/923 2741/111/924 2742/37/923
f 2743/81/925 2744/24/926 2745/23/927
f 2743/81/925 2745/23/927 2746/101/925
f 2747/116/928 2748/107/928 2749/105/929
f 2747/116/928 2749/105/929 2750/83/929
f 2751/93/930 2752/89/931 2753/19/931
f 2751/93/930 2753/19/931 2754/18/930
f 2755/92/932 2756/95/932 2757/10/932
f 2755/92/932 2757/10/932 2758/9/932
f 2759/96/933 2760/97/934 2761/15/933
f 2759/96/933 2761/15/933 2762/16/933
f 2763/67/935 2764/66/936 2765/87/936
f 2763/67/935 2765/87/936 2766/90/936
f 2767/82/937 2768/112/938 2769/109/937
f 2767/82/937 2769/109/937 2770/114/938
f 2771/91/939 2772/20/939 2773/27/939
f 2771/91/939 2773/27/939 2774/26/939
f 2775/58/940 2776/103/940 2777/609/940
f 2775/58/940 2777/609/940 2778/11/940
f 2779/136/941 2780/155/941 2781/123/942
f 2779/136/941 2781/123/942 2782/125/942
f 2783/143/943 2784/153/944 2785/151/943
f 2783/143/943 2785/151/943 2786/225/943
f 2787/165/945 2788/231/946 2789/191/946
f 2787/165/945 2789/191/946 2790/166/947
f 2791/168/948 2792/217/948 2793/231/948
f 2791/168/948 2793/231/948 2794/165/949
f 2795/190/950 2796/175/950 2797/174/950
f 2795/190/950 2797/174/950 2798/219/950
f 2799/198/951 2800/180/951 2801/208/951
f 2799/198/951 2801/208/951 2802/610/951
f 2803/189/952 2804/164/952 2805/173/952
f 2803/189/952 2805/173/952 2806/172/953
f 2807/191/954 2808/231/954 2809/178/954
f 2807/191/954 2809/178/954 2810/176/955
f 2811/159/956 2812/196/956 2813/186/956
f 2811/159/956 2813/186/956 2814/160/957
f 2815/203/958 2816/144/958 2817/143/959
f 2815/203/958 2817/143/959 2818/202/959
f 2819/208/960 2820/141/961 2821/140/960
f 2819/208/960 2821/140/960 2822/232/960
f 2823/610/962 2824/208/963 2825/232/963
f 2823/610/962 2825/232/963 2826/233/964
f 2827/610/965 2828/233/966 2829/139/965
f 2827/610/965 2829/139/965 2830/198/965
f 2831/218/967 2832/146/967 2833/228/968
f 2831/218/967 2833/228/968 2834/221/968
f 2835/221/969 2836/228/969 2837/132/969
s 0
f 2835/221/969 2837/132/969 2838/156/969
s 1
f 2839/171/970 2840/222/970 2841/221/970
f 2839/171/970 2841/221/970 2842/156/970
f 2843/178/971 2844/137/971 2845/133/972
f 2843/178/971 2845/133/972 2846/214/972
f 2847/266/973 2848/254/973 2849/268/974
f 2847/266/973 2849/268/974 2850/267/973
f 2851/258/975 2852/323/975 2853/270/975
f 2851/258/975 2853/270/975 2854/239/975
f 2855/336/976 2856/260/977 2857/271/977
f 2855/336/976 2857/271/977 2858/270/977
f 2859/343/978 2860/273/978 2861/276/978
f 2859/343/978 2861/276/978 2862/319/978
f 2863/322/979 2864/312/979 2865/308/979
f 2863/322/979 2865/308/979 2866/307/979
f 2867/314/980 2868/302/981 2869/301/982
f 2867/314/980 2869/301/982 2870/305/980
f 2871/340/983 2872/324/983 2873/344/983
f 2871/340/983 2873/344/983 2874/257/984
f 2875/330/985 2876/335/985 2877/266/986
f 2875/330/985 2877/266/986 2878/328/985
f 2879/293/987 2880/295/987 2881/249/988
f 2879/293/987 2881/249/988 2882/345/987
f 2883/345/989 2884/247/989 2885/243/989
f 2883/345/989 2885/243/989 2886/611/989
f 2887/338/990 2888/293/990 2889/345/990
f 2887/338/990 2889/345/990 2890/611/991
f 2891/611/992 2892/243/993 2893/245/993
f 2891/611/992 2893/245/993 2894/332/992
f 2895/290/994 2896/338/994 2897/611/994
f 2895/290/994 2897/611/994 2898/332/994
f 2899/312/995 2900/341/995 2901/336/995
f 2899/312/995 2901/336/995 2902/270/995
f 2903/316/996 2904/309/997 2905/337/997
f 2903/316/996 2905/337/997 2906/342/997
f 2907/373/998 2908/369/999 2909/368/998
f 2907/373/998 2909/368/998 2910/374/998
f 2911/353/1000 2912/360/1001 2913/381/1001
f 2911/353/1000 2913/381/1001 2914/376/1002
f 2915/361/1003 2916/363/1004 2917/460/1003
f 2915/361/1003 2917/460/1003 2918/451/1005
f 2919/451/1006 2920/460/1006 2921/452/1006
f 2919/451/1006 2921/452/1006 2922/379/1006
f 2923/364/1007 2924/453/1007 2925/349/1008
f 2923/364/1007 2925/349/1008 2926/377/1007
f 2927/449/1009 2928/451/1010 2929/379/1010
f 2927/449/1009 2929/379/1010 2930/429/1009
f 2931/389/1011 2932/457/1011 2933/386/1011
f 2931/389/1011 2933/386/1011 2934/385/1011
f 2935/397/1012 2936/395/1013 2937/394/1013
f 2935/397/1012 2937/394/1013 2938/398/1013
f 2939/408/1014 2940/411/1015 2941/462/1015
f 2939/408/1014 2941/462/1015 2942/409/1016
f 2943/455/1017 2944/390/1017 2945/416/1018
f 2943/455/1017 2945/416/1018 2946/415/1017
f 2947/415/1019 2948/413/1019 2949/412/1020
f 2947/415/1019 2949/412/1020 2950/455/1020
f 2951/426/1021 2952/428/1021 2953/348/1021
f 2951/426/1021 2953/348/1021 2954/425/1021
f 2955/426/1022 2956/430/1022 2957/449/1022
f 2955/426/1022 2957/449/1022 2958/429/1022
f 2959/459/1023 2960/452/1024 2961/460/1023
f 2959/459/1023 2961/460/1023 2962/461/1023
f 2963/414/1025 2964/416/1026 2965/459/1026
f 2963/414/1025 2965/459/1026 2966/461/1025
f 2967/430/1027 2968/431/1028 2969/450/1028
f 2967/430/1027 2969/450/1028 2970/449/1028
f 2971/424/1029 2972/381/1030 2973/360/1029
f 2971/424/1029 2973/360/1029 2974/433/1029
f 2975/438/1031 2976/436/1031 2977/372/1031
f 2975/438/1031 2977/372/1031 2978/358/1031
f 2979/371/1032 2980/383/1032 2981/440/1033
f 2979/371/1032 2981/440/1033 2982/357/1032
f 2983/407/1034 2984/438/1035 2985/441/1035
f 2983/407/1034 2985/441/1035 2986/405/1035
f 2987/462/1036 2988/411/1037 2989/368/1037
f 2987/462/1036 2989/368/1037 2990/367/1036
f 2991/420/1038 2992/456/1038 2993/380/1038
f 2991/420/1038 2993/380/1038 2994/458/1038
f 2995/504/1039 2996/594/1040 2997/489/1039
f 2995/504/1039 2997/489/1039 2998/487/1041
f 2999/476/1042 3000/502/1042 3001/494/1043
f 2999/476/1042 3001/494/1043 3002/474/1042
f 3003/482/1044 3004/593/1045 3005/500/1046
f 3003/482/1044 3005/500/1046 3006/498/1047
f 3007/579/1048 3008/608/1048 3009/483/1048
f 3007/579/1048 3009/483/1048 3010/497/1048
f 3011/539/1049 3012/545/1050 3013/532/1049
f 3011/539/1049 3013/532/1049 3014/531/1049
f 3015/604/1051 3016/563/1052 3017/566/1051
f 3015/604/1051 3017/566/1051 3018/581/1052
f 3019/557/1053 3020/604/1053 3021/581/1053
f 3019/557/1053 3021/581/1053 3022/552/1053
f 3023/556/1054 3024/564/1054 3025/604/1054
f 3023/556/1054 3025/604/1054 3026/557/1054
f 3027/535/1055 3028/532/1055 3029/546/1055
f 3027/535/1055 3029/546/1055 3030/548/1055
f 3031/566/1056 3032/484/1056 3033/483/1057
f 3031/566/1056 3033/483/1057 3034/581/1056
f 3035/567/1058 3036/480/1058 3037/479/1059
f 3035/567/1058 3037/479/1059 3038/605/1059
f 3039/534/1060 3040/603/1061 3041/605/1060
f 3039/534/1060 3041/605/1060 3042/569/1060
f 3043/607/1062 3044/476/1063 3045/475/1062
f 3043/607/1062 3045/475/1062 3046/570/1062
f 3047/574/1064 3048/529/1064 3049/571/1064
f 3047/574/1064 3049/571/1064 3050/575/1065
f 3051/573/1066 3052/575/1066 3053/471/1066
f 3051/573/1066 3053/471/1066 3054/470/1066
f 3055/576/1067 3056/578/1068 3057/594/1069
f 3055/576/1067 3057/594/1069 3058/504/1070
f 3059/530/1071 3060/539/1071 3061/506/1071
f 3059/530/1071 3061/506/1071 3062/572/1072
f 3063/533/1073 3064/535/1073 3065/501/1073
f 3063/533/1073 3065/501/1073 3066/606/1073
f 3067/559/1074 3068/580/1074 3069/608/1074
f 3067/559/1074 3069/608/1074 3070/579/1074
f 3071/564/1075 3072/556/1076 3073/380/1076
f 3071/564/1075 3073/380/1076 3074/562/1077
