# Blender 4.5.4 LTS
# www.blender.org
mtllib butterfly.mtl
o 0
v 0.293762 4.432256 0.507380
v 1.302881 5.045584 1.418593
v 1.148442 5.201838 1.437641
v 0.293762 4.432256 0.507380
v 0.448852 4.275094 0.486661
v 1.302881 5.045584 1.418593
v 1.148442 5.201838 1.437641
v 2.142652 5.824330 2.365484
v 1.988902 5.979537 2.382643
v 1.148442 5.201838 1.437641
v 1.302881 5.045584 1.418593
v 2.142652 5.824330 2.365484
v 1.988902 5.979537 2.382643
v 2.956762 6.619028 3.341316
v 2.804641 6.772533 3.355404
v 1.988902 5.979537 2.382643
v 2.142652 5.824330 2.365484
v 2.956762 6.619028 3.341316
v 2.804641 6.772533 3.355404
v 3.682741 7.478321 4.434338
v 3.533412 7.629232 4.443708
v 2.804641 6.772533 3.355404
v 2.956762 6.619028 3.341316
v 3.682741 7.478321 4.434338
v 3.533412 7.629232 4.443708
v 4.439651 8.482095 5.526115
v 4.248721 8.565706 5.538192
v 3.533412 7.629232 4.443708
v 3.682741 7.478321 4.434338
v 4.439651 8.482095 5.526115
v 4.248721 8.565706 5.538192
v 4.395532 8.448573 6.157607
v 4.204541 8.461790 6.077119
v 4.248721 8.565706 5.538192
v 4.439651 8.482095 5.526115
v 4.395532 8.448573 6.157607
v 4.204541 8.461790 6.077119
v 4.066691 7.720083 7.225404
v 3.875881 7.734426 7.146957
v 4.204541 8.461790 6.077119
v 4.395532 8.448573 6.157607
v 4.066691 7.720083 7.225404
v 3.875881 7.734426 7.146957
v 3.757442 6.994823 8.299051
v 3.566122 7.011044 8.223991
v 3.875881 7.734426 7.146957
v 4.066691 7.720083 7.225404
v 3.757442 6.994823 8.299051
v 3.566122 7.011044 8.223991
v 3.466071 6.270060 9.373556
v 3.273612 6.288614 9.302739
v 3.566122 7.011044 8.223991
v 3.757442 6.994823 8.299051
v 3.466071 6.270060 9.373556
v 3.273612 6.288614 9.302739
v 3.245382 5.487131 10.294139
v 3.050872 5.484221 10.258643
v 3.273612 6.288614 9.302739
v 3.466071 6.270060 9.373556
v 3.245382 5.487131 10.294139
v 3.050872 5.484221 10.258643
v 3.629202 5.074568 10.874553
v 3.072141 5.017514 10.837036
v 3.050872 5.484221 10.258643
v 3.245382 5.487131 10.294139
v 3.629202 5.074568 10.874553
v 3.072141 5.017514 10.837036
v 3.426932 4.784487 11.183452
v 3.231082 4.807562 11.120823
v 3.072141 5.017514 10.837036
v 3.629202 5.074568 10.874553
v 3.426932 4.784487 11.183452
v 0.376532 4.507516 0.340537
v 1.385751 5.121538 1.253023
v 0.531782 4.350438 0.320000
v 0.376532 4.507516 0.340537
v 1.231182 5.277638 1.271791
v 1.385751 5.121538 1.253023
v 1.231182 5.277638 1.271791
v 2.225471 5.900919 2.201061
v 1.385751 5.121538 1.253023
v 1.231182 5.277638 1.271791
v 2.071642 6.055981 2.217957
v 2.225471 5.900919 2.201061
v 2.071642 6.055981 2.217957
v 3.039692 6.696126 3.177835
v 2.225471 5.900919 2.201061
v 2.071642 6.055981 2.217957
v 2.887431 6.849497 3.191655
v 3.039692 6.696126 3.177835
v 2.887431 6.849497 3.191655
v 3.765692 7.556004 4.271905
v 3.039692 6.696126 3.177835
v 2.887431 6.849497 3.191655
v 3.616192 7.706813 4.281081
v 3.765692 7.556004 4.271905
v 3.616192 7.706813 4.281081
v 4.601671 8.750488 5.451650
v 3.765692 7.556004 4.271905
v 3.616192 7.706813 4.281081
v 4.411021 8.833647 5.462903
v 4.601671 8.750488 5.451650
v 4.411021 8.833647 5.462903
v 4.382492 8.623084 6.330997
v 4.601671 8.750488 5.451650
v 4.411021 8.833647 5.462903
v 4.192302 8.636043 6.250013
v 4.382492 8.623084 6.330997
v 4.192302 8.636043 6.250013
v 4.054872 7.893751 7.397249
v 4.382492 8.623084 6.330997
v 4.192302 8.636043 6.250013
v 3.864852 7.907831 7.318319
v 4.054872 7.893751 7.397249
v 3.864852 7.907831 7.318319
v 3.747492 7.167013 8.468204
v 4.054872 7.893751 7.397249
v 3.864852 7.907831 7.318319
v 3.556972 7.182853 8.392463
v 3.747492 7.167013 8.468204
v 3.556972 7.182853 8.392463
v 3.458662 6.440159 9.538902
v 3.747492 7.167013 8.468204
v 3.556972 7.182853 8.392463
v 3.266952 6.458406 9.467546
v 3.458662 6.440159 9.538902
v 3.266952 6.458406 9.467546
v 3.240562 5.655012 10.455498
v 3.458662 6.440159 9.538902
v 3.266952 6.458406 9.467546
v 3.046911 5.651715 10.419291
v 3.240562 5.655012 10.455498
v 3.046911 5.651715 10.419291
v 3.623952 5.242068 11.035210
v 3.240562 5.655012 10.455498
v 3.046911 5.651715 10.419291
v 3.069252 5.183805 10.995514
v 3.623952 5.242068 11.035210
v 3.069252 5.183805 10.995514
v 3.423281 4.950796 11.341919
v 3.623952 5.242068 11.035210
v 3.069252 5.183805 10.995514
v 3.228142 4.973595 11.278805
v 3.423281 4.950796 11.341919
v 0.293762 4.432256 0.507380
v 0.531782 4.350438 0.320000
v 0.448852 4.275094 0.486661
v 0.293762 4.432256 0.507380
v 0.376532 4.507516 0.340537
v 0.531782 4.350438 0.320000
v 0.448852 4.275094 0.486661
v 1.385751 5.121538 1.253023
v 1.302881 5.045584 1.418593
v 0.448852 4.275094 0.486661
v 0.531782 4.350438 0.320000
v 1.385751 5.121538 1.253023
v 1.302881 5.045584 1.418593
v 2.225471 5.900919 2.201061
v 2.142652 5.824330 2.365484
v 1.302881 5.045584 1.418593
v 1.385751 5.121538 1.253023
v 2.225471 5.900919 2.201061
v 2.142652 5.824330 2.365484
v 3.039692 6.696126 3.177835
v 2.956762 6.619028 3.341316
v 2.142652 5.824330 2.365484
v 2.225471 5.900919 2.201061
v 3.039692 6.696126 3.177835
v 2.956762 6.619028 3.341316
v 3.765692 7.556004 4.271905
v 3.682741 7.478321 4.434338
v 2.956762 6.619028 3.341316
v 3.039692 6.696126 3.177835
v 3.765692 7.556004 4.271905
v 3.682741 7.478321 4.434338
v 4.601671 8.750488 5.451650
v 4.439651 8.482095 5.526115
v 3.682741 7.478321 4.434338
v 3.765692 7.556004 4.271905
v 4.601671 8.750488 5.451650
v 4.439651 8.482095 5.526115
v 4.382492 8.623084 6.330997
v 4.395532 8.448573 6.157607
v 4.439651 8.482095 5.526115
v 4.601671 8.750488 5.451650
v 4.382492 8.623084 6.330997
v 4.395532 8.448573 6.157607
v 4.054872 7.893751 7.397249
v 4.066691 7.720083 7.225404
v 4.395532 8.448573 6.157607
v 4.382492 8.623084 6.330997
v 4.054872 7.893751 7.397249
v 4.066691 7.720083 7.225404
v 3.747492 7.167013 8.468204
v 3.757442 6.994823 8.299051
v 4.066691 7.720083 7.225404
v 4.054872 7.893751 7.397249
v 3.747492 7.167013 8.468204
v 3.757442 6.994823 8.299051
v 3.458662 6.440159 9.538902
v 3.466071 6.270060 9.373556
v 3.757442 6.994823 8.299051
v 3.747492 7.167013 8.468204
v 3.458662 6.440159 9.538902
v 3.466071 6.270060 9.373556
v 3.240562 5.655012 10.455498
v 3.245382 5.487131 10.294139
v 3.466071 6.270060 9.373556
v 3.458662 6.440159 9.538902
v 3.240562 5.655012 10.455498
v 3.245382 5.487131 10.294139
v 3.623952 5.242068 11.035210
v 3.629202 5.074568 10.874553
v 3.245382 5.487131 10.294139
v 3.240562 5.655012 10.455498
v 3.623952 5.242068 11.035210
v 3.629202 5.074568 10.874553
v 3.423281 4.950796 11.341919
v 3.426932 4.784487 11.183452
v 3.629202 5.074568 10.874553
v 3.623952 5.242068 11.035210
v 3.423281 4.950796 11.341919
v 3.426932 4.784487 11.183452
v 3.228142 4.973595 11.278805
v 3.231082 4.807562 11.120823
v 3.426932 4.784487 11.183452
v 3.423281 4.950796 11.341919
v 3.228142 4.973595 11.278805
v 3.231082 4.807562 11.120823
v 3.069252 5.183805 10.995514
v 3.072141 5.017514 10.837036
v 3.231082 4.807562 11.120823
v 3.228142 4.973595 11.278805
v 3.069252 5.183805 10.995514
v 3.072141 5.017514 10.837036
v 3.046911 5.651715 10.419291
v 3.050872 5.484221 10.258643
v 3.072141 5.017514 10.837036
v 3.069252 5.183805 10.995514
v 3.046911 5.651715 10.419291
v 3.050872 5.484221 10.258643
v 3.266952 6.458406 9.467546
v 3.273612 6.288614 9.302739
v 3.050872 5.484221 10.258643
v 3.046911 5.651715 10.419291
v 3.266952 6.458406 9.467546
v 3.273612 6.288614 9.302739
v 3.556972 7.182853 8.392463
v 3.566122 7.011044 8.223991
v 3.273612 6.288614 9.302739
v 3.266952 6.458406 9.467546
v 3.556972 7.182853 8.392463
v 3.566122 7.011044 8.223991
v 3.864852 7.907831 7.318319
v 3.875881 7.734426 7.146957
v 3.566122 7.011044 8.223991
v 3.556972 7.182853 8.392463
v 3.864852 7.907831 7.318319
v 3.875881 7.734426 7.146957
v 4.192302 8.636043 6.250013
v 4.204541 8.461790 6.077119
v 3.875881 7.734426 7.146957
v 3.864852 7.907831 7.318319
v 4.192302 8.636043 6.250013
v 4.204541 8.461790 6.077119
v 4.411021 8.833647 5.462903
v 4.248721 8.565706 5.538192
v 4.204541 8.461790 6.077119
v 4.192302 8.636043 6.250013
v 4.411021 8.833647 5.462903
v 4.248721 8.565706 5.538192
v 3.616192 7.706813 4.281081
v 3.533412 7.629232 4.443708
v 4.248721 8.565706 5.538192
v 4.411021 8.833647 5.462903
v 3.616192 7.706813 4.281081
v 3.533412 7.629232 4.443708
v 2.887431 6.849497 3.191655
v 2.804641 6.772533 3.355404
v 3.533412 7.629232 4.443708
v 3.616192 7.706813 4.281081
v 2.887431 6.849497 3.191655
v 2.804641 6.772533 3.355404
v 2.071642 6.055981 2.217957
v 1.988902 5.979537 2.382643
v 2.804641 6.772533 3.355404
v 2.887431 6.849497 3.191655
v 2.071642 6.055981 2.217957
v 1.988902 5.979537 2.382643
v 1.231182 5.277638 1.271791
v 1.148442 5.201838 1.437641
v 1.988902 5.979537 2.382643
v 2.071642 6.055981 2.217957
v 1.231182 5.277638 1.271791
v 1.148442 5.201838 1.437641
v 0.376532 4.507516 0.340537
v 0.293762 4.432256 0.507380
v 1.148442 5.201838 1.437641
v 1.231182 5.277638 1.271791
v 0.376532 4.507516 0.340537
v -1.992848 11.871338 10.797777
v -4.365728 13.634424 11.671289
v -2.104648 11.697845 10.586615
v -1.992848 11.871338 10.797777
v -4.263138 13.793236 11.855852
v -4.365728 13.634424 11.671289
v -4.263138 13.793236 11.855852
v -6.524538 15.631466 12.865400
v -4.365728 13.634424 11.671289
v -4.263138 13.793236 11.855852
v -6.430079 15.777679 13.027157
v -6.524538 15.631466 12.865400
v -6.430079 15.777679 13.027157
v -8.766398 17.593155 13.995580
v -6.524538 15.631466 12.865400
v -6.430079 15.777679 13.027157
v -8.678569 17.731407 14.142900
v -8.766398 17.593155 13.995580
v -8.678569 17.731407 14.142900
v -11.147368 19.477280 14.985312
v -8.766398 17.593155 13.995580
v -8.678569 17.731407 14.142900
v -11.061479 19.613811 15.129528
v -11.147368 19.477280 14.985312
v -11.061479 19.613811 15.129528
v -13.557199 21.280254 15.828069
v -11.147368 19.477280 14.985312
v -11.061479 19.613811 15.129528
v -13.466659 21.424225 15.985719
v -13.557199 21.280254 15.828069
v -13.466659 21.424225 15.985719
v -15.873248 23.121929 16.740868
v -13.557199 21.280254 15.828069
v -13.466659 21.424225 15.985719
v -15.769718 23.280926 16.925671
v -15.873248 23.121929 16.740868
v -15.769718 23.280926 16.925671
v -18.074018 25.003981 17.726509
v -15.873248 23.121929 16.740868
v -15.769718 23.280926 16.925671
v -17.974358 25.159393 17.904915
v -18.074018 25.003981 17.726509
v -17.974358 25.159393 17.904915
v -20.269777 26.831982 18.614275
v -18.074018 25.003981 17.726509
v -17.974358 25.159393 17.904915
v -20.172659 26.987473 18.792854
v -20.269777 26.831982 18.614275
v -20.172659 26.987473 18.792854
v -22.466608 28.618324 19.426586
v -20.269777 26.831982 18.614275
v -20.172659 26.987473 18.792854
v -22.374338 28.772465 19.602722
v -22.466608 28.618324 19.426586
v -22.374338 28.772465 19.602722
v -24.611849 30.289902 20.123260
v -22.466608 28.618324 19.426586
v -22.374338 28.772465 19.602722
v -24.592958 30.486515 20.309439
v -24.611849 30.289902 20.123260
v -24.592958 30.486515 20.309439
v -25.802618 30.668438 19.999256
v -24.611849 30.289902 20.123260
v -24.592958 30.486515 20.309439
v -25.896338 31.316395 20.549809
v -25.802618 30.668438 19.999256
v -25.896338 31.316395 20.549809
v -26.574287 31.389271 20.345459
v -25.802618 30.668438 19.999256
v -25.896338 31.316395 20.549809
v -26.493149 31.539082 20.513748
v -26.574287 31.389271 20.345459
v -1.931748 12.019604 10.614265
v -4.312298 13.777760 11.478833
v -4.209389 13.937008 11.664193
v -1.931748 12.019604 10.614265
v -2.043758 11.845781 10.402508
v -4.312298 13.777760 11.478833
v -4.209389 13.937008 11.664193
v -6.475228 15.772331 12.668498
v -6.380268 15.918980 12.831046
v -4.209389 13.937008 11.664193
v -4.312298 13.777760 11.478833
v -6.475228 15.772331 12.668498
v -6.380268 15.918980 12.831046
v -8.716848 17.732670 13.796215
v -8.628529 17.871349 13.944316
v -6.380268 15.918980 12.831046
v -6.475228 15.772331 12.668498
v -8.716848 17.732670 13.796215
v -8.628529 17.871349 13.944316
v -11.097629 19.618559 14.789145
v -11.011168 19.755394 14.933913
v -8.628529 17.871349 13.944316
v -8.716848 17.732670 13.796215
v -11.097629 19.618559 14.789145
v -11.011168 19.755394 14.933913
v -13.507578 21.426191 15.640324
v -13.416429 21.569881 15.797464
v -11.011168 19.755394 14.933913
v -11.097629 19.618559 14.789145
v -13.507578 21.426191 15.640324
v -13.416429 21.569881 15.797464
v -15.822158 23.273354 16.563030
v -15.718389 23.431431 16.746216
v -13.416429 21.569881 15.797464
v -13.507578 21.426191 15.640324
v -15.822158 23.273354 16.563030
v -15.718389 23.431431 16.746216
v -18.025099 25.155836 17.549519
v -17.925327 25.311096 17.727642
v -15.718389 23.431431 16.746216
v -15.822158 23.273354 16.563030
v -18.025099 25.155836 17.549519
v -17.925327 25.311096 17.727642
v -20.222929 26.985416 18.440170
v -20.125698 27.140865 18.618671
v -17.925327 25.311096 17.727642
v -18.025099 25.155836 17.549519
v -20.222929 26.985416 18.440170
v -20.125698 27.140865 18.618671
v -22.422499 28.772881 19.254492
v -22.329967 28.926926 19.430464
v -20.125698 27.140865 18.618671
v -20.222929 26.985416 18.440170
v -22.422499 28.772881 19.254492
v -22.329967 28.926926 19.430464
v -24.570278 30.444920 19.952000
v -24.551258 30.641506 20.138138
v -22.329967 28.926926 19.430464
v -22.422499 28.772881 19.254492
v -24.570278 30.444920 19.952000
v -24.551258 30.641506 20.138138
v -25.763039 30.823521 19.828121
v -25.856108 31.471569 20.378845
v -24.551258 30.641506 20.138138
v -24.570278 30.444920 19.952000
v -25.763039 30.823521 19.828121
v -25.856108 31.471569 20.378845
v -26.535658 31.544487 20.174580
v -26.454079 31.694386 20.343014
v -25.856108 31.471569 20.378845
v -25.763039 30.823521 19.828121
v -26.535658 31.544487 20.174580
v -1.992848 11.871338 10.797777
v -2.043758 11.845781 10.402508
v -1.931748 12.019604 10.614265
v -1.992848 11.871338 10.797777
v -2.104648 11.697845 10.586615
v -2.043758 11.845781 10.402508
v -2.104648 11.697845 10.586615
v -4.312298 13.777760 11.478833
v -2.043758 11.845781 10.402508
v -2.104648 11.697845 10.586615
v -4.365728 13.634424 11.671289
v -4.312298 13.777760 11.478833
v -4.365728 13.634424 11.671289
v -6.475228 15.772331 12.668498
v -4.312298 13.777760 11.478833
v -4.365728 13.634424 11.671289
v -6.524538 15.631466 12.865400
v -6.475228 15.772331 12.668498
v -6.524538 15.631466 12.865400
v -8.716848 17.732670 13.796215
v -6.475228 15.772331 12.668498
v -6.524538 15.631466 12.865400
v -8.766398 17.593155 13.995580
v -8.716848 17.732670 13.796215
v -8.766398 17.593155 13.995580
v -11.097629 19.618559 14.789145
v -8.716848 17.732670 13.796215
v -8.766398 17.593155 13.995580
v -11.147368 19.477280 14.985312
v -11.097629 19.618559 14.789145
v -11.147368 19.477280 14.985312
v -13.507578 21.426191 15.640324
v -11.097629 19.618559 14.789145
v -11.147368 19.477280 14.985312
v -13.557199 21.280254 15.828069
v -13.507578 21.426191 15.640324
v -13.557199 21.280254 15.828069
v -15.822158 23.273354 16.563030
v -13.507578 21.426191 15.640324
v -13.557199 21.280254 15.828069
v -15.873248 23.121929 16.740868
v -15.822158 23.273354 16.563030
v -15.873248 23.121929 16.740868
v -18.025099 25.155836 17.549519
v -15.822158 23.273354 16.563030
v -15.873248 23.121929 16.740868
v -18.074018 25.003981 17.726509
v -18.025099 25.155836 17.549519
v -18.074018 25.003981 17.726509
v -20.222929 26.985416 18.440170
v -18.025099 25.155836 17.549519
v -18.074018 25.003981 17.726509
v -20.269777 26.831982 18.614275
v -20.222929 26.985416 18.440170
v -20.269777 26.831982 18.614275
v -22.422499 28.772881 19.254492
v -20.222929 26.985416 18.440170
v -20.269777 26.831982 18.614275
v -22.466608 28.618324 19.426586
v -22.422499 28.772881 19.254492
v -22.466608 28.618324 19.426586
v -24.570278 30.444920 19.952000
v -22.422499 28.772881 19.254492
v -22.466608 28.618324 19.426586
v -24.611849 30.289902 20.123260
v -24.570278 30.444920 19.952000
v -24.611849 30.289902 20.123260
v -25.763039 30.823521 19.828121
v -24.570278 30.444920 19.952000
v -24.611849 30.289902 20.123260
v -25.802618 30.668438 19.999256
v -25.763039 30.823521 19.828121
v -25.802618 30.668438 19.999256
v -26.535658 31.544487 20.174580
v -25.763039 30.823521 19.828121
v -25.802618 30.668438 19.999256
v -26.574287 31.389271 20.345459
v -26.535658 31.544487 20.174580
v -26.574287 31.389271 20.345459
v -26.454079 31.694386 20.343014
v -26.535658 31.544487 20.174580
v -26.574287 31.389271 20.345459
v -26.493149 31.539082 20.513748
v -26.454079 31.694386 20.343014
v -26.493149 31.539082 20.513748
v -25.856108 31.471569 20.378845
v -26.454079 31.694386 20.343014
v -26.493149 31.539082 20.513748
v -25.896338 31.316395 20.549809
v -25.856108 31.471569 20.378845
v -25.896338 31.316395 20.549809
v -24.551258 30.641506 20.138138
v -25.856108 31.471569 20.378845
v -25.896338 31.316395 20.549809
v -24.592958 30.486515 20.309439
v -24.551258 30.641506 20.138138
v -24.592958 30.486515 20.309439
v -22.329967 28.926926 19.430464
v -24.551258 30.641506 20.138138
v -24.592958 30.486515 20.309439
v -22.374338 28.772465 19.602722
v -22.329967 28.926926 19.430464
v -22.374338 28.772465 19.602722
v -20.125698 27.140865 18.618671
v -22.329967 28.926926 19.430464
v -22.374338 28.772465 19.602722
v -20.172659 26.987473 18.792854
v -20.125698 27.140865 18.618671
v -20.172659 26.987473 18.792854
v -17.925327 25.311096 17.727642
v -20.125698 27.140865 18.618671
v -20.172659 26.987473 18.792854
v -17.974358 25.159393 17.904915
v -17.925327 25.311096 17.727642
v -17.974358 25.159393 17.904915
v -15.718389 23.431431 16.746216
v -17.925327 25.311096 17.727642
v -17.974358 25.159393 17.904915
v -15.769718 23.280926 16.925671
v -15.718389 23.431431 16.746216
v -15.769718 23.280926 16.925671
v -13.416429 21.569881 15.797464
v -15.718389 23.431431 16.746216
v -15.769718 23.280926 16.925671
v -13.466659 21.424225 15.985719
v -13.416429 21.569881 15.797464
v -13.466659 21.424225 15.985719
v -11.011168 19.755394 14.933913
v -13.416429 21.569881 15.797464
v -13.466659 21.424225 15.985719
v -11.061479 19.613811 15.129528
v -11.011168 19.755394 14.933913
v -11.061479 19.613811 15.129528
v -8.628529 17.871349 13.944316
v -11.011168 19.755394 14.933913
v -11.061479 19.613811 15.129528
v -8.678569 17.731407 14.142900
v -8.628529 17.871349 13.944316
v -8.678569 17.731407 14.142900
v -6.380268 15.918980 12.831046
v -8.628529 17.871349 13.944316
v -8.678569 17.731407 14.142900
v -6.430079 15.777679 13.027157
v -6.380268 15.918980 12.831046
v -6.430079 15.777679 13.027157
v -4.209389 13.937008 11.664193
v -6.380268 15.918980 12.831046
v -6.430079 15.777679 13.027157
v -4.263138 13.793236 11.855852
v -4.209389 13.937008 11.664193
v -4.263138 13.793236 11.855852
v -1.931748 12.019604 10.614265
v -4.209389 13.937008 11.664193
v -4.263138 13.793236 11.855852
v -1.992848 11.871338 10.797777
v -1.931748 12.019604 10.614265
v -1.361868 2.144501 -2.663803
v 0.080492 2.310062 -2.564651
v 0.014042 2.506448 -2.472964
v -1.361868 2.144501 -2.663803
v -1.296628 1.947515 -2.756563
v 0.080492 2.310062 -2.564651
v 0.014042 2.506448 -2.472964
v 1.451182 2.690620 -2.340077
v 1.383342 2.886362 -2.249557
v 0.014042 2.506448 -2.472964
v 0.080492 2.310062 -2.564651
v 1.451182 2.690620 -2.340077
v 1.383342 2.886362 -2.249557
v 2.814052 3.088990 -2.083238
v 2.745052 3.284116 -1.993816
v 1.383342 2.886362 -2.249557
v 1.451182 2.690620 -2.340077
v 2.814052 3.088990 -2.083238
v 2.745052 3.284116 -1.993816
v 4.168252 3.504942 -1.794484
v 4.097921 3.699322 -1.706422
v 2.745052 3.284116 -1.993816
v 2.814052 3.088990 -2.083238
v 4.168252 3.504942 -1.794484
v 4.097921 3.699322 -1.706422
v 5.572871 3.996191 -1.632406
v 5.453002 4.147236 -1.498208
v 4.097921 3.699322 -1.706422
v 4.168252 3.504942 -1.794484
v 5.572871 3.996191 -1.632406
v 5.453002 4.147236 -1.498208
v 5.839682 3.902374 -1.110561
v 5.654852 4.001273 -1.035768
v 5.453002 4.147236 -1.498208
v 5.572871 3.996191 -1.632406
v 5.839682 3.902374 -1.110561
v 5.654852 4.001273 -1.035768
v 5.907991 3.247151 0.089570
v 5.723871 3.346006 0.164272
v 5.654852 4.001273 -1.035768
v 5.839682 3.902374 -1.110561
v 5.907991 3.247151 0.089570
v 5.723871 3.346006 0.164272
v 5.993022 2.609665 1.321802
v 5.809642 2.708449 1.396384
v 5.723871 3.346006 0.164272
v 5.907991 3.247151 0.089570
v 5.993022 2.609665 1.321802
v 5.809642 2.708449 1.396384
v 6.089711 1.985866 2.578854
v 5.907282 2.084530 2.653216
v 5.809642 2.708449 1.396384
v 5.993022 2.609665 1.321802
v 6.089711 1.985866 2.578854
v 5.907282 2.084530 2.653216
v 6.149571 1.306286 3.686429
v 5.975832 1.380970 3.791525
v 5.907282 2.084530 2.653216
v 6.089711 1.985866 2.578854
v 6.149571 1.306286 3.686429
v 5.975832 1.380970 3.791525
v 6.626931 0.753641 4.012836
v 6.146642 0.916462 4.373731
v 5.975832 1.380970 3.791525
v 6.149571 1.306286 3.686429
v 6.626931 0.753641 4.012836
v 6.146642 0.916462 4.373731
v 6.536362 0.553403 4.484406
v 6.354921 0.651129 4.557081
v 6.146642 0.916462 4.373731
v 6.626931 0.753641 4.012836
v 6.536362 0.553403 4.484406
v -1.361268 2.204456 -2.858262
v 0.082362 2.369945 -2.759252
v -1.296058 2.007464 -2.951053
v -1.361268 2.204456 -2.858262
v 0.015802 2.566346 -2.667540
v 0.082362 2.369945 -2.759252
v 0.015802 2.566346 -2.667540
v 1.454142 2.750544 -2.534610
v 0.082362 2.369945 -2.759252
v 0.015802 2.566346 -2.667540
v 1.386342 2.946224 -2.444192
v 1.454142 2.750544 -2.534610
v 1.386342 2.946224 -2.444192
v 2.818252 3.149001 -2.277602
v 1.454142 2.750544 -2.534610
v 1.386342 2.946224 -2.444192
v 2.749132 3.344044 -2.188340
v 2.818252 3.149001 -2.277602
v 2.749132 3.344044 -2.188340
v 4.173552 3.564962 -1.988831
v 2.818252 3.149001 -2.277602
v 2.749132 3.344044 -2.188340
v 4.103242 3.759352 -1.900774
v 4.173552 3.564962 -1.988831
v 4.103242 3.759352 -1.900774
v 5.735541 4.187858 -1.845941
v 4.173552 3.564962 -1.988831
v 4.103242 3.759352 -1.900774
v 5.615441 4.338676 -1.712143
v 5.735541 4.187858 -1.845941
v 5.615441 4.338676 -1.712143
v 5.961951 4.045389 -0.994432
v 5.735541 4.187858 -1.845941
v 5.615441 4.338676 -1.712143
v 5.777202 4.144120 -0.919958
v 5.961951 4.045389 -0.994432
v 5.777202 4.144120 -0.919958
v 6.029511 3.390225 0.205781
v 5.961951 4.045389 -0.994432
v 5.777202 4.144120 -0.919958
v 5.845522 3.488881 0.280147
v 6.029511 3.390225 0.205781
v 5.845522 3.488881 0.280147
v 6.113711 2.752761 1.438069
v 6.029511 3.390225 0.205781
v 5.845522 3.488881 0.280147
v 5.930471 2.851364 1.512328
v 6.113711 2.752761 1.438069
v 5.930471 2.851364 1.512328
v 6.209581 2.128991 2.695173
v 6.113711 2.752761 1.438069
v 5.930471 2.851364 1.512328
v 6.027231 2.227449 2.769146
v 6.209581 2.128991 2.695173
v 6.027231 2.227449 2.769146
v 6.268652 1.449331 3.802610
v 6.209581 2.128991 2.695173
v 6.027231 2.227449 2.769146
v 6.095032 1.523815 3.907348
v 6.268652 1.449331 3.802610
v 6.095032 1.523815 3.907348
v 6.745332 0.896988 4.129548
v 6.268652 1.449331 3.802610
v 6.095032 1.523815 3.907348
v 6.265351 1.059311 4.489562
v 6.745332 0.896988 4.129548
v 6.265351 1.059311 4.489562
v 6.654582 0.696525 4.600716
v 6.745332 0.896988 4.129548
v 6.265351 1.059311 4.489562
v 6.473342 0.794080 4.673084
v 6.654582 0.696525 4.600716
v -1.361868 2.144501 -2.663803
v -1.296058 2.007464 -2.951053
v -1.296628 1.947515 -2.756563
v -1.361868 2.144501 -2.663803
v -1.361268 2.204456 -2.858262
v -1.296058 2.007464 -2.951053
v -1.296628 1.947515 -2.756563
v 0.082362 2.369945 -2.759252
v 0.080492 2.310062 -2.564651
v -1.296628 1.947515 -2.756563
v -1.296058 2.007464 -2.951053
v 0.082362 2.369945 -2.759252
v 0.080492 2.310062 -2.564651
v 1.454142 2.750544 -2.534610
v 1.451182 2.690620 -2.340077
v 0.080492 2.310062 -2.564651
v 0.082362 2.369945 -2.759252
v 1.454142 2.750544 -2.534610
v 1.451182 2.690620 -2.340077
v 2.818252 3.149001 -2.277602
v 2.814052 3.088990 -2.083238
v 1.451182 2.690620 -2.340077
v 1.454142 2.750544 -2.534610
v 2.818252 3.149001 -2.277602
v 2.814052 3.088990 -2.083238
v 4.173552 3.564962 -1.988831
v 4.168252 3.504942 -1.794484
v 2.814052 3.088990 -2.083238
v 2.818252 3.149001 -2.277602
v 4.173552 3.564962 -1.988831
v 4.168252 3.504942 -1.794484
v 5.735541 4.187858 -1.845941
v 5.572871 3.996191 -1.632406
v 4.168252 3.504942 -1.794484
v 4.173552 3.564962 -1.988831
v 5.735541 4.187858 -1.845941
v 5.572871 3.996191 -1.632406
v 5.735541 4.187858 -1.845941
v 5.961951 4.045389 -0.994432
v 5.572871 3.996191 -1.632406
v 5.961951 4.045389 -0.994432
v 5.839682 3.902374 -1.110561
v 5.839682 3.902374 -1.110561
v 6.029511 3.390225 0.205781
v 5.907991 3.247151 0.089570
v 5.839682 3.902374 -1.110561
v 5.961951 4.045389 -0.994432
v 6.029511 3.390225 0.205781
v 5.907991 3.247151 0.089570
v 6.113711 2.752761 1.438069
v 5.993022 2.609665 1.321802
v 5.907991 3.247151 0.089570
v 6.029511 3.390225 0.205781
v 6.113711 2.752761 1.438069
v 5.993022 2.609665 1.321802
v 6.209581 2.128991 2.695173
v 6.089711 1.985866 2.578854
v 5.993022 2.609665 1.321802
v 6.113711 2.752761 1.438069
v 6.209581 2.128991 2.695173
v 6.089711 1.985866 2.578854
v 6.268652 1.449331 3.802610
v 6.149571 1.306286 3.686429
v 6.089711 1.985866 2.578854
v 6.209581 2.128991 2.695173
v 6.268652 1.449331 3.802610
v 6.149571 1.306286 3.686429
v 6.745332 0.896988 4.129548
v 6.626931 0.753641 4.012836
v 6.149571 1.306286 3.686429
v 6.268652 1.449331 3.802610
v 6.745332 0.896988 4.129548
v 6.626931 0.753641 4.012836
v 6.654582 0.696525 4.600716
v 6.536362 0.553403 4.484406
v 6.626931 0.753641 4.012836
v 6.745332 0.896988 4.129548
v 6.654582 0.696525 4.600716
v 6.536362 0.553403 4.484406
v 6.473342 0.794080 4.673084
v 6.354921 0.651129 4.557081
v 6.536362 0.553403 4.484406
v 6.654582 0.696525 4.600716
v 6.473342 0.794080 4.673084
v 6.354921 0.651129 4.557081
v 6.265351 1.059311 4.489562
v 6.146642 0.916462 4.373731
v 6.354921 0.651129 4.557081
v 6.473342 0.794080 4.673084
v 6.265351 1.059311 4.489562
v 6.146642 0.916462 4.373731
v 6.095032 1.523815 3.907348
v 5.975832 1.380970 3.791525
v 6.146642 0.916462 4.373731
v 6.265351 1.059311 4.489562
v 6.095032 1.523815 3.907348
v 5.975832 1.380970 3.791525
v 6.027231 2.227449 2.769146
v 5.907282 2.084530 2.653216
v 5.975832 1.380970 3.791525
v 6.095032 1.523815 3.907348
v 6.027231 2.227449 2.769146
v 5.907282 2.084530 2.653216
v 5.930471 2.851364 1.512328
v 5.809642 2.708449 1.396384
v 5.907282 2.084530 2.653216
v 6.027231 2.227449 2.769146
v 5.930471 2.851364 1.512328
v 5.809642 2.708449 1.396384
v 5.845522 3.488881 0.280147
v 5.723871 3.346006 0.164272
v 5.809642 2.708449 1.396384
v 5.930471 2.851364 1.512328
v 5.845522 3.488881 0.280147
v 5.723871 3.346006 0.164272
v 5.777202 4.144120 -0.919958
v 5.654852 4.001273 -1.035768
v 5.723871 3.346006 0.164272
v 5.845522 3.488881 0.280147
v 5.777202 4.144120 -0.919958
v 5.654852 4.001273 -1.035768
v 5.777202 4.144120 -0.919958
v 5.615441 4.338676 -1.712143
v 5.654852 4.001273 -1.035768
v 5.615441 4.338676 -1.712143
v 5.453002 4.147236 -1.498208
v 5.453002 4.147236 -1.498208
v 4.103242 3.759352 -1.900774
v 4.097921 3.699322 -1.706422
v 5.453002 4.147236 -1.498208
v 5.615441 4.338676 -1.712143
v 4.103242 3.759352 -1.900774
v 4.097921 3.699322 -1.706422
v 2.749132 3.344044 -2.188340
v 2.745052 3.284116 -1.993816
v 4.097921 3.699322 -1.706422
v 4.103242 3.759352 -1.900774
v 2.749132 3.344044 -2.188340
v 2.745052 3.284116 -1.993816
v 1.386342 2.946224 -2.444192
v 1.383342 2.886362 -2.249557
v 2.745052 3.284116 -1.993816
v 2.749132 3.344044 -2.188340
v 1.386342 2.946224 -2.444192
v 1.383342 2.886362 -2.249557
v 0.015802 2.566346 -2.667540
v 0.014042 2.506448 -2.472964
v 1.383342 2.886362 -2.249557
v 1.386342 2.946224 -2.444192
v 0.015802 2.566346 -2.667540
v 0.014042 2.506448 -2.472964
v -1.361268 2.204456 -2.858262
v -1.361868 2.144501 -2.663803
v 0.014042 2.506448 -2.472964
v 0.015802 2.566346 -2.667540
v -1.361268 2.204456 -2.858262
v 0.195712 -11.146731 -27.431589
v -1.042928 -9.760428 -23.081942
v -1.042018 -12.076509 -28.722412
v 0.195712 -11.146731 -27.431589
v 0.855362 -9.380214 -23.290854
v -1.042928 -9.760428 -23.081942
v 1.074882 -6.333205 -17.358130
v -1.042928 -9.760428 -23.081942
v 0.855362 -9.380214 -23.290854
v 1.074882 -6.333205 -17.358130
v -1.071568 -6.794777 -17.159702
v -1.042928 -9.760428 -23.081942
v -3.219239 -6.355952 -17.394238
v -1.042928 -9.760428 -23.081942
v -1.071568 -6.794777 -17.159702
v -3.219239 -6.355952 -17.394238
v -2.942308 -9.385571 -23.296040
v -1.042928 -9.760428 -23.081942
v -2.280018 -11.149132 -27.432993
v -1.042928 -9.760428 -23.081942
v -2.942308 -9.385571 -23.296040
v -2.280018 -11.149132 -27.432993
v -1.042018 -12.076509 -28.722412
v -1.042928 -9.760428 -23.081942
v 1.074882 -6.333205 -17.358130
v -1.133668 -4.525732 -13.593399
v -1.071568 -6.794777 -17.159702
v 1.074882 -6.333205 -17.358130
v 0.692402 -4.126948 -13.768356
v -1.133668 -4.525732 -13.593399
v 0.366152 -2.435791 -11.044765
v -1.133668 -4.525732 -13.593399
v 0.692402 -4.126948 -13.768356
v 0.366152 -2.435791 -11.044765
v -1.200988 -2.782361 -10.889746
v -1.133668 -4.525732 -13.593399
v -2.769108 -2.449892 -11.066574
v -1.133668 -4.525732 -13.593399
v -1.200988 -2.782361 -10.889746
v -2.769108 -2.449892 -11.066574
v -2.960679 -4.145077 -13.796856
v -1.133668 -4.525732 -13.593399
v -3.219239 -6.355952 -17.394238
v -1.133668 -4.525732 -13.593399
v -2.960679 -4.145077 -13.796856
v -3.219239 -6.355952 -17.394238
v -1.071568 -6.794777 -17.159702
v -1.133668 -4.525732 -13.593399
v 1.138542 1.169832 -3.117279
v -1.339268 3.548093 2.656368
v -1.296518 0.610355 -2.882129
v 1.138542 1.169832 -3.117279
v 1.259562 4.137120 2.421419
v -1.339268 3.548093 2.656368
v 1.034642 7.041684 7.337931
v -1.339268 3.548093 2.656368
v 1.259562 4.137120 2.421419
v 1.034642 7.041684 7.337931
v -1.372978 6.482705 7.510705
v -1.339268 3.548093 2.656368
v -3.800908 7.011151 7.288349
v -1.339268 3.548093 2.656368
v -1.372978 6.482705 7.510705
v -3.800908 7.011151 7.288349
v -3.939909 4.118769 2.394351
v -1.339268 3.548093 2.656368
v -3.733028 1.151002 -3.145608
v -1.339268 3.548093 2.656368
v -3.939909 4.118769 2.394351
v -3.733028 1.151002 -3.145608
v -1.296518 0.610355 -2.882129
v -1.339268 3.548093 2.656368
v -2.145298 12.153305 14.662061
v -1.357398 10.803938 14.434113
v -1.360048 12.255039 14.942392
v -2.145298 12.153305 14.662061
v -2.719838 11.215727 14.225343
v -1.357398 10.803938 14.434113
v -3.182938 10.149700 13.259844
v -1.357398 10.803938 14.434113
v -2.719838 11.215727 14.225343
v -3.182938 10.149700 13.259844
v -1.360508 9.580927 13.505558
v -1.357398 10.803938 14.434113
v 0.195712 -11.146731 -27.431589
v -1.042868 -12.145810 -30.988430
v 0.473712 -11.173137 -29.227329
v 0.195712 -11.146731 -27.431589
v -1.042018 -12.076509 -28.722412
v -1.042868 -12.145810 -30.988430
v -2.280018 -11.149132 -27.432993
v -1.042868 -12.145810 -30.988430
v -1.042018 -12.076509 -28.722412
v -2.280018 -11.149132 -27.432993
v -2.558959 -11.176079 -29.229042
v -1.042868 -12.145810 -30.988430
v -2.280018 -11.149132 -27.432993
v -3.576638 -8.255857 -23.935072
v -2.558959 -11.176079 -29.229042
v -2.280018 -11.149132 -27.432993
v -2.942308 -9.385571 -23.296040
v -3.576638 -8.255857 -23.935072
v -3.219239 -6.355952 -17.394238
v -3.576638 -8.255857 -23.935072
v -2.942308 -9.385571 -23.296040
v -3.219239 -6.355952 -17.394238
v -3.935958 -5.045642 -18.115871
v -3.576638 -8.255857 -23.935072
v -3.219239 -6.355952 -17.394238
v -3.569938 -3.006575 -14.419325
v -3.935958 -5.045642 -18.115871
v -3.219239 -6.355952 -17.394238
v -2.960679 -4.145077 -13.796856
v -3.569938 -3.006575 -14.419325
v -2.769108 -2.449892 -11.066574
v -3.569938 -3.006575 -14.419325
v -2.960679 -4.145077 -13.796856
v -2.769108 -2.449892 -11.066574
v -3.291628 -1.454798 -11.606274
v -3.569938 -3.006575 -14.419325
v -3.733028 1.151002 -3.145608
v -4.805518 5.788066 1.522564
v -4.545268 2.741984 -3.999900
v -3.733028 1.151002 -3.145608
v -3.939909 4.118769 2.394351
v -4.805518 5.788066 1.522564
v -3.800908 7.011151 7.288349
v -4.805518 5.788066 1.522564
v -3.939909 4.118769 2.394351
v -3.800908 7.011151 7.288349
v -4.563258 8.575903 6.576227
v -4.805518 5.788066 1.522564
v -2.967278 9.633297 10.929245
v -3.626868 11.275343 11.464285
v -3.460738 10.705603 10.432030
v -2.967278 9.633297 10.929245
v -3.095438 9.857146 12.132594
v -3.626868 11.275343 11.464285
v -3.182938 10.149700 13.259844
v -3.626868 11.275343 11.464285
v -3.095438 9.857146 12.132594
v -3.182938 10.149700 13.259844
v -3.743048 11.825489 12.461540
v -3.626868 11.275343 11.464285
v -3.182938 10.149700 13.259844
v -3.154898 12.450863 13.594290
v -3.743048 11.825489 12.461540
v -3.182938 10.149700 13.259844
v -2.719838 11.215727 14.225343
v -3.154898 12.450863 13.594290
v -2.145298 12.153305 14.662061
v -3.154898 12.450863 13.594290
v -2.719838 11.215727 14.225343
v -2.145298 12.153305 14.662061
v -2.221978 12.976574 14.546001
v -3.154898 12.450863 13.594290
v -2.145298 12.153305 14.662061
v -1.361218 13.159187 14.875956
v -2.221978 12.976574 14.546001
v -2.145298 12.153305 14.662061
v -1.360048 12.255039 14.942392
v -1.361218 13.159187 14.875956
v 0.429982 10.186069 13.321472
v 0.824912 11.326082 11.550945
v 0.970482 11.879396 12.553633
v 0.429982 10.186069 13.321472
v 0.310242 9.892624 12.192834
v 0.824912 11.326082 11.550945
v 0.155432 9.665357 10.983628
v 0.824912 11.326082 11.550945
v 0.310242 9.892624 12.192834
v 0.155432 9.665357 10.983628
v 0.635032 10.750557 10.508634
v 0.824912 11.326082 11.550945
v 0.155432 9.665357 10.983628
v 1.094382 10.072340 9.280567
v 0.635032 10.750557 10.508634
v 0.155432 9.665357 10.983628
v 0.511312 8.811177 9.799429
v 1.094382 10.072340 9.280567
v 1.034642 7.041684 7.337931
v 1.094382 10.072340 9.280567
v 0.511312 8.811177 9.799429
v 1.034642 7.041684 7.337931
v 1.775671 8.626308 6.660028
v 1.094382 10.072340 9.280567
v 1.138542 1.169832 -3.117279
v 1.327121 0.415785 -8.222300
v 1.948112 2.767121 -3.962068
v 1.138542 1.169832 -3.117279
v 0.683422 -0.845102 -7.549183
v 1.327121 0.415785 -8.222300
v 0.366152 -2.435791 -11.044765
v 1.327121 0.415785 -8.222300
v 0.683422 -0.845102 -7.549183
v 0.366152 -2.435791 -11.044765
v 0.886652 -1.435968 -11.577118
v 1.327121 0.415785 -8.222300
v 1.074882 -6.333205 -17.358130
v 1.487962 -8.248704 -23.928148
v 1.789452 -5.015283 -18.067665
v 1.074882 -6.333205 -17.358130
v 0.855362 -9.380214 -23.290854
v 1.487962 -8.248704 -23.928148
v 0.195712 -11.146731 -27.431589
v 1.487962 -8.248704 -23.928148
v 0.855362 -9.380214 -23.290854
v 0.195712 -11.146731 -27.431589
v 0.473712 -11.173137 -29.227329
v 1.487962 -8.248704 -23.928148
v 0.366152 -2.435791 -11.044765
v -1.252718 -1.283736 -7.355997
v -1.200988 -2.782361 -10.889746
v 0.366152 -2.435791 -11.044765
v 0.683422 -0.845102 -7.549183
v -1.252718 -1.283736 -7.355997
v 1.138542 1.169832 -3.117279
v -1.252718 -1.283736 -7.355997
v 0.683422 -0.845102 -7.549183
v 1.138542 1.169832 -3.117279
v -1.296518 0.610355 -2.882129
v -1.252718 -1.283736 -7.355997
v -3.733028 1.151002 -3.145608
v -1.252718 -1.283736 -7.355997
v -1.296518 0.610355 -2.882129
v -3.733028 1.151002 -3.145608
v -3.190068 -0.861194 -7.573730
v -1.252718 -1.283736 -7.355997
v -2.769108 -2.449892 -11.066574
v -1.252718 -1.283736 -7.355997
v -3.190068 -0.861194 -7.573730
v -2.769108 -2.449892 -11.066574
v -1.200988 -2.782361 -10.889746
v -1.252718 -1.283736 -7.355997
v -2.769108 -2.449892 -11.066574
v -3.835918 0.394249 -8.255163
v -3.291628 -1.454798 -11.606274
v -2.769108 -2.449892 -11.066574
v -3.190068 -0.861194 -7.573730
v -3.835918 0.394249 -8.255163
v -3.733028 1.151002 -3.145608
v -3.835918 0.394249 -8.255163
v -3.190068 -0.861194 -7.573730
v -3.733028 1.151002 -3.145608
v -4.545268 2.741984 -3.999900
v -3.835918 0.394249 -8.255163
v 0.366152 -2.435791 -11.044765
v 1.299412 -2.982395 -14.381285
v 0.886652 -1.435968 -11.577118
v 0.366152 -2.435791 -11.044765
v 0.692402 -4.126948 -13.768356
v 1.299412 -2.982395 -14.381285
v 1.074882 -6.333205 -17.358130
v 1.299412 -2.982395 -14.381285
v 0.692402 -4.126948 -13.768356
v 1.074882 -6.333205 -17.358130
v 1.789452 -5.015283 -18.067665
v 1.299412 -2.982395 -14.381285
v 1.034642 7.041684 7.337931
v -1.390238 8.342392 9.886686
v -1.372978 6.482705 7.510705
v 1.034642 7.041684 7.337931
v 0.511312 8.811177 9.799429
v -1.390238 8.342392 9.886686
v 0.155432 9.665357 10.983628
v -1.390238 8.342392 9.886686
v 0.511312 8.811177 9.799429
v 0.155432 9.665357 10.983628
v -1.391418 9.262646 11.069347
v -1.390238 8.342392 9.886686
v -2.967278 9.633297 10.929245
v -1.390238 8.342392 9.886686
v -1.391418 9.262646 11.069347
v -2.967278 9.633297 10.929245
v -3.322858 8.775379 9.739099
v -1.390238 8.342392 9.886686
v -3.800908 7.011151 7.288349
v -1.390238 8.342392 9.886686
v -3.322858 8.775379 9.739099
v -3.800908 7.011151 7.288349
v -1.372978 6.482705 7.510705
v -1.390238 8.342392 9.886686
v -3.800908 7.011151 7.288349
v -3.921858 10.021688 9.194738
v -4.563258 8.575903 6.576227
v -3.800908 7.011151 7.288349
v -3.322858 8.775379 9.739099
v -3.921858 10.021688 9.194738
v -2.967278 9.633297 10.929245
v -3.921858 10.021688 9.194738
v -3.322858 8.775379 9.739099
v -2.967278 9.633297 10.929245
v -3.460738 10.705603 10.432030
v -3.921858 10.021688 9.194738
v 1.034642 7.041684 7.337931
v 2.122132 5.812424 1.558452
v 1.775671 8.626308 6.660028
v 1.034642 7.041684 7.337931
v 1.259562 4.137120 2.421419
v 2.122132 5.812424 1.558452
v 1.138542 1.169832 -3.117279
v 2.122132 5.812424 1.558452
v 1.259562 4.137120 2.421419
v 1.138542 1.169832 -3.117279
v 1.948112 2.767121 -3.962068
v 2.122132 5.812424 1.558452
v 0.155432 9.665357 10.983628
v -1.376618 9.370726 12.328714
v -1.391418 9.262646 11.069347
v 0.155432 9.665357 10.983628
v 0.310242 9.892624 12.192834
v -1.376618 9.370726 12.328714
v 0.429982 10.186069 13.321472
v -1.376618 9.370726 12.328714
v 0.310242 9.892624 12.192834
v 0.429982 10.186069 13.321472
v -1.360508 9.580927 13.505558
v -1.376618 9.370726 12.328714
v -3.182938 10.149700 13.259844
v -1.376618 9.370726 12.328714
v -1.360508 9.580927 13.505558
v -3.182938 10.149700 13.259844
v -3.095438 9.857146 12.132594
v -1.376618 9.370726 12.328714
v -2.967278 9.633297 10.929245
v -1.376618 9.370726 12.328714
v -3.095438 9.857146 12.132594
v -2.967278 9.633297 10.929245
v -1.391418 9.262646 11.069347
v -1.376618 9.370726 12.328714
v 0.429982 10.186069 13.321472
v -1.357398 10.803938 14.434113
v -1.360508 9.580927 13.505558
v 0.429982 10.186069 13.321472
v -0.013548 11.238607 14.263602
v -1.357398 10.803938 14.434113
v -0.576278 12.160156 14.672600
v -1.357398 10.803938 14.434113
v -0.013548 11.238607 14.263602
v -0.576278 12.160156 14.672600
v -1.360048 12.255039 14.942392
v -1.357398 10.803938 14.434113
v -0.576278 12.160156 14.672600
v -1.361218 13.159187 14.875956
v -1.360048 12.255039 14.942392
v -0.576278 12.160156 14.672600
v -0.502808 12.984852 14.558951
v -1.361218 13.159187 14.875956
v -0.576278 12.160156 14.672600
v 0.405562 12.487965 13.657311
v -0.502808 12.984852 14.558951
v -0.576278 12.160156 14.672600
v -0.013548 11.238607 14.263602
v 0.405562 12.487965 13.657311
v 0.429982 10.186069 13.321472
v 0.405562 12.487965 13.657311
v -0.013548 11.238607 14.263602
v 0.429982 10.186069 13.321472
v 0.970482 11.879396 12.553633
v 0.405562 12.487965 13.657311
v 0.195232 -9.672953 -28.255516
v -1.044708 -6.743366 -24.779882
v 0.854872 -7.117380 -24.564240
v 0.195232 -9.672953 -28.255516
v -1.042898 -10.271382 -29.731544
v -1.044708 -6.743366 -24.779882
v -2.281148 -9.675357 -28.256931
v -1.044708 -6.743366 -24.779882
v -1.042898 -10.271382 -29.731544
v -2.281148 -9.675357 -28.256931
v -2.944318 -7.122732 -24.569420
v -1.044708 -6.743366 -24.779882
v -3.221018 -3.748925 -18.863836
v -1.044708 -6.743366 -24.779882
v -2.944318 -7.122732 -24.569420
v -3.221018 -3.748925 -18.863836
v -1.073908 -3.318717 -19.119104
v -1.044708 -6.743366 -24.779882
v 1.073212 -3.726189 -18.827744
v -1.044708 -6.743366 -24.779882
v -1.073908 -3.318717 -19.119104
v 1.073212 -3.726189 -18.827744
v 0.854872 -7.117380 -24.564240
v -1.044708 -6.743366 -24.779882
v 1.073212 -3.726189 -18.827744
v -1.136138 -1.503453 -15.280088
v 0.689602 -1.860261 -15.033401
v 1.073212 -3.726189 -18.827744
v -1.073908 -3.318717 -19.119104
v -1.136138 -1.503453 -15.280088
v -3.221018 -3.748925 -18.863836
v -1.136138 -1.503453 -15.280088
v -1.073908 -3.318717 -19.119104
v -3.221018 -3.748925 -18.863836
v -2.961679 -1.878375 -15.061876
v -1.136138 -1.503453 -15.280088
v -2.769478 -0.467651 -12.161606
v -1.136138 -1.503453 -15.280088
v -2.961679 -1.878375 -15.061876
v -2.769478 -0.467651 -12.161606
v -1.203408 -0.139400 -12.349823
v -1.136138 -1.503453 -15.280088
v 0.362972 -0.453542 -12.139780
v -1.136138 -1.503453 -15.280088
v -1.203408 -0.139400 -12.349823
v 0.362972 -0.453542 -12.139780
v 0.689602 -1.860261 -15.033401
v -1.136138 -1.503453 -15.280088
v 1.135652 4.323220 -4.879599
v -1.342438 7.949114 0.237454
v 1.254872 7.437834 0.607128
v 1.135652 4.323220 -4.879599
v -1.299398 4.814803 -5.231995
v -1.342438 7.949114 0.237454
v -3.734458 4.304357 -4.907967
v -1.342438 7.949114 0.237454
v -1.299398 4.814803 -5.231995
v -3.734458 4.304357 -4.907967
v -3.939878 7.419536 0.580146
v -1.342438 7.949114 0.237454
v -3.788528 10.037647 5.675574
v -1.342438 7.949114 0.237454
v -3.939878 7.419536 0.580146
v -3.788528 10.037647 5.675574
v -1.376018 10.506111 5.338738
v -1.342438 7.949114 0.237454
v 1.010532 10.073915 5.735578
v -1.342438 7.949114 0.237454
v -1.376018 10.506111 5.338738
v 1.010532 10.073915 5.735578
v 1.254872 7.437834 0.607128
v -1.342438 7.949114 0.237454
v -3.166598 13.405964 11.489118
v -1.359588 14.038532 12.642802
v -1.363648 13.903154 11.109339
v -3.166598 13.405964 11.489118
v -2.714978 13.646818 12.891178
v -1.359588 14.038532 12.642802
v -2.146168 13.512878 13.909653
v -1.359588 14.038532 12.642802
v -2.714978 13.646818 12.891178
v -2.146168 13.512878 13.909653
v -1.361018 13.696632 14.144896
v -1.359588 14.038532 12.642802
v -2.281148 -9.675357 -28.256931
v -1.042868 -12.145810 -30.988430
v -2.558959 -11.176079 -29.229042
v -2.281148 -9.675357 -28.256931
v -1.042898 -10.271382 -29.731544
v -1.042868 -12.145810 -30.988430
v 0.195232 -9.672953 -28.255516
v -1.042868 -12.145810 -30.988430
v -1.042898 -10.271382 -29.731544
v 0.195232 -9.672953 -28.255516
v 0.473712 -11.173137 -29.227329
v -1.042868 -12.145810 -30.988430
v -3.221018 -3.748925 -18.863836
v -3.576638 -8.255857 -23.935072
v -3.935958 -5.045642 -18.115871
v -3.221018 -3.748925 -18.863836
v -2.944318 -7.122732 -24.569420
v -3.576638 -8.255857 -23.935072
v -2.281148 -9.675357 -28.256931
v -3.576638 -8.255857 -23.935072
v -2.944318 -7.122732 -24.569420
v -2.281148 -9.675357 -28.256931
v -2.558959 -11.176079 -29.229042
v -3.576638 -8.255857 -23.935072
v -2.769478 -0.467651 -12.161606
v -3.569938 -3.006575 -14.419325
v -3.291628 -1.454798 -11.606274
v -2.769478 -0.467651 -12.161606
v -2.961679 -1.878375 -15.061876
v -3.569938 -3.006575 -14.419325
v -3.221018 -3.748925 -18.863836
v -3.569938 -3.006575 -14.419325
v -2.961679 -1.878375 -15.061876
v -3.221018 -3.748925 -18.863836
v -3.935958 -5.045642 -18.115871
v -3.569938 -3.006575 -14.419325
v -3.788528 10.037647 5.675574
v -4.805518 5.788066 1.522564
v -4.563258 8.575903 6.576227
v -3.788528 10.037647 5.675574
v -3.939878 7.419536 0.580146
v -4.805518 5.788066 1.522564
v -3.734458 4.304357 -4.907967
v -4.805518 5.788066 1.522564
v -3.939878 7.419536 0.580146
v -3.734458 4.304357 -4.907967
v -4.545268 2.741984 -3.999900
v -4.805518 5.788066 1.522564
v -3.166598 13.405964 11.489118
v -3.626868 11.275343 11.464285
v -3.743048 11.825489 12.461540
v -3.166598 13.405964 11.489118
v -3.081069 12.606516 10.636969
v -3.626868 11.275343 11.464285
v -2.956998 11.707798 9.806549
v -3.626868 11.275343 11.464285
v -3.081069 12.606516 10.636969
v -2.956998 11.707798 9.806549
v -3.460738 10.705603 10.432030
v -3.626868 11.275343 11.464285
v -2.146168 13.512878 13.909653
v -3.154898 12.450863 13.594290
v -2.221978 12.976574 14.546001
v -2.146168 13.512878 13.909653
v -2.714978 13.646818 12.891178
v -3.154898 12.450863 13.594290
v -3.166598 13.405964 11.489118
v -3.154898 12.450863 13.594290
v -2.714978 13.646818 12.891178
v -3.166598 13.405964 11.489118
v -3.743048 11.825489 12.461540
v -3.154898 12.450863 13.594290
v -2.146168 13.512878 13.909653
v -1.361218 13.159187 14.875956
v -1.361018 13.696632 14.144896
v -2.146168 13.512878 13.909653
v -2.221978 12.976574 14.546001
v -1.361218 13.159187 14.875956
v 0.137522 11.743702 9.867942
v 0.824912 11.326082 11.550945
v 0.635032 10.750557 10.508634
v 0.137522 11.743702 9.867942
v 0.285692 12.647289 10.706867
v 0.824912 11.326082 11.550945
v 0.401212 13.448856 11.562616
v 0.824912 11.326082 11.550945
v 0.285692 12.647289 10.706867
v 0.401212 13.448856 11.562616
v 0.970482 11.879396 12.553633
v 0.824912 11.326082 11.550945
v 1.010532 10.073915 5.735578
v 1.094382 10.072340 9.280567
v 1.775671 8.626308 6.660028
v 1.010532 10.073915 5.735578
v 0.487452 11.209650 8.538626
v 1.094382 10.072340 9.280567
v 0.137522 11.743702 9.867942
v 1.094382 10.072340 9.280567
v 0.487452 11.209650 8.538626
v 0.137522 11.743702 9.867942
v 0.635032 10.750557 10.508634
v 1.094382 10.072340 9.280567
v 0.362972 -0.453542 -12.139780
v 1.327121 0.415785 -8.222300
v 0.886652 -1.435968 -11.577118
v 0.362972 -0.453542 -12.139780
v 0.680602 1.650847 -8.940674
v 1.327121 0.415785 -8.222300
v 1.135652 4.323220 -4.879599
v 1.327121 0.415785 -8.222300
v 0.680602 1.650847 -8.940674
v 1.135652 4.323220 -4.879599
v 1.948112 2.767121 -3.962068
v 1.327121 0.415785 -8.222300
v 0.195232 -9.672953 -28.255516
v 1.487962 -8.248704 -23.928148
v 0.473712 -11.173137 -29.227329
v 0.195232 -9.672953 -28.255516
v 0.854872 -7.117380 -24.564240
v 1.487962 -8.248704 -23.928148
v 1.073212 -3.726189 -18.827744
v 1.487962 -8.248704 -23.928148
v 0.854872 -7.117380 -24.564240
v 1.073212 -3.726189 -18.827744
v 1.789452 -5.015283 -18.067665
v 1.487962 -8.248704 -23.928148
v -2.769478 -0.467651 -12.161606
v -1.255398 2.044149 -9.211403
v -1.203408 -0.139400 -12.349823
v -2.769478 -0.467651 -12.161606
v -3.191098 1.634703 -8.965328
v -1.255398 2.044149 -9.211403
v -3.734458 4.304357 -4.907967
v -1.255398 2.044149 -9.211403
v -3.191098 1.634703 -8.965328
v -3.734458 4.304357 -4.907967
v -1.299398 4.814803 -5.231995
v -1.255398 2.044149 -9.211403
v 1.135652 4.323220 -4.879599
v -1.255398 2.044149 -9.211403
v -1.299398 4.814803 -5.231995
v 1.135652 4.323220 -4.879599
v 0.680602 1.650847 -8.940674
v -1.255398 2.044149 -9.211403
v 0.362972 -0.453542 -12.139780
v -1.255398 2.044149 -9.211403
v 0.680602 1.650847 -8.940674
v 0.362972 -0.453542 -12.139780
v -1.203408 -0.139400 -12.349823
v -1.255398 2.044149 -9.211403
v -3.734458 4.304357 -4.907967
v -3.835918 0.394249 -8.255163
v -4.545268 2.741984 -3.999900
v -3.734458 4.304357 -4.907967
v -3.191098 1.634703 -8.965328
v -3.835918 0.394249 -8.255163
v -2.769478 -0.467651 -12.161606
v -3.835918 0.394249 -8.255163
v -3.191098 1.634703 -8.965328
v -2.769478 -0.467651 -12.161606
v -3.291628 -1.454798 -11.606274
v -3.835918 0.394249 -8.255163
v 1.073212 -3.726189 -18.827744
v 1.299412 -2.982395 -14.381285
v 1.789452 -5.015283 -18.067665
v 1.073212 -3.726189 -18.827744
v 0.689602 -1.860261 -15.033401
v 1.299412 -2.982395 -14.381285
v 0.362972 -0.453542 -12.139780
v 1.299412 -2.982395 -14.381285
v 0.689602 -1.860261 -15.033401
v 0.362972 -0.453542 -12.139780
v 0.886652 -1.435968 -11.577118
v 1.299412 -2.982395 -14.381285
v -3.788528 10.037647 5.675574
v -1.392578 11.519087 8.167059
v -1.376018 10.506111 5.338738
v -3.788528 10.037647 5.675574
v -3.307889 11.169540 8.470461
v -1.392578 11.519087 8.167059
v -2.956998 11.707798 9.806549
v -1.392578 11.519087 8.167059
v -3.307889 11.169540 8.470461
v -2.956998 11.707798 9.806549
v -1.394258 12.017460 9.552191
v -1.392578 11.519087 8.167059
v 0.137522 11.743702 9.867942
v -1.392578 11.519087 8.167059
v -1.394258 12.017460 9.552191
v 0.137522 11.743702 9.867942
v 0.487452 11.209650 8.538626
v -1.392578 11.519087 8.167059
v 1.010532 10.073915 5.735578
v -1.392578 11.519087 8.167059
v 0.487452 11.209650 8.538626
v 1.010532 10.073915 5.735578
v -1.376018 10.506111 5.338738
v -1.392578 11.519087 8.167059
v -2.956998 11.707798 9.806549
v -3.921858 10.021688 9.194738
v -3.460738 10.705603 10.432030
v -2.956998 11.707798 9.806549
v -3.307889 11.169540 8.470461
v -3.921858 10.021688 9.194738
v -3.788528 10.037647 5.675574
v -3.921858 10.021688 9.194738
v -3.307889 11.169540 8.470461
v -3.788528 10.037647 5.675574
v -4.563258 8.575903 6.576227
v -3.921858 10.021688 9.194738
v 1.135652 4.323220 -4.879599
v 2.122132 5.812424 1.558452
v 1.948112 2.767121 -3.962068
v 1.135652 4.323220 -4.879599
v 1.254872 7.437834 0.607128
v 2.122132 5.812424 1.558452
v 1.010532 10.073915 5.735578
v 2.122132 5.812424 1.558452
v 1.254872 7.437834 0.607128
v 1.010532 10.073915 5.735578
v 1.775671 8.626308 6.660028
v 2.122132 5.812424 1.558452
v 0.137522 11.743702 9.867942
v -1.380038 13.020218 10.304985
v 0.285692 12.647289 10.706867
v 0.137522 11.743702 9.867942
v -1.394258 12.017460 9.552191
v -1.380038 13.020218 10.304985
v -2.956998 11.707798 9.806549
v -1.380038 13.020218 10.304985
v -1.394258 12.017460 9.552191
v -2.956998 11.707798 9.806549
v -3.081069 12.606516 10.636969
v -1.380038 13.020218 10.304985
v -3.166598 13.405964 11.489118
v -1.380038 13.020218 10.304985
v -3.081069 12.606516 10.636969
v -3.166598 13.405964 11.489118
v -1.363648 13.903154 11.109339
v -1.380038 13.020218 10.304985
v 0.401212 13.448856 11.562616
v -1.380038 13.020218 10.304985
v -1.363648 13.903154 11.109339
v 0.401212 13.448856 11.562616
v 0.285692 12.647289 10.706867
v -1.380038 13.020218 10.304985
v 0.401212 13.448856 11.562616
v -1.359588 14.038532 12.642802
v -0.028048 13.674850 12.938789
v 0.401212 13.448856 11.562616
v -1.363648 13.903154 11.109339
v -1.359588 14.038532 12.642802
v -0.579808 13.521870 13.924107
v -1.359588 14.038532 12.642802
v -1.361018 13.696632 14.144896
v -0.579808 13.521870 13.924107
v -0.028048 13.674850 12.938789
v -1.359588 14.038532 12.642802
v -0.579808 13.521870 13.924107
v -1.361218 13.159187 14.875956
v -0.502808 12.984852 14.558951
v -0.579808 13.521870 13.924107
v -1.361018 13.696632 14.144896
v -1.361218 13.159187 14.875956
v 0.401212 13.448856 11.562616
v 0.405562 12.487965 13.657311
v 0.970482 11.879396 12.553633
v 0.401212 13.448856 11.562616
v -0.028048 13.674850 12.938789
v 0.405562 12.487965 13.657311
v -0.579808 13.521870 13.924107
v 0.405562 12.487965 13.657311
v -0.028048 13.674850 12.938789
v -0.579808 13.521870 13.924107
v -0.502808 12.984852 14.558951
v 0.405562 12.487965 13.657311
v 1.804872 1.524663 -4.136914
v 2.460181 1.105935 -5.357176
v 2.625152 1.053751 -5.201290
v 1.804872 1.524663 -4.136914
v 1.640462 1.577683 -4.291308
v 2.460181 1.105935 -5.357176
v 2.625152 1.053751 -5.201290
v 3.289531 0.645332 -6.402868
v 3.455012 0.594003 -6.245419
v 2.625152 1.053751 -5.201290
v 2.460181 1.105935 -5.357176
v 3.289531 0.645332 -6.402868
v 3.455012 0.594003 -6.245419
v 4.127862 0.196121 -7.427914
v 4.293972 0.145620 -7.268967
v 3.455012 0.594003 -6.245419
v 3.289531 0.645332 -6.402868
v 4.127862 0.196121 -7.427914
v 4.293972 0.145620 -7.268967
v 4.974832 -0.241520 -8.432010
v 5.141272 -0.291179 -8.271542
v 4.293972 0.145620 -7.268967
v 4.127862 0.196121 -7.427914
v 4.974832 -0.241520 -8.432010
v 5.141272 -0.291179 -8.271542
v 5.936082 -0.528865 -9.457349
v 6.034411 -0.618189 -9.267126
v 5.141272 -0.291179 -8.271542
v 4.974832 -0.241520 -8.432010
v 5.936082 -0.528865 -9.457349
v 6.034411 -0.618189 -9.267126
v 5.843462 -1.033806 -9.692802
v 5.874842 -1.068230 -9.473396
v 6.034411 -0.618189 -9.267126
v 5.936082 -0.528865 -9.457349
v 5.843462 -1.033806 -9.692802
v 5.874842 -1.068230 -9.473396
v 4.977642 -2.162613 -9.934904
v 5.010242 -2.197463 -9.716257
v 5.874842 -1.068230 -9.473396
v 5.843462 -1.033806 -9.692802
v 4.977642 -2.162613 -9.934904
v 5.010242 -2.197463 -9.716257
v 4.121072 -3.304725 -10.164694
v 4.154531 -3.339919 -9.946669
v 5.010242 -2.197463 -9.716257
v 4.977642 -2.162613 -9.934904
v 4.121072 -3.304725 -10.164694
v 4.154531 -3.339919 -9.946669
v 3.269762 -4.453993 -10.379873
v 3.304261 -4.489590 -10.162588
v 4.154531 -3.339919 -9.946669
v 4.121072 -3.304725 -10.164694
v 3.269762 -4.453993 -10.379873
v 3.304261 -4.489590 -10.162588
v 2.362972 -5.458996 -10.583228
v 2.369852 -5.524004 -10.380005
v 3.304261 -4.489590 -10.162588
v 3.269762 -4.453993 -10.379873
v 2.362972 -5.458996 -10.583228
v 2.369852 -5.524004 -10.380005
v 1.856961 -5.824008 -11.204163
v 1.818482 -6.069557 -10.650872
v 2.369852 -5.524004 -10.380005
v 2.362972 -5.458996 -10.583228
v 1.856961 -5.824008 -11.204163
v 1.818482 -6.069557 -10.650872
v 1.527142 -6.227594 -11.139874
v 1.563712 -6.264293 -10.924608
v 1.818482 -6.069557 -10.650872
v 1.856961 -5.824008 -11.204163
v 1.527142 -6.227594 -11.139874
v 1.899722 1.700583 -4.136670
v 2.555482 1.282192 -5.356341
v 1.735542 1.753469 -4.291310
v 1.899722 1.700583 -4.136670
v 2.720302 1.230154 -5.200170
v 2.555482 1.282192 -5.356341
v 2.720302 1.230154 -5.200170
v 3.385051 0.822002 -6.401278
v 2.555482 1.282192 -5.356341
v 2.720302 1.230154 -5.200170
v 3.550361 0.770812 -6.243574
v 3.385051 0.822002 -6.401278
v 3.550361 0.770812 -6.243574
v 4.223661 0.373181 -7.425624
v 3.385051 0.822002 -6.401278
v 3.550361 0.770812 -6.243574
v 4.389542 0.322783 -7.266483
v 4.223661 0.373181 -7.425624
v 4.389542 0.322783 -7.266483
v 5.070802 -0.064044 -8.428957
v 4.223661 0.373181 -7.425624
v 4.389542 0.322783 -7.266483
v 5.237102 -0.113619 -8.268328
v 5.070802 -0.064044 -8.428957
v 5.237102 -0.113619 -8.268328
v 6.225561 -0.338877 -9.534505
v 5.070802 -0.064044 -8.428957
v 5.237102 -0.113619 -8.268328
v 6.323662 -0.428036 -9.343962
v 6.225561 -0.338877 -9.534505
v 6.323662 -0.428036 -9.343962
v 6.017212 -1.136959 -9.726734
v 6.225561 -0.338877 -9.534505
v 6.323662 -0.428036 -9.343962
v 6.048491 -1.171461 -9.507458
v 6.017212 -1.136959 -9.726734
v 6.048491 -1.171461 -9.507458
v 5.151782 -2.266674 -9.970448
v 6.017212 -1.136959 -9.726734
v 6.048491 -1.171461 -9.507458
v 5.184062 -2.301467 -9.751707
v 5.151782 -2.266674 -9.970448
v 5.184062 -2.301467 -9.751707
v 4.295431 -3.409504 -10.201532
v 5.151782 -2.266674 -9.970448
v 5.184062 -2.301467 -9.751707
v 4.328861 -3.444737 -9.983591
v 4.295431 -3.409504 -10.201532
v 4.328861 -3.444737 -9.983591
v 3.444432 -4.559547 -10.418138
v 4.295431 -3.409504 -10.201532
v 4.328861 -3.444737 -9.983591
v 3.478791 -4.595117 -10.200787
v 3.444432 -4.559547 -10.418138
v 3.478791 -4.595117 -10.200787
v 2.537952 -5.565461 -10.623148
v 3.444432 -4.559547 -10.418138
v 3.478791 -4.595117 -10.200787
v 2.544702 -5.630481 -10.419930
v 2.537952 -5.565461 -10.623148
v 2.544702 -5.630481 -10.419930
v 2.032242 -5.930893 -11.244834
v 2.537952 -5.565461 -10.623148
v 2.544702 -5.630481 -10.419930
v 1.993632 -6.176556 -10.691755
v 2.032242 -5.930893 -11.244834
v 1.993632 -6.176556 -10.691755
v 1.702482 -6.334798 -11.181124
v 2.032242 -5.930893 -11.244834
v 1.993632 -6.176556 -10.691755
v 1.738852 -6.371507 -10.965875
v 1.702482 -6.334798 -11.181124
v 1.804872 1.524663 -4.136914
v 1.735542 1.753469 -4.291310
v 1.640462 1.577683 -4.291308
v 1.804872 1.524663 -4.136914
v 1.899722 1.700583 -4.136670
v 1.735542 1.753469 -4.291310
v 1.640462 1.577683 -4.291308
v 2.555482 1.282192 -5.356341
v 2.460181 1.105935 -5.357176
v 1.640462 1.577683 -4.291308
v 1.735542 1.753469 -4.291310
v 2.555482 1.282192 -5.356341
v 2.460181 1.105935 -5.357176
v 3.385051 0.822002 -6.401278
v 3.289531 0.645332 -6.402868
v 2.460181 1.105935 -5.357176
v 2.555482 1.282192 -5.356341
v 3.385051 0.822002 -6.401278
v 3.289531 0.645332 -6.402868
v 4.223661 0.373181 -7.425624
v 4.127862 0.196121 -7.427914
v 3.289531 0.645332 -6.402868
v 3.385051 0.822002 -6.401278
v 4.223661 0.373181 -7.425624
v 4.127862 0.196121 -7.427914
v 5.070802 -0.064044 -8.428957
v 4.974832 -0.241520 -8.432010
v 4.127862 0.196121 -7.427914
v 4.223661 0.373181 -7.425624
v 5.070802 -0.064044 -8.428957
v 4.974832 -0.241520 -8.432010
v 6.225561 -0.338877 -9.534505
v 5.936082 -0.528865 -9.457349
v 4.974832 -0.241520 -8.432010
v 5.070802 -0.064044 -8.428957
v 6.225561 -0.338877 -9.534505
v 5.936082 -0.528865 -9.457349
v 6.017212 -1.136959 -9.726734
v 5.843462 -1.033806 -9.692802
v 5.936082 -0.528865 -9.457349
v 6.225561 -0.338877 -9.534505
v 6.017212 -1.136959 -9.726734
v 5.843462 -1.033806 -9.692802
v 5.151782 -2.266674 -9.970448
v 4.977642 -2.162613 -9.934904
v 5.843462 -1.033806 -9.692802
v 6.017212 -1.136959 -9.726734
v 5.151782 -2.266674 -9.970448
v 4.977642 -2.162613 -9.934904
v 4.295431 -3.409504 -10.201532
v 4.121072 -3.304725 -10.164694
v 4.977642 -2.162613 -9.934904
v 5.151782 -2.266674 -9.970448
v 4.295431 -3.409504 -10.201532
v 4.121072 -3.304725 -10.164694
v 3.444432 -4.559547 -10.418138
v 3.269762 -4.453993 -10.379873
v 4.121072 -3.304725 -10.164694
v 4.295431 -3.409504 -10.201532
v 3.444432 -4.559547 -10.418138
v 3.269762 -4.453993 -10.379873
v 2.537952 -5.565461 -10.623148
v 2.362972 -5.458996 -10.583228
v 3.269762 -4.453993 -10.379873
v 3.444432 -4.559547 -10.418138
v 2.537952 -5.565461 -10.623148
v 2.362972 -5.458996 -10.583228
v 2.032242 -5.930893 -11.244834
v 1.856961 -5.824008 -11.204163
v 2.362972 -5.458996 -10.583228
v 2.537952 -5.565461 -10.623148
v 2.032242 -5.930893 -11.244834
v 1.856961 -5.824008 -11.204163
v 1.702482 -6.334798 -11.181124
v 1.527142 -6.227594 -11.139874
v 1.856961 -5.824008 -11.204163
v 2.032242 -5.930893 -11.244834
v 1.702482 -6.334798 -11.181124
v 1.527142 -6.227594 -11.139874
v 1.738852 -6.371507 -10.965875
v 1.563712 -6.264293 -10.924608
v 1.527142 -6.227594 -11.139874
v 1.702482 -6.334798 -11.181124
v 1.738852 -6.371507 -10.965875
v 1.563712 -6.264293 -10.924608
v 1.993632 -6.176556 -10.691755
v 1.818482 -6.069557 -10.650872
v 1.563712 -6.264293 -10.924608
v 1.738852 -6.371507 -10.965875
v 1.993632 -6.176556 -10.691755
v 1.818482 -6.069557 -10.650872
v 2.544702 -5.630481 -10.419930
v 2.369852 -5.524004 -10.380005
v 1.818482 -6.069557 -10.650872
v 1.993632 -6.176556 -10.691755
v 2.544702 -5.630481 -10.419930
v 2.369852 -5.524004 -10.380005
v 3.478791 -4.595117 -10.200787
v 3.304261 -4.489590 -10.162588
v 2.369852 -5.524004 -10.380005
v 2.544702 -5.630481 -10.419930
v 3.478791 -4.595117 -10.200787
v 3.304261 -4.489590 -10.162588
v 4.328861 -3.444737 -9.983591
v 4.154531 -3.339919 -9.946669
v 3.304261 -4.489590 -10.162588
v 3.478791 -4.595117 -10.200787
v 4.328861 -3.444737 -9.983591
v 4.154531 -3.339919 -9.946669
v 5.184062 -2.301467 -9.751707
v 5.010242 -2.197463 -9.716257
v 4.154531 -3.339919 -9.946669
v 4.328861 -3.444737 -9.983591
v 5.184062 -2.301467 -9.751707
v 5.010242 -2.197463 -9.716257
v 6.048491 -1.171461 -9.507458
v 5.874842 -1.068230 -9.473396
v 5.010242 -2.197463 -9.716257
v 5.184062 -2.301467 -9.751707
v 6.048491 -1.171461 -9.507458
v 5.874842 -1.068230 -9.473396
v 6.048491 -1.171461 -9.507458
v 6.323662 -0.428036 -9.343962
v 5.874842 -1.068230 -9.473396
v 6.323662 -0.428036 -9.343962
v 6.034411 -0.618189 -9.267126
v 6.034411 -0.618189 -9.267126
v 5.237102 -0.113619 -8.268328
v 5.141272 -0.291179 -8.271542
v 6.034411 -0.618189 -9.267126
v 6.323662 -0.428036 -9.343962
v 5.237102 -0.113619 -8.268328
v 5.141272 -0.291179 -8.271542
v 4.389542 0.322783 -7.266483
v 4.293972 0.145620 -7.268967
v 5.141272 -0.291179 -8.271542
v 5.237102 -0.113619 -8.268328
v 4.389542 0.322783 -7.266483
v 4.293972 0.145620 -7.268967
v 3.550361 0.770812 -6.243574
v 3.455012 0.594003 -6.245419
v 4.293972 0.145620 -7.268967
v 4.389542 0.322783 -7.266483
v 3.550361 0.770812 -6.243574
v 3.455012 0.594003 -6.245419
v 2.720302 1.230154 -5.200170
v 2.625152 1.053751 -5.201290
v 3.455012 0.594003 -6.245419
v 3.550361 0.770812 -6.243574
v 2.720302 1.230154 -5.200170
v 2.625152 1.053751 -5.201290
v 1.899722 1.700583 -4.136670
v 1.804872 1.524663 -4.136914
v 2.625152 1.053751 -5.201290
v 2.720302 1.230154 -5.200170
v 1.899722 1.700583 -4.136670
v -1.390438 2.144444 -2.663861
v -2.833539 2.300861 -2.577867
v -1.454878 1.947027 -2.757273
v -1.390438 2.144444 -2.663861
v -2.767828 2.497644 -2.485603
v -2.833539 2.300861 -2.577867
v -2.767828 2.497644 -2.485603
v -4.206168 2.672798 -2.365645
v -2.833539 2.300861 -2.577867
v -2.767828 2.497644 -2.485603
v -4.139098 2.869015 -2.274417
v -4.206168 2.672798 -2.365645
v -4.139098 2.869015 -2.274417
v -5.571578 3.062726 -2.120833
v -4.206168 2.672798 -2.365645
v -4.139098 2.869015 -2.274417
v -5.503208 3.258183 -2.030992
v -5.571578 3.062726 -2.120833
v -5.503208 3.258183 -2.030992
v -6.928578 3.470206 -1.844217
v -5.571578 3.062726 -2.120833
v -5.503208 3.258183 -2.030992
v -6.858998 3.665005 -1.755566
v -6.928578 3.470206 -1.844217
v -6.858998 3.665005 -1.755566
v -8.336398 3.952823 -1.694436
v -6.928578 3.470206 -1.844217
v -6.858998 3.665005 -1.755566
v -8.217178 4.104594 -1.559204
v -8.336398 3.952823 -1.694436
v -8.217178 4.104594 -1.559204
v -8.604598 3.857365 -1.174932
v -8.336398 3.952823 -1.694436
v -8.217178 4.104594 -1.559204
v -8.419938 3.957400 -1.098511
v -8.604598 3.857365 -1.174932
v -8.419938 3.957400 -1.098511
v -8.674349 3.201810 0.024756
v -8.604598 3.857365 -1.174932
v -8.419938 3.957400 -1.098511
v -8.490438 3.301858 0.101181
v -8.674349 3.201810 0.024756
v -8.490438 3.301858 0.101181
v -8.760899 2.563950 1.256536
v -8.674349 3.201810 0.024756
v -8.490438 3.301858 0.101181
v -8.577788 2.663927 1.332839
v -8.760899 2.563950 1.256536
v -8.577788 2.663927 1.332839
v -8.859428 1.939803 2.513177
v -8.760899 2.563950 1.256536
v -8.577788 2.663927 1.332839
v -8.677189 2.039584 2.589110
v -8.859428 1.939803 2.513177
v -8.677189 2.039584 2.589110
v -8.920519 1.260072 3.620632
v -8.859428 1.939803 2.513177
v -8.677189 2.039584 2.589110
v -8.747019 1.335827 3.727244
v -8.920519 1.260072 3.620632
v -8.747019 1.335827 3.727244
v -9.397978 0.704576 3.942987
v -8.920519 1.260072 3.620632
v -8.747019 1.335827 3.727244
v -8.918438 0.870391 4.308197
v -9.397978 0.704576 3.942987
v -8.918438 0.870391 4.308197
v -9.308088 0.504950 4.415472
v -9.397978 0.704576 3.942987
v -8.918438 0.870391 4.308197
v -9.126808 0.603811 4.489753
v -9.308088 0.504950 4.415472
v -1.390658 2.204382 -2.858368
v -2.835138 2.360740 -2.772454
v -2.769269 2.557547 -2.680170
v -1.390658 2.204382 -2.858368
v -1.455228 2.006961 -2.951766
v -2.835138 2.360740 -2.772454
v -2.769269 2.557547 -2.680170
v -4.208899 2.732746 -2.560135
v -4.141778 2.928866 -2.469070
v -2.769269 2.557547 -2.680170
v -2.835138 2.360740 -2.772454
v -4.208899 2.732746 -2.560135
v -4.141778 2.928866 -2.469070
v -5.575468 3.122629 -2.315401
v -5.507049 3.318096 -2.225542
v -4.141778 2.928866 -2.469070
v -4.208899 2.732746 -2.560135
v -5.575468 3.122629 -2.315401
v -5.507049 3.318096 -2.225542
v -6.933639 3.530217 -2.038581
v -6.864018 3.724979 -1.949990
v -5.507049 3.318096 -2.225542
v -5.575468 3.122629 -2.315401
v -6.933639 3.530217 -2.038581
v -6.864018 3.724979 -1.949990
v -8.499258 4.143470 -1.909437
v -8.379779 4.294985 -1.774658
v -6.864018 3.724979 -1.949990
v -6.933639 3.530217 -2.038581
v -8.499258 4.143470 -1.909437
v -8.379779 4.294985 -1.774658
v -8.727768 3.999645 -1.059844
v -8.543168 4.099516 -0.983721
v -8.379779 4.294985 -1.774658
v -8.499258 4.143470 -1.909437
v -8.727768 3.999645 -1.059844
v -8.543168 4.099516 -0.983721
v -8.796719 3.344182 0.139998
v -8.612919 3.444010 0.216031
v -8.543168 4.099516 -0.983721
v -8.727768 3.999645 -1.059844
v -8.796719 3.344182 0.139998
v -8.612919 3.444010 0.216031
v -8.882439 2.706354 1.371829
v -8.699438 2.806187 1.447870
v -8.612919 3.444010 0.216031
v -8.796719 3.344182 0.139998
v -8.882439 2.706354 1.371829
v -8.699438 2.806187 1.447870
v -8.980088 2.082201 2.628462
v -8.798048 2.181818 2.704120
v -8.699438 2.806187 1.447870
v -8.882439 2.706354 1.371829
v -8.980088 2.082201 2.628462
v -8.798048 2.181818 2.704120
v -9.040519 1.402337 3.735672
v -8.867108 1.477959 3.842060
v -8.798048 2.181818 2.704120
v -8.980088 2.082201 2.628462
v -9.040519 1.402337 3.735672
v -8.867108 1.477959 3.842060
v -9.517318 0.847202 4.058696
v -9.038018 1.012573 4.423077
v -8.867108 1.477959 3.842060
v -9.040519 1.402337 3.735672
v -9.517318 0.847202 4.058696
v -9.038018 1.012573 4.423077
v -9.427238 0.647404 4.530852
v -9.246068 0.746153 4.604943
v -9.038018 1.012573 4.423077
v -9.517318 0.847202 4.058696
v -9.427238 0.647404 4.530852
v -1.390438 2.144444 -2.663861
v -1.455228 2.006961 -2.951766
v -1.390658 2.204382 -2.858368
v -1.390438 2.144444 -2.663861
v -1.454878 1.947027 -2.757273
v -1.455228 2.006961 -2.951766
v -1.454878 1.947027 -2.757273
v -2.835138 2.360740 -2.772454
v -1.455228 2.006961 -2.951766
v -1.454878 1.947027 -2.757273
v -2.833539 2.300861 -2.577867
v -2.835138 2.360740 -2.772454
v -2.833539 2.300861 -2.577867
v -4.208899 2.732746 -2.560135
v -2.835138 2.360740 -2.772454
v -2.833539 2.300861 -2.577867
v -4.206168 2.672798 -2.365645
v -4.208899 2.732746 -2.560135
v -4.206168 2.672798 -2.365645
v -5.575468 3.122629 -2.315401
v -4.208899 2.732746 -2.560135
v -4.206168 2.672798 -2.365645
v -5.571578 3.062726 -2.120833
v -5.575468 3.122629 -2.315401
v -5.571578 3.062726 -2.120833
v -6.933639 3.530217 -2.038581
v -5.575468 3.122629 -2.315401
v -5.571578 3.062726 -2.120833
v -6.928578 3.470206 -1.844217
v -6.933639 3.530217 -2.038581
v -6.928578 3.470206 -1.844217
v -8.499258 4.143470 -1.909437
v -6.933639 3.530217 -2.038581
v -6.928578 3.470206 -1.844217
v -8.336398 3.952823 -1.694436
v -8.499258 4.143470 -1.909437
v -8.336398 3.952823 -1.694436
v -8.727768 3.999645 -1.059844
v -8.499258 4.143470 -1.909437
v -8.336398 3.952823 -1.694436
v -8.604598 3.857365 -1.174932
v -8.727768 3.999645 -1.059844
v -8.604598 3.857365 -1.174932
v -8.796719 3.344182 0.139998
v -8.727768 3.999645 -1.059844
v -8.604598 3.857365 -1.174932
v -8.674349 3.201810 0.024756
v -8.796719 3.344182 0.139998
v -8.674349 3.201810 0.024756
v -8.882439 2.706354 1.371829
v -8.796719 3.344182 0.139998
v -8.674349 3.201810 0.024756
v -8.760899 2.563950 1.256536
v -8.882439 2.706354 1.371829
v -8.760899 2.563950 1.256536
v -8.980088 2.082201 2.628462
v -8.882439 2.706354 1.371829
v -8.760899 2.563950 1.256536
v -8.859428 1.939803 2.513177
v -8.980088 2.082201 2.628462
v -8.859428 1.939803 2.513177
v -9.040519 1.402337 3.735672
v -8.980088 2.082201 2.628462
v -8.859428 1.939803 2.513177
v -8.920519 1.260072 3.620632
v -9.040519 1.402337 3.735672
v -8.920519 1.260072 3.620632
v -9.517318 0.847202 4.058696
v -9.040519 1.402337 3.735672
v -8.920519 1.260072 3.620632
v -9.397978 0.704576 3.942987
v -9.517318 0.847202 4.058696
v -9.397978 0.704576 3.942987
v -9.427238 0.647404 4.530852
v -9.517318 0.847202 4.058696
v -9.397978 0.704576 3.942987
v -9.308088 0.504950 4.415472
v -9.427238 0.647404 4.530852
v -9.308088 0.504950 4.415472
v -9.246068 0.746153 4.604943
v -9.427238 0.647404 4.530852
v -9.308088 0.504950 4.415472
v -9.126808 0.603811 4.489753
v -9.246068 0.746153 4.604943
v -9.126808 0.603811 4.489753
v -9.038018 1.012573 4.423077
v -9.246068 0.746153 4.604943
v -9.126808 0.603811 4.489753
v -8.918438 0.870391 4.308197
v -9.038018 1.012573 4.423077
v -8.918438 0.870391 4.308197
v -8.867108 1.477959 3.842060
v -9.038018 1.012573 4.423077
v -8.918438 0.870391 4.308197
v -8.747019 1.335827 3.727244
v -8.867108 1.477959 3.842060
v -8.747019 1.335827 3.727244
v -8.798048 2.181818 2.704120
v -8.867108 1.477959 3.842060
v -8.747019 1.335827 3.727244
v -8.677189 2.039584 2.589110
v -8.798048 2.181818 2.704120
v -8.677189 2.039584 2.589110
v -8.699438 2.806187 1.447870
v -8.798048 2.181818 2.704120
v -8.677189 2.039584 2.589110
v -8.577788 2.663927 1.332839
v -8.699438 2.806187 1.447870
v -8.577788 2.663927 1.332839
v -8.612919 3.444010 0.216031
v -8.699438 2.806187 1.447870
v -8.577788 2.663927 1.332839
v -8.490438 3.301858 0.101181
v -8.612919 3.444010 0.216031
v -8.490438 3.301858 0.101181
v -8.543168 4.099516 -0.983721
v -8.612919 3.444010 0.216031
v -8.490438 3.301858 0.101181
v -8.419938 3.957400 -1.098511
v -8.543168 4.099516 -0.983721
v -8.419938 3.957400 -1.098511
v -8.379779 4.294985 -1.774658
v -8.543168 4.099516 -0.983721
v -8.419938 3.957400 -1.098511
v -8.217178 4.104594 -1.559204
v -8.379779 4.294985 -1.774658
v -8.217178 4.104594 -1.559204
v -6.864018 3.724979 -1.949990
v -8.379779 4.294985 -1.774658
v -8.217178 4.104594 -1.559204
v -6.858998 3.665005 -1.755566
v -6.864018 3.724979 -1.949990
v -6.858998 3.665005 -1.755566
v -5.507049 3.318096 -2.225542
v -6.864018 3.724979 -1.949990
v -6.858998 3.665005 -1.755566
v -5.503208 3.258183 -2.030992
v -5.507049 3.318096 -2.225542
v -5.503208 3.258183 -2.030992
v -4.141778 2.928866 -2.469070
v -5.507049 3.318096 -2.225542
v -5.503208 3.258183 -2.030992
v -4.139098 2.869015 -2.274417
v -4.141778 2.928866 -2.469070
v -4.139098 2.869015 -2.274417
v -2.769269 2.557547 -2.680170
v -4.141778 2.928866 -2.469070
v -4.139098 2.869015 -2.274417
v -2.767828 2.497644 -2.485603
v -2.769269 2.557547 -2.680170
v -2.767828 2.497644 -2.485603
v -1.390658 2.204382 -2.858368
v -2.769269 2.557547 -2.680170
v -2.767828 2.497644 -2.485603
v -1.390438 2.144444 -2.663861
v -1.390658 2.204382 -2.858368
v -3.026768 4.421416 0.491693
v -4.040568 5.028176 1.393395
v -3.181498 4.263206 0.469457
v -3.026768 4.421416 0.491693
v -3.886549 5.185390 1.413828
v -4.040568 5.028176 1.393395
v -3.886549 5.185390 1.413828
v -4.885609 5.801626 2.332708
v -4.040568 5.028176 1.393395
v -3.886549 5.185390 1.413828
v -4.732288 5.957822 2.351303
v -4.885609 5.801626 2.332708
v -4.732288 5.957822 2.351303
v -5.714488 6.583731 3.287687
v -4.885609 5.801626 2.332708
v -4.732288 5.957822 2.351303
v -5.562299 6.738598 3.303861
v -5.714488 6.583731 3.287687
v -5.562299 6.738598 3.303861
v -6.469639 7.419469 4.339779
v -5.714488 6.583731 3.287687
v -5.562299 6.738598 3.303861
v -6.320449 7.571467 4.350748
v -6.469639 7.419469 4.339779
v -6.320449 7.571467 4.350748
v -7.248118 8.405633 5.401458
v -6.469639 7.419469 4.339779
v -6.320449 7.571467 4.350748
v -7.057188 8.490648 5.415633
v -7.248118 8.405633 5.401458
v -7.057188 8.490648 5.415633
v -7.208328 8.370144 6.029292
v -7.248118 8.405633 5.401458
v -7.057188 8.490648 5.415633
v -7.016258 8.385269 5.951813
v -7.208328 8.370144 6.029292
v -7.016258 8.385269 5.951813
v -6.880419 7.643717 7.100040
v -7.208328 8.370144 6.029292
v -7.016258 8.385269 5.951813
v -6.688438 7.660101 7.024848
v -6.880419 7.643717 7.100040
v -6.688438 7.660101 7.024848
v -6.570118 6.922325 8.179952
v -6.880419 7.643717 7.100040
v -6.688438 7.660101 7.024848
v -6.377588 6.940549 8.108086
v -6.570118 6.922325 8.179952
v -6.377588 6.940549 8.108086
v -6.275438 6.203328 9.264207
v -6.570118 6.922325 8.179952
v -6.377588 6.940549 8.108086
v -6.081698 6.223950 9.196687
v -6.275438 6.203328 9.264207
v -6.081698 6.223950 9.196687
v -6.048259 5.428017 10.198095
v -6.275438 6.203328 9.264207
v -6.081698 6.223950 9.196687
v -5.852078 5.427489 10.166431
v -6.048259 5.428017 10.198095
v -5.852078 5.427489 10.166431
v -6.431659 5.014427 10.777538
v -6.048259 5.428017 10.198095
v -5.852078 5.427489 10.166431
v -5.869489 4.964495 10.751609
v -6.431659 5.014427 10.777538
v -5.869489 4.964495 10.751609
v -6.225179 4.729294 11.094918
v -6.431659 5.014427 10.777538
v -5.869489 4.964495 10.751609
v -6.027908 4.754480 11.035643
v -6.225179 4.729294 11.094918
v -3.109378 4.496092 0.323999
v -4.123308 5.103567 1.227008
v -3.969088 5.260677 1.247247
v -3.109378 4.496092 0.323999
v -3.264198 4.338037 0.302042
v -4.123308 5.103567 1.227008
v -3.969088 5.260677 1.247247
v -4.968328 5.877608 2.167378
v -4.814808 6.033695 2.185770
v -3.969088 5.260677 1.247247
v -4.123308 5.103567 1.227008
v -4.968328 5.877608 2.167378
v -4.814808 6.033695 2.185770
v -5.797118 6.660365 3.123539
v -5.644789 6.815129 3.139518
v -4.814808 6.033695 2.185770
v -4.968328 5.877608 2.167378
v -5.797118 6.660365 3.123539
v -5.644789 6.815129 3.139518
v -6.552169 7.496819 4.176916
v -6.402828 7.648724 4.187731
v -5.644789 6.815129 3.139518
v -5.797118 6.660365 3.123539
v -6.552169 7.496819 4.176916
v -6.402828 7.648724 4.187731
v -7.411729 8.672224 5.324121
v -7.221098 8.756697 5.337280
v -6.402828 7.648724 4.187731
v -6.552169 7.496819 4.176916
v -7.411729 8.672224 5.324121
v -7.221098 8.756697 5.337280
v -7.197538 8.543711 6.200929
v -7.006358 8.558388 6.122612
v -7.221098 8.756697 5.337280
v -7.411729 8.672224 5.324121
v -7.197538 8.543711 6.200929
v -7.006358 8.558388 6.122612
v -6.870898 7.816406 7.270081
v -6.679789 7.832282 7.193948
v -7.006358 8.558388 6.122612
v -7.197538 8.543711 6.200929
v -6.870898 7.816406 7.270081
v -6.679789 7.832282 7.193948
v -6.562478 7.093447 8.347144
v -6.370849 7.111255 8.274515
v -6.679789 7.832282 7.193948
v -6.870898 7.816406 7.270081
v -6.562478 7.093447 8.347144
v -6.370849 7.111255 8.274515
v -6.270329 6.372396 9.427690
v -6.077389 6.392666 9.359518
v -6.370849 7.111255 8.274515
v -6.562478 7.093447 8.347144
v -6.270329 6.372396 9.427690
v -6.077389 6.392666 9.359518
v -6.045749 5.594830 10.357472
v -5.850449 5.593877 10.325050
v -6.077389 6.392666 9.359518
v -6.270329 6.372396 9.427690
v -6.045749 5.594830 10.357472
v -5.850449 5.593877 10.325050
v -6.428618 5.180923 10.936359
v -5.868968 5.129685 10.908067
v -5.850449 5.593877 10.325050
v -6.045749 5.594830 10.357472
v -6.428618 5.180923 10.936359
v -5.868968 5.129685 10.908067
v -6.223799 4.894545 11.251479
v -6.027268 4.919437 11.191668
v -5.868968 5.129685 10.908067
v -6.428618 5.180923 10.936359
v -6.223799 4.894545 11.251479
v -3.026768 4.421416 0.491693
v -3.264198 4.338037 0.302042
v -3.109378 4.496092 0.323999
v -3.026768 4.421416 0.491693
v -3.181498 4.263206 0.469457
v -3.264198 4.338037 0.302042
v -3.181498 4.263206 0.469457
v -4.123308 5.103567 1.227008
v -3.264198 4.338037 0.302042
v -3.181498 4.263206 0.469457
v -4.040568 5.028176 1.393395
v -4.123308 5.103567 1.227008
v -4.040568 5.028176 1.393395
v -4.968328 5.877608 2.167378
v -4.123308 5.103567 1.227008
v -4.040568 5.028176 1.393395
v -4.885609 5.801626 2.332708
v -4.968328 5.877608 2.167378
v -4.885609 5.801626 2.332708
v -5.797118 6.660365 3.123539
v -4.968328 5.877608 2.167378
v -4.885609 5.801626 2.332708
v -5.714488 6.583731 3.287687
v -5.797118 6.660365 3.123539
v -5.714488 6.583731 3.287687
v -6.552169 7.496819 4.176916
v -5.797118 6.660365 3.123539
v -5.714488 6.583731 3.287687
v -6.469639 7.419469 4.339779
v -6.552169 7.496819 4.176916
v -6.469639 7.419469 4.339779
v -7.411729 8.672224 5.324121
v -6.552169 7.496819 4.176916
v -6.469639 7.419469 4.339779
v -7.248118 8.405633 5.401458
v -7.411729 8.672224 5.324121
v -7.248118 8.405633 5.401458
v -7.197538 8.543711 6.200929
v -7.411729 8.672224 5.324121
v -7.248118 8.405633 5.401458
v -7.208328 8.370144 6.029292
v -7.197538 8.543711 6.200929
v -7.208328 8.370144 6.029292
v -6.870898 7.816406 7.270081
v -7.197538 8.543711 6.200929
v -7.208328 8.370144 6.029292
v -6.880419 7.643717 7.100040
v -6.870898 7.816406 7.270081
v -6.880419 7.643717 7.100040
v -6.562478 7.093447 8.347144
v -6.870898 7.816406 7.270081
v -6.880419 7.643717 7.100040
v -6.570118 6.922325 8.179952
v -6.562478 7.093447 8.347144
v -6.570118 6.922325 8.179952
v -6.270329 6.372396 9.427690
v -6.562478 7.093447 8.347144
v -6.570118 6.922325 8.179952
v -6.275438 6.203328 9.264207
v -6.270329 6.372396 9.427690
v -6.275438 6.203328 9.264207
v -6.045749 5.594830 10.357472
v -6.270329 6.372396 9.427690
v -6.275438 6.203328 9.264207
v -6.048259 5.428017 10.198095
v -6.045749 5.594830 10.357472
v -6.048259 5.428017 10.198095
v -6.428618 5.180923 10.936359
v -6.045749 5.594830 10.357472
v -6.048259 5.428017 10.198095
v -6.431659 5.014427 10.777538
v -6.428618 5.180923 10.936359
v -6.431659 5.014427 10.777538
v -6.223799 4.894545 11.251479
v -6.428618 5.180923 10.936359
v -6.431659 5.014427 10.777538
v -6.225179 4.729294 11.094918
v -6.223799 4.894545 11.251479
v -6.225179 4.729294 11.094918
v -6.027268 4.919437 11.191668
v -6.223799 4.894545 11.251479
v -6.225179 4.729294 11.094918
v -6.027908 4.754480 11.035643
v -6.027268 4.919437 11.191668
v -6.027908 4.754480 11.035643
v -5.868968 5.129685 10.908067
v -6.027268 4.919437 11.191668
v -6.027908 4.754480 11.035643
v -5.869489 4.964495 10.751609
v -5.868968 5.129685 10.908067
v -5.869489 4.964495 10.751609
v -5.850449 5.593877 10.325050
v -5.868968 5.129685 10.908067
v -5.869489 4.964495 10.751609
v -5.852078 5.427489 10.166431
v -5.850449 5.593877 10.325050
v -5.852078 5.427489 10.166431
v -6.077389 6.392666 9.359518
v -5.850449 5.593877 10.325050
v -5.852078 5.427489 10.166431
v -6.081698 6.223950 9.196687
v -6.077389 6.392666 9.359518
v -6.081698 6.223950 9.196687
v -6.370849 7.111255 8.274515
v -6.077389 6.392666 9.359518
v -6.081698 6.223950 9.196687
v -6.377588 6.940549 8.108086
v -6.370849 7.111255 8.274515
v -6.377588 6.940549 8.108086
v -6.679789 7.832282 7.193948
v -6.370849 7.111255 8.274515
v -6.377588 6.940549 8.108086
v -6.688438 7.660101 7.024848
v -6.679789 7.832282 7.193948
v -6.688438 7.660101 7.024848
v -7.006358 8.558388 6.122612
v -6.679789 7.832282 7.193948
v -6.688438 7.660101 7.024848
v -7.016258 8.385269 5.951813
v -7.006358 8.558388 6.122612
v -7.016258 8.385269 5.951813
v -7.221098 8.756697 5.337280
v -7.006358 8.558388 6.122612
v -7.016258 8.385269 5.951813
v -7.057188 8.490648 5.415633
v -7.221098 8.756697 5.337280
v -7.057188 8.490648 5.415633
v -6.402828 7.648724 4.187731
v -7.221098 8.756697 5.337280
v -7.057188 8.490648 5.415633
v -6.320449 7.571467 4.350748
v -6.402828 7.648724 4.187731
v -6.320449 7.571467 4.350748
v -5.644789 6.815129 3.139518
v -6.402828 7.648724 4.187731
v -6.320449 7.571467 4.350748
v -5.562299 6.738598 3.303861
v -5.644789 6.815129 3.139518
v -5.562299 6.738598 3.303861
v -4.814808 6.033695 2.185770
v -5.644789 6.815129 3.139518
v -5.562299 6.738598 3.303861
v -4.732288 5.957822 2.351303
v -4.814808 6.033695 2.185770
v -4.732288 5.957822 2.351303
v -3.969088 5.260677 1.247247
v -4.814808 6.033695 2.185770
v -4.732288 5.957822 2.351303
v -3.886549 5.185390 1.413828
v -3.969088 5.260677 1.247247
v -3.886549 5.185390 1.413828
v -3.109378 4.496092 0.323999
v -3.969088 5.260677 1.247247
v -3.886549 5.185390 1.413828
v -3.026768 4.421416 0.491693
v -3.109378 4.496092 0.323999
v -4.214949 1.496266 -4.181218
v -4.864188 1.071390 -5.411066
v -4.049909 1.550813 -4.333228
v -4.214949 1.496266 -4.181218
v -5.029748 1.017686 -5.257533
v -4.864188 1.071390 -5.411066
v -5.029748 1.017686 -5.257533
v -5.688389 0.603023 -6.468860
v -4.864188 1.071390 -5.411066
v -5.029748 1.017686 -5.257533
v -5.854558 0.550214 -6.313696
v -5.688389 0.603023 -6.468860
v -5.854558 0.550214 -6.313696
v -6.522008 0.146048 -7.505985
v -5.688389 0.603023 -6.468860
v -5.854558 0.550214 -6.313696
v -6.688688 0.094036 -7.349376
v -6.522008 0.146048 -7.505985
v -6.688688 0.094036 -7.349376
v -7.364529 -0.299288 -8.522005
v -6.522008 0.146048 -7.505985
v -6.688688 0.094036 -7.349376
v -7.531678 -0.350558 -8.364046
v -7.364529 -0.299288 -8.522005
v -7.531678 -0.350558 -8.364046
v -8.322119 -0.595450 -9.561032
v -7.364529 -0.299288 -8.522005
v -7.531678 -0.350558 -8.364046
v -8.421019 -0.685676 -9.372215
v -8.322119 -0.595450 -9.561032
v -8.421019 -0.685676 -9.372215
v -8.226668 -1.099377 -9.794889
v -8.322119 -0.595450 -9.561032
v -8.421019 -0.685676 -9.372215
v -8.258919 -1.134150 -9.576034
v -8.226668 -1.099377 -9.794889
v -8.258919 -1.134150 -9.576034
v -7.354928 -2.220050 -10.024303
v -8.226668 -1.099377 -9.794889
v -8.258919 -1.134150 -9.576034
v -7.388168 -2.255200 -9.806144
v -7.354928 -2.220050 -10.024303
v -7.388168 -2.255200 -9.806144
v -6.492528 -3.354039 -10.241426
v -7.354928 -2.220050 -10.024303
v -7.388168 -2.255200 -9.806144
v -6.526818 -3.389582 -10.023951
v -6.492528 -3.354039 -10.241426
v -6.526818 -3.389582 -10.023951
v -5.635888 -4.495295 -10.444103
v -6.492528 -3.354039 -10.241426
v -6.526818 -3.389582 -10.023951
v -5.671168 -4.531221 -10.227354
v -5.635888 -4.495295 -10.444103
v -5.671168 -4.531221 -10.227354
v -4.724448 -5.491807 -10.634263
v -5.635888 -4.495295 -10.444103
v -5.671168 -4.531221 -10.227354
v -4.731849 -5.556866 -10.431089
v -4.724448 -5.491807 -10.634263
v -4.731849 -5.556866 -10.431089
v -4.214548 -5.852018 -11.247696
v -4.724448 -5.491807 -10.634263
v -4.731849 -5.556866 -10.431089
v -4.177528 -6.097231 -10.693895
v -4.214548 -5.852018 -11.247696
v -4.177528 -6.097231 -10.693895
v -3.883668 -6.252559 -11.178691
v -4.214548 -5.852018 -11.247696
v -4.177528 -6.097231 -10.693895
v -3.920808 -6.289603 -10.963930
v -3.883668 -6.252559 -11.178691
v -4.310489 1.671320 -4.182321
v -4.960208 1.246710 -5.411697
v -5.125608 1.193169 -5.257868
v -4.310489 1.671320 -4.182321
v -4.145739 1.725779 -4.334498
v -4.960208 1.246710 -5.411697
v -5.125608 1.193169 -5.257868
v -5.784719 0.778774 -6.468702
v -5.950679 0.726029 -6.313414
v -5.125608 1.193169 -5.257868
v -4.960208 1.246710 -5.411697
v -5.784719 0.778774 -6.468702
v -5.950679 0.726029 -6.313414
v -6.618459 0.322223 -7.505055
v -6.785089 0.270308 -7.348282
v -5.950679 0.726029 -6.313414
v -5.784719 0.778774 -6.468702
v -6.618459 0.322223 -7.505055
v -6.785089 0.270308 -7.348282
v -7.461199 -0.122799 -8.520506
v -7.628179 -0.173890 -8.362223
v -6.785089 0.270308 -7.348282
v -6.618459 0.322223 -7.505055
v -7.461199 -0.122799 -8.520506
v -7.628179 -0.173890 -8.362223
v -8.612478 -0.408153 -9.642383
v -8.711179 -0.498250 -9.453329
v -7.628179 -0.173890 -8.362223
v -7.461199 -0.122799 -8.520506
v -8.612478 -0.408153 -9.642383
v -8.711179 -0.498250 -9.453329
v -8.400108 -1.204188 -9.831408
v -8.432219 -1.238945 -9.612503
v -8.711179 -0.498250 -9.453329
v -8.612478 -0.408153 -9.642383
v -8.400108 -1.204188 -9.831408
v -8.432219 -1.238945 -9.612503
v -7.528688 -2.325690 -10.062319
v -7.561869 -2.360806 -9.844085
v -8.432219 -1.238945 -9.612503
v -8.400108 -1.204188 -9.831408
v -7.528688 -2.325690 -10.062319
v -7.561869 -2.360806 -9.844085
v -6.666678 -3.460479 -10.280872
v -6.700809 -3.495975 -10.063320
v -7.561869 -2.360806 -9.844085
v -7.528688 -2.325690 -10.062319
v -6.666678 -3.460479 -10.280872
v -6.700809 -3.495975 -10.063320
v -5.810268 -4.602436 -10.484833
v -5.845359 -4.638406 -10.268139
v -6.700809 -3.495975 -10.063320
v -6.666678 -3.460479 -10.280872
v -5.810268 -4.602436 -10.484833
v -5.845359 -4.638406 -10.268139
v -4.899018 -5.599891 -10.676687
v -4.906299 -5.664937 -10.473512
v -5.845359 -4.638406 -10.268139
v -5.810268 -4.602436 -10.484833
v -4.899018 -5.599891 -10.676687
v -4.906299 -5.664937 -10.473512
v -4.389588 -5.960501 -11.290850
v -4.352159 -6.205825 -10.737239
v -4.906299 -5.664937 -10.473512
v -4.899018 -5.599891 -10.676687
v -4.389588 -5.960501 -11.290850
v -4.352159 -6.205825 -10.737239
v -4.058589 -6.361370 -11.222441
v -4.095589 -6.398394 -11.007644
v -4.352159 -6.205825 -10.737239
v -4.389588 -5.960501 -11.290850
v -4.058589 -6.361370 -11.222441
v -4.214949 1.496266 -4.181218
v -4.145739 1.725779 -4.334498
v -4.310489 1.671320 -4.182321
v -4.214949 1.496266 -4.181218
v -4.049909 1.550813 -4.333228
v -4.145739 1.725779 -4.334498
v -4.049909 1.550813 -4.333228
v -4.960208 1.246710 -5.411697
v -4.145739 1.725779 -4.334498
v -4.049909 1.550813 -4.333228
v -4.864188 1.071390 -5.411066
v -4.960208 1.246710 -5.411697
v -4.864188 1.071390 -5.411066
v -5.784719 0.778774 -6.468702
v -4.960208 1.246710 -5.411697
v -4.864188 1.071390 -5.411066
v -5.688389 0.603023 -6.468860
v -5.784719 0.778774 -6.468702
v -5.688389 0.603023 -6.468860
v -6.618459 0.322223 -7.505055
v -5.784719 0.778774 -6.468702
v -5.688389 0.603023 -6.468860
v -6.522008 0.146048 -7.505985
v -6.618459 0.322223 -7.505055
v -6.522008 0.146048 -7.505985
v -7.461199 -0.122799 -8.520506
v -6.618459 0.322223 -7.505055
v -6.522008 0.146048 -7.505985
v -7.364529 -0.299288 -8.522005
v -7.461199 -0.122799 -8.520506
v -7.364529 -0.299288 -8.522005
v -8.612478 -0.408153 -9.642383
v -7.461199 -0.122799 -8.520506
v -7.364529 -0.299288 -8.522005
v -8.322119 -0.595450 -9.561032
v -8.612478 -0.408153 -9.642383
v -8.322119 -0.595450 -9.561032
v -8.400108 -1.204188 -9.831408
v -8.612478 -0.408153 -9.642383
v -8.322119 -0.595450 -9.561032
v -8.226668 -1.099377 -9.794889
v -8.400108 -1.204188 -9.831408
v -8.226668 -1.099377 -9.794889
v -7.528688 -2.325690 -10.062319
v -8.400108 -1.204188 -9.831408
v -8.226668 -1.099377 -9.794889
v -7.354928 -2.220050 -10.024303
v -7.528688 -2.325690 -10.062319
v -7.354928 -2.220050 -10.024303
v -6.666678 -3.460479 -10.280872
v -7.528688 -2.325690 -10.062319
v -7.354928 -2.220050 -10.024303
v -6.492528 -3.354039 -10.241426
v -6.666678 -3.460479 -10.280872
v -6.492528 -3.354039 -10.241426
v -5.810268 -4.602436 -10.484833
v -6.666678 -3.460479 -10.280872
v -6.492528 -3.354039 -10.241426
v -5.635888 -4.495295 -10.444103
v -5.810268 -4.602436 -10.484833
v -5.635888 -4.495295 -10.444103
v -4.899018 -5.599891 -10.676687
v -5.810268 -4.602436 -10.484833
v -5.635888 -4.495295 -10.444103
v -4.724448 -5.491807 -10.634263
v -4.899018 -5.599891 -10.676687
v -4.724448 -5.491807 -10.634263
v -4.389588 -5.960501 -11.290850
v -4.899018 -5.599891 -10.676687
v -4.724448 -5.491807 -10.634263
v -4.214548 -5.852018 -11.247696
v -4.389588 -5.960501 -11.290850
v -4.214548 -5.852018 -11.247696
v -4.058589 -6.361370 -11.222441
v -4.389588 -5.960501 -11.290850
v -4.214548 -5.852018 -11.247696
v -3.883668 -6.252559 -11.178691
v -4.058589 -6.361370 -11.222441
v -3.883668 -6.252559 -11.178691
v -4.095589 -6.398394 -11.007644
v -4.058589 -6.361370 -11.222441
v -3.883668 -6.252559 -11.178691
v -3.920808 -6.289603 -10.963930
v -4.095589 -6.398394 -11.007644
v -3.920808 -6.289603 -10.963930
v -4.352159 -6.205825 -10.737239
v -4.095589 -6.398394 -11.007644
v -3.920808 -6.289603 -10.963930
v -4.177528 -6.097231 -10.693895
v -4.352159 -6.205825 -10.737239
v -4.177528 -6.097231 -10.693895
v -4.906299 -5.664937 -10.473512
v -4.352159 -6.205825 -10.737239
v -4.177528 -6.097231 -10.693895
v -4.731849 -5.556866 -10.431089
v -4.906299 -5.664937 -10.473512
v -4.731849 -5.556866 -10.431089
v -5.845359 -4.638406 -10.268139
v -4.906299 -5.664937 -10.473512
v -4.731849 -5.556866 -10.431089
v -5.671168 -4.531221 -10.227354
v -5.845359 -4.638406 -10.268139
v -5.671168 -4.531221 -10.227354
v -6.700809 -3.495975 -10.063320
v -5.845359 -4.638406 -10.268139
v -5.671168 -4.531221 -10.227354
v -6.526818 -3.389582 -10.023951
v -6.700809 -3.495975 -10.063320
v -6.526818 -3.389582 -10.023951
v -7.561869 -2.360806 -9.844085
v -6.700809 -3.495975 -10.063320
v -6.526818 -3.389582 -10.023951
v -7.388168 -2.255200 -9.806144
v -7.561869 -2.360806 -9.844085
v -7.388168 -2.255200 -9.806144
v -8.432219 -1.238945 -9.612503
v -7.561869 -2.360806 -9.844085
v -7.388168 -2.255200 -9.806144
v -8.258919 -1.134150 -9.576034
v -8.432219 -1.238945 -9.612503
v -8.258919 -1.134150 -9.576034
v -8.711179 -0.498250 -9.453329
v -8.432219 -1.238945 -9.612503
v -8.258919 -1.134150 -9.576034
v -8.421019 -0.685676 -9.372215
v -8.711179 -0.498250 -9.453329
v -8.421019 -0.685676 -9.372215
v -7.628179 -0.173890 -8.362223
v -8.711179 -0.498250 -9.453329
v -8.421019 -0.685676 -9.372215
v -7.531678 -0.350558 -8.364046
v -7.628179 -0.173890 -8.362223
v -7.531678 -0.350558 -8.364046
v -6.785089 0.270308 -7.348282
v -7.628179 -0.173890 -8.362223
v -7.531678 -0.350558 -8.364046
v -6.688688 0.094036 -7.349376
v -6.785089 0.270308 -7.348282
v -6.688688 0.094036 -7.349376
v -5.950679 0.726029 -6.313414
v -6.785089 0.270308 -7.348282
v -6.688688 0.094036 -7.349376
v -5.854558 0.550214 -6.313696
v -5.950679 0.726029 -6.313414
v -5.854558 0.550214 -6.313696
v -5.125608 1.193169 -5.257868
v -5.950679 0.726029 -6.313414
v -5.854558 0.550214 -6.313696
v -5.029748 1.017686 -5.257533
v -5.125608 1.193169 -5.257868
v -5.029748 1.017686 -5.257533
v -4.310489 1.671320 -4.182321
v -5.125608 1.193169 -5.257868
v -5.029748 1.017686 -5.257533
v -4.214949 1.496266 -4.181218
v -4.310489 1.671320 -4.182321
v -0.572258 11.896091 10.840948
v 1.738352 13.719067 11.817411
v 1.637092 13.874516 11.996134
v -0.572258 11.896091 10.840948
v -0.462478 11.726545 10.636676
v 1.738352 13.719067 11.817411
v 1.637092 13.874516 11.996134
v 3.884681 15.735363 13.041319
v 3.791462 15.879177 13.198941
v 1.637092 13.874516 11.996134
v 1.738352 13.719067 11.817411
v 3.884681 15.735363 13.041319
v 3.791462 15.879177 13.198941
v 6.150481 17.697170 14.166317
v 6.063062 17.833736 14.310802
v 3.791462 15.879177 13.198941
v 3.884681 15.735363 13.041319
v 6.150481 17.697170 14.166317
v 6.063062 17.833736 14.310802
v 8.544601 19.560034 15.111824
v 8.458982 19.696156 15.255505
v 6.063062 17.833736 14.310802
v 6.150481 17.697170 14.166317
v 8.544601 19.560034 15.111824
v 8.458982 19.696156 15.255505
v 10.952482 21.337570 15.903065
v 10.862862 21.485163 16.067390
v 8.458982 19.696156 15.255505
v 8.544601 19.560034 15.111824
v 10.952482 21.337570 15.903065
v 10.862862 21.485163 16.067390
v 13.248382 23.180386 16.812355
v 13.145282 23.342430 17.002871
v 10.862862 21.485163 16.067390
v 10.952482 21.337570 15.903065
v 13.248382 23.180386 16.812355
v 13.145282 23.342430 17.002871
v 15.438211 25.060226 17.788506
v 15.338982 25.215647 17.967175
v 13.145282 23.342430 17.002871
v 13.248382 23.180386 16.812355
v 15.438211 25.060226 17.788506
v 15.338982 25.215647 17.967175
v 17.627722 26.878544 18.653538
v 17.531261 27.033901 18.832088
v 15.338982 25.215647 17.967175
v 15.438211 25.060226 17.788506
v 17.627722 26.878544 18.653538
v 17.531261 27.033901 18.832088
v 19.809172 28.662315 19.455948
v 19.718752 28.815693 19.630917
v 17.531261 27.033901 18.832088
v 17.627722 26.878544 18.653538
v 19.809172 28.662315 19.455948
v 19.718752 28.815693 19.630917
v 21.943682 30.331387 20.142986
v 21.926212 30.527122 20.327625
v 19.718752 28.815693 19.630917
v 19.809172 28.662315 19.455948
v 21.943682 30.331387 20.142986
v 21.926212 30.527122 20.327625
v 23.123032 30.709728 20.015800
v 23.222052 31.355297 20.561811
v 21.926212 30.527122 20.327625
v 21.943682 30.331387 20.142986
v 23.123032 30.709728 20.015800
v 23.222052 31.355297 20.561811
v 23.891253 31.428150 20.355816
v 23.812801 31.577396 20.523239
v 23.222052 31.355297 20.561811
v 23.123032 30.709728 20.015800
v 23.891253 31.428150 20.355816
v -0.631258 12.042465 10.654163
v 1.686092 13.861347 11.623196
v -0.521228 11.872530 10.449169
v -0.631258 12.042465 10.654163
v 1.584542 14.017147 11.802547
v 1.686092 13.861347 11.623196
v 1.584542 14.017147 11.802547
v 3.835402 15.875561 12.843327
v 1.686092 13.861347 11.623196
v 1.584542 14.017147 11.802547
v 3.741731 16.019766 13.001650
v 3.835402 15.875561 12.843327
v 3.741731 16.019766 13.001650
v 6.100362 17.836542 13.966828
v 3.835402 15.875561 12.843327
v 3.741731 16.019766 13.001650
v 6.012502 17.973537 14.112082
v 6.100362 17.836542 13.966828
v 6.012502 17.973537 14.112082
v 8.495162 19.701946 14.916945
v 6.100362 17.836542 13.966828
v 6.012502 17.973537 14.112082
v 8.408982 19.838459 15.061322
v 8.495162 19.701946 14.916945
v 8.408982 19.838459 15.061322
v 10.903932 21.485651 15.719279
v 8.495162 19.701946 14.916945
v 8.408982 19.838459 15.061322
v 10.812832 21.633106 15.883348
v 10.903932 21.485651 15.719279
v 10.812832 21.633106 15.883348
v 13.197812 23.333487 16.637661
v 10.903932 21.485651 15.719279
v 10.812832 21.633106 15.883348
v 13.094452 23.494686 16.826653
v 13.197812 23.333487 16.637661
v 13.094452 23.494686 16.826653
v 15.389631 25.212420 17.612259
v 13.197812 23.333487 16.637661
v 13.094452 23.494686 16.826653
v 15.290302 25.367804 17.790869
v 15.389631 25.212420 17.612259
v 15.290302 25.367804 17.790869
v 17.581322 27.032330 18.480167
v 15.389631 25.212420 17.612259
v 15.290302 25.367804 17.790869
v 17.484632 27.187714 18.658775
v 17.581322 27.032330 18.480167
v 17.484632 27.187714 18.658775
v 19.765722 28.816887 19.284016
v 17.581322 27.032330 18.480167
v 17.484632 27.187714 18.658775
v 19.675022 28.970284 19.458990
v 19.765722 28.816887 19.284016
v 19.675022 28.970284 19.458990
v 21.902691 30.486382 19.971783
v 19.765722 28.816887 19.284016
v 19.675022 28.970284 19.458990
v 21.885012 30.682232 20.156635
v 21.902691 30.486382 19.971783
v 21.885012 30.682232 20.156635
v 23.084433 30.864868 19.844870
v 21.902691 30.486382 19.971783
v 21.885012 30.682232 20.156635
v 23.182812 31.510521 20.391029
v 23.084433 30.864868 19.844870
v 23.182812 31.510521 20.391029
v 23.853601 31.583462 20.185190
v 23.084433 30.864868 19.844870
v 23.182812 31.510521 20.391029
v 23.774752 31.732746 20.352707
v 23.853601 31.583462 20.185190
v -0.572258 11.896091 10.840948
v -0.521228 11.872530 10.449169
v -0.462478 11.726545 10.636676
v -0.572258 11.896091 10.840948
v -0.631258 12.042465 10.654163
v -0.521228 11.872530 10.449169
v -0.462478 11.726545 10.636676
v 1.686092 13.861347 11.623196
v 1.738352 13.719067 11.817411
v -0.462478 11.726545 10.636676
v -0.521228 11.872530 10.449169
v 1.686092 13.861347 11.623196
v 1.738352 13.719067 11.817411
v 3.835402 15.875561 12.843327
v 3.884681 15.735363 13.041319
v 1.738352 13.719067 11.817411
v 1.686092 13.861347 11.623196
v 3.835402 15.875561 12.843327
v 3.884681 15.735363 13.041319
v 6.100362 17.836542 13.966828
v 6.150481 17.697170 14.166317
v 3.884681 15.735363 13.041319
v 3.835402 15.875561 12.843327
v 6.100362 17.836542 13.966828
v 6.150481 17.697170 14.166317
v 8.495162 19.701946 14.916945
v 8.544601 19.560034 15.111824
v 6.150481 17.697170 14.166317
v 6.100362 17.836542 13.966828
v 8.495162 19.701946 14.916945
v 8.544601 19.560034 15.111824
v 10.903932 21.485651 15.719279
v 10.952482 21.337570 15.903065
v 8.544601 19.560034 15.111824
v 8.495162 19.701946 14.916945
v 10.903932 21.485651 15.719279
v 10.952482 21.337570 15.903065
v 13.197812 23.333487 16.637661
v 13.248382 23.180386 16.812355
v 10.952482 21.337570 15.903065
v 10.903932 21.485651 15.719279
v 13.197812 23.333487 16.637661
v 13.248382 23.180386 16.812355
v 15.389631 25.212420 17.612259
v 15.438211 25.060226 17.788506
v 13.248382 23.180386 16.812355
v 13.197812 23.333487 16.637661
v 15.389631 25.212420 17.612259
v 15.438211 25.060226 17.788506
v 17.581322 27.032330 18.480167
v 17.627722 26.878544 18.653538
v 15.438211 25.060226 17.788506
v 15.389631 25.212420 17.612259
v 17.581322 27.032330 18.480167
v 17.627722 26.878544 18.653538
v 19.765722 28.816887 19.284016
v 19.809172 28.662315 19.455948
v 17.627722 26.878544 18.653538
v 17.581322 27.032330 18.480167
v 19.765722 28.816887 19.284016
v 19.809172 28.662315 19.455948
v 21.902691 30.486382 19.971783
v 21.943682 30.331387 20.142986
v 19.809172 28.662315 19.455948
v 19.765722 28.816887 19.284016
v 21.902691 30.486382 19.971783
v 21.943682 30.331387 20.142986
v 23.084433 30.864868 19.844870
v 23.123032 30.709728 20.015800
v 21.943682 30.331387 20.142986
v 21.902691 30.486382 19.971783
v 23.084433 30.864868 19.844870
v 23.123032 30.709728 20.015800
v 23.853601 31.583462 20.185190
v 23.891253 31.428150 20.355816
v 23.123032 30.709728 20.015800
v 23.084433 30.864868 19.844870
v 23.853601 31.583462 20.185190
v 23.891253 31.428150 20.355816
v 23.774752 31.732746 20.352707
v 23.812801 31.577396 20.523239
v 23.891253 31.428150 20.355816
v 23.853601 31.583462 20.185190
v 23.774752 31.732746 20.352707
v 23.812801 31.577396 20.523239
v 23.182812 31.510521 20.391029
v 23.222052 31.355297 20.561811
v 23.812801 31.577396 20.523239
v 23.774752 31.732746 20.352707
v 23.182812 31.510521 20.391029
v 23.222052 31.355297 20.561811
v 21.885012 30.682232 20.156635
v 21.926212 30.527122 20.327625
v 23.222052 31.355297 20.561811
v 23.182812 31.510521 20.391029
v 21.885012 30.682232 20.156635
v 21.926212 30.527122 20.327625
v 19.675022 28.970284 19.458990
v 19.718752 28.815693 19.630917
v 21.926212 30.527122 20.327625
v 21.885012 30.682232 20.156635
v 19.675022 28.970284 19.458990
v 19.718752 28.815693 19.630917
v 17.484632 27.187714 18.658775
v 17.531261 27.033901 18.832088
v 19.718752 28.815693 19.630917
v 19.675022 28.970284 19.458990
v 17.484632 27.187714 18.658775
v 17.531261 27.033901 18.832088
v 15.290302 25.367804 17.790869
v 15.338982 25.215647 17.967175
v 17.531261 27.033901 18.832088
v 17.484632 27.187714 18.658775
v 15.290302 25.367804 17.790869
v 15.338982 25.215647 17.967175
v 13.094452 23.494686 16.826653
v 13.145282 23.342430 17.002871
v 15.338982 25.215647 17.967175
v 15.290302 25.367804 17.790869
v 13.094452 23.494686 16.826653
v 13.145282 23.342430 17.002871
v 10.812832 21.633106 15.883348
v 10.862862 21.485163 16.067390
v 13.145282 23.342430 17.002871
v 13.094452 23.494686 16.826653
v 10.812832 21.633106 15.883348
v 10.862862 21.485163 16.067390
v 8.408982 19.838459 15.061322
v 8.458982 19.696156 15.255505
v 10.862862 21.485163 16.067390
v 10.812832 21.633106 15.883348
v 8.408982 19.838459 15.061322
v 8.458982 19.696156 15.255505
v 6.012502 17.973537 14.112082
v 6.063062 17.833736 14.310802
v 8.458982 19.696156 15.255505
v 8.408982 19.838459 15.061322
v 6.012502 17.973537 14.112082
v 6.063062 17.833736 14.310802
v 3.741731 16.019766 13.001650
v 3.791462 15.879177 13.198941
v 6.063062 17.833736 14.310802
v 6.012502 17.973537 14.112082
v 3.741731 16.019766 13.001650
v 3.791462 15.879177 13.198941
v 1.584542 14.017147 11.802547
v 1.637092 13.874516 11.996134
v 3.791462 15.879177 13.198941
v 3.741731 16.019766 13.001650
v 1.584542 14.017147 11.802547
v 1.637092 13.874516 11.996134
v -0.631258 12.042465 10.654163
v -0.572258 11.896091 10.840948
v 1.637092 13.874516 11.996134
v 1.584542 14.017147 11.802547
v -0.631258 12.042465 10.654163
v -3.036668 4.421536 0.491913
v -4.050478 5.028405 1.393841
v -3.191408 4.263340 0.469703
v -3.036668 4.421536 0.491913
v -3.896398 5.185575 1.414183
v -4.050478 5.028405 1.393841
v -3.896398 5.185575 1.414183
v -4.895378 5.801879 2.333174
v -4.050478 5.028405 1.393841
v -3.896398 5.185575 1.414183
v -4.742059 5.958074 2.351747
v -4.895378 5.801879 2.333174
v -4.742059 5.958074 2.351747
v -5.724089 6.584152 3.288459
v -4.895378 5.801879 2.333174
v -4.742059 5.958074 2.351747
v -5.571908 6.738996 3.304591
v -5.724089 6.584152 3.288459
v -5.571908 6.738996 3.304591
v -6.478688 7.420405 4.341478
v -5.724089 6.584152 3.288459
v -5.571908 6.738996 3.304591
v -6.329509 7.572368 4.352388
v -6.478688 7.420405 4.341478
v -6.329509 7.572368 4.352388
v -7.256839 8.406812 5.403607
v -6.478688 7.420405 4.341478
v -6.329509 7.572368 4.352388
v -7.065859 8.491800 5.417717
v -7.256839 8.406812 5.403607
v -7.065859 8.491800 5.417717
v -7.216938 8.371349 6.031483
v -7.256839 8.406812 5.403607
v -7.065859 8.491800 5.417717
v -7.024888 8.386427 5.953905
v -7.216938 8.371349 6.031483
v -7.024888 8.386427 5.953905
v -6.889018 7.644850 7.102113
v -7.216938 8.371349 6.031483
v -7.024888 8.386427 5.953905
v -6.697048 7.661201 7.026846
v -6.889018 7.644850 7.102113
v -6.697048 7.661201 7.026846
v -6.578678 6.923404 8.181915
v -6.889018 7.644850 7.102113
v -6.697048 7.661201 7.026846
v -6.386189 6.941587 8.109959
v -6.578678 6.923404 8.181915
v -6.386189 6.941587 8.109959
v -6.284059 6.204338 9.266050
v -6.578678 6.923404 8.181915
v -6.386189 6.941587 8.109959
v -6.090319 6.224937 9.198473
v -6.284059 6.204338 9.266050
v -6.090319 6.224937 9.198473
v -6.056958 5.428882 10.199676
v -6.284059 6.204338 9.266050
v -6.090319 6.224937 9.198473
v -5.860828 5.428349 10.168002
v -6.056958 5.428882 10.199676
v -5.860828 5.428349 10.168002
v -6.440378 5.015352 10.779221
v -6.056958 5.428882 10.199676
v -5.860828 5.428349 10.168002
v -5.878319 4.965237 10.752960
v -6.440378 5.015352 10.779221
v -5.878319 4.965237 10.752960
v -6.233938 4.730076 11.096338
v -6.440378 5.015352 10.779221
v -5.878319 4.965237 10.752960
v -6.036678 4.755259 11.037076
v -6.233938 4.730076 11.096338
v -3.119308 4.496211 0.324219
v -4.133159 5.103794 1.227432
v -3.978928 5.260915 1.247688
v -3.119308 4.496211 0.324219
v -3.274128 4.338123 0.302211
v -4.133159 5.103794 1.227432
v -3.978928 5.260915 1.247688
v -4.978088 5.877908 2.167944
v -4.824569 6.033985 2.186318
v -3.978928 5.260915 1.247688
v -4.133159 5.103794 1.227432
v -4.978088 5.877908 2.167944
v -4.824569 6.033985 2.186318
v -5.806778 6.660828 3.124381
v -5.654388 6.815546 3.140283
v -4.824569 6.033985 2.186318
v -4.978088 5.877908 2.167944
v -5.806778 6.660828 3.124381
v -5.654388 6.815546 3.140283
v -6.561249 7.497687 4.178504
v -6.411979 7.649573 4.189285
v -5.654388 6.815546 3.140283
v -5.806778 6.660828 3.124381
v -6.561249 7.497687 4.178504
v -6.411979 7.649573 4.189285
v -7.420428 8.673430 5.326300
v -7.229809 8.757893 5.339478
v -6.411979 7.649573 4.189285
v -6.561249 7.497687 4.178504
v -7.420428 8.673430 5.326300
v -7.229809 8.757893 5.339478
v -7.206148 8.544920 6.203107
v -7.014988 8.559550 6.124735
v -7.229809 8.757893 5.339478
v -7.420428 8.673430 5.326300
v -7.206148 8.544920 6.203107
v -7.014988 8.559550 6.124735
v -6.879438 7.817539 7.272153
v -6.688369 7.833450 7.196080
v -7.014988 8.559550 6.124735
v -7.206148 8.544920 6.203107
v -6.879438 7.817539 7.272153
v -6.688369 7.833450 7.196080
v -6.571049 7.094569 8.349199
v -6.379398 7.112320 8.276453
v -6.688369 7.833450 7.196080
v -6.879438 7.817539 7.272153
v -6.571049 7.094569 8.349199
v -6.379398 7.112320 8.276453
v -6.278909 6.373405 9.429533
v -6.085988 6.393630 9.361283
v -6.379398 7.112320 8.276453
v -6.571049 7.094569 8.349199
v -6.278909 6.373405 9.429533
v -6.085988 6.393630 9.361283
v -6.054419 5.595736 10.359123
v -5.859168 5.594793 10.326716
v -6.085988 6.393630 9.361283
v -6.278909 6.373405 9.429533
v -6.054419 5.595736 10.359123
v -5.859168 5.594793 10.326716
v -6.437288 5.181853 10.938051
v -5.877738 5.130446 10.909452
v -5.859168 5.594793 10.326716
v -6.054419 5.595736 10.359123
v -6.437288 5.181853 10.938051
v -5.877738 5.130446 10.909452
v -6.232529 4.895382 11.252995
v -6.036029 4.920240 11.193122
v -5.877738 5.130446 10.909452
v -6.437288 5.181853 10.938051
v -6.232529 4.895382 11.252995
v -3.036668 4.421536 0.491913
v -3.274128 4.338123 0.302211
v -3.119308 4.496211 0.324219
v -3.036668 4.421536 0.491913
v -3.191408 4.263340 0.469703
v -3.274128 4.338123 0.302211
v -3.191408 4.263340 0.469703
v -4.133159 5.103794 1.227432
v -3.274128 4.338123 0.302211
v -3.191408 4.263340 0.469703
v -4.050478 5.028405 1.393841
v -4.133159 5.103794 1.227432
v -4.050478 5.028405 1.393841
v -4.978088 5.877908 2.167944
v -4.133159 5.103794 1.227432
v -4.050478 5.028405 1.393841
v -4.895378 5.801879 2.333174
v -4.978088 5.877908 2.167944
v -4.895378 5.801879 2.333174
v -5.806778 6.660828 3.124381
v -4.978088 5.877908 2.167944
v -4.895378 5.801879 2.333174
v -5.724089 6.584152 3.288459
v -5.806778 6.660828 3.124381
v -5.724089 6.584152 3.288459
v -6.561249 7.497687 4.178504
v -5.806778 6.660828 3.124381
v -5.724089 6.584152 3.288459
v -6.478688 7.420405 4.341478
v -6.561249 7.497687 4.178504
v -6.478688 7.420405 4.341478
v -7.420428 8.673430 5.326300
v -6.561249 7.497687 4.178504
v -6.478688 7.420405 4.341478
v -7.256839 8.406812 5.403607
v -7.420428 8.673430 5.326300
v -7.256839 8.406812 5.403607
v -7.206148 8.544920 6.203107
v -7.420428 8.673430 5.326300
v -7.256839 8.406812 5.403607
v -7.216938 8.371349 6.031483
v -7.206148 8.544920 6.203107
v -7.216938 8.371349 6.031483
v -6.879438 7.817539 7.272153
v -7.206148 8.544920 6.203107
v -7.216938 8.371349 6.031483
v -6.889018 7.644850 7.102113
v -6.879438 7.817539 7.272153
v -6.889018 7.644850 7.102113
v -6.571049 7.094569 8.349199
v -6.879438 7.817539 7.272153
v -6.889018 7.644850 7.102113
v -6.578678 6.923404 8.181915
v -6.571049 7.094569 8.349199
v -6.578678 6.923404 8.181915
v -6.278909 6.373405 9.429533
v -6.571049 7.094569 8.349199
v -6.578678 6.923404 8.181915
v -6.284059 6.204338 9.266050
v -6.278909 6.373405 9.429533
v -6.284059 6.204338 9.266050
v -6.054419 5.595736 10.359123
v -6.278909 6.373405 9.429533
v -6.284059 6.204338 9.266050
v -6.056958 5.428882 10.199676
v -6.054419 5.595736 10.359123
v -6.056958 5.428882 10.199676
v -6.437288 5.181853 10.938051
v -6.054419 5.595736 10.359123
v -6.056958 5.428882 10.199676
v -6.440378 5.015352 10.779221
v -6.437288 5.181853 10.938051
v -6.440378 5.015352 10.779221
v -6.232529 4.895382 11.252995
v -6.437288 5.181853 10.938051
v -6.440378 5.015352 10.779221
v -6.233938 4.730076 11.096338
v -6.232529 4.895382 11.252995
v -6.233938 4.730076 11.096338
v -6.036029 4.920240 11.193122
v -6.232529 4.895382 11.252995
v -6.233938 4.730076 11.096338
v -6.036678 4.755259 11.037076
v -6.036029 4.920240 11.193122
v -6.036678 4.755259 11.037076
v -5.877738 5.130446 10.909452
v -6.036029 4.920240 11.193122
v -6.036678 4.755259 11.037076
v -5.878319 4.965237 10.752960
v -5.877738 5.130446 10.909452
v -5.878319 4.965237 10.752960
v -5.859168 5.594793 10.326716
v -5.877738 5.130446 10.909452
v -5.878319 4.965237 10.752960
v -5.860828 5.428349 10.168002
v -5.859168 5.594793 10.326716
v -5.860828 5.428349 10.168002
v -6.085988 6.393630 9.361283
v -5.859168 5.594793 10.326716
v -5.860828 5.428349 10.168002
v -6.090319 6.224937 9.198473
v -6.085988 6.393630 9.361283
v -6.090319 6.224937 9.198473
v -6.379398 7.112320 8.276453
v -6.085988 6.393630 9.361283
v -6.090319 6.224937 9.198473
v -6.386189 6.941587 8.109959
v -6.379398 7.112320 8.276453
v -6.386189 6.941587 8.109959
v -6.688369 7.833450 7.196080
v -6.379398 7.112320 8.276453
v -6.386189 6.941587 8.109959
v -6.697048 7.661201 7.026846
v -6.688369 7.833450 7.196080
v -6.697048 7.661201 7.026846
v -7.014988 8.559550 6.124735
v -6.688369 7.833450 7.196080
v -6.697048 7.661201 7.026846
v -7.024888 8.386427 5.953905
v -7.014988 8.559550 6.124735
v -7.024888 8.386427 5.953905
v -7.229809 8.757893 5.339478
v -7.014988 8.559550 6.124735
v -7.024888 8.386427 5.953905
v -7.065859 8.491800 5.417717
v -7.229809 8.757893 5.339478
v -7.065859 8.491800 5.417717
v -6.411979 7.649573 4.189285
v -7.229809 8.757893 5.339478
v -7.065859 8.491800 5.417717
v -6.329509 7.572368 4.352388
v -6.411979 7.649573 4.189285
v -6.329509 7.572368 4.352388
v -5.654388 6.815546 3.140283
v -6.411979 7.649573 4.189285
v -6.329509 7.572368 4.352388
v -5.571908 6.738996 3.304591
v -5.654388 6.815546 3.140283
v -5.571908 6.738996 3.304591
v -4.824569 6.033985 2.186318
v -5.654388 6.815546 3.140283
v -5.571908 6.738996 3.304591
v -4.742059 5.958074 2.351747
v -4.824569 6.033985 2.186318
v -4.742059 5.958074 2.351747
v -3.978928 5.260915 1.247688
v -4.824569 6.033985 2.186318
v -4.742059 5.958074 2.351747
v -3.896398 5.185575 1.414183
v -3.978928 5.260915 1.247688
v -3.896398 5.185575 1.414183
v -3.119308 4.496211 0.324219
v -3.978928 5.260915 1.247688
v -3.896398 5.185575 1.414183
v -3.036668 4.421536 0.491913
v -3.119308 4.496211 0.324219
v -0.572258 11.896091 10.840948
v 1.738352 13.719067 11.817411
v 1.637092 13.874516 11.996134
v -0.572258 11.896091 10.840948
v -0.462478 11.726545 10.636676
v 1.738352 13.719067 11.817411
v 1.637092 13.874516 11.996134
v 3.884681 15.735363 13.041319
v 3.791462 15.879177 13.198941
v 1.637092 13.874516 11.996134
v 1.738352 13.719067 11.817411
v 3.884681 15.735363 13.041319
v 3.791462 15.879177 13.198941
v 6.150481 17.697170 14.166317
v 6.063062 17.833736 14.310802
v 3.791462 15.879177 13.198941
v 3.884681 15.735363 13.041319
v 6.150481 17.697170 14.166317
v 6.063062 17.833736 14.310802
v 8.544601 19.560034 15.111824
v 8.458982 19.696156 15.255505
v 6.063062 17.833736 14.310802
v 6.150481 17.697170 14.166317
v 8.544601 19.560034 15.111824
v 8.458982 19.696156 15.255505
v 10.952482 21.337570 15.903065
v 10.862862 21.485163 16.067390
v 8.458982 19.696156 15.255505
v 8.544601 19.560034 15.111824
v 10.952482 21.337570 15.903065
v 10.862862 21.485163 16.067390
v 13.248382 23.180386 16.812355
v 13.145282 23.342430 17.002871
v 10.862862 21.485163 16.067390
v 10.952482 21.337570 15.903065
v 13.248382 23.180386 16.812355
v 13.145282 23.342430 17.002871
v 15.438211 25.060226 17.788506
v 15.338982 25.215647 17.967175
v 13.145282 23.342430 17.002871
v 13.248382 23.180386 16.812355
v 15.438211 25.060226 17.788506
v 15.338982 25.215647 17.967175
v 17.627722 26.878544 18.653538
v 17.531261 27.033901 18.832088
v 15.338982 25.215647 17.967175
v 15.438211 25.060226 17.788506
v 17.627722 26.878544 18.653538
v 17.531261 27.033901 18.832088
v 19.809172 28.662315 19.455948
v 19.718752 28.815693 19.630917
v 17.531261 27.033901 18.832088
v 17.627722 26.878544 18.653538
v 19.809172 28.662315 19.455948
v 19.718752 28.815693 19.630917
v 21.943682 30.331387 20.142986
v 21.926212 30.527122 20.327625
v 19.718752 28.815693 19.630917
v 19.809172 28.662315 19.455948
v 21.943682 30.331387 20.142986
v 21.926212 30.527122 20.327625
v 23.123032 30.709728 20.015800
v 23.222052 31.355297 20.561811
v 21.926212 30.527122 20.327625
v 21.943682 30.331387 20.142986
v 23.123032 30.709728 20.015800
v 23.222052 31.355297 20.561811
v 23.891253 31.428150 20.355816
v 23.812801 31.577396 20.523239
v 23.222052 31.355297 20.561811
v 23.123032 30.709728 20.015800
v 23.891253 31.428150 20.355816
v -0.631258 12.042465 10.654163
v 1.686092 13.861347 11.623196
v -0.521228 11.872530 10.449169
v -0.631258 12.042465 10.654163
v 1.584542 14.017147 11.802547
v 1.686092 13.861347 11.623196
v 1.584542 14.017147 11.802547
v 3.835402 15.875561 12.843327
v 1.686092 13.861347 11.623196
v 1.584542 14.017147 11.802547
v 3.741731 16.019766 13.001650
v 3.835402 15.875561 12.843327
v 3.741731 16.019766 13.001650
v 6.100362 17.836542 13.966828
v 3.835402 15.875561 12.843327
v 3.741731 16.019766 13.001650
v 6.012502 17.973537 14.112082
v 6.100362 17.836542 13.966828
v 6.012502 17.973537 14.112082
v 8.495162 19.701946 14.916945
v 6.100362 17.836542 13.966828
v 6.012502 17.973537 14.112082
v 8.408982 19.838459 15.061322
v 8.495162 19.701946 14.916945
v 8.408982 19.838459 15.061322
v 10.903932 21.485651 15.719279
v 8.495162 19.701946 14.916945
v 8.408982 19.838459 15.061322
v 10.812832 21.633106 15.883348
v 10.903932 21.485651 15.719279
v 10.812832 21.633106 15.883348
v 13.197812 23.333487 16.637661
v 10.903932 21.485651 15.719279
v 10.812832 21.633106 15.883348
v 13.094452 23.494686 16.826653
v 13.197812 23.333487 16.637661
v 13.094452 23.494686 16.826653
v 15.389631 25.212420 17.612259
v 13.197812 23.333487 16.637661
v 13.094452 23.494686 16.826653
v 15.290302 25.367804 17.790869
v 15.389631 25.212420 17.612259
v 15.290302 25.367804 17.790869
v 17.581322 27.032330 18.480167
v 15.389631 25.212420 17.612259
v 15.290302 25.367804 17.790869
v 17.484632 27.187714 18.658775
v 17.581322 27.032330 18.480167
v 17.484632 27.187714 18.658775
v 19.765722 28.816887 19.284016
v 17.581322 27.032330 18.480167
v 17.484632 27.187714 18.658775
v 19.675022 28.970284 19.458990
v 19.765722 28.816887 19.284016
v 19.675022 28.970284 19.458990
v 21.902691 30.486382 19.971783
v 19.765722 28.816887 19.284016
v 19.675022 28.970284 19.458990
v 21.885012 30.682232 20.156635
v 21.902691 30.486382 19.971783
v 21.885012 30.682232 20.156635
v 23.084433 30.864868 19.844870
v 21.902691 30.486382 19.971783
v 21.885012 30.682232 20.156635
v 23.182812 31.510521 20.391029
v 23.084433 30.864868 19.844870
v 23.182812 31.510521 20.391029
v 23.853601 31.583462 20.185190
v 23.084433 30.864868 19.844870
v 23.182812 31.510521 20.391029
v 23.774752 31.732746 20.352707
v 23.853601 31.583462 20.185190
v -0.572258 11.896091 10.840948
v -0.521228 11.872530 10.449169
v -0.462478 11.726545 10.636676
v -0.572258 11.896091 10.840948
v -0.631258 12.042465 10.654163
v -0.521228 11.872530 10.449169
v -0.462478 11.726545 10.636676
v 1.686092 13.861347 11.623196
v 1.738352 13.719067 11.817411
v -0.462478 11.726545 10.636676
v -0.521228 11.872530 10.449169
v 1.686092 13.861347 11.623196
v 1.738352 13.719067 11.817411
v 3.835402 15.875561 12.843327
v 3.884681 15.735363 13.041319
v 1.738352 13.719067 11.817411
v 1.686092 13.861347 11.623196
v 3.835402 15.875561 12.843327
v 3.884681 15.735363 13.041319
v 6.100362 17.836542 13.966828
v 6.150481 17.697170 14.166317
v 3.884681 15.735363 13.041319
v 3.835402 15.875561 12.843327
v 6.100362 17.836542 13.966828
v 6.150481 17.697170 14.166317
v 8.495162 19.701946 14.916945
v 8.544601 19.560034 15.111824
v 6.150481 17.697170 14.166317
v 6.100362 17.836542 13.966828
v 8.495162 19.701946 14.916945
v 8.544601 19.560034 15.111824
v 10.903932 21.485651 15.719279
v 10.952482 21.337570 15.903065
v 8.544601 19.560034 15.111824
v 8.495162 19.701946 14.916945
v 10.903932 21.485651 15.719279
v 10.952482 21.337570 15.903065
v 13.197812 23.333487 16.637661
v 13.248382 23.180386 16.812355
v 10.952482 21.337570 15.903065
v 10.903932 21.485651 15.719279
v 13.197812 23.333487 16.637661
v 13.248382 23.180386 16.812355
v 15.389631 25.212420 17.612259
v 15.438211 25.060226 17.788506
v 13.248382 23.180386 16.812355
v 13.197812 23.333487 16.637661
v 15.389631 25.212420 17.612259
v 15.438211 25.060226 17.788506
v 17.581322 27.032330 18.480167
v 17.627722 26.878544 18.653538
v 15.438211 25.060226 17.788506
v 15.389631 25.212420 17.612259
v 17.581322 27.032330 18.480167
v 17.627722 26.878544 18.653538
v 19.765722 28.816887 19.284016
v 19.809172 28.662315 19.455948
v 17.627722 26.878544 18.653538
v 17.581322 27.032330 18.480167
v 19.765722 28.816887 19.284016
v 19.809172 28.662315 19.455948
v 21.902691 30.486382 19.971783
v 21.943682 30.331387 20.142986
v 19.809172 28.662315 19.455948
v 19.765722 28.816887 19.284016
v 21.902691 30.486382 19.971783
v 21.943682 30.331387 20.142986
v 23.084433 30.864868 19.844870
v 23.123032 30.709728 20.015800
v 21.943682 30.331387 20.142986
v 21.902691 30.486382 19.971783
v 23.084433 30.864868 19.844870
v 23.123032 30.709728 20.015800
v 23.853601 31.583462 20.185190
v 23.891253 31.428150 20.355816
v 23.123032 30.709728 20.015800
v 23.084433 30.864868 19.844870
v 23.853601 31.583462 20.185190
v 23.891253 31.428150 20.355816
v 23.774752 31.732746 20.352707
v 23.812801 31.577396 20.523239
v 23.891253 31.428150 20.355816
v 23.853601 31.583462 20.185190
v 23.774752 31.732746 20.352707
v 23.812801 31.577396 20.523239
v 23.182812 31.510521 20.391029
v 23.222052 31.355297 20.561811
v 23.812801 31.577396 20.523239
v 23.774752 31.732746 20.352707
v 23.182812 31.510521 20.391029
v 23.222052 31.355297 20.561811
v 21.885012 30.682232 20.156635
v 21.926212 30.527122 20.327625
v 23.222052 31.355297 20.561811
v 23.182812 31.510521 20.391029
v 21.885012 30.682232 20.156635
v 21.926212 30.527122 20.327625
v 19.675022 28.970284 19.458990
v 19.718752 28.815693 19.630917
v 21.926212 30.527122 20.327625
v 21.885012 30.682232 20.156635
v 19.675022 28.970284 19.458990
v 19.718752 28.815693 19.630917
v 17.484632 27.187714 18.658775
v 17.531261 27.033901 18.832088
v 19.718752 28.815693 19.630917
v 19.675022 28.970284 19.458990
v 17.484632 27.187714 18.658775
v 17.531261 27.033901 18.832088
v 15.290302 25.367804 17.790869
v 15.338982 25.215647 17.967175
v 17.531261 27.033901 18.832088
v 17.484632 27.187714 18.658775
v 15.290302 25.367804 17.790869
v 15.338982 25.215647 17.967175
v 13.094452 23.494686 16.826653
v 13.145282 23.342430 17.002871
v 15.338982 25.215647 17.967175
v 15.290302 25.367804 17.790869
v 13.094452 23.494686 16.826653
v 13.145282 23.342430 17.002871
v 10.812832 21.633106 15.883348
v 10.862862 21.485163 16.067390
v 13.145282 23.342430 17.002871
v 13.094452 23.494686 16.826653
v 10.812832 21.633106 15.883348
v 10.862862 21.485163 16.067390
v 8.408982 19.838459 15.061322
v 8.458982 19.696156 15.255505
v 10.862862 21.485163 16.067390
v 10.812832 21.633106 15.883348
v 8.408982 19.838459 15.061322
v 8.458982 19.696156 15.255505
v 6.012502 17.973537 14.112082
v 6.063062 17.833736 14.310802
v 8.458982 19.696156 15.255505
v 8.408982 19.838459 15.061322
v 6.012502 17.973537 14.112082
v 6.063062 17.833736 14.310802
v 3.741731 16.019766 13.001650
v 3.791462 15.879177 13.198941
v 6.063062 17.833736 14.310802
v 6.012502 17.973537 14.112082
v 3.741731 16.019766 13.001650
v 3.791462 15.879177 13.198941
v 1.584542 14.017147 11.802547
v 1.637092 13.874516 11.996134
v 3.791462 15.879177 13.198941
v 3.741731 16.019766 13.001650
v 1.584542 14.017147 11.802547
v 1.637092 13.874516 11.996134
v -0.631258 12.042465 10.654163
v -0.572258 11.896091 10.840948
v 1.637092 13.874516 11.996134
v 1.584542 14.017147 11.802547
v -0.631258 12.042465 10.654163
v -3.036668 4.421536 0.491913
v -4.050478 5.028405 1.393841
v -3.191408 4.263340 0.469703
v -3.036668 4.421536 0.491913
v -3.896398 5.185575 1.414183
v -4.050478 5.028405 1.393841
v -3.896398 5.185575 1.414183
v -4.895378 5.801879 2.333174
v -4.050478 5.028405 1.393841
v -3.896398 5.185575 1.414183
v -4.742059 5.958074 2.351747
v -4.895378 5.801879 2.333174
v -4.742059 5.958074 2.351747
v -5.724089 6.584152 3.288459
v -4.895378 5.801879 2.333174
v -4.742059 5.958074 2.351747
v -5.571908 6.738996 3.304591
v -5.724089 6.584152 3.288459
v -5.571908 6.738996 3.304591
v -6.478688 7.420405 4.341478
v -5.724089 6.584152 3.288459
v -5.571908 6.738996 3.304591
v -6.329509 7.572368 4.352388
v -6.478688 7.420405 4.341478
v -6.329509 7.572368 4.352388
v -7.256839 8.406812 5.403607
v -6.478688 7.420405 4.341478
v -6.329509 7.572368 4.352388
v -7.065859 8.491800 5.417717
v -7.256839 8.406812 5.403607
v -7.065859 8.491800 5.417717
v -7.216938 8.371349 6.031483
v -7.256839 8.406812 5.403607
v -7.065859 8.491800 5.417717
v -7.024888 8.386427 5.953905
v -7.216938 8.371349 6.031483
v -7.024888 8.386427 5.953905
v -6.889018 7.644850 7.102113
v -7.216938 8.371349 6.031483
v -7.024888 8.386427 5.953905
v -6.697048 7.661201 7.026846
v -6.889018 7.644850 7.102113
v -6.697048 7.661201 7.026846
v -6.578678 6.923404 8.181915
v -6.889018 7.644850 7.102113
v -6.697048 7.661201 7.026846
v -6.386189 6.941587 8.109959
v -6.578678 6.923404 8.181915
v -6.386189 6.941587 8.109959
v -6.284059 6.204338 9.266050
v -6.578678 6.923404 8.181915
v -6.386189 6.941587 8.109959
v -6.090319 6.224937 9.198473
v -6.284059 6.204338 9.266050
v -6.090319 6.224937 9.198473
v -6.056958 5.428882 10.199676
v -6.284059 6.204338 9.266050
v -6.090319 6.224937 9.198473
v -5.860828 5.428349 10.168002
v -6.056958 5.428882 10.199676
v -5.860828 5.428349 10.168002
v -6.440378 5.015352 10.779221
v -6.056958 5.428882 10.199676
v -5.860828 5.428349 10.168002
v -5.878319 4.965237 10.752960
v -6.440378 5.015352 10.779221
v -5.878319 4.965237 10.752960
v -6.233938 4.730076 11.096338
v -6.440378 5.015352 10.779221
v -5.878319 4.965237 10.752960
v -6.036678 4.755259 11.037076
v -6.233938 4.730076 11.096338
v -3.119308 4.496211 0.324219
v -4.133159 5.103794 1.227432
v -3.978928 5.260915 1.247688
v -3.119308 4.496211 0.324219
v -3.274128 4.338123 0.302211
v -4.133159 5.103794 1.227432
v -3.978928 5.260915 1.247688
v -4.978088 5.877908 2.167944
v -4.824569 6.033985 2.186318
v -3.978928 5.260915 1.247688
v -4.133159 5.103794 1.227432
v -4.978088 5.877908 2.167944
v -4.824569 6.033985 2.186318
v -5.806778 6.660828 3.124381
v -5.654388 6.815546 3.140283
v -4.824569 6.033985 2.186318
v -4.978088 5.877908 2.167944
v -5.806778 6.660828 3.124381
v -5.654388 6.815546 3.140283
v -6.561249 7.497687 4.178504
v -6.411979 7.649573 4.189285
v -5.654388 6.815546 3.140283
v -5.806778 6.660828 3.124381
v -6.561249 7.497687 4.178504
v -6.411979 7.649573 4.189285
v -7.420428 8.673430 5.326300
v -7.229809 8.757893 5.339478
v -6.411979 7.649573 4.189285
v -6.561249 7.497687 4.178504
v -7.420428 8.673430 5.326300
v -7.229809 8.757893 5.339478
v -7.206148 8.544920 6.203107
v -7.014988 8.559550 6.124735
v -7.229809 8.757893 5.339478
v -7.420428 8.673430 5.326300
v -7.206148 8.544920 6.203107
v -7.014988 8.559550 6.124735
v -6.879438 7.817539 7.272153
v -6.688369 7.833450 7.196080
v -7.014988 8.559550 6.124735
v -7.206148 8.544920 6.203107
v -6.879438 7.817539 7.272153
v -6.688369 7.833450 7.196080
v -6.571049 7.094569 8.349199
v -6.379398 7.112320 8.276453
v -6.688369 7.833450 7.196080
v -6.879438 7.817539 7.272153
v -6.571049 7.094569 8.349199
v -6.379398 7.112320 8.276453
v -6.278909 6.373405 9.429533
v -6.085988 6.393630 9.361283
v -6.379398 7.112320 8.276453
v -6.571049 7.094569 8.349199
v -6.278909 6.373405 9.429533
v -6.085988 6.393630 9.361283
v -6.054419 5.595736 10.359123
v -5.859168 5.594793 10.326716
v -6.085988 6.393630 9.361283
v -6.278909 6.373405 9.429533
v -6.054419 5.595736 10.359123
v -5.859168 5.594793 10.326716
v -6.437288 5.181853 10.938051
v -5.877738 5.130446 10.909452
v -5.859168 5.594793 10.326716
v -6.054419 5.595736 10.359123
v -6.437288 5.181853 10.938051
v -5.877738 5.130446 10.909452
v -6.232529 4.895382 11.252995
v -6.036029 4.920240 11.193122
v -5.877738 5.130446 10.909452
v -6.437288 5.181853 10.938051
v -6.232529 4.895382 11.252995
v -3.036668 4.421536 0.491913
v -3.274128 4.338123 0.302211
v -3.119308 4.496211 0.324219
v -3.036668 4.421536 0.491913
v -3.191408 4.263340 0.469703
v -3.274128 4.338123 0.302211
v -3.191408 4.263340 0.469703
v -4.133159 5.103794 1.227432
v -3.274128 4.338123 0.302211
v -3.191408 4.263340 0.469703
v -4.050478 5.028405 1.393841
v -4.133159 5.103794 1.227432
v -4.050478 5.028405 1.393841
v -4.978088 5.877908 2.167944
v -4.133159 5.103794 1.227432
v -4.050478 5.028405 1.393841
v -4.895378 5.801879 2.333174
v -4.978088 5.877908 2.167944
v -4.895378 5.801879 2.333174
v -5.806778 6.660828 3.124381
v -4.978088 5.877908 2.167944
v -4.895378 5.801879 2.333174
v -5.724089 6.584152 3.288459
v -5.806778 6.660828 3.124381
v -5.724089 6.584152 3.288459
v -6.561249 7.497687 4.178504
v -5.806778 6.660828 3.124381
v -5.724089 6.584152 3.288459
v -6.478688 7.420405 4.341478
v -6.561249 7.497687 4.178504
v -6.478688 7.420405 4.341478
v -7.420428 8.673430 5.326300
v -6.561249 7.497687 4.178504
v -6.478688 7.420405 4.341478
v -7.256839 8.406812 5.403607
v -7.420428 8.673430 5.326300
v -7.256839 8.406812 5.403607
v -7.206148 8.544920 6.203107
v -7.420428 8.673430 5.326300
v -7.256839 8.406812 5.403607
v -7.216938 8.371349 6.031483
v -7.206148 8.544920 6.203107
v -7.216938 8.371349 6.031483
v -6.879438 7.817539 7.272153
v -7.206148 8.544920 6.203107
v -7.216938 8.371349 6.031483
v -6.889018 7.644850 7.102113
v -6.879438 7.817539 7.272153
v -6.889018 7.644850 7.102113
v -6.571049 7.094569 8.349199
v -6.879438 7.817539 7.272153
v -6.889018 7.644850 7.102113
v -6.578678 6.923404 8.181915
v -6.571049 7.094569 8.349199
v -6.578678 6.923404 8.181915
v -6.278909 6.373405 9.429533
v -6.571049 7.094569 8.349199
v -6.578678 6.923404 8.181915
v -6.284059 6.204338 9.266050
v -6.278909 6.373405 9.429533
v -6.284059 6.204338 9.266050
v -6.054419 5.595736 10.359123
v -6.278909 6.373405 9.429533
v -6.284059 6.204338 9.266050
v -6.056958 5.428882 10.199676
v -6.054419 5.595736 10.359123
v -6.056958 5.428882 10.199676
v -6.437288 5.181853 10.938051
v -6.054419 5.595736 10.359123
v -6.056958 5.428882 10.199676
v -6.440378 5.015352 10.779221
v -6.437288 5.181853 10.938051
v -6.440378 5.015352 10.779221
v -6.232529 4.895382 11.252995
v -6.437288 5.181853 10.938051
v -6.440378 5.015352 10.779221
v -6.233938 4.730076 11.096338
v -6.232529 4.895382 11.252995
v -6.233938 4.730076 11.096338
v -6.036029 4.920240 11.193122
v -6.232529 4.895382 11.252995
v -6.233938 4.730076 11.096338
v -6.036678 4.755259 11.037076
v -6.036029 4.920240 11.193122
v -6.036678 4.755259 11.037076
v -5.877738 5.130446 10.909452
v -6.036029 4.920240 11.193122
v -6.036678 4.755259 11.037076
v -5.878319 4.965237 10.752960
v -5.877738 5.130446 10.909452
v -5.878319 4.965237 10.752960
v -5.859168 5.594793 10.326716
v -5.877738 5.130446 10.909452
v -5.878319 4.965237 10.752960
v -5.860828 5.428349 10.168002
v -5.859168 5.594793 10.326716
v -5.860828 5.428349 10.168002
v -6.085988 6.393630 9.361283
v -5.859168 5.594793 10.326716
v -5.860828 5.428349 10.168002
v -6.090319 6.224937 9.198473
v -6.085988 6.393630 9.361283
v -6.090319 6.224937 9.198473
v -6.379398 7.112320 8.276453
v -6.085988 6.393630 9.361283
v -6.090319 6.224937 9.198473
v -6.386189 6.941587 8.109959
v -6.379398 7.112320 8.276453
v -6.386189 6.941587 8.109959
v -6.688369 7.833450 7.196080
v -6.379398 7.112320 8.276453
v -6.386189 6.941587 8.109959
v -6.697048 7.661201 7.026846
v -6.688369 7.833450 7.196080
v -6.697048 7.661201 7.026846
v -7.014988 8.559550 6.124735
v -6.688369 7.833450 7.196080
v -6.697048 7.661201 7.026846
v -7.024888 8.386427 5.953905
v -7.014988 8.559550 6.124735
v -7.024888 8.386427 5.953905
v -7.229809 8.757893 5.339478
v -7.014988 8.559550 6.124735
v -7.024888 8.386427 5.953905
v -7.065859 8.491800 5.417717
v -7.229809 8.757893 5.339478
v -7.065859 8.491800 5.417717
v -6.411979 7.649573 4.189285
v -7.229809 8.757893 5.339478
v -7.065859 8.491800 5.417717
v -6.329509 7.572368 4.352388
v -6.411979 7.649573 4.189285
v -6.329509 7.572368 4.352388
v -5.654388 6.815546 3.140283
v -6.411979 7.649573 4.189285
v -6.329509 7.572368 4.352388
v -5.571908 6.738996 3.304591
v -5.654388 6.815546 3.140283
v -5.571908 6.738996 3.304591
v -4.824569 6.033985 2.186318
v -5.654388 6.815546 3.140283
v -5.571908 6.738996 3.304591
v -4.742059 5.958074 2.351747
v -4.824569 6.033985 2.186318
v -4.742059 5.958074 2.351747
v -3.978928 5.260915 1.247688
v -4.824569 6.033985 2.186318
v -4.742059 5.958074 2.351747
v -3.896398 5.185575 1.414183
v -3.978928 5.260915 1.247688
v -3.896398 5.185575 1.414183
v -3.119308 4.496211 0.324219
v -3.978928 5.260915 1.247688
v -3.896398 5.185575 1.414183
v -3.036668 4.421536 0.491913
v -3.119308 4.496211 0.324219
v -1.390438 2.144444 -2.663861
v -2.833539 2.300861 -2.577867
v -1.454878 1.947027 -2.757273
v -1.390438 2.144444 -2.663861
v -2.767828 2.497644 -2.485603
v -2.833539 2.300861 -2.577867
v -2.767828 2.497644 -2.485603
v -4.206168 2.672798 -2.365645
v -2.833539 2.300861 -2.577867
v -2.767828 2.497644 -2.485603
v -4.139098 2.869015 -2.274417
v -4.206168 2.672798 -2.365645
v -4.139098 2.869015 -2.274417
v -5.571578 3.062726 -2.120833
v -4.206168 2.672798 -2.365645
v -4.139098 2.869015 -2.274417
v -5.503208 3.258183 -2.030992
v -5.571578 3.062726 -2.120833
v -5.503208 3.258183 -2.030992
v -6.928578 3.470206 -1.844217
v -5.571578 3.062726 -2.120833
v -5.503208 3.258183 -2.030992
v -6.858998 3.665005 -1.755566
v -6.928578 3.470206 -1.844217
v -6.858998 3.665005 -1.755566
v -8.336398 3.952823 -1.694436
v -6.928578 3.470206 -1.844217
v -6.858998 3.665005 -1.755566
v -8.217178 4.104594 -1.559204
v -8.336398 3.952823 -1.694436
v -8.217178 4.104594 -1.559204
v -8.604598 3.857365 -1.174932
v -8.336398 3.952823 -1.694436
v -8.217178 4.104594 -1.559204
v -8.419938 3.957400 -1.098511
v -8.604598 3.857365 -1.174932
v -8.419938 3.957400 -1.098511
v -8.674349 3.201810 0.024756
v -8.604598 3.857365 -1.174932
v -8.419938 3.957400 -1.098511
v -8.490438 3.301858 0.101181
v -8.674349 3.201810 0.024756
v -8.490438 3.301858 0.101181
v -8.760899 2.563950 1.256536
v -8.674349 3.201810 0.024756
v -8.490438 3.301858 0.101181
v -8.577788 2.663927 1.332839
v -8.760899 2.563950 1.256536
v -8.577788 2.663927 1.332839
v -8.859428 1.939803 2.513177
v -8.760899 2.563950 1.256536
v -8.577788 2.663927 1.332839
v -8.677189 2.039584 2.589110
v -8.859428 1.939803 2.513177
v -8.677189 2.039584 2.589110
v -8.920519 1.260072 3.620632
v -8.859428 1.939803 2.513177
v -8.677189 2.039584 2.589110
v -8.747019 1.335827 3.727244
v -8.920519 1.260072 3.620632
v -8.747019 1.335827 3.727244
v -9.397978 0.704576 3.942987
v -8.920519 1.260072 3.620632
v -8.747019 1.335827 3.727244
v -8.918438 0.870391 4.308197
v -9.397978 0.704576 3.942987
v -8.918438 0.870391 4.308197
v -9.308088 0.504950 4.415472
v -9.397978 0.704576 3.942987
v -8.918438 0.870391 4.308197
v -9.126808 0.603811 4.489753
v -9.308088 0.504950 4.415472
v -1.390658 2.204382 -2.858368
v -2.835138 2.360740 -2.772454
v -2.769269 2.557547 -2.680170
v -1.390658 2.204382 -2.858368
v -1.455228 2.006961 -2.951766
v -2.835138 2.360740 -2.772454
v -2.769269 2.557547 -2.680170
v -4.208899 2.732746 -2.560135
v -4.141778 2.928866 -2.469070
v -2.769269 2.557547 -2.680170
v -2.835138 2.360740 -2.772454
v -4.208899 2.732746 -2.560135
v -4.141778 2.928866 -2.469070
v -5.575468 3.122629 -2.315401
v -5.507049 3.318096 -2.225542
v -4.141778 2.928866 -2.469070
v -4.208899 2.732746 -2.560135
v -5.575468 3.122629 -2.315401
v -5.507049 3.318096 -2.225542
v -6.933639 3.530217 -2.038581
v -6.864018 3.724979 -1.949990
v -5.507049 3.318096 -2.225542
v -5.575468 3.122629 -2.315401
v -6.933639 3.530217 -2.038581
v -6.864018 3.724979 -1.949990
v -8.499258 4.143470 -1.909437
v -8.379779 4.294985 -1.774658
v -6.864018 3.724979 -1.949990
v -6.933639 3.530217 -2.038581
v -8.499258 4.143470 -1.909437
v -8.379779 4.294985 -1.774658
v -8.727768 3.999645 -1.059844
v -8.543168 4.099516 -0.983721
v -8.379779 4.294985 -1.774658
v -8.499258 4.143470 -1.909437
v -8.727768 3.999645 -1.059844
v -8.543168 4.099516 -0.983721
v -8.796719 3.344182 0.139998
v -8.612919 3.444010 0.216031
v -8.543168 4.099516 -0.983721
v -8.727768 3.999645 -1.059844
v -8.796719 3.344182 0.139998
v -8.612919 3.444010 0.216031
v -8.882439 2.706354 1.371829
v -8.699438 2.806187 1.447870
v -8.612919 3.444010 0.216031
v -8.796719 3.344182 0.139998
v -8.882439 2.706354 1.371829
v -8.699438 2.806187 1.447870
v -8.980088 2.082201 2.628462
v -8.798048 2.181818 2.704120
v -8.699438 2.806187 1.447870
v -8.882439 2.706354 1.371829
v -8.980088 2.082201 2.628462
v -8.798048 2.181818 2.704120
v -9.040519 1.402337 3.735672
v -8.867108 1.477959 3.842060
v -8.798048 2.181818 2.704120
v -8.980088 2.082201 2.628462
v -9.040519 1.402337 3.735672
v -8.867108 1.477959 3.842060
v -9.517318 0.847202 4.058696
v -9.038018 1.012573 4.423077
v -8.867108 1.477959 3.842060
v -9.040519 1.402337 3.735672
v -9.517318 0.847202 4.058696
v -9.038018 1.012573 4.423077
v -9.427238 0.647404 4.530852
v -9.246068 0.746153 4.604943
v -9.038018 1.012573 4.423077
v -9.517318 0.847202 4.058696
v -9.427238 0.647404 4.530852
v -1.390438 2.144444 -2.663861
v -1.455228 2.006961 -2.951766
v -1.390658 2.204382 -2.858368
v -1.390438 2.144444 -2.663861
v -1.454878 1.947027 -2.757273
v -1.455228 2.006961 -2.951766
v -1.454878 1.947027 -2.757273
v -2.835138 2.360740 -2.772454
v -1.455228 2.006961 -2.951766
v -1.454878 1.947027 -2.757273
v -2.833539 2.300861 -2.577867
v -2.835138 2.360740 -2.772454
v -2.833539 2.300861 -2.577867
v -4.208899 2.732746 -2.560135
v -2.835138 2.360740 -2.772454
v -2.833539 2.300861 -2.577867
v -4.206168 2.672798 -2.365645
v -4.208899 2.732746 -2.560135
v -4.206168 2.672798 -2.365645
v -5.575468 3.122629 -2.315401
v -4.208899 2.732746 -2.560135
v -4.206168 2.672798 -2.365645
v -5.571578 3.062726 -2.120833
v -5.575468 3.122629 -2.315401
v -5.571578 3.062726 -2.120833
v -6.933639 3.530217 -2.038581
v -5.575468 3.122629 -2.315401
v -5.571578 3.062726 -2.120833
v -6.928578 3.470206 -1.844217
v -6.933639 3.530217 -2.038581
v -6.928578 3.470206 -1.844217
v -8.499258 4.143470 -1.909437
v -6.933639 3.530217 -2.038581
v -6.928578 3.470206 -1.844217
v -8.336398 3.952823 -1.694436
v -8.499258 4.143470 -1.909437
v -8.336398 3.952823 -1.694436
v -8.727768 3.999645 -1.059844
v -8.499258 4.143470 -1.909437
v -8.336398 3.952823 -1.694436
v -8.604598 3.857365 -1.174932
v -8.727768 3.999645 -1.059844
v -8.604598 3.857365 -1.174932
v -8.796719 3.344182 0.139998
v -8.727768 3.999645 -1.059844
v -8.604598 3.857365 -1.174932
v -8.674349 3.201810 0.024756
v -8.796719 3.344182 0.139998
v -8.674349 3.201810 0.024756
v -8.882439 2.706354 1.371829
v -8.796719 3.344182 0.139998
v -8.674349 3.201810 0.024756
v -8.760899 2.563950 1.256536
v -8.882439 2.706354 1.371829
v -8.760899 2.563950 1.256536
v -8.980088 2.082201 2.628462
v -8.882439 2.706354 1.371829
v -8.760899 2.563950 1.256536
v -8.859428 1.939803 2.513177
v -8.980088 2.082201 2.628462
v -8.859428 1.939803 2.513177
v -9.040519 1.402337 3.735672
v -8.980088 2.082201 2.628462
v -8.859428 1.939803 2.513177
v -8.920519 1.260072 3.620632
v -9.040519 1.402337 3.735672
v -8.920519 1.260072 3.620632
v -9.517318 0.847202 4.058696
v -9.040519 1.402337 3.735672
v -8.920519 1.260072 3.620632
v -9.397978 0.704576 3.942987
v -9.517318 0.847202 4.058696
v -9.397978 0.704576 3.942987
v -9.427238 0.647404 4.530852
v -9.517318 0.847202 4.058696
v -9.397978 0.704576 3.942987
v -9.308088 0.504950 4.415472
v -9.427238 0.647404 4.530852
v -9.308088 0.504950 4.415472
v -9.246068 0.746153 4.604943
v -9.427238 0.647404 4.530852
v -9.308088 0.504950 4.415472
v -9.126808 0.603811 4.489753
v -9.246068 0.746153 4.604943
v -9.126808 0.603811 4.489753
v -9.038018 1.012573 4.423077
v -9.246068 0.746153 4.604943
v -9.126808 0.603811 4.489753
v -8.918438 0.870391 4.308197
v -9.038018 1.012573 4.423077
v -8.918438 0.870391 4.308197
v -8.867108 1.477959 3.842060
v -9.038018 1.012573 4.423077
v -8.918438 0.870391 4.308197
v -8.747019 1.335827 3.727244
v -8.867108 1.477959 3.842060
v -8.747019 1.335827 3.727244
v -8.798048 2.181818 2.704120
v -8.867108 1.477959 3.842060
v -8.747019 1.335827 3.727244
v -8.677189 2.039584 2.589110
v -8.798048 2.181818 2.704120
v -8.677189 2.039584 2.589110
v -8.699438 2.806187 1.447870
v -8.798048 2.181818 2.704120
v -8.677189 2.039584 2.589110
v -8.577788 2.663927 1.332839
v -8.699438 2.806187 1.447870
v -8.577788 2.663927 1.332839
v -8.612919 3.444010 0.216031
v -8.699438 2.806187 1.447870
v -8.577788 2.663927 1.332839
v -8.490438 3.301858 0.101181
v -8.612919 3.444010 0.216031
v -8.490438 3.301858 0.101181
v -8.543168 4.099516 -0.983721
v -8.612919 3.444010 0.216031
v -8.490438 3.301858 0.101181
v -8.419938 3.957400 -1.098511
v -8.543168 4.099516 -0.983721
v -8.419938 3.957400 -1.098511
v -8.379779 4.294985 -1.774658
v -8.543168 4.099516 -0.983721
v -8.419938 3.957400 -1.098511
v -8.217178 4.104594 -1.559204
v -8.379779 4.294985 -1.774658
v -8.217178 4.104594 -1.559204
v -6.864018 3.724979 -1.949990
v -8.379779 4.294985 -1.774658
v -8.217178 4.104594 -1.559204
v -6.858998 3.665005 -1.755566
v -6.864018 3.724979 -1.949990
v -6.858998 3.665005 -1.755566
v -5.507049 3.318096 -2.225542
v -6.864018 3.724979 -1.949990
v -6.858998 3.665005 -1.755566
v -5.503208 3.258183 -2.030992
v -5.507049 3.318096 -2.225542
v -5.503208 3.258183 -2.030992
v -4.141778 2.928866 -2.469070
v -5.507049 3.318096 -2.225542
v -5.503208 3.258183 -2.030992
v -4.139098 2.869015 -2.274417
v -4.141778 2.928866 -2.469070
v -4.139098 2.869015 -2.274417
v -2.769269 2.557547 -2.680170
v -4.141778 2.928866 -2.469070
v -4.139098 2.869015 -2.274417
v -2.767828 2.497644 -2.485603
v -2.769269 2.557547 -2.680170
v -2.767828 2.497644 -2.485603
v -1.390658 2.204382 -2.858368
v -2.769269 2.557547 -2.680170
v -2.767828 2.497644 -2.485603
v -1.390438 2.144444 -2.663861
v -1.390658 2.204382 -2.858368
v -4.214949 1.496266 -4.181218
v -4.864188 1.071390 -5.411066
v -4.049909 1.550813 -4.333228
v -4.214949 1.496266 -4.181218
v -5.029748 1.017686 -5.257533
v -4.864188 1.071390 -5.411066
v -5.029748 1.017686 -5.257533
v -5.688389 0.603023 -6.468860
v -4.864188 1.071390 -5.411066
v -5.029748 1.017686 -5.257533
v -5.854558 0.550214 -6.313696
v -5.688389 0.603023 -6.468860
v -5.854558 0.550214 -6.313696
v -6.522008 0.146048 -7.505985
v -5.688389 0.603023 -6.468860
v -5.854558 0.550214 -6.313696
v -6.688688 0.094036 -7.349376
v -6.522008 0.146048 -7.505985
v -6.688688 0.094036 -7.349376
v -7.364529 -0.299288 -8.522005
v -6.522008 0.146048 -7.505985
v -6.688688 0.094036 -7.349376
v -7.531678 -0.350558 -8.364046
v -7.364529 -0.299288 -8.522005
v -7.531678 -0.350558 -8.364046
v -8.322119 -0.595450 -9.561032
v -7.364529 -0.299288 -8.522005
v -7.531678 -0.350558 -8.364046
v -8.421019 -0.685676 -9.372215
v -8.322119 -0.595450 -9.561032
v -8.421019 -0.685676 -9.372215
v -8.226668 -1.099377 -9.794889
v -8.322119 -0.595450 -9.561032
v -8.421019 -0.685676 -9.372215
v -8.258919 -1.134150 -9.576034
v -8.226668 -1.099377 -9.794889
v -8.258919 -1.134150 -9.576034
v -7.354928 -2.220050 -10.024303
v -8.226668 -1.099377 -9.794889
v -8.258919 -1.134150 -9.576034
v -7.388168 -2.255200 -9.806144
v -7.354928 -2.220050 -10.024303
v -7.388168 -2.255200 -9.806144
v -6.492528 -3.354039 -10.241426
v -7.354928 -2.220050 -10.024303
v -7.388168 -2.255200 -9.806144
v -6.526818 -3.389582 -10.023951
v -6.492528 -3.354039 -10.241426
v -6.526818 -3.389582 -10.023951
v -5.635888 -4.495295 -10.444103
v -6.492528 -3.354039 -10.241426
v -6.526818 -3.389582 -10.023951
v -5.671168 -4.531221 -10.227354
v -5.635888 -4.495295 -10.444103
v -5.671168 -4.531221 -10.227354
v -4.724448 -5.491807 -10.634263
v -5.635888 -4.495295 -10.444103
v -5.671168 -4.531221 -10.227354
v -4.731849 -5.556866 -10.431089
v -4.724448 -5.491807 -10.634263
v -4.731849 -5.556866 -10.431089
v -4.214548 -5.852018 -11.247696
v -4.724448 -5.491807 -10.634263
v -4.731849 -5.556866 -10.431089
v -4.177528 -6.097231 -10.693895
v -4.214548 -5.852018 -11.247696
v -4.177528 -6.097231 -10.693895
v -3.883668 -6.252559 -11.178691
v -4.214548 -5.852018 -11.247696
v -4.177528 -6.097231 -10.693895
v -3.920808 -6.289603 -10.963930
v -3.883668 -6.252559 -11.178691
v -4.310489 1.671320 -4.182321
v -4.960208 1.246710 -5.411697
v -5.125608 1.193169 -5.257868
v -4.310489 1.671320 -4.182321
v -4.145739 1.725779 -4.334498
v -4.960208 1.246710 -5.411697
v -5.125608 1.193169 -5.257868
v -5.784719 0.778774 -6.468702
v -5.950679 0.726029 -6.313414
v -5.125608 1.193169 -5.257868
v -4.960208 1.246710 -5.411697
v -5.784719 0.778774 -6.468702
v -5.950679 0.726029 -6.313414
v -6.618459 0.322223 -7.505055
v -6.785089 0.270308 -7.348282
v -5.950679 0.726029 -6.313414
v -5.784719 0.778774 -6.468702
v -6.618459 0.322223 -7.505055
v -6.785089 0.270308 -7.348282
v -7.461199 -0.122799 -8.520506
v -7.628179 -0.173890 -8.362223
v -6.785089 0.270308 -7.348282
v -6.618459 0.322223 -7.505055
v -7.461199 -0.122799 -8.520506
v -7.628179 -0.173890 -8.362223
v -8.612478 -0.408153 -9.642383
v -8.711179 -0.498250 -9.453329
v -7.628179 -0.173890 -8.362223
v -7.461199 -0.122799 -8.520506
v -8.612478 -0.408153 -9.642383
v -8.711179 -0.498250 -9.453329
v -8.400108 -1.204188 -9.831408
v -8.432219 -1.238945 -9.612503
v -8.711179 -0.498250 -9.453329
v -8.612478 -0.408153 -9.642383
v -8.400108 -1.204188 -9.831408
v -8.432219 -1.238945 -9.612503
v -7.528688 -2.325690 -10.062319
v -7.561869 -2.360806 -9.844085
v -8.432219 -1.238945 -9.612503
v -8.400108 -1.204188 -9.831408
v -7.528688 -2.325690 -10.062319
v -7.561869 -2.360806 -9.844085
v -6.666678 -3.460479 -10.280872
v -6.700809 -3.495975 -10.063320
v -7.561869 -2.360806 -9.844085
v -7.528688 -2.325690 -10.062319
v -6.666678 -3.460479 -10.280872
v -6.700809 -3.495975 -10.063320
v -5.810268 -4.602436 -10.484833
v -5.845359 -4.638406 -10.268139
v -6.700809 -3.495975 -10.063320
v -6.666678 -3.460479 -10.280872
v -5.810268 -4.602436 -10.484833
v -5.845359 -4.638406 -10.268139
v -4.899018 -5.599891 -10.676687
v -4.906299 -5.664937 -10.473512
v -5.845359 -4.638406 -10.268139
v -5.810268 -4.602436 -10.484833
v -4.899018 -5.599891 -10.676687
v -4.906299 -5.664937 -10.473512
v -4.389588 -5.960501 -11.290850
v -4.352159 -6.205825 -10.737239
v -4.906299 -5.664937 -10.473512
v -4.899018 -5.599891 -10.676687
v -4.389588 -5.960501 -11.290850
v -4.352159 -6.205825 -10.737239
v -4.058589 -6.361370 -11.222441
v -4.095589 -6.398394 -11.007644
v -4.352159 -6.205825 -10.737239
v -4.389588 -5.960501 -11.290850
v -4.058589 -6.361370 -11.222441
v -4.214949 1.496266 -4.181218
v -4.145739 1.725779 -4.334498
v -4.310489 1.671320 -4.182321
v -4.214949 1.496266 -4.181218
v -4.049909 1.550813 -4.333228
v -4.145739 1.725779 -4.334498
v -4.049909 1.550813 -4.333228
v -4.960208 1.246710 -5.411697
v -4.145739 1.725779 -4.334498
v -4.049909 1.550813 -4.333228
v -4.864188 1.071390 -5.411066
v -4.960208 1.246710 -5.411697
v -4.864188 1.071390 -5.411066
v -5.784719 0.778774 -6.468702
v -4.960208 1.246710 -5.411697
v -4.864188 1.071390 -5.411066
v -5.688389 0.603023 -6.468860
v -5.784719 0.778774 -6.468702
v -5.688389 0.603023 -6.468860
v -6.618459 0.322223 -7.505055
v -5.784719 0.778774 -6.468702
v -5.688389 0.603023 -6.468860
v -6.522008 0.146048 -7.505985
v -6.618459 0.322223 -7.505055
v -6.522008 0.146048 -7.505985
v -7.461199 -0.122799 -8.520506
v -6.618459 0.322223 -7.505055
v -6.522008 0.146048 -7.505985
v -7.364529 -0.299288 -8.522005
v -7.461199 -0.122799 -8.520506
v -7.364529 -0.299288 -8.522005
v -8.612478 -0.408153 -9.642383
v -7.461199 -0.122799 -8.520506
v -7.364529 -0.299288 -8.522005
v -8.322119 -0.595450 -9.561032
v -8.612478 -0.408153 -9.642383
v -8.322119 -0.595450 -9.561032
v -8.400108 -1.204188 -9.831408
v -8.612478 -0.408153 -9.642383
v -8.322119 -0.595450 -9.561032
v -8.226668 -1.099377 -9.794889
v -8.400108 -1.204188 -9.831408
v -8.226668 -1.099377 -9.794889
v -7.528688 -2.325690 -10.062319
v -8.400108 -1.204188 -9.831408
v -8.226668 -1.099377 -9.794889
v -7.354928 -2.220050 -10.024303
v -7.528688 -2.325690 -10.062319
v -7.354928 -2.220050 -10.024303
v -6.666678 -3.460479 -10.280872
v -7.528688 -2.325690 -10.062319
v -7.354928 -2.220050 -10.024303
v -6.492528 -3.354039 -10.241426
v -6.666678 -3.460479 -10.280872
v -6.492528 -3.354039 -10.241426
v -5.810268 -4.602436 -10.484833
v -6.666678 -3.460479 -10.280872
v -6.492528 -3.354039 -10.241426
v -5.635888 -4.495295 -10.444103
v -5.810268 -4.602436 -10.484833
v -5.635888 -4.495295 -10.444103
v -4.899018 -5.599891 -10.676687
v -5.810268 -4.602436 -10.484833
v -5.635888 -4.495295 -10.444103
v -4.724448 -5.491807 -10.634263
v -4.899018 -5.599891 -10.676687
v -4.724448 -5.491807 -10.634263
v -4.389588 -5.960501 -11.290850
v -4.899018 -5.599891 -10.676687
v -4.724448 -5.491807 -10.634263
v -4.214548 -5.852018 -11.247696
v -4.389588 -5.960501 -11.290850
v -4.214548 -5.852018 -11.247696
v -4.058589 -6.361370 -11.222441
v -4.389588 -5.960501 -11.290850
v -4.214548 -5.852018 -11.247696
v -3.883668 -6.252559 -11.178691
v -4.058589 -6.361370 -11.222441
v -3.883668 -6.252559 -11.178691
v -4.095589 -6.398394 -11.007644
v -4.058589 -6.361370 -11.222441
v -3.883668 -6.252559 -11.178691
v -3.920808 -6.289603 -10.963930
v -4.095589 -6.398394 -11.007644
v -3.920808 -6.289603 -10.963930
v -4.352159 -6.205825 -10.737239
v -4.095589 -6.398394 -11.007644
v -3.920808 -6.289603 -10.963930
v -4.177528 -6.097231 -10.693895
v -4.352159 -6.205825 -10.737239
v -4.177528 -6.097231 -10.693895
v -4.906299 -5.664937 -10.473512
v -4.352159 -6.205825 -10.737239
v -4.177528 -6.097231 -10.693895
v -4.731849 -5.556866 -10.431089
v -4.906299 -5.664937 -10.473512
v -4.731849 -5.556866 -10.431089
v -5.845359 -4.638406 -10.268139
v -4.906299 -5.664937 -10.473512
v -4.731849 -5.556866 -10.431089
v -5.671168 -4.531221 -10.227354
v -5.845359 -4.638406 -10.268139
v -5.671168 -4.531221 -10.227354
v -6.700809 -3.495975 -10.063320
v -5.845359 -4.638406 -10.268139
v -5.671168 -4.531221 -10.227354
v -6.526818 -3.389582 -10.023951
v -6.700809 -3.495975 -10.063320
v -6.526818 -3.389582 -10.023951
v -7.561869 -2.360806 -9.844085
v -6.700809 -3.495975 -10.063320
v -6.526818 -3.389582 -10.023951
v -7.388168 -2.255200 -9.806144
v -7.561869 -2.360806 -9.844085
v -7.388168 -2.255200 -9.806144
v -8.432219 -1.238945 -9.612503
v -7.561869 -2.360806 -9.844085
v -7.388168 -2.255200 -9.806144
v -8.258919 -1.134150 -9.576034
v -8.432219 -1.238945 -9.612503
v -8.258919 -1.134150 -9.576034
v -8.711179 -0.498250 -9.453329
v -8.432219 -1.238945 -9.612503
v -8.258919 -1.134150 -9.576034
v -8.421019 -0.685676 -9.372215
v -8.711179 -0.498250 -9.453329
v -8.421019 -0.685676 -9.372215
v -7.628179 -0.173890 -8.362223
v -8.711179 -0.498250 -9.453329
v -8.421019 -0.685676 -9.372215
v -7.531678 -0.350558 -8.364046
v -7.628179 -0.173890 -8.362223
v -7.531678 -0.350558 -8.364046
v -6.785089 0.270308 -7.348282
v -7.628179 -0.173890 -8.362223
v -7.531678 -0.350558 -8.364046
v -6.688688 0.094036 -7.349376
v -6.785089 0.270308 -7.348282
v -6.688688 0.094036 -7.349376
v -5.950679 0.726029 -6.313414
v -6.785089 0.270308 -7.348282
v -6.688688 0.094036 -7.349376
v -5.854558 0.550214 -6.313696
v -5.950679 0.726029 -6.313414
v -5.854558 0.550214 -6.313696
v -5.125608 1.193169 -5.257868
v -5.950679 0.726029 -6.313414
v -5.854558 0.550214 -6.313696
v -5.029748 1.017686 -5.257533
v -5.125608 1.193169 -5.257868
v -5.029748 1.017686 -5.257533
v -4.310489 1.671320 -4.182321
v -5.125608 1.193169 -5.257868
v -5.029748 1.017686 -5.257533
v -4.214949 1.496266 -4.181218
v -4.310489 1.671320 -4.182321
v 0.293762 4.432256 0.507380
v 1.302881 5.045584 1.418593
v 1.148442 5.201838 1.437641
v 0.293762 4.432256 0.507380
v 0.448852 4.275094 0.486661
v 1.302881 5.045584 1.418593
v 1.148442 5.201838 1.437641
v 2.142652 5.824330 2.365484
v 1.988902 5.979537 2.382643
v 1.148442 5.201838 1.437641
v 1.302881 5.045584 1.418593
v 2.142652 5.824330 2.365484
v 1.988902 5.979537 2.382643
v 2.956762 6.619028 3.341316
v 2.804641 6.772533 3.355404
v 1.988902 5.979537 2.382643
v 2.142652 5.824330 2.365484
v 2.956762 6.619028 3.341316
v 2.804641 6.772533 3.355404
v 3.682741 7.478321 4.434338
v 3.533412 7.629232 4.443708
v 2.804641 6.772533 3.355404
v 2.956762 6.619028 3.341316
v 3.682741 7.478321 4.434338
v 3.533412 7.629232 4.443708
v 4.439651 8.482095 5.526115
v 4.248721 8.565706 5.538192
v 3.533412 7.629232 4.443708
v 3.682741 7.478321 4.434338
v 4.439651 8.482095 5.526115
v 4.248721 8.565706 5.538192
v 4.395532 8.448573 6.157607
v 4.204541 8.461790 6.077119
v 4.248721 8.565706 5.538192
v 4.439651 8.482095 5.526115
v 4.395532 8.448573 6.157607
v 4.204541 8.461790 6.077119
v 4.066691 7.720083 7.225404
v 3.875881 7.734426 7.146957
v 4.204541 8.461790 6.077119
v 4.395532 8.448573 6.157607
v 4.066691 7.720083 7.225404
v 3.875881 7.734426 7.146957
v 3.757442 6.994823 8.299051
v 3.566122 7.011044 8.223991
v 3.875881 7.734426 7.146957
v 4.066691 7.720083 7.225404
v 3.757442 6.994823 8.299051
v 3.566122 7.011044 8.223991
v 3.466071 6.270060 9.373556
v 3.273612 6.288614 9.302739
v 3.566122 7.011044 8.223991
v 3.757442 6.994823 8.299051
v 3.466071 6.270060 9.373556
v 3.273612 6.288614 9.302739
v 3.245382 5.487131 10.294139
v 3.050872 5.484221 10.258643
v 3.273612 6.288614 9.302739
v 3.466071 6.270060 9.373556
v 3.245382 5.487131 10.294139
v 3.050872 5.484221 10.258643
v 3.629202 5.074568 10.874553
v 3.072141 5.017514 10.837036
v 3.050872 5.484221 10.258643
v 3.245382 5.487131 10.294139
v 3.629202 5.074568 10.874553
v 3.072141 5.017514 10.837036
v 3.426932 4.784487 11.183452
v 3.231082 4.807562 11.120823
v 3.072141 5.017514 10.837036
v 3.629202 5.074568 10.874553
v 3.426932 4.784487 11.183452
v 0.376532 4.507516 0.340537
v 1.385751 5.121538 1.253023
v 0.531782 4.350438 0.320000
v 0.376532 4.507516 0.340537
v 1.231182 5.277638 1.271791
v 1.385751 5.121538 1.253023
v 1.231182 5.277638 1.271791
v 2.225471 5.900919 2.201061
v 1.385751 5.121538 1.253023
v 1.231182 5.277638 1.271791
v 2.071642 6.055981 2.217957
v 2.225471 5.900919 2.201061
v 2.071642 6.055981 2.217957
v 3.039692 6.696126 3.177835
v 2.225471 5.900919 2.201061
v 2.071642 6.055981 2.217957
v 2.887431 6.849497 3.191655
v 3.039692 6.696126 3.177835
v 2.887431 6.849497 3.191655
v 3.765692 7.556004 4.271905
v 3.039692 6.696126 3.177835
v 2.887431 6.849497 3.191655
v 3.616192 7.706813 4.281081
v 3.765692 7.556004 4.271905
v 3.616192 7.706813 4.281081
v 4.601671 8.750488 5.451650
v 3.765692 7.556004 4.271905
v 3.616192 7.706813 4.281081
v 4.411021 8.833647 5.462903
v 4.601671 8.750488 5.451650
v 4.411021 8.833647 5.462903
v 4.382492 8.623084 6.330997
v 4.601671 8.750488 5.451650
v 4.411021 8.833647 5.462903
v 4.192302 8.636043 6.250013
v 4.382492 8.623084 6.330997
v 4.192302 8.636043 6.250013
v 4.054872 7.893751 7.397249
v 4.382492 8.623084 6.330997
v 4.192302 8.636043 6.250013
v 3.864852 7.907831 7.318319
v 4.054872 7.893751 7.397249
v 3.864852 7.907831 7.318319
v 3.747492 7.167013 8.468204
v 4.054872 7.893751 7.397249
v 3.864852 7.907831 7.318319
v 3.556972 7.182853 8.392463
v 3.747492 7.167013 8.468204
v 3.556972 7.182853 8.392463
v 3.458662 6.440159 9.538902
v 3.747492 7.167013 8.468204
v 3.556972 7.182853 8.392463
v 3.266952 6.458406 9.467546
v 3.458662 6.440159 9.538902
v 3.266952 6.458406 9.467546
v 3.240562 5.655012 10.455498
v 3.458662 6.440159 9.538902
v 3.266952 6.458406 9.467546
v 3.046911 5.651715 10.419291
v 3.240562 5.655012 10.455498
v 3.046911 5.651715 10.419291
v 3.623952 5.242068 11.035210
v 3.240562 5.655012 10.455498
v 3.046911 5.651715 10.419291
v 3.069252 5.183805 10.995514
v 3.623952 5.242068 11.035210
v 3.069252 5.183805 10.995514
v 3.423281 4.950796 11.341919
v 3.623952 5.242068 11.035210
v 3.069252 5.183805 10.995514
v 3.228142 4.973595 11.278805
v 3.423281 4.950796 11.341919
v 0.293762 4.432256 0.507380
v 0.531782 4.350438 0.320000
v 0.448852 4.275094 0.486661
v 0.293762 4.432256 0.507380
v 0.376532 4.507516 0.340537
v 0.531782 4.350438 0.320000
v 0.448852 4.275094 0.486661
v 1.385751 5.121538 1.253023
v 1.302881 5.045584 1.418593
v 0.448852 4.275094 0.486661
v 0.531782 4.350438 0.320000
v 1.385751 5.121538 1.253023
v 1.302881 5.045584 1.418593
v 2.225471 5.900919 2.201061
v 2.142652 5.824330 2.365484
v 1.302881 5.045584 1.418593
v 1.385751 5.121538 1.253023
v 2.225471 5.900919 2.201061
v 2.142652 5.824330 2.365484
v 3.039692 6.696126 3.177835
v 2.956762 6.619028 3.341316
v 2.142652 5.824330 2.365484
v 2.225471 5.900919 2.201061
v 3.039692 6.696126 3.177835
v 2.956762 6.619028 3.341316
v 3.765692 7.556004 4.271905
v 3.682741 7.478321 4.434338
v 2.956762 6.619028 3.341316
v 3.039692 6.696126 3.177835
v 3.765692 7.556004 4.271905
v 3.682741 7.478321 4.434338
v 4.601671 8.750488 5.451650
v 4.439651 8.482095 5.526115
v 3.682741 7.478321 4.434338
v 3.765692 7.556004 4.271905
v 4.601671 8.750488 5.451650
v 4.439651 8.482095 5.526115
v 4.382492 8.623084 6.330997
v 4.395532 8.448573 6.157607
v 4.439651 8.482095 5.526115
v 4.601671 8.750488 5.451650
v 4.382492 8.623084 6.330997
v 4.395532 8.448573 6.157607
v 4.054872 7.893751 7.397249
v 4.066691 7.720083 7.225404
v 4.395532 8.448573 6.157607
v 4.382492 8.623084 6.330997
v 4.054872 7.893751 7.397249
v 4.066691 7.720083 7.225404
v 3.747492 7.167013 8.468204
v 3.757442 6.994823 8.299051
v 4.066691 7.720083 7.225404
v 4.054872 7.893751 7.397249
v 3.747492 7.167013 8.468204
v 3.757442 6.994823 8.299051
v 3.458662 6.440159 9.538902
v 3.466071 6.270060 9.373556
v 3.757442 6.994823 8.299051
v 3.747492 7.167013 8.468204
v 3.458662 6.440159 9.538902
v 3.466071 6.270060 9.373556
v 3.240562 5.655012 10.455498
v 3.245382 5.487131 10.294139
v 3.466071 6.270060 9.373556
v 3.458662 6.440159 9.538902
v 3.240562 5.655012 10.455498
v 3.245382 5.487131 10.294139
v 3.623952 5.242068 11.035210
v 3.629202 5.074568 10.874553
v 3.245382 5.487131 10.294139
v 3.240562 5.655012 10.455498
v 3.623952 5.242068 11.035210
v 3.629202 5.074568 10.874553
v 3.423281 4.950796 11.341919
v 3.426932 4.784487 11.183452
v 3.629202 5.074568 10.874553
v 3.623952 5.242068 11.035210
v 3.423281 4.950796 11.341919
v 3.426932 4.784487 11.183452
v 3.228142 4.973595 11.278805
v 3.231082 4.807562 11.120823
v 3.426932 4.784487 11.183452
v 3.423281 4.950796 11.341919
v 3.228142 4.973595 11.278805
v 3.231082 4.807562 11.120823
v 3.069252 5.183805 10.995514
v 3.072141 5.017514 10.837036
v 3.231082 4.807562 11.120823
v 3.228142 4.973595 11.278805
v 3.069252 5.183805 10.995514
v 3.072141 5.017514 10.837036
v 3.046911 5.651715 10.419291
v 3.050872 5.484221 10.258643
v 3.072141 5.017514 10.837036
v 3.069252 5.183805 10.995514
v 3.046911 5.651715 10.419291
v 3.050872 5.484221 10.258643
v 3.266952 6.458406 9.467546
v 3.273612 6.288614 9.302739
v 3.050872 5.484221 10.258643
v 3.046911 5.651715 10.419291
v 3.266952 6.458406 9.467546
v 3.273612 6.288614 9.302739
v 3.556972 7.182853 8.392463
v 3.566122 7.011044 8.223991
v 3.273612 6.288614 9.302739
v 3.266952 6.458406 9.467546
v 3.556972 7.182853 8.392463
v 3.566122 7.011044 8.223991
v 3.864852 7.907831 7.318319
v 3.875881 7.734426 7.146957
v 3.566122 7.011044 8.223991
v 3.556972 7.182853 8.392463
v 3.864852 7.907831 7.318319
v 3.875881 7.734426 7.146957
v 4.192302 8.636043 6.250013
v 4.204541 8.461790 6.077119
v 3.875881 7.734426 7.146957
v 3.864852 7.907831 7.318319
v 4.192302 8.636043 6.250013
v 4.204541 8.461790 6.077119
v 4.411021 8.833647 5.462903
v 4.248721 8.565706 5.538192
v 4.204541 8.461790 6.077119
v 4.192302 8.636043 6.250013
v 4.411021 8.833647 5.462903
v 4.248721 8.565706 5.538192
v 3.616192 7.706813 4.281081
v 3.533412 7.629232 4.443708
v 4.248721 8.565706 5.538192
v 4.411021 8.833647 5.462903
v 3.616192 7.706813 4.281081
v 3.533412 7.629232 4.443708
v 2.887431 6.849497 3.191655
v 2.804641 6.772533 3.355404
v 3.533412 7.629232 4.443708
v 3.616192 7.706813 4.281081
v 2.887431 6.849497 3.191655
v 2.804641 6.772533 3.355404
v 2.071642 6.055981 2.217957
v 1.988902 5.979537 2.382643
v 2.804641 6.772533 3.355404
v 2.887431 6.849497 3.191655
v 2.071642 6.055981 2.217957
v 1.988902 5.979537 2.382643
v 1.231182 5.277638 1.271791
v 1.148442 5.201838 1.437641
v 1.988902 5.979537 2.382643
v 2.071642 6.055981 2.217957
v 1.231182 5.277638 1.271791
v 1.148442 5.201838 1.437641
v 0.376532 4.507516 0.340537
v 0.293762 4.432256 0.507380
v 1.148442 5.201838 1.437641
v 1.231182 5.277638 1.271791
v 0.376532 4.507516 0.340537
v -1.361868 2.144501 -2.663803
v 0.080492 2.310062 -2.564651
v 0.014042 2.506448 -2.472964
v -1.361868 2.144501 -2.663803
v -1.296628 1.947515 -2.756563
v 0.080492 2.310062 -2.564651
v 0.014042 2.506448 -2.472964
v 1.451182 2.690620 -2.340077
v 1.383342 2.886362 -2.249557
v 0.014042 2.506448 -2.472964
v 0.080492 2.310062 -2.564651
v 1.451182 2.690620 -2.340077
v 1.383342 2.886362 -2.249557
v 2.814052 3.088990 -2.083238
v 2.745052 3.284116 -1.993816
v 1.383342 2.886362 -2.249557
v 1.451182 2.690620 -2.340077
v 2.814052 3.088990 -2.083238
v 2.745052 3.284116 -1.993816
v 4.168252 3.504942 -1.794484
v 4.097921 3.699322 -1.706422
v 2.745052 3.284116 -1.993816
v 2.814052 3.088990 -2.083238
v 4.168252 3.504942 -1.794484
v 4.097921 3.699322 -1.706422
v 5.572871 3.996191 -1.632406
v 5.453002 4.147236 -1.498208
v 4.097921 3.699322 -1.706422
v 4.168252 3.504942 -1.794484
v 5.572871 3.996191 -1.632406
v 5.453002 4.147236 -1.498208
v 5.839682 3.902374 -1.110561
v 5.654852 4.001273 -1.035768
v 5.453002 4.147236 -1.498208
v 5.572871 3.996191 -1.632406
v 5.839682 3.902374 -1.110561
v 5.654852 4.001273 -1.035768
v 5.907991 3.247151 0.089570
v 5.723871 3.346006 0.164272
v 5.654852 4.001273 -1.035768
v 5.839682 3.902374 -1.110561
v 5.907991 3.247151 0.089570
v 5.723871 3.346006 0.164272
v 5.993022 2.609665 1.321802
v 5.809642 2.708449 1.396384
v 5.723871 3.346006 0.164272
v 5.907991 3.247151 0.089570
v 5.993022 2.609665 1.321802
v 5.809642 2.708449 1.396384
v 6.089711 1.985866 2.578854
v 5.907282 2.084530 2.653216
v 5.809642 2.708449 1.396384
v 5.993022 2.609665 1.321802
v 6.089711 1.985866 2.578854
v 5.907282 2.084530 2.653216
v 6.149571 1.306286 3.686429
v 5.975832 1.380970 3.791525
v 5.907282 2.084530 2.653216
v 6.089711 1.985866 2.578854
v 6.149571 1.306286 3.686429
v 5.975832 1.380970 3.791525
v 6.626931 0.753641 4.012836
v 6.146642 0.916462 4.373731
v 5.975832 1.380970 3.791525
v 6.149571 1.306286 3.686429
v 6.626931 0.753641 4.012836
v 6.146642 0.916462 4.373731
v 6.536362 0.553403 4.484406
v 6.354921 0.651129 4.557081
v 6.146642 0.916462 4.373731
v 6.626931 0.753641 4.012836
v 6.536362 0.553403 4.484406
v -1.361268 2.204456 -2.858262
v 0.082362 2.369945 -2.759252
v -1.296058 2.007464 -2.951053
v -1.361268 2.204456 -2.858262
v 0.015802 2.566346 -2.667540
v 0.082362 2.369945 -2.759252
v 0.015802 2.566346 -2.667540
v 1.454142 2.750544 -2.534610
v 0.082362 2.369945 -2.759252
v 0.015802 2.566346 -2.667540
v 1.386342 2.946224 -2.444192
v 1.454142 2.750544 -2.534610
v 1.386342 2.946224 -2.444192
v 2.818252 3.149001 -2.277602
v 1.454142 2.750544 -2.534610
v 1.386342 2.946224 -2.444192
v 2.749132 3.344044 -2.188340
v 2.818252 3.149001 -2.277602
v 2.749132 3.344044 -2.188340
v 4.173552 3.564962 -1.988831
v 2.818252 3.149001 -2.277602
v 2.749132 3.344044 -2.188340
v 4.103242 3.759352 -1.900774
v 4.173552 3.564962 -1.988831
v 4.103242 3.759352 -1.900774
v 5.735541 4.187858 -1.845941
v 4.173552 3.564962 -1.988831
v 4.103242 3.759352 -1.900774
v 5.615441 4.338676 -1.712143
v 5.735541 4.187858 -1.845941
v 5.615441 4.338676 -1.712143
v 5.961951 4.045389 -0.994432
v 5.735541 4.187858 -1.845941
v 5.615441 4.338676 -1.712143
v 5.777202 4.144120 -0.919958
v 5.961951 4.045389 -0.994432
v 5.777202 4.144120 -0.919958
v 6.029511 3.390225 0.205781
v 5.961951 4.045389 -0.994432
v 5.777202 4.144120 -0.919958
v 5.845522 3.488881 0.280147
v 6.029511 3.390225 0.205781
v 5.845522 3.488881 0.280147
v 6.113711 2.752761 1.438069
v 6.029511 3.390225 0.205781
v 5.845522 3.488881 0.280147
v 5.930471 2.851364 1.512328
v 6.113711 2.752761 1.438069
v 5.930471 2.851364 1.512328
v 6.209581 2.128991 2.695173
v 6.113711 2.752761 1.438069
v 5.930471 2.851364 1.512328
v 6.027231 2.227449 2.769146
v 6.209581 2.128991 2.695173
v 6.027231 2.227449 2.769146
v 6.268652 1.449331 3.802610
v 6.209581 2.128991 2.695173
v 6.027231 2.227449 2.769146
v 6.095032 1.523815 3.907348
v 6.268652 1.449331 3.802610
v 6.095032 1.523815 3.907348
v 6.745332 0.896988 4.129548
v 6.268652 1.449331 3.802610
v 6.095032 1.523815 3.907348
v 6.265351 1.059311 4.489562
v 6.745332 0.896988 4.129548
v 6.265351 1.059311 4.489562
v 6.654582 0.696525 4.600716
v 6.745332 0.896988 4.129548
v 6.265351 1.059311 4.489562
v 6.473342 0.794080 4.673084
v 6.654582 0.696525 4.600716
v -1.361868 2.144501 -2.663803
v -1.296058 2.007464 -2.951053
v -1.296628 1.947515 -2.756563
v -1.361868 2.144501 -2.663803
v -1.361268 2.204456 -2.858262
v -1.296058 2.007464 -2.951053
v -1.296628 1.947515 -2.756563
v 0.082362 2.369945 -2.759252
v 0.080492 2.310062 -2.564651
v -1.296628 1.947515 -2.756563
v -1.296058 2.007464 -2.951053
v 0.082362 2.369945 -2.759252
v 0.080492 2.310062 -2.564651
v 1.454142 2.750544 -2.534610
v 1.451182 2.690620 -2.340077
v 0.080492 2.310062 -2.564651
v 0.082362 2.369945 -2.759252
v 1.454142 2.750544 -2.534610
v 1.451182 2.690620 -2.340077
v 2.818252 3.149001 -2.277602
v 2.814052 3.088990 -2.083238
v 1.451182 2.690620 -2.340077
v 1.454142 2.750544 -2.534610
v 2.818252 3.149001 -2.277602
v 2.814052 3.088990 -2.083238
v 4.173552 3.564962 -1.988831
v 4.168252 3.504942 -1.794484
v 2.814052 3.088990 -2.083238
v 2.818252 3.149001 -2.277602
v 4.173552 3.564962 -1.988831
v 4.168252 3.504942 -1.794484
v 5.735541 4.187858 -1.845941
v 5.572871 3.996191 -1.632406
v 4.168252 3.504942 -1.794484
v 4.173552 3.564962 -1.988831
v 5.735541 4.187858 -1.845941
v 5.572871 3.996191 -1.632406
v 5.735541 4.187858 -1.845941
v 5.961951 4.045389 -0.994432
v 5.572871 3.996191 -1.632406
v 5.961951 4.045389 -0.994432
v 5.839682 3.902374 -1.110561
v 5.839682 3.902374 -1.110561
v 6.029511 3.390225 0.205781
v 5.907991 3.247151 0.089570
v 5.839682 3.902374 -1.110561
v 5.961951 4.045389 -0.994432
v 6.029511 3.390225 0.205781
v 5.907991 3.247151 0.089570
v 6.113711 2.752761 1.438069
v 5.993022 2.609665 1.321802
v 5.907991 3.247151 0.089570
v 6.029511 3.390225 0.205781
v 6.113711 2.752761 1.438069
v 5.993022 2.609665 1.321802
v 6.209581 2.128991 2.695173
v 6.089711 1.985866 2.578854
v 5.993022 2.609665 1.321802
v 6.113711 2.752761 1.438069
v 6.209581 2.128991 2.695173
v 6.089711 1.985866 2.578854
v 6.268652 1.449331 3.802610
v 6.149571 1.306286 3.686429
v 6.089711 1.985866 2.578854
v 6.209581 2.128991 2.695173
v 6.268652 1.449331 3.802610
v 6.149571 1.306286 3.686429
v 6.745332 0.896988 4.129548
v 6.626931 0.753641 4.012836
v 6.149571 1.306286 3.686429
v 6.268652 1.449331 3.802610
v 6.745332 0.896988 4.129548
v 6.626931 0.753641 4.012836
v 6.654582 0.696525 4.600716
v 6.536362 0.553403 4.484406
v 6.626931 0.753641 4.012836
v 6.745332 0.896988 4.129548
v 6.654582 0.696525 4.600716
v 6.536362 0.553403 4.484406
v 6.473342 0.794080 4.673084
v 6.354921 0.651129 4.557081
v 6.536362 0.553403 4.484406
v 6.654582 0.696525 4.600716
v 6.473342 0.794080 4.673084
v 6.354921 0.651129 4.557081
v 6.265351 1.059311 4.489562
v 6.146642 0.916462 4.373731
v 6.354921 0.651129 4.557081
v 6.473342 0.794080 4.673084
v 6.265351 1.059311 4.489562
v 6.146642 0.916462 4.373731
v 6.095032 1.523815 3.907348
v 5.975832 1.380970 3.791525
v 6.146642 0.916462 4.373731
v 6.265351 1.059311 4.489562
v 6.095032 1.523815 3.907348
v 5.975832 1.380970 3.791525
v 6.027231 2.227449 2.769146
v 5.907282 2.084530 2.653216
v 5.975832 1.380970 3.791525
v 6.095032 1.523815 3.907348
v 6.027231 2.227449 2.769146
v 5.907282 2.084530 2.653216
v 5.930471 2.851364 1.512328
v 5.809642 2.708449 1.396384
v 5.907282 2.084530 2.653216
v 6.027231 2.227449 2.769146
v 5.930471 2.851364 1.512328
v 5.809642 2.708449 1.396384
v 5.845522 3.488881 0.280147
v 5.723871 3.346006 0.164272
v 5.809642 2.708449 1.396384
v 5.930471 2.851364 1.512328
v 5.845522 3.488881 0.280147
v 5.723871 3.346006 0.164272
v 5.777202 4.144120 -0.919958
v 5.654852 4.001273 -1.035768
v 5.723871 3.346006 0.164272
v 5.845522 3.488881 0.280147
v 5.777202 4.144120 -0.919958
v 5.654852 4.001273 -1.035768
v 5.777202 4.144120 -0.919958
v 5.615441 4.338676 -1.712143
v 5.654852 4.001273 -1.035768
v 5.615441 4.338676 -1.712143
v 5.453002 4.147236 -1.498208
v 5.453002 4.147236 -1.498208
v 4.103242 3.759352 -1.900774
v 4.097921 3.699322 -1.706422
v 5.453002 4.147236 -1.498208
v 5.615441 4.338676 -1.712143
v 4.103242 3.759352 -1.900774
v 4.097921 3.699322 -1.706422
v 2.749132 3.344044 -2.188340
v 2.745052 3.284116 -1.993816
v 4.097921 3.699322 -1.706422
v 4.103242 3.759352 -1.900774
v 2.749132 3.344044 -2.188340
v 2.745052 3.284116 -1.993816
v 1.386342 2.946224 -2.444192
v 1.383342 2.886362 -2.249557
v 2.745052 3.284116 -1.993816
v 2.749132 3.344044 -2.188340
v 1.386342 2.946224 -2.444192
v 1.383342 2.886362 -2.249557
v 0.015802 2.566346 -2.667540
v 0.014042 2.506448 -2.472964
v 1.383342 2.886362 -2.249557
v 1.386342 2.946224 -2.444192
v 0.015802 2.566346 -2.667540
v 0.014042 2.506448 -2.472964
v -1.361268 2.204456 -2.858262
v -1.361868 2.144501 -2.663803
v 0.014042 2.506448 -2.472964
v 0.015802 2.566346 -2.667540
v -1.361268 2.204456 -2.858262
v 1.804872 1.524663 -4.136914
v 2.460181 1.105935 -5.357176
v 2.625152 1.053751 -5.201290
v 1.804872 1.524663 -4.136914
v 1.640462 1.577683 -4.291308
v 2.460181 1.105935 -5.357176
v 2.625152 1.053751 -5.201290
v 3.289531 0.645332 -6.402868
v 3.455012 0.594003 -6.245419
v 2.625152 1.053751 -5.201290
v 2.460181 1.105935 -5.357176
v 3.289531 0.645332 -6.402868
v 3.455012 0.594003 -6.245419
v 4.127862 0.196121 -7.427914
v 4.293972 0.145620 -7.268967
v 3.455012 0.594003 -6.245419
v 3.289531 0.645332 -6.402868
v 4.127862 0.196121 -7.427914
v 4.293972 0.145620 -7.268967
v 4.974832 -0.241520 -8.432010
v 5.141272 -0.291179 -8.271542
v 4.293972 0.145620 -7.268967
v 4.127862 0.196121 -7.427914
v 4.974832 -0.241520 -8.432010
v 5.141272 -0.291179 -8.271542
v 5.936082 -0.528865 -9.457349
v 6.034411 -0.618189 -9.267126
v 5.141272 -0.291179 -8.271542
v 4.974832 -0.241520 -8.432010
v 5.936082 -0.528865 -9.457349
v 6.034411 -0.618189 -9.267126
v 5.843462 -1.033806 -9.692802
v 5.874842 -1.068230 -9.473396
v 6.034411 -0.618189 -9.267126
v 5.936082 -0.528865 -9.457349
v 5.843462 -1.033806 -9.692802
v 5.874842 -1.068230 -9.473396
v 4.977642 -2.162613 -9.934904
v 5.010242 -2.197463 -9.716257
v 5.874842 -1.068230 -9.473396
v 5.843462 -1.033806 -9.692802
v 4.977642 -2.162613 -9.934904
v 5.010242 -2.197463 -9.716257
v 4.121072 -3.304725 -10.164694
v 4.154531 -3.339919 -9.946669
v 5.010242 -2.197463 -9.716257
v 4.977642 -2.162613 -9.934904
v 4.121072 -3.304725 -10.164694
v 4.154531 -3.339919 -9.946669
v 3.269762 -4.453993 -10.379873
v 3.304261 -4.489590 -10.162588
v 4.154531 -3.339919 -9.946669
v 4.121072 -3.304725 -10.164694
v 3.269762 -4.453993 -10.379873
v 3.304261 -4.489590 -10.162588
v 2.362972 -5.458996 -10.583228
v 2.369852 -5.524004 -10.380005
v 3.304261 -4.489590 -10.162588
v 3.269762 -4.453993 -10.379873
v 2.362972 -5.458996 -10.583228
v 2.369852 -5.524004 -10.380005
v 1.856961 -5.824008 -11.204163
v 1.818482 -6.069557 -10.650872
v 2.369852 -5.524004 -10.380005
v 2.362972 -5.458996 -10.583228
v 1.856961 -5.824008 -11.204163
v 1.818482 -6.069557 -10.650872
v 1.527142 -6.227594 -11.139874
v 1.563712 -6.264293 -10.924608
v 1.818482 -6.069557 -10.650872
v 1.856961 -5.824008 -11.204163
v 1.527142 -6.227594 -11.139874
v 1.899722 1.700583 -4.136670
v 2.555482 1.282192 -5.356341
v 1.735542 1.753469 -4.291310
v 1.899722 1.700583 -4.136670
v 2.720302 1.230154 -5.200170
v 2.555482 1.282192 -5.356341
v 2.720302 1.230154 -5.200170
v 3.385051 0.822002 -6.401278
v 2.555482 1.282192 -5.356341
v 2.720302 1.230154 -5.200170
v 3.550361 0.770812 -6.243574
v 3.385051 0.822002 -6.401278
v 3.550361 0.770812 -6.243574
v 4.223661 0.373181 -7.425624
v 3.385051 0.822002 -6.401278
v 3.550361 0.770812 -6.243574
v 4.389542 0.322783 -7.266483
v 4.223661 0.373181 -7.425624
v 4.389542 0.322783 -7.266483
v 5.070802 -0.064044 -8.428957
v 4.223661 0.373181 -7.425624
v 4.389542 0.322783 -7.266483
v 5.237102 -0.113619 -8.268328
v 5.070802 -0.064044 -8.428957
v 5.237102 -0.113619 -8.268328
v 6.225561 -0.338877 -9.534505
v 5.070802 -0.064044 -8.428957
v 5.237102 -0.113619 -8.268328
v 6.323662 -0.428036 -9.343962
v 6.225561 -0.338877 -9.534505
v 6.323662 -0.428036 -9.343962
v 6.017212 -1.136959 -9.726734
v 6.225561 -0.338877 -9.534505
v 6.323662 -0.428036 -9.343962
v 6.048491 -1.171461 -9.507458
v 6.017212 -1.136959 -9.726734
v 6.048491 -1.171461 -9.507458
v 5.151782 -2.266674 -9.970448
v 6.017212 -1.136959 -9.726734
v 6.048491 -1.171461 -9.507458
v 5.184062 -2.301467 -9.751707
v 5.151782 -2.266674 -9.970448
v 5.184062 -2.301467 -9.751707
v 4.295431 -3.409504 -10.201532
v 5.151782 -2.266674 -9.970448
v 5.184062 -2.301467 -9.751707
v 4.328861 -3.444737 -9.983591
v 4.295431 -3.409504 -10.201532
v 4.328861 -3.444737 -9.983591
v 3.444432 -4.559547 -10.418138
v 4.295431 -3.409504 -10.201532
v 4.328861 -3.444737 -9.983591
v 3.478791 -4.595117 -10.200787
v 3.444432 -4.559547 -10.418138
v 3.478791 -4.595117 -10.200787
v 2.537952 -5.565461 -10.623148
v 3.444432 -4.559547 -10.418138
v 3.478791 -4.595117 -10.200787
v 2.544702 -5.630481 -10.419930
v 2.537952 -5.565461 -10.623148
v 2.544702 -5.630481 -10.419930
v 2.032242 -5.930893 -11.244834
v 2.537952 -5.565461 -10.623148
v 2.544702 -5.630481 -10.419930
v 1.993632 -6.176556 -10.691755
v 2.032242 -5.930893 -11.244834
v 1.993632 -6.176556 -10.691755
v 1.702482 -6.334798 -11.181124
v 2.032242 -5.930893 -11.244834
v 1.993632 -6.176556 -10.691755
v 1.738852 -6.371507 -10.965875
v 1.702482 -6.334798 -11.181124
v 1.804872 1.524663 -4.136914
v 1.735542 1.753469 -4.291310
v 1.640462 1.577683 -4.291308
v 1.804872 1.524663 -4.136914
v 1.899722 1.700583 -4.136670
v 1.735542 1.753469 -4.291310
v 1.640462 1.577683 -4.291308
v 2.555482 1.282192 -5.356341
v 2.460181 1.105935 -5.357176
v 1.640462 1.577683 -4.291308
v 1.735542 1.753469 -4.291310
v 2.555482 1.282192 -5.356341
v 2.460181 1.105935 -5.357176
v 3.385051 0.822002 -6.401278
v 3.289531 0.645332 -6.402868
v 2.460181 1.105935 -5.357176
v 2.555482 1.282192 -5.356341
v 3.385051 0.822002 -6.401278
v 3.289531 0.645332 -6.402868
v 4.223661 0.373181 -7.425624
v 4.127862 0.196121 -7.427914
v 3.289531 0.645332 -6.402868
v 3.385051 0.822002 -6.401278
v 4.223661 0.373181 -7.425624
v 4.127862 0.196121 -7.427914
v 5.070802 -0.064044 -8.428957
v 4.974832 -0.241520 -8.432010
v 4.127862 0.196121 -7.427914
v 4.223661 0.373181 -7.425624
v 5.070802 -0.064044 -8.428957
v 4.974832 -0.241520 -8.432010
v 6.225561 -0.338877 -9.534505
v 5.936082 -0.528865 -9.457349
v 4.974832 -0.241520 -8.432010
v 5.070802 -0.064044 -8.428957
v 6.225561 -0.338877 -9.534505
v 5.936082 -0.528865 -9.457349
v 6.017212 -1.136959 -9.726734
v 5.843462 -1.033806 -9.692802
v 5.936082 -0.528865 -9.457349
v 6.225561 -0.338877 -9.534505
v 6.017212 -1.136959 -9.726734
v 5.843462 -1.033806 -9.692802
v 5.151782 -2.266674 -9.970448
v 4.977642 -2.162613 -9.934904
v 5.843462 -1.033806 -9.692802
v 6.017212 -1.136959 -9.726734
v 5.151782 -2.266674 -9.970448
v 4.977642 -2.162613 -9.934904
v 4.295431 -3.409504 -10.201532
v 4.121072 -3.304725 -10.164694
v 4.977642 -2.162613 -9.934904
v 5.151782 -2.266674 -9.970448
v 4.295431 -3.409504 -10.201532
v 4.121072 -3.304725 -10.164694
v 3.444432 -4.559547 -10.418138
v 3.269762 -4.453993 -10.379873
v 4.121072 -3.304725 -10.164694
v 4.295431 -3.409504 -10.201532
v 3.444432 -4.559547 -10.418138
v 3.269762 -4.453993 -10.379873
v 2.537952 -5.565461 -10.623148
v 2.362972 -5.458996 -10.583228
v 3.269762 -4.453993 -10.379873
v 3.444432 -4.559547 -10.418138
v 2.537952 -5.565461 -10.623148
v 2.362972 -5.458996 -10.583228
v 2.032242 -5.930893 -11.244834
v 1.856961 -5.824008 -11.204163
v 2.362972 -5.458996 -10.583228
v 2.537952 -5.565461 -10.623148
v 2.032242 -5.930893 -11.244834
v 1.856961 -5.824008 -11.204163
v 1.702482 -6.334798 -11.181124
v 1.527142 -6.227594 -11.139874
v 1.856961 -5.824008 -11.204163
v 2.032242 -5.930893 -11.244834
v 1.702482 -6.334798 -11.181124
v 1.527142 -6.227594 -11.139874
v 1.738852 -6.371507 -10.965875
v 1.563712 -6.264293 -10.924608
v 1.527142 -6.227594 -11.139874
v 1.702482 -6.334798 -11.181124
v 1.738852 -6.371507 -10.965875
v 1.563712 -6.264293 -10.924608
v 1.993632 -6.176556 -10.691755
v 1.818482 -6.069557 -10.650872
v 1.563712 -6.264293 -10.924608
v 1.738852 -6.371507 -10.965875
v 1.993632 -6.176556 -10.691755
v 1.818482 -6.069557 -10.650872
v 2.544702 -5.630481 -10.419930
v 2.369852 -5.524004 -10.380005
v 1.818482 -6.069557 -10.650872
v 1.993632 -6.176556 -10.691755
v 2.544702 -5.630481 -10.419930
v 2.369852 -5.524004 -10.380005
v 3.478791 -4.595117 -10.200787
v 3.304261 -4.489590 -10.162588
v 2.369852 -5.524004 -10.380005
v 2.544702 -5.630481 -10.419930
v 3.478791 -4.595117 -10.200787
v 3.304261 -4.489590 -10.162588
v 4.328861 -3.444737 -9.983591
v 4.154531 -3.339919 -9.946669
v 3.304261 -4.489590 -10.162588
v 3.478791 -4.595117 -10.200787
v 4.328861 -3.444737 -9.983591
v 4.154531 -3.339919 -9.946669
v 5.184062 -2.301467 -9.751707
v 5.010242 -2.197463 -9.716257
v 4.154531 -3.339919 -9.946669
v 4.328861 -3.444737 -9.983591
v 5.184062 -2.301467 -9.751707
v 5.010242 -2.197463 -9.716257
v 6.048491 -1.171461 -9.507458
v 5.874842 -1.068230 -9.473396
v 5.010242 -2.197463 -9.716257
v 5.184062 -2.301467 -9.751707
v 6.048491 -1.171461 -9.507458
v 5.874842 -1.068230 -9.473396
v 6.048491 -1.171461 -9.507458
v 6.323662 -0.428036 -9.343962
v 5.874842 -1.068230 -9.473396
v 6.323662 -0.428036 -9.343962
v 6.034411 -0.618189 -9.267126
v 6.034411 -0.618189 -9.267126
v 5.237102 -0.113619 -8.268328
v 5.141272 -0.291179 -8.271542
v 6.034411 -0.618189 -9.267126
v 6.323662 -0.428036 -9.343962
v 5.237102 -0.113619 -8.268328
v 5.141272 -0.291179 -8.271542
v 4.389542 0.322783 -7.266483
v 4.293972 0.145620 -7.268967
v 5.141272 -0.291179 -8.271542
v 5.237102 -0.113619 -8.268328
v 4.389542 0.322783 -7.266483
v 4.293972 0.145620 -7.268967
v 3.550361 0.770812 -6.243574
v 3.455012 0.594003 -6.245419
v 4.293972 0.145620 -7.268967
v 4.389542 0.322783 -7.266483
v 3.550361 0.770812 -6.243574
v 3.455012 0.594003 -6.245419
v 2.720302 1.230154 -5.200170
v 2.625152 1.053751 -5.201290
v 3.455012 0.594003 -6.245419
v 3.550361 0.770812 -6.243574
v 2.720302 1.230154 -5.200170
v 2.625152 1.053751 -5.201290
v 1.899722 1.700583 -4.136670
v 1.804872 1.524663 -4.136914
v 2.625152 1.053751 -5.201290
v 2.720302 1.230154 -5.200170
v 1.899722 1.700583 -4.136670
v -3.026768 4.421416 0.491693
v -4.040568 5.028176 1.393395
v -3.181498 4.263206 0.469457
v -3.026768 4.421416 0.491693
v -3.886549 5.185390 1.413828
v -4.040568 5.028176 1.393395
v -3.886549 5.185390 1.413828
v -4.885609 5.801626 2.332708
v -4.040568 5.028176 1.393395
v -3.886549 5.185390 1.413828
v -4.732288 5.957822 2.351303
v -4.885609 5.801626 2.332708
v -4.732288 5.957822 2.351303
v -5.714488 6.583731 3.287687
v -4.885609 5.801626 2.332708
v -4.732288 5.957822 2.351303
v -5.562299 6.738598 3.303861
v -5.714488 6.583731 3.287687
v -5.562299 6.738598 3.303861
v -6.469639 7.419469 4.339779
v -5.714488 6.583731 3.287687
v -5.562299 6.738598 3.303861
v -6.320449 7.571467 4.350748
v -6.469639 7.419469 4.339779
v -6.320449 7.571467 4.350748
v -7.248118 8.405633 5.401458
v -6.469639 7.419469 4.339779
v -6.320449 7.571467 4.350748
v -7.057188 8.490648 5.415633
v -7.248118 8.405633 5.401458
v -7.057188 8.490648 5.415633
v -7.208328 8.370144 6.029292
v -7.248118 8.405633 5.401458
v -7.057188 8.490648 5.415633
v -7.016258 8.385269 5.951813
v -7.208328 8.370144 6.029292
v -7.016258 8.385269 5.951813
v -6.880419 7.643717 7.100040
v -7.208328 8.370144 6.029292
v -7.016258 8.385269 5.951813
v -6.688438 7.660101 7.024848
v -6.880419 7.643717 7.100040
v -6.688438 7.660101 7.024848
v -6.570118 6.922325 8.179952
v -6.880419 7.643717 7.100040
v -6.688438 7.660101 7.024848
v -6.377588 6.940549 8.108086
v -6.570118 6.922325 8.179952
v -6.377588 6.940549 8.108086
v -6.275438 6.203328 9.264207
v -6.570118 6.922325 8.179952
v -6.377588 6.940549 8.108086
v -6.081698 6.223950 9.196687
v -6.275438 6.203328 9.264207
v -6.081698 6.223950 9.196687
v -6.048259 5.428017 10.198095
v -6.275438 6.203328 9.264207
v -6.081698 6.223950 9.196687
v -5.852078 5.427489 10.166431
v -6.048259 5.428017 10.198095
v -5.852078 5.427489 10.166431
v -6.431659 5.014427 10.777538
v -6.048259 5.428017 10.198095
v -5.852078 5.427489 10.166431
v -5.869489 4.964495 10.751609
v -6.431659 5.014427 10.777538
v -5.869489 4.964495 10.751609
v -6.225179 4.729294 11.094918
v -6.431659 5.014427 10.777538
v -5.869489 4.964495 10.751609
v -6.027908 4.754480 11.035643
v -6.225179 4.729294 11.094918
v -3.109378 4.496092 0.323999
v -4.123308 5.103567 1.227008
v -3.969088 5.260677 1.247247
v -3.109378 4.496092 0.323999
v -3.264198 4.338037 0.302042
v -4.123308 5.103567 1.227008
v -3.969088 5.260677 1.247247
v -4.968328 5.877608 2.167378
v -4.814808 6.033695 2.185770
v -3.969088 5.260677 1.247247
v -4.123308 5.103567 1.227008
v -4.968328 5.877608 2.167378
v -4.814808 6.033695 2.185770
v -5.797118 6.660365 3.123539
v -5.644789 6.815129 3.139518
v -4.814808 6.033695 2.185770
v -4.968328 5.877608 2.167378
v -5.797118 6.660365 3.123539
v -5.644789 6.815129 3.139518
v -6.552169 7.496819 4.176916
v -6.402828 7.648724 4.187731
v -5.644789 6.815129 3.139518
v -5.797118 6.660365 3.123539
v -6.552169 7.496819 4.176916
v -6.402828 7.648724 4.187731
v -7.411729 8.672224 5.324121
v -7.221098 8.756697 5.337280
v -6.402828 7.648724 4.187731
v -6.552169 7.496819 4.176916
v -7.411729 8.672224 5.324121
v -7.221098 8.756697 5.337280
v -7.197538 8.543711 6.200929
v -7.006358 8.558388 6.122612
v -7.221098 8.756697 5.337280
v -7.411729 8.672224 5.324121
v -7.197538 8.543711 6.200929
v -7.006358 8.558388 6.122612
v -6.870898 7.816406 7.270081
v -6.679789 7.832282 7.193948
v -7.006358 8.558388 6.122612
v -7.197538 8.543711 6.200929
v -6.870898 7.816406 7.270081
v -6.679789 7.832282 7.193948
v -6.562478 7.093447 8.347144
v -6.370849 7.111255 8.274515
v -6.679789 7.832282 7.193948
v -6.870898 7.816406 7.270081
v -6.562478 7.093447 8.347144
v -6.370849 7.111255 8.274515
v -6.270329 6.372396 9.427690
v -6.077389 6.392666 9.359518
v -6.370849 7.111255 8.274515
v -6.562478 7.093447 8.347144
v -6.270329 6.372396 9.427690
v -6.077389 6.392666 9.359518
v -6.045749 5.594830 10.357472
v -5.850449 5.593877 10.325050
v -6.077389 6.392666 9.359518
v -6.270329 6.372396 9.427690
v -6.045749 5.594830 10.357472
v -5.850449 5.593877 10.325050
v -6.428618 5.180923 10.936359
v -5.868968 5.129685 10.908067
v -5.850449 5.593877 10.325050
v -6.045749 5.594830 10.357472
v -6.428618 5.180923 10.936359
v -5.868968 5.129685 10.908067
v -6.223799 4.894545 11.251479
v -6.027268 4.919437 11.191668
v -5.868968 5.129685 10.908067
v -6.428618 5.180923 10.936359
v -6.223799 4.894545 11.251479
v -3.026768 4.421416 0.491693
v -3.264198 4.338037 0.302042
v -3.109378 4.496092 0.323999
v -3.026768 4.421416 0.491693
v -3.181498 4.263206 0.469457
v -3.264198 4.338037 0.302042
v -3.181498 4.263206 0.469457
v -4.123308 5.103567 1.227008
v -3.264198 4.338037 0.302042
v -3.181498 4.263206 0.469457
v -4.040568 5.028176 1.393395
v -4.123308 5.103567 1.227008
v -4.040568 5.028176 1.393395
v -4.968328 5.877608 2.167378
v -4.123308 5.103567 1.227008
v -4.040568 5.028176 1.393395
v -4.885609 5.801626 2.332708
v -4.968328 5.877608 2.167378
v -4.885609 5.801626 2.332708
v -5.797118 6.660365 3.123539
v -4.968328 5.877608 2.167378
v -4.885609 5.801626 2.332708
v -5.714488 6.583731 3.287687
v -5.797118 6.660365 3.123539
v -5.714488 6.583731 3.287687
v -6.552169 7.496819 4.176916
v -5.797118 6.660365 3.123539
v -5.714488 6.583731 3.287687
v -6.469639 7.419469 4.339779
v -6.552169 7.496819 4.176916
v -6.469639 7.419469 4.339779
v -7.411729 8.672224 5.324121
v -6.552169 7.496819 4.176916
v -6.469639 7.419469 4.339779
v -7.248118 8.405633 5.401458
v -7.411729 8.672224 5.324121
v -7.248118 8.405633 5.401458
v -7.197538 8.543711 6.200929
v -7.411729 8.672224 5.324121
v -7.248118 8.405633 5.401458
v -7.208328 8.370144 6.029292
v -7.197538 8.543711 6.200929
v -7.208328 8.370144 6.029292
v -6.870898 7.816406 7.270081
v -7.197538 8.543711 6.200929
v -7.208328 8.370144 6.029292
v -6.880419 7.643717 7.100040
v -6.870898 7.816406 7.270081
v -6.880419 7.643717 7.100040
v -6.562478 7.093447 8.347144
v -6.870898 7.816406 7.270081
v -6.880419 7.643717 7.100040
v -6.570118 6.922325 8.179952
v -6.562478 7.093447 8.347144
v -6.570118 6.922325 8.179952
v -6.270329 6.372396 9.427690
v -6.562478 7.093447 8.347144
v -6.570118 6.922325 8.179952
v -6.275438 6.203328 9.264207
v -6.270329 6.372396 9.427690
v -6.275438 6.203328 9.264207
v -6.045749 5.594830 10.357472
v -6.270329 6.372396 9.427690
v -6.275438 6.203328 9.264207
v -6.048259 5.428017 10.198095
v -6.045749 5.594830 10.357472
v -6.048259 5.428017 10.198095
v -6.428618 5.180923 10.936359
v -6.045749 5.594830 10.357472
v -6.048259 5.428017 10.198095
v -6.431659 5.014427 10.777538
v -6.428618 5.180923 10.936359
v -6.431659 5.014427 10.777538
v -6.223799 4.894545 11.251479
v -6.428618 5.180923 10.936359
v -6.431659 5.014427 10.777538
v -6.225179 4.729294 11.094918
v -6.223799 4.894545 11.251479
v -6.225179 4.729294 11.094918
v -6.027268 4.919437 11.191668
v -6.223799 4.894545 11.251479
v -6.225179 4.729294 11.094918
v -6.027908 4.754480 11.035643
v -6.027268 4.919437 11.191668
v -6.027908 4.754480 11.035643
v -5.868968 5.129685 10.908067
v -6.027268 4.919437 11.191668
v -6.027908 4.754480 11.035643
v -5.869489 4.964495 10.751609
v -5.868968 5.129685 10.908067
v -5.869489 4.964495 10.751609
v -5.850449 5.593877 10.325050
v -5.868968 5.129685 10.908067
v -5.869489 4.964495 10.751609
v -5.852078 5.427489 10.166431
v -5.850449 5.593877 10.325050
v -5.852078 5.427489 10.166431
v -6.077389 6.392666 9.359518
v -5.850449 5.593877 10.325050
v -5.852078 5.427489 10.166431
v -6.081698 6.223950 9.196687
v -6.077389 6.392666 9.359518
v -6.081698 6.223950 9.196687
v -6.370849 7.111255 8.274515
v -6.077389 6.392666 9.359518
v -6.081698 6.223950 9.196687
v -6.377588 6.940549 8.108086
v -6.370849 7.111255 8.274515
v -6.377588 6.940549 8.108086
v -6.679789 7.832282 7.193948
v -6.370849 7.111255 8.274515
v -6.377588 6.940549 8.108086
v -6.688438 7.660101 7.024848
v -6.679789 7.832282 7.193948
v -6.688438 7.660101 7.024848
v -7.006358 8.558388 6.122612
v -6.679789 7.832282 7.193948
v -6.688438 7.660101 7.024848
v -7.016258 8.385269 5.951813
v -7.006358 8.558388 6.122612
v -7.016258 8.385269 5.951813
v -7.221098 8.756697 5.337280
v -7.006358 8.558388 6.122612
v -7.016258 8.385269 5.951813
v -7.057188 8.490648 5.415633
v -7.221098 8.756697 5.337280
v -7.057188 8.490648 5.415633
v -6.402828 7.648724 4.187731
v -7.221098 8.756697 5.337280
v -7.057188 8.490648 5.415633
v -6.320449 7.571467 4.350748
v -6.402828 7.648724 4.187731
v -6.320449 7.571467 4.350748
v -5.644789 6.815129 3.139518
v -6.402828 7.648724 4.187731
v -6.320449 7.571467 4.350748
v -5.562299 6.738598 3.303861
v -5.644789 6.815129 3.139518
v -5.562299 6.738598 3.303861
v -4.814808 6.033695 2.185770
v -5.644789 6.815129 3.139518
v -5.562299 6.738598 3.303861
v -4.732288 5.957822 2.351303
v -4.814808 6.033695 2.185770
v -4.732288 5.957822 2.351303
v -3.969088 5.260677 1.247247
v -4.814808 6.033695 2.185770
v -4.732288 5.957822 2.351303
v -3.886549 5.185390 1.413828
v -3.969088 5.260677 1.247247
v -3.886549 5.185390 1.413828
v -3.109378 4.496092 0.323999
v -3.969088 5.260677 1.247247
v -3.886549 5.185390 1.413828
v -3.026768 4.421416 0.491693
v -3.109378 4.496092 0.323999
v -1.992848 11.871338 10.797777
v -4.365728 13.634424 11.671289
v -2.104648 11.697845 10.586615
v -1.992848 11.871338 10.797777
v -4.263138 13.793236 11.855852
v -4.365728 13.634424 11.671289
v -4.263138 13.793236 11.855852
v -6.524538 15.631466 12.865400
v -4.365728 13.634424 11.671289
v -4.263138 13.793236 11.855852
v -6.430079 15.777679 13.027157
v -6.524538 15.631466 12.865400
v -6.430079 15.777679 13.027157
v -8.766398 17.593155 13.995580
v -6.524538 15.631466 12.865400
v -6.430079 15.777679 13.027157
v -8.678569 17.731407 14.142900
v -8.766398 17.593155 13.995580
v -8.678569 17.731407 14.142900
v -11.147368 19.477280 14.985312
v -8.766398 17.593155 13.995580
v -8.678569 17.731407 14.142900
v -11.061479 19.613811 15.129528
v -11.147368 19.477280 14.985312
v -11.061479 19.613811 15.129528
v -13.557199 21.280254 15.828069
v -11.147368 19.477280 14.985312
v -11.061479 19.613811 15.129528
v -13.466659 21.424225 15.985719
v -13.557199 21.280254 15.828069
v -13.466659 21.424225 15.985719
v -15.873248 23.121929 16.740868
v -13.557199 21.280254 15.828069
v -13.466659 21.424225 15.985719
v -15.769718 23.280926 16.925671
v -15.873248 23.121929 16.740868
v -15.769718 23.280926 16.925671
v -18.074018 25.003981 17.726509
v -15.873248 23.121929 16.740868
v -15.769718 23.280926 16.925671
v -17.974358 25.159393 17.904915
v -18.074018 25.003981 17.726509
v -17.974358 25.159393 17.904915
v -20.269777 26.831982 18.614275
v -18.074018 25.003981 17.726509
v -17.974358 25.159393 17.904915
v -20.172659 26.987473 18.792854
v -20.269777 26.831982 18.614275
v -20.172659 26.987473 18.792854
v -22.466608 28.618324 19.426586
v -20.269777 26.831982 18.614275
v -20.172659 26.987473 18.792854
v -22.374338 28.772465 19.602722
v -22.466608 28.618324 19.426586
v -22.374338 28.772465 19.602722
v -24.611849 30.289902 20.123260
v -22.466608 28.618324 19.426586
v -22.374338 28.772465 19.602722
v -24.592958 30.486515 20.309439
v -24.611849 30.289902 20.123260
v -24.592958 30.486515 20.309439
v -25.802618 30.668438 19.999256
v -24.611849 30.289902 20.123260
v -24.592958 30.486515 20.309439
v -25.896338 31.316395 20.549809
v -25.802618 30.668438 19.999256
v -25.896338 31.316395 20.549809
v -26.574287 31.389271 20.345459
v -25.802618 30.668438 19.999256
v -25.896338 31.316395 20.549809
v -26.493149 31.539082 20.513748
v -26.574287 31.389271 20.345459
v -1.931748 12.019604 10.614265
v -4.312298 13.777760 11.478833
v -4.209389 13.937008 11.664193
v -1.931748 12.019604 10.614265
v -2.043758 11.845781 10.402508
v -4.312298 13.777760 11.478833
v -4.209389 13.937008 11.664193
v -6.475228 15.772331 12.668498
v -6.380268 15.918980 12.831046
v -4.209389 13.937008 11.664193
v -4.312298 13.777760 11.478833
v -6.475228 15.772331 12.668498
v -6.380268 15.918980 12.831046
v -8.716848 17.732670 13.796215
v -8.628529 17.871349 13.944316
v -6.380268 15.918980 12.831046
v -6.475228 15.772331 12.668498
v -8.716848 17.732670 13.796215
v -8.628529 17.871349 13.944316
v -11.097629 19.618559 14.789145
v -11.011168 19.755394 14.933913
v -8.628529 17.871349 13.944316
v -8.716848 17.732670 13.796215
v -11.097629 19.618559 14.789145
v -11.011168 19.755394 14.933913
v -13.507578 21.426191 15.640324
v -13.416429 21.569881 15.797464
v -11.011168 19.755394 14.933913
v -11.097629 19.618559 14.789145
v -13.507578 21.426191 15.640324
v -13.416429 21.569881 15.797464
v -15.822158 23.273354 16.563030
v -15.718389 23.431431 16.746216
v -13.416429 21.569881 15.797464
v -13.507578 21.426191 15.640324
v -15.822158 23.273354 16.563030
v -15.718389 23.431431 16.746216
v -18.025099 25.155836 17.549519
v -17.925327 25.311096 17.727642
v -15.718389 23.431431 16.746216
v -15.822158 23.273354 16.563030
v -18.025099 25.155836 17.549519
v -17.925327 25.311096 17.727642
v -20.222929 26.985416 18.440170
v -20.125698 27.140865 18.618671
v -17.925327 25.311096 17.727642
v -18.025099 25.155836 17.549519
v -20.222929 26.985416 18.440170
v -20.125698 27.140865 18.618671
v -22.422499 28.772881 19.254492
v -22.329967 28.926926 19.430464
v -20.125698 27.140865 18.618671
v -20.222929 26.985416 18.440170
v -22.422499 28.772881 19.254492
v -22.329967 28.926926 19.430464
v -24.570278 30.444920 19.952000
v -24.551258 30.641506 20.138138
v -22.329967 28.926926 19.430464
v -22.422499 28.772881 19.254492
v -24.570278 30.444920 19.952000
v -24.551258 30.641506 20.138138
v -25.763039 30.823521 19.828121
v -25.856108 31.471569 20.378845
v -24.551258 30.641506 20.138138
v -24.570278 30.444920 19.952000
v -25.763039 30.823521 19.828121
v -25.856108 31.471569 20.378845
v -26.535658 31.544487 20.174580
v -26.454079 31.694386 20.343014
v -25.856108 31.471569 20.378845
v -25.763039 30.823521 19.828121
v -26.535658 31.544487 20.174580
v -1.992848 11.871338 10.797777
v -2.043758 11.845781 10.402508
v -1.931748 12.019604 10.614265
v -1.992848 11.871338 10.797777
v -2.104648 11.697845 10.586615
v -2.043758 11.845781 10.402508
v -2.104648 11.697845 10.586615
v -4.312298 13.777760 11.478833
v -2.043758 11.845781 10.402508
v -2.104648 11.697845 10.586615
v -4.365728 13.634424 11.671289
v -4.312298 13.777760 11.478833
v -4.365728 13.634424 11.671289
v -6.475228 15.772331 12.668498
v -4.312298 13.777760 11.478833
v -4.365728 13.634424 11.671289
v -6.524538 15.631466 12.865400
v -6.475228 15.772331 12.668498
v -6.524538 15.631466 12.865400
v -8.716848 17.732670 13.796215
v -6.475228 15.772331 12.668498
v -6.524538 15.631466 12.865400
v -8.766398 17.593155 13.995580
v -8.716848 17.732670 13.796215
v -8.766398 17.593155 13.995580
v -11.097629 19.618559 14.789145
v -8.716848 17.732670 13.796215
v -8.766398 17.593155 13.995580
v -11.147368 19.477280 14.985312
v -11.097629 19.618559 14.789145
v -11.147368 19.477280 14.985312
v -13.507578 21.426191 15.640324
v -11.097629 19.618559 14.789145
v -11.147368 19.477280 14.985312
v -13.557199 21.280254 15.828069
v -13.507578 21.426191 15.640324
v -13.557199 21.280254 15.828069
v -15.822158 23.273354 16.563030
v -13.507578 21.426191 15.640324
v -13.557199 21.280254 15.828069
v -15.873248 23.121929 16.740868
v -15.822158 23.273354 16.563030
v -15.873248 23.121929 16.740868
v -18.025099 25.155836 17.549519
v -15.822158 23.273354 16.563030
v -15.873248 23.121929 16.740868
v -18.074018 25.003981 17.726509
v -18.025099 25.155836 17.549519
v -18.074018 25.003981 17.726509
v -20.222929 26.985416 18.440170
v -18.025099 25.155836 17.549519
v -18.074018 25.003981 17.726509
v -20.269777 26.831982 18.614275
v -20.222929 26.985416 18.440170
v -20.269777 26.831982 18.614275
v -22.422499 28.772881 19.254492
v -20.222929 26.985416 18.440170
v -20.269777 26.831982 18.614275
v -22.466608 28.618324 19.426586
v -22.422499 28.772881 19.254492
v -22.466608 28.618324 19.426586
v -24.570278 30.444920 19.952000
v -22.422499 28.772881 19.254492
v -22.466608 28.618324 19.426586
v -24.611849 30.289902 20.123260
v -24.570278 30.444920 19.952000
v -24.611849 30.289902 20.123260
v -25.763039 30.823521 19.828121
v -24.570278 30.444920 19.952000
v -24.611849 30.289902 20.123260
v -25.802618 30.668438 19.999256
v -25.763039 30.823521 19.828121
v -25.802618 30.668438 19.999256
v -26.535658 31.544487 20.174580
v -25.763039 30.823521 19.828121
v -25.802618 30.668438 19.999256
v -26.574287 31.389271 20.345459
v -26.535658 31.544487 20.174580
v -26.574287 31.389271 20.345459
v -26.454079 31.694386 20.343014
v -26.535658 31.544487 20.174580
v -26.574287 31.389271 20.345459
v -26.493149 31.539082 20.513748
v -26.454079 31.694386 20.343014
v -26.493149 31.539082 20.513748
v -25.856108 31.471569 20.378845
v -26.454079 31.694386 20.343014
v -26.493149 31.539082 20.513748
v -25.896338 31.316395 20.549809
v -25.856108 31.471569 20.378845
v -25.896338 31.316395 20.549809
v -24.551258 30.641506 20.138138
v -25.856108 31.471569 20.378845
v -25.896338 31.316395 20.549809
v -24.592958 30.486515 20.309439
v -24.551258 30.641506 20.138138
v -24.592958 30.486515 20.309439
v -22.329967 28.926926 19.430464
v -24.551258 30.641506 20.138138
v -24.592958 30.486515 20.309439
v -22.374338 28.772465 19.602722
v -22.329967 28.926926 19.430464
v -22.374338 28.772465 19.602722
v -20.125698 27.140865 18.618671
v -22.329967 28.926926 19.430464
v -22.374338 28.772465 19.602722
v -20.172659 26.987473 18.792854
v -20.125698 27.140865 18.618671
v -20.172659 26.987473 18.792854
v -17.925327 25.311096 17.727642
v -20.125698 27.140865 18.618671
v -20.172659 26.987473 18.792854
v -17.974358 25.159393 17.904915
v -17.925327 25.311096 17.727642
v -17.974358 25.159393 17.904915
v -15.718389 23.431431 16.746216
v -17.925327 25.311096 17.727642
v -17.974358 25.159393 17.904915
v -15.769718 23.280926 16.925671
v -15.718389 23.431431 16.746216
v -15.769718 23.280926 16.925671
v -13.416429 21.569881 15.797464
v -15.718389 23.431431 16.746216
v -15.769718 23.280926 16.925671
v -13.466659 21.424225 15.985719
v -13.416429 21.569881 15.797464
v -13.466659 21.424225 15.985719
v -11.011168 19.755394 14.933913
v -13.416429 21.569881 15.797464
v -13.466659 21.424225 15.985719
v -11.061479 19.613811 15.129528
v -11.011168 19.755394 14.933913
v -11.061479 19.613811 15.129528
v -8.628529 17.871349 13.944316
v -11.011168 19.755394 14.933913
v -11.061479 19.613811 15.129528
v -8.678569 17.731407 14.142900
v -8.628529 17.871349 13.944316
v -8.678569 17.731407 14.142900
v -6.380268 15.918980 12.831046
v -8.628529 17.871349 13.944316
v -8.678569 17.731407 14.142900
v -6.430079 15.777679 13.027157
v -6.380268 15.918980 12.831046
v -6.430079 15.777679 13.027157
v -4.209389 13.937008 11.664193
v -6.380268 15.918980 12.831046
v -6.430079 15.777679 13.027157
v -4.263138 13.793236 11.855852
v -4.209389 13.937008 11.664193
v -4.263138 13.793236 11.855852
v -1.931748 12.019604 10.614265
v -4.209389 13.937008 11.664193
v -4.263138 13.793236 11.855852
v -1.992848 11.871338 10.797777
v -1.931748 12.019604 10.614265
vn -0.4007 -0.4904 0.7739
vn -0.3976 -0.4943 0.7730
vn -0.4099 -0.4910 0.7687
vn -0.4064 -0.4953 0.7678
vn -0.4264 -0.4922 0.7589
vn -0.4200 -0.4998 0.7575
vn -0.4717 -0.5113 0.7184
vn -0.4610 -0.5227 0.7171
vn -0.2410 -0.6540 0.7171
vn -0.4433 -0.4854 0.7536
vn 0.0114 -0.9820 -0.1884
vn -0.4040 -0.9115 -0.0766
vn 0.1521 -0.8385 -0.5233
vn 0.1619 -0.8377 -0.5216
vn 0.1349 -0.8401 -0.5254
vn 0.1519 -0.8388 -0.5229
vn 0.1145 -0.8395 -0.5312
vn 0.1362 -0.8380 -0.5283
vn 0.1250 -0.7733 -0.6216
vn 0.1533 -0.7706 -0.6186
vn 0.1211 -0.7703 -0.6260
vn 0.1262 -0.7672 -0.6288
vn 0.1111 -0.7682 -0.6305
vn 0.1209 -0.7619 -0.6363
vn 0.3980 0.4944 -0.7728
vn 0.4012 0.4903 -0.7737
vn 0.4069 0.4952 -0.7676
vn 0.4105 0.4909 -0.7685
vn 0.4205 0.4997 -0.7573
vn 0.4269 0.4921 -0.7587
vn 0.4614 0.5226 -0.7169
vn 0.4719 0.5115 -0.7181
vn 0.4247 0.4681 -0.7749
vn 0.2279 0.6236 -0.7478
vn 0.4005 0.8874 0.2284
vn -0.0337 0.9715 0.2345
vn -0.1651 0.8370 0.5218
vn -0.1553 0.8378 0.5235
vn -0.1555 0.8376 0.5237
vn -0.1395 0.8388 0.5262
vn -0.1411 0.8364 0.5297
vn -0.1185 0.8380 0.5327
vn -0.1578 0.7682 0.6205
vn -0.1297 0.7710 0.6235
vn -0.1310 0.7645 0.6312
vn -0.1256 0.7678 0.6283
vn -0.1254 0.7591 0.6388
vn -0.1152 0.7657 0.6328
vn -0.6263 -0.5445 -0.5578
vn -0.6260 -0.5459 -0.5568
vn 0.6719 -0.7406 -0.0034
vn 0.6710 -0.7415 -0.0013
vn 0.6796 -0.7336 0.0006
vn 0.6786 -0.7345 0.0027
vn 0.6920 -0.7219 0.0106
vn 0.6914 -0.7224 0.0118
vn 0.7317 -0.6799 0.0485
vn 0.7310 -0.6806 0.0498
vn 0.8408 -0.5333 -0.0926
vn 0.7708 -0.6304 0.0921
vn 0.9975 0.0050 0.0700
vn 0.8643 -0.4813 0.1457
vn 0.9691 -0.1369 0.2050
vn 0.9693 -0.1331 0.2068
vn 0.9727 -0.1317 0.1912
vn 0.9729 -0.1257 0.1939
vn 0.9756 -0.1297 0.1771
vn 0.9760 -0.1213 0.1809
vn 0.9837 -0.1092 0.1430
vn 0.9839 -0.1008 0.1478
vn 0.8767 0.3470 -0.3331
vn 0.8770 0.3458 -0.3336
vn 0.9024 -0.2867 0.3217
vn 0.9033 -0.2818 0.3234
vn -0.2981 -0.6607 0.6889
vn -0.2996 -0.6616 0.6874
vn -0.9100 -0.2942 0.2921
vn -0.9100 -0.2941 0.2922
vn -0.9994 -0.0332 0.0100
vn -0.9994 -0.0306 0.0139
vn -0.9844 0.1013 -0.1441
vn -0.9848 0.1076 -0.1365
vn -0.9755 0.1252 -0.1807
vn -0.9758 0.1313 -0.1747
vn -0.9727 0.1290 -0.1931
vn -0.9729 0.1334 -0.1888
vn -0.9692 0.1358 -0.2054
vn -0.9694 0.1386 -0.2027
vn -0.8510 0.5243 0.0313
vn -0.9609 0.1581 -0.2273
vn -0.7517 0.6558 -0.0698
vn -0.8456 0.5300 0.0634
vn -0.7297 0.6821 -0.0483
vn -0.7308 0.6810 -0.0471
vn -0.6902 0.7235 -0.0110
vn -0.6912 0.7226 -0.0098
vn -0.6779 0.7352 -0.0022
vn -0.6792 0.7340 -0.0005
vn -0.6704 0.7420 0.0021
vn -0.6716 0.7409 0.0036
vn -0.2503 -0.6789 0.6903
vn -0.2363 -0.6677 0.7059
vn -0.2304 -0.6706 0.7051
vn -0.2140 -0.6592 0.7209
vn -0.2136 -0.6594 0.7208
vn -0.2025 -0.6509 0.7316
vn -0.2084 -0.6481 0.7325
vn -0.2063 -0.6463 0.7347
vn -0.2207 -0.6393 0.7366
vn -0.2304 -0.6490 0.7250
vn -0.2454 -0.6626 0.7076
vn -0.2483 -0.6612 0.7080
vn -0.2455 -0.6588 0.7111
vn -0.2561 -0.6535 0.7123
vn -0.2577 -0.6549 0.7104
vn -0.2661 -0.6507 0.7112
vn -0.2670 -0.6515 0.7101
vn -0.2741 -0.6480 0.7106
vn -0.2735 -0.6474 0.7114
vn -0.2793 -0.6459 0.7105
vn -0.2794 -0.6449 0.7114
vn -0.2834 -0.6444 0.7102
vn -0.2834 -0.6444 0.7103
vn 0.2371 0.6679 -0.7055
vn 0.2508 0.6789 -0.6900
vn 0.2148 0.6594 -0.7204
vn 0.2311 0.6709 -0.7047
vn 0.2035 0.6512 -0.7311
vn 0.2144 0.6596 -0.7204
vn 0.2063 0.6466 -0.7344
vn 0.2086 0.6487 -0.7319
vn 0.2288 0.6487 -0.7259
vn 0.2200 0.6399 -0.7363
vn 0.2431 0.6620 -0.7090
vn 0.2285 0.6488 -0.7258
vn 0.2448 0.6588 -0.7114
vn 0.2465 0.6603 -0.7094
vn 0.2570 0.6551 -0.7105
vn 0.2552 0.6535 -0.7126
vn 0.2663 0.6515 -0.7104
vn 0.2655 0.6508 -0.7113
vn 0.2730 0.6474 -0.7116
vn 0.2735 0.6479 -0.7110
vn 0.2789 0.6448 -0.7116
vn 0.2788 0.6459 -0.7107
vn 0.2827 0.6445 -0.7105
vn 0.2827 0.6444 -0.7105
vn 0.8808 -0.4661 -0.0833
vn 0.8808 -0.4662 -0.0833
vn -0.6678 -0.4567 -0.5878
vn -0.6796 -0.4853 -0.5501
vn -0.7126 -0.4533 -0.5355
vn -0.7180 -0.4683 -0.5149
vn -0.6943 -0.4916 -0.5256
vn -0.6958 -0.4957 -0.5198
vn -0.6498 -0.5374 -0.5375
vn -0.6474 -0.5311 -0.5466
vn -0.6151 -0.5575 -0.5575
vn -0.6080 -0.5410 -0.5812
vn -0.6392 -0.5161 -0.5701
vn -0.6291 -0.4933 -0.6008
vn -0.6615 -0.4664 -0.5872
vn -0.6624 -0.4683 -0.5848
vn -0.6433 -0.4841 -0.5931
vn -0.6420 -0.4813 -0.5969
vn -0.6253 -0.4943 -0.6039
vn -0.6252 -0.4942 -0.6041
vn -0.5991 -0.5132 -0.6145
vn -0.6001 -0.5151 -0.6119
vn -0.1554 -0.7133 -0.6834
vn -0.1558 -0.7137 -0.6829
vn -0.6821 -0.4564 -0.5713
vn -0.6828 -0.4573 -0.5698
vn -0.9230 0.3646 0.1226
vn -0.9233 0.3647 0.1205
vn 0.2186 0.6964 0.6835
vn 0.2185 0.6964 0.6836
vn 0.4910 0.5845 0.6460
vn 0.4908 0.5833 0.6472
vn 0.5955 0.5182 0.6138
vn 0.5950 0.5161 0.6161
vn 0.6239 0.4951 0.6047
vn 0.6239 0.4954 0.6044
vn 0.6419 0.4813 0.5969
vn 0.6428 0.4850 0.5929
vn 0.6607 0.4702 0.5851
vn 0.6609 0.4711 0.5842
vn 0.6398 0.4889 0.5930
vn 0.6445 0.5119 0.5680
vn 0.6132 0.5371 0.5792
vn 0.6163 0.5541 0.5596
vn 0.6466 0.5292 0.5494
vn 0.6477 0.5363 0.5412
vn 0.6913 0.4970 0.5245
vn 0.6906 0.4921 0.5300
vn 0.7111 0.4722 0.5209
vn 0.7083 0.4548 0.5398
vn 0.6701 0.4913 0.5565
vn 0.6636 0.4584 0.5913
vn -0.0132 -0.4267 0.9043
vn -0.0128 -0.4295 0.9030
vn -0.0287 -0.4277 0.9034
vn -0.0282 -0.4307 0.9021
vn -0.0441 -0.4291 0.9022
vn -0.0436 -0.4317 0.9009
vn -0.0595 -0.4297 0.9010
vn -0.0588 -0.4330 0.8995
vn 0.0863 -0.6226 0.7778
vn 0.0350 -0.4019 0.9150
vn -0.4899 -0.8697 -0.0607
vn -0.6654 -0.7159 0.2115
vn -0.5520 -0.7448 -0.3749
vn -0.5508 -0.7454 -0.3756
vn -0.5509 -0.7562 -0.3530
vn -0.5498 -0.7568 -0.3536
vn -0.5504 -0.7641 -0.3365
vn -0.5491 -0.7647 -0.3372
vn -0.5585 -0.7202 -0.4115
vn -0.5577 -0.7206 -0.4120
vn -0.5551 -0.7219 -0.4131
vn -0.5576 -0.7228 -0.4082
vn -0.5546 -0.7216 -0.4143
vn -0.5552 -0.7219 -0.4131
vn 0.0127 0.4295 -0.9030
vn 0.0131 0.4267 -0.9043
vn 0.0282 0.4308 -0.9020
vn 0.0288 0.4275 -0.9036
vn 0.0437 0.4315 -0.9011
vn 0.0443 0.4287 -0.9024
vn 0.0589 0.4326 -0.8997
vn 0.0596 0.4297 -0.9010
vn -0.0715 0.3900 -0.9180
vn -0.1304 0.5979 -0.7909
vn 0.7410 0.6660 -0.0856
vn 0.5021 0.8580 0.1082
vn 0.5501 0.7456 0.3761
vn 0.5513 0.7451 0.3754
vn 0.5491 0.7571 0.3541
vn 0.5503 0.7565 0.3534
vn 0.5485 0.7649 0.3377
vn 0.5495 0.7644 0.3372
vn 0.5567 0.7209 0.4128
vn 0.5577 0.7205 0.4122
vn 0.5569 0.7228 0.4092
vn 0.5545 0.7220 0.4138
vn 0.5546 0.7219 0.4139
vn 0.5541 0.7216 0.4149
vn -0.9572 -0.2757 -0.0878
vn -0.9573 -0.2755 -0.0879
vn 0.2807 -0.9181 -0.2798
vn 0.2805 -0.9175 -0.2820
vn 0.2989 -0.9133 -0.2768
vn 0.2988 -0.9129 -0.2780
vn 0.3170 -0.9081 -0.2735
vn 0.3169 -0.9078 -0.2748
vn 0.3348 -0.9029 -0.2697
vn 0.3348 -0.9024 -0.2714
vn 0.3391 -0.8137 -0.4721
vn 0.3780 -0.8874 -0.2638
vn 0.5563 -0.7828 -0.2789
vn 0.8209 -0.3150 -0.4763
vn 0.8334 -0.4637 -0.3006
vn 0.8317 -0.4663 -0.3014
vn 0.8351 -0.4629 -0.2971
vn 0.8333 -0.4658 -0.2979
vn 0.8368 -0.4621 -0.2937
vn 0.8349 -0.4650 -0.2944
vn 0.8394 -0.4418 -0.3164
vn 0.8380 -0.4440 -0.3172
vn 0.6362 0.0976 -0.7653
vn 0.6350 0.0942 -0.7668
vn 0.8040 -0.5870 -0.0948
vn 0.8041 -0.5869 -0.0948
vn -0.0198 -0.6201 0.7843
vn -0.0207 -0.6202 0.7842
vn -0.6805 -0.0282 0.7322
vn -0.6816 -0.0286 0.7311
vn -0.8247 0.2987 0.4803
vn -0.8257 0.2977 0.4791
vn -0.8374 0.4409 0.3229
vn -0.8388 0.4393 0.3215
vn -0.8342 0.4653 0.2958
vn -0.8361 0.4630 0.2942
vn -0.8325 0.4662 0.2992
vn -0.8344 0.4640 0.2976
vn -0.8311 0.4666 0.3026
vn -0.8327 0.4647 0.3011
vn -0.8300 0.4783 0.2869
vn -0.3939 0.8131 0.4286
vn -0.3393 0.9014 0.2691
vn -0.3679 0.8142 0.4492
vn -0.3346 0.9026 0.2710
vn -0.3343 0.9030 0.2698
vn -0.3167 0.9080 0.2744
vn -0.3165 0.9084 0.2732
vn -0.2987 0.9129 0.2783
vn -0.2983 0.9136 0.2764
vn -0.2805 0.9175 0.2820
vn -0.2801 0.9182 0.2801
vn 0.2862 -0.8863 0.3640
vn 0.2209 -0.9093 0.3527
vn 0.2227 -0.8705 0.4389
vn 0.2275 -0.8703 0.4369
vn -0.2256 -0.8715 0.4353
vn -0.2213 -0.8717 0.4371
vn -0.2193 -0.9097 0.3527
vn -0.2850 -0.8867 0.3640
vn 0.2250 -0.8203 0.5258
vn 0.2292 -0.8182 0.5273
vn 0.2289 -0.8145 0.5331
vn 0.2327 -0.8147 0.5311
vn -0.2328 -0.8200 0.5229
vn -0.2292 -0.8197 0.5250
vn -0.2293 -0.8218 0.5216
vn -0.2251 -0.8238 0.5202
vn 0.2409 -0.8566 0.4562
vn 0.2358 -0.8588 0.4549
vn 0.2341 -0.8323 0.5024
vn 0.2294 -0.8322 0.5047
vn -0.2276 -0.8340 0.5026
vn -0.2334 -0.8342 0.4996
vn -0.2344 -0.8605 0.4522
vn -0.2395 -0.8585 0.4535
vn -0.2820 -0.3176 0.9053
vn -0.2303 -0.2913 0.9285
vn -0.2901 -0.5701 0.7686
vn -0.2838 -0.5794 0.7640
vn 0.4660 -0.8807 0.0851
vn 0.5839 -0.8114 0.0246
vn -0.5825 -0.8124 0.0251
vn -0.4647 -0.8814 0.0854
vn -0.8314 -0.5385 0.1372
vn -0.8839 -0.4643 0.0565
vn -0.8971 -0.4088 0.1678
vn -0.9008 -0.4014 0.1658
vn -0.8991 -0.3396 0.2763
vn -0.9025 -0.3350 0.2707
vn -0.9025 -0.3347 0.2711
vn -0.9049 -0.3284 0.2707
vn -0.9115 -0.3768 0.1649
vn -0.9083 -0.3819 0.1707
vn -0.9077 -0.3494 0.2323
vn -0.9119 -0.3392 0.2309
vn -0.9179 -0.3909 0.0680
vn -0.9310 -0.3637 -0.0315
vn -0.9388 -0.3441 0.0164
vn -0.9543 -0.2945 0.0513
vn -0.8720 -0.0600 0.4859
vn -0.8727 -0.0598 0.4846
vn -0.7072 0.1079 0.6987
vn -0.7221 0.0302 0.6912
vn -0.3739 0.0952 0.9226
vn -0.3433 0.0684 0.9367
vn 0.9554 -0.2942 0.0237
vn 0.9396 -0.3422 -0.0107
vn 0.9323 -0.3580 -0.0521
vn 0.9210 -0.3869 0.0459
vn 0.8777 -0.1967 0.4369
vn 0.8746 -0.2284 0.4276
vn 0.8907 -0.2577 0.3746
vn 0.8913 -0.2570 0.3735
vn 0.9072 -0.4100 0.0941
vn 0.9062 -0.4122 0.0944
vn 0.9071 -0.4080 0.1033
vn 0.9043 -0.4127 0.1091
vn 0.9018 -0.3963 0.1722
vn 0.8980 -0.4039 0.1742
vn 0.8847 -0.4628 0.0565
vn 0.8326 -0.5367 0.1368
vn 0.2354 -0.8935 0.3824
vn 0.2403 -0.8916 0.3839
vn 0.2403 -0.8927 0.3812
vn 0.2418 -0.8927 0.3803
vn -0.2393 -0.8950 0.3766
vn -0.2376 -0.8950 0.3776
vn -0.2376 -0.8947 0.3783
vn -0.2326 -0.8966 0.3768
vn -0.9008 -0.4251 0.0883
vn -0.9037 -0.4202 0.0822
vn -0.9035 -0.4211 0.0806
vn -0.9046 -0.4187 0.0802
vn 0.9018 -0.3083 0.3028
vn 0.8995 -0.3147 0.3031
vn 0.9007 -0.3207 0.2931
vn 0.8971 -0.3255 0.2988
vn 0.2213 -0.7672 0.6021
vn 0.2174 -0.7701 0.5998
vn 0.2155 -0.7601 0.6130
vn 0.2329 -0.7674 0.5974
vn -0.2336 -0.7675 0.5970
vn -0.2170 -0.7600 0.6127
vn -0.2185 -0.7713 0.5978
vn -0.2222 -0.7686 0.5999
vn -0.8913 -0.2676 0.3661
vn -0.8909 -0.2680 0.3667
vn -0.8731 -0.2325 0.4285
vn -0.8766 -0.2005 0.4375
vn 0.9146 -0.3246 0.2411
vn 0.9076 -0.3419 0.2435
vn 0.9092 -0.3749 0.1810
vn 0.9124 -0.3698 0.1752
vn 0.2553 -0.9636 0.0797
vn 0.3029 -0.9429 0.1384
vn 0.3044 -0.9293 0.2093
vn 0.3308 -0.9298 0.1615
vn -0.3145 -0.9337 0.1711
vn -0.2888 -0.9319 0.2194
vn -0.2848 -0.9474 0.1459
vn -0.2353 -0.9681 0.0858
vn 0.2753 -0.5818 0.7653
vn 0.2825 -0.5710 0.7709
vn 0.2111 -0.2859 0.9347
vn 0.2740 -0.3175 0.9078
vn 0.3322 0.0695 0.9406
vn 0.3619 0.0956 0.9273
vn 0.7131 0.0330 0.7003
vn 0.6964 0.1105 0.7091
vn 0.8752 -0.0607 0.4799
vn 0.8745 -0.0609 0.4812
vn 0.2202 0.7831 -0.5815
vn 0.2856 0.7806 -0.5560
vn -0.2866 0.7802 -0.5560
vn -0.2208 0.7829 -0.5817
vn -0.2225 0.8344 -0.5042
vn -0.2269 0.8328 -0.5050
vn 0.2265 0.8339 -0.5033
vn 0.2216 0.8357 -0.5025
vn 0.2280 0.8827 -0.4110
vn 0.2236 0.8825 -0.4137
vn -0.2260 0.8792 -0.4194
vn -0.2304 0.8793 -0.4169
vn -0.2303 0.8810 -0.4133
vn -0.2341 0.8793 -0.4147
vn 0.2317 0.8839 -0.4062
vn 0.2278 0.8856 -0.4048
vn 0.2348 0.8431 -0.4837
vn 0.2399 0.8431 -0.4813
vn -0.2408 0.8413 -0.4840
vn -0.2357 0.8413 -0.4864
vn -0.2347 0.8674 -0.4387
vn -0.2299 0.8694 -0.4373
vn 0.2300 0.8706 -0.4349
vn 0.2332 0.8693 -0.4357
vn -0.2812 0.9560 -0.0837
vn -0.2889 0.9547 -0.0709
vn -0.2262 0.9414 0.2502
vn -0.2826 0.9354 0.2126
vn -0.4671 0.5400 -0.7001
vn -0.5849 0.4517 -0.6737
vn 0.5848 0.4518 -0.6737
vn 0.4667 0.5402 -0.7003
vn -0.9016 0.3527 -0.2503
vn -0.8981 0.3582 -0.2554
vn -0.8856 0.2919 -0.3613
vn -0.8328 0.4012 -0.3814
vn -0.9051 0.4038 -0.1332
vn -0.9025 0.4077 -0.1385
vn -0.9026 0.4075 -0.1389
vn -0.8990 0.4150 -0.1399
vn -0.9100 0.3800 -0.1660
vn -0.9078 0.3834 -0.1700
vn -0.9084 0.3482 -0.2316
vn -0.9120 0.3395 -0.2302
vn -0.9517 0.2082 -0.2257
vn -0.9357 0.2055 -0.2867
vn -0.9278 0.1759 -0.3290
vn -0.9145 0.2736 -0.2982
vn -0.7221 0.5690 0.3935
vn -0.7068 0.5333 0.4649
vn -0.8732 0.4419 0.2054
vn -0.8713 0.4450 0.2067
vn -0.3437 0.7567 0.5562
vn -0.3740 0.7306 0.5712
vn 0.9150 0.2587 -0.3095
vn 0.9269 0.1621 -0.3384
vn 0.9344 0.1882 -0.3024
vn 0.9509 0.1911 -0.2435
vn 0.8893 0.4568 -0.0208
vn 0.8876 0.4601 -0.0208
vn 0.8724 0.4876 0.0338
vn 0.8755 0.4791 0.0629
vn 0.9033 0.3142 -0.2920
vn 0.9067 0.3054 -0.2909
vn 0.9058 0.3002 -0.2990
vn 0.9070 0.2985 -0.2970
vn 0.8329 0.4014 -0.3809
vn 0.8855 0.2926 -0.3609
vn 0.8981 0.3628 -0.2486
vn 0.9016 0.3574 -0.2436
vn -0.2339 0.7963 -0.5579
vn -0.2391 0.7965 -0.5554
vn -0.2391 0.7962 -0.5559
vn -0.2407 0.7953 -0.5564
vn 0.2410 0.7977 -0.5528
vn 0.2395 0.7985 -0.5523
vn 0.2395 0.8001 -0.5501
vn 0.2345 0.7998 -0.5526
vn -0.9054 0.2894 -0.3106
vn -0.9042 0.2911 -0.3126
vn -0.9044 0.2919 -0.3113
vn -0.9011 0.3009 -0.3124
vn 0.8959 0.4286 -0.1173
vn 0.8995 0.4213 -0.1162
vn 0.8982 0.4265 -0.1060
vn 0.9007 0.4226 -0.1005
vn -0.2241 0.9171 -0.3298
vn -0.2201 0.9167 -0.3334
vn -0.2184 0.9237 -0.3148
vn -0.2348 0.9145 -0.3293
vn 0.2315 0.9155 -0.3291
vn 0.2144 0.9246 -0.3150
vn 0.2167 0.9182 -0.3316
vn 0.2208 0.9186 -0.3277
vn -0.8758 0.4787 0.0618
vn -0.8726 0.4874 0.0328
vn -0.8895 0.4558 -0.0316
vn -0.8911 0.4527 -0.0317
vn 0.9119 0.3465 -0.2199
vn 0.9083 0.3551 -0.2213
vn 0.9066 0.3913 -0.1579
vn 0.9105 0.3851 -0.1506
vn 0.3124 0.6183 -0.7212
vn 0.2625 0.5769 -0.7735
vn -0.2419 0.5847 -0.7743
vn -0.2933 0.6266 -0.7220
vn -0.2963 0.6815 -0.6691
vn -0.3234 0.6405 -0.6965
vn 0.3413 0.6295 -0.6980
vn 0.3124 0.6719 -0.6715
vn 0.2774 0.9581 -0.0708
vn 0.2689 0.9594 -0.0854
vn 0.2704 0.9387 0.2139
vn 0.2005 0.9448 0.2590
vn 0.3616 0.7330 0.5762
vn 0.3284 0.7610 0.5595
vn 0.8729 0.4441 0.2019
vn 0.8748 0.4410 0.2005
vn 0.6954 0.5406 0.4734
vn 0.7127 0.5758 0.4007
vn -0.3889 -0.9152 0.1052
vn -0.3918 -0.9142 0.1033
vn -0.3815 -0.9188 0.1014
vn -0.3843 -0.9178 0.0995
vn -0.3738 -0.9223 0.0976
vn -0.3768 -0.9214 0.0956
vn -0.3665 -0.9257 0.0936
vn -0.3690 -0.9249 0.0918
vn -0.4857 -0.8606 -0.1531
vn -0.2861 -0.9582 0.0003
vn -0.9504 0.2563 0.1761
vn -0.8955 -0.0423 0.4430
vn -0.7976 0.5657 0.2091
vn -0.7975 0.5681 0.2032
vn -0.8021 0.5578 0.2131
vn -0.8021 0.5595 0.2088
vn -0.8038 0.5534 0.2183
vn -0.8038 0.5555 0.2130
vn -0.7460 0.6265 0.2257
vn -0.7459 0.6282 0.2213
vn -0.7392 0.6331 0.2296
vn -0.7380 0.6350 0.2281
vn -0.7363 0.6352 0.2334
vn -0.7348 0.6374 0.2318
vn 0.3916 0.9143 -0.1031
vn 0.3886 0.9154 -0.1051
vn 0.3840 0.9180 -0.0994
vn 0.3812 0.9189 -0.1013
vn 0.3765 0.9215 -0.0955
vn 0.3737 0.9224 -0.0974
vn 0.3689 0.9249 -0.0916
vn 0.3662 0.9258 -0.0934
vn 0.2587 0.9655 0.0302
vn 0.4384 0.8794 0.1858
vn 0.8629 -0.1063 -0.4940
vn 0.9346 -0.3060 -0.1815
vn 0.7980 -0.5675 -0.2031
vn 0.7981 -0.5656 -0.2077
vn 0.8025 -0.5594 -0.2074
vn 0.8026 -0.5571 -0.2132
vn 0.8042 -0.5549 -0.2131
vn 0.8042 -0.5531 -0.2176
vn 0.7465 -0.6277 -0.2207
vn 0.7467 -0.6260 -0.2251
vn 0.7385 -0.6347 -0.2276
vn 0.7399 -0.6325 -0.2293
vn 0.7354 -0.6369 -0.2316
vn 0.7365 -0.6352 -0.2328
vn -0.5917 0.3200 0.7399
vn -0.5934 0.3189 0.7390
vn -0.6567 0.3582 -0.6636
vn -0.6578 0.3558 -0.6639
vn -0.6490 0.3569 -0.6719
vn -0.6500 0.3546 -0.6722
vn -0.6411 0.3556 -0.6801
vn -0.6421 0.3533 -0.6804
vn -0.6330 0.3542 -0.6883
vn -0.6340 0.3519 -0.6886
vn -0.5305 0.5443 -0.6498
vn -0.6067 0.3404 -0.7183
vn 0.0668 0.4116 -0.9089
vn -0.4326 0.3163 -0.8443
vn -0.0504 0.2463 -0.9679
vn -0.0448 0.2433 -0.9689
vn -0.0604 0.2402 -0.9688
vn -0.0558 0.2379 -0.9697
vn -0.0709 0.2341 -0.9696
vn -0.0659 0.2316 -0.9706
vn -0.0654 0.2543 -0.9649
vn -0.0600 0.2510 -0.9661
vn 0.2822 0.7087 -0.6466
vn 0.2833 0.7082 -0.6467
vn -0.2165 0.0215 -0.9760
vn -0.2140 0.0207 -0.9766
vn -0.5306 -0.8459 -0.0541
vn -0.5302 -0.8461 -0.0547
vn -0.2442 -0.6683 0.7027
vn -0.2439 -0.6688 0.7023
vn -0.0417 -0.4102 0.9111
vn -0.0398 -0.4128 0.9100
vn 0.0573 -0.2547 0.9653
vn 0.0618 -0.2598 0.9637
vn 0.0664 -0.2314 0.9706
vn 0.0702 -0.2349 0.9695
vn 0.0558 -0.2374 0.9698
vn 0.0600 -0.2414 0.9686
vn 0.0455 -0.2432 0.9689
vn 0.0495 -0.2471 0.9677
vn 0.0521 -0.2328 0.9711
vn 0.5144 -0.5013 0.6958
vn 0.6349 -0.3551 0.6862
vn 0.5210 -0.5186 0.6779
vn 0.6339 -0.3516 0.6889
vn 0.6324 -0.3538 0.6891
vn 0.6418 -0.3532 0.6807
vn 0.6405 -0.3551 0.6810
vn 0.6496 -0.3547 0.6725
vn 0.6483 -0.3566 0.6727
vn 0.6577 -0.3555 0.6641
vn 0.6559 -0.3580 0.6645
vn 0.0072 -0.4296 0.9030
vn 0.0077 -0.4266 0.9044
vn 0.0228 -0.4306 0.9022
vn 0.0232 -0.4280 0.9035
vn 0.0382 -0.4320 0.9011
vn 0.0388 -0.4285 0.9027
vn 0.0536 -0.4325 0.9001
vn 0.0542 -0.4296 0.9014
vn -0.0404 -0.4019 0.9148
vn -0.0891 -0.6227 0.7774
vn 0.6670 -0.7139 0.2132
vn 0.4944 -0.8672 -0.0595
vn 0.5566 -0.7423 -0.3732
vn 0.5581 -0.7415 -0.3724
vn 0.5558 -0.7535 -0.3511
vn 0.5571 -0.7529 -0.3504
vn 0.5552 -0.7614 -0.3347
vn 0.5560 -0.7610 -0.3342
vn 0.5635 -0.7176 -0.4094
vn 0.5644 -0.7172 -0.4088
vn 0.5635 -0.7197 -0.4056
vn 0.5611 -0.7189 -0.4104
vn 0.5611 -0.7188 -0.4104
vn 0.5605 -0.7185 -0.4117
vn -0.0076 0.4266 -0.9044
vn -0.0072 0.4296 -0.9030
vn -0.0233 0.4276 -0.9037
vn -0.0228 0.4307 -0.9022
vn -0.0388 0.4286 -0.9027
vn -0.0383 0.4316 -0.9013
vn -0.0543 0.4294 -0.9015
vn -0.0536 0.4325 -0.9000
vn 0.1334 0.5979 -0.7904
vn 0.0770 0.3899 -0.9176
vn -0.5068 0.8554 0.1067
vn -0.7429 0.6636 -0.0875
vn -0.5572 0.7419 0.3730
vn -0.5558 0.7426 0.3737
vn -0.5566 0.7531 0.3508
vn -0.5550 0.7539 0.3517
vn -0.5556 0.7611 0.3347
vn -0.5547 0.7616 0.3351
vn -0.5639 0.7172 0.4094
vn -0.5631 0.7176 0.4099
vn -0.5605 0.7190 0.4110
vn -0.5630 0.7198 0.4060
vn -0.5602 0.7187 0.4119
vn -0.5606 0.7188 0.4111
vn 0.9582 -0.2731 -0.0852
vn 0.9584 -0.2723 -0.0856
vn -0.2725 -0.9196 -0.2829
vn -0.2727 -0.9202 -0.2809
vn -0.2910 -0.9151 -0.2792
vn -0.2910 -0.9154 -0.2781
vn -0.3091 -0.9100 -0.2762
vn -0.3092 -0.9106 -0.2742
vn -0.3270 -0.9050 -0.2721
vn -0.3271 -0.9053 -0.2710
vn -0.3705 -0.8902 -0.2652
vn -0.3303 -0.8164 -0.4737
vn -0.5498 -0.7866 -0.2810
vn -0.8171 -0.3188 -0.4804
vn -0.8281 -0.4705 -0.3046
vn -0.8301 -0.4676 -0.3038
vn -0.8299 -0.4697 -0.3010
vn -0.8318 -0.4669 -0.3002
vn -0.8316 -0.4689 -0.2975
vn -0.8335 -0.4660 -0.2968
vn -0.8347 -0.4478 -0.3205
vn -0.8358 -0.4462 -0.3200
vn -0.6299 0.0923 -0.7712
vn -0.6313 0.0961 -0.7695
vn -0.8007 -0.5910 -0.0973
vn -0.8008 -0.5910 -0.0973
vn 0.0175 -0.6204 0.7841
vn 0.0170 -0.6203 0.7842
vn 0.6775 -0.0273 0.7351
vn 0.6759 -0.0267 0.7365
vn 0.8222 0.3012 0.4831
vn 0.8209 0.3023 0.4844
vn 0.8354 0.4434 0.3249
vn 0.8340 0.4449 0.3263
vn 0.8327 0.4670 0.2975
vn 0.8311 0.4690 0.2989
vn 0.8312 0.4677 0.3006
vn 0.8292 0.4702 0.3023
vn 0.8293 0.4687 0.3043
vn 0.8276 0.4706 0.3058
vn 0.8265 0.4825 0.2900
vn 0.3854 0.8162 0.4304
vn 0.3594 0.8171 0.4508
vn 0.3316 0.9039 0.2703
vn 0.3265 0.9055 0.2709
vn 0.3269 0.9050 0.2723
vn 0.3086 0.9108 0.2744
vn 0.3089 0.9103 0.2756
vn 0.2904 0.9157 0.2776
vn 0.2909 0.9150 0.2796
vn 0.2721 0.9202 0.2813
vn 0.2724 0.9196 0.2831
vn 0.3938 -0.4940 0.7752
vn 0.3971 -0.4899 0.7761
vn 0.4029 -0.4948 0.7699
vn 0.4063 -0.4906 0.7708
vn 0.4125 -0.4959 0.7642
vn 0.4173 -0.4900 0.7653
vn 0.4472 -0.5158 0.7307
vn 0.4587 -0.5031 0.7324
vn 0.4328 -0.4799 0.7631
vn 0.2354 -0.6492 0.7233
vn 0.4103 -0.9086 -0.0774
vn -0.0005 -0.9812 -0.1928
vn -0.1455 -0.8389 -0.5245
vn -0.1345 -0.8396 -0.5263
vn -0.1333 -0.8414 -0.5237
vn -0.1166 -0.8424 -0.5261
vn -0.1169 -0.8420 -0.5266
vn -0.0947 -0.8431 -0.5293
vn -0.1312 -0.7782 -0.6141
vn -0.1017 -0.7804 -0.6169
vn -0.1025 -0.7763 -0.6219
vn -0.0978 -0.7791 -0.6193
vn -0.0975 -0.7710 -0.6293
vn -0.0882 -0.7768 -0.6235
vn -0.3974 0.4900 -0.7759
vn -0.3943 0.4939 -0.7750
vn -0.4066 0.4907 -0.7706
vn -0.4032 0.4949 -0.7697
vn -0.4177 0.4901 -0.7651
vn -0.4128 0.4960 -0.7639
vn -0.4589 0.5033 -0.7322
vn -0.4475 0.5159 -0.7305
vn -0.2219 0.6183 -0.7539
vn -0.4138 0.4626 -0.7841
vn 0.0233 0.9708 0.2388
vn -0.4075 0.8840 0.2291
vn 0.1398 0.8389 0.5260
vn 0.1504 0.8382 0.5242
vn 0.1214 0.8413 0.5267
vn 0.1390 0.8402 0.5242
vn 0.0991 0.8418 0.5307
vn 0.1220 0.8405 0.5279
vn 0.1065 0.7783 0.6188
vn 0.1361 0.7759 0.6160
vn 0.1025 0.7766 0.6216
vn 0.1074 0.7738 0.6243
vn 0.0923 0.7745 0.6257
vn 0.1023 0.7684 0.6318
vn 0.6323 -0.5425 -0.5531
vn 0.6327 -0.5408 -0.5543
vn -0.6672 -0.7448 -0.0033
vn -0.6680 -0.7441 -0.0050
vn -0.6748 -0.7380 0.0011
vn -0.6756 -0.7372 -0.0008
vn -0.6829 -0.7304 0.0060
vn -0.6840 -0.7295 0.0038
vn -0.7181 -0.6949 0.0371
vn -0.7193 -0.6939 0.0349
vn -0.7639 -0.6399 0.0832
vn -0.8332 -0.5424 -0.1071
vn -0.8615 -0.4884 0.1389
vn -0.9980 -0.0005 0.0632
vn -0.9695 -0.1391 0.2016
vn -0.9693 -0.1432 0.1997
vn -0.9729 -0.1329 0.1894
vn -0.9726 -0.1389 0.1866
vn -0.9756 -0.1296 0.1773
vn -0.9751 -0.1382 0.1734
vn -0.9832 -0.1105 0.1450
vn -0.9829 -0.1192 0.1402
vn -0.8780 0.3375 -0.3394
vn -0.8777 0.3391 -0.3387
vn -0.9012 -0.2905 0.3218
vn -0.9001 -0.2956 0.3200
vn 0.2942 -0.6586 0.6926
vn 0.2925 -0.6577 0.6942
vn 0.9112 -0.2849 0.2974
vn 0.9112 -0.2848 0.2977
vn 0.9997 -0.0189 0.0167
vn 0.9997 -0.0217 0.0125
vn 0.9840 0.1179 -0.1338
vn 0.9837 0.1114 -0.1414
vn 0.9753 0.1401 -0.1710
vn 0.9751 0.1339 -0.1769
vn 0.9728 0.1410 -0.1840
vn 0.9726 0.1363 -0.1885
vn 0.9696 0.1450 -0.1973
vn 0.9694 0.1420 -0.2002
vn 0.9613 0.1636 -0.2216
vn 0.8454 0.5327 0.0402
vn 0.8386 0.5393 0.0771
vn 0.7437 0.6658 -0.0602
vn 0.7181 0.6951 -0.0335
vn 0.7166 0.6966 -0.0353
vn 0.6835 0.7299 -0.0032
vn 0.6822 0.7312 -0.0049
vn 0.6754 0.7374 0.0013
vn 0.6742 0.7385 -0.0003
vn 0.6678 0.7443 0.0055
vn 0.6664 0.7456 0.0037
vn 0.3978 -0.9114 0.1049
vn 0.3950 -0.9125 0.1067
vn 0.3904 -0.9151 0.1010
vn 0.3873 -0.9162 0.1030
vn 0.3827 -0.9187 0.0972
vn 0.3800 -0.9197 0.0990
vn 0.3752 -0.9222 0.0931
vn 0.3727 -0.9231 0.0948
vn 0.2943 -0.9557 0.0012
vn 0.4936 -0.8565 -0.1507
vn 0.8927 -0.0392 0.4489
vn 0.9483 0.2605 0.1811
vn 0.7922 0.5737 0.2079
vn 0.7923 0.5717 0.2128
vn 0.7970 0.5654 0.2125
vn 0.7970 0.5634 0.2177
vn 0.7988 0.5609 0.2176
vn 0.7987 0.5590 0.2227
vn 0.7399 0.6338 0.2255
vn 0.7401 0.6322 0.2294
vn 0.7317 0.6409 0.2319
vn 0.7333 0.6385 0.2337
vn 0.7289 0.6427 0.2359
vn 0.7297 0.6414 0.2368
vn -0.3946 0.9126 -0.1067
vn -0.3979 0.9115 -0.1045
vn -0.3873 0.9162 -0.1027
vn -0.3901 0.9152 -0.1009
vn -0.3797 0.9198 -0.0989
vn -0.3827 0.9188 -0.0969
vn -0.3724 0.9232 -0.0948
vn -0.3749 0.9224 -0.0931
vn -0.4472 0.8754 0.1837
vn -0.2671 0.9632 0.0291
vn -0.9320 -0.3110 -0.1861
vn -0.8586 -0.1101 -0.5007
vn -0.7928 -0.5712 -0.2125
vn -0.7927 -0.5733 -0.2073
vn -0.7975 -0.5630 -0.2170
vn -0.7974 -0.5649 -0.2121
vn -0.7992 -0.5586 -0.2221
vn -0.7992 -0.5606 -0.2169
vn -0.7406 -0.6317 -0.2288
vn -0.7405 -0.6332 -0.2250
vn -0.7338 -0.6381 -0.2332
vn -0.7323 -0.6405 -0.2313
vn -0.7302 -0.6411 -0.2363
vn -0.7293 -0.6424 -0.2354
vn 0.5825 0.3226 0.7461
vn 0.5809 0.3236 0.7469
vn 0.6615 0.3575 -0.6592
vn 0.6607 0.3595 -0.6590
vn 0.6540 0.3558 -0.6676
vn 0.6528 0.3584 -0.6674
vn 0.6460 0.3547 -0.6759
vn 0.6451 0.3567 -0.6757
vn 0.6381 0.3530 -0.6843
vn 0.6373 0.3549 -0.6840
vn 0.6114 0.3409 -0.7141
vn 0.5331 0.5455 -0.6468
vn 0.4398 0.3169 -0.8403
vn -0.0570 0.4114 -0.9097
vn 0.0568 0.2435 -0.9683
vn 0.0619 0.2462 -0.9672
vn 0.0674 0.2378 -0.9690
vn 0.0724 0.2404 -0.9680
vn 0.0780 0.2317 -0.9697
vn 0.0825 0.2340 -0.9687
vn 0.0713 0.2509 -0.9654
vn 0.0769 0.2543 -0.9641
vn -0.2806 0.7077 -0.6483
vn -0.2793 0.7085 -0.6481
vn 0.2269 0.0212 -0.9737
vn 0.2296 0.0221 -0.9730
vn 0.5369 -0.8420 -0.0526
vn 0.5371 -0.8419 -0.0523
vn 0.2401 -0.6685 0.7039
vn 0.2405 -0.6678 0.7044
vn 0.0306 -0.4126 0.9104
vn 0.0324 -0.4101 0.9115
vn -0.0733 -0.2597 0.9629
vn -0.0690 -0.2548 0.9645
vn -0.0821 -0.2351 0.9685
vn -0.0780 -0.2313 0.9698
vn -0.0715 -0.2412 0.9678
vn -0.0674 -0.2373 0.9691
vn -0.0611 -0.2470 0.9671
vn -0.0569 -0.2429 0.9684
vn -0.0636 -0.2325 0.9705
vn -0.5179 -0.5020 0.6927
vn -0.5242 -0.5195 0.6748
vn -0.6389 -0.3560 0.6819
vn -0.6366 -0.3548 0.6848
vn -0.6378 -0.3530 0.6845
vn -0.6443 -0.3566 0.6765
vn -0.6459 -0.3542 0.6762
vn -0.6523 -0.3577 0.6682
vn -0.6537 -0.3558 0.6679
vn -0.6599 -0.3592 0.6599
vn -0.6616 -0.3569 0.6595
vn 0.2269 -0.6675 0.7092
vn 0.2423 -0.6786 0.6934
vn 0.2083 -0.6580 0.7236
vn 0.2242 -0.6689 0.7088
vn 0.1992 -0.6491 0.7341
vn 0.2098 -0.6573 0.7238
vn 0.2105 -0.6439 0.7355
vn 0.2103 -0.6438 0.7357
vn 0.2428 -0.6521 0.7182
vn 0.2270 -0.6359 0.7377
vn 0.2532 -0.6650 0.7026
vn 0.2402 -0.6534 0.7179
vn 0.2493 -0.6578 0.7107
vn 0.2562 -0.6635 0.7030
vn 0.2619 -0.6535 0.7101
vn 0.2604 -0.6522 0.7119
vn 0.2705 -0.6503 0.7099
vn 0.2697 -0.6496 0.7109
vn 0.2766 -0.6462 0.7113
vn 0.2772 -0.6469 0.7104
vn 0.2834 -0.6443 0.7104
vn 0.2834 -0.6446 0.7101
vn 0.2883 -0.6437 0.7089
vn 0.2883 -0.6438 0.7089
vn -0.2429 0.6787 -0.6930
vn -0.2276 0.6676 -0.7088
vn -0.2248 0.6690 -0.7084
vn -0.2091 0.6582 -0.7232
vn -0.2105 0.6575 -0.7234
vn -0.2001 0.6495 -0.7336
vn -0.2104 0.6445 -0.7351
vn -0.2104 0.6445 -0.7350
vn -0.2261 0.6368 -0.7371
vn -0.2406 0.6517 -0.7193
vn -0.2381 0.6529 -0.7190
vn -0.2510 0.6644 -0.7040
vn -0.2547 0.6625 -0.7044
vn -0.2490 0.6578 -0.7108
vn -0.2598 0.6524 -0.7120
vn -0.2613 0.6537 -0.7102
vn -0.2692 0.6497 -0.7109
vn -0.2699 0.6504 -0.7101
vn -0.2767 0.6469 -0.7106
vn -0.2762 0.6464 -0.7113
vn -0.2828 0.6448 -0.7102
vn -0.2828 0.6442 -0.7106
vn -0.2876 0.6437 -0.7092
vn -0.2876 0.6438 -0.7091
vn -0.8807 -0.4658 -0.0867
vn -0.8807 -0.4656 -0.0867
vn 0.7072 -0.4660 -0.5317
vn 0.6980 -0.4423 -0.5631
vn 0.7255 -0.4635 -0.5088
vn 0.7213 -0.4517 -0.5250
vn 0.6914 -0.4990 -0.5224
vn 0.6909 -0.4976 -0.5244
vn 0.6366 -0.5375 -0.5529
vn 0.6397 -0.5453 -0.5417
vn 0.5950 -0.5418 -0.5937
vn 0.6046 -0.5631 -0.5634
vn 0.6296 -0.4848 -0.6071
vn 0.6397 -0.5071 -0.5776
vn 0.6622 -0.4671 -0.5859
vn 0.6592 -0.4606 -0.5945
vn 0.6381 -0.4832 -0.5994
vn 0.6394 -0.4859 -0.5958
vn 0.6261 -0.4945 -0.6028
vn 0.6254 -0.4931 -0.6048
vn 0.6002 -0.5161 -0.6110
vn 0.5992 -0.5141 -0.6137
vn 0.1553 -0.7138 -0.6829
vn 0.1552 -0.7136 -0.6832
vn 0.6818 -0.4598 -0.5690
vn 0.6812 -0.4590 -0.5704
vn 0.9272 0.3558 0.1173
vn 0.9269 0.3558 0.1193
vn -0.2174 0.6970 0.6834
vn -0.2174 0.6969 0.6834
vn -0.4900 0.5836 0.6475
vn -0.4904 0.5858 0.6452
vn -0.5949 0.5166 0.6158
vn -0.5954 0.5185 0.6138
vn -0.6236 0.4938 0.6060
vn -0.6240 0.4955 0.6042
vn -0.6387 0.4865 0.5962
vn -0.6378 0.4828 0.6001
vn -0.6578 0.4656 0.5920
vn -0.6588 0.4699 0.5875
vn -0.6444 0.5009 0.5778
vn -0.6399 0.4804 0.5997
vn -0.6067 0.5586 0.5656
vn -0.6019 0.5345 0.5933
vn -0.6379 0.5441 0.5451
vn -0.6364 0.5349 0.5558
vn -0.6874 0.4983 0.5284
vn -0.6876 0.4999 0.5266
vn -0.7173 0.4536 0.5289
vn -0.7194 0.4670 0.5142
vn -0.6939 0.4438 0.5670
vn -0.6990 0.4718 0.5374
vn 0.3938 -0.4941 0.7751
vn 0.3972 -0.4898 0.7761
vn 0.4030 -0.4948 0.7699
vn 0.4064 -0.4906 0.7708
vn 0.4127 -0.4959 0.7641
vn 0.4175 -0.4900 0.7652
vn 0.4475 -0.5159 0.7304
vn 0.4591 -0.5032 0.7321
vn 0.4331 -0.4799 0.7630
vn 0.2355 -0.6493 0.7232
vn 0.4101 -0.9087 -0.0774
vn -0.0008 -0.9812 -0.1928
vn -0.1460 -0.8388 -0.5245
vn -0.1348 -0.8396 -0.5263
vn -0.1337 -0.8413 -0.5237
vn -0.1171 -0.8424 -0.5261
vn -0.1173 -0.8420 -0.5266
vn -0.0950 -0.8431 -0.5293
vn -0.1315 -0.7781 -0.6143
vn -0.1018 -0.7803 -0.6170
vn -0.1025 -0.7764 -0.6218
vn -0.0984 -0.7788 -0.6195
vn -0.0981 -0.7708 -0.6295
vn -0.0881 -0.7770 -0.6233
vn -0.3974 0.4901 -0.7758
vn -0.3943 0.4940 -0.7749
vn -0.4067 0.4907 -0.7706
vn -0.4032 0.4950 -0.7697
vn -0.4178 0.4901 -0.7650
vn -0.4129 0.4961 -0.7638
vn -0.4593 0.5033 -0.7319
vn -0.4478 0.5161 -0.7302
vn -0.2219 0.6185 -0.7538
vn -0.4141 0.4626 -0.7839
vn 0.0236 0.9708 0.2388
vn -0.4075 0.8840 0.2292
vn 0.1396 0.8389 0.5260
vn 0.1508 0.8381 0.5242
vn 0.1220 0.8413 0.5267
vn 0.1388 0.8402 0.5242
vn 0.0995 0.8417 0.5307
vn 0.1225 0.8404 0.5279
vn 0.1065 0.7782 0.6189
vn 0.1366 0.7758 0.6160
vn 0.1031 0.7763 0.6219
vn 0.1073 0.7738 0.6242
vn 0.0926 0.7746 0.6257
vn 0.1029 0.7682 0.6319
vn 0.6324 -0.5423 -0.5531
vn 0.6327 -0.5411 -0.5540
vn -0.6672 -0.7449 -0.0031
vn -0.6681 -0.7440 -0.0051
vn -0.6749 -0.7379 0.0010
vn -0.6758 -0.7371 -0.0009
vn -0.6831 -0.7303 0.0059
vn -0.6841 -0.7294 0.0039
vn -0.7183 -0.6947 0.0374
vn -0.7194 -0.6937 0.0354
vn -0.7639 -0.6399 0.0836
vn -0.8333 -0.5423 -0.1069
vn -0.8615 -0.4883 0.1390
vn -0.9980 -0.0006 0.0634
vn -0.9693 -0.1430 0.1998
vn -0.9729 -0.1326 0.1895
vn -0.9725 -0.1390 0.1866
vn -0.9756 -0.1297 0.1772
vn -0.9751 -0.1380 0.1735
vn -0.9832 -0.1104 0.1451
vn -0.9829 -0.1190 0.1402
vn -0.8780 0.3376 -0.3393
vn -0.8777 0.3393 -0.3386
vn -0.9012 -0.2903 0.3219
vn 0.2943 -0.6587 0.6924
vn 0.9113 -0.2849 0.2974
vn 0.9997 -0.0192 0.0166
vn 0.9997 -0.0219 0.0125
vn 0.9840 0.1177 -0.1338
vn 0.9837 0.1112 -0.1414
vn 0.9753 0.1400 -0.1710
vn 0.9751 0.1338 -0.1770
vn 0.9727 0.1409 -0.1841
vn 0.9726 0.1363 -0.1886
vn 0.9694 0.1421 -0.2002
vn 0.9613 0.1637 -0.2216
vn 0.8454 0.5327 0.0401
vn 0.8386 0.5393 0.0767
vn 0.7436 0.6659 -0.0608
vn 0.7181 0.6951 -0.0341
vn 0.7169 0.6963 -0.0355
vn 0.6837 0.7298 -0.0032
vn 0.6823 0.7310 -0.0049
vn 0.6756 0.7373 0.0014
vn 0.6744 0.7384 -0.0001
vn 0.6680 0.7441 0.0056
vn 0.6664 0.7456 0.0036
vt 0.198300 0.682080
vt 0.193300 0.686680
vt 0.192860 0.685980
vt 0.198740 0.682780
vt 0.187770 0.690510
vt 0.187340 0.689810
vt 0.182100 0.694220
vt 0.181680 0.693530
vt 0.175810 0.697530
vt 0.175420 0.696850
vt 0.169190 0.700980
vt 0.168950 0.700110
vt 0.166790 0.700780
vt 0.167080 0.699910
vt 0.186800 0.643570
vt 0.187430 0.637990
vt 0.188300 0.638230
vt 0.185930 0.643330
vt 0.188840 0.632650
vt 0.189710 0.632890
vt 0.190170 0.627320
vt 0.191050 0.627550
vt 0.191180 0.622100
vt 0.192060 0.622180
vt 0.189430 0.619140
vt 0.191970 0.619000
vt 0.190350 0.617280
vt 0.191240 0.617520
vt 0.198550 0.636610
vt 0.203560 0.632010
vt 0.198110 0.635910
vt 0.204000 0.632720
vt 0.209090 0.628180
vt 0.209520 0.628880
vt 0.214770 0.624470
vt 0.215180 0.625160
vt 0.221060 0.621160
vt 0.221450 0.621840
vt 0.228470 0.617340
vt 0.228710 0.618210
vt 0.231620 0.618340
vt 0.021660 0.611200
vt 0.020660 0.613800
vt 0.021530 0.614040
vt 0.020030 0.619380
vt 0.019160 0.619140
vt 0.018630 0.624720
vt 0.017760 0.624480
vt 0.017310 0.630060
vt 0.016440 0.629820
vt 0.016320 0.635270
vt 0.015430 0.635200
vt 0.018070 0.638240
vt 0.015540 0.638370
vt 0.017150 0.640090
vt 0.016260 0.639860
vt 0.329680 0.809910
vt 0.328590 0.810020
vt 0.328970 0.809340
vt 0.329300 0.810590
vt 0.090470 0.307320
vt 0.092010 0.302350
vt 0.091330 0.301870
vt 0.091150 0.307800
vt 0.092870 0.296810
vt 0.092180 0.296350
vt 0.093720 0.291130
vt 0.093040 0.290670
vt 0.094550 0.284840
vt 0.093870 0.284390
vt 0.096500 0.277440
vt 0.095280 0.277770
vt 0.093960 0.274280
vt 0.093680 0.275370
vt 0.088620 0.271790
vt 0.088340 0.272870
vt 0.083280 0.269280
vt 0.083000 0.270340
vt 0.077940 0.266760
vt 0.077660 0.267810
vt 0.072730 0.264990
vt 0.072450 0.266010
vt 0.069770 0.263670
vt 0.069480 0.264690
vt 0.067910 0.263140
vt 0.067630 0.264150
vt 0.178240 0.685330
vt 0.177430 0.684420
vt 0.178430 0.684430
vt 0.177230 0.685310
vt 0.180080 0.317230
vt 0.178310 0.317610
vt 0.178590 0.316600
vt 0.179790 0.318240
vt 0.175130 0.316440
vt 0.175420 0.315420
vt 0.169760 0.314580
vt 0.170040 0.313530
vt 0.164420 0.312040
vt 0.164700 0.310980
vt 0.159080 0.309510
vt 0.159360 0.308430
vt 0.153740 0.307000
vt 0.154020 0.305920
vt 0.151140 0.304370
vt 0.152360 0.304050
vt 0.152810 0.297120
vt 0.153500 0.297580
vt 0.153650 0.290850
vt 0.154330 0.291320
vt 0.154500 0.285190
vt 0.155180 0.285660
vt 0.155360 0.279670
vt 0.156040 0.280140
vt 0.156220 0.274220
vt 0.156900 0.274700
vt 0.633350 0.641830
vt 0.625830 0.631010
vt 0.634580 0.641320
vt 0.624730 0.631480
vt 0.616500 0.621170
vt 0.615530 0.621600
vt 0.607510 0.610940
vt 0.606610 0.611340
vt 0.599250 0.600080
vt 0.598370 0.600480
vt 0.591750 0.589090
vt 0.590800 0.589510
vt 0.583900 0.578530
vt 0.582800 0.579000
vt 0.575660 0.568500
vt 0.574600 0.568950
vt 0.567930 0.558480
vt 0.566870 0.558930
vt 0.560590 0.548460
vt 0.559540 0.548890
vt 0.553970 0.538680
vt 0.552790 0.538770
vt 0.553580 0.533250
vt 0.549920 0.532820
vt 0.550550 0.529730
vt 0.549540 0.530100
vt 0.564690 0.536590
vt 0.572170 0.547440
vt 0.573270 0.546980
vt 0.563460 0.537100
vt 0.581470 0.557310
vt 0.582450 0.556880
vt 0.590450 0.567530
vt 0.591350 0.567130
vt 0.598730 0.578390
vt 0.599610 0.577990
vt 0.606260 0.589380
vt 0.607220 0.588960
vt 0.614180 0.599930
vt 0.615260 0.599460
vt 0.622420 0.609980
vt 0.623480 0.609530
vt 0.630160 0.620000
vt 0.631220 0.619560
vt 0.637510 0.630030
vt 0.638560 0.629610
vt 0.644130 0.639830
vt 0.645320 0.639740
vt 0.644520 0.645270
vt 0.648190 0.645690
vt 0.647560 0.648790
vt 0.648570 0.648420
vt 0.055640 0.657620
vt 0.056460 0.659230
vt 0.056650 0.658000
vt 0.055450 0.658850
vt 0.440210 0.507000
vt 0.450280 0.513090
vt 0.439940 0.508010
vt 0.450530 0.512080
vt 0.402520 0.879550
vt 0.396440 0.888430
vt 0.401510 0.879130
vt 0.397450 0.888880
vt 0.222690 0.380620
vt 0.232690 0.386700
vt 0.222470 0.381630
vt 0.232920 0.385690
vt 0.243550 0.391800
vt 0.243770 0.390790
vt 0.254540 0.396920
vt 0.254760 0.395910
vt 0.265090 0.402030
vt 0.265330 0.401020
vt 0.275140 0.407120
vt 0.275360 0.406120
vt 0.285160 0.412240
vt 0.285370 0.411230
vt 0.295190 0.417360
vt 0.295390 0.416350
vt 0.304990 0.422300
vt 0.305180 0.421300
vt 0.310430 0.424080
vt 0.310610 0.423070
vt 0.313950 0.426100
vt 0.314130 0.425100
vt 0.206270 0.682580
vt 0.205070 0.683280
vt 0.205270 0.682270
vt 0.206070 0.683590
vt 0.031090 0.294640
vt 0.034000 0.294590
vt 0.031270 0.293630
vt 0.033810 0.295600
vt 0.039950 0.297290
vt 0.039760 0.298290
vt 0.050080 0.302370
vt 0.049880 0.303380
vt 0.060130 0.307500
vt 0.059910 0.308510
vt 0.070160 0.312610
vt 0.069940 0.313620
vt 0.080230 0.317710
vt 0.079990 0.318720
vt 0.090730 0.322810
vt 0.090500 0.323820
vt 0.101700 0.327930
vt 0.101470 0.328940
vt 0.112560 0.333030
vt 0.112330 0.334040
vt 0.122810 0.338100
vt 0.122590 0.339110
vt 0.404990 0.844460
vt 0.400930 0.854080
vt 0.406000 0.844900
vt 0.399920 0.853670
vt 0.005000 0.554980
vt 0.015630 0.559060
vt 0.005240 0.553970
vt 0.015350 0.560060
vt 0.226210 0.304530
vt 0.225430 0.311110
vt 0.224620 0.310810
vt 0.227030 0.304830
vt 0.223670 0.317360
vt 0.222860 0.317050
vt 0.221740 0.323580
vt 0.220930 0.323260
vt 0.219640 0.329750
vt 0.218840 0.329430
vt 0.217860 0.336160
vt 0.216980 0.335610
vt 0.216030 0.337370
vt 0.215510 0.336530
vt 0.684460 0.626170
vt 0.683300 0.620600
vt 0.684140 0.620820
vt 0.683610 0.625960
vt 0.682920 0.615240
vt 0.683750 0.615450
vt 0.682470 0.609870
vt 0.683310 0.610090
vt 0.682200 0.604630
vt 0.682990 0.604680
vt 0.680020 0.601700
vt 0.682210 0.601510
vt 0.680440 0.599820
vt 0.681260 0.600040
vt 0.099770 0.318240
vt 0.100540 0.311650
vt 0.098940 0.317940
vt 0.101350 0.311960
vt 0.102300 0.305400
vt 0.103110 0.305710
vt 0.104240 0.299180
vt 0.105040 0.299490
vt 0.106340 0.293000
vt 0.107130 0.293320
vt 0.108340 0.285870
vt 0.109220 0.286420
vt 0.111360 0.284840
vt 0.722280 0.604180
vt 0.723020 0.606780
vt 0.723860 0.607000
vt 0.724170 0.612360
vt 0.723330 0.612140
vt 0.724550 0.617720
vt 0.723720 0.617500
vt 0.724990 0.623090
vt 0.724160 0.622870
vt 0.725260 0.628330
vt 0.724470 0.628280
vt 0.727430 0.631250
vt 0.725240 0.631450
vt 0.727020 0.633130
vt 0.726190 0.632920
vt 0.304920 0.995000
vt 0.304790 0.993560
vt 0.305480 0.994180
vt 0.304230 0.994380
vt 0.698180 0.690830
vt 0.691890 0.692490
vt 0.691890 0.691800
vt 0.698170 0.691510
vt 0.685630 0.693460
vt 0.685640 0.692780
vt 0.679410 0.694430
vt 0.679430 0.693740
vt 0.673230 0.695390
vt 0.673250 0.694710
vt 0.666110 0.697500
vt 0.666850 0.696260
vt 0.692080 0.556190
vt 0.693330 0.556580
vt 0.690790 0.553570
vt 0.690500 0.554360
vt 0.685440 0.550380
vt 0.685150 0.551170
vt 0.680070 0.547030
vt 0.679780 0.547820
vt 0.674710 0.543540
vt 0.674410 0.544330
vt 0.669470 0.540770
vt 0.669170 0.541560
vt 0.666540 0.540770
vt 0.666250 0.541560
vt 0.664660 0.539390
vt 0.664370 0.540180
vt 0.322930 0.895300
vt 0.321630 0.895010
vt 0.322420 0.894470
vt 0.322140 0.895840
vt 0.057520 0.319190
vt 0.055760 0.319870
vt 0.056050 0.319090
vt 0.057230 0.319980
vt 0.052590 0.318670
vt 0.052880 0.317880
vt 0.047180 0.315830
vt 0.047470 0.315050
vt 0.041810 0.312350
vt 0.042110 0.311560
vt 0.036450 0.308990
vt 0.036740 0.308210
vt 0.031090 0.305800
vt 0.031380 0.305020
vt 0.722460 0.607070
vt 0.721540 0.605430
vt 0.715390 0.606010
vt 0.715360 0.606700
vt 0.709210 0.606980
vt 0.709190 0.607660
vt 0.703000 0.607940
vt 0.702980 0.608630
vt 0.696750 0.608920
vt 0.696740 0.609600
vt 0.690460 0.609890
vt 0.690460 0.610580
vt 0.792810 0.675260
vt 0.772520 0.669610
vt 0.800040 0.669610
vt 0.772460 0.678260
vt 0.742100 0.679270
vt 0.742390 0.669480
vt 0.742290 0.659680
vt 0.772490 0.660950
vt 0.792820 0.663970
vt 0.723130 0.669190
vt 0.722890 0.677520
vt 0.708270 0.676030
vt 0.708470 0.668890
vt 0.708390 0.661730
vt 0.723040 0.660860
vt 0.668780 0.679560
vt 0.640600 0.668260
vt 0.669160 0.668450
vt 0.640150 0.680110
vt 0.614110 0.679080
vt 0.614730 0.668100
vt 0.614380 0.657030
vt 0.640300 0.656400
vt 0.668940 0.657340
vt 0.573490 0.664580
vt 0.577520 0.668170
vt 0.572160 0.668160
vt 0.577390 0.661960
vt 0.583650 0.659850
vt 0.584010 0.668160
vt 0.809090 0.669610
vt 0.799920 0.676520
vt 0.799940 0.662690
vt 0.471710 0.220970
vt 0.468470 0.241420
vt 0.467640 0.213860
vt 0.474390 0.241310
vt 0.476210 0.271500
vt 0.469390 0.271720
vt 0.469970 0.290960
vt 0.475880 0.290760
vt 0.475570 0.305410
vt 0.470410 0.305600
vt 0.479830 0.344860
vt 0.472470 0.373950
vt 0.471600 0.345200
vt 0.481050 0.373500
vt 0.481060 0.399420
vt 0.473260 0.400260
vt 0.479220 0.419800
vt 0.474020 0.425710
vt 0.473860 0.420340
vt 0.481140 0.425040
vt 0.482610 0.430150
vt 0.474180 0.430910
vt 0.474350 0.436800
vt 0.480670 0.436410
vt 0.478000 0.440300
vt 0.474500 0.441760
vt 0.485520 0.554590
vt 0.489100 0.551140
vt 0.485170 0.551090
vt 0.489100 0.554840
vt 0.005000 0.219940
vt 0.013580 0.224240
vt 0.013420 0.219020
vt 0.006460 0.225050
vt 0.008380 0.230330
vt 0.013740 0.229670
vt 0.013930 0.236070
vt 0.007780 0.236960
vt 0.006550 0.250730
vt 0.014340 0.249710
vt 0.007780 0.305400
vt 0.016680 0.327190
vt 0.016010 0.305010
vt 0.010170 0.327470
vt 0.012040 0.344890
vt 0.017200 0.344650
vt 0.011400 0.378720
vt 0.019140 0.408950
vt 0.018220 0.378440
vt 0.013220 0.409080
vt 0.015900 0.429430
vt 0.019970 0.436540
vt 0.691120 0.668650
vt 0.690860 0.677480
vt 0.690990 0.659820
vt 0.470940 0.323050
vt 0.477450 0.322810
vt 0.017640 0.359250
vt 0.011730 0.359500
vt 0.601090 0.668020
vt 0.600340 0.676690
vt 0.593710 0.675070
vt 0.594310 0.668020
vt 0.594000 0.660830
vt 0.600660 0.659210
vt 0.473670 0.413890
vt 0.479830 0.413140
vt 0.015150 0.276270
vt 0.006570 0.276770
vt 0.589110 0.668090
vt 0.588440 0.675780
vt 0.583320 0.676320
vt 0.588750 0.660250
vt 0.577180 0.674300
vt 0.573440 0.671740
vt 0.492680 0.554590
vt 0.493010 0.551090
vt 0.009610 0.210050
vt 0.013250 0.213280
vt 0.013110 0.208590
vt 0.006940 0.213800
vt 0.623420 0.569040
vt 0.643870 0.574700
vt 0.643840 0.566030
vt 0.616240 0.574690
vt 0.623410 0.580340
vt 0.643810 0.583360
vt 0.674040 0.584620
vt 0.674040 0.574830
vt 0.674230 0.565040
vt 0.693320 0.575110
vt 0.693460 0.566790
vt 0.693310 0.583440
vt 0.707970 0.582560
vt 0.707990 0.575420
vt 0.708080 0.568280
vt 0.747670 0.564750
vt 0.776180 0.576050
vt 0.776440 0.564210
vt 0.747430 0.575860
vt 0.747520 0.586960
vt 0.776290 0.587900
vt 0.802370 0.587210
vt 0.802130 0.576210
vt 0.802690 0.565320
vt 0.833010 0.584370
vt 0.839010 0.576130
vt 0.832670 0.576150
vt 0.839070 0.582310
vt 0.842760 0.579720
vt 0.485520 0.547510
vt 0.489100 0.547330
vt 0.489100 0.542500
vt 0.606950 0.574690
vt 0.616110 0.581600
vt 0.616130 0.567770
vt 0.462560 0.271790
vt 0.462550 0.241560
vt 0.464010 0.221160
vt 0.465250 0.305720
vt 0.464050 0.291060
vt 0.465440 0.400120
vt 0.463880 0.374040
vt 0.463360 0.345270
vt 0.465710 0.430760
vt 0.466880 0.425560
vt 0.468470 0.420210
vt 0.470920 0.440510
vt 0.468030 0.436820
vt 0.019130 0.229880
vt 0.020730 0.224490
vt 0.021890 0.219270
vt 0.022170 0.249980
vt 0.020120 0.236340
vt 0.022360 0.344580
vt 0.023190 0.327140
vt 0.024250 0.304990
vt 0.023600 0.429240
vt 0.025060 0.408820
vt 0.025050 0.378430
vt 0.725380 0.575660
vt 0.725390 0.584490
vt 0.725530 0.566830
vt 0.464420 0.323140
vt 0.023560 0.359200
vt 0.815590 0.576280
vt 0.815970 0.585020
vt 0.822460 0.583420
vt 0.822180 0.576290
vt 0.822780 0.569310
vt 0.816330 0.567710
vt 0.467480 0.413720
vt 0.023730 0.276230
vt 0.827470 0.576230
vt 0.828180 0.568630
vt 0.827810 0.583980
vt 0.833400 0.568100
vt 0.839320 0.570060
vt 0.492660 0.547510
vt 0.842830 0.572580
vt 0.019580 0.213340
vt 0.016690 0.209830
vt 0.511270 0.283710
vt 0.517030 0.286700
vt 0.516540 0.287450
vt 0.511750 0.282960
vt 0.522200 0.290480
vt 0.521700 0.291240
vt 0.527270 0.294300
vt 0.526760 0.295060
vt 0.532230 0.298170
vt 0.531710 0.298930
vt 0.536920 0.302550
vt 0.536380 0.303000
vt 0.644280 0.774050
vt 0.644920 0.771420
vt 0.645570 0.772200
vt 0.643490 0.773520
vt 0.648790 0.767850
vt 0.649440 0.768620
vt 0.652740 0.764290
vt 0.653390 0.765070
vt 0.656750 0.760780
vt 0.657400 0.761550
vt 0.660220 0.757650
vt 0.660950 0.758290
vt 0.660220 0.754360
vt 0.662460 0.755960
vt 0.661950 0.753680
vt 0.662590 0.754440
vt 0.075280 0.298350
vt 0.069520 0.295360
vt 0.074800 0.299100
vt 0.070010 0.294610
vt 0.064350 0.291580
vt 0.064850 0.290820
vt 0.059290 0.287750
vt 0.059800 0.287000
vt 0.054330 0.283890
vt 0.054850 0.283130
vt 0.049360 0.278620
vt 0.049900 0.278180
vt 0.132290 0.283390
vt 0.130400 0.286540
vt 0.133090 0.283930
vt 0.129760 0.285760
vt 0.126530 0.290120
vt 0.125890 0.289340
vt 0.122580 0.293680
vt 0.121940 0.292910
vt 0.118570 0.297200
vt 0.117930 0.296430
vt 0.115100 0.300340
vt 0.114370 0.299700
vt 0.115110 0.303630
vt 0.112860 0.302030
vt 0.113380 0.304320
vt 0.454630 0.436730
vt 0.456160 0.435560
vt 0.456920 0.435400
vt 0.209300 0.657490
vt 0.208980 0.656230
vt 0.208550 0.656920
vt 0.209730 0.656800
vt 0.349040 0.909350
vt 0.347730 0.904480
vt 0.348420 0.904070
vt 0.348350 0.909760
vt 0.069110 0.295790
vt 0.063930 0.292010
vt 0.058870 0.288190
vt 0.053910 0.284330
vt 0.049220 0.279940
vt 0.046750 0.279570
vt 0.047120 0.280370
vt 0.614710 0.885400
vt 0.617860 0.881210
vt 0.618650 0.881530
vt 0.613910 0.885070
vt 0.621770 0.877260
vt 0.622560 0.877580
vt 0.625650 0.873250
vt 0.626440 0.873570
vt 0.382390 0.988560
vt 0.378850 0.991900
vt 0.379260 0.992700
vt 0.382000 0.987770
vt 0.375570 0.994210
vt 0.375970 0.995000
vt 0.179770 0.988050
vt 0.180480 0.985990
vt 0.181280 0.986310
vt 0.178970 0.987720
vt 0.456510 0.434600
vt 0.455750 0.434770
vt 0.454220 0.435930
vt 0.452290 0.439240
vt 0.451890 0.438440
vt 0.449030 0.443500
vt 0.448640 0.442700
vt 0.391220 0.926830
vt 0.395890 0.923140
vt 0.395100 0.922820
vt 0.392020 0.927150
vt 0.399800 0.919190
vt 0.399000 0.918870
vt 0.403740 0.915330
vt 0.402950 0.915000
vt 0.404990 0.912790
vt 0.538230 0.302270
vt 0.536240 0.304320
vt 0.531290 0.299360
vt 0.526340 0.295500
vt 0.521290 0.291670
vt 0.516120 0.287890
vt 0.198730 0.737520
vt 0.198800 0.731840
vt 0.198110 0.732250
vt 0.199420 0.737110
vt 0.518140 0.601820
vt 0.517440 0.595240
vt 0.518970 0.601520
vt 0.516620 0.595540
vt 0.515740 0.588980
vt 0.514930 0.589280
vt 0.513880 0.582750
vt 0.513070 0.583060
vt 0.511850 0.576560
vt 0.511050 0.576880
vt 0.510140 0.570140
vt 0.509250 0.570690
vt 0.508320 0.568920
vt 0.507790 0.569760
vt 0.243340 0.551360
vt 0.244500 0.545790
vt 0.244190 0.551150
vt 0.243660 0.546010
vt 0.244900 0.540430
vt 0.244060 0.540640
vt 0.245350 0.535060
vt 0.244520 0.535270
vt 0.245630 0.529820
vt 0.244840 0.529870
vt 0.247800 0.526890
vt 0.245620 0.526690
vt 0.247390 0.525010
vt 0.246570 0.525230
vt 0.520790 0.503990
vt 0.521490 0.510570
vt 0.522310 0.510270
vt 0.519970 0.504280
vt 0.523190 0.516840
vt 0.524000 0.516530
vt 0.525050 0.523070
vt 0.525860 0.522760
vt 0.527090 0.529260
vt 0.527890 0.528950
vt 0.529020 0.536400
vt 0.529900 0.535860
vt 0.528630 0.966050
vt 0.527040 0.968860
vt 0.527890 0.968650
vt 0.532020 0.537450
vt 0.526730 0.974220
vt 0.527570 0.974010
vt 0.526340 0.979590
vt 0.527170 0.979370
vt 0.525900 0.984960
vt 0.526720 0.984740
vt 0.525620 0.990190
vt 0.526410 0.990150
vt 0.523450 0.993120
vt 0.525630 0.993320
vt 0.523860 0.995000
vt 0.524680 0.994790
vt 0.160390 0.727370
vt 0.160520 0.728820
vt 0.161080 0.728000
vt 0.159830 0.728200
vt 0.419060 0.523840
vt 0.425350 0.525490
vt 0.419060 0.524520
vt 0.425350 0.524810
vt 0.431620 0.526460
vt 0.431610 0.525770
vt 0.437850 0.527420
vt 0.437830 0.526740
vt 0.444040 0.528380
vt 0.444020 0.527690
vt 0.451180 0.530490
vt 0.450440 0.529240
vt 0.535130 0.978250
vt 0.536420 0.980850
vt 0.533880 0.977850
vt 0.536710 0.980060
vt 0.541780 0.984030
vt 0.542070 0.983250
vt 0.547140 0.987390
vt 0.547440 0.986600
vt 0.552510 0.990870
vt 0.552800 0.990090
vt 0.557750 0.993640
vt 0.558040 0.992850
vt 0.560680 0.993620
vt 0.560970 0.992830
vt 0.562560 0.995000
vt 0.562850 0.994220
vt 0.272480 0.757570
vt 0.271180 0.757850
vt 0.271700 0.757030
vt 0.271960 0.758400
vt 0.486910 0.491990
vt 0.488670 0.491300
vt 0.487200 0.491200
vt 0.488380 0.492080
vt 0.491850 0.492500
vt 0.491550 0.493280
vt 0.497250 0.495330
vt 0.496960 0.496110
vt 0.502620 0.498810
vt 0.502330 0.499590
vt 0.507980 0.502160
vt 0.507690 0.502940
vt 0.513340 0.505350
vt 0.513050 0.506130
vt 0.528450 0.968940
vt 0.529370 0.967290
vt 0.535540 0.967880
vt 0.535570 0.968560
vt 0.541730 0.968830
vt 0.541750 0.969520
vt 0.547960 0.969790
vt 0.547970 0.970480
vt 0.554220 0.970760
vt 0.554230 0.971450
vt 0.560510 0.971730
vt 0.560510 0.972420
vt 0.665700 0.746220
vt 0.660740 0.741590
vt 0.666150 0.745510
vt 0.660300 0.742300
vt 0.655260 0.737740
vt 0.654830 0.738440
vt 0.649700 0.733960
vt 0.649280 0.734660
vt 0.643630 0.730520
vt 0.643230 0.731200
vt 0.637170 0.726970
vt 0.636920 0.727840
vt 0.634790 0.727150
vt 0.635060 0.728020
vt 0.059020 0.361730
vt 0.058400 0.356150
vt 0.059890 0.361490
vt 0.057520 0.356390
vt 0.056980 0.350810
vt 0.056100 0.351050
vt 0.055640 0.345470
vt 0.054760 0.345710
vt 0.054600 0.340260
vt 0.053710 0.340330
vt 0.056350 0.337290
vt 0.053790 0.337160
vt 0.055410 0.335440
vt 0.054510 0.335670
vt 0.059380 0.326450
vt 0.064340 0.331080
vt 0.064780 0.330370
vt 0.058930 0.327160
vt 0.069820 0.334930
vt 0.070260 0.334230
vt 0.075400 0.338710
vt 0.075820 0.338010
vt 0.081470 0.342150
vt 0.081870 0.341470
vt 0.088700 0.346070
vt 0.088950 0.345200
vt 0.495610 0.329360
vt 0.495710 0.332200
vt 0.496590 0.331960
vt 0.091850 0.345100
vt 0.497210 0.337540
vt 0.498080 0.337300
vt 0.498610 0.342880
vt 0.499490 0.342640
vt 0.499950 0.348220
vt 0.500830 0.347980
vt 0.500970 0.353430
vt 0.501860 0.353350
vt 0.499220 0.356400
vt 0.501780 0.356530
vt 0.500160 0.358250
vt 0.501050 0.358010
vt 0.272920 0.695080
vt 0.274000 0.695200
vt 0.273290 0.695770
vt 0.273630 0.694510
vt 0.673880 0.598050
vt 0.672340 0.602970
vt 0.673200 0.597570
vt 0.673020 0.603450
vt 0.671480 0.608460
vt 0.672170 0.608930
vt 0.670630 0.614030
vt 0.671320 0.614500
vt 0.669800 0.620110
vt 0.670480 0.620570
vt 0.667850 0.627340
vt 0.669070 0.627030
vt 0.670390 0.630480
vt 0.670670 0.629410
vt 0.675720 0.632990
vt 0.676000 0.631920
vt 0.681060 0.635540
vt 0.681350 0.634490
vt 0.686400 0.638110
vt 0.686680 0.637070
vt 0.691610 0.639950
vt 0.691900 0.638940
vt 0.694580 0.641260
vt 0.694870 0.640250
vt 0.696440 0.641830
vt 0.696720 0.640830
vt 0.075580 0.684420
vt 0.074760 0.685330
vt 0.074590 0.684430
vt 0.075760 0.685320
vt 0.182450 0.298210
vt 0.184220 0.297840
vt 0.182740 0.297220
vt 0.183940 0.298840
vt 0.187390 0.299050
vt 0.187110 0.300060
vt 0.192770 0.300990
vt 0.192490 0.302020
vt 0.198110 0.303580
vt 0.197830 0.304630
vt 0.203450 0.306140
vt 0.203170 0.307210
vt 0.208790 0.308660
vt 0.208510 0.309730
vt 0.211390 0.311280
vt 0.210160 0.311590
vt 0.209710 0.318370
vt 0.209030 0.317910
vt 0.208880 0.324420
vt 0.208200 0.323950
vt 0.208020 0.329980
vt 0.207340 0.329500
vt 0.207170 0.335450
vt 0.206490 0.334980
vt 0.206310 0.340850
vt 0.205630 0.340370
vt 0.660890 0.731550
vt 0.666700 0.728590
vt 0.661360 0.732300
vt 0.666220 0.727830
vt 0.671940 0.724830
vt 0.671450 0.724070
vt 0.677070 0.721030
vt 0.676580 0.720270
vt 0.682090 0.717180
vt 0.681590 0.716420
vt 0.686860 0.712820
vt 0.686330 0.712370
vt 0.134640 0.306920
vt 0.134000 0.309540
vt 0.135430 0.307450
vt 0.133350 0.308760
vt 0.130130 0.313040
vt 0.129490 0.312270
vt 0.126180 0.316530
vt 0.125540 0.315750
vt 0.122170 0.319970
vt 0.121530 0.319200
vt 0.118700 0.323030
vt 0.117980 0.322390
vt 0.118720 0.326280
vt 0.116470 0.324670
vt 0.116990 0.326940
vt 0.116340 0.326180
vt 0.514020 0.303390
vt 0.508210 0.306350
vt 0.508690 0.307100
vt 0.513550 0.302640
vt 0.502970 0.310110
vt 0.503460 0.310870
vt 0.497850 0.313910
vt 0.498340 0.314670
vt 0.492830 0.317760
vt 0.493330 0.318520
vt 0.487760 0.323010
vt 0.488290 0.323460
vt 0.216300 0.577460
vt 0.218190 0.574340
vt 0.218840 0.575120
vt 0.215510 0.576930
vt 0.222060 0.570830
vt 0.222700 0.571600
vt 0.226000 0.567330
vt 0.226650 0.568110
vt 0.230010 0.563880
vt 0.230660 0.564650
vt 0.233480 0.560810
vt 0.234210 0.561460
vt 0.233470 0.557560
vt 0.235720 0.559170
vt 0.310120 0.773660
vt 0.312390 0.775000
vt 0.311630 0.774830
vt 0.235200 0.556900
vt 0.255960 0.977610
vt 0.256270 0.976350
vt 0.255520 0.976920
vt 0.256710 0.977040
vt 0.302500 0.820880
vt 0.303810 0.825820
vt 0.303180 0.820480
vt 0.303120 0.826230
vt 0.304420 0.831060
vt 0.303730 0.831470
vt 0.502560 0.309670
vt 0.497430 0.313470
vt 0.492410 0.317310
vt 0.487640 0.321680
vt 0.485170 0.322040
vt 0.485560 0.321250
vt 0.364760 0.960210
vt 0.361580 0.956020
vt 0.365550 0.959880
vt 0.360790 0.956340
vt 0.357650 0.952070
vt 0.356850 0.952400
vt 0.353740 0.948060
vt 0.352950 0.948390
vt 0.300520 0.757600
vt 0.297040 0.754240
vt 0.300110 0.758400
vt 0.297460 0.753440
vt 0.293800 0.751920
vt 0.294220 0.751120
vt 0.046520 0.968910
vt 0.045810 0.966850
vt 0.047320 0.968580
vt 0.045010 0.967180
vt 0.311970 0.775790
vt 0.311210 0.775620
vt 0.309700 0.774450
vt 0.307830 0.771130
vt 0.307420 0.771930
vt 0.304640 0.766850
vt 0.304230 0.767640
vt 0.258950 0.650210
vt 0.254250 0.646520
vt 0.258150 0.650530
vt 0.255040 0.646200
vt 0.250320 0.642580
vt 0.251120 0.642250
vt 0.246360 0.638710
vt 0.247150 0.638380
vt 0.245080 0.636170
vt 0.688170 0.713110
vt 0.686210 0.711040
vt 0.681180 0.715980
vt 0.676170 0.719830
vt 0.671040 0.723630
vt 0.226630 0.714370
vt 0.226560 0.720010
vt 0.225950 0.714780
vt 0.227250 0.719600
vt 0.227180 0.725340
vt 0.227870 0.724940
vt 0.292250 0.453720
vt 0.284190 0.464260
vt 0.283120 0.463800
vt 0.293450 0.454220
vt 0.274700 0.474050
vt 0.273750 0.473620
vt 0.265730 0.484380
vt 0.264850 0.483980
vt 0.257690 0.495300
vt 0.256810 0.494910
vt 0.250460 0.506280
vt 0.249470 0.505870
vt 0.242610 0.516750
vt 0.241490 0.516280
vt 0.234420 0.526730
vt 0.233350 0.526280
vt 0.226800 0.536720
vt 0.225740 0.536280
vt 0.219510 0.546670
vt 0.218460 0.546250
vt 0.212930 0.556400
vt 0.211750 0.556320
vt 0.212550 0.561780
vt 0.208910 0.562230
vt 0.209550 0.565280
vt 0.208550 0.564930
vt 0.242800 0.977610
vt 0.250830 0.967040
vt 0.241600 0.977110
vt 0.251900 0.967500
vt 0.260300 0.957240
vt 0.261250 0.957660
vt 0.269260 0.946910
vt 0.270150 0.947310
vt 0.277320 0.935990
vt 0.278200 0.936380
vt 0.284610 0.925000
vt 0.285600 0.925420
vt 0.292510 0.914540
vt 0.293620 0.915010
vt 0.300700 0.904550
vt 0.301760 0.905000
vt 0.308330 0.894550
vt 0.309390 0.894990
vt 0.315630 0.884590
vt 0.316670 0.885000
vt 0.322200 0.874840
vt 0.323380 0.874920
vt 0.322580 0.869450
vt 0.326230 0.869010
vt 0.325590 0.865950
vt 0.326590 0.866310
vt 0.006000 0.888880
vt 0.005190 0.887290
vt 0.006190 0.887680
vt 0.005000 0.888490
vt 0.276400 0.770180
vt 0.282490 0.761350
vt 0.281480 0.760920
vt 0.277410 0.770570
vt 0.287560 0.751880
vt 0.286550 0.751430
vt 0.398950 0.867620
vt 0.388850 0.873720
vt 0.388620 0.872710
vt 0.399180 0.868630
vt 0.377930 0.878840
vt 0.377700 0.877830
vt 0.366940 0.883970
vt 0.366720 0.882970
vt 0.356480 0.889090
vt 0.356250 0.888090
vt 0.346480 0.894200
vt 0.346260 0.893200
vt 0.336490 0.899330
vt 0.336280 0.898330
vt 0.326530 0.904470
vt 0.326330 0.903460
vt 0.316780 0.909430
vt 0.316600 0.908420
vt 0.311390 0.911210
vt 0.311220 0.910200
vt 0.307890 0.913240
vt 0.307710 0.912230
vt 0.206810 0.961640
vt 0.208010 0.960940
vt 0.207000 0.960640
vt 0.207810 0.961950
vt 0.253110 0.623320
vt 0.250230 0.623280
vt 0.250410 0.624290
vt 0.252930 0.622320
vt 0.244310 0.625990
vt 0.244500 0.626990
vt 0.234240 0.631090
vt 0.234440 0.632090
vt 0.224250 0.636220
vt 0.224460 0.637230
vt 0.214240 0.641350
vt 0.214460 0.642360
vt 0.204230 0.646460
vt 0.204460 0.647470
vt 0.193820 0.651580
vt 0.194050 0.652590
vt 0.182860 0.656710
vt 0.183090 0.657720
vt 0.171930 0.661830
vt 0.172160 0.662840
vt 0.161570 0.666920
vt 0.161800 0.667930
vt 0.275670 0.878440
vt 0.279730 0.868640
vt 0.280740 0.869060
vt 0.274660 0.877990
vt 0.269350 0.842040
vt 0.259000 0.846120
vt 0.259270 0.847120
vt 0.269110 0.841030
vt 0.056790 0.647050
vt 0.051840 0.642430
vt 0.057240 0.646350
vt 0.051390 0.643130
vt 0.046350 0.638580
vt 0.045920 0.639270
vt 0.040790 0.634800
vt 0.040370 0.635490
vt 0.034710 0.631350
vt 0.034320 0.632040
vt 0.028250 0.627810
vt 0.028000 0.628680
vt 0.025870 0.627990
vt 0.026140 0.628860
vt 0.010300 0.650530
vt 0.009680 0.644950
vt 0.011180 0.650290
vt 0.008810 0.645190
vt 0.008270 0.639620
vt 0.007390 0.639850
vt 0.006930 0.634280
vt 0.006040 0.634510
vt 0.005890 0.629060
vt 0.005000 0.629140
vt 0.007640 0.626090
vt 0.005080 0.625960
vt 0.006700 0.624240
vt 0.005800 0.624480
vt 0.047200 0.975390
vt 0.052160 0.980010
vt 0.052600 0.979310
vt 0.046750 0.976100
vt 0.057650 0.983870
vt 0.058080 0.983170
vt 0.063220 0.987650
vt 0.063640 0.986950
vt 0.069300 0.991090
vt 0.069700 0.990410
vt 0.076540 0.995000
vt 0.076780 0.994140
vt 0.015430 0.917400
vt 0.015540 0.920240
vt 0.016410 0.920000
vt 0.079680 0.994030
vt 0.017030 0.925580
vt 0.017900 0.925340
vt 0.018440 0.930920
vt 0.019310 0.930680
vt 0.019770 0.936260
vt 0.020650 0.936020
vt 0.020790 0.941470
vt 0.021680 0.941400
vt 0.019050 0.944440
vt 0.021600 0.944570
vt 0.019980 0.946290
vt 0.020880 0.946050
vt 0.017170 0.994320
vt 0.018260 0.994440
vt 0.017550 0.995000
vt 0.017880 0.993750
vt 0.268510 0.700690
vt 0.266970 0.705610
vt 0.267830 0.700200
vt 0.267660 0.706090
vt 0.266120 0.711100
vt 0.266800 0.711570
vt 0.265270 0.716670
vt 0.265950 0.717140
vt 0.264430 0.722760
vt 0.265110 0.723220
vt 0.262480 0.729990
vt 0.263710 0.729670
vt 0.265020 0.733130
vt 0.265300 0.732060
vt 0.270360 0.735640
vt 0.270640 0.734570
vt 0.275700 0.738190
vt 0.275980 0.737130
vt 0.281040 0.740750
vt 0.281320 0.739720
vt 0.286250 0.742600
vt 0.286530 0.741580
vt 0.289220 0.743910
vt 0.289500 0.742900
vt 0.291070 0.744480
vt 0.291360 0.743480
vt 0.028610 0.994100
vt 0.027790 0.995000
vt 0.027610 0.994110
vt 0.028790 0.995000
vt 0.265960 0.825350
vt 0.267730 0.824980
vt 0.266250 0.824360
vt 0.267440 0.825980
vt 0.270900 0.826190
vt 0.270620 0.827200
vt 0.276280 0.828130
vt 0.276000 0.829160
vt 0.281620 0.830720
vt 0.281340 0.831770
vt 0.286960 0.833280
vt 0.286680 0.834350
vt 0.292300 0.835800
vt 0.292020 0.836870
vt 0.294900 0.838420
vt 0.293670 0.838730
vt 0.293220 0.845510
vt 0.292540 0.845050
vt 0.292380 0.851560
vt 0.291700 0.851100
vt 0.291530 0.857120
vt 0.290850 0.856650
vt 0.290680 0.862600
vt 0.290000 0.862120
vt 0.289820 0.868000
vt 0.289140 0.867520
vt 0.283550 0.883440
vt 0.275490 0.893980
vt 0.274430 0.893520
vt 0.284750 0.883940
vt 0.266000 0.903770
vt 0.265050 0.903340
vt 0.257030 0.914100
vt 0.256150 0.913700
vt 0.248990 0.925020
vt 0.248110 0.924630
vt 0.241760 0.936000
vt 0.240770 0.935590
vt 0.233910 0.946470
vt 0.232790 0.946000
vt 0.225720 0.956460
vt 0.224650 0.956000
vt 0.218100 0.966440
vt 0.217040 0.966000
vt 0.210810 0.976390
vt 0.209760 0.975980
vt 0.204240 0.986120
vt 0.203060 0.986040
vt 0.203860 0.991500
vt 0.200210 0.991950
vt 0.200850 0.995000
vt 0.199850 0.994650
vt 0.213230 0.995000
vt 0.221250 0.984440
vt 0.212030 0.994500
vt 0.222320 0.984900
vt 0.230720 0.974630
vt 0.231680 0.975060
vt 0.239680 0.964310
vt 0.240570 0.964710
vt 0.247740 0.953380
vt 0.248630 0.953780
vt 0.255040 0.942400
vt 0.256020 0.942820
vt 0.262930 0.931940
vt 0.264050 0.932410
vt 0.271120 0.921940
vt 0.272180 0.922400
vt 0.278750 0.911950
vt 0.279810 0.912390
vt 0.286050 0.901990
vt 0.287090 0.902400
vt 0.292630 0.892240
vt 0.293810 0.892320
vt 0.293010 0.886850
vt 0.296650 0.886400
vt 0.296010 0.883340
vt 0.297020 0.883700
vt 0.039060 0.995000
vt 0.038240 0.993410
vt 0.039250 0.993810
vt 0.038050 0.994610
vt 0.185930 0.994610
vt 0.192020 0.985780
vt 0.191010 0.985350
vt 0.186940 0.995000
vt 0.197090 0.976310
vt 0.196080 0.975860
vt 0.264990 0.684950
vt 0.254890 0.691050
vt 0.254660 0.690040
vt 0.265210 0.685960
vt 0.243960 0.696160
vt 0.243740 0.695150
vt 0.232980 0.701300
vt 0.232760 0.700290
vt 0.222520 0.706420
vt 0.222290 0.705410
vt 0.212520 0.711530
vt 0.212300 0.710520
vt 0.202530 0.716660
vt 0.202320 0.715650
vt 0.192570 0.721790
vt 0.192370 0.720790
vt 0.182820 0.726750
vt 0.182630 0.725740
vt 0.177430 0.728530
vt 0.177260 0.727520
vt 0.173920 0.730560
vt 0.173750 0.729550
vt 0.229430 0.749390
vt 0.230630 0.748690
vt 0.229620 0.748390
vt 0.230430 0.749700
vt 0.230490 0.682480
vt 0.227620 0.682430
vt 0.227800 0.683440
vt 0.230320 0.681470
vt 0.221700 0.685140
vt 0.221890 0.686140
vt 0.211620 0.690240
vt 0.211820 0.691240
vt 0.201630 0.695380
vt 0.201840 0.696380
vt 0.191620 0.700500
vt 0.191850 0.701510
vt 0.181610 0.705620
vt 0.181840 0.706620
vt 0.171200 0.710730
vt 0.171430 0.711740
vt 0.160240 0.715870
vt 0.160470 0.716880
vt 0.149310 0.720980
vt 0.149540 0.721990
vt 0.138960 0.726070
vt 0.139180 0.727080
vt 0.289590 0.826250
vt 0.293650 0.816440
vt 0.294660 0.816870
vt 0.288580 0.825800
vt 0.297180 0.767230
vt 0.286840 0.771310
vt 0.287110 0.772310
vt 0.296940 0.766220
vt 0.241200 0.614000
vt 0.236250 0.609370
vt 0.241660 0.613290
vt 0.235810 0.610080
vt 0.230770 0.605520
vt 0.230330 0.606220
vt 0.225200 0.601740
vt 0.224780 0.602430
vt 0.219130 0.598300
vt 0.218730 0.598980
vt 0.212670 0.594750
vt 0.212420 0.595620
vt 0.210290 0.594930
vt 0.210560 0.595810
vt 0.069460 0.676630
vt 0.068840 0.671050
vt 0.070330 0.676390
vt 0.067960 0.671290
vt 0.067420 0.665710
vt 0.066540 0.665950
vt 0.066080 0.660370
vt 0.065190 0.660610
vt 0.065040 0.655160
vt 0.064150 0.655230
vt 0.066790 0.652190
vt 0.064230 0.652060
vt 0.065850 0.650340
vt 0.064950 0.650570
vt 0.356880 0.898840
vt 0.361840 0.903460
vt 0.362280 0.902760
vt 0.356430 0.899550
vt 0.367330 0.907320
vt 0.367760 0.906620
vt 0.372900 0.911100
vt 0.373320 0.910400
vt 0.378980 0.914540
vt 0.379370 0.913860
vt 0.386210 0.918450
vt 0.386460 0.917590
vt 0.339030 0.825190
vt 0.339140 0.828030
vt 0.340010 0.827790
vt 0.389360 0.917480
vt 0.340630 0.833370
vt 0.341500 0.833130
vt 0.342030 0.838710
vt 0.342910 0.838470
vt 0.343370 0.844050
vt 0.344250 0.843810
vt 0.344390 0.849260
vt 0.345280 0.849190
vt 0.342640 0.852230
vt 0.345200 0.852360
vt 0.343580 0.854080
vt 0.344470 0.853850
vt 0.208550 0.952570
vt 0.209630 0.952680
vt 0.208920 0.953250
vt 0.209250 0.952000
vt 0.566010 0.930340
vt 0.564470 0.935260
vt 0.565330 0.929850
vt 0.565150 0.935740
vt 0.563620 0.940750
vt 0.564300 0.941220
vt 0.562770 0.946320
vt 0.563450 0.946790
vt 0.561930 0.952400
vt 0.562610 0.952860
vt 0.559980 0.959640
vt 0.561210 0.959320
vt 0.562520 0.962780
vt 0.562800 0.961710
vt 0.567860 0.965290
vt 0.568140 0.964220
vt 0.573200 0.967840
vt 0.573480 0.966780
vt 0.578540 0.970400
vt 0.578820 0.969370
vt 0.583750 0.972250
vt 0.584030 0.971230
vt 0.586720 0.973560
vt 0.587000 0.972550
vt 0.588570 0.974130
vt 0.588860 0.973130
vt 0.086020 0.720960
vt 0.085200 0.721860
vt 0.085020 0.720970
vt 0.086200 0.721860
vt 0.572160 0.948880
vt 0.573930 0.948510
vt 0.572440 0.947880
vt 0.573640 0.949500
vt 0.577100 0.949720
vt 0.576820 0.950720
vt 0.582480 0.951650
vt 0.582200 0.952680
vt 0.587820 0.954240
vt 0.587540 0.955290
vt 0.593160 0.956800
vt 0.592880 0.957870
vt 0.598500 0.959320
vt 0.598210 0.960400
vt 0.601100 0.961940
vt 0.599870 0.962260
vt 0.599420 0.969030
vt 0.598740 0.968570
vt 0.598580 0.975090
vt 0.597900 0.974620
vt 0.597730 0.980650
vt 0.597050 0.980170
vt 0.596880 0.986120
vt 0.596190 0.985650
vt 0.596020 0.991520
vt 0.595340 0.991040
vt 0.250220 0.488730
vt 0.249520 0.482150
vt 0.251040 0.488440
vt 0.248700 0.482450
vt 0.247820 0.475890
vt 0.247010 0.476200
vt 0.245950 0.469670
vt 0.245150 0.469980
vt 0.243920 0.463480
vt 0.243120 0.463790
vt 0.242210 0.457060
vt 0.241330 0.457600
vt 0.240400 0.455830
vt 0.239860 0.456680
vt 0.575640 0.941070
vt 0.576800 0.935500
vt 0.576480 0.940860
vt 0.575960 0.935710
vt 0.577190 0.930130
vt 0.576360 0.930350
vt 0.577640 0.924770
vt 0.576810 0.924980
vt 0.577920 0.919530
vt 0.577130 0.919580
vt 0.580100 0.916600
vt 0.577910 0.916400
vt 0.579690 0.914720
vt 0.578860 0.914930
vt 0.572980 0.582280
vt 0.573680 0.588860
vt 0.574500 0.588560
vt 0.572160 0.582570
vt 0.575380 0.595130
vt 0.576190 0.594820
vt 0.577250 0.601360
vt 0.578050 0.601050
vt 0.579280 0.607550
vt 0.580080 0.607240
vt 0.581210 0.614690
vt 0.582090 0.614150
vt 0.038020 0.390180
vt 0.036430 0.393000
vt 0.037270 0.392790
vt 0.584210 0.615740
vt 0.036120 0.398360
vt 0.036960 0.398150
vt 0.035730 0.403730
vt 0.036560 0.403510
vt 0.035280 0.409090
vt 0.036110 0.408880
vt 0.035010 0.414330
vt 0.035800 0.414280
vt 0.032830 0.417260
vt 0.035020 0.417460
vt 0.033240 0.419140
vt 0.034070 0.418930
vt 0.275220 0.748250
vt 0.275350 0.749700
vt 0.275900 0.748870
vt 0.274660 0.749070
vt 0.405140 0.511660
vt 0.411440 0.513320
vt 0.405140 0.512340
vt 0.411430 0.512630
vt 0.417700 0.514280
vt 0.417690 0.513600
vt 0.423930 0.515250
vt 0.423920 0.514560
vt 0.430130 0.516200
vt 0.430100 0.515520
vt 0.437270 0.518310
vt 0.436520 0.517060
vt 0.265470 0.430220
vt 0.266760 0.432820
vt 0.264220 0.429820
vt 0.267050 0.432040
vt 0.272120 0.436010
vt 0.272410 0.435220
vt 0.277480 0.439360
vt 0.277770 0.438580
vt 0.282850 0.442840
vt 0.283140 0.442060
vt 0.288090 0.445610
vt 0.288380 0.444830
vt 0.291020 0.445590
vt 0.291310 0.444800
vt 0.292900 0.446980
vt 0.293190 0.446200
vt 0.095030 0.721030
vt 0.093720 0.721320
vt 0.094240 0.720490
vt 0.094510 0.721860
vt 0.231160 0.413700
vt 0.232920 0.413010
vt 0.231460 0.412910
vt 0.232630 0.413790
vt 0.236100 0.414210
vt 0.235810 0.414990
vt 0.241500 0.417040
vt 0.241210 0.417820
vt 0.246870 0.420520
vt 0.246580 0.421300
vt 0.252240 0.423870
vt 0.251950 0.424660
vt 0.257600 0.427060
vt 0.257300 0.427840
vt 0.037840 0.393080
vt 0.038760 0.391430
vt 0.044930 0.392010
vt 0.044960 0.392700
vt 0.051120 0.392970
vt 0.051140 0.393660
vt 0.057350 0.393930
vt 0.057360 0.394620
vt 0.063600 0.394900
vt 0.063610 0.395590
vt 0.069890 0.395870
vt 0.069890 0.396560
vt 0.568680 0.639340
vt 0.574490 0.636380
vt 0.569150 0.640090
vt 0.574010 0.635620
vt 0.579730 0.632620
vt 0.579250 0.631860
vt 0.584860 0.628820
vt 0.584370 0.628060
vt 0.589890 0.624980
vt 0.589380 0.624210
vt 0.594650 0.620610
vt 0.594120 0.620160
vt 0.240760 0.494810
vt 0.240120 0.497430
vt 0.241560 0.495340
vt 0.239480 0.496650
vt 0.236260 0.500930
vt 0.235610 0.500160
vt 0.232310 0.504420
vt 0.231660 0.503650
vt 0.228300 0.507870
vt 0.227660 0.507100
vt 0.224830 0.510930
vt 0.224110 0.510280
vt 0.224840 0.514170
vt 0.222590 0.512570
vt 0.223110 0.514830
vt 0.222470 0.514070
vt 0.607970 0.632200
vt 0.602160 0.635170
vt 0.602640 0.635920
vt 0.607500 0.631450
vt 0.596920 0.638930
vt 0.597410 0.639680
vt 0.591790 0.642730
vt 0.592290 0.643490
vt 0.586770 0.646570
vt 0.587280 0.647330
vt 0.581710 0.651820
vt 0.582240 0.652270
vt 0.534680 0.960210
vt 0.536570 0.957090
vt 0.537210 0.957860
vt 0.533880 0.959680
vt 0.540430 0.953580
vt 0.541080 0.954350
vt 0.544380 0.950080
vt 0.545030 0.950850
vt 0.548390 0.946630
vt 0.549030 0.947400
vt 0.551860 0.943560
vt 0.552590 0.944210
vt 0.551850 0.940310
vt 0.554100 0.941920
vt 0.372760 0.954590
vt 0.375020 0.955930
vt 0.374270 0.955760
vt 0.553580 0.939650
vt 0.278570 0.821030
vt 0.278890 0.819770
vt 0.278140 0.820340
vt 0.279330 0.820460
vt 0.083280 0.686920
vt 0.084600 0.691860
vt 0.083970 0.686520
vt 0.083910 0.692270
vt 0.085210 0.697100
vt 0.084520 0.697500
vt 0.596510 0.638490
vt 0.591380 0.642290
vt 0.586360 0.646130
vt 0.581590 0.650500
vt 0.579120 0.650850
vt 0.579500 0.650060
vt 0.055090 0.634870
vt 0.051900 0.630680
vt 0.055880 0.634550
vt 0.051110 0.631010
vt 0.047970 0.626730
vt 0.047180 0.627060
vt 0.044070 0.622730
vt 0.043270 0.623050
vt 0.375330 0.900260
vt 0.371850 0.896900
vt 0.374920 0.901060
vt 0.372270 0.896110
vt 0.368610 0.894580
vt 0.369030 0.893780
vt 0.281390 0.977610
vt 0.280680 0.975550
vt 0.282190 0.977280
vt 0.279880 0.975870
vt 0.374600 0.956730
vt 0.373840 0.956560
vt 0.372330 0.955390
vt 0.370470 0.952070
vt 0.370050 0.952860
vt 0.367270 0.947780
vt 0.366870 0.948580
vt 0.027560 0.580610
vt 0.022860 0.576930
vt 0.026760 0.580940
vt 0.023650 0.576610
vt 0.018940 0.572990
vt 0.019730 0.572660
vt 0.014970 0.569120
vt 0.015760 0.568790
vt 0.013690 0.566580
vt 0.595960 0.620900
vt 0.594000 0.618840
vt 0.588970 0.623770
vt 0.583960 0.627620
vt 0.578840 0.631420
vt 0.176180 0.639560
vt 0.176110 0.645200
vt 0.175490 0.639970
vt 0.176800 0.644790
vt 0.176730 0.650530
vt 0.177420 0.650130
vt 0.615840 0.913470
vt 0.610840 0.918070
vt 0.610400 0.917360
vt 0.616290 0.914170
vt 0.605320 0.921900
vt 0.604890 0.921200
vt 0.599640 0.925610
vt 0.599230 0.924920
vt 0.593350 0.928920
vt 0.592970 0.928240
vt 0.586740 0.932370
vt 0.586500 0.931500
vt 0.584340 0.932170
vt 0.584620 0.931300
vt 0.487780 0.419140
vt 0.488410 0.413570
vt 0.489280 0.413800
vt 0.486910 0.418900
vt 0.489820 0.408230
vt 0.490690 0.408460
vt 0.491150 0.402890
vt 0.492030 0.403120
vt 0.492160 0.397670
vt 0.493040 0.397750
vt 0.490410 0.394710
vt 0.492950 0.394570
vt 0.491330 0.392850
vt 0.492220 0.393090
vt 0.586520 0.911500
vt 0.591530 0.906890
vt 0.586080 0.910790
vt 0.591970 0.907600
vt 0.597060 0.903060
vt 0.597490 0.903770
vt 0.602740 0.899350
vt 0.603150 0.900050
vt 0.609030 0.896040
vt 0.609420 0.896720
vt 0.616440 0.892230
vt 0.616670 0.893100
vt 0.619590 0.893230
vt 0.604480 0.687750
vt 0.603480 0.690350
vt 0.604350 0.690590
vt 0.602850 0.695930
vt 0.601980 0.695690
vt 0.601450 0.701270
vt 0.600580 0.701030
vt 0.600130 0.706610
vt 0.599260 0.706370
vt 0.599140 0.711820
vt 0.598260 0.711750
vt 0.600890 0.714790
vt 0.598360 0.714920
vt 0.599970 0.716640
vt 0.599080 0.716410
vt 0.282700 0.968230
vt 0.281620 0.968340
vt 0.282000 0.967660
vt 0.282330 0.968910
vt 0.615880 0.989310
vt 0.617420 0.984330
vt 0.616740 0.983860
vt 0.616560 0.989790
vt 0.618280 0.978800
vt 0.617590 0.978330
vt 0.619130 0.973120
vt 0.618450 0.972660
vt 0.619960 0.966830
vt 0.619280 0.966370
vt 0.621910 0.959430
vt 0.620690 0.959760
vt 0.619370 0.956270
vt 0.619090 0.957360
vt 0.614030 0.953780
vt 0.613750 0.954860
vt 0.608690 0.951260
vt 0.608410 0.952330
vt 0.603350 0.948750
vt 0.603070 0.949790
vt 0.598140 0.946980
vt 0.597860 0.948000
vt 0.595180 0.945660
vt 0.594890 0.946680
vt 0.593320 0.945130
vt 0.593040 0.946140
vt 0.286110 0.732300
vt 0.285290 0.731390
vt 0.286300 0.731410
vt 0.285100 0.732280
vt 0.641110 0.755650
vt 0.639350 0.756030
vt 0.639630 0.755020
vt 0.640830 0.756660
vt 0.636170 0.754860
vt 0.636460 0.753840
vt 0.630800 0.753000
vt 0.631080 0.751950
vt 0.625460 0.750460
vt 0.625740 0.749400
vt 0.620120 0.747930
vt 0.620400 0.746850
vt 0.614780 0.745420
vt 0.615060 0.744340
vt 0.612170 0.742790
vt 0.613400 0.742470
vt 0.613850 0.735540
vt 0.614530 0.736000
vt 0.614690 0.729270
vt 0.615370 0.729740
vt 0.615540 0.723610
vt 0.616220 0.724080
vt 0.616400 0.718090
vt 0.617080 0.718560
vt 0.617260 0.712640
vt 0.617940 0.713120
vt 0.073110 0.354990
vt 0.072340 0.361560
vt 0.071520 0.361260
vt 0.073930 0.355280
vt 0.070570 0.367810
vt 0.069760 0.367500
vt 0.068640 0.374030
vt 0.067830 0.373710
vt 0.066540 0.380200
vt 0.065740 0.379880
vt 0.064760 0.386610
vt 0.063880 0.386060
vt 0.062930 0.387830
vt 0.062410 0.386980
vt 0.479160 0.535710
vt 0.478010 0.530130
vt 0.478850 0.530350
vt 0.478320 0.535490
vt 0.477620 0.524770
vt 0.478460 0.524980
vt 0.477180 0.519400
vt 0.478010 0.519620
vt 0.476910 0.514160
vt 0.477700 0.514210
vt 0.474730 0.511240
vt 0.476920 0.511040
vt 0.475140 0.509360
vt 0.475970 0.509570
vt 0.623430 0.739260
vt 0.624210 0.732680
vt 0.622610 0.738960
vt 0.625020 0.732980
vt 0.625970 0.726420
vt 0.626780 0.726730
vt 0.627910 0.720200
vt 0.628710 0.720510
vt 0.630000 0.714020
vt 0.630800 0.714340
vt 0.632010 0.706890
vt 0.632890 0.707440
vt 0.635020 0.705860
vt 0.657910 0.691170
vt 0.658650 0.693770
vt 0.659490 0.693990
vt 0.659800 0.699340
vt 0.658960 0.699130
vt 0.660180 0.704710
vt 0.659350 0.704490
vt 0.660620 0.710070
vt 0.659790 0.709860
vt 0.660890 0.715310
vt 0.660100 0.715260
vt 0.663060 0.718240
vt 0.660870 0.718440
vt 0.662650 0.720120
vt 0.661820 0.719910
vt 0.287520 0.876700
vt 0.287390 0.875250
vt 0.288080 0.875880
vt 0.286840 0.876080
vt 0.447650 0.482050
vt 0.441360 0.483720
vt 0.441370 0.483030
vt 0.447650 0.482740
vt 0.435100 0.484690
vt 0.435120 0.484000
vt 0.428880 0.485660
vt 0.428900 0.484970
vt 0.422700 0.486620
vt 0.422730 0.485930
vt 0.415580 0.488730
vt 0.416320 0.487490
vt 0.264100 0.385690
vt 0.265350 0.386090
vt 0.262810 0.383080
vt 0.262520 0.383860
vt 0.257450 0.379890
vt 0.257160 0.380670
vt 0.252090 0.376530
vt 0.251800 0.377320
vt 0.246720 0.373040
vt 0.246430 0.373830
vt 0.241480 0.370280
vt 0.241190 0.371060
vt 0.238560 0.370280
vt 0.238270 0.371070
vt 0.236680 0.368890
vt 0.236380 0.369680
vt 0.256820 0.709140
vt 0.255520 0.708860
vt 0.256310 0.708320
vt 0.256030 0.709680
vt 0.638600 0.547100
vt 0.636840 0.547780
vt 0.637140 0.546990
vt 0.638310 0.547890
vt 0.633670 0.546570
vt 0.633960 0.545790
vt 0.628260 0.543740
vt 0.628550 0.542950
vt 0.622900 0.540260
vt 0.623180 0.539470
vt 0.617530 0.536900
vt 0.617820 0.536110
vt 0.612170 0.533710
vt 0.612470 0.532930
vt 0.658090 0.694060
vt 0.657170 0.692420
vt 0.651010 0.693000
vt 0.650990 0.693690
vt 0.644840 0.693970
vt 0.644820 0.694650
vt 0.638630 0.694930
vt 0.638610 0.695620
vt 0.632370 0.695900
vt 0.632360 0.696590
vt 0.626090 0.696880
vt 0.626090 0.697570
vt 0.031090 0.353300
vt 0.036850 0.356290
vt 0.036360 0.357040
vt 0.031580 0.352550
vt 0.042030 0.360070
vt 0.041530 0.360830
vt 0.047090 0.363900
vt 0.046590 0.364650
vt 0.052050 0.367760
vt 0.051540 0.368520
vt 0.056740 0.372140
vt 0.056200 0.372590
vt 0.604270 0.941070
vt 0.604910 0.938440
vt 0.605550 0.939220
vt 0.603470 0.940530
vt 0.608780 0.934860
vt 0.609420 0.935640
vt 0.612730 0.931310
vt 0.613370 0.932080
vt 0.616740 0.927800
vt 0.617380 0.928570
vt 0.620210 0.924670
vt 0.620940 0.925310
vt 0.620200 0.921380
vt 0.622450 0.922980
vt 0.621930 0.920700
vt 0.622580 0.921460
vt 0.651140 0.613250
vt 0.645380 0.610260
vt 0.650660 0.614000
vt 0.645870 0.609510
vt 0.640210 0.606470
vt 0.640710 0.605720
vt 0.635150 0.602650
vt 0.635660 0.601890
vt 0.630200 0.598790
vt 0.630710 0.598030
vt 0.625220 0.593520
vt 0.625760 0.593070
vt 0.097500 0.352980
vt 0.095600 0.356130
vt 0.098290 0.353520
vt 0.094960 0.355350
vt 0.091730 0.359710
vt 0.091090 0.358930
vt 0.087790 0.363270
vt 0.087140 0.362500
vt 0.083780 0.366790
vt 0.083130 0.366020
vt 0.080300 0.369930
vt 0.079580 0.369290
vt 0.080310 0.373220
vt 0.078070 0.371620
vt 0.078580 0.373910
vt 0.244120 0.682030
vt 0.245650 0.680870
vt 0.246410 0.680710
vt 0.026620 0.706200
vt 0.026310 0.704950
vt 0.025870 0.705640
vt 0.027060 0.705510
vt 0.309030 0.965020
vt 0.307710 0.960150
vt 0.308410 0.959740
vt 0.308340 0.965430
vt 0.644970 0.610690
vt 0.639800 0.606910
vt 0.634730 0.603090
vt 0.629770 0.599220
vt 0.625080 0.594840
vt 0.622610 0.594470
vt 0.622980 0.595260
vt 0.501620 0.995000
vt 0.504770 0.990810
vt 0.505570 0.991140
vt 0.500830 0.994680
vt 0.508680 0.986860
vt 0.509480 0.987190
vt 0.512560 0.982850
vt 0.513360 0.983180
vt 0.326720 0.932890
vt 0.323180 0.936230
vt 0.323590 0.937020
vt 0.326320 0.932090
vt 0.319890 0.938530
vt 0.320300 0.939330
vt 0.190210 0.734040
vt 0.190910 0.731980
vt 0.191710 0.732310
vt 0.189410 0.733710
vt 0.245990 0.679910
vt 0.245240 0.680070
vt 0.243710 0.681230
vt 0.241780 0.684550
vt 0.241380 0.683750
vt 0.238520 0.688810
vt 0.238120 0.688010
vt 0.603470 0.650210
vt 0.608150 0.646520
vt 0.607350 0.646190
vt 0.604270 0.650530
vt 0.612050 0.642570
vt 0.611250 0.642250
vt 0.615990 0.638700
vt 0.615200 0.638380
vt 0.617240 0.636170
vt 0.058060 0.371860
vt 0.056060 0.373910
vt 0.051110 0.368950
vt 0.046170 0.365090
vt 0.041110 0.361260
vt 0.035950 0.357480
vt 0.005620 0.676630
vt 0.005690 0.670950
vt 0.005000 0.671360
vt 0.006310 0.676210
vt 0.244670 0.363470
vt 0.239720 0.358850
vt 0.245130 0.362760
vt 0.239280 0.359550
vt 0.234240 0.354990
vt 0.233810 0.355690
vt 0.228670 0.351210
vt 0.228250 0.351910
vt 0.222610 0.347770
vt 0.222210 0.348450
vt 0.216150 0.344220
vt 0.215900 0.345090
vt 0.213770 0.344400
vt 0.214040 0.345280
vt 0.493960 0.386090
vt 0.493340 0.380510
vt 0.494840 0.385850
vt 0.492460 0.380750
vt 0.491920 0.375170
vt 0.491050 0.375410
vt 0.490580 0.369830
vt 0.489700 0.370070
vt 0.489540 0.364620
vt 0.488650 0.364690
vt 0.491290 0.361650
vt 0.488730 0.361520
vt 0.490350 0.359790
vt 0.489450 0.360030
vt 0.635240 0.533480
vt 0.640200 0.538110
vt 0.640640 0.537400
vt 0.634790 0.534190
vt 0.645680 0.541960
vt 0.646120 0.541260
vt 0.651260 0.545740
vt 0.651680 0.545050
vt 0.657330 0.549180
vt 0.657730 0.548500
vt 0.664570 0.553100
vt 0.664810 0.552240
vt 0.633050 0.766040
vt 0.633160 0.768880
vt 0.634030 0.768640
vt 0.667710 0.552130
vt 0.634650 0.774220
vt 0.635520 0.773980
vt 0.636060 0.779560
vt 0.636930 0.779320
vt 0.637390 0.784900
vt 0.638270 0.784660
vt 0.638410 0.790110
vt 0.639300 0.790040
vt 0.636660 0.793080
vt 0.639220 0.793210
vt 0.637600 0.794930
vt 0.638490 0.794700
vt 0.292060 0.931690
vt 0.293140 0.931800
vt 0.292430 0.932370
vt 0.292760 0.931120
vt 0.661700 0.606750
vt 0.660160 0.611670
vt 0.661020 0.606260
vt 0.660840 0.612150
vt 0.659310 0.617160
vt 0.659990 0.617630
vt 0.658450 0.622730
vt 0.659140 0.623200
vt 0.657620 0.628810
vt 0.658300 0.629270
vt 0.655670 0.636040
vt 0.656890 0.635720
vt 0.658210 0.639180
vt 0.658490 0.638110
vt 0.663550 0.641690
vt 0.663830 0.640620
vt 0.668880 0.644240
vt 0.669170 0.643180
vt 0.674220 0.646800
vt 0.674510 0.645770
vt 0.679430 0.648650
vt 0.679720 0.647640
vt 0.682400 0.649960
vt 0.682690 0.648950
vt 0.684260 0.650530
vt 0.684540 0.649530
vt 0.030350 0.696600
vt 0.029530 0.697500
vt 0.029350 0.696610
vt 0.030520 0.697500
vt 0.234640 0.433910
vt 0.236410 0.433540
vt 0.234930 0.432920
vt 0.236130 0.434540
vt 0.239590 0.434750
vt 0.239300 0.435760
vt 0.244970 0.436690
vt 0.244680 0.437720
vt 0.250310 0.439280
vt 0.250020 0.440330
vt 0.255650 0.441840
vt 0.255360 0.442910
vt 0.260980 0.444360
vt 0.260700 0.445440
vt 0.263590 0.446980
vt 0.262360 0.447290
vt 0.261910 0.454070
vt 0.261220 0.453610
vt 0.261070 0.460120
vt 0.260390 0.459650
vt 0.260220 0.465680
vt 0.259530 0.465200
vt 0.259360 0.471160
vt 0.258680 0.470680
vt 0.258500 0.476550
vt 0.257820 0.476070
vt 0.568980 0.627910
vt 0.561450 0.617090
vt 0.570210 0.627400
vt 0.560360 0.617560
vt 0.552130 0.607250
vt 0.551160 0.607680
vt 0.543140 0.597020
vt 0.542240 0.597420
vt 0.534880 0.586170
vt 0.534000 0.586560
vt 0.527380 0.575180
vt 0.526430 0.575590
vt 0.519520 0.564610
vt 0.518430 0.565090
vt 0.511290 0.554580
vt 0.510220 0.555030
vt 0.503560 0.544560
vt 0.502490 0.545010
vt 0.496220 0.534550
vt 0.495170 0.534970
vt 0.489600 0.524760
vt 0.488420 0.524850
vt 0.489210 0.519330
vt 0.485550 0.518910
vt 0.486180 0.515810
vt 0.485170 0.516180
vt 0.486410 0.500050
vt 0.493880 0.510910
vt 0.494980 0.510440
vt 0.485170 0.500560
vt 0.503180 0.520770
vt 0.504160 0.520340
vt 0.512160 0.531000
vt 0.513060 0.530590
vt 0.520440 0.541850
vt 0.521320 0.541460
vt 0.527980 0.552840
vt 0.528930 0.552430
vt 0.535890 0.563400
vt 0.536970 0.562930
vt 0.544130 0.573450
vt 0.545190 0.572990
vt 0.551870 0.583470
vt 0.552940 0.583020
vt 0.559220 0.593500
vt 0.560270 0.593080
vt 0.565840 0.603290
vt 0.567030 0.603210
vt 0.566230 0.608730
vt 0.569900 0.609160
vt 0.569270 0.612260
vt 0.570280 0.611880
vt 0.255710 0.895970
vt 0.256530 0.897580
vt 0.256720 0.896340
vt 0.255520 0.897200
vt 0.047030 0.663580
vt 0.057100 0.669670
vt 0.046750 0.664590
vt 0.057340 0.668660
vt 0.011070 0.684700
vt 0.005000 0.693580
vt 0.010060 0.684280
vt 0.006010 0.694030
vt 0.229650 0.398020
vt 0.239650 0.404100
vt 0.229430 0.399030
vt 0.239870 0.403090
vt 0.250500 0.409200
vt 0.250730 0.408190
vt 0.261500 0.414320
vt 0.261720 0.413310
vt 0.272050 0.419420
vt 0.272280 0.418420
vt 0.282100 0.424520
vt 0.282320 0.423510
vt 0.292120 0.429630
vt 0.292330 0.428630
vt 0.302150 0.434760
vt 0.302350 0.433750
vt 0.311950 0.439700
vt 0.312130 0.438690
vt 0.317380 0.441470
vt 0.317570 0.440470
vt 0.320910 0.443500
vt 0.321080 0.442490
vt 0.006200 0.879170
vt 0.005000 0.879870
vt 0.005190 0.878860
vt 0.006000 0.880180
vt 0.542580 0.515590
vt 0.545490 0.515540
vt 0.542760 0.514580
vt 0.545300 0.516550
vt 0.551440 0.518240
vt 0.551250 0.519240
vt 0.561570 0.523320
vt 0.561370 0.524330
vt 0.571620 0.528450
vt 0.571410 0.529460
vt 0.581660 0.533560
vt 0.581430 0.534570
vt 0.591720 0.538660
vt 0.591490 0.539670
vt 0.602220 0.543760
vt 0.601990 0.544770
vt 0.613190 0.548880
vt 0.612960 0.549890
vt 0.624050 0.553980
vt 0.623820 0.554990
vt 0.634300 0.559050
vt 0.634080 0.560060
vt 0.319740 0.921010
vt 0.315680 0.930630
vt 0.320750 0.921450
vt 0.314670 0.930210
vt 0.102420 0.720250
vt 0.113050 0.724330
vt 0.102670 0.719250
vt 0.112780 0.725340
s 0
usemtl BLy_Orange
f 1/1/1 2/2/1 3/3/1
f 4/1/2 5/4/2 6/2/2
s 1
f 7/3/3 8/5/3 9/6/3
s 0
f 10/3/4 11/2/4 12/5/4
f 13/6/5 14/7/5 15/8/5
f 16/6/6 17/5/6 18/7/6
f 19/8/7 20/9/7 21/10/7
f 22/8/8 23/7/8 24/9/8
f 25/10/9 26/11/9 27/12/9
f 28/10/10 29/9/10 30/11/10
f 31/12/11 32/13/11 33/14/11
f 34/12/12 35/11/12 36/13/12
f 37/15/13 38/16/13 39/17/13
f 40/15/14 41/18/14 42/16/14
f 43/17/15 44/19/15 45/20/15
f 46/17/16 47/16/16 48/19/16
f 49/20/17 50/21/17 51/22/17
f 52/20/18 53/19/18 54/21/18
f 55/22/19 56/23/19 57/24/19
f 58/22/20 59/21/20 60/23/20
f 61/24/21 62/25/21 63/26/21
f 64/24/22 65/23/22 66/25/22
f 67/26/23 68/27/23 69/28/23
f 70/26/24 71/25/24 72/27/24
f 73/29/25 74/30/25 75/31/25
f 76/29/26 77/32/26 78/30/26
f 79/32/27 80/33/27 81/30/27
f 82/32/28 83/34/28 84/33/28
f 85/34/29 86/35/29 87/33/29
f 88/34/30 89/36/30 90/35/30
f 91/36/31 92/37/31 93/35/31
f 94/36/32 95/38/32 96/37/32
f 97/38/33 98/39/33 99/37/33
f 100/38/34 101/40/34 102/39/34
f 103/40/35 104/41/35 105/39/35
f 106/42/36 107/43/36 108/44/36
f 109/43/37 110/45/37 111/44/37
f 112/43/38 113/46/38 114/45/38
f 115/46/39 116/47/39 117/45/39
f 118/46/40 119/48/40 120/47/40
f 121/48/41 122/49/41 123/47/41
f 124/48/42 125/50/42 126/49/42
f 127/50/43 128/51/43 129/49/43
s 1
f 130/50/44 131/52/44 132/51/44
s 0
f 133/52/45 134/53/45 135/51/45
f 136/52/46 137/54/46 138/53/46
f 139/54/47 140/55/47 141/53/47
s 1
f 142/54/48 143/56/48 144/55/48
s 0
f 145/57/49 146/58/49 147/59/49
f 148/57/50 149/60/50 150/58/50
f 151/61/51 152/62/51 153/63/51
f 154/61/52 155/64/52 156/62/52
f 157/63/53 158/65/53 159/66/53
f 160/63/54 161/62/54 162/65/54
f 163/66/55 164/67/55 165/68/55
f 166/66/56 167/65/56 168/67/56
f 169/68/57 170/69/57 171/70/57
f 172/68/58 173/67/58 174/69/58
f 175/70/59 176/71/59 177/72/59
f 178/70/60 179/69/60 180/71/60
f 181/72/61 182/73/61 183/74/61
f 184/72/62 185/71/62 186/73/62
f 187/74/63 188/75/63 189/76/63
f 190/74/64 191/73/64 192/75/64
f 193/76/65 194/77/65 195/78/65
f 196/76/66 197/75/66 198/77/66
f 199/78/67 200/79/67 201/80/67
f 202/78/68 203/77/68 204/79/68
f 205/80/69 206/81/69 207/82/69
f 208/80/70 209/79/70 210/81/70
f 211/82/71 212/83/71 213/84/71
f 214/82/72 215/81/72 216/83/72
f 217/84/73 218/85/73 219/86/73
f 220/84/74 221/83/74 222/85/74
f 223/87/75 224/88/75 225/89/75
f 226/87/76 227/90/76 228/88/76
f 229/91/77 230/92/77 231/93/77
f 232/91/78 233/94/78 234/92/78
f 235/93/79 236/95/79 237/96/79
f 238/93/80 239/92/80 240/95/80
f 241/96/81 242/97/81 243/98/81
f 244/96/82 245/95/82 246/97/82
f 247/98/83 248/99/83 249/100/83
f 250/98/84 251/97/84 252/99/84
f 253/100/85 254/101/85 255/102/85
f 256/100/86 257/99/86 258/101/86
f 259/102/87 260/103/87 261/104/87
f 262/102/88 263/101/88 264/103/88
f 265/104/89 266/105/89 267/106/89
f 268/104/90 269/103/90 270/105/90
f 271/106/91 272/107/91 273/108/91
f 274/106/92 275/105/92 276/107/92
f 277/108/93 278/109/93 279/110/93
f 280/108/94 281/107/94 282/109/94
f 283/110/95 284/111/95 285/112/95
f 286/110/96 287/109/96 288/111/96
f 289/112/97 290/113/97 291/114/97
f 292/112/98 293/111/98 294/113/98
f 295/114/99 296/115/99 297/116/99
f 298/114/100 299/113/100 300/115/100
f 301/117/101 302/118/101 303/119/101
f 304/117/102 305/120/102 306/118/102
f 307/120/103 308/121/103 309/118/103
f 310/120/104 311/122/104 312/121/104
f 313/122/105 314/123/105 315/121/105
f 316/122/106 317/124/106 318/123/106
f 319/124/107 320/125/107 321/123/107
f 322/124/108 323/126/108 324/125/108
f 325/126/109 326/127/109 327/125/109
f 328/126/110 329/128/110 330/127/110
f 331/128/110 332/129/110 333/127/110
f 334/128/111 335/130/111 336/129/111
f 337/130/112 338/131/112 339/129/112
f 340/130/113 341/132/113 342/131/113
f 343/132/114 344/133/114 345/131/114
f 346/132/115 347/134/115 348/133/115
f 349/134/116 350/135/116 351/133/116
f 352/134/117 353/136/117 354/135/117
f 355/136/118 356/137/118 357/135/118
f 358/136/119 359/138/119 360/137/119
f 361/138/120 362/139/120 363/137/120
f 364/138/121 365/140/121 366/139/121
f 367/140/122 368/141/122 369/139/122
f 370/140/123 371/142/123 372/141/123
f 373/143/124 374/144/124 375/145/124
f 376/143/125 377/146/125 378/144/125
f 379/145/126 380/147/126 381/148/126
f 382/145/127 383/144/127 384/147/127
f 385/148/128 386/149/128 387/150/128
f 388/148/129 389/147/129 390/149/129
f 391/150/130 392/151/130 393/152/130
f 394/150/131 395/149/131 396/151/131
f 397/152/132 398/153/132 399/154/132
f 400/152/133 401/151/133 402/153/133
s 1
f 403/154/134 404/155/134 405/156/134
s 0
f 406/154/135 407/153/135 408/155/135
f 409/156/136 410/157/136 411/158/136
f 412/156/137 413/155/137 414/157/137
f 415/158/138 416/159/138 417/160/138
f 418/158/139 419/157/139 420/159/139
f 421/160/140 422/161/140 423/162/140
f 424/160/141 425/159/141 426/161/141
f 427/162/142 428/163/142 429/164/142
f 430/162/143 431/161/143 432/163/143
f 433/164/144 434/165/144 435/166/144
f 436/164/145 437/163/145 438/165/145
f 439/166/146 440/167/146 441/168/146
f 442/166/147 443/165/147 444/167/147
f 445/169/148 446/170/148 447/171/148
f 448/169/149 449/172/149 450/170/149
f 451/173/150 452/174/150 453/175/150
f 454/173/151 455/176/151 456/174/151
f 457/177/152 458/178/152 459/179/152
f 460/177/153 461/180/153 462/178/153
f 463/181/154 464/182/154 465/183/154
f 466/181/155 467/184/155 468/182/155
f 469/184/156 470/185/156 471/182/156
f 472/184/157 473/186/157 474/185/157
f 475/186/158 476/187/158 477/185/158
f 478/186/159 479/188/159 480/187/159
f 481/188/160 482/189/160 483/187/160
f 484/188/161 485/190/161 486/189/161
f 487/190/162 488/191/162 489/189/162
f 490/190/163 491/192/163 492/191/163
f 493/192/164 494/193/164 495/191/164
f 496/192/165 497/194/165 498/193/165
f 499/194/166 500/195/166 501/193/166
f 502/194/167 503/196/167 504/195/167
f 505/196/168 506/197/168 507/195/168
f 508/196/169 509/198/169 510/197/169
f 511/198/170 512/199/170 513/197/170
f 514/198/171 515/200/171 516/199/171
f 517/200/172 518/201/172 519/199/172
f 520/200/173 521/202/173 522/201/173
f 523/203/174 524/204/174 525/205/174
f 526/203/175 527/206/175 528/204/175
f 529/207/176 530/208/176 531/209/176
f 532/207/177 533/210/177 534/208/177
f 535/210/178 536/211/178 537/208/178
f 538/210/179 539/212/179 540/211/179
f 541/212/180 542/213/180 543/211/180
f 544/212/181 545/214/181 546/213/181
f 547/214/182 548/215/182 549/213/182
f 550/214/183 551/216/183 552/215/183
f 553/216/184 554/217/184 555/215/184
f 556/216/185 557/218/185 558/217/185
f 559/218/186 560/219/186 561/217/186
f 562/218/187 563/220/187 564/219/187
f 565/220/188 566/221/188 567/219/188
f 568/220/189 569/222/189 570/221/189
f 571/222/190 572/223/190 573/221/190
f 574/222/191 575/224/191 576/223/191
f 577/224/192 578/225/192 579/223/192
f 580/224/193 581/226/193 582/225/193
f 583/226/194 584/227/194 585/225/194
f 586/226/195 587/228/195 588/227/195
s 1
f 589/229/196 590/230/196 591/231/196
s 0
f 592/229/197 593/232/197 594/230/197
f 595/233/198 596/234/198 597/235/198
f 598/233/199 599/236/199 600/234/199
f 601/237/200 602/238/200 603/239/200
f 604/237/201 605/240/201 606/238/201
f 607/239/202 608/241/202 609/242/202
f 610/239/203 611/238/203 612/241/203
f 613/242/204 614/243/204 615/244/204
f 616/242/205 617/241/205 618/243/205
f 619/244/206 620/245/206 621/246/206
f 622/244/207 623/243/207 624/245/207
f 625/246/208 626/247/208 627/248/208
f 628/246/209 629/245/209 630/247/209
f 631/248/210 632/249/210 633/250/210
f 634/248/211 635/247/211 636/249/211
f 637/251/212 638/252/212 639/253/212
s 1
f 640/251/213 641/254/213 642/252/213
s 0
f 643/253/214 644/255/214 645/256/214
f 646/253/215 647/252/215 648/255/215
f 649/256/216 650/257/216 651/258/216
f 652/256/217 653/255/217 654/257/217
f 655/258/218 656/259/218 657/260/218
f 658/258/219 659/257/219 660/259/219
f 661/260/220 662/261/220 663/262/220
f 664/260/221 665/259/221 666/261/221
f 667/262/222 668/263/222 669/264/222
f 670/262/223 671/261/223 672/263/223
f 673/265/224 674/266/224 675/267/224
f 676/265/225 677/268/225 678/266/225
f 679/268/226 680/269/226 681/266/226
f 682/268/227 683/270/227 684/269/227
s 1
f 685/270/228 686/271/228 687/269/228
s 0
f 688/270/229 689/272/229 690/271/229
f 691/272/230 692/273/230 693/271/230
f 694/272/231 695/274/231 696/273/231
f 697/274/232 698/275/232 699/273/232
f 700/274/233 701/276/233 702/275/233
f 703/276/234 704/277/234 705/275/234
f 706/278/235 707/279/235 708/280/235
f 709/279/236 710/281/236 711/280/236
f 712/279/237 713/282/237 714/281/237
f 715/282/238 716/283/238 717/281/238
f 718/282/239 719/284/239 720/283/239
f 721/284/240 722/285/240 723/283/240
f 724/284/241 725/286/241 726/285/241
s 1
f 727/286/242 728/287/242 729/285/242
s 0
f 730/286/243 731/288/243 732/287/243
f 733/288/244 734/289/244 735/287/244
f 736/288/245 737/290/245 738/289/245
f 739/290/246 740/291/246 741/289/246
f 742/290/247 743/292/247 744/291/247
f 745/293/248 746/294/248 747/295/248
f 748/293/249 749/296/249 750/294/249
f 751/297/250 752/298/250 753/299/250
f 754/297/251 755/300/251 756/298/251
f 757/299/252 758/301/252 759/302/252
f 760/299/253 761/298/253 762/301/253
f 763/302/254 764/303/254 765/304/254
f 766/302/255 767/301/255 768/303/255
f 769/304/256 770/305/256 771/306/256
f 772/304/257 773/303/257 774/305/257
f 775/306/258 776/307/258 777/308/258
f 778/306/259 779/305/259 780/307/259
f 781/309/260 782/310/260 783/311/260
f 784/309/261 785/311/261 786/312/261
f 787/312/262 788/313/262 789/314/262
f 790/312/263 791/311/263 792/313/263
f 793/314/264 794/315/264 795/316/264
f 796/314/265 797/313/265 798/315/265
f 799/316/266 800/317/266 801/318/266
f 802/316/267 803/315/267 804/317/267
f 805/318/268 806/319/268 807/320/268
f 808/318/269 809/317/269 810/319/269
f 811/320/270 812/321/270 813/322/270
f 814/320/271 815/319/271 816/321/271
f 817/322/272 818/323/272 819/324/272
f 820/322/273 821/321/273 822/323/273
f 823/325/274 824/326/274 825/327/274
f 826/325/275 827/328/275 828/326/275
f 829/329/276 830/330/276 831/331/276
f 832/329/277 833/332/277 834/330/277
f 835/331/278 836/333/278 837/334/278
f 838/331/279 839/330/279 840/333/279
f 841/334/280 842/335/280 843/336/280
f 844/334/281 845/333/281 846/335/281
f 847/336/282 848/337/282 849/338/282
f 850/336/283 851/335/283 852/337/283
f 853/338/284 854/339/284 855/340/284
s 1
f 856/338/285 857/337/285 858/339/285
s 0
f 859/340/286 860/341/286 861/342/286
f 862/340/287 863/339/287 864/341/287
f 865/343/288 866/279/288 867/278/288
f 868/343/289 869/278/289 870/344/289
f 871/344/290 872/345/290 873/346/290
f 874/344/291 875/278/291 876/345/291
f 877/346/292 878/347/292 879/348/292
f 880/346/293 881/345/293 882/347/293
f 883/348/294 884/349/294 885/350/294
f 886/348/295 887/347/295 888/349/295
f 889/350/296 890/351/296 891/352/296
f 892/350/297 893/349/297 894/351/297
f 895/352/298 896/353/298 897/354/298
s 1
f 898/352/299 899/351/299 900/353/299
s 0
f 901/355/300 902/356/300 903/357/300
f 904/355/301 905/358/301 906/356/301
f 907/359/302 908/356/302 909/358/302
f 910/359/303 911/360/303 912/356/303
f 913/361/304 914/356/304 915/360/304
f 916/361/305 917/362/305 918/356/305
f 919/363/306 920/356/306 921/362/306
f 922/363/307 923/357/307 924/356/307
f 925/359/308 926/364/308 927/360/308
f 928/359/309 929/365/309 930/364/309
f 931/366/310 932/364/310 933/365/310
f 934/366/311 935/367/311 936/364/311
f 937/368/312 938/364/312 939/367/312
f 940/368/313 941/369/313 942/364/313
f 943/361/314 944/364/314 945/369/314
f 946/361/315 947/360/315 948/364/315
f 949/370/316 950/371/316 951/372/316
f 952/370/317 953/373/317 954/371/317
f 955/374/318 956/371/318 957/373/318
f 958/374/319 959/375/319 960/371/319
f 961/376/320 962/371/320 963/375/320
f 964/376/321 965/377/321 966/371/321
f 967/378/322 968/371/322 969/377/322
f 970/378/323 971/372/323 972/371/323
f 973/379/324 974/380/324 975/381/324
f 976/379/325 977/382/325 978/380/325
f 979/383/326 980/380/326 981/382/326
f 982/383/327 983/384/327 984/380/327
f 985/355/328 986/385/328 987/386/328
f 988/355/329 989/357/329 990/385/329
f 991/363/330 992/385/330 993/357/330
f 994/363/331 995/387/331 996/385/331
f 997/388/332 998/389/332 999/390/332
f 1000/388/333 1001/391/333 1002/389/333
f 1003/392/334 1004/389/334 1005/391/334
f 1006/392/335 1007/393/335 1008/389/335
f 1009/392/336 1010/394/336 1011/393/336
f 1012/392/337 1013/395/337 1014/394/337
f 1015/396/338 1016/394/338 1017/395/338
f 1018/396/339 1019/397/339 1020/394/339
f 1021/398/340 1022/399/340 1023/400/340
f 1024/398/341 1025/401/341 1026/399/341
f 1027/402/342 1028/399/342 1029/401/342
f 1030/402/343 1031/403/343 1032/399/343
f 1033/404/344 1034/405/344 1035/406/344
f 1036/404/345 1037/407/345 1038/405/345
f 1039/408/346 1040/405/346 1041/407/346
f 1042/408/347 1043/409/347 1044/405/347
s 1
f 1045/408/348 1046/410/348 1047/409/348
s 0
f 1048/408/349 1049/411/349 1050/410/349
f 1051/412/350 1052/410/350 1053/411/350
f 1054/412/351 1055/413/351 1056/410/351
f 1057/414/352 1058/415/352 1059/416/352
f 1060/414/353 1061/417/353 1062/415/353
f 1063/418/354 1064/419/354 1065/420/354
f 1066/418/355 1067/421/355 1068/419/355
f 1069/422/356 1070/419/356 1071/421/356
f 1072/422/357 1073/423/357 1074/419/357
f 1075/422/358 1076/424/358 1077/423/358
f 1078/422/359 1079/425/359 1080/424/359
f 1081/426/360 1082/424/360 1083/425/360
f 1084/426/361 1085/427/361 1086/424/361
f 1087/428/362 1088/429/362 1089/430/362
f 1090/428/363 1091/431/363 1092/429/363
f 1093/432/364 1094/429/364 1095/431/364
f 1096/432/365 1097/433/365 1098/429/365
f 1099/434/366 1100/435/366 1101/436/366
f 1102/434/367 1103/437/367 1104/435/367
s 1
f 1105/438/368 1106/435/368 1107/437/368
s 0
f 1108/438/369 1109/439/369 1110/435/369
f 1111/366/370 1112/440/370 1113/367/370
f 1114/366/371 1115/441/371 1116/440/371
f 1117/370/372 1118/440/372 1119/441/372
f 1120/370/373 1121/372/373 1122/440/373
f 1123/378/374 1124/440/374 1125/372/374
f 1126/378/375 1127/442/375 1128/440/375
f 1129/368/376 1130/440/376 1131/442/376
f 1132/368/377 1133/367/377 1134/440/377
f 1135/396/378 1136/443/378 1137/397/378
f 1138/396/379 1139/444/379 1140/443/379
f 1141/398/380 1142/443/380 1143/444/380
s 1
f 1144/398/381 1145/400/381 1146/443/381
s 0
f 1147/432/382 1148/445/382 1149/433/382
f 1150/432/383 1151/446/383 1152/445/383
s 1
f 1153/434/384 1154/445/384 1155/446/384
s 0
f 1156/434/385 1157/436/385 1158/445/385
f 1159/374/386 1160/447/386 1161/375/386
f 1162/374/387 1163/448/387 1164/447/387
f 1165/449/388 1166/447/388 1167/448/388
f 1168/449/389 1169/450/389 1170/447/389
f 1171/451/390 1172/447/390 1173/450/390
f 1174/451/391 1175/452/391 1176/447/391
f 1177/376/392 1178/447/392 1179/452/392
f 1180/376/393 1181/375/393 1182/447/393
f 1183/402/394 1184/453/394 1185/403/394
f 1186/402/395 1187/454/395 1188/453/395
f 1189/404/396 1190/453/396 1191/454/396
f 1192/404/397 1193/406/397 1194/453/397
f 1195/426/398 1196/455/398 1197/427/398
f 1198/426/399 1199/456/399 1200/455/399
f 1201/428/400 1202/455/400 1203/456/400
f 1204/428/401 1205/430/401 1206/455/401
f 1207/449/402 1208/457/402 1209/450/402
f 1210/449/403 1211/458/403 1212/457/403
f 1213/459/404 1214/457/404 1215/458/404
s 1
f 1216/459/405 1217/384/405 1218/457/405
s 0
f 1219/383/406 1220/457/406 1221/384/406
f 1222/383/407 1223/460/407 1224/457/407
f 1225/451/408 1226/457/408 1227/460/408
f 1228/451/409 1229/450/409 1230/457/409
f 1231/459/410 1232/380/410 1233/384/410
f 1234/459/411 1235/461/411 1236/380/411
f 1237/462/412 1238/380/412 1239/461/412
f 1240/462/413 1241/381/413 1242/380/413
f 1243/463/414 1244/415/414 1245/417/414
f 1246/463/415 1247/464/415 1248/415/415
f 1249/465/416 1250/466/416 1251/467/416
f 1252/465/417 1253/468/417 1254/466/417
f 1255/418/418 1256/466/418 1257/468/418
f 1258/418/419 1259/420/419 1260/466/419
f 1261/469/420 1262/470/420 1263/471/420
f 1264/469/421 1265/472/421 1266/470/421
f 1267/473/422 1268/470/422 1269/472/422
f 1270/473/423 1271/474/423 1272/470/423
f 1273/475/424 1274/470/424 1275/474/424
f 1276/475/425 1277/476/425 1278/470/425
f 1279/477/426 1280/470/426 1281/476/426
f 1282/477/427 1283/471/427 1284/470/427
f 1285/477/428 1286/478/428 1287/479/428
f 1288/477/429 1289/476/429 1290/478/429
s 1
f 1291/475/430 1292/478/430 1293/476/430
s 0
f 1294/475/431 1295/480/431 1296/478/431
f 1297/481/432 1298/478/432 1299/480/432
f 1300/481/433 1301/482/433 1302/478/433
f 1303/483/434 1304/478/434 1305/482/434
f 1306/483/435 1307/479/435 1308/478/435
f 1309/484/436 1310/485/436 1311/486/436
f 1312/484/437 1313/487/437 1314/485/437
f 1315/488/438 1316/485/438 1317/487/438
f 1318/488/439 1319/489/439 1320/485/439
f 1321/490/440 1322/485/440 1323/489/440
f 1324/490/441 1325/491/441 1326/485/441
f 1327/492/442 1328/485/442 1329/491/442
f 1330/492/443 1331/486/443 1332/485/443
f 1333/493/444 1334/494/444 1335/495/444
f 1336/493/445 1337/496/445 1338/494/445
f 1339/497/446 1340/494/446 1341/496/446
f 1342/498/447 1343/499/447 1344/500/447
f 1345/473/448 1346/501/448 1347/502/448
f 1348/473/449 1349/472/449 1350/501/449
f 1351/469/450 1352/501/450 1353/472/450
f 1354/469/451 1355/503/451 1356/501/451
f 1357/504/452 1358/389/452 1359/393/452
f 1360/504/453 1361/505/453 1362/389/453
f 1363/506/454 1364/389/454 1365/505/454
f 1366/506/455 1367/390/455 1368/389/455
f 1369/507/456 1370/394/456 1371/397/456
f 1372/507/457 1373/508/457 1374/394/457
f 1375/504/458 1376/394/458 1377/508/458
s 1
f 1378/504/459 1379/393/459 1380/394/459
s 0
f 1381/509/460 1382/399/460 1383/403/460
f 1384/509/461 1385/510/461 1386/399/461
f 1387/511/462 1388/399/462 1389/510/462
s 1
f 1390/511/463 1391/400/463 1392/399/463
s 0
f 1393/512/464 1394/405/464 1395/409/464
f 1396/512/465 1397/513/465 1398/405/465
f 1399/514/466 1400/405/466 1401/513/466
f 1402/514/467 1403/406/467 1404/405/467
f 1405/515/468 1406/410/468 1407/413/468
f 1408/515/469 1409/516/469 1410/410/469
f 1411/512/470 1412/410/470 1413/516/470
f 1414/512/471 1415/409/471 1416/410/471
f 1417/498/472 1418/415/472 1419/499/472
f 1420/498/473 1421/416/473 1422/415/473
f 1423/517/474 1424/419/474 1425/423/474
f 1426/517/475 1427/518/475 1428/419/475
f 1429/519/476 1430/419/476 1431/518/476
f 1432/519/477 1433/420/477 1434/419/477
f 1435/520/478 1436/424/478 1437/427/478
f 1438/520/479 1439/521/479 1440/424/479
f 1441/517/480 1442/424/480 1443/521/480
f 1444/517/481 1445/423/481 1446/424/481
f 1447/522/482 1448/429/482 1449/433/482
f 1450/522/483 1451/523/483 1452/429/483
f 1453/524/484 1454/429/484 1455/523/484
f 1456/524/485 1457/430/485 1458/429/485
f 1459/525/486 1460/435/486 1461/439/486
f 1462/525/487 1463/526/487 1464/435/487
f 1465/527/488 1466/435/488 1467/526/488
f 1468/527/489 1469/436/489 1470/435/489
f 1471/481/490 1472/528/490 1473/482/490
f 1474/481/491 1475/529/491 1476/528/491
f 1477/488/492 1478/528/492 1479/529/492
f 1480/488/493 1481/487/493 1482/528/493
f 1483/484/494 1484/528/494 1485/487/494
f 1486/484/495 1487/530/495 1488/528/495
f 1489/483/496 1490/528/496 1491/530/496
f 1492/483/497 1493/482/497 1494/528/497
f 1495/511/498 1496/443/498 1497/400/498
s 1
f 1498/511/499 1499/531/499 1500/443/499
s 0
f 1501/507/500 1502/443/500 1503/531/500
f 1504/507/501 1505/397/501 1506/443/501
f 1507/527/502 1508/445/502 1509/436/502
f 1510/527/503 1511/532/503 1512/445/503
f 1513/522/504 1514/445/504 1515/532/504
f 1516/522/505 1517/433/505 1518/445/505
f 1519/490/506 1520/533/506 1521/491/506
f 1522/490/507 1523/534/507 1524/533/507
f 1525/535/508 1526/533/508 1527/534/508
f 1528/535/509 1529/536/509 1530/533/509
f 1531/537/510 1532/533/510 1533/536/510
s 1
f 1534/537/511 1535/538/511 1536/533/511
f 1537/492/512 1538/533/512 1539/538/512
s 0
f 1540/492/513 1541/491/513 1542/533/513
f 1543/514/514 1544/453/514 1545/406/514
f 1546/514/515 1547/539/515 1548/453/515
f 1549/509/516 1550/453/516 1551/539/516
f 1552/509/517 1553/403/517 1554/453/517
f 1555/524/518 1556/455/518 1557/430/518
f 1558/524/519 1559/540/519 1560/455/519
f 1561/520/520 1562/455/520 1563/540/520
f 1564/520/521 1565/427/521 1566/455/521
f 1567/537/522 1568/541/522 1569/542/522
f 1570/537/523 1571/536/523 1572/541/523
f 1573/535/524 1574/541/524 1575/536/524
f 1576/535/525 1577/543/525 1578/541/525
f 1579/493/526 1580/541/526 1581/543/526
f 1582/493/527 1583/495/527 1584/541/527
f 1585/544/528 1586/541/528 1587/495/528
f 1588/544/529 1589/542/529 1590/541/529
f 1591/544/530 1592/494/530 1593/545/530
f 1594/544/531 1595/495/531 1596/494/531
f 1597/546/532 1598/500/532 1599/499/532
f 1600/547/533 1601/545/533 1602/494/533
f 1603/546/534 1604/415/534 1605/464/534
f 1606/546/535 1607/499/535 1608/415/535
f 1609/519/536 1610/466/536 1611/420/536
f 1612/519/537 1613/548/537 1614/466/537
f 1615/549/538 1616/466/538 1617/548/538
f 1618/549/539 1619/467/539 1620/466/539
f 1621/550/540 1622/551/540 1623/552/540
f 1624/550/541 1625/553/541 1626/551/541
f 1627/552/542 1628/554/542 1629/555/542
f 1630/552/543 1631/551/543 1632/554/543
f 1633/555/544 1634/556/544 1635/557/544
f 1636/555/545 1637/554/545 1638/556/545
f 1639/557/546 1640/558/546 1641/559/546
f 1642/557/547 1643/556/547 1644/558/547
f 1645/559/548 1646/560/548 1647/561/548
f 1648/559/549 1649/558/549 1650/560/549
f 1651/562/550 1652/563/550 1653/564/550
f 1654/562/551 1655/565/551 1656/563/551
f 1657/564/552 1658/566/552 1659/567/552
f 1660/564/553 1661/563/553 1662/566/553
f 1663/567/554 1664/568/554 1665/569/554
s 1
f 1666/567/555 1667/566/555 1668/568/555
f 1669/569/556 1670/570/556 1671/571/556
s 0
f 1672/569/557 1673/568/557 1674/570/557
f 1675/571/558 1676/572/558 1677/573/558
f 1678/571/559 1679/570/559 1680/572/559
f 1681/573/560 1682/574/560 1683/575/560
f 1684/573/561 1685/572/561 1686/574/561
f 1687/575/562 1688/576/562 1689/577/562
f 1690/575/563 1691/574/563 1692/576/563
f 1693/578/564 1694/579/564 1695/580/564
s 1
f 1696/578/565 1697/581/565 1698/579/565
s 0
f 1699/581/566 1700/582/566 1701/579/566
f 1702/581/567 1703/583/567 1704/582/567
f 1705/583/568 1706/584/568 1707/582/568
f 1708/583/569 1709/585/569 1710/584/569
f 1711/585/570 1712/586/570 1713/584/570
f 1714/585/571 1715/587/571 1716/586/571
f 1717/587/572 1718/588/572 1719/586/572
f 1720/587/573 1721/589/573 1722/588/573
f 1723/590/574 1724/591/574 1725/592/574
f 1726/590/575 1727/593/575 1728/591/575
f 1729/593/576 1730/594/576 1731/591/576
f 1732/593/577 1733/595/577 1734/594/577
f 1735/595/578 1736/596/578 1737/594/578
f 1738/595/579 1739/597/579 1740/596/579
f 1741/597/580 1742/598/580 1743/596/580
f 1744/597/581 1745/599/581 1746/598/581
f 1747/599/582 1748/600/582 1749/598/582
f 1750/599/583 1751/601/583 1752/600/583
f 1753/601/584 1754/602/584 1755/600/584
f 1756/601/585 1757/603/585 1758/602/585
f 1759/603/586 1760/604/586 1761/602/586
f 1762/605/587 1763/606/587 1764/607/587
f 1765/608/588 1766/609/588 1767/610/588
f 1768/608/589 1769/611/589 1770/609/589
f 1771/612/590 1772/613/590 1773/614/590
f 1774/612/591 1775/615/591 1776/613/591
f 1777/616/592 1778/582/592 1779/617/592
f 1780/616/593 1781/579/593 1782/582/593
f 1783/617/594 1784/584/594 1785/618/594
f 1786/617/595 1787/582/595 1788/584/595
f 1789/618/596 1790/586/596 1791/619/596
f 1792/618/597 1793/584/597 1794/586/597
f 1795/619/598 1796/588/598 1797/620/598
f 1798/619/599 1799/586/599 1800/588/599
f 1801/620/600 1802/621/600 1803/622/600
f 1804/620/601 1805/588/601 1806/621/601
f 1807/623/602 1808/624/602 1809/625/602
f 1810/623/603 1811/626/603 1812/624/603
f 1813/625/604 1814/627/604 1815/628/604
f 1816/625/605 1817/624/605 1818/627/605
f 1819/628/606 1820/629/606 1821/630/606
f 1822/628/607 1823/627/607 1824/629/607
f 1825/631/608 1826/632/608 1827/633/608
f 1828/631/609 1829/634/609 1830/632/609
f 1831/633/610 1832/635/610 1833/636/610
f 1834/633/611 1835/632/611 1836/635/611
f 1837/637/612 1838/638/612 1839/639/612
f 1840/637/613 1841/640/613 1842/638/613
f 1843/641/614 1844/606/614 1845/642/614
f 1846/641/615 1847/607/615 1848/606/615
f 1849/642/616 1850/605/616 1851/643/616
f 1852/642/617 1853/606/617 1854/605/617
f 1855/643/618 1856/644/618 1857/645/618
f 1858/643/619 1859/605/619 1860/644/619
f 1861/645/620 1862/646/620 1863/647/620
f 1864/645/621 1865/644/621 1866/646/621
f 1867/648/622 1868/649/622 1869/650/622
f 1870/648/623 1871/651/623 1872/649/623
f 1873/650/624 1874/652/624 1875/653/624
f 1876/650/625 1877/649/625 1878/652/625
f 1879/653/626 1880/654/626 1881/655/626
f 1882/653/627 1883/652/627 1884/654/627
f 1885/655/628 1886/654/628 1887/656/628
f 1888/657/629 1889/658/629 1890/561/629
f 1891/561/630 1892/659/630 1893/559/630
s 1
f 1894/561/631 1895/658/631 1896/659/631
s 0
f 1897/559/632 1898/660/632 1899/557/632
f 1900/559/633 1901/659/633 1902/660/633
f 1903/557/634 1904/661/634 1905/555/634
s 1
f 1906/557/635 1907/660/635 1908/661/635
s 0
f 1909/555/636 1910/662/636 1911/552/636
f 1912/555/637 1913/661/637 1914/662/637
f 1915/663/638 1916/664/638 1917/665/638
f 1918/663/639 1919/666/639 1920/664/639
f 1921/667/640 1922/668/640 1923/669/640
f 1924/667/641 1925/670/641 1926/668/641
f 1927/670/642 1928/671/642 1929/668/642
f 1930/670/643 1931/672/643 1932/671/643
f 1933/672/644 1934/673/644 1935/671/644
s 1
f 1936/672/645 1937/674/645 1938/673/645
f 1939/674/646 1940/675/646 1941/673/646
s 0
f 1942/674/647 1943/676/647 1944/675/647
f 1945/676/648 1946/677/648 1947/675/648
f 1948/676/649 1949/678/649 1950/677/649
f 1951/678/650 1952/679/650 1953/677/650
f 1954/678/651 1955/680/651 1956/679/651
f 1957/681/652 1958/682/652 1959/683/652
f 1960/681/653 1961/684/653 1962/682/653
f 1963/684/654 1964/685/654 1965/682/654
f 1966/684/655 1967/686/655 1968/685/655
f 1969/686/656 1970/687/656 1971/685/656
f 1972/686/657 1973/688/657 1974/687/657
f 1975/688/658 1976/689/658 1977/687/658
f 1978/688/659 1979/690/659 1980/689/659
f 1981/690/660 1982/691/660 1983/689/660
f 1984/690/661 1985/692/661 1986/691/661
f 1987/692/662 1988/693/662 1989/691/662
f 1990/692/663 1991/694/663 1992/693/663
f 1993/695/664 1994/696/664 1995/697/664
f 1996/695/665 1997/698/665 1998/696/665
s 1
f 1999/697/666 2000/699/666 2001/700/666
s 0
f 2002/697/667 2003/696/667 2004/699/667
f 2005/700/668 2006/701/668 2007/702/668
s 1
f 2008/700/669 2009/699/669 2010/701/669
s 0
f 2011/702/670 2012/703/670 2013/704/670
f 2014/702/671 2015/701/671 2016/703/671
f 2017/704/672 2018/705/672 2019/706/672
f 2020/704/673 2021/703/673 2022/705/673
f 2023/707/674 2024/708/674 2025/709/674
f 2026/706/675 2027/705/675 2028/710/675
f 2029/709/676 2030/711/676 2031/712/676
s 1
f 2032/709/677 2033/708/677 2034/711/677
s 0
f 2035/712/678 2036/713/678 2037/714/678
f 2038/712/679 2039/711/679 2040/713/679
f 2041/714/680 2042/715/680 2043/716/680
f 2044/714/681 2045/713/681 2046/715/681
f 2047/716/682 2048/717/682 2049/718/682
f 2050/716/683 2051/715/683 2052/717/683
f 2053/718/684 2054/719/684 2055/720/684
f 2056/718/685 2057/717/685 2058/719/685
f 2059/720/686 2060/721/686 2061/722/686
f 2062/720/687 2063/719/687 2064/721/687
f 2065/723/688 2066/724/688 2067/725/688
f 2068/723/689 2069/726/689 2070/724/689
f 2071/727/690 2072/728/690 2073/729/690
f 2074/727/691 2075/730/691 2076/728/691
f 2077/730/692 2078/731/692 2079/728/692
f 2080/730/693 2081/732/693 2082/731/693
f 2083/732/694 2084/733/694 2085/731/694
s 1
f 2086/732/695 2087/734/695 2088/733/695
s 0
f 2089/734/696 2090/735/696 2091/733/696
f 2092/734/697 2093/736/697 2094/735/697
f 2095/736/698 2096/737/698 2097/735/698
s 1
f 2098/736/699 2099/738/699 2100/737/699
s 0
f 2101/739/700 2102/740/700 2103/741/700
f 2104/739/701 2105/742/701 2106/740/701
f 2107/742/702 2108/743/702 2109/740/702
f 2110/742/703 2111/744/703 2112/743/703
f 2113/744/704 2114/745/704 2115/743/704
f 2116/744/705 2117/746/705 2118/745/705
f 2119/746/706 2120/747/706 2121/745/706
f 2122/746/707 2123/748/707 2124/747/707
f 2125/748/708 2126/749/708 2127/747/708
f 2128/748/709 2129/750/709 2130/749/709
f 2131/750/710 2132/751/710 2133/749/710
f 2134/750/711 2135/752/711 2136/751/711
f 2137/752/712 2138/753/712 2139/751/712
f 2140/752/713 2141/754/713 2142/753/713
f 2143/755/714 2144/756/714 2145/757/714
f 2146/755/715 2147/758/715 2148/756/715
f 2149/759/716 2150/760/716 2151/761/716
f 2152/759/717 2153/762/717 2154/760/717
f 2155/762/718 2156/763/718 2157/760/718
f 2158/762/719 2159/764/719 2160/763/719
f 2161/764/720 2162/765/720 2163/763/720
f 2164/764/721 2165/766/721 2166/765/721
f 2167/766/722 2168/767/722 2169/765/722
f 2170/766/723 2171/768/723 2172/767/723
f 2173/768/724 2174/769/724 2175/767/724
f 2176/768/725 2177/770/725 2178/769/725
s 1
f 2179/770/726 2180/771/726 2181/769/726
s 0
f 2182/770/727 2183/772/727 2184/771/727
f 2185/773/728 2186/707/728 2187/709/728
f 2188/773/729 2189/774/729 2190/707/729
f 2191/774/730 2192/775/730 2193/707/730
f 2194/774/731 2195/776/731 2196/775/731
f 2197/776/732 2198/777/732 2199/775/732
f 2200/776/733 2201/778/733 2202/777/733
f 2203/778/734 2204/779/734 2205/777/734
f 2206/778/735 2207/780/735 2208/779/735
f 2209/780/736 2210/781/736 2211/779/736
f 2212/780/737 2213/782/737 2214/781/737
f 2215/782/738 2216/783/738 2217/781/738
f 2218/782/739 2219/784/739 2220/783/739
f 2221/785/740 2222/786/740 2223/787/740
f 2224/785/741 2225/788/741 2226/786/741
f 2227/788/742 2228/789/742 2229/786/742
s 1
f 2230/788/743 2231/790/743 2232/789/743
s 0
f 2233/790/744 2234/791/744 2235/789/744
f 2236/790/745 2237/792/745 2238/791/745
f 2239/792/746 2240/793/746 2241/791/746
f 2242/792/747 2243/794/747 2244/793/747
f 2245/794/748 2246/795/748 2247/793/748
f 2248/794/749 2249/796/749 2250/795/749
s 1
f 2251/796/750 2252/797/750 2253/795/750
s 0
f 2254/796/751 2255/798/751 2256/797/751
f 2257/799/752 2258/800/752 2259/801/752
f 2260/799/753 2261/802/753 2262/800/753
f 2263/802/754 2264/803/754 2265/800/754
f 2266/802/755 2267/804/755 2268/803/755
f 2269/804/756 2270/805/756 2271/803/756
f 2272/804/757 2273/806/757 2274/805/757
f 2275/806/758 2276/807/758 2277/805/758
f 2278/806/759 2279/808/759 2280/807/759
f 2281/808/760 2282/809/760 2283/807/760
f 2284/808/761 2285/810/761 2286/809/761
f 2287/810/762 2288/811/762 2289/809/762
f 2290/810/763 2291/812/763 2292/811/763
f 2293/813/764 2294/814/764 2295/815/764
f 2296/813/765 2297/816/765 2298/814/765
f 2299/815/766 2300/817/766 2301/818/766
f 2302/815/767 2303/814/767 2304/817/767
f 2305/818/768 2306/819/768 2307/820/768
f 2308/818/769 2309/817/769 2310/819/769
f 2311/820/770 2312/821/770 2313/822/770
f 2314/820/771 2315/819/771 2316/821/771
f 2317/822/772 2318/823/772 2319/824/772
f 2320/822/773 2321/821/773 2322/823/773
f 2323/825/774 2324/826/774 2325/827/774
f 2326/824/775 2327/823/775 2328/828/775
f 2329/827/776 2330/829/776 2331/830/776
f 2332/827/777 2333/826/777 2334/829/777
f 2335/830/778 2336/831/778 2337/832/778
f 2338/830/779 2339/829/779 2340/831/779
f 2341/832/780 2342/833/780 2343/834/780
f 2344/832/781 2345/831/781 2346/833/781
f 2347/834/782 2348/835/782 2349/836/782
f 2350/834/783 2351/833/783 2352/835/783
f 2353/836/784 2354/837/784 2355/838/784
f 2356/836/785 2357/835/785 2358/837/785
s 1
f 2359/838/786 2360/839/786 2361/840/786
s 0
f 2362/838/787 2363/837/787 2364/839/787
f 2365/841/788 2366/842/788 2367/843/788
f 2368/841/789 2369/844/789 2370/842/789
f 2371/845/790 2372/846/790 2373/847/790
f 2374/845/791 2375/848/791 2376/846/791
f 2377/848/792 2378/849/792 2379/846/792
f 2380/848/793 2381/850/793 2382/849/793
f 2383/850/794 2384/851/794 2385/849/794
s 1
f 2386/850/795 2387/852/795 2388/851/795
s 0
f 2389/852/796 2390/853/796 2391/851/796
f 2392/852/797 2393/854/797 2394/853/797
f 2395/854/798 2396/855/798 2397/853/798
s 1
f 2398/854/799 2399/856/799 2400/855/799
s 0
f 2401/856/800 2402/857/800 2403/855/800
f 2404/856/801 2405/858/801 2406/857/801
f 2407/858/802 2408/859/802 2409/857/802
f 2410/858/803 2411/860/803 2412/859/803
f 2413/860/804 2414/861/804 2415/859/804
f 2416/860/805 2417/862/805 2418/861/805
f 2419/862/806 2420/863/806 2421/861/806
f 2422/862/807 2423/864/807 2424/863/807
f 2425/864/808 2426/865/808 2427/863/808
f 2428/864/809 2429/866/809 2430/865/809
f 2431/866/810 2432/867/810 2433/865/810
f 2434/866/811 2435/868/811 2436/867/811
f 2437/868/812 2438/869/812 2439/867/812
f 2440/868/813 2441/870/813 2442/869/813
f 2443/871/814 2444/872/814 2445/873/814
f 2446/871/815 2447/874/815 2448/872/815
f 2449/875/816 2450/876/816 2451/877/816
f 2452/875/817 2453/878/817 2454/876/817
f 2455/878/818 2456/879/818 2457/876/818
f 2458/878/819 2459/880/819 2460/879/819
f 2461/880/820 2462/881/820 2463/879/820
f 2464/880/821 2465/882/821 2466/881/821
f 2467/882/822 2468/883/822 2469/881/822
s 1
f 2470/882/823 2471/884/823 2472/883/823
s 0
f 2473/884/824 2474/885/824 2475/883/824
f 2476/884/825 2477/886/825 2478/885/825
f 2479/886/826 2480/887/826 2481/885/826
f 2482/886/827 2483/888/827 2484/887/827
f 2485/888/828 2486/889/828 2487/887/828
f 2488/888/829 2489/890/829 2490/889/829
f 2491/890/830 2492/891/830 2493/889/830
f 2494/890/831 2495/892/831 2496/891/831
f 2497/892/832 2498/893/832 2499/891/832
f 2500/892/833 2501/894/833 2502/893/833
f 2503/894/834 2504/895/834 2505/893/834
f 2506/894/835 2507/896/835 2508/895/835
f 2509/896/836 2510/897/836 2511/895/836
f 2512/896/837 2513/898/837 2514/897/837
f 2515/898/838 2516/899/838 2517/897/838
f 2518/898/839 2519/900/839 2520/899/839
f 2521/901/840 2522/902/840 2523/903/840
f 2524/901/841 2525/904/841 2526/902/841
f 2527/904/842 2528/905/842 2529/902/842
f 2530/904/843 2531/906/843 2532/905/843
f 2533/906/844 2534/907/844 2535/905/844
f 2536/906/845 2537/908/845 2538/907/845
f 2539/908/846 2540/909/846 2541/907/846
f 2542/908/847 2543/910/847 2544/909/847
f 2545/910/848 2546/911/848 2547/909/848
f 2548/910/849 2549/912/849 2550/911/849
f 2551/913/850 2552/914/850 2553/915/850
f 2554/913/851 2555/916/851 2556/914/851
f 2557/916/852 2558/917/852 2559/914/852
f 2560/916/853 2561/918/853 2562/917/853
f 2563/918/854 2564/919/854 2565/917/854
f 2566/918/855 2567/920/855 2568/919/855
f 2569/920/856 2570/921/856 2571/919/856
f 2572/920/857 2573/922/857 2574/921/857
f 2575/922/858 2576/923/858 2577/921/858
f 2578/922/859 2579/924/859 2580/923/859
f 2581/924/860 2582/925/860 2583/923/860
f 2584/924/861 2585/926/861 2586/925/861
f 2587/926/862 2588/927/862 2589/925/862
f 2590/926/863 2591/928/863 2592/927/863
f 2593/929/864 2594/930/864 2595/931/864
f 2596/929/865 2597/932/865 2598/930/865
f 2599/931/866 2600/933/866 2601/934/866
f 2602/931/867 2603/930/867 2604/933/867
f 2605/934/868 2606/935/868 2607/936/868
f 2608/934/869 2609/933/869 2610/935/869
f 2611/936/870 2612/937/870 2613/938/870
f 2614/936/871 2615/935/871 2616/937/871
f 2617/938/872 2618/939/872 2619/940/872
f 2620/938/873 2621/937/873 2622/939/873
f 2623/941/874 2624/942/874 2625/943/874
f 2626/941/875 2627/944/875 2628/942/875
f 2629/943/876 2630/945/876 2631/946/876
f 2632/943/877 2633/942/877 2634/945/877
f 2635/946/878 2636/947/878 2637/948/878
f 2638/946/879 2639/945/879 2640/947/879
f 2641/948/880 2642/949/880 2643/950/880
f 2644/948/881 2645/947/881 2646/949/881
f 2647/950/882 2648/951/882 2649/952/882
f 2650/950/883 2651/949/883 2652/951/883
f 2653/952/884 2654/953/884 2655/954/884
f 2656/952/885 2657/951/885 2658/953/885
f 2659/955/886 2660/956/886 2661/957/886
f 2662/954/887 2663/953/887 2664/958/887
f 2665/959/888 2666/960/888 2667/961/888
f 2668/959/889 2669/962/889 2670/960/889
f 2671/963/890 2672/964/890 2673/965/890
f 2674/963/891 2675/966/891 2676/964/891
f 2677/966/892 2678/967/892 2679/964/892
f 2680/966/893 2681/968/893 2682/967/893
f 2683/969/894 2684/935/894 2685/933/894
f 2686/969/895 2687/970/895 2688/935/895
f 2689/970/896 2690/937/896 2691/935/896
f 2692/970/897 2693/971/897 2694/937/897
f 2695/971/898 2696/939/898 2697/937/898
f 2698/971/899 2699/972/899 2700/939/899
f 2701/972/900 2702/973/900 2703/939/900
f 2704/972/901 2705/974/901 2706/973/901
f 2707/975/902 2708/976/902 2709/977/902
f 2710/975/903 2711/978/903 2712/976/903
f 2713/978/904 2714/979/904 2715/976/904
f 2716/978/905 2717/980/905 2718/979/905
f 2719/980/906 2720/981/906 2721/979/906
f 2722/980/907 2723/982/907 2724/981/907
f 2725/983/908 2726/984/908 2727/985/908
f 2728/983/909 2729/986/909 2730/984/909
f 2731/986/910 2732/987/910 2733/984/910
f 2734/986/911 2735/988/911 2736/987/911
f 2737/989/912 2738/990/912 2739/991/912
f 2740/989/913 2741/992/913 2742/990/913
f 2743/993/914 2744/957/914 2745/956/914
s 1
f 2746/993/915 2747/994/915 2748/957/915
s 0
f 2749/994/916 2750/955/916 2751/957/916
f 2752/994/917 2753/995/917 2754/955/917
f 2755/995/918 2756/996/918 2757/955/918
f 2758/995/919 2759/997/919 2760/996/919
f 2761/997/920 2762/998/920 2763/996/920
f 2764/997/921 2765/999/921 2766/998/921
f 2767/1000/922 2768/1001/922 2769/1002/922
f 2770/1000/923 2771/1003/923 2772/1001/923
f 2773/1003/924 2774/1004/924 2775/1001/924
f 2776/1003/925 2777/1005/925 2778/1004/925
f 2779/1005/926 2780/1006/926 2781/1004/926
f 2782/1005/927 2783/1007/927 2784/1006/927
f 2785/1007/928 2786/1008/928 2787/1006/928
f 2788/1009/929 2789/912/929 2790/1010/929
f 2791/912/930 2792/1011/930 2793/1010/930
f 2794/912/931 2795/910/931 2796/1011/931
f 2797/910/932 2798/1012/932 2799/1011/932
f 2800/910/933 2801/908/933 2802/1012/933
f 2803/908/934 2804/1013/934 2805/1012/934
f 2806/908/935 2807/906/935 2808/1013/935
f 2809/1014/936 2810/1015/936 2811/1016/936
f 2812/1014/937 2813/1017/937 2814/1015/937
f 2815/1017/938 2816/1018/938 2817/1015/938
f 2818/1017/939 2819/1019/939 2820/1018/939
f 2821/1020/940 2822/1021/940 2823/1022/940
f 2824/1020/941 2825/1023/941 2826/1021/941
f 2827/1022/942 2828/1024/942 2829/1025/942
f 2830/1022/943 2831/1021/943 2832/1024/943
f 2833/1025/944 2834/1026/944 2835/1027/944
f 2836/1025/945 2837/1024/945 2838/1026/945
f 2839/1027/946 2840/1028/946 2841/1029/946
f 2842/1027/947 2843/1026/947 2844/1028/947
f 2845/1029/948 2846/1030/948 2847/1031/948
f 2848/1029/949 2849/1028/949 2850/1030/949
f 2851/1031/950 2852/1032/950 2853/1033/950
f 2854/1031/951 2855/1030/951 2856/1032/951
f 2857/1033/952 2858/1034/952 2859/1035/952
f 2860/1033/953 2861/1032/953 2862/1034/953
f 2863/1035/954 2864/1036/954 2865/1037/954
f 2866/1035/955 2867/1034/955 2868/1036/955
f 2869/1037/956 2870/1038/956 2871/1039/956
f 2872/1037/957 2873/1036/957 2874/1038/957
f 2875/1039/958 2876/1040/958 2877/1041/958
f 2878/1039/959 2879/1038/959 2880/1040/959
f 2881/1041/960 2882/1042/960 2883/1043/960
f 2884/1041/961 2885/1040/961 2886/1042/961
f 2887/1043/962 2888/1044/962 2889/1045/962
f 2890/1043/963 2891/1042/963 2892/1044/963
f 2893/1046/964 2894/1047/964 2895/1048/964
f 2896/1046/965 2897/1049/965 2898/1047/965
f 2899/1049/966 2900/1050/966 2901/1047/966
f 2902/1049/967 2903/1051/967 2904/1050/967
s 1
f 2905/1051/968 2906/1052/968 2907/1050/968
s 0
f 2908/1051/969 2909/1053/969 2910/1052/969
f 2911/1053/970 2912/1054/970 2913/1052/970
f 2914/1053/971 2915/1055/971 2916/1054/971
f 2917/1055/972 2918/1056/972 2919/1054/972
f 2920/1055/973 2921/1057/973 2922/1056/973
f 2923/1057/974 2924/1058/974 2925/1056/974
f 2926/1057/975 2927/1059/975 2928/1058/975
f 2929/1059/976 2930/1060/976 2931/1058/976
f 2932/1059/977 2933/1061/977 2934/1060/977
f 2935/1061/978 2936/1062/978 2937/1060/978
f 2938/1061/979 2939/1063/979 2940/1062/979
f 2941/1063/980 2942/1064/980 2943/1062/980
f 2944/1063/981 2945/1065/981 2946/1064/981
f 2947/1065/982 2948/1066/982 2949/1064/982
f 2950/1065/983 2951/1067/983 2952/1066/983
f 2953/1067/984 2954/1068/984 2955/1066/984
f 2956/1067/985 2957/1069/985 2958/1068/985
f 2959/1069/986 2960/1070/986 2961/1068/986
f 2962/1069/987 2963/1071/987 2964/1070/987
f 2965/1072/988 2966/1073/988 2967/1074/988
f 2968/1072/989 2969/1075/989 2970/1073/989
f 2971/1076/990 2972/1077/990 2973/1078/990
f 2974/1076/991 2975/1079/991 2976/1077/991
f 2977/1078/992 2978/1080/992 2979/1081/992
f 2980/1078/993 2981/1077/993 2982/1080/993
f 2983/1082/994 2984/1083/994 2985/1084/994
f 2986/1082/995 2987/1085/995 2988/1083/995
f 2989/1084/996 2990/1086/996 2991/1087/996
f 2992/1084/997 2993/1083/997 2994/1086/997
s 1
f 2995/1087/998 2996/1088/998 2997/1089/998
s 0
f 2998/1087/999 2999/1086/999 3000/1088/999
f 3001/1089/1000 3002/1090/1000 3003/1091/1000
f 3004/1089/1001 3005/1088/1001 3006/1090/1001
f 3007/1091/1002 3008/1092/1002 3009/1093/1002
f 3010/1091/1003 3011/1090/1003 3012/1092/1003
f 3013/1093/1004 3014/1094/1004 3015/1095/1004
f 3016/1093/1005 3017/1092/1005 3018/1094/1005
f 3019/1095/1006 3020/1096/1006 3021/1097/1006
f 3022/1095/1007 3023/1094/1007 3024/1096/1007
f 3025/1097/1008 3026/1098/1008 3027/1099/1008
f 3028/1097/1009 3029/1096/1009 3030/1098/1009
f 3031/1099/1010 3032/1100/1010 3033/1101/1010
f 3034/1099/1011 3035/1098/1011 3036/1100/1011
f 3037/1101/1012 3038/1102/1012 3039/1103/1012
f 3040/1101/1013 3041/1100/1013 3042/1102/1013
f 3043/1104/1014 3044/1105/1014 3045/1106/1014
f 3046/1104/1015 3047/1107/1015 3048/1105/1015
f 3049/1108/1016 3050/1109/1016 3051/1110/1016
f 3052/1108/1017 3053/1111/1017 3054/1109/1017
f 3055/1110/1018 3056/1112/1018 3057/1113/1018
f 3058/1110/1019 3059/1109/1019 3060/1112/1019
f 3061/1113/1020 3062/1114/1020 3063/1115/1020
f 3064/1113/1021 3065/1112/1021 3066/1114/1021
f 3067/1115/1022 3068/1116/1022 3069/1117/1022
f 3070/1115/1023 3071/1114/1023 3072/1116/1023
f 3073/1117/1024 3074/1118/1024 3075/1119/1024
f 3076/1117/1025 3077/1116/1025 3078/1118/1025
f 3079/1119/1026 3080/1120/1026 3081/1121/1026
f 3082/1119/1027 3083/1118/1027 3084/1120/1027
f 3085/1121/1028 3086/1122/1028 3087/1123/1028
f 3088/1121/1029 3089/1120/1029 3090/1122/1029
f 3091/1123/1030 3092/1124/1030 3093/1125/1030
f 3094/1123/1031 3095/1122/1031 3096/1124/1031
f 3097/1125/1032 3098/1126/1032 3099/1127/1032
f 3100/1125/1033 3101/1124/1033 3102/1126/1033
f 3103/1127/1034 3104/1128/1034 3105/1129/1034
f 3106/1127/1035 3107/1126/1035 3108/1128/1035
f 3109/1130/1036 3110/1131/1036 3111/1132/1036
f 3112/1130/1037 3113/1133/1037 3114/1131/1037
f 3115/1134/1038 3116/1135/1038 3117/1136/1038
f 3118/1134/1039 3119/1137/1039 3120/1135/1039
f 3121/1138/1040 3122/1139/1040 3123/1140/1040
f 3124/1138/1041 3125/1141/1041 3126/1139/1041
f 3127/1141/1042 3128/1142/1042 3129/1139/1042
f 3130/1141/1043 3131/1143/1043 3132/1142/1043
f 3133/1143/1044 3134/1144/1044 3135/1142/1044
f 3136/1143/1045 3137/1145/1045 3138/1144/1045
f 3139/1145/1046 3140/1146/1046 3141/1144/1046
f 3142/1145/1047 3143/1147/1047 3144/1146/1047
f 3145/1147/1048 3146/1148/1048 3147/1146/1048
f 3148/1147/1049 3149/1149/1049 3150/1148/1049
f 3151/1149/1050 3152/1150/1050 3153/1148/1050
f 3154/1149/1051 3155/1151/1051 3156/1150/1051
f 3157/1152/1052 3158/1153/1052 3159/1154/1052
f 3160/1152/1053 3161/1155/1053 3162/1153/1053
f 3163/1155/1054 3164/1156/1054 3165/1153/1054
f 3166/1155/1055 3167/1157/1055 3168/1156/1055
f 3169/1157/1056 3170/1158/1056 3171/1156/1056
f 3172/1157/1057 3173/1159/1057 3174/1158/1057
f 3175/1159/1058 3176/1160/1058 3177/1158/1058
s 1
f 3178/1159/1059 3179/1161/1059 3180/1160/1059
s 0
f 3181/1161/1060 3182/1162/1060 3183/1160/1060
f 3184/1161/1061 3185/1163/1061 3186/1162/1061
f 3187/1163/1062 3188/1164/1062 3189/1162/1062
f 3190/1163/1063 3191/1165/1063 3192/1164/1063
f 3193/1166/1064 3194/1167/1064 3195/1168/1064
f 3196/1166/1065 3197/1169/1065 3198/1167/1065
f 3199/1168/1066 3200/1170/1066 3201/1171/1066
f 3202/1168/1067 3203/1167/1067 3204/1170/1067
f 3205/1171/1068 3206/1172/1068 3207/1173/1068
f 3208/1171/1069 3209/1170/1069 3210/1172/1069
f 3211/1173/1070 3212/1174/1070 3213/1175/1070
f 3214/1173/1071 3215/1172/1071 3216/1174/1071
f 3217/1175/1072 3218/1176/1072 3219/1177/1072
f 3220/1175/1073 3221/1174/1073 3222/1176/1073
f 3223/1178/1074 3224/1179/1074 3225/1180/1074
f 3226/1177/1075 3227/1176/1075 3228/1181/1075
s 1
f 3229/1180/1076 3230/1182/1076 3231/1183/1076
s 0
f 3232/1180/1077 3233/1179/1077 3234/1182/1077
f 3235/1183/1078 3236/1184/1078 3237/1185/1078
f 3238/1183/1079 3239/1182/1079 3240/1184/1079
f 3241/1185/1080 3242/1186/1080 3243/1187/1080
f 3244/1185/1081 3245/1184/1081 3246/1186/1081
f 3247/1187/1082 3248/1188/1082 3249/1189/1082
f 3250/1187/1083 3251/1186/1083 3252/1188/1083
f 3253/1189/1084 3254/1190/1084 3255/1191/1084
f 3256/1189/1085 3257/1188/1085 3258/1190/1085
f 3259/1191/1086 3260/1192/1086 3261/1193/1086
f 3262/1191/1087 3263/1190/1087 3264/1192/1087
f 3265/1194/1088 3266/1195/1088 3267/1196/1088
f 3268/1194/1089 3269/1197/1089 3270/1195/1089
f 3271/1198/1090 3272/1199/1090 3273/1200/1090
f 3274/1198/1091 3275/1201/1091 3276/1199/1091
f 3277/1201/1092 3278/1202/1092 3279/1199/1092
f 3280/1201/1093 3281/1203/1093 3282/1202/1093
f 3283/1203/1094 3284/1204/1094 3285/1202/1094
f 3286/1203/1095 3287/1205/1095 3288/1204/1095
f 3289/1205/1096 3290/1206/1096 3291/1204/1096
f 3292/1205/1097 3293/1207/1097 3294/1206/1097
f 3295/1207/1098 3296/1208/1098 3297/1206/1098
f 3298/1207/1099 3299/1209/1099 3300/1208/1099
f 3301/1209/1100 3302/1210/1100 3303/1208/1100
f 3304/1209/1101 3305/1211/1101 3306/1210/1101
f 3307/1211/802 3308/1212/802 3309/1210/802
f 3310/1211/1102 3311/1213/1102 3312/1212/1102
f 3313/1213/1103 3314/1214/1103 3315/1212/1103
f 3316/1213/1104 3317/1215/1104 3318/1214/1104
f 3319/1215/1105 3320/1216/1105 3321/1214/1105
f 3322/1215/1106 3323/1217/1106 3324/1216/1106
f 3325/1217/1107 3326/1218/1107 3327/1216/1107
f 3328/1217/1108 3329/1219/1108 3330/1218/1108
f 3331/1219/1109 3332/1220/1109 3333/1218/1109
f 3334/1219/1110 3335/1221/1110 3336/1220/1110
f 3337/1221/1111 3338/1222/1111 3339/1220/1111
f 3340/1221/813 3341/1223/813 3342/1222/813
f 3343/1224/1112 3344/1225/1112 3345/1226/1112
f 3346/1224/815 3347/1227/815 3348/1225/815
f 3349/1228/1113 3350/1229/1113 3351/1230/1113
f 3352/1228/1113 3353/1231/1113 3354/1229/1113
f 3355/1231/1114 3356/1232/1114 3357/1229/1114
f 3358/1231/1115 3359/1233/1115 3360/1232/1115
f 3361/1233/1116 3362/1234/1116 3363/1232/1116
f 3364/1233/1117 3365/1235/1117 3366/1234/1117
f 3367/1235/1118 3368/1236/1118 3369/1234/1118
f 3370/1235/1119 3371/1237/1119 3372/1236/1119
f 3373/1237/1120 3374/1238/1120 3375/1236/1120
f 3376/1237/1121 3377/1239/1121 3378/1238/1121
s 1
f 3379/1239/826 3380/1240/826 3381/1238/826
s 0
f 3382/1239/1122 3383/1241/1122 3384/1240/1122
f 3385/1241/1123 3386/1242/1123 3387/1240/1123
f 3388/1241/1124 3389/1243/1124 3390/1242/1124
f 3391/1243/1125 3392/1244/1125 3393/1242/1125
f 3394/1243/1126 3395/1245/1126 3396/1244/1126
f 3397/1245/1127 3398/1246/1127 3399/1244/1127
f 3400/1245/1128 3401/1247/1128 3402/1246/1128
f 3403/1247/1129 3404/1248/1129 3405/1246/1129
f 3406/1247/1130 3407/1249/1130 3408/1248/1130
f 3409/1249/1131 3410/1250/1131 3411/1248/1131
f 3412/1249/1132 3413/1251/1132 3414/1250/1132
f 3415/1251/1133 3416/1252/1133 3417/1250/1133
f 3418/1251/1134 3419/1253/1134 3420/1252/1134
f 3421/1254/940 3422/1255/940 3423/1256/940
f 3424/1254/941 3425/1257/941 3426/1255/941
f 3427/1256/942 3428/1258/942 3429/1259/942
f 3430/1256/943 3431/1255/943 3432/1258/943
f 3433/1259/944 3434/1260/944 3435/1261/944
f 3436/1259/945 3437/1258/945 3438/1260/945
f 3439/1261/946 3440/1262/946 3441/1263/946
f 3442/1261/947 3443/1260/947 3444/1262/947
f 3445/1263/948 3446/1264/948 3447/1265/948
f 3448/1263/949 3449/1262/949 3450/1264/949
f 3451/1265/950 3452/1266/950 3453/1267/950
f 3454/1265/951 3455/1264/951 3456/1266/951
f 3457/1267/952 3458/1268/952 3459/1269/952
f 3460/1267/953 3461/1266/953 3462/1268/953
f 3463/1269/954 3464/1270/954 3465/1271/954
f 3466/1269/955 3467/1268/955 3468/1270/955
f 3469/1271/956 3470/1272/956 3471/1273/956
f 3472/1271/957 3473/1270/957 3474/1272/957
f 3475/1273/958 3476/1274/958 3477/1275/958
f 3478/1273/959 3479/1272/959 3480/1274/959
f 3481/1275/960 3482/1276/960 3483/1277/960
f 3484/1275/961 3485/1274/961 3486/1276/961
f 3487/1277/962 3488/1278/962 3489/1279/962
f 3490/1277/963 3491/1276/963 3492/1278/963
f 3493/1280/964 3494/1281/964 3495/1282/964
f 3496/1280/965 3497/1283/965 3498/1281/965
f 3499/1283/966 3500/1284/966 3501/1281/966
f 3502/1283/967 3503/1285/967 3504/1284/967
s 1
f 3505/1285/968 3506/1286/968 3507/1284/968
s 0
f 3508/1285/969 3509/1287/969 3510/1286/969
f 3511/1287/970 3512/1288/970 3513/1286/970
f 3514/1287/971 3515/1289/971 3516/1288/971
f 3517/1289/972 3518/1290/972 3519/1288/972
f 3520/1289/973 3521/1291/973 3522/1290/973
f 3523/1291/974 3524/1292/974 3525/1290/974
f 3526/1291/975 3527/1293/975 3528/1292/975
f 3529/1293/976 3530/1294/976 3531/1292/976
f 3532/1293/977 3533/1295/977 3534/1294/977
f 3535/1295/978 3536/1296/978 3537/1294/978
f 3538/1295/979 3539/1297/979 3540/1296/979
f 3541/1297/980 3542/1298/980 3543/1296/980
f 3544/1297/981 3545/1299/981 3546/1298/981
f 3547/1299/982 3548/1300/982 3549/1298/982
f 3550/1299/983 3551/1301/983 3552/1300/983
f 3553/1301/984 3554/1302/984 3555/1300/984
f 3556/1301/985 3557/1303/985 3558/1302/985
f 3559/1303/986 3560/1304/986 3561/1302/986
f 3562/1303/987 3563/1305/987 3564/1304/987
f 3565/1306/988 3566/1307/988 3567/1308/988
f 3568/1306/989 3569/1309/989 3570/1307/989
f 3571/1310/990 3572/1311/990 3573/1312/990
f 3574/1310/991 3575/1313/991 3576/1311/991
f 3577/1312/992 3578/1314/992 3579/1315/992
f 3580/1312/993 3581/1311/993 3582/1314/993
f 3583/1316/994 3584/1317/994 3585/1318/994
f 3586/1316/995 3587/1319/995 3588/1317/995
f 3589/1318/996 3590/1320/996 3591/1321/996
f 3592/1318/997 3593/1317/997 3594/1320/997
s 1
f 3595/1321/998 3596/1322/998 3597/1323/998
s 0
f 3598/1321/999 3599/1320/999 3600/1322/999
f 3601/1323/1000 3602/1324/1000 3603/1325/1000
f 3604/1323/1001 3605/1322/1001 3606/1324/1001
f 3607/1325/1002 3608/1326/1002 3609/1327/1002
f 3610/1325/1003 3611/1324/1003 3612/1326/1003
f 3613/1327/1004 3614/1328/1004 3615/1329/1004
f 3616/1327/1005 3617/1326/1005 3618/1328/1005
f 3619/1329/1006 3620/1330/1006 3621/1331/1006
f 3622/1329/1007 3623/1328/1007 3624/1330/1007
f 3625/1331/1008 3626/1332/1008 3627/1333/1008
f 3628/1331/1009 3629/1330/1009 3630/1332/1009
f 3631/1333/1010 3632/1334/1010 3633/1335/1010
f 3634/1333/1011 3635/1332/1011 3636/1334/1011
f 3637/1335/1012 3638/1336/1012 3639/1337/1012
f 3640/1335/1013 3641/1334/1013 3642/1336/1013
f 3643/1338/1014 3644/1339/1014 3645/1340/1014
f 3646/1338/1015 3647/1341/1015 3648/1339/1015
f 3649/1342/1016 3650/1343/1016 3651/1344/1016
f 3652/1342/1017 3653/1345/1017 3654/1343/1017
f 3655/1344/1018 3656/1346/1018 3657/1347/1018
f 3658/1344/1019 3659/1343/1019 3660/1346/1019
f 3661/1347/1020 3662/1348/1020 3663/1349/1020
f 3664/1347/1021 3665/1346/1021 3666/1348/1021
f 3667/1349/1022 3668/1350/1022 3669/1351/1022
f 3670/1349/1023 3671/1348/1023 3672/1350/1023
f 3673/1351/1024 3674/1352/1024 3675/1353/1024
f 3676/1351/1025 3677/1350/1025 3678/1352/1025
f 3679/1353/1026 3680/1354/1026 3681/1355/1026
f 3682/1353/1027 3683/1352/1027 3684/1354/1027
f 3685/1355/1028 3686/1356/1028 3687/1357/1028
f 3688/1355/1029 3689/1354/1029 3690/1356/1029
f 3691/1357/1030 3692/1358/1030 3693/1359/1030
f 3694/1357/1031 3695/1356/1031 3696/1358/1031
f 3697/1359/1032 3698/1360/1032 3699/1361/1032
f 3700/1359/1033 3701/1358/1033 3702/1360/1033
f 3703/1361/1034 3704/1362/1034 3705/1363/1034
f 3706/1361/1035 3707/1360/1035 3708/1362/1035
f 3709/1364/1036 3710/1365/1036 3711/1366/1036
f 3712/1364/1037 3713/1367/1037 3714/1365/1037
f 3715/1368/1038 3716/1369/1038 3717/1370/1038
f 3718/1368/1039 3719/1371/1039 3720/1369/1039
f 3721/1372/1040 3722/1373/1040 3723/1374/1040
f 3724/1372/1041 3725/1375/1041 3726/1373/1041
f 3727/1375/1042 3728/1376/1042 3729/1373/1042
f 3730/1375/1043 3731/1377/1043 3732/1376/1043
f 3733/1377/1044 3734/1378/1044 3735/1376/1044
f 3736/1377/1045 3737/1379/1045 3738/1378/1045
f 3739/1379/1046 3740/1380/1046 3741/1378/1046
f 3742/1379/1047 3743/1381/1047 3744/1380/1047
f 3745/1381/1048 3746/1382/1048 3747/1380/1048
f 3748/1381/1049 3749/1383/1049 3750/1382/1049
f 3751/1383/1050 3752/1384/1050 3753/1382/1050
f 3754/1383/1051 3755/1385/1051 3756/1384/1051
f 3757/1386/1052 3758/1387/1052 3759/1388/1052
f 3760/1386/1053 3761/1389/1053 3762/1387/1053
f 3763/1389/1054 3764/1390/1054 3765/1387/1054
f 3766/1389/1055 3767/1391/1055 3768/1390/1055
f 3769/1391/1056 3770/1392/1056 3771/1390/1056
f 3772/1391/1057 3773/1393/1057 3774/1392/1057
f 3775/1393/1058 3776/1394/1058 3777/1392/1058
s 1
f 3778/1393/1059 3779/1395/1059 3780/1394/1059
s 0
f 3781/1395/1060 3782/1396/1060 3783/1394/1060
f 3784/1395/1061 3785/1397/1061 3786/1396/1061
f 3787/1397/1062 3788/1398/1062 3789/1396/1062
f 3790/1397/1063 3791/1399/1063 3792/1398/1063
f 3793/1400/1064 3794/1401/1064 3795/1402/1064
f 3796/1400/1065 3797/1403/1065 3798/1401/1065
f 3799/1402/1066 3800/1404/1066 3801/1405/1066
f 3802/1402/1067 3803/1401/1067 3804/1404/1067
f 3805/1405/1068 3806/1406/1068 3807/1407/1068
f 3808/1405/1069 3809/1404/1069 3810/1406/1069
f 3811/1407/1070 3812/1408/1070 3813/1409/1070
f 3814/1407/1071 3815/1406/1071 3816/1408/1071
f 3817/1409/1072 3818/1410/1072 3819/1411/1072
f 3820/1409/1073 3821/1408/1073 3822/1410/1073
f 3823/1412/1074 3824/1413/1074 3825/1414/1074
f 3826/1411/1075 3827/1410/1075 3828/1415/1075
s 1
f 3829/1414/1076 3830/1416/1076 3831/1417/1076
s 0
f 3832/1414/1077 3833/1413/1077 3834/1416/1077
f 3835/1417/1078 3836/1418/1078 3837/1419/1078
f 3838/1417/1079 3839/1416/1079 3840/1418/1079
f 3841/1419/1080 3842/1420/1080 3843/1421/1080
f 3844/1419/1081 3845/1418/1081 3846/1420/1081
f 3847/1421/1082 3848/1422/1082 3849/1423/1082
f 3850/1421/1083 3851/1420/1083 3852/1422/1083
f 3853/1423/1084 3854/1424/1084 3855/1425/1084
f 3856/1423/1085 3857/1422/1085 3858/1424/1085
f 3859/1425/1086 3860/1426/1086 3861/1427/1086
f 3862/1425/1087 3863/1424/1087 3864/1426/1087
f 3865/1428/1088 3866/1429/1088 3867/1430/1088
f 3868/1428/1089 3869/1431/1089 3870/1429/1089
f 3871/1432/1090 3872/1433/1090 3873/1434/1090
f 3874/1432/1091 3875/1435/1091 3876/1433/1091
f 3877/1435/1092 3878/1436/1092 3879/1433/1092
f 3880/1435/1093 3881/1437/1093 3882/1436/1093
f 3883/1437/1094 3884/1438/1094 3885/1436/1094
f 3886/1437/1095 3887/1439/1095 3888/1438/1095
f 3889/1439/1096 3890/1440/1096 3891/1438/1096
f 3892/1439/1097 3893/1441/1097 3894/1440/1097
f 3895/1441/1098 3896/1442/1098 3897/1440/1098
f 3898/1441/1099 3899/1443/1099 3900/1442/1099
f 3901/1443/1100 3902/1444/1100 3903/1442/1100
f 3904/1443/1101 3905/1445/1101 3906/1444/1101
f 3907/1445/802 3908/1446/802 3909/1444/802
f 3910/1445/1102 3911/1447/1102 3912/1446/1102
f 3913/1447/1103 3914/1448/1103 3915/1446/1103
f 3916/1447/1104 3917/1449/1104 3918/1448/1104
f 3919/1449/1105 3920/1450/1105 3921/1448/1105
f 3922/1449/1106 3923/1451/1106 3924/1450/1106
f 3925/1451/1107 3926/1452/1107 3927/1450/1107
f 3928/1451/1108 3929/1453/1108 3930/1452/1108
f 3931/1453/1109 3932/1454/1109 3933/1452/1109
f 3934/1453/1110 3935/1455/1110 3936/1454/1110
f 3937/1455/1111 3938/1456/1111 3939/1454/1111
f 3940/1455/813 3941/1457/813 3942/1456/813
f 3943/1458/1112 3944/1459/1112 3945/1460/1112
f 3946/1458/815 3947/1461/815 3948/1459/815
f 3949/1462/1113 3950/1463/1113 3951/1464/1113
f 3952/1462/1113 3953/1465/1113 3954/1463/1113
f 3955/1465/1114 3956/1466/1114 3957/1463/1114
f 3958/1465/1115 3959/1467/1115 3960/1466/1115
f 3961/1467/1116 3962/1468/1116 3963/1466/1116
f 3964/1467/1117 3965/1469/1117 3966/1468/1117
f 3967/1469/1118 3968/1470/1118 3969/1468/1118
f 3970/1469/1119 3971/1471/1119 3972/1470/1119
f 3973/1471/1120 3974/1472/1120 3975/1470/1120
f 3976/1471/1121 3977/1473/1121 3978/1472/1121
s 1
f 3979/1473/826 3980/1474/826 3981/1472/826
s 0
f 3982/1473/1122 3983/1475/1122 3984/1474/1122
f 3985/1475/1123 3986/1476/1123 3987/1474/1123
f 3988/1475/1124 3989/1477/1124 3990/1476/1124
f 3991/1477/1125 3992/1478/1125 3993/1476/1125
f 3994/1477/1126 3995/1479/1126 3996/1478/1126
f 3997/1479/1127 3998/1480/1127 3999/1478/1127
f 4000/1479/1128 4001/1481/1128 4002/1480/1128
f 4003/1481/1129 4004/1482/1129 4005/1480/1129
f 4006/1481/1130 4007/1483/1130 4008/1482/1130
f 4009/1483/1131 4010/1484/1131 4011/1482/1131
f 4012/1483/1132 4013/1485/1132 4014/1484/1132
f 4015/1485/1133 4016/1486/1133 4017/1484/1133
f 4018/1485/1134 4019/1487/1134 4020/1486/1134
f 4021/1488/640 4022/1489/640 4023/1490/640
f 4024/1488/641 4025/1491/641 4026/1489/641
f 4027/1491/642 4028/1492/642 4029/1489/642
f 4030/1491/643 4031/1493/643 4032/1492/643
f 4033/1493/644 4034/1494/644 4035/1492/644
s 1
f 4036/1493/645 4037/1495/645 4038/1494/645
f 4039/1495/646 4040/1496/646 4041/1494/646
s 0
f 4042/1495/647 4043/1497/647 4044/1496/647
f 4045/1497/648 4046/1498/648 4047/1496/648
f 4048/1497/649 4049/1499/649 4050/1498/649
f 4051/1499/650 4052/1500/650 4053/1498/650
f 4054/1499/651 4055/1501/651 4056/1500/651
f 4057/1502/652 4058/1503/652 4059/1504/652
f 4060/1502/653 4061/1505/653 4062/1503/653
f 4063/1505/654 4064/1506/654 4065/1503/654
f 4066/1505/655 4067/1507/655 4068/1506/655
f 4069/1507/656 4070/1508/656 4071/1506/656
f 4072/1507/657 4073/1509/657 4074/1508/657
f 4075/1509/658 4076/1510/658 4077/1508/658
f 4078/1509/659 4079/1511/659 4080/1510/659
f 4081/1511/660 4082/1512/660 4083/1510/660
f 4084/1511/661 4085/1513/661 4086/1512/661
f 4087/1513/662 4088/1514/662 4089/1512/662
f 4090/1513/663 4091/1515/663 4092/1514/663
f 4093/1516/664 4094/1517/664 4095/1518/664
f 4096/1516/665 4097/1519/665 4098/1517/665
s 1
f 4099/1518/666 4100/1520/666 4101/1521/666
s 0
f 4102/1518/667 4103/1517/667 4104/1520/667
f 4105/1521/668 4106/1522/668 4107/1523/668
s 1
f 4108/1521/669 4109/1520/669 4110/1522/669
s 0
f 4111/1523/670 4112/1524/670 4113/1525/670
f 4114/1523/671 4115/1522/671 4116/1524/671
f 4117/1525/672 4118/1526/672 4119/1527/672
f 4120/1525/673 4121/1524/673 4122/1526/673
f 4123/1528/674 4124/1529/674 4125/1530/674
f 4126/1527/675 4127/1526/675 4128/1531/675
f 4129/1530/676 4130/1532/676 4131/1533/676
s 1
f 4132/1530/677 4133/1529/677 4134/1532/677
s 0
f 4135/1533/678 4136/1534/678 4137/1535/678
f 4138/1533/679 4139/1532/679 4140/1534/679
f 4141/1535/680 4142/1536/680 4143/1537/680
f 4144/1535/681 4145/1534/681 4146/1536/681
f 4147/1537/682 4148/1538/682 4149/1539/682
f 4150/1537/683 4151/1536/683 4152/1538/683
f 4153/1539/684 4154/1540/684 4155/1541/684
f 4156/1539/685 4157/1538/685 4158/1540/685
f 4159/1541/686 4160/1542/686 4161/1543/686
f 4162/1541/687 4163/1540/687 4164/1542/687
f 4165/1544/688 4166/1545/688 4167/1546/688
f 4168/1544/689 4169/1547/689 4170/1545/689
f 4171/1548/690 4172/1549/690 4173/1550/690
f 4174/1548/691 4175/1551/691 4176/1549/691
f 4177/1551/692 4178/1552/692 4179/1549/692
f 4180/1551/693 4181/1553/693 4182/1552/693
f 4183/1553/694 4184/1554/694 4185/1552/694
s 1
f 4186/1553/695 4187/1555/695 4188/1554/695
s 0
f 4189/1555/696 4190/1556/696 4191/1554/696
f 4192/1555/697 4193/1557/697 4194/1556/697
f 4195/1557/698 4196/1558/698 4197/1556/698
s 1
f 4198/1557/699 4199/1559/699 4200/1558/699
s 0
f 4201/1560/700 4202/1561/700 4203/1562/700
f 4204/1560/701 4205/1563/701 4206/1561/701
f 4207/1563/702 4208/1564/702 4209/1561/702
f 4210/1563/703 4211/1565/703 4212/1564/703
f 4213/1565/704 4214/1566/704 4215/1564/704
f 4216/1565/705 4217/1567/705 4218/1566/705
f 4219/1567/706 4220/1568/706 4221/1566/706
f 4222/1567/707 4223/1569/707 4224/1568/707
f 4225/1569/708 4226/1570/708 4227/1568/708
f 4228/1569/709 4229/1571/709 4230/1570/709
f 4231/1571/710 4232/1572/710 4233/1570/710
f 4234/1571/711 4235/1573/711 4236/1572/711
f 4237/1573/712 4238/1574/712 4239/1572/712
f 4240/1573/713 4241/1575/713 4242/1574/713
f 4243/1576/714 4244/1577/714 4245/1578/714
f 4246/1576/715 4247/1579/715 4248/1577/715
f 4249/1580/716 4250/1581/716 4251/1582/716
f 4252/1580/717 4253/1583/717 4254/1581/717
f 4255/1583/718 4256/1584/718 4257/1581/718
f 4258/1583/719 4259/1585/719 4260/1584/719
f 4261/1585/720 4262/1586/720 4263/1584/720
f 4264/1585/721 4265/1587/721 4266/1586/721
f 4267/1587/722 4268/1588/722 4269/1586/722
f 4270/1587/723 4271/1589/723 4272/1588/723
f 4273/1589/724 4274/1590/724 4275/1588/724
f 4276/1589/725 4277/1591/725 4278/1590/725
s 1
f 4279/1591/726 4280/1592/726 4281/1590/726
s 0
f 4282/1591/727 4283/1593/727 4284/1592/727
f 4285/1594/728 4286/1528/728 4287/1530/728
f 4288/1594/729 4289/1595/729 4290/1528/729
f 4291/1595/730 4292/1596/730 4293/1528/730
f 4294/1595/731 4295/1597/731 4296/1596/731
f 4297/1597/732 4298/1598/732 4299/1596/732
f 4300/1597/733 4301/1599/733 4302/1598/733
f 4303/1599/734 4304/1600/734 4305/1598/734
f 4306/1599/735 4307/1601/735 4308/1600/735
f 4309/1601/736 4310/1602/736 4311/1600/736
f 4312/1601/737 4313/1603/737 4314/1602/737
f 4315/1603/738 4316/1604/738 4317/1602/738
f 4318/1603/739 4319/1605/739 4320/1604/739
f 4321/1606/840 4322/1607/840 4323/1608/840
f 4324/1606/841 4325/1609/841 4326/1607/841
f 4327/1609/842 4328/1610/842 4329/1607/842
f 4330/1609/843 4331/1611/843 4332/1610/843
f 4333/1611/844 4334/1612/844 4335/1610/844
f 4336/1611/845 4337/1613/845 4338/1612/845
f 4339/1613/846 4340/1614/846 4341/1612/846
f 4342/1613/847 4343/1615/847 4344/1614/847
f 4345/1615/848 4346/1616/848 4347/1614/848
f 4348/1615/849 4349/1617/849 4350/1616/849
f 4351/1618/850 4352/1619/850 4353/1620/850
f 4354/1618/851 4355/1621/851 4356/1619/851
f 4357/1621/852 4358/1622/852 4359/1619/852
f 4360/1621/853 4361/1623/853 4362/1622/853
f 4363/1623/854 4364/1624/854 4365/1622/854
f 4366/1623/855 4367/1625/855 4368/1624/855
f 4369/1625/856 4370/1626/856 4371/1624/856
f 4372/1625/857 4373/1627/857 4374/1626/857
f 4375/1627/858 4376/1628/858 4377/1626/858
f 4378/1627/859 4379/1629/859 4380/1628/859
f 4381/1629/860 4382/1630/860 4383/1628/860
f 4384/1629/861 4385/1631/861 4386/1630/861
f 4387/1631/862 4388/1632/862 4389/1630/862
f 4390/1631/863 4391/1633/863 4392/1632/863
f 4393/1634/864 4394/1635/864 4395/1636/864
f 4396/1634/865 4397/1637/865 4398/1635/865
f 4399/1636/866 4400/1638/866 4401/1639/866
f 4402/1636/867 4403/1635/867 4404/1638/867
f 4405/1639/868 4406/1640/868 4407/1641/868
f 4408/1639/869 4409/1638/869 4410/1640/869
f 4411/1641/870 4412/1642/870 4413/1643/870
f 4414/1641/871 4415/1640/871 4416/1642/871
f 4417/1643/872 4418/1644/872 4419/1645/872
f 4420/1643/873 4421/1642/873 4422/1644/873
f 4423/1646/874 4424/1647/874 4425/1648/874
f 4426/1646/875 4427/1649/875 4428/1647/875
f 4429/1648/876 4430/1650/876 4431/1651/876
f 4432/1648/877 4433/1647/877 4434/1650/877
f 4435/1651/878 4436/1652/878 4437/1653/878
f 4438/1651/879 4439/1650/879 4440/1652/879
f 4441/1653/880 4442/1654/880 4443/1655/880
f 4444/1653/881 4445/1652/881 4446/1654/881
f 4447/1655/882 4448/1656/882 4449/1657/882
f 4450/1655/883 4451/1654/883 4452/1656/883
f 4453/1657/884 4454/1658/884 4455/1659/884
f 4456/1657/885 4457/1656/885 4458/1658/885
f 4459/1660/886 4460/1661/886 4461/1662/886
f 4462/1659/887 4463/1658/887 4464/1663/887
f 4465/1664/888 4466/1665/888 4467/1666/888
f 4468/1664/889 4469/1667/889 4470/1665/889
f 4471/1668/890 4472/1669/890 4473/1670/890
f 4474/1668/891 4475/1671/891 4476/1669/891
f 4477/1671/892 4478/1672/892 4479/1669/892
f 4480/1671/893 4481/1673/893 4482/1672/893
f 4483/1674/894 4484/1640/894 4485/1638/894
f 4486/1674/895 4487/1675/895 4488/1640/895
f 4489/1675/896 4490/1642/896 4491/1640/896
f 4492/1675/897 4493/1676/897 4494/1642/897
f 4495/1676/898 4496/1644/898 4497/1642/898
f 4498/1676/899 4499/1677/899 4500/1644/899
f 4501/1677/900 4502/1678/900 4503/1644/900
f 4504/1677/901 4505/1679/901 4506/1678/901
f 4507/1680/902 4508/1681/902 4509/1682/902
f 4510/1680/903 4511/1683/903 4512/1681/903
f 4513/1683/904 4514/1684/904 4515/1681/904
f 4516/1683/905 4517/1685/905 4518/1684/905
f 4519/1685/906 4520/1686/906 4521/1684/906
f 4522/1685/907 4523/1687/907 4524/1686/907
f 4525/1688/908 4526/1689/908 4527/1690/908
f 4528/1688/909 4529/1691/909 4530/1689/909
f 4531/1691/910 4532/1692/910 4533/1689/910
f 4534/1691/911 4535/1693/911 4536/1692/911
f 4537/1694/912 4538/1695/912 4539/1696/912
f 4540/1694/913 4541/1697/913 4542/1695/913
f 4543/1698/914 4544/1662/914 4545/1661/914
s 1
f 4546/1698/915 4547/1699/915 4548/1662/915
s 0
f 4549/1699/916 4550/1660/916 4551/1662/916
f 4552/1699/917 4553/1700/917 4554/1660/917
f 4555/1700/918 4556/1701/918 4557/1660/918
f 4558/1700/919 4559/1702/919 4560/1701/919
f 4561/1702/920 4562/1703/920 4563/1701/920
f 4564/1702/921 4565/1704/921 4566/1703/921
f 4567/1705/922 4568/1706/922 4569/1707/922
f 4570/1705/923 4571/1708/923 4572/1706/923
f 4573/1708/924 4574/1709/924 4575/1706/924
f 4576/1708/925 4577/1710/925 4578/1709/925
f 4579/1710/926 4580/1711/926 4581/1709/926
f 4582/1710/927 4583/1712/927 4584/1711/927
f 4585/1712/928 4586/1713/928 4587/1711/928
f 4588/1714/929 4589/1617/929 4590/1715/929
f 4591/1617/930 4592/1716/930 4593/1715/930
f 4594/1617/931 4595/1615/931 4596/1716/931
f 4597/1615/932 4598/1717/932 4599/1716/932
f 4600/1615/933 4601/1613/933 4602/1717/933
f 4603/1613/934 4604/1718/934 4605/1717/934
f 4606/1613/935 4607/1611/935 4608/1718/935
f 4609/1719/936 4610/1720/936 4611/1721/936
f 4612/1719/937 4613/1722/937 4614/1720/937
f 4615/1722/938 4616/1723/938 4617/1720/938
f 4618/1722/939 4619/1724/939 4620/1723/939
f 4621/1725/1 4622/1726/1 4623/1727/1
f 4624/1725/2 4625/1728/2 4626/1726/2
s 1
f 4627/1727/3 4628/1729/3 4629/1730/3
s 0
f 4630/1727/4 4631/1726/4 4632/1729/4
f 4633/1730/5 4634/1731/5 4635/1732/5
f 4636/1730/6 4637/1729/6 4638/1731/6
f 4639/1732/7 4640/1733/7 4641/1734/7
f 4642/1732/8 4643/1731/8 4644/1733/8
f 4645/1734/9 4646/1735/9 4647/1736/9
f 4648/1734/10 4649/1733/10 4650/1735/10
f 4651/1736/11 4652/1737/11 4653/1738/11
f 4654/1736/12 4655/1735/12 4656/1737/12
f 4657/1739/13 4658/1740/13 4659/1741/13
f 4660/1739/14 4661/1742/14 4662/1740/14
f 4663/1741/15 4664/1743/15 4665/1744/15
f 4666/1741/16 4667/1740/16 4668/1743/16
f 4669/1744/17 4670/1745/17 4671/1746/17
f 4672/1744/18 4673/1743/18 4674/1745/18
f 4675/1746/19 4676/1747/19 4677/1748/19
f 4678/1746/20 4679/1745/20 4680/1747/20
f 4681/1748/21 4682/1749/21 4683/1750/21
f 4684/1748/22 4685/1747/22 4686/1749/22
f 4687/1750/23 4688/1751/23 4689/1752/23
f 4690/1750/24 4691/1749/24 4692/1751/24
f 4693/1753/25 4694/1754/25 4695/1755/25
f 4696/1753/26 4697/1756/26 4698/1754/26
f 4699/1756/27 4700/1757/27 4701/1754/27
f 4702/1756/28 4703/1758/28 4704/1757/28
f 4705/1758/29 4706/1759/29 4707/1757/29
f 4708/1758/30 4709/1760/30 4710/1759/30
f 4711/1760/31 4712/1761/31 4713/1759/31
f 4714/1760/32 4715/1762/32 4716/1761/32
f 4717/1762/33 4718/1763/33 4719/1761/33
f 4720/1762/34 4721/1764/34 4722/1763/34
f 4723/1764/35 4724/1765/35 4725/1763/35
f 4726/1766/36 4727/1767/36 4728/1768/36
f 4729/1767/37 4730/1769/37 4731/1768/37
f 4732/1767/38 4733/1770/38 4734/1769/38
f 4735/1770/39 4736/1771/39 4737/1769/39
f 4738/1770/40 4739/1772/40 4740/1771/40
f 4741/1772/41 4742/1773/41 4743/1771/41
f 4744/1772/42 4745/1774/42 4746/1773/42
f 4747/1774/43 4748/1775/43 4749/1773/43
s 1
f 4750/1774/44 4751/1776/44 4752/1775/44
s 0
f 4753/1776/45 4754/1777/45 4755/1775/45
f 4756/1776/46 4757/1778/46 4758/1777/46
f 4759/1778/47 4760/1779/47 4761/1777/47
s 1
f 4762/1778/48 4763/1780/48 4764/1779/48
s 0
f 4765/1781/49 4766/1782/49 4767/1783/49
f 4768/1781/50 4769/1784/50 4770/1782/50
f 4771/1785/51 4772/1786/51 4773/1787/51
f 4774/1785/52 4775/1788/52 4776/1786/52
f 4777/1787/53 4778/1789/53 4779/1790/53
f 4780/1787/54 4781/1786/54 4782/1789/54
f 4783/1790/55 4784/1791/55 4785/1792/55
f 4786/1790/56 4787/1789/56 4788/1791/56
f 4789/1792/57 4790/1793/57 4791/1794/57
f 4792/1792/58 4793/1791/58 4794/1793/58
f 4795/1794/59 4796/1795/59 4797/1796/59
f 4798/1794/60 4799/1793/60 4800/1795/60
f 4801/1796/61 4802/1797/61 4803/1798/61
f 4804/1796/62 4805/1795/62 4806/1797/62
f 4807/1798/63 4808/1799/63 4809/1800/63
f 4810/1798/64 4811/1797/64 4812/1799/64
f 4813/1800/65 4814/1801/65 4815/1802/65
f 4816/1800/66 4817/1799/66 4818/1801/66
f 4819/1802/67 4820/1803/67 4821/1804/67
f 4822/1802/68 4823/1801/68 4824/1803/68
f 4825/1804/69 4826/1805/69 4827/1806/69
f 4828/1804/70 4829/1803/70 4830/1805/70
f 4831/1806/71 4832/1807/71 4833/1808/71
f 4834/1806/72 4835/1805/72 4836/1807/72
f 4837/1808/73 4838/1809/73 4839/1810/73
f 4840/1808/74 4841/1807/74 4842/1809/74
f 4843/1811/75 4844/1812/75 4845/1813/75
f 4846/1811/76 4847/1814/76 4848/1812/76
f 4849/1815/77 4850/1816/77 4851/1817/77
f 4852/1815/78 4853/1818/78 4854/1816/78
f 4855/1817/79 4856/1819/79 4857/1820/79
f 4858/1817/80 4859/1816/80 4860/1819/80
f 4861/1820/81 4862/1821/81 4863/1822/81
f 4864/1820/82 4865/1819/82 4866/1821/82
f 4867/1822/83 4868/1823/83 4869/1824/83
f 4870/1822/84 4871/1821/84 4872/1823/84
f 4873/1824/85 4874/1825/85 4875/1826/85
f 4876/1824/86 4877/1823/86 4878/1825/86
f 4879/1826/87 4880/1827/87 4881/1828/87
f 4882/1826/88 4883/1825/88 4884/1827/88
f 4885/1828/89 4886/1829/89 4887/1830/89
f 4888/1828/90 4889/1827/90 4890/1829/90
f 4891/1830/91 4892/1831/91 4893/1832/91
f 4894/1830/92 4895/1829/92 4896/1831/92
f 4897/1832/93 4898/1833/93 4899/1834/93
f 4900/1832/94 4901/1831/94 4902/1833/94
f 4903/1834/95 4904/1835/95 4905/1836/95
f 4906/1834/96 4907/1833/96 4908/1835/96
f 4909/1836/97 4910/1837/97 4911/1838/97
f 4912/1836/98 4913/1835/98 4914/1837/98
f 4915/1838/99 4916/1839/99 4917/1840/99
f 4918/1838/100 4919/1837/100 4920/1839/100
f 4921/1841/200 4922/1842/200 4923/1843/200
f 4924/1841/201 4925/1844/201 4926/1842/201
f 4927/1843/202 4928/1845/202 4929/1846/202
f 4930/1843/203 4931/1842/203 4932/1845/203
f 4933/1846/204 4934/1847/204 4935/1848/204
f 4936/1846/205 4937/1845/205 4938/1847/205
f 4939/1848/206 4940/1849/206 4941/1850/206
f 4942/1848/207 4943/1847/207 4944/1849/207
f 4945/1850/208 4946/1851/208 4947/1852/208
f 4948/1850/209 4949/1849/209 4950/1851/209
f 4951/1852/210 4952/1853/210 4953/1854/210
f 4954/1852/211 4955/1851/211 4956/1853/211
f 4957/1855/212 4958/1856/212 4959/1857/212
s 1
f 4960/1855/213 4961/1858/213 4962/1856/213
s 0
f 4963/1857/214 4964/1859/214 4965/1860/214
f 4966/1857/215 4967/1856/215 4968/1859/215
f 4969/1860/216 4970/1861/216 4971/1862/216
f 4972/1860/217 4973/1859/217 4974/1861/217
f 4975/1862/218 4976/1863/218 4977/1864/218
f 4978/1862/219 4979/1861/219 4980/1863/219
f 4981/1864/220 4982/1865/220 4983/1866/220
f 4984/1864/221 4985/1863/221 4986/1865/221
f 4987/1866/222 4988/1867/222 4989/1868/222
f 4990/1866/223 4991/1865/223 4992/1867/223
f 4993/1869/224 4994/1870/224 4995/1871/224
f 4996/1869/225 4997/1872/225 4998/1870/225
f 4999/1872/226 5000/1873/226 5001/1870/226
f 5002/1872/227 5003/1874/227 5004/1873/227
s 1
f 5005/1874/228 5006/1875/228 5007/1873/228
s 0
f 5008/1874/229 5009/1876/229 5010/1875/229
f 5011/1876/230 5012/1877/230 5013/1875/230
f 5014/1876/231 5015/1878/231 5016/1877/231
f 5017/1878/232 5018/1879/232 5019/1877/232
f 5020/1878/233 5021/1880/233 5022/1879/233
f 5023/1880/234 5024/1881/234 5025/1879/234
f 5026/1882/235 5027/1883/235 5028/1884/235
f 5029/1883/236 5030/1885/236 5031/1884/236
f 5032/1883/237 5033/1886/237 5034/1885/237
f 5035/1886/238 5036/1887/238 5037/1885/238
f 5038/1886/239 5039/1888/239 5040/1887/239
f 5041/1888/240 5042/1889/240 5043/1887/240
f 5044/1888/241 5045/1890/241 5046/1889/241
s 1
f 5047/1890/242 5048/1891/242 5049/1889/242
s 0
f 5050/1890/243 5051/1892/243 5052/1891/243
f 5053/1892/244 5054/1893/244 5055/1891/244
f 5056/1892/245 5057/1894/245 5058/1893/245
f 5059/1894/246 5060/1895/246 5061/1893/246
f 5062/1894/247 5063/1896/247 5064/1895/247
f 5065/1897/248 5066/1898/248 5067/1899/248
f 5068/1897/249 5069/1900/249 5070/1898/249
f 5071/1901/250 5072/1902/250 5073/1903/250
f 5074/1901/251 5075/1904/251 5076/1902/251
f 5077/1903/252 5078/1905/252 5079/1906/252
f 5080/1903/253 5081/1902/253 5082/1905/253
f 5083/1906/254 5084/1907/254 5085/1908/254
f 5086/1906/255 5087/1905/255 5088/1907/255
f 5089/1908/256 5090/1909/256 5091/1910/256
f 5092/1908/257 5093/1907/257 5094/1909/257
f 5095/1910/258 5096/1911/258 5097/1912/258
f 5098/1910/259 5099/1909/259 5100/1911/259
f 5101/1913/260 5102/1914/260 5103/1915/260
f 5104/1913/261 5105/1915/261 5106/1916/261
f 5107/1916/262 5108/1917/262 5109/1918/262
f 5110/1916/263 5111/1915/263 5112/1917/263
f 5113/1918/264 5114/1919/264 5115/1920/264
f 5116/1918/265 5117/1917/265 5118/1919/265
f 5119/1920/266 5120/1921/266 5121/1922/266
f 5122/1920/267 5123/1919/267 5124/1921/267
f 5125/1922/268 5126/1923/268 5127/1924/268
f 5128/1922/269 5129/1921/269 5130/1923/269
f 5131/1924/270 5132/1925/270 5133/1926/270
f 5134/1924/271 5135/1923/271 5136/1925/271
f 5137/1926/272 5138/1927/272 5139/1928/272
f 5140/1926/273 5141/1925/273 5142/1927/273
f 5143/1929/274 5144/1930/274 5145/1931/274
f 5146/1929/275 5147/1932/275 5148/1930/275
f 5149/1933/276 5150/1934/276 5151/1935/276
f 5152/1933/277 5153/1936/277 5154/1934/277
f 5155/1935/278 5156/1937/278 5157/1938/278
f 5158/1935/279 5159/1934/279 5160/1937/279
f 5161/1938/280 5162/1939/280 5163/1940/280
f 5164/1938/281 5165/1937/281 5166/1939/281
f 5167/1940/282 5168/1941/282 5169/1942/282
f 5170/1940/283 5171/1939/283 5172/1941/283
f 5173/1942/284 5174/1943/284 5175/1944/284
s 1
f 5176/1942/285 5177/1941/285 5178/1943/285
s 0
f 5179/1944/286 5180/1945/286 5181/1946/286
f 5182/1944/287 5183/1943/287 5184/1945/287
f 5185/1947/288 5186/1883/288 5187/1882/288
f 5188/1947/289 5189/1882/289 5190/1948/289
f 5191/1948/290 5192/1949/290 5193/1950/290
f 5194/1948/291 5195/1882/291 5196/1949/291
f 5197/1950/292 5198/1951/292 5199/1952/292
f 5200/1950/293 5201/1949/293 5202/1951/293
f 5203/1952/294 5204/1953/294 5205/1954/294
f 5206/1952/295 5207/1951/295 5208/1953/295
f 5209/1954/296 5210/1955/296 5211/1956/296
f 5212/1954/297 5213/1953/297 5214/1955/297
f 5215/1956/298 5216/1957/298 5217/1958/298
s 1
f 5218/1956/299 5219/1955/299 5220/1957/299
s 0
f 5221/1959/540 5222/1960/540 5223/1961/540
f 5224/1959/541 5225/1962/541 5226/1960/541
f 5227/1961/542 5228/1963/542 5229/1964/542
f 5230/1961/543 5231/1960/543 5232/1963/543
f 5233/1964/544 5234/1965/544 5235/1966/544
f 5236/1964/545 5237/1963/545 5238/1965/545
f 5239/1966/546 5240/1967/546 5241/1968/546
f 5242/1966/547 5243/1965/547 5244/1967/547
f 5245/1968/548 5246/1969/548 5247/1970/548
f 5248/1968/549 5249/1967/549 5250/1969/549
f 5251/1971/550 5252/1972/550 5253/1973/550
f 5254/1971/551 5255/1974/551 5256/1972/551
f 5257/1973/552 5258/1975/552 5259/1976/552
f 5260/1973/553 5261/1972/553 5262/1975/553
f 5263/1976/554 5264/1977/554 5265/1978/554
s 1
f 5266/1976/555 5267/1975/555 5268/1977/555
f 5269/1978/556 5270/1979/556 5271/1980/556
s 0
f 5272/1978/557 5273/1977/557 5274/1979/557
f 5275/1980/558 5276/1981/558 5277/1982/558
f 5278/1980/559 5279/1979/559 5280/1981/559
f 5281/1982/560 5282/1983/560 5283/1984/560
f 5284/1982/561 5285/1981/561 5286/1983/561
f 5287/1984/562 5288/1985/562 5289/1986/562
f 5290/1984/563 5291/1983/563 5292/1985/563
f 5293/1987/564 5294/1988/564 5295/1989/564
s 1
f 5296/1987/565 5297/1990/565 5298/1988/565
s 0
f 5299/1990/566 5300/1991/566 5301/1988/566
f 5302/1990/567 5303/1992/567 5304/1991/567
f 5305/1992/568 5306/1993/568 5307/1991/568
f 5308/1992/569 5309/1994/569 5310/1993/569
f 5311/1994/570 5312/1995/570 5313/1993/570
f 5314/1994/571 5315/1996/571 5316/1995/571
f 5317/1996/572 5318/1997/572 5319/1995/572
f 5320/1996/573 5321/1998/573 5322/1997/573
f 5323/1999/574 5324/2000/574 5325/2001/574
f 5326/1999/575 5327/2002/575 5328/2000/575
f 5329/2002/576 5330/2003/576 5331/2000/576
f 5332/2002/577 5333/2004/577 5334/2003/577
f 5335/2004/578 5336/2005/578 5337/2003/578
f 5338/2004/579 5339/2006/579 5340/2005/579
f 5341/2006/580 5342/2007/580 5343/2005/580
f 5344/2006/581 5345/2008/581 5346/2007/581
f 5347/2008/582 5348/2009/582 5349/2007/582
f 5350/2008/583 5351/2010/583 5352/2009/583
f 5353/2010/584 5354/2011/584 5355/2009/584
f 5356/2010/585 5357/2012/585 5358/2011/585
f 5359/2012/586 5360/2013/586 5361/2011/586
f 5362/2014/587 5363/2015/587 5364/2016/587
f 5365/2017/588 5366/2018/588 5367/2019/588
f 5368/2017/589 5369/2020/589 5370/2018/589
f 5371/2021/590 5372/2022/590 5373/2023/590
f 5374/2021/591 5375/2024/591 5376/2022/591
f 5377/2025/592 5378/1991/592 5379/2026/592
f 5380/2025/593 5381/1988/593 5382/1991/593
f 5383/2026/594 5384/1993/594 5385/2027/594
f 5386/2026/595 5387/1991/595 5388/1993/595
f 5389/2027/596 5390/1995/596 5391/2028/596
f 5392/2027/597 5393/1993/597 5394/1995/597
f 5395/2028/598 5396/1997/598 5397/2029/598
f 5398/2028/599 5399/1995/599 5400/1997/599
f 5401/2029/600 5402/2030/600 5403/2031/600
f 5404/2029/601 5405/1997/601 5406/2030/601
f 5407/2032/602 5408/2033/602 5409/2034/602
f 5410/2032/603 5411/2035/603 5412/2033/603
f 5413/2034/604 5414/2036/604 5415/2037/604
f 5416/2034/605 5417/2033/605 5418/2036/605
f 5419/2037/606 5420/2038/606 5421/2039/606
f 5422/2037/607 5423/2036/607 5424/2038/607
f 5425/2040/608 5426/2041/608 5427/2042/608
f 5428/2040/609 5429/2043/609 5430/2041/609
f 5431/2042/610 5432/2044/610 5433/2045/610
f 5434/2042/611 5435/2041/611 5436/2044/611
f 5437/2046/612 5438/2047/612 5439/2048/612
f 5440/2046/613 5441/2049/613 5442/2047/613
f 5443/2050/614 5444/2015/614 5445/2051/614
f 5446/2050/615 5447/2016/615 5448/2015/615
f 5449/2051/616 5450/2014/616 5451/2052/616
f 5452/2051/617 5453/2015/617 5454/2014/617
f 5455/2052/618 5456/2053/618 5457/2054/618
f 5458/2052/619 5459/2014/619 5460/2053/619
f 5461/2054/620 5462/2055/620 5463/2056/620
f 5464/2054/621 5465/2053/621 5466/2055/621
f 5467/2057/622 5468/2058/622 5469/2059/622
f 5470/2057/623 5471/2060/623 5472/2058/623
f 5473/2059/624 5474/2061/624 5475/2062/624
f 5476/2059/625 5477/2058/625 5478/2061/625
f 5479/2062/626 5480/2063/626 5481/2064/626
f 5482/2062/627 5483/2061/627 5484/2063/627
f 5485/2064/628 5486/2063/628 5487/2065/628
f 5488/2066/629 5489/2067/629 5490/1970/629
f 5491/1970/630 5492/2068/630 5493/1968/630
s 1
f 5494/1970/631 5495/2067/631 5496/2068/631
s 0
f 5497/1968/632 5498/2069/632 5499/1966/632
f 5500/1968/633 5501/2068/633 5502/2069/633
f 5503/1966/634 5504/2070/634 5505/1964/634
s 1
f 5506/1966/635 5507/2069/635 5508/2070/635
s 0
f 5509/1964/636 5510/2071/636 5511/1961/636
f 5512/1964/637 5513/2070/637 5514/2071/637
f 5515/2072/638 5516/2073/638 5517/2074/638
f 5518/2072/639 5519/2075/639 5520/2073/639
f 5521/2076/740 5522/2077/740 5523/2078/740
f 5524/2076/741 5525/2079/741 5526/2077/741
f 5527/2079/742 5528/2080/742 5529/2077/742
s 1
f 5530/2079/743 5531/2081/743 5532/2080/743
s 0
f 5533/2081/744 5534/2082/744 5535/2080/744
f 5536/2081/745 5537/2083/745 5538/2082/745
f 5539/2083/746 5540/2084/746 5541/2082/746
f 5542/2083/747 5543/2085/747 5544/2084/747
f 5545/2085/748 5546/2086/748 5547/2084/748
f 5548/2085/749 5549/2087/749 5550/2086/749
s 1
f 5551/2087/750 5552/2088/750 5553/2086/750
s 0
f 5554/2087/751 5555/2089/751 5556/2088/751
f 5557/2090/752 5558/2091/752 5559/2092/752
f 5560/2090/753 5561/2093/753 5562/2091/753
f 5563/2093/754 5564/2094/754 5565/2091/754
f 5566/2093/755 5567/2095/755 5568/2094/755
f 5569/2095/756 5570/2096/756 5571/2094/756
f 5572/2095/757 5573/2097/757 5574/2096/757
f 5575/2097/758 5576/2098/758 5577/2096/758
f 5578/2097/759 5579/2099/759 5580/2098/759
f 5581/2099/760 5582/2100/760 5583/2098/760
f 5584/2099/761 5585/2101/761 5586/2100/761
f 5587/2101/762 5588/2102/762 5589/2100/762
f 5590/2101/763 5591/2103/763 5592/2102/763
f 5593/2104/764 5594/2105/764 5595/2106/764
f 5596/2104/765 5597/2107/765 5598/2105/765
f 5599/2106/766 5600/2108/766 5601/2109/766
f 5602/2106/767 5603/2105/767 5604/2108/767
f 5605/2109/768 5606/2110/768 5607/2111/768
f 5608/2109/769 5609/2108/769 5610/2110/769
f 5611/2111/770 5612/2112/770 5613/2113/770
f 5614/2111/771 5615/2110/771 5616/2112/771
f 5617/2113/772 5618/2114/772 5619/2115/772
f 5620/2113/773 5621/2112/773 5622/2114/773
f 5623/2116/774 5624/2117/774 5625/2118/774
f 5626/2115/775 5627/2114/775 5628/2119/775
f 5629/2118/776 5630/2120/776 5631/2121/776
f 5632/2118/777 5633/2117/777 5634/2120/777
f 5635/2121/778 5636/2122/778 5637/2123/778
f 5638/2121/779 5639/2120/779 5640/2122/779
f 5641/2123/780 5642/2124/780 5643/2125/780
f 5644/2123/781 5645/2122/781 5646/2124/781
f 5647/2125/782 5648/2126/782 5649/2127/782
f 5650/2125/783 5651/2124/783 5652/2126/783
f 5653/2127/784 5654/2128/784 5655/2129/784
f 5656/2127/785 5657/2126/785 5658/2128/785
s 1
f 5659/2129/786 5660/2130/786 5661/2131/786
s 0
f 5662/2129/787 5663/2128/787 5664/2130/787
f 5665/2132/788 5666/2133/788 5667/2134/788
f 5668/2132/789 5669/2135/789 5670/2133/789
f 5671/2136/790 5672/2137/790 5673/2138/790
f 5674/2136/791 5675/2139/791 5676/2137/791
f 5677/2139/792 5678/2140/792 5679/2137/792
f 5680/2139/793 5681/2141/793 5682/2140/793
f 5683/2141/794 5684/2142/794 5685/2140/794
s 1
f 5686/2141/795 5687/2143/795 5688/2142/795
s 0
f 5689/2143/796 5690/2144/796 5691/2142/796
f 5692/2143/797 5693/2145/797 5694/2144/797
f 5695/2145/798 5696/2146/798 5697/2144/798
s 1
f 5698/2145/799 5699/2147/799 5700/2146/799
s 0
f 5701/2147/800 5702/2148/800 5703/2146/800
f 5704/2147/801 5705/2149/801 5706/2148/801
f 5707/2149/802 5708/2150/802 5709/2148/802
f 5710/2149/803 5711/2151/803 5712/2150/803
f 5713/2151/804 5714/2152/804 5715/2150/804
f 5716/2151/805 5717/2153/805 5718/2152/805
f 5719/2153/806 5720/2154/806 5721/2152/806
f 5722/2153/807 5723/2155/807 5724/2154/807
f 5725/2155/808 5726/2156/808 5727/2154/808
f 5728/2155/809 5729/2157/809 5730/2156/809
f 5731/2157/810 5732/2158/810 5733/2156/810
f 5734/2157/811 5735/2159/811 5736/2158/811
f 5737/2159/812 5738/2160/812 5739/2158/812
f 5740/2159/813 5741/2161/813 5742/2160/813
f 5743/2162/814 5744/2163/814 5745/2164/814
f 5746/2162/815 5747/2165/815 5748/2163/815
f 5749/2166/816 5750/2167/816 5751/2168/816
f 5752/2166/817 5753/2169/817 5754/2167/817
f 5755/2169/818 5756/2170/818 5757/2167/818
f 5758/2169/819 5759/2171/819 5760/2170/819
f 5761/2171/820 5762/2172/820 5763/2170/820
f 5764/2171/821 5765/2173/821 5766/2172/821
f 5767/2173/822 5768/2174/822 5769/2172/822
s 1
f 5770/2173/823 5771/2175/823 5772/2174/823
s 0
f 5773/2175/824 5774/2176/824 5775/2174/824
f 5776/2175/825 5777/2177/825 5778/2176/825
f 5779/2177/826 5780/2178/826 5781/2176/826
f 5782/2177/827 5783/2179/827 5784/2178/827
f 5785/2179/828 5786/2180/828 5787/2178/828
f 5788/2179/829 5789/2181/829 5790/2180/829
f 5791/2181/830 5792/2182/830 5793/2180/830
f 5794/2181/831 5795/2183/831 5796/2182/831
f 5797/2183/832 5798/2184/832 5799/2182/832
f 5800/2183/833 5801/2185/833 5802/2184/833
f 5803/2185/834 5804/2186/834 5805/2184/834
f 5806/2185/835 5807/2187/835 5808/2186/835
f 5809/2187/836 5810/2188/836 5811/2186/836
f 5812/2187/837 5813/2189/837 5814/2188/837
f 5815/2189/838 5816/2190/838 5817/2188/838
f 5818/2189/839 5819/2191/839 5820/2190/839
f 5821/2192/101 5822/2193/101 5823/2194/101
f 5824/2192/102 5825/2195/102 5826/2193/102
f 5827/2195/103 5828/2196/103 5829/2193/103
f 5830/2195/104 5831/2197/104 5832/2196/104
f 5833/2197/105 5834/2198/105 5835/2196/105
f 5836/2197/106 5837/2199/106 5838/2198/106
f 5839/2199/107 5840/2200/107 5841/2198/107
f 5842/2199/108 5843/2201/108 5844/2200/108
f 5845/2201/109 5846/2202/109 5847/2200/109
f 5848/2201/110 5849/2203/110 5850/2202/110
f 5851/2203/110 5852/2204/110 5853/2202/110
f 5854/2203/111 5855/2205/111 5856/2204/111
f 5857/2205/112 5858/2206/112 5859/2204/112
f 5860/2205/113 5861/2207/113 5862/2206/113
f 5863/2207/114 5864/2208/114 5865/2206/114
f 5866/2207/115 5867/2209/115 5868/2208/115
f 5869/2209/116 5870/2210/116 5871/2208/116
f 5872/2209/117 5873/2211/117 5874/2210/117
f 5875/2211/118 5876/2212/118 5877/2210/118
f 5878/2211/119 5879/2213/119 5880/2212/119
f 5881/2213/120 5882/2214/120 5883/2212/120
f 5884/2213/121 5885/2215/121 5886/2214/121
f 5887/2215/122 5888/2216/122 5889/2214/122
f 5890/2215/123 5891/2217/123 5892/2216/123
f 5893/2218/124 5894/2219/124 5895/2220/124
f 5896/2218/125 5897/2221/125 5898/2219/125
f 5899/2220/126 5900/2222/126 5901/2223/126
f 5902/2220/127 5903/2219/127 5904/2222/127
f 5905/2223/128 5906/2224/128 5907/2225/128
f 5908/2223/129 5909/2222/129 5910/2224/129
f 5911/2225/130 5912/2226/130 5913/2227/130
f 5914/2225/131 5915/2224/131 5916/2226/131
f 5917/2227/132 5918/2228/132 5919/2229/132
f 5920/2227/133 5921/2226/133 5922/2228/133
s 1
f 5923/2229/134 5924/2230/134 5925/2231/134
s 0
f 5926/2229/135 5927/2228/135 5928/2230/135
f 5929/2231/136 5930/2232/136 5931/2233/136
f 5932/2231/137 5933/2230/137 5934/2232/137
f 5935/2233/138 5936/2234/138 5937/2235/138
f 5938/2233/139 5939/2232/139 5940/2234/139
f 5941/2235/140 5942/2236/140 5943/2237/140
f 5944/2235/141 5945/2234/141 5946/2236/141
f 5947/2237/142 5948/2238/142 5949/2239/142
f 5950/2237/143 5951/2236/143 5952/2238/143
f 5953/2239/144 5954/2240/144 5955/2241/144
f 5956/2239/145 5957/2238/145 5958/2240/145
f 5959/2241/146 5960/2242/146 5961/2243/146
f 5962/2241/147 5963/2240/147 5964/2242/147
f 5965/2244/148 5966/2245/148 5967/2246/148
f 5968/2244/149 5969/2247/149 5970/2245/149
f 5971/2248/150 5972/2249/150 5973/2250/150
f 5974/2248/151 5975/2251/151 5976/2249/151
f 5977/2252/152 5978/2253/152 5979/2254/152
f 5980/2252/153 5981/2255/153 5982/2253/153
f 5983/2256/154 5984/2257/154 5985/2258/154
f 5986/2256/155 5987/2259/155 5988/2257/155
f 5989/2259/156 5990/2260/156 5991/2257/156
f 5992/2259/157 5993/2261/157 5994/2260/157
f 5995/2261/158 5996/2262/158 5997/2260/158
f 5998/2261/159 5999/2263/159 6000/2262/159
f 6001/2263/160 6002/2264/160 6003/2262/160
f 6004/2263/161 6005/2265/161 6006/2264/161
f 6007/2265/162 6008/2266/162 6009/2264/162
f 6010/2265/163 6011/2267/163 6012/2266/163
f 6013/2267/164 6014/2268/164 6015/2266/164
f 6016/2267/165 6017/2269/165 6018/2268/165
f 6019/2269/166 6020/2270/166 6021/2268/166
f 6022/2269/167 6023/2271/167 6024/2270/167
f 6025/2271/168 6026/2272/168 6027/2270/168
f 6028/2271/169 6029/2273/169 6030/2272/169
f 6031/2273/170 6032/2274/170 6033/2272/170
f 6034/2273/171 6035/2275/171 6036/2274/171
f 6037/2275/172 6038/2276/172 6039/2274/172
f 6040/2275/173 6041/2277/173 6042/2276/173
f 6043/2278/174 6044/2279/174 6045/2280/174
f 6046/2278/175 6047/2281/175 6048/2279/175
f 6049/2282/176 6050/2283/176 6051/2284/176
f 6052/2282/177 6053/2285/177 6054/2283/177
f 6055/2285/178 6056/2286/178 6057/2283/178
f 6058/2285/179 6059/2287/179 6060/2286/179
f 6061/2287/180 6062/2288/180 6063/2286/180
f 6064/2287/181 6065/2289/181 6066/2288/181
f 6067/2289/182 6068/2290/182 6069/2288/182
f 6070/2289/183 6071/2291/183 6072/2290/183
f 6073/2291/184 6074/2292/184 6075/2290/184
f 6076/2291/185 6077/2293/185 6078/2292/185
f 6079/2293/186 6080/2294/186 6081/2292/186
f 6082/2293/187 6083/2295/187 6084/2294/187
f 6085/2295/188 6086/2296/188 6087/2294/188
f 6088/2295/189 6089/2297/189 6090/2296/189
f 6091/2297/190 6092/2298/190 6093/2296/190
f 6094/2297/191 6095/2299/191 6096/2298/191
f 6097/2299/192 6098/2300/192 6099/2298/192
f 6100/2299/193 6101/2301/193 6102/2300/193
f 6103/2301/194 6104/2302/194 6105/2300/194
f 6106/2301/195 6107/2303/195 6108/2302/195
s 1
f 6109/2304/196 6110/2305/196 6111/2306/196
s 0
f 6112/2304/197 6113/2307/197 6114/2305/197
f 6115/2308/198 6116/2309/198 6117/2310/198
f 6118/2308/199 6119/2311/199 6120/2309/199
o 1
v -19.707268 -16.793228 -37.197018
v -21.491198 -17.415234 -39.231995
v -22.687769 -16.740538 -38.878082
v -21.774248 -15.385052 -36.504749
v -19.707268 -16.793228 -37.197018
v -20.244768 -18.971228 -40.307777
v -21.615108 -18.608536 -40.640057
v -21.491198 -17.415234 -39.231995
v -19.707268 -16.793228 -37.197018
v -21.774248 -15.385052 -36.504749
v -20.163269 -13.192373 -32.859486
v -16.948059 -13.750806 -33.220207
v -6.571488 5.859741 -2.761844
v -3.540438 9.541935 3.797910
v -2.675578 7.050949 -0.055766
v -4.633278 4.578753 -4.644344
v -6.571488 5.859741 -2.761844
v -10.270178 9.885200 3.784533
v -9.574768 10.830147 5.536554
v -3.540438 9.541935 3.797910
v -6.571488 5.859741 -2.761844
v -4.633278 4.578753 -4.644344
v -5.989259 0.043114 -11.286860
v -7.218458 0.358453 -10.998322
v -6.571488 5.859741 -2.761844
v -7.218458 0.358453 -10.998322
v -8.938398 0.472755 -11.123884
v -9.539208 5.084202 -4.363260
v -6.571488 5.859741 -2.761844
v -9.539208 5.084202 -4.363260
v -12.567469 8.227961 0.869491
v -10.270178 9.885200 3.784533
v -45.338490 -3.591203 -20.081741
v -41.478168 -3.995428 -20.687634
v -43.781178 -6.743006 -25.150204
v -48.305656 -5.119989 -22.517292
v -45.338490 -3.591203 -20.081741
v -48.305656 -5.119989 -22.517292
v -51.425056 -2.874824 -18.777016
v -45.965790 -1.810352 -17.069382
v -45.338490 -3.591203 -20.081741
v -45.965790 -1.810352 -17.069382
v -40.501049 -1.430336 -16.321789
v -41.478168 -3.995428 -20.687634
v -5.232268 4.758710 -4.094041
v -4.633278 4.578753 -4.644344
v -2.675578 7.050949 -0.055766
v -2.789598 7.251139 0.479382
v -5.232268 4.758710 -4.094041
v -4.676118 9.243484 3.444202
v -7.213618 7.571944 0.310059
v -7.153778 4.021993 -5.498186
v -5.232268 4.758710 -4.094041
v -2.789598 7.251139 0.479382
v -3.193038 10.517786 5.563517
v -4.676118 9.243484 3.444202
v -1.479248 6.788138 -0.145821
v -2.789598 7.251139 0.479382
v -2.675578 7.050949 -0.055766
v -1.463048 6.861758 -0.161864
v -14.335138 7.049650 -1.273202
v -12.567469 8.227961 0.869491
v -9.539208 5.084202 -4.363260
v -12.641519 4.592110 -5.387940
v -14.335138 7.049650 -1.273202
v -18.758928 7.391658 -0.812945
v -18.429688 9.463159 2.732769
v -12.567469 8.227961 0.869491
v -14.335138 7.049650 -1.273202
v -12.641519 4.592110 -5.387940
v -17.780798 4.644411 -5.478235
v -18.758928 7.391658 -0.812945
v -22.306509 -17.590843 -39.936317
v -21.491198 -17.415234 -39.231995
v -21.615108 -18.608536 -40.640057
v -22.400778 -18.062660 -40.536812
v -22.306509 -17.590843 -39.936317
v -23.482908 -16.998966 -39.964230
v -22.687769 -16.740538 -38.878082
v -21.491198 -17.415234 -39.231995
v -22.306509 -17.590843 -39.936317
v -22.400778 -18.062660 -40.536812
v -23.685368 -17.783741 -41.124748
v -23.482908 -16.998966 -39.964230
v -23.685368 -17.783741 -41.124748
v -24.033237 -17.964960 -41.293980
v -26.014627 -16.211826 -39.852871
v -26.095848 -16.153854 -40.350754
v -23.685368 -17.783741 -41.124748
v -26.095848 -16.153854 -40.350754
v -25.674578 -16.025776 -39.500942
v -23.482908 -16.998966 -39.964230
v -23.685368 -17.783741 -41.124748
v -22.546059 -20.013721 -42.796535
v -23.013508 -20.262199 -43.194801
v -24.033237 -17.964960 -41.293980
v -23.685368 -17.783741 -41.124748
v -22.400778 -18.062660 -40.536812
v -21.615108 -18.608536 -40.640057
v -22.546059 -20.013721 -42.796535
v -51.300449 1.610392 -11.241835
v -54.228828 2.177556 -10.212969
v -49.971828 4.225597 -6.298722
v -47.607430 2.661604 -9.453842
v -51.300449 1.610392 -11.241835
v -47.607430 2.661604 -9.453842
v -46.401520 0.497670 -13.140779
v -51.606079 -0.361053 -14.489552
v -51.300449 1.610392 -11.241835
v -51.606079 -0.361053 -14.489552
v -57.097019 -0.732315 -15.040453
v -54.228828 2.177556 -10.212969
v -22.546059 -20.013721 -42.796535
v -21.615108 -18.608536 -40.640057
v -20.244768 -18.971228 -40.307777
v -21.155859 -20.963654 -43.044472
v -18.100018 -25.828413 -48.205204
v -17.673378 -26.143902 -48.522861
v -18.204819 -26.752684 -49.422230
v -18.837799 -25.947906 -48.507050
v -18.100018 -25.828413 -48.205204
v -17.967928 -25.197777 -47.397160
v -17.319267 -25.327049 -47.454773
v -17.673378 -26.143902 -48.522861
v -18.100018 -25.828413 -48.205204
v -18.837799 -25.947906 -48.507050
v -19.186228 -25.054609 -47.429234
v -17.967928 -25.197777 -47.397160
v -9.664728 5.963902 -2.600719
v -9.407898 3.717731 -6.245705
v -7.153778 4.021993 -5.498186
v -7.213618 7.571944 0.310059
v -9.664728 5.963902 -2.600719
v -12.783319 6.716804 -1.495120
v -12.612329 4.084875 -5.972040
v -9.407898 3.717731 -6.245705
v -9.664728 5.963902 -2.600719
v -7.213618 7.571944 0.310059
v -9.739398 9.824142 3.969883
v -12.783319 6.716804 -1.495120
v -50.841427 1.599959 -10.999886
v -49.996750 -0.273457 -14.195114
v -45.766758 1.076141 -11.881945
v -47.580669 3.076584 -8.479897
v -50.841427 1.599959 -10.999886
v -55.205238 2.015531 -10.076277
v -54.654980 -1.077187 -15.221245
v -49.996750 -0.273457 -14.195114
v -50.841427 1.599959 -10.999886
v -47.580669 3.076584 -8.479897
v -50.392117 4.410903 -5.840633
v -55.205238 2.015531 -10.076277
v -18.012278 -26.195017 -48.450733
v -18.066479 -25.560947 -47.675083
v -19.195908 -25.707018 -48.083138
v -18.621717 -26.465384 -48.946838
v -18.012278 -26.195017 -48.450733
v -17.597599 -26.374546 -48.610569
v -17.360209 -25.516373 -47.512981
v -18.066479 -25.560947 -47.675083
v -18.012278 -26.195017 -48.450733
v -18.621717 -26.465384 -48.946838
v -17.888288 -27.158577 -49.761364
v -17.597599 -26.374546 -48.610569
v -39.465717 -1.394021 -15.984985
v -41.936638 -2.837290 -18.495100
v -37.967319 -4.020988 -20.435688
v -36.013039 -1.567632 -16.210800
v -39.465717 -1.394021 -15.984985
v -36.013039 -1.567632 -16.210800
v -35.522068 0.936341 -11.921707
v -40.192829 0.252763 -13.180088
v -39.465717 -1.394021 -15.984985
v -40.192829 0.252763 -13.180088
v -44.242458 -1.043124 -15.478455
v -41.936638 -2.837290 -18.495100
v -20.391989 -13.740471 -33.455235
v -18.697477 -17.292252 -37.548271
v -15.725409 -17.336384 -37.226265
v -14.544658 -13.983780 -33.066257
v -20.391989 -13.740471 -33.455235
v -14.544658 -13.983780 -33.066257
v -13.737548 -10.660998 -28.905518
v -18.814928 -10.132084 -28.704468
v -20.391989 -13.740471 -33.455235
v -18.814928 -10.132084 -28.704468
v -23.116709 -9.037944 -27.997086
v -25.773798 -11.878976 -31.968758
v -20.391989 -13.740471 -33.455235
v -23.572128 -15.237881 -36.553921
v -21.371788 -17.400860 -38.943172
v -18.697477 -17.292252 -37.548271
v -21.371788 -17.400860 -38.943172
v -23.025457 -17.673693 -40.447750
v -22.129078 -20.247543 -42.675972
v -20.347538 -20.292042 -41.739998
v -21.371788 -17.400860 -38.943172
v -20.347538 -20.292042 -41.739998
v -17.512768 -20.334631 -41.148739
v -18.697477 -17.292252 -37.548271
v -21.371788 -17.400860 -38.943172
v -23.572128 -15.237881 -36.553921
v -24.878569 -16.033951 -38.570057
v -23.025457 -17.673693 -40.447750
v -24.878569 -16.033951 -38.570057
v -23.572128 -15.237881 -36.553921
v -27.858288 -13.779785 -35.458515
v -28.642248 -14.614951 -37.413315
v -24.878569 -16.033951 -38.570057
v -28.642248 -14.614951 -37.413315
v -29.045958 -15.210567 -38.660786
v -26.014627 -16.211826 -39.852871
v -24.878569 -16.033951 -38.570057
v -26.014627 -16.211826 -39.852871
v -24.033237 -17.964960 -41.293980
v -23.025457 -17.673693 -40.447750
v -29.045958 -15.210567 -38.660786
v -28.642248 -14.614951 -37.413315
v -34.326588 -13.886122 -37.032269
v -34.728600 -14.731257 -38.463688
v -29.045958 -15.210567 -38.660786
v -34.728600 -14.731257 -38.463688
v -35.003429 -15.465427 -39.757561
v -29.373999 -15.610449 -39.896404
v -29.045958 -15.210567 -38.660786
v -29.373999 -15.610449 -39.896404
v -26.095848 -16.153854 -40.350754
v -26.014627 -16.211826 -39.852871
v -29.373999 -15.610449 -39.896404
v -35.003429 -15.465427 -39.757561
v -35.158279 -14.738495 -38.720848
v -29.418718 -15.142258 -38.794563
v -29.373999 -15.610449 -39.896404
v -29.418718 -15.142258 -38.794563
v -25.674578 -16.025776 -39.500942
v -26.095848 -16.153854 -40.350754
v -29.418718 -15.142258 -38.794563
v -35.158279 -14.738495 -38.720848
v -35.209938 -13.865727 -37.306629
v -29.350328 -14.507538 -37.643230
v -29.418718 -15.142258 -38.794563
v -29.350328 -14.507538 -37.643230
v -25.129898 -15.694022 -38.314491
v -25.674578 -16.025776 -39.500942
v -25.129898 -15.694022 -38.314491
v -22.687769 -16.740538 -38.878082
v -23.482908 -16.998966 -39.964230
v -25.674578 -16.025776 -39.500942
v -25.129898 -15.694022 -38.314491
v -29.350328 -14.507538 -37.643230
v -29.219538 -13.705921 -36.040825
v -24.467949 -14.888901 -36.513115
v -25.129898 -15.694022 -38.314491
v -24.467949 -14.888901 -36.513115
v -21.774248 -15.385052 -36.504749
v -22.687769 -16.740538 -38.878082
v -24.467949 -14.888901 -36.513115
v -29.219538 -13.705921 -36.040825
v -28.505728 -11.607924 -32.466633
v -23.540728 -12.627807 -33.097622
v -24.467949 -14.888901 -36.513115
v -23.540728 -12.627807 -33.097622
v -20.163269 -13.192373 -32.859486
v -21.774248 -15.385052 -36.504749
v -23.540728 -12.627807 -33.097622
v -28.505728 -11.607924 -32.466633
v -27.200438 -8.441045 -27.596878
v -22.238518 -9.077362 -28.222935
v -23.540728 -12.627807 -33.097622
v -22.238518 -9.077362 -28.222935
v -17.671879 -10.120077 -28.774235
v -20.163269 -13.192373 -32.859486
v -17.671879 -10.120077 -28.774235
v -13.032518 -10.737727 -29.107098
v -16.948059 -13.750806 -33.220207
v -20.163269 -13.192373 -32.859486
v -17.671879 -10.120077 -28.774235
v -22.238518 -9.077362 -28.222935
v -20.305218 -5.635989 -22.894136
v -15.034068 -6.784652 -23.740448
v -17.671879 -10.120077 -28.774235
v -15.034068 -6.784652 -23.740448
v -11.224908 -7.576181 -24.370495
v -13.032518 -10.737727 -29.107098
v -11.224908 -7.576181 -24.370495
v -8.889658 -8.178162 -24.748594
v -10.737638 -11.188796 -29.170963
v -13.032518 -10.737727 -29.107098
v -11.224908 -7.576181 -24.370495
v -15.034068 -6.784652 -23.740448
v -12.717288 -3.373577 -17.965496
v -9.640748 -4.081885 -18.471912
v -11.224908 -7.576181 -24.370495
v -9.640748 -4.081885 -18.471912
v -7.801349 -4.521982 -18.812925
v -8.889658 -8.178162 -24.748594
v -7.801349 -4.521982 -18.812925
v -6.348619 -4.920324 -19.112492
v -7.314939 -8.817411 -25.059814
v -8.889658 -8.178162 -24.748594
v -7.801349 -4.521982 -18.812925
v -9.640748 -4.081885 -18.471912
v -8.938398 0.472755 -11.123884
v -7.218458 0.358453 -10.998322
v -7.801349 -4.521982 -18.812925
v -7.218458 0.358453 -10.998322
v -5.989259 0.043114 -11.286860
v -6.348619 -4.920324 -19.112492
v -7.314939 -8.817411 -25.059814
v -7.826948 -8.406140 -24.933132
v -9.456528 -11.288418 -29.264221
v -9.110579 -11.588791 -29.111229
v -7.314939 -8.817411 -25.059814
v -9.110579 -11.588791 -29.111229
v -10.737638 -11.188796 -29.170963
v -8.889658 -8.178162 -24.748594
v -7.314939 -8.817411 -25.059814
v -6.348619 -4.920324 -19.112492
v -6.651009 -4.900066 -18.980042
v -7.826948 -8.406140 -24.933132
v -6.651009 -4.900066 -18.980042
v -8.137178 -4.502995 -18.635275
v -9.608248 -7.961423 -24.512278
v -7.826948 -8.406140 -24.933132
v -6.651009 -4.900066 -18.980042
v -6.348619 -4.920324 -19.112492
v -5.989259 0.043114 -11.286860
v -6.468648 -0.100922 -11.329834
v -6.651009 -4.900066 -18.980042
v -6.468648 -0.100922 -11.329834
v -7.850799 -0.138713 -11.626166
v -8.137178 -4.502995 -18.635275
v -7.850799 -0.138713 -11.626166
v -9.929388 0.049127 -11.769384
v -9.940648 -4.074156 -18.290136
v -8.137178 -4.502995 -18.635275
v -7.850799 -0.138713 -11.626166
v -6.468648 -0.100922 -11.329834
v -5.232268 4.758710 -4.094041
v -7.153778 4.021993 -5.498186
v -7.850799 -0.138713 -11.626166
v -7.153778 4.021993 -5.498186
v -9.407898 3.717731 -6.245705
v -9.929388 0.049127 -11.769384
v -9.940648 -4.074156 -18.290136
v -14.493228 -3.086879 -17.690119
v -16.504568 -6.587407 -23.508839
v -12.061598 -7.449939 -24.106537
v -9.940648 -4.074156 -18.290136
v -12.061598 -7.449939 -24.106537
v -9.608248 -7.961423 -24.512278
v -8.137178 -4.502995 -18.635275
v -9.940648 -4.074156 -18.290136
v -9.929388 0.049127 -11.769384
v -13.100019 0.639809 -11.566269
v -14.493228 -3.086879 -17.690119
v -13.100019 0.639809 -11.566269
v -19.059818 1.033252 -11.385432
v -20.075718 -2.345993 -17.124222
v -14.493228 -3.086879 -17.690119
v -13.100019 0.639809 -11.566269
v -9.929388 0.049127 -11.769384
v -9.407898 3.717731 -6.245705
v -12.612329 4.084875 -5.972040
v -13.100019 0.639809 -11.566269
v -12.612329 4.084875 -5.972040
v -18.726248 4.283829 -5.850188
v -19.059818 1.033252 -11.385432
v -18.726248 4.283829 -5.850188
v -24.622938 4.392695 -5.794504
v -24.812569 1.227726 -11.198999
v -19.059818 1.033252 -11.385432
v -18.726248 4.283829 -5.850188
v -12.612329 4.084875 -5.972040
v -12.783319 6.716804 -1.495120
v -18.327509 7.621591 -0.146635
v -18.726248 4.283829 -5.850188
v -18.327509 7.621591 -0.146635
v -24.686888 7.586687 -0.338441
v -24.622938 4.392695 -5.794504
v -24.686888 7.586687 -0.338441
v -18.327509 7.621591 -0.146635
v -17.461128 10.218760 4.306512
v -25.005499 9.806871 3.448104
v -24.686888 7.586687 -0.338441
v -25.005499 9.806871 3.448104
v -32.153000 9.319046 2.473955
v -31.284819 7.105293 -1.293982
v -24.686888 7.586687 -0.338441
v -31.284819 7.105293 -1.293982
v -30.600048 4.204555 -6.235880
v -24.622938 4.392695 -5.794504
v -30.600048 4.204555 -6.235880
v -31.284819 7.105293 -1.293982
v -37.780098 6.321510 -2.764163
v -36.327869 3.602392 -7.379947
v -30.600048 4.204555 -6.235880
v -36.327869 3.602392 -7.379947
v -35.522068 0.936341 -11.921707
v -30.326048 1.231896 -11.313162
v -30.600048 4.204555 -6.235880
v -30.326048 1.231896 -11.313162
v -24.812569 1.227726 -11.198999
v -24.622938 4.392695 -5.794504
v -30.326048 1.231896 -11.313162
v -35.522068 0.936341 -11.921707
v -36.013039 -1.567632 -16.210800
v -30.952589 -1.765320 -16.444201
v -30.326048 1.231896 -11.313162
v -30.952589 -1.765320 -16.444201
v -25.631348 -1.979720 -16.677055
v -24.812569 1.227726 -11.198999
v -25.631348 -1.979720 -16.677055
v -30.952589 -1.765320 -16.444201
v -32.851540 -4.646919 -21.360937
v -27.269808 -5.098035 -21.985201
v -25.631348 -1.979720 -16.677055
v -27.269808 -5.098035 -21.985201
v -21.547277 -5.706617 -22.825670
v -20.075718 -2.345993 -17.124222
v -25.631348 -1.979720 -16.677055
v -20.075718 -2.345993 -17.124222
v -19.059818 1.033252 -11.385432
v -24.812569 1.227726 -11.198999
v -21.547277 -5.706617 -22.825670
v -27.269808 -5.098035 -21.985201
v -29.498909 -7.974465 -26.851059
v -23.116709 -9.037944 -27.997086
v -21.547277 -5.706617 -22.825670
v -23.116709 -9.037944 -27.997086
v -18.814928 -10.132084 -28.704468
v -16.504568 -6.587407 -23.508839
v -21.547277 -5.706617 -22.825670
v -16.504568 -6.587407 -23.508839
v -14.493228 -3.086879 -17.690119
v -20.075718 -2.345993 -17.124222
v -29.498909 -7.974465 -26.851059
v -27.269808 -5.098035 -21.985201
v -32.851540 -4.646919 -21.360937
v -35.531788 -7.457236 -25.990074
v -29.498909 -7.974465 -26.851059
v -35.531788 -7.457236 -25.990074
v -38.404449 -10.336115 -30.606300
v -31.920439 -10.676786 -31.416203
v -29.498909 -7.974465 -26.851059
v -31.920439 -10.676786 -31.416203
v -25.773798 -11.878976 -31.968758
v -23.116709 -9.037944 -27.997086
v -31.920439 -10.676786 -31.416203
v -38.404449 -10.336115 -30.606300
v -40.345299 -12.403481 -34.063587
v -33.624168 -12.789003 -35.113937
v -31.920439 -10.676786 -31.416203
v -33.624168 -12.789003 -35.113937
v -27.858288 -13.779785 -35.458515
v -25.773798 -11.878976 -31.968758
v -33.624168 -12.789003 -35.113937
v -40.345299 -12.403481 -34.063587
v -41.365910 -13.563816 -36.049702
v -34.326588 -13.886122 -37.032269
v -33.624168 -12.789003 -35.113937
v -34.326588 -13.886122 -37.032269
v -28.642248 -14.614951 -37.413315
v -27.858288 -13.779785 -35.458515
v -41.365910 -13.563816 -36.049702
v -40.345299 -12.403481 -34.063587
v -46.893627 -10.816095 -31.587261
v -48.361267 -11.792286 -33.208843
v -41.365910 -13.563816 -36.049702
v -48.361267 -11.792286 -33.208843
v -49.560429 -12.496514 -34.411514
v -42.060368 -14.451828 -37.589802
v -41.365910 -13.563816 -36.049702
v -42.060368 -14.451828 -37.589802
v -34.728600 -14.731257 -38.463688
v -34.326588 -13.886122 -37.032269
v -42.060368 -14.451828 -37.589802
v -49.560429 -12.496514 -34.411514
v -50.671837 -13.037516 -35.450108
v -42.637539 -15.216681 -39.003639
v -42.060368 -14.451828 -37.589802
v -42.637539 -15.216681 -39.003639
v -35.003429 -15.465427 -39.757561
v -34.728600 -14.731257 -38.463688
v -42.637539 -15.216681 -39.003639
v -50.671837 -13.037516 -35.450108
v -50.159489 -12.532065 -34.716103
v -42.489010 -14.498250 -37.927982
v -42.637539 -15.216681 -39.003639
v -42.489010 -14.498250 -37.927982
v -35.158279 -14.738495 -38.720848
v -35.003429 -15.465427 -39.757561
v -42.489010 -14.498250 -37.927982
v -50.159489 -12.532065 -34.716103
v -49.217640 -11.791765 -33.448532
v -42.145779 -13.571356 -36.359867
v -42.489010 -14.498250 -37.927982
v -42.145779 -13.571356 -36.359867
v -35.209938 -13.865727 -37.306629
v -35.158279 -14.738495 -38.720848
v -42.145779 -13.571356 -36.359867
v -49.217640 -11.791765 -33.448532
v -48.147518 -10.877515 -31.889832
v -41.584938 -12.437488 -34.453087
v -42.145779 -13.571356 -36.359867
v -41.584938 -12.437488 -34.453087
v -35.051559 -12.944257 -35.448353
v -35.209938 -13.865727 -37.306629
v -35.051559 -12.944257 -35.448353
v -29.219538 -13.705921 -36.040825
v -29.350328 -14.507538 -37.643230
v -35.209938 -13.865727 -37.306629
v -35.051559 -12.944257 -35.448353
v -41.584938 -12.437488 -34.453087
v -40.413960 -10.499493 -31.234394
v -34.351089 -10.968967 -31.970970
v -35.051559 -12.944257 -35.448353
v -34.351089 -10.968967 -31.970970
v -28.505728 -11.607924 -32.466633
v -29.219538 -13.705921 -36.040825
v -34.351089 -10.968967 -31.970970
v -40.413960 -10.499493 -31.234394
v -38.373657 -7.542974 -26.458839
v -32.809208 -7.955502 -27.114544
v -34.351089 -10.968967 -31.970970
v -32.809208 -7.955502 -27.114544
v -27.200438 -8.441045 -27.596878
v -28.505728 -11.607924 -32.466633
v -32.809208 -7.955502 -27.114544
v -38.373657 -7.542974 -26.458839
v -36.303947 -4.385993 -21.263365
v -31.016598 -4.712686 -21.682419
v -32.809208 -7.955502 -27.114544
v -31.016598 -4.712686 -21.682419
v -25.659798 -5.065352 -22.138599
v -27.200438 -8.441045 -27.596878
v -25.659798 -5.065352 -22.138599
v -20.305218 -5.635989 -22.894136
v -22.238518 -9.077362 -28.222935
v -27.200438 -8.441045 -27.596878
v -25.659798 -5.065352 -22.138599
v -31.016598 -4.712686 -21.682419
v -29.190437 -1.279907 -15.834768
v -23.928988 -1.635979 -16.312021
v -25.659798 -5.065352 -22.138599
v -23.928988 -1.635979 -16.312021
v -18.299747 -2.231821 -17.106663
v -20.305218 -5.635989 -22.894136
v -18.299747 -2.231821 -17.106663
v -12.717288 -3.373577 -17.965496
v -15.034068 -6.784652 -23.740448
v -20.305218 -5.635989 -22.894136
v -18.299747 -2.231821 -17.106663
v -23.928988 -1.635979 -16.312021
v -22.618778 1.818330 -10.401724
v -16.568399 1.407558 -10.917619
v -18.299747 -2.231821 -17.106663
v -16.568399 1.407558 -10.917619
v -10.427418 0.692492 -11.126268
v -12.717288 -3.373577 -17.965496
v -10.427418 0.692492 -11.126268
v -8.938398 0.472755 -11.123884
v -9.640748 -4.081885 -18.471912
v -12.717288 -3.373577 -17.965496
v -10.427418 0.692492 -11.126268
v -16.568399 1.407558 -10.917619
v -17.780798 4.644411 -5.478235
v -12.641519 4.592110 -5.387940
v -10.427418 0.692492 -11.126268
v -12.641519 4.592110 -5.387940
v -9.539208 5.084202 -4.363260
v -8.938398 0.472755 -11.123884
v -16.568399 1.407558 -10.917619
v -22.618778 1.818330 -10.401724
v -23.762989 4.767399 -5.394909
v -17.780798 4.644411 -5.478235
v -23.762989 4.767399 -5.394909
v -22.618778 1.818330 -10.401724
v -29.175018 1.766864 -10.630812
v -30.167889 4.656279 -5.716478
v -23.762989 4.767399 -5.394909
v -30.167889 4.656279 -5.716478
v -31.368587 7.562840 -0.770846
v -24.770988 7.833868 -0.176395
v -23.762989 4.767399 -5.394909
v -24.770988 7.833868 -0.176395
v -18.758928 7.391658 -0.812945
v -17.780798 4.644411 -5.478235
v -24.770988 7.833868 -0.176395
v -31.368587 7.562840 -0.770846
v -32.209839 9.481657 2.493495
v -25.203407 9.927395 3.394759
v -24.770988 7.833868 -0.176395
v -25.203407 9.927395 3.394759
v -18.429688 9.463159 2.732769
v -18.758928 7.391658 -0.812945
v -25.203407 9.927395 3.394759
v -32.209839 9.481657 2.493495
v -32.586899 10.312153 3.911544
v -25.412308 10.807062 4.899257
v -25.203407 9.927395 3.394759
v -25.412308 10.807062 4.899257
v -17.809048 11.283264 5.857684
v -18.429688 9.463159 2.732769
v -17.809048 11.283264 5.857684
v -10.270178 9.885200 3.784533
v -12.567469 8.227961 0.869491
v -18.429688 9.463159 2.732769
v -17.809048 11.283264 5.857684
v -25.412308 10.807062 4.899257
v -25.612188 11.510494 6.109440
v -17.616438 12.047056 7.177547
v -17.809048 11.283264 5.857684
v -17.616438 12.047056 7.177547
v -9.574768 10.830147 5.536554
v -10.270178 9.885200 3.784533
v -17.616438 12.047056 7.177547
v -25.612188 11.510494 6.109440
v -25.427298 11.752832 6.532067
v -17.545427 11.742863 6.627316
v -17.616438 12.047056 7.177547
v -17.545427 11.742863 6.627316
v -8.743468 11.387711 6.614414
v -9.574768 10.830147 5.536554
v -8.743468 11.387711 6.614414
v -2.336288 10.677444 5.636964
v -3.540438 9.541935 3.797910
v -9.574768 10.830147 5.536554
v -8.743468 11.387711 6.614414
v -17.545427 11.742863 6.627316
v -17.476377 11.551586 6.613386
v -8.275338 11.511242 7.179245
v -8.743468 11.387711 6.614414
v -8.275338 11.511242 7.179245
v -2.340889 10.749557 5.991792
v -2.336288 10.677444 5.636964
v -8.275338 11.511242 7.179245
v -17.476377 11.551586 6.613386
v -17.523067 11.315369 6.178146
v -9.474419 10.883358 5.933599
v -8.275338 11.511242 7.179245
v -9.474419 10.883358 5.933599
v -3.193038 10.517786 5.563517
v -2.340889 10.749557 5.991792
v -9.474419 10.883358 5.933599
v -17.523067 11.315369 6.178146
v -17.246458 11.333122 6.212375
v -8.317739 11.088451 6.292313
v -9.474419 10.883358 5.933599
v -8.317739 11.088451 6.292313
v -4.676118 9.243484 3.444202
v -3.193038 10.517786 5.563517
v -8.317739 11.088451 6.292313
v -17.246458 11.333122 6.212375
v -17.461128 10.218760 4.306512
v -9.739398 9.824142 3.969883
v -8.317739 11.088451 6.292313
v -9.739398 9.824142 3.969883
v -7.213618 7.571944 0.310059
v -4.676118 9.243484 3.444202
v -17.246458 11.333122 6.212375
v -17.523067 11.315369 6.178146
v -25.527498 11.462284 6.251949
v -25.264099 10.740973 5.035194
v -17.246458 11.333122 6.212375
v -25.264099 10.740973 5.035194
v -25.005499 9.806871 3.448104
v -17.461128 10.218760 4.306512
v -25.264099 10.740973 5.035194
v -25.527498 11.462284 6.251949
v -32.845798 10.794949 4.967784
v -32.561600 10.200289 3.965657
v -25.264099 10.740973 5.035194
v -32.561600 10.200289 3.965657
v -32.153000 9.319046 2.473955
v -25.005499 9.806871 3.448104
v -32.561600 10.200289 3.965657
v -32.845798 10.794949 4.967784
v -39.961628 9.842585 3.198669
v -39.605820 9.239664 2.182268
v -32.561600 10.200289 3.965657
v -39.605820 9.239664 2.182268
v -39.088909 8.384201 0.734942
v -32.153000 9.319046 2.473955
v -39.088909 8.384201 0.734942
v -39.605820 9.239664 2.182268
v -46.556740 7.963238 -0.114866
v -45.585178 6.999816 -1.716341
v -39.088909 8.384201 0.734942
v -45.585178 6.999816 -1.716341
v -43.493359 5.011487 -5.088861
v -37.780098 6.321510 -2.764163
v -39.088909 8.384201 0.734942
v -37.780098 6.321510 -2.764163
v -31.284819 7.105293 -1.293982
v -32.153000 9.319046 2.473955
v -43.493359 5.011487 -5.088861
v -45.585178 6.999816 -1.716341
v -50.392117 4.410903 -5.840633
v -47.580669 3.076584 -8.479897
v -43.493359 5.011487 -5.088861
v -47.580669 3.076584 -8.479897
v -45.766758 1.076141 -11.881945
v -41.346920 2.536144 -9.301089
v -43.493359 5.011487 -5.088861
v -41.346920 2.536144 -9.301089
v -36.327869 3.602392 -7.379947
v -37.780098 6.321510 -2.764163
v -41.346920 2.536144 -9.301089
v -45.766758 1.076141 -11.881945
v -44.242458 -1.043124 -15.478455
v -40.192829 0.252763 -13.180088
v -41.346920 2.536144 -9.301089
v -40.192829 0.252763 -13.180088
v -35.522068 0.936341 -11.921707
v -36.327869 3.602392 -7.379947
v -45.585178 6.999816 -1.716341
v -46.556740 7.963238 -0.114866
v -53.128727 5.917397 -3.487125
v -50.392117 4.410903 -5.840633
v -53.128727 5.917397 -3.487125
v -46.556740 7.963238 -0.114866
v -47.092438 8.543442 0.843190
v -53.886147 6.519941 -2.709416
v -53.128727 5.917397 -3.487125
v -53.886147 6.519941 -2.709416
v -59.286888 3.073067 -8.300042
v -57.909199 2.577060 -8.878481
v -53.128727 5.917397 -3.487125
v -57.909199 2.577060 -8.878481
v -55.205238 2.015531 -10.076277
v -50.392117 4.410903 -5.840633
v -57.909199 2.577060 -8.878481
v -59.286888 3.073067 -8.300042
v -61.012787 -1.183976 -15.601986
v -59.348587 -1.174317 -15.716829
v -57.909199 2.577060 -8.878481
v -59.348587 -1.174317 -15.716829
v -54.654980 -1.077187 -15.221245
v -55.205238 2.015531 -10.076277
v -59.348587 -1.174317 -15.716829
v -57.678959 -5.280681 -22.577381
v -54.024319 -4.340262 -20.969755
v -54.654980 -1.077187 -15.221245
v -59.348587 -1.174317 -15.716829
v -61.012787 -1.183976 -15.601986
v -59.624519 -5.675494 -23.300768
v -57.678959 -5.280681 -22.577381
v -59.624519 -5.675494 -23.300768
v -55.137089 -9.110389 -28.975506
v -53.175930 -8.275801 -27.717350
v -57.678959 -5.280681 -22.577381
v -59.624519 -5.675494 -23.300768
v -61.012787 -1.183976 -15.601986
v -62.383369 -1.076667 -15.555340
v -61.105457 -5.846135 -23.809696
v -59.624519 -5.675494 -23.300768
v -61.105457 -5.846135 -23.809696
v -56.660988 -9.746905 -29.985889
v -55.137089 -9.110389 -28.975506
v -56.660988 -9.746905 -29.985889
v -49.560429 -12.496514 -34.411514
v -48.361267 -11.792286 -33.208843
v -55.137089 -9.110389 -28.975506
v -56.660988 -9.746905 -29.985889
v -61.105457 -5.846135 -23.809696
v -60.654259 -5.538162 -23.250132
v -56.357536 -9.646597 -29.686146
v -56.660988 -9.746905 -29.985889
v -56.357536 -9.646597 -29.686146
v -50.671837 -13.037516 -35.450108
v -49.560429 -12.496514 -34.411514
v -56.357536 -9.646597 -29.686146
v -60.654259 -5.538162 -23.250132
v -60.056068 -5.246810 -23.077236
v -56.036789 -9.255901 -29.383541
v -56.357536 -9.646597 -29.686146
v -56.036789 -9.255901 -29.383541
v -50.159489 -12.532065 -34.716103
v -50.671837 -13.037516 -35.450108
v -56.036789 -9.255901 -29.383541
v -60.056068 -5.246810 -23.077236
v -60.335827 -5.333107 -23.198956
v -56.190857 -9.165446 -29.212078
v -56.036789 -9.255901 -29.383541
v -56.190857 -9.165446 -29.212078
v -49.217640 -11.791765 -33.448532
v -50.159489 -12.532065 -34.716103
v -56.190857 -9.165446 -29.212078
v -60.335827 -5.333107 -23.198956
v -58.774170 -5.000635 -22.371769
v -54.684540 -8.401076 -27.977493
v -56.190857 -9.165446 -29.212078
v -54.684540 -8.401076 -27.977493
v -48.147518 -10.877515 -31.889832
v -49.217640 -11.791765 -33.448532
v -54.684540 -8.401076 -27.977493
v -58.774170 -5.000635 -22.371769
v -56.216629 -4.270112 -21.094687
v -52.439789 -7.239637 -26.140394
v -54.684540 -8.401076 -27.977493
v -52.439789 -7.239637 -26.140394
v -46.460190 -9.356893 -29.345631
v -48.147518 -10.877515 -31.889832
v -46.460190 -9.356893 -29.345631
v -40.413960 -10.499493 -31.234394
v -41.584938 -12.437488 -34.453087
v -48.147518 -10.877515 -31.889832
v -46.460190 -9.356893 -29.345631
v -52.439789 -7.239637 -26.140394
v -48.305656 -5.119989 -22.517292
v -43.781178 -6.743006 -25.150204
v -46.460190 -9.356893 -29.345631
v -43.781178 -6.743006 -25.150204
v -38.373657 -7.542974 -26.458839
v -40.413960 -10.499493 -31.234394
v -52.439789 -7.239637 -26.140394
v -56.216629 -4.270112 -21.094687
v -51.425056 -2.874824 -18.777016
v -48.305656 -5.119989 -22.517292
v -56.216629 -4.270112 -21.094687
v -58.774170 -5.000635 -22.371769
v -59.743587 -0.766369 -15.310635
v -57.097019 -0.732315 -15.040453
v -56.216629 -4.270112 -21.094687
v -57.097019 -0.732315 -15.040453
v -51.606079 -0.361053 -14.489552
v -51.425056 -2.874824 -18.777016
v -59.743587 -0.766369 -15.310635
v -58.774170 -5.000635 -22.371769
v -60.335827 -5.333107 -23.198956
v -61.281559 -0.904197 -15.354330
v -59.743587 -0.766369 -15.310635
v -61.281559 -0.904197 -15.354330
v -59.328987 3.356834 -8.133407
v -57.983227 2.917330 -8.597259
v -59.743587 -0.766369 -15.310635
v -57.983227 2.917330 -8.597259
v -54.228828 2.177556 -10.212969
v -57.097019 -0.732315 -15.040453
v -57.983227 2.917330 -8.597259
v -52.936279 6.084902 -3.440677
v -49.971828 4.225597 -6.298722
v -54.228828 2.177556 -10.212969
v -57.983227 2.917330 -8.597259
v -59.328987 3.356834 -8.133407
v -53.727337 6.652272 -2.738620
v -52.936279 6.084902 -3.440677
v -53.727337 6.652272 -2.738620
v -46.712078 8.378335 0.319377
v -46.051319 7.736861 -0.740268
v -52.936279 6.084902 -3.440677
v -53.727337 6.652272 -2.738620
v -59.328987 3.356834 -8.133407
v -60.451698 3.699154 -7.732500
v -54.400558 7.087028 -2.034997
v -53.727337 6.652272 -2.738620
v -54.400558 7.087028 -2.034997
v -47.231888 8.915469 1.229031
v -46.712078 8.378335 0.319377
v -47.231888 8.915469 1.229031
v -40.009350 10.079576 3.372459
v -39.634468 9.493694 2.368810
v -46.712078 8.378335 0.319377
v -47.231888 8.915469 1.229031
v -54.400558 7.087028 -2.034997
v -55.063900 7.453963 -1.324047
v -47.692589 9.398584 2.087834
v -47.231888 8.915469 1.229031
v -47.692589 9.398584 2.087834
v -40.337528 10.582053 4.264205
v -40.009350 10.079576 3.372459
v -40.337528 10.582053 4.264205
v -33.118679 11.441971 5.868566
v -32.868217 10.917259 4.947567
v -40.009350 10.079576 3.372459
v -40.337528 10.582053 4.264205
v -47.692589 9.398584 2.087834
v -47.501888 9.057297 1.690046
v -40.270958 10.379366 4.091287
v -40.337528 10.582053 4.264205
v -40.270958 10.379366 4.091287
v -33.104530 11.345890 5.869328
v -33.118679 11.441971 5.868566
v -33.104530 11.345890 5.869328
v -25.388388 11.631020 6.626749
v -25.427298 11.752832 6.532067
v -33.118679 11.441971 5.868566
v -33.104530 11.345890 5.869328
v -40.270958 10.379366 4.091287
v -39.961628 9.842585 3.198669
v -32.845798 10.794949 4.967784
v -33.104530 11.345890 5.869328
v -32.845798 10.794949 4.967784
v -25.527498 11.462284 6.251949
v -25.388388 11.631020 6.626749
v -25.388388 11.631020 6.626749
v -17.476377 11.551586 6.613386
v -17.545427 11.742863 6.627316
v -25.427298 11.752832 6.532067
v -25.388388 11.631020 6.626749
v -25.527498 11.462284 6.251949
v -17.523067 11.315369 6.178146
v -17.476377 11.551586 6.613386
v -40.270958 10.379366 4.091287
v -47.501888 9.057297 1.690046
v -47.092438 8.543442 0.843190
v -39.961628 9.842585 3.198669
v -47.501888 9.057297 1.690046
v -47.692589 9.398584 2.087834
v -55.063900 7.453963 -1.324047
v -54.507076 6.981094 -1.976712
v -47.501888 9.057297 1.690046
v -54.507076 6.981094 -1.976712
v -53.886147 6.519941 -2.709416
v -47.092438 8.543442 0.843190
v -54.507076 6.981094 -1.976712
v -55.063900 7.453963 -1.324047
v -61.348709 3.747491 -7.249552
v -60.389378 3.500714 -7.816917
v -54.507076 6.981094 -1.976712
v -60.389378 3.500714 -7.816917
v -59.286888 3.073067 -8.300042
v -53.886147 6.519941 -2.709416
v -60.389378 3.500714 -7.816917
v -61.348709 3.747491 -7.249552
v -63.663059 -0.960954 -15.606186
v -62.383369 -1.076667 -15.555340
v -60.389378 3.500714 -7.816917
v -62.383369 -1.076667 -15.555340
v -61.012787 -1.183976 -15.601986
v -59.286888 3.073067 -8.300042
v -63.663059 -0.960954 -15.606186
v -60.654259 -5.538162 -23.250132
v -61.105457 -5.846135 -23.809696
v -62.383369 -1.076667 -15.555340
v -63.663059 -0.960954 -15.606186
v -61.348709 3.747491 -7.249552
v -60.451698 3.699154 -7.732500
v -61.574078 -1.015270 -15.379986
v -63.663059 -0.960954 -15.606186
v -61.574078 -1.015270 -15.379986
v -60.056068 -5.246810 -23.077236
v -60.654259 -5.538162 -23.250132
v -61.574078 -1.015270 -15.379986
v -60.451698 3.699154 -7.732500
v -59.328987 3.356834 -8.133407
v -61.281559 -0.904197 -15.354330
v -61.574078 -1.015270 -15.379986
v -61.281559 -0.904197 -15.354330
v -60.335827 -5.333107 -23.198956
v -60.056068 -5.246810 -23.077236
v -61.348709 3.747491 -7.249552
v -55.063900 7.453963 -1.324047
v -54.400558 7.087028 -2.034997
v -60.451698 3.699154 -7.732500
v -32.868217 10.917259 4.947567
v -25.612188 11.510494 6.109440
v -25.412308 10.807062 4.899257
v -32.586899 10.312153 3.911544
v -32.868217 10.917259 4.947567
v -32.586899 10.312153 3.911544
v -39.634468 9.493694 2.368810
v -40.009350 10.079576 3.372459
v -32.868217 10.917259 4.947567
v -33.118679 11.441971 5.868566
v -25.427298 11.752832 6.532067
v -25.612188 11.510494 6.109440
v -39.634468 9.493694 2.368810
v -32.586899 10.312153 3.911544
v -32.209839 9.481657 2.493495
v -39.136620 8.722607 1.054275
v -39.634468 9.493694 2.368810
v -39.136620 8.722607 1.054275
v -46.051319 7.736861 -0.740268
v -46.712078 8.378335 0.319377
v -39.136620 8.722607 1.054275
v -32.209839 9.481657 2.493495
v -31.368587 7.562840 -0.770846
v -38.062908 7.079468 -1.732735
v -39.136620 8.722607 1.054275
v -38.062908 7.079468 -1.732735
v -44.657688 6.371201 -3.029782
v -46.051319 7.736861 -0.740268
v -44.657688 6.371201 -3.029782
v -38.062908 7.079468 -1.732735
v -36.422070 4.321336 -6.413359
v -42.364067 3.783681 -7.448690
v -44.657688 6.371201 -3.029782
v -42.364067 3.783681 -7.448690
v -47.607430 2.661604 -9.453842
v -49.971828 4.225597 -6.298722
v -44.657688 6.371201 -3.029782
v -49.971828 4.225597 -6.298722
v -52.936279 6.084902 -3.440677
v -46.051319 7.736861 -0.740268
v -42.364067 3.783681 -7.448690
v -36.422070 4.321336 -6.413359
v -35.217949 1.457381 -11.282381
v -40.904278 1.087819 -12.029781
v -42.364067 3.783681 -7.448690
v -40.904278 1.087819 -12.029781
v -46.401520 0.497670 -13.140779
v -47.607430 2.661604 -9.453842
v -40.904278 1.087819 -12.029781
v -35.217949 1.457381 -11.282381
v -34.790707 -1.359372 -16.088398
v -40.501049 -1.430336 -16.321789
v -40.904278 1.087819 -12.029781
v -40.501049 -1.430336 -16.321789
v -45.965790 -1.810352 -17.069382
v -46.401520 0.497670 -13.140779
v -34.790707 -1.359372 -16.088398
v -29.190437 -1.279907 -15.834768
v -31.016598 -4.712686 -21.682419
v -36.303947 -4.385993 -21.263365
v -34.790707 -1.359372 -16.088398
v -36.303947 -4.385993 -21.263365
v -41.478168 -3.995428 -20.687634
v -40.501049 -1.430336 -16.321789
v -34.790707 -1.359372 -16.088398
v -35.217949 1.457381 -11.282381
v -29.175018 1.766864 -10.630812
v -29.190437 -1.279907 -15.834768
v -35.217949 1.457381 -11.282381
v -36.422070 4.321336 -6.413359
v -30.167889 4.656279 -5.716478
v -29.175018 1.766864 -10.630812
v -36.422070 4.321336 -6.413359
v -38.062908 7.079468 -1.732735
v -31.368587 7.562840 -0.770846
v -30.167889 4.656279 -5.716478
v -53.175930 -8.275801 -27.717350
v -46.893627 -10.816095 -31.587261
v -44.407528 -8.988546 -28.684910
v -49.945869 -6.975784 -25.285076
v -53.175930 -8.275801 -27.717350
v -49.945869 -6.975784 -25.285076
v -54.024319 -4.340262 -20.969755
v -57.678959 -5.280681 -22.577381
v -53.175930 -8.275801 -27.717350
v -55.137089 -9.110389 -28.975506
v -48.361267 -11.792286 -33.208843
v -46.893627 -10.816095 -31.587261
v -49.945869 -6.975784 -25.285076
v -44.407528 -8.988546 -28.684910
v -41.064949 -6.467605 -24.606827
v -45.859138 -4.895527 -22.021420
v -49.945869 -6.975784 -25.285076
v -45.859138 -4.895527 -22.021420
v -48.883198 -2.738968 -18.307888
v -54.024319 -4.340262 -20.969755
v -48.883198 -2.738968 -18.307888
v -45.859138 -4.895527 -22.021420
v -41.936638 -2.837290 -18.495100
v -44.242458 -1.043124 -15.478455
v -48.883198 -2.738968 -18.307888
v -44.242458 -1.043124 -15.478455
v -45.766758 1.076141 -11.881945
v -49.996750 -0.273457 -14.195114
v -48.883198 -2.738968 -18.307888
v -49.996750 -0.273457 -14.195114
v -54.654980 -1.077187 -15.221245
v -54.024319 -4.340262 -20.969755
v -45.859138 -4.895527 -22.021420
v -41.064949 -6.467605 -24.606827
v -37.967319 -4.020988 -20.435688
v -41.936638 -2.837290 -18.495100
v -41.064949 -6.467605 -24.606827
v -35.531788 -7.457236 -25.990074
v -32.851540 -4.646919 -21.360937
v -37.967319 -4.020988 -20.435688
v -41.064949 -6.467605 -24.606827
v -44.407528 -8.988546 -28.684910
v -38.404449 -10.336115 -30.606300
v -35.531788 -7.457236 -25.990074
v -44.407528 -8.988546 -28.684910
v -46.893627 -10.816095 -31.587261
v -40.345299 -12.403481 -34.063587
v -38.404449 -10.336115 -30.606300
v -47.092438 8.543442 0.843190
v -46.556740 7.963238 -0.114866
v -39.605820 9.239664 2.182268
v -39.961628 9.842585 3.198669
v -29.175018 1.766864 -10.630812
v -22.618778 1.818330 -10.401724
v -23.928988 -1.635979 -16.312021
v -29.190437 -1.279907 -15.834768
v -36.303947 -4.385993 -21.263365
v -38.373657 -7.542974 -26.458839
v -43.781178 -6.743006 -25.150204
v -41.478168 -3.995428 -20.687634
v -32.851540 -4.646919 -21.360937
v -30.952589 -1.765320 -16.444201
v -36.013039 -1.567632 -16.210800
v -37.967319 -4.020988 -20.435688
v -17.461128 10.218760 4.306512
v -18.327509 7.621591 -0.146635
v -12.783319 6.716804 -1.495120
v -9.739398 9.824142 3.969883
v -12.061598 -7.449939 -24.106537
v -16.504568 -6.587407 -23.508839
v -18.814928 -10.132084 -28.704468
v -13.737548 -10.660998 -28.905518
v -12.061598 -7.449939 -24.106537
v -13.737548 -10.660998 -28.905518
v -11.224928 -10.999424 -29.084747
v -9.608248 -7.961423 -24.512278
v -11.224928 -10.999424 -29.084747
v -13.737548 -10.660998 -28.905518
v -14.544658 -13.983780 -33.066257
v -12.705109 -14.274853 -33.226566
v -11.224928 -10.999424 -29.084747
v -12.705109 -14.274853 -33.226566
v -11.424408 -14.452573 -33.411488
v -9.456528 -11.288418 -29.264221
v -11.224928 -10.999424 -29.084747
v -9.456528 -11.288418 -29.264221
v -7.826948 -8.406140 -24.933132
v -9.608248 -7.961423 -24.512278
v -11.424408 -14.452573 -33.411488
v -12.705109 -14.274853 -33.226566
v -14.294619 -17.540432 -37.317135
v -13.754579 -17.581758 -37.406841
v -11.424408 -14.452573 -33.411488
v -13.754579 -17.581758 -37.406841
v -15.154618 -17.358532 -37.374874
v -12.021419 -14.468667 -33.366772
v -11.424408 -14.452573 -33.411488
v -12.021419 -14.468667 -33.366772
v -9.110579 -11.588791 -29.111229
v -9.456528 -11.288418 -29.264221
v -12.021419 -14.468667 -33.366772
v -15.154618 -17.358532 -37.374874
v -17.120558 -16.972141 -37.143875
v -14.151748 -14.059148 -33.305111
v -12.021419 -14.468667 -33.366772
v -14.151748 -14.059148 -33.305111
v -10.737638 -11.188796 -29.170963
v -9.110579 -11.588791 -29.111229
v -14.151748 -14.059148 -33.305111
v -17.120558 -16.972141 -37.143875
v -19.707268 -16.793228 -37.197018
v -16.948059 -13.750806 -33.220207
v -14.151748 -14.059148 -33.305111
v -16.948059 -13.750806 -33.220207
v -13.032518 -10.737727 -29.107098
v -10.737638 -11.188796 -29.170963
v -17.120558 -16.972141 -37.143875
v -15.154618 -17.358532 -37.374874
v -16.985399 -19.914825 -40.742176
v -18.520039 -19.423281 -40.390762
v -17.120558 -16.972141 -37.143875
v -18.520039 -19.423281 -40.390762
v -20.244768 -18.971228 -40.307777
v -19.707268 -16.793228 -37.197018
v -18.520039 -19.423281 -40.390762
v -16.985399 -19.914825 -40.742176
v -18.396137 -22.125408 -43.682713
v -19.835897 -21.638948 -43.395546
v -18.520039 -19.423281 -40.390762
v -19.835897 -21.638948 -43.395546
v -21.155859 -20.963654 -43.044472
v -20.244768 -18.971228 -40.307777
v -19.835897 -21.638948 -43.395546
v -18.396137 -22.125408 -43.682713
v -19.060999 -23.807426 -45.861530
v -20.522318 -23.582283 -46.004639
v -19.835897 -21.638948 -43.395546
v -20.522318 -23.582283 -46.004639
v -21.639708 -23.113579 -45.917465
v -21.155859 -20.963654 -43.044472
v -21.639708 -23.113579 -45.917465
v -20.522318 -23.582283 -46.004639
v -20.453588 -25.003689 -47.814655
v -21.814888 -25.098740 -48.417458
v -21.639708 -23.113579 -45.917465
v -21.814888 -25.098740 -48.417458
v -22.008368 -24.467199 -48.261707
v -22.529419 -22.168659 -46.435432
v -21.639708 -23.113579 -45.917465
v -22.529419 -22.168659 -46.435432
v -22.546059 -20.013721 -42.796535
v -21.155859 -20.963654 -43.044472
v -22.529419 -22.168659 -46.435432
v -22.008368 -24.467199 -48.261707
v -21.915018 -24.379639 -48.122982
v -22.574259 -22.804821 -45.745609
v -22.529419 -22.168659 -46.435432
v -22.574259 -22.804821 -45.745609
v -23.013508 -20.262199 -43.194801
v -22.546059 -20.013721 -42.796535
v -22.574259 -22.804821 -45.745609
v -21.915018 -24.379639 -48.122982
v -21.179237 -24.781387 -47.635075
v -21.655909 -23.143415 -45.670475
v -22.574259 -22.804821 -45.745609
v -21.655909 -23.143415 -45.670475
v -22.129078 -20.247543 -42.675972
v -23.013508 -20.262199 -43.194801
v -21.655909 -23.143415 -45.670475
v -21.179237 -24.781387 -47.635075
v -19.622498 -24.677467 -46.868156
v -19.925938 -23.083199 -44.970493
v -21.655909 -23.143415 -45.670475
v -19.925938 -23.083199 -44.970493
v -20.347538 -20.292042 -41.739998
v -22.129078 -20.247543 -42.675972
v -19.925938 -23.083199 -44.970493
v -19.622498 -24.677467 -46.868156
v -18.011488 -24.631638 -46.517258
v -17.804949 -22.972527 -44.443287
v -19.925938 -23.083199 -44.970493
v -17.804949 -22.972527 -44.443287
v -17.512768 -20.334631 -41.148739
v -20.347538 -20.292042 -41.739998
v -17.804949 -22.972527 -44.443287
v -18.011488 -24.631638 -46.517258
v -17.106228 -24.357576 -46.064060
v -16.709558 -22.664871 -43.939533
v -17.804949 -22.972527 -44.443287
v -16.709558 -22.664871 -43.939533
v -15.990808 -20.452412 -41.119682
v -17.512768 -20.334631 -41.148739
v -15.990808 -20.452412 -41.119682
v -16.709558 -22.664871 -43.939533
v -16.378088 -22.474953 -43.832684
v -15.498728 -20.282169 -40.850094
v -15.990808 -20.452412 -41.119682
v -15.498728 -20.282169 -40.850094
v -14.294619 -17.540432 -37.317135
v -15.725409 -17.336384 -37.226265
v -15.990808 -20.452412 -41.119682
v -15.725409 -17.336384 -37.226265
v -18.697477 -17.292252 -37.548271
v -17.512768 -20.334631 -41.148739
v -15.498728 -20.282169 -40.850094
v -16.378088 -22.474953 -43.832684
v -17.010498 -22.546099 -44.004498
v -15.652488 -20.254810 -41.016006
v -15.498728 -20.282169 -40.850094
v -15.652488 -20.254810 -41.016006
v -13.754579 -17.581758 -37.406841
v -14.294619 -17.540432 -37.317135
v -15.652488 -20.254810 -41.016006
v -17.010498 -22.546099 -44.004498
v -18.396137 -22.125408 -43.682713
v -16.985399 -19.914825 -40.742176
v -15.652488 -20.254810 -41.016006
v -16.985399 -19.914825 -40.742176
v -15.154618 -17.358532 -37.374874
v -13.754579 -17.581758 -37.406841
v -17.010498 -22.546099 -44.004498
v -16.378088 -22.474953 -43.832684
v -16.957369 -24.142002 -45.953358
v -17.681808 -24.090963 -45.992016
v -17.010498 -22.546099 -44.004498
v -17.681808 -24.090963 -45.992016
v -19.060999 -23.807426 -45.861530
v -18.396137 -22.125408 -43.682713
v -17.681808 -24.090963 -45.992016
v -16.957369 -24.142002 -45.953358
v -17.319267 -25.327049 -47.454773
v -17.967928 -25.197777 -47.397160
v -17.681808 -24.090963 -45.992016
v -17.967928 -25.197777 -47.397160
v -19.186228 -25.054609 -47.429234
v -19.060999 -23.807426 -45.861530
v -16.957369 -24.142002 -45.953358
v -17.106228 -24.357576 -46.064060
v -17.360209 -25.516373 -47.512981
v -17.319267 -25.327049 -47.454773
v -16.957369 -24.142002 -45.953358
v -16.378088 -22.474953 -43.832684
v -16.709558 -22.664871 -43.939533
v -17.106228 -24.357576 -46.064060
v -17.106228 -24.357576 -46.064060
v -18.011488 -24.631638 -46.517258
v -18.066479 -25.560947 -47.675083
v -17.360209 -25.516373 -47.512981
v -18.011488 -24.631638 -46.517258
v -19.622498 -24.677467 -46.868156
v -19.195908 -25.707018 -48.083138
v -18.066479 -25.560947 -47.675083
v -19.622498 -24.677467 -46.868156
v -21.179237 -24.781387 -47.635075
v -20.337269 -25.877640 -48.670826
v -19.195908 -25.707018 -48.083138
v -20.337269 -25.877640 -48.670826
v -21.051067 -25.968313 -49.016102
v -20.239439 -26.697725 -49.734875
v -19.465828 -26.680508 -49.465794
v -20.337269 -25.877640 -48.670826
v -19.465828 -26.680508 -49.465794
v -18.621717 -26.465384 -48.946838
v -19.195908 -25.707018 -48.083138
v -20.337269 -25.877640 -48.670826
v -21.179237 -24.781387 -47.635075
v -21.915018 -24.379639 -48.122982
v -21.051067 -25.968313 -49.016102
v -19.465828 -26.680508 -49.465794
v -20.239439 -26.697725 -49.734875
v -19.713129 -27.115858 -50.028297
v -18.783758 -27.353256 -50.272724
v -19.465828 -26.680508 -49.465794
v -18.783758 -27.353256 -50.272724
v -17.888288 -27.158577 -49.761364
v -18.621717 -26.465384 -48.946838
v -18.783758 -27.353256 -50.272724
v -19.713129 -27.115858 -50.028297
v -20.078018 -26.722954 -49.908897
v -19.142368 -26.825712 -49.769577
v -18.783758 -27.353256 -50.272724
v -19.142368 -26.825712 -49.769577
v -18.204819 -26.752684 -49.422230
v -17.888288 -27.158577 -49.761364
v -19.142368 -26.825712 -49.769577
v -20.078018 -26.722954 -49.908897
v -20.893198 -26.186459 -49.471664
v -19.856018 -26.046923 -48.925240
v -19.142368 -26.825712 -49.769577
v -19.856018 -26.046923 -48.925240
v -18.837799 -25.947906 -48.507050
v -18.204819 -26.752684 -49.422230
v -19.856018 -26.046923 -48.925240
v -20.893198 -26.186459 -49.471664
v -21.814888 -25.098740 -48.417458
v -20.453588 -25.003689 -47.814655
v -19.856018 -26.046923 -48.925240
v -20.453588 -25.003689 -47.814655
v -19.186228 -25.054609 -47.429234
v -18.837799 -25.947906 -48.507050
v -21.205578 -25.786613 -49.439133
v -20.543428 -26.430286 -49.980530
v -20.239439 -26.697725 -49.734875
v -21.051067 -25.968313 -49.016102
v -21.205578 -25.786613 -49.439133
v -21.051067 -25.968313 -49.016102
v -21.915018 -24.379639 -48.122982
v -22.008368 -24.467199 -48.261707
v -20.453588 -25.003689 -47.814655
v -20.522318 -23.582283 -46.004639
v -19.060999 -23.807426 -45.861530
v -19.186228 -25.054609 -47.429234
v -14.294619 -17.540432 -37.317135
v -12.705109 -14.274853 -33.226566
v -14.544658 -13.983780 -33.066257
v -15.725409 -17.336384 -37.226265
v -6.468648 -0.100922 -11.329834
v -5.989259 0.043114 -11.286860
v -4.633278 4.578753 -4.644344
v -5.232268 4.758710 -4.094041
v -27.858288 -13.779785 -35.458515
v -23.572128 -15.237881 -36.553921
v -20.391989 -13.740471 -33.455235
v -25.773798 -11.878976 -31.968758
v -22.129078 -20.247543 -42.675972
v -23.025457 -17.673693 -40.447750
v -24.033237 -17.964960 -41.293980
v -23.013508 -20.262199 -43.194801
v -17.888288 -27.158577 -49.761364
v -18.204819 -26.752684 -49.422230
v -17.673378 -26.143902 -48.522861
v -17.597599 -26.374546 -48.610569
v -17.360209 -25.516373 -47.512981
v -17.597599 -26.374546 -48.610569
v -17.673378 -26.143902 -48.522861
v -17.319267 -25.327049 -47.454773
v -51.606079 -0.361053 -14.489552
v -46.401520 0.497670 -13.140779
v -45.965790 -1.810352 -17.069382
v -51.425056 -2.874824 -18.777016
v -2.340889 10.749557 5.991792
v -3.193038 10.517786 5.563517
v -2.789598 7.251139 0.479382
v -1.479248 6.788138 -0.145821
v -2.336288 10.677444 5.636964
v -1.463048 6.861758 -0.161864
v -2.675578 7.050949 -0.055766
v -3.540438 9.541935 3.797910
v -19.713129 -27.115858 -50.028297
v -20.239439 -26.697725 -49.734875
v -20.543428 -26.430286 -49.980530
v -20.078018 -26.722954 -49.908897
v -1.479248 6.788138 -0.145821
v -1.463048 6.861758 -0.161864
v -2.336288 10.677444 5.636964
v -2.340889 10.749557 5.991792
v -20.893198 -26.186459 -49.471664
v -20.078018 -26.722954 -49.908897
v -20.543428 -26.430286 -49.980530
v -21.205578 -25.786613 -49.439133
v -20.893198 -26.186459 -49.471664
v -21.205578 -25.786613 -49.439133
v -22.008368 -24.467199 -48.261707
v -21.814888 -25.098740 -48.417458
v 17.429781 -16.793228 -37.197018
v 19.496761 -15.385052 -36.504749
v 20.410273 -16.740538 -38.878082
v 19.213701 -17.415234 -39.231995
v 17.429781 -16.793228 -37.197018
v 19.213701 -17.415234 -39.231995
v 19.337622 -18.608536 -40.640057
v 17.967272 -18.971228 -40.307777
v 17.429781 -16.793228 -37.197018
v 14.670562 -13.750806 -33.220207
v 17.885773 -13.192373 -32.859486
v 19.496761 -15.385052 -36.504749
v 4.293992 5.859741 -2.761844
v 2.355782 4.578753 -4.644344
v 0.398082 7.050949 -0.055766
v 1.262942 9.541935 3.797910
v 4.293992 5.859741 -2.761844
v 1.262942 9.541935 3.797910
v 7.297272 10.830147 5.536554
v 7.992682 9.885200 3.784533
v 4.293992 5.859741 -2.761844
v 4.940962 0.358453 -10.998322
v 3.711762 0.043114 -11.286860
v 2.355782 4.578753 -4.644344
v 4.293992 5.859741 -2.761844
v 7.261712 5.084202 -4.363260
v 6.660902 0.472755 -11.123884
v 4.940962 0.358453 -10.998322
v 4.293992 5.859741 -2.761844
v 7.992682 9.885200 3.784533
v 10.289972 8.227961 0.869491
v 7.261712 5.084202 -4.363260
v 43.060993 -3.591203 -20.081741
v 46.028160 -5.119989 -22.517292
v 41.503681 -6.743006 -25.150204
v 39.200672 -3.995428 -20.687634
v 43.060993 -3.591203 -20.081741
v 43.688293 -1.810352 -17.069382
v 49.147560 -2.874824 -18.777016
v 46.028160 -5.119989 -22.517292
v 43.060993 -3.591203 -20.081741
v 39.200672 -3.995428 -20.687634
v 38.223553 -1.430336 -16.321789
v 43.688293 -1.810352 -17.069382
v 2.954772 4.758710 -4.094041
v 0.512102 7.251139 0.479382
v 0.398082 7.050949 -0.055766
v 2.355782 4.578753 -4.644344
v 2.954772 4.758710 -4.094041
v 4.876282 4.021993 -5.498186
v 4.936122 7.571944 0.310059
v 2.398622 9.243484 3.444202
v 2.954772 4.758710 -4.094041
v 2.398622 9.243484 3.444202
v 0.915542 10.517786 5.563517
v 0.512102 7.251139 0.479382
v -0.798248 6.788138 -0.145821
v -0.814448 6.861758 -0.161864
v 0.398082 7.050949 -0.055766
v 0.512102 7.251139 0.479382
v 12.057642 7.049650 -1.273202
v 10.364022 4.592110 -5.387940
v 7.261712 5.084202 -4.363260
v 10.289972 8.227961 0.869491
v 12.057642 7.049650 -1.273202
v 10.289972 8.227961 0.869491
v 16.152203 9.463159 2.732769
v 16.481432 7.391658 -0.812945
v 12.057642 7.049650 -1.273202
v 16.481432 7.391658 -0.812945
v 15.503302 4.644411 -5.478235
v 10.364022 4.592110 -5.387940
v 20.029013 -17.590843 -39.936317
v 20.123281 -18.062660 -40.536812
v 19.337622 -18.608536 -40.640057
v 19.213701 -17.415234 -39.231995
v 20.029013 -17.590843 -39.936317
v 19.213701 -17.415234 -39.231995
v 20.410273 -16.740538 -38.878082
v 21.205412 -16.998966 -39.964230
v 20.029013 -17.590843 -39.936317
v 21.205412 -16.998966 -39.964230
v 21.407871 -17.783741 -41.124748
v 20.123281 -18.062660 -40.536812
v 21.407871 -17.783741 -41.124748
v 23.818352 -16.153854 -40.350754
v 23.737131 -16.211826 -39.852871
v 21.755741 -17.964960 -41.293980
v 21.407871 -17.783741 -41.124748
v 21.205412 -16.998966 -39.964230
v 23.397091 -16.025776 -39.500942
v 23.818352 -16.153854 -40.350754
v 21.407871 -17.783741 -41.124748
v 21.755741 -17.964960 -41.293980
v 20.736012 -20.262199 -43.194801
v 20.268562 -20.013721 -42.796535
v 21.407871 -17.783741 -41.124748
v 20.268562 -20.013721 -42.796535
v 19.337622 -18.608536 -40.640057
v 20.123281 -18.062660 -40.536812
v 49.022953 1.610392 -11.241835
v 45.329933 2.661604 -9.453842
v 47.694332 4.225597 -6.298722
v 51.951332 2.177556 -10.212969
v 49.022953 1.610392 -11.241835
v 49.328583 -0.361053 -14.489552
v 44.124023 0.497670 -13.140779
v 45.329933 2.661604 -9.453842
v 49.022953 1.610392 -11.241835
v 51.951332 2.177556 -10.212969
v 54.819523 -0.732315 -15.040453
v 49.328583 -0.361053 -14.489552
v 20.268562 -20.013721 -42.796535
v 18.878372 -20.963654 -43.044472
v 17.967272 -18.971228 -40.307777
v 19.337622 -18.608536 -40.640057
v 15.822521 -25.828413 -48.205204
v 16.560303 -25.947906 -48.507050
v 15.927322 -26.752684 -49.422230
v 15.395882 -26.143902 -48.522861
v 15.822521 -25.828413 -48.205204
v 15.395882 -26.143902 -48.522861
v 15.041771 -25.327049 -47.454773
v 15.690432 -25.197777 -47.397160
v 15.822521 -25.828413 -48.205204
v 15.690432 -25.197777 -47.397160
v 16.908741 -25.054609 -47.429234
v 16.560303 -25.947906 -48.507050
v 7.387232 5.963902 -2.600719
v 4.936122 7.571944 0.310059
v 4.876282 4.021993 -5.498186
v 7.130402 3.717731 -6.245705
v 7.387232 5.963902 -2.600719
v 7.130402 3.717731 -6.245705
v 10.334832 4.084875 -5.972040
v 10.505822 6.716804 -1.495120
v 7.387232 5.963902 -2.600719
v 10.505822 6.716804 -1.495120
v 7.461902 9.824142 3.969883
v 4.936122 7.571944 0.310059
v 48.563931 1.599959 -10.999886
v 45.303173 3.076584 -8.479897
v 43.489262 1.076141 -11.881945
v 47.719254 -0.273457 -14.195114
v 48.563931 1.599959 -10.999886
v 47.719254 -0.273457 -14.195114
v 52.377483 -1.077187 -15.221245
v 52.927742 2.015531 -10.076277
v 48.563931 1.599959 -10.999886
v 52.927742 2.015531 -10.076277
v 48.114620 4.410903 -5.840633
v 45.303173 3.076584 -8.479897
v 15.734781 -26.195017 -48.450733
v 16.344221 -26.465384 -48.946838
v 16.918411 -25.707018 -48.083138
v 15.788982 -25.560947 -47.675083
v 15.734781 -26.195017 -48.450733
v 15.788982 -25.560947 -47.675083
v 15.082712 -25.516373 -47.512981
v 15.320103 -26.374546 -48.610569
v 15.734781 -26.195017 -48.450733
v 15.320103 -26.374546 -48.610569
v 15.610792 -27.158577 -49.761364
v 16.344221 -26.465384 -48.946838
v 37.188221 -1.394021 -15.984985
v 33.735542 -1.567632 -16.210800
v 35.689823 -4.020988 -20.435688
v 39.659142 -2.837290 -18.495100
v 37.188221 -1.394021 -15.984985
v 37.915333 0.252763 -13.180088
v 33.244572 0.936341 -11.921707
v 33.735542 -1.567632 -16.210800
v 37.188221 -1.394021 -15.984985
v 39.659142 -2.837290 -18.495100
v 41.964962 -1.043124 -15.478455
v 37.915333 0.252763 -13.180088
v 18.114492 -13.740471 -33.455235
v 12.267161 -13.983780 -33.066257
v 13.447912 -17.336384 -37.226265
v 16.419981 -17.292252 -37.548271
v 18.114492 -13.740471 -33.455235
v 16.537432 -10.132084 -28.704468
v 11.460052 -10.660998 -28.905518
v 12.267161 -13.983780 -33.066257
v 18.114492 -13.740471 -33.455235
v 23.496302 -11.878976 -31.968758
v 20.839212 -9.037944 -27.997086
v 16.537432 -10.132084 -28.704468
v 18.114492 -13.740471 -33.455235
v 16.419981 -17.292252 -37.548271
v 19.094292 -17.400860 -38.943172
v 21.294632 -15.237881 -36.553921
v 19.094292 -17.400860 -38.943172
v 18.070042 -20.292042 -41.739998
v 19.851582 -20.247543 -42.675972
v 20.747972 -17.673693 -40.447750
v 19.094292 -17.400860 -38.943172
v 16.419981 -17.292252 -37.548271
v 15.235271 -20.334631 -41.148739
v 18.070042 -20.292042 -41.739998
v 19.094292 -17.400860 -38.943172
v 20.747972 -17.673693 -40.447750
v 22.601072 -16.033951 -38.570057
v 21.294632 -15.237881 -36.553921
v 22.601072 -16.033951 -38.570057
v 26.364752 -14.614951 -37.413315
v 25.580791 -13.779785 -35.458515
v 21.294632 -15.237881 -36.553921
v 22.601072 -16.033951 -38.570057
v 23.737131 -16.211826 -39.852871
v 26.768461 -15.210567 -38.660786
v 26.364752 -14.614951 -37.413315
v 22.601072 -16.033951 -38.570057
v 20.747972 -17.673693 -40.447750
v 21.755741 -17.964960 -41.293980
v 23.737131 -16.211826 -39.852871
v 26.768461 -15.210567 -38.660786
v 32.451103 -14.731257 -38.463688
v 32.049091 -13.886122 -37.032269
v 26.364752 -14.614951 -37.413315
v 26.768461 -15.210567 -38.660786
v 27.096512 -15.610449 -39.896404
v 32.725933 -15.465427 -39.757561
v 32.451103 -14.731257 -38.463688
v 26.768461 -15.210567 -38.660786
v 23.737131 -16.211826 -39.852871
v 23.818352 -16.153854 -40.350754
v 27.096512 -15.610449 -39.896404
v 27.096512 -15.610449 -39.896404
v 27.141222 -15.142258 -38.794563
v 32.880783 -14.738495 -38.720848
v 32.725933 -15.465427 -39.757561
v 27.096512 -15.610449 -39.896404
v 23.818352 -16.153854 -40.350754
v 23.397091 -16.025776 -39.500942
v 27.141222 -15.142258 -38.794563
v 27.141222 -15.142258 -38.794563
v 27.072832 -14.507538 -37.643230
v 32.932442 -13.865727 -37.306629
v 32.880783 -14.738495 -38.720848
v 27.141222 -15.142258 -38.794563
v 23.397091 -16.025776 -39.500942
v 22.852402 -15.694022 -38.314491
v 27.072832 -14.507538 -37.643230
v 22.852402 -15.694022 -38.314491
v 23.397091 -16.025776 -39.500942
v 21.205412 -16.998966 -39.964230
v 20.410273 -16.740538 -38.878082
v 22.852402 -15.694022 -38.314491
v 22.190453 -14.888901 -36.513115
v 26.942041 -13.705921 -36.040825
v 27.072832 -14.507538 -37.643230
v 22.852402 -15.694022 -38.314491
v 20.410273 -16.740538 -38.878082
v 19.496761 -15.385052 -36.504749
v 22.190453 -14.888901 -36.513115
v 22.190453 -14.888901 -36.513115
v 21.263231 -12.627807 -33.097622
v 26.228231 -11.607924 -32.466633
v 26.942041 -13.705921 -36.040825
v 22.190453 -14.888901 -36.513115
v 19.496761 -15.385052 -36.504749
v 17.885773 -13.192373 -32.859486
v 21.263231 -12.627807 -33.097622
v 21.263231 -12.627807 -33.097622
v 19.961021 -9.077362 -28.222935
v 24.922941 -8.441045 -27.596878
v 26.228231 -11.607924 -32.466633
v 21.263231 -12.627807 -33.097622
v 17.885773 -13.192373 -32.859486
v 15.394382 -10.120077 -28.774235
v 19.961021 -9.077362 -28.222935
v 15.394382 -10.120077 -28.774235
v 17.885773 -13.192373 -32.859486
v 14.670562 -13.750806 -33.220207
v 10.755022 -10.737727 -29.107098
v 15.394382 -10.120077 -28.774235
v 12.756572 -6.784652 -23.740448
v 18.027721 -5.635989 -22.894136
v 19.961021 -9.077362 -28.222935
v 15.394382 -10.120077 -28.774235
v 10.755022 -10.737727 -29.107098
v 8.947412 -7.576181 -24.370495
v 12.756572 -6.784652 -23.740448
v 8.947412 -7.576181 -24.370495
v 10.755022 -10.737727 -29.107098
v 8.460142 -11.188796 -29.170963
v 6.612162 -8.178162 -24.748594
v 8.947412 -7.576181 -24.370495
v 7.363252 -4.081885 -18.471912
v 10.439792 -3.373577 -17.965496
v 12.756572 -6.784652 -23.740448
v 8.947412 -7.576181 -24.370495
v 6.612162 -8.178162 -24.748594
v 5.523851 -4.521982 -18.812925
v 7.363252 -4.081885 -18.471912
v 5.523851 -4.521982 -18.812925
v 6.612162 -8.178162 -24.748594
v 5.037441 -8.817411 -25.059814
v 4.071121 -4.920324 -19.112492
v 5.523851 -4.521982 -18.812925
v 4.940962 0.358453 -10.998322
v 6.660902 0.472755 -11.123884
v 7.363252 -4.081885 -18.471912
v 5.523851 -4.521982 -18.812925
v 4.071121 -4.920324 -19.112492
v 3.711762 0.043114 -11.286860
v 4.940962 0.358453 -10.998322
v 5.037441 -8.817411 -25.059814
v 6.833081 -11.588791 -29.111229
v 7.179031 -11.288418 -29.264221
v 5.549452 -8.406140 -24.933132
v 5.037441 -8.817411 -25.059814
v 6.612162 -8.178162 -24.748594
v 8.460142 -11.188796 -29.170963
v 6.833081 -11.588791 -29.111229
v 5.037441 -8.817411 -25.059814
v 5.549452 -8.406140 -24.933132
v 4.373511 -4.900066 -18.980042
v 4.071121 -4.920324 -19.112492
v 4.373511 -4.900066 -18.980042
v 5.549452 -8.406140 -24.933132
v 7.330751 -7.961423 -24.512278
v 5.859681 -4.502995 -18.635275
v 4.373511 -4.900066 -18.980042
v 4.191152 -0.100922 -11.329834
v 3.711762 0.043114 -11.286860
v 4.071121 -4.920324 -19.112492
v 4.373511 -4.900066 -18.980042
v 5.859681 -4.502995 -18.635275
v 5.573301 -0.138713 -11.626166
v 4.191152 -0.100922 -11.329834
v 5.573301 -0.138713 -11.626166
v 5.859681 -4.502995 -18.635275
v 7.663152 -4.074156 -18.290136
v 7.651892 0.049127 -11.769384
v 5.573301 -0.138713 -11.626166
v 4.876282 4.021993 -5.498186
v 2.954772 4.758710 -4.094041
v 4.191152 -0.100922 -11.329834
v 5.573301 -0.138713 -11.626166
v 7.651892 0.049127 -11.769384
v 7.130402 3.717731 -6.245705
v 4.876282 4.021993 -5.498186
v 7.663152 -4.074156 -18.290136
v 9.784101 -7.449939 -24.106537
v 14.227072 -6.587407 -23.508839
v 12.215732 -3.086879 -17.690119
v 7.663152 -4.074156 -18.290136
v 5.859681 -4.502995 -18.635275
v 7.330751 -7.961423 -24.512278
v 9.784101 -7.449939 -24.106537
v 7.663152 -4.074156 -18.290136
v 12.215732 -3.086879 -17.690119
v 10.822522 0.639809 -11.566269
v 7.651892 0.049127 -11.769384
v 10.822522 0.639809 -11.566269
v 12.215732 -3.086879 -17.690119
v 17.798231 -2.345993 -17.124222
v 16.782322 1.033252 -11.385432
v 10.822522 0.639809 -11.566269
v 10.334832 4.084875 -5.972040
v 7.130402 3.717731 -6.245705
v 7.651892 0.049127 -11.769384
v 10.822522 0.639809 -11.566269
v 16.782322 1.033252 -11.385432
v 16.448751 4.283829 -5.850188
v 10.334832 4.084875 -5.972040
v 16.448751 4.283829 -5.850188
v 16.782322 1.033252 -11.385432
v 22.535072 1.227726 -11.198999
v 22.345442 4.392695 -5.794504
v 16.448751 4.283829 -5.850188
v 16.050013 7.621591 -0.146635
v 10.505822 6.716804 -1.495120
v 10.334832 4.084875 -5.972040
v 16.448751 4.283829 -5.850188
v 22.345442 4.392695 -5.794504
v 22.409391 7.586687 -0.338441
v 16.050013 7.621591 -0.146635
v 22.409391 7.586687 -0.338441
v 22.728003 9.806871 3.448104
v 15.183632 10.218760 4.306512
v 16.050013 7.621591 -0.146635
v 22.409391 7.586687 -0.338441
v 29.007322 7.105293 -1.293982
v 29.875511 9.319046 2.473955
v 22.728003 9.806871 3.448104
v 22.409391 7.586687 -0.338441
v 22.345442 4.392695 -5.794504
v 28.322552 4.204555 -6.235880
v 29.007322 7.105293 -1.293982
v 28.322552 4.204555 -6.235880
v 34.050373 3.602392 -7.379947
v 35.502602 6.321510 -2.764163
v 29.007322 7.105293 -1.293982
v 28.322552 4.204555 -6.235880
v 28.048552 1.231896 -11.313162
v 33.244572 0.936341 -11.921707
v 34.050373 3.602392 -7.379947
v 28.322552 4.204555 -6.235880
v 22.345442 4.392695 -5.794504
v 22.535072 1.227726 -11.198999
v 28.048552 1.231896 -11.313162
v 28.048552 1.231896 -11.313162
v 28.675093 -1.765320 -16.444201
v 33.735542 -1.567632 -16.210800
v 33.244572 0.936341 -11.921707
v 28.048552 1.231896 -11.313162
v 22.535072 1.227726 -11.198999
v 23.353851 -1.979720 -16.677055
v 28.675093 -1.765320 -16.444201
v 23.353851 -1.979720 -16.677055
v 24.992311 -5.098035 -21.985201
v 30.574041 -4.646919 -21.360937
v 28.675093 -1.765320 -16.444201
v 23.353851 -1.979720 -16.677055
v 17.798231 -2.345993 -17.124222
v 19.269781 -5.706617 -22.825670
v 24.992311 -5.098035 -21.985201
v 23.353851 -1.979720 -16.677055
v 22.535072 1.227726 -11.198999
v 16.782322 1.033252 -11.385432
v 17.798231 -2.345993 -17.124222
v 19.269781 -5.706617 -22.825670
v 20.839212 -9.037944 -27.997086
v 27.221413 -7.974465 -26.851059
v 24.992311 -5.098035 -21.985201
v 19.269781 -5.706617 -22.825670
v 14.227072 -6.587407 -23.508839
v 16.537432 -10.132084 -28.704468
v 20.839212 -9.037944 -27.997086
v 19.269781 -5.706617 -22.825670
v 17.798231 -2.345993 -17.124222
v 12.215732 -3.086879 -17.690119
v 14.227072 -6.587407 -23.508839
v 27.221413 -7.974465 -26.851059
v 33.254292 -7.457236 -25.990074
v 30.574041 -4.646919 -21.360937
v 24.992311 -5.098035 -21.985201
v 27.221413 -7.974465 -26.851059
v 29.642942 -10.676786 -31.416203
v 36.126953 -10.336115 -30.606300
v 33.254292 -7.457236 -25.990074
v 27.221413 -7.974465 -26.851059
v 20.839212 -9.037944 -27.997086
v 23.496302 -11.878976 -31.968758
v 29.642942 -10.676786 -31.416203
v 29.642942 -10.676786 -31.416203
v 31.346684 -12.789003 -35.113937
v 38.067802 -12.403481 -34.063587
v 36.126953 -10.336115 -30.606300
v 29.642942 -10.676786 -31.416203
v 23.496302 -11.878976 -31.968758
v 25.580791 -13.779785 -35.458515
v 31.346684 -12.789003 -35.113937
v 31.346684 -12.789003 -35.113937
v 32.049091 -13.886122 -37.032269
v 39.088413 -13.563816 -36.049702
v 38.067802 -12.403481 -34.063587
v 31.346684 -12.789003 -35.113937
v 25.580791 -13.779785 -35.458515
v 26.364752 -14.614951 -37.413315
v 32.049091 -13.886122 -37.032269
v 39.088413 -13.563816 -36.049702
v 46.083771 -11.792286 -33.208843
v 44.616131 -10.816095 -31.587261
v 38.067802 -12.403481 -34.063587
v 39.088413 -13.563816 -36.049702
v 39.782871 -14.451828 -37.589802
v 47.282932 -12.496514 -34.411514
v 46.083771 -11.792286 -33.208843
v 39.088413 -13.563816 -36.049702
v 32.049091 -13.886122 -37.032269
v 32.451103 -14.731257 -38.463688
v 39.782871 -14.451828 -37.589802
v 39.782871 -14.451828 -37.589802
v 40.360043 -15.216681 -39.003639
v 48.394341 -13.037516 -35.450108
v 47.282932 -12.496514 -34.411514
v 39.782871 -14.451828 -37.589802
v 32.451103 -14.731257 -38.463688
v 32.725933 -15.465427 -39.757561
v 40.360043 -15.216681 -39.003639
v 40.360043 -15.216681 -39.003639
v 40.211514 -14.498250 -37.927982
v 47.881992 -12.532065 -34.716103
v 48.394341 -13.037516 -35.450108
v 40.360043 -15.216681 -39.003639
v 32.725933 -15.465427 -39.757561
v 32.880783 -14.738495 -38.720848
v 40.211514 -14.498250 -37.927982
v 40.211514 -14.498250 -37.927982
v 39.868282 -13.571356 -36.359867
v 46.940144 -11.791765 -33.448532
v 47.881992 -12.532065 -34.716103
v 40.211514 -14.498250 -37.927982
v 32.880783 -14.738495 -38.720848
v 32.932442 -13.865727 -37.306629
v 39.868282 -13.571356 -36.359867
v 39.868282 -13.571356 -36.359867
v 39.307442 -12.437488 -34.453087
v 45.870022 -10.877515 -31.889832
v 46.940144 -11.791765 -33.448532
v 39.868282 -13.571356 -36.359867
v 32.932442 -13.865727 -37.306629
v 32.774063 -12.944257 -35.448353
v 39.307442 -12.437488 -34.453087
v 32.774063 -12.944257 -35.448353
v 32.932442 -13.865727 -37.306629
v 27.072832 -14.507538 -37.643230
v 26.942041 -13.705921 -36.040825
v 32.774063 -12.944257 -35.448353
v 32.073593 -10.968967 -31.970970
v 38.136463 -10.499493 -31.234394
v 39.307442 -12.437488 -34.453087
v 32.774063 -12.944257 -35.448353
v 26.942041 -13.705921 -36.040825
v 26.228231 -11.607924 -32.466633
v 32.073593 -10.968967 -31.970970
v 32.073593 -10.968967 -31.970970
v 30.531712 -7.955502 -27.114544
v 36.096161 -7.542974 -26.458839
v 38.136463 -10.499493 -31.234394
v 32.073593 -10.968967 -31.970970
v 26.228231 -11.607924 -32.466633
v 24.922941 -8.441045 -27.596878
v 30.531712 -7.955502 -27.114544
v 30.531712 -7.955502 -27.114544
v 28.739101 -4.712686 -21.682419
v 34.026451 -4.385993 -21.263365
v 36.096161 -7.542974 -26.458839
v 30.531712 -7.955502 -27.114544
v 24.922941 -8.441045 -27.596878
v 23.382301 -5.065352 -22.138599
v 28.739101 -4.712686 -21.682419
v 23.382301 -5.065352 -22.138599
v 24.922941 -8.441045 -27.596878
v 19.961021 -9.077362 -28.222935
v 18.027721 -5.635989 -22.894136
v 23.382301 -5.065352 -22.138599
v 21.651503 -1.635979 -16.312021
v 26.912941 -1.279907 -15.834768
v 28.739101 -4.712686 -21.682419
v 23.382301 -5.065352 -22.138599
v 18.027721 -5.635989 -22.894136
v 16.022251 -2.231821 -17.106663
v 21.651503 -1.635979 -16.312021
v 16.022251 -2.231821 -17.106663
v 18.027721 -5.635989 -22.894136
v 12.756572 -6.784652 -23.740448
v 10.439792 -3.373577 -17.965496
v 16.022251 -2.231821 -17.106663
v 14.290902 1.407558 -10.917619
v 20.341282 1.818330 -10.401724
v 21.651503 -1.635979 -16.312021
v 16.022251 -2.231821 -17.106663
v 10.439792 -3.373577 -17.965496
v 8.149921 0.692492 -11.126268
v 14.290902 1.407558 -10.917619
v 8.149921 0.692492 -11.126268
v 10.439792 -3.373577 -17.965496
v 7.363252 -4.081885 -18.471912
v 6.660902 0.472755 -11.123884
v 8.149921 0.692492 -11.126268
v 10.364022 4.592110 -5.387940
v 15.503302 4.644411 -5.478235
v 14.290902 1.407558 -10.917619
v 8.149921 0.692492 -11.126268
v 6.660902 0.472755 -11.123884
v 7.261712 5.084202 -4.363260
v 10.364022 4.592110 -5.387940
v 14.290902 1.407558 -10.917619
v 15.503302 4.644411 -5.478235
v 21.485493 4.767399 -5.394909
v 20.341282 1.818330 -10.401724
v 21.485493 4.767399 -5.394909
v 27.890402 4.656279 -5.716478
v 26.897532 1.766864 -10.630812
v 20.341282 1.818330 -10.401724
v 21.485493 4.767399 -5.394909
v 22.493502 7.833868 -0.176395
v 29.091091 7.562840 -0.770846
v 27.890402 4.656279 -5.716478
v 21.485493 4.767399 -5.394909
v 15.503302 4.644411 -5.478235
v 16.481432 7.391658 -0.812945
v 22.493502 7.833868 -0.176395
v 22.493502 7.833868 -0.176395
v 22.925911 9.927395 3.394759
v 29.932352 9.481657 2.493495
v 29.091091 7.562840 -0.770846
v 22.493502 7.833868 -0.176395
v 16.481432 7.391658 -0.812945
v 16.152203 9.463159 2.732769
v 22.925911 9.927395 3.394759
v 22.925911 9.927395 3.394759
v 23.134811 10.807062 4.899257
v 30.309402 10.312153 3.911544
v 29.932352 9.481657 2.493495
v 22.925911 9.927395 3.394759
v 16.152203 9.463159 2.732769
v 15.531551 11.283264 5.857684
v 23.134811 10.807062 4.899257
v 15.531551 11.283264 5.857684
v 16.152203 9.463159 2.732769
v 10.289972 8.227961 0.869491
v 7.992682 9.885200 3.784533
v 15.531551 11.283264 5.857684
v 15.338942 12.047056 7.177547
v 23.334692 11.510494 6.109440
v 23.134811 10.807062 4.899257
v 15.531551 11.283264 5.857684
v 7.992682 9.885200 3.784533
v 7.297272 10.830147 5.536554
v 15.338942 12.047056 7.177547
v 15.338942 12.047056 7.177547
v 15.267931 11.742863 6.627316
v 23.149801 11.752832 6.532067
v 23.334692 11.510494 6.109440
v 15.338942 12.047056 7.177547
v 7.297272 10.830147 5.536554
v 6.465972 11.387711 6.614414
v 15.267931 11.742863 6.627316
v 6.465972 11.387711 6.614414
v 7.297272 10.830147 5.536554
v 1.262942 9.541935 3.797910
v 0.058792 10.677444 5.636964
v 6.465972 11.387711 6.614414
v 5.997842 11.511242 7.179245
v 15.198881 11.551586 6.613386
v 15.267931 11.742863 6.627316
v 6.465972 11.387711 6.614414
v 0.058792 10.677444 5.636964
v 0.063392 10.749557 5.991792
v 5.997842 11.511242 7.179245
v 5.997842 11.511242 7.179245
v 7.196922 10.883358 5.933599
v 15.245571 11.315369 6.178146
v 15.198881 11.551586 6.613386
v 5.997842 11.511242 7.179245
v 0.063392 10.749557 5.991792
v 0.915542 10.517786 5.563517
v 7.196922 10.883358 5.933599
v 7.196922 10.883358 5.933599
v 6.040241 11.088451 6.292313
v 14.968962 11.333122 6.212375
v 15.245571 11.315369 6.178146
v 7.196922 10.883358 5.933599
v 0.915542 10.517786 5.563517
v 2.398622 9.243484 3.444202
v 6.040241 11.088451 6.292313
v 6.040241 11.088451 6.292313
v 7.461902 9.824142 3.969883
v 15.183632 10.218760 4.306512
v 14.968962 11.333122 6.212375
v 6.040241 11.088451 6.292313
v 2.398622 9.243484 3.444202
v 4.936122 7.571944 0.310059
v 7.461902 9.824142 3.969883
v 14.968962 11.333122 6.212375
v 22.986603 10.740973 5.035194
v 23.250011 11.462284 6.251949
v 15.245571 11.315369 6.178146
v 14.968962 11.333122 6.212375
v 15.183632 10.218760 4.306512
v 22.728003 9.806871 3.448104
v 22.986603 10.740973 5.035194
v 22.986603 10.740973 5.035194
v 30.284101 10.200289 3.965657
v 30.568302 10.794949 4.967784
v 23.250011 11.462284 6.251949
v 22.986603 10.740973 5.035194
v 22.728003 9.806871 3.448104
v 29.875511 9.319046 2.473955
v 30.284101 10.200289 3.965657
v 30.284101 10.200289 3.965657
v 37.328323 9.239664 2.182268
v 37.684132 9.842585 3.198669
v 30.568302 10.794949 4.967784
v 30.284101 10.200289 3.965657
v 29.875511 9.319046 2.473955
v 36.811413 8.384201 0.734942
v 37.328323 9.239664 2.182268
v 36.811413 8.384201 0.734942
v 43.307682 6.999816 -1.716341
v 44.279243 7.963238 -0.114866
v 37.328323 9.239664 2.182268
v 36.811413 8.384201 0.734942
v 35.502602 6.321510 -2.764163
v 41.215862 5.011487 -5.088861
v 43.307682 6.999816 -1.716341
v 36.811413 8.384201 0.734942
v 29.875511 9.319046 2.473955
v 29.007322 7.105293 -1.293982
v 35.502602 6.321510 -2.764163
v 41.215862 5.011487 -5.088861
v 45.303173 3.076584 -8.479897
v 48.114620 4.410903 -5.840633
v 43.307682 6.999816 -1.716341
v 41.215862 5.011487 -5.088861
v 39.069424 2.536144 -9.301089
v 43.489262 1.076141 -11.881945
v 45.303173 3.076584 -8.479897
v 41.215862 5.011487 -5.088861
v 35.502602 6.321510 -2.764163
v 34.050373 3.602392 -7.379947
v 39.069424 2.536144 -9.301089
v 39.069424 2.536144 -9.301089
v 37.915333 0.252763 -13.180088
v 41.964962 -1.043124 -15.478455
v 43.489262 1.076141 -11.881945
v 39.069424 2.536144 -9.301089
v 34.050373 3.602392 -7.379947
v 33.244572 0.936341 -11.921707
v 37.915333 0.252763 -13.180088
v 43.307682 6.999816 -1.716341
v 48.114620 4.410903 -5.840633
v 50.851231 5.917397 -3.487125
v 44.279243 7.963238 -0.114866
v 50.851231 5.917397 -3.487125
v 51.608650 6.519941 -2.709416
v 44.814941 8.543442 0.843190
v 44.279243 7.963238 -0.114866
v 50.851231 5.917397 -3.487125
v 55.631702 2.577060 -8.878481
v 57.009392 3.073067 -8.300042
v 51.608650 6.519941 -2.709416
v 50.851231 5.917397 -3.487125
v 48.114620 4.410903 -5.840633
v 52.927742 2.015531 -10.076277
v 55.631702 2.577060 -8.878481
v 55.631702 2.577060 -8.878481
v 57.071091 -1.174317 -15.716829
v 58.735291 -1.183976 -15.601986
v 57.009392 3.073067 -8.300042
v 55.631702 2.577060 -8.878481
v 52.927742 2.015531 -10.076277
v 52.377483 -1.077187 -15.221245
v 57.071091 -1.174317 -15.716829
v 57.071091 -1.174317 -15.716829
v 52.377483 -1.077187 -15.221245
v 51.746822 -4.340262 -20.969755
v 55.401463 -5.280681 -22.577381
v 57.071091 -1.174317 -15.716829
v 55.401463 -5.280681 -22.577381
v 57.347023 -5.675494 -23.300768
v 58.735291 -1.183976 -15.601986
v 57.347023 -5.675494 -23.300768
v 55.401463 -5.280681 -22.577381
v 50.898434 -8.275801 -27.717350
v 52.859592 -9.110389 -28.975506
v 57.347023 -5.675494 -23.300768
v 58.827961 -5.846135 -23.809696
v 60.105873 -1.076667 -15.555340
v 58.735291 -1.183976 -15.601986
v 57.347023 -5.675494 -23.300768
v 52.859592 -9.110389 -28.975506
v 54.383492 -9.746905 -29.985889
v 58.827961 -5.846135 -23.809696
v 54.383492 -9.746905 -29.985889
v 52.859592 -9.110389 -28.975506
v 46.083771 -11.792286 -33.208843
v 47.282932 -12.496514 -34.411514
v 54.383492 -9.746905 -29.985889
v 54.080040 -9.646597 -29.686146
v 58.376762 -5.538162 -23.250132
v 58.827961 -5.846135 -23.809696
v 54.383492 -9.746905 -29.985889
v 47.282932 -12.496514 -34.411514
v 48.394341 -13.037516 -35.450108
v 54.080040 -9.646597 -29.686146
v 54.080040 -9.646597 -29.686146
v 53.759293 -9.255901 -29.383541
v 57.778572 -5.246810 -23.077236
v 58.376762 -5.538162 -23.250132
v 54.080040 -9.646597 -29.686146
v 48.394341 -13.037516 -35.450108
v 47.881992 -12.532065 -34.716103
v 53.759293 -9.255901 -29.383541
v 53.759293 -9.255901 -29.383541
v 53.913361 -9.165446 -29.212078
v 58.058331 -5.333107 -23.198956
v 57.778572 -5.246810 -23.077236
v 53.759293 -9.255901 -29.383541
v 47.881992 -12.532065 -34.716103
v 46.940144 -11.791765 -33.448532
v 53.913361 -9.165446 -29.212078
v 53.913361 -9.165446 -29.212078
v 52.407043 -8.401076 -27.977493
v 56.496674 -5.000635 -22.371769
v 58.058331 -5.333107 -23.198956
v 53.913361 -9.165446 -29.212078
v 46.940144 -11.791765 -33.448532
v 45.870022 -10.877515 -31.889832
v 52.407043 -8.401076 -27.977493
v 52.407043 -8.401076 -27.977493
v 50.162292 -7.239637 -26.140394
v 53.939133 -4.270112 -21.094687
v 56.496674 -5.000635 -22.371769
v 52.407043 -8.401076 -27.977493
v 45.870022 -10.877515 -31.889832
v 44.182693 -9.356893 -29.345631
v 50.162292 -7.239637 -26.140394
v 44.182693 -9.356893 -29.345631
v 45.870022 -10.877515 -31.889832
v 39.307442 -12.437488 -34.453087
v 38.136463 -10.499493 -31.234394
v 44.182693 -9.356893 -29.345631
v 41.503681 -6.743006 -25.150204
v 46.028160 -5.119989 -22.517292
v 50.162292 -7.239637 -26.140394
v 44.182693 -9.356893 -29.345631
v 38.136463 -10.499493 -31.234394
v 36.096161 -7.542974 -26.458839
v 41.503681 -6.743006 -25.150204
v 50.162292 -7.239637 -26.140394
v 46.028160 -5.119989 -22.517292
v 49.147560 -2.874824 -18.777016
v 53.939133 -4.270112 -21.094687
v 53.939133 -4.270112 -21.094687
v 54.819523 -0.732315 -15.040453
v 57.466091 -0.766369 -15.310635
v 56.496674 -5.000635 -22.371769
v 53.939133 -4.270112 -21.094687
v 49.147560 -2.874824 -18.777016
v 49.328583 -0.361053 -14.489552
v 54.819523 -0.732315 -15.040453
v 57.466091 -0.766369 -15.310635
v 59.004063 -0.904197 -15.354330
v 58.058331 -5.333107 -23.198956
v 56.496674 -5.000635 -22.371769
v 57.466091 -0.766369 -15.310635
v 55.705730 2.917330 -8.597259
v 57.051491 3.356834 -8.133407
v 59.004063 -0.904197 -15.354330
v 57.466091 -0.766369 -15.310635
v 54.819523 -0.732315 -15.040453
v 51.951332 2.177556 -10.212969
v 55.705730 2.917330 -8.597259
v 55.705730 2.917330 -8.597259
v 51.951332 2.177556 -10.212969
v 47.694332 4.225597 -6.298722
v 50.658783 6.084902 -3.440677
v 55.705730 2.917330 -8.597259
v 50.658783 6.084902 -3.440677
v 51.449841 6.652272 -2.738620
v 57.051491 3.356834 -8.133407
v 51.449841 6.652272 -2.738620
v 50.658783 6.084902 -3.440677
v 43.773823 7.736861 -0.740268
v 44.434582 8.378335 0.319377
v 51.449841 6.652272 -2.738620
v 52.123062 7.087028 -2.034997
v 58.174202 3.699154 -7.732500
v 57.051491 3.356834 -8.133407
v 51.449841 6.652272 -2.738620
v 44.434582 8.378335 0.319377
v 44.954391 8.915469 1.229031
v 52.123062 7.087028 -2.034997
v 44.954391 8.915469 1.229031
v 44.434582 8.378335 0.319377
v 37.356972 9.493694 2.368810
v 37.731853 10.079576 3.372459
v 44.954391 8.915469 1.229031
v 45.415092 9.398584 2.087834
v 52.786404 7.453963 -1.324047
v 52.123062 7.087028 -2.034997
v 44.954391 8.915469 1.229031
v 37.731853 10.079576 3.372459
v 38.060032 10.582053 4.264205
v 45.415092 9.398584 2.087834
v 38.060032 10.582053 4.264205
v 37.731853 10.079576 3.372459
v 30.590721 10.917259 4.947567
v 30.841192 11.441971 5.868566
v 38.060032 10.582053 4.264205
v 37.993462 10.379366 4.091287
v 45.224392 9.057297 1.690046
v 45.415092 9.398584 2.087834
v 38.060032 10.582053 4.264205
v 30.841192 11.441971 5.868566
v 30.827032 11.345890 5.869328
v 37.993462 10.379366 4.091287
v 30.827032 11.345890 5.869328
v 30.841192 11.441971 5.868566
v 23.149801 11.752832 6.532067
v 23.110891 11.631020 6.626749
v 30.827032 11.345890 5.869328
v 30.568302 10.794949 4.967784
v 37.684132 9.842585 3.198669
v 37.993462 10.379366 4.091287
v 30.827032 11.345890 5.869328
v 23.110891 11.631020 6.626749
v 23.250011 11.462284 6.251949
v 30.568302 10.794949 4.967784
v 23.110891 11.631020 6.626749
v 23.149801 11.752832 6.532067
v 15.267931 11.742863 6.627316
v 15.198881 11.551586 6.613386
v 23.110891 11.631020 6.626749
v 15.198881 11.551586 6.613386
v 15.245571 11.315369 6.178146
v 23.250011 11.462284 6.251949
v 37.993462 10.379366 4.091287
v 37.684132 9.842585 3.198669
v 44.814941 8.543442 0.843190
v 45.224392 9.057297 1.690046
v 45.224392 9.057297 1.690046
v 52.229580 6.981094 -1.976712
v 52.786404 7.453963 -1.324047
v 45.415092 9.398584 2.087834
v 45.224392 9.057297 1.690046
v 44.814941 8.543442 0.843190
v 51.608650 6.519941 -2.709416
v 52.229580 6.981094 -1.976712
v 52.229580 6.981094 -1.976712
v 58.111881 3.500714 -7.816917
v 59.071213 3.747491 -7.249552
v 52.786404 7.453963 -1.324047
v 52.229580 6.981094 -1.976712
v 51.608650 6.519941 -2.709416
v 57.009392 3.073067 -8.300042
v 58.111881 3.500714 -7.816917
v 58.111881 3.500714 -7.816917
v 60.105873 -1.076667 -15.555340
v 61.385563 -0.960954 -15.606186
v 59.071213 3.747491 -7.249552
v 58.111881 3.500714 -7.816917
v 57.009392 3.073067 -8.300042
v 58.735291 -1.183976 -15.601986
v 60.105873 -1.076667 -15.555340
v 61.385563 -0.960954 -15.606186
v 60.105873 -1.076667 -15.555340
v 58.827961 -5.846135 -23.809696
v 58.376762 -5.538162 -23.250132
v 61.385563 -0.960954 -15.606186
v 59.296581 -1.015270 -15.379986
v 58.174202 3.699154 -7.732500
v 59.071213 3.747491 -7.249552
v 61.385563 -0.960954 -15.606186
v 58.376762 -5.538162 -23.250132
v 57.778572 -5.246810 -23.077236
v 59.296581 -1.015270 -15.379986
v 59.296581 -1.015270 -15.379986
v 59.004063 -0.904197 -15.354330
v 57.051491 3.356834 -8.133407
v 58.174202 3.699154 -7.732500
v 59.296581 -1.015270 -15.379986
v 57.778572 -5.246810 -23.077236
v 58.058331 -5.333107 -23.198956
v 59.004063 -0.904197 -15.354330
v 59.071213 3.747491 -7.249552
v 58.174202 3.699154 -7.732500
v 52.123062 7.087028 -2.034997
v 52.786404 7.453963 -1.324047
v 30.590721 10.917259 4.947567
v 30.309402 10.312153 3.911544
v 23.134811 10.807062 4.899257
v 23.334692 11.510494 6.109440
v 30.590721 10.917259 4.947567
v 37.731853 10.079576 3.372459
v 37.356972 9.493694 2.368810
v 30.309402 10.312153 3.911544
v 30.590721 10.917259 4.947567
v 23.334692 11.510494 6.109440
v 23.149801 11.752832 6.532067
v 30.841192 11.441971 5.868566
v 37.356972 9.493694 2.368810
v 36.859123 8.722607 1.054275
v 29.932352 9.481657 2.493495
v 30.309402 10.312153 3.911544
v 37.356972 9.493694 2.368810
v 44.434582 8.378335 0.319377
v 43.773823 7.736861 -0.740268
v 36.859123 8.722607 1.054275
v 36.859123 8.722607 1.054275
v 35.785412 7.079468 -1.732735
v 29.091091 7.562840 -0.770846
v 29.932352 9.481657 2.493495
v 36.859123 8.722607 1.054275
v 43.773823 7.736861 -0.740268
v 42.380192 6.371201 -3.029782
v 35.785412 7.079468 -1.732735
v 42.380192 6.371201 -3.029782
v 40.086571 3.783681 -7.448690
v 34.144573 4.321336 -6.413359
v 35.785412 7.079468 -1.732735
v 42.380192 6.371201 -3.029782
v 47.694332 4.225597 -6.298722
v 45.329933 2.661604 -9.453842
v 40.086571 3.783681 -7.448690
v 42.380192 6.371201 -3.029782
v 43.773823 7.736861 -0.740268
v 50.658783 6.084902 -3.440677
v 47.694332 4.225597 -6.298722
v 40.086571 3.783681 -7.448690
v 38.626781 1.087819 -12.029781
v 32.940453 1.457381 -11.282381
v 34.144573 4.321336 -6.413359
v 40.086571 3.783681 -7.448690
v 45.329933 2.661604 -9.453842
v 44.124023 0.497670 -13.140779
v 38.626781 1.087819 -12.029781
v 38.626781 1.087819 -12.029781
v 38.223553 -1.430336 -16.321789
v 32.513210 -1.359372 -16.088398
v 32.940453 1.457381 -11.282381
v 38.626781 1.087819 -12.029781
v 44.124023 0.497670 -13.140779
v 43.688293 -1.810352 -17.069382
v 38.223553 -1.430336 -16.321789
v 32.513210 -1.359372 -16.088398
v 34.026451 -4.385993 -21.263365
v 28.739101 -4.712686 -21.682419
v 26.912941 -1.279907 -15.834768
v 32.513210 -1.359372 -16.088398
v 38.223553 -1.430336 -16.321789
v 39.200672 -3.995428 -20.687634
v 34.026451 -4.385993 -21.263365
v 32.513210 -1.359372 -16.088398
v 26.912941 -1.279907 -15.834768
v 26.897532 1.766864 -10.630812
v 32.940453 1.457381 -11.282381
v 32.940453 1.457381 -11.282381
v 26.897532 1.766864 -10.630812
v 27.890402 4.656279 -5.716478
v 34.144573 4.321336 -6.413359
v 34.144573 4.321336 -6.413359
v 27.890402 4.656279 -5.716478
v 29.091091 7.562840 -0.770846
v 35.785412 7.079468 -1.732735
v 50.898434 -8.275801 -27.717350
v 47.668373 -6.975784 -25.285076
v 42.130032 -8.988546 -28.684910
v 44.616131 -10.816095 -31.587261
v 50.898434 -8.275801 -27.717350
v 55.401463 -5.280681 -22.577381
v 51.746822 -4.340262 -20.969755
v 47.668373 -6.975784 -25.285076
v 50.898434 -8.275801 -27.717350
v 44.616131 -10.816095 -31.587261
v 46.083771 -11.792286 -33.208843
v 52.859592 -9.110389 -28.975506
v 47.668373 -6.975784 -25.285076
v 43.581642 -4.895527 -22.021420
v 38.787453 -6.467605 -24.606827
v 42.130032 -8.988546 -28.684910
v 47.668373 -6.975784 -25.285076
v 51.746822 -4.340262 -20.969755
v 46.605701 -2.738968 -18.307888
v 43.581642 -4.895527 -22.021420
v 46.605701 -2.738968 -18.307888
v 41.964962 -1.043124 -15.478455
v 39.659142 -2.837290 -18.495100
v 43.581642 -4.895527 -22.021420
v 46.605701 -2.738968 -18.307888
v 47.719254 -0.273457 -14.195114
v 43.489262 1.076141 -11.881945
v 41.964962 -1.043124 -15.478455
v 46.605701 -2.738968 -18.307888
v 51.746822 -4.340262 -20.969755
v 52.377483 -1.077187 -15.221245
v 47.719254 -0.273457 -14.195114
v 43.581642 -4.895527 -22.021420
v 39.659142 -2.837290 -18.495100
v 35.689823 -4.020988 -20.435688
v 38.787453 -6.467605 -24.606827
v 38.787453 -6.467605 -24.606827
v 35.689823 -4.020988 -20.435688
v 30.574041 -4.646919 -21.360937
v 33.254292 -7.457236 -25.990074
v 38.787453 -6.467605 -24.606827
v 33.254292 -7.457236 -25.990074
v 36.126953 -10.336115 -30.606300
v 42.130032 -8.988546 -28.684910
v 42.130032 -8.988546 -28.684910
v 36.126953 -10.336115 -30.606300
v 38.067802 -12.403481 -34.063587
v 44.616131 -10.816095 -31.587261
v 44.814941 8.543442 0.843190
v 37.684132 9.842585 3.198669
v 37.328323 9.239664 2.182268
v 44.279243 7.963238 -0.114866
v 26.897532 1.766864 -10.630812
v 26.912941 -1.279907 -15.834768
v 21.651503 -1.635979 -16.312021
v 20.341282 1.818330 -10.401724
v 34.026451 -4.385993 -21.263365
v 39.200672 -3.995428 -20.687634
v 41.503681 -6.743006 -25.150204
v 36.096161 -7.542974 -26.458839
v 30.574041 -4.646919 -21.360937
v 35.689823 -4.020988 -20.435688
v 33.735542 -1.567632 -16.210800
v 28.675093 -1.765320 -16.444201
v 15.183632 10.218760 4.306512
v 7.461902 9.824142 3.969883
v 10.505822 6.716804 -1.495120
v 16.050013 7.621591 -0.146635
v 9.784101 -7.449939 -24.106537
v 11.460052 -10.660998 -28.905518
v 16.537432 -10.132084 -28.704468
v 14.227072 -6.587407 -23.508839
v 9.784101 -7.449939 -24.106537
v 7.330751 -7.961423 -24.512278
v 8.947432 -10.999424 -29.084747
v 11.460052 -10.660998 -28.905518
v 8.947432 -10.999424 -29.084747
v 10.427612 -14.274853 -33.226566
v 12.267161 -13.983780 -33.066257
v 11.460052 -10.660998 -28.905518
v 8.947432 -10.999424 -29.084747
v 7.179031 -11.288418 -29.264221
v 9.146912 -14.452573 -33.411488
v 10.427612 -14.274853 -33.226566
v 8.947432 -10.999424 -29.084747
v 7.330751 -7.961423 -24.512278
v 5.549452 -8.406140 -24.933132
v 7.179031 -11.288418 -29.264221
v 9.146912 -14.452573 -33.411488
v 11.477082 -17.581758 -37.406841
v 12.017122 -17.540432 -37.317135
v 10.427612 -14.274853 -33.226566
v 9.146912 -14.452573 -33.411488
v 9.743922 -14.468667 -33.366772
v 12.877122 -17.358532 -37.374874
v 11.477082 -17.581758 -37.406841
v 9.146912 -14.452573 -33.411488
v 7.179031 -11.288418 -29.264221
v 6.833081 -11.588791 -29.111229
v 9.743922 -14.468667 -33.366772
v 9.743922 -14.468667 -33.366772
v 11.874251 -14.059148 -33.305111
v 14.843061 -16.972141 -37.143875
v 12.877122 -17.358532 -37.374874
v 9.743922 -14.468667 -33.366772
v 6.833081 -11.588791 -29.111229
v 8.460142 -11.188796 -29.170963
v 11.874251 -14.059148 -33.305111
v 11.874251 -14.059148 -33.305111
v 14.670562 -13.750806 -33.220207
v 17.429781 -16.793228 -37.197018
v 14.843061 -16.972141 -37.143875
v 11.874251 -14.059148 -33.305111
v 8.460142 -11.188796 -29.170963
v 10.755022 -10.737727 -29.107098
v 14.670562 -13.750806 -33.220207
v 14.843061 -16.972141 -37.143875
v 16.242542 -19.423281 -40.390762
v 14.707902 -19.914825 -40.742176
v 12.877122 -17.358532 -37.374874
v 14.843061 -16.972141 -37.143875
v 17.429781 -16.793228 -37.197018
v 17.967272 -18.971228 -40.307777
v 16.242542 -19.423281 -40.390762
v 16.242542 -19.423281 -40.390762
v 17.558401 -21.638948 -43.395546
v 16.118641 -22.125408 -43.682713
v 14.707902 -19.914825 -40.742176
v 16.242542 -19.423281 -40.390762
v 17.967272 -18.971228 -40.307777
v 18.878372 -20.963654 -43.044472
v 17.558401 -21.638948 -43.395546
v 17.558401 -21.638948 -43.395546
v 18.244822 -23.582283 -46.004639
v 16.783512 -23.807426 -45.861530
v 16.118641 -22.125408 -43.682713
v 17.558401 -21.638948 -43.395546
v 18.878372 -20.963654 -43.044472
v 19.362211 -23.113579 -45.917465
v 18.244822 -23.582283 -46.004639
v 19.362211 -23.113579 -45.917465
v 19.537392 -25.098740 -48.417458
v 18.176092 -25.003689 -47.814655
v 18.244822 -23.582283 -46.004639
v 19.362211 -23.113579 -45.917465
v 20.251923 -22.168659 -46.435432
v 19.730871 -24.467199 -48.261707
v 19.537392 -25.098740 -48.417458
v 19.362211 -23.113579 -45.917465
v 18.878372 -20.963654 -43.044472
v 20.268562 -20.013721 -42.796535
v 20.251923 -22.168659 -46.435432
v 20.251923 -22.168659 -46.435432
v 20.296772 -22.804821 -45.745609
v 19.637531 -24.379639 -48.122982
v 19.730871 -24.467199 -48.261707
v 20.251923 -22.168659 -46.435432
v 20.268562 -20.013721 -42.796535
v 20.736012 -20.262199 -43.194801
v 20.296772 -22.804821 -45.745609
v 20.296772 -22.804821 -45.745609
v 19.378412 -23.143415 -45.670475
v 18.901741 -24.781387 -47.635075
v 19.637531 -24.379639 -48.122982
v 20.296772 -22.804821 -45.745609
v 20.736012 -20.262199 -43.194801
v 19.851582 -20.247543 -42.675972
v 19.378412 -23.143415 -45.670475
v 19.378412 -23.143415 -45.670475
v 17.648441 -23.083199 -44.970493
v 17.345013 -24.677467 -46.868156
v 18.901741 -24.781387 -47.635075
v 19.378412 -23.143415 -45.670475
v 19.851582 -20.247543 -42.675972
v 18.070042 -20.292042 -41.739998
v 17.648441 -23.083199 -44.970493
v 17.648441 -23.083199 -44.970493
v 15.527452 -22.972527 -44.443287
v 15.733992 -24.631638 -46.517258
v 17.345013 -24.677467 -46.868156
v 17.648441 -23.083199 -44.970493
v 18.070042 -20.292042 -41.739998
v 15.235271 -20.334631 -41.148739
v 15.527452 -22.972527 -44.443287
v 15.527452 -22.972527 -44.443287
v 14.432062 -22.664871 -43.939533
v 14.828732 -24.357576 -46.064060
v 15.733992 -24.631638 -46.517258
v 15.527452 -22.972527 -44.443287
v 15.235271 -20.334631 -41.148739
v 13.713312 -20.452412 -41.119682
v 14.432062 -22.664871 -43.939533
v 13.713312 -20.452412 -41.119682
v 13.221231 -20.282169 -40.850094
v 14.100592 -22.474953 -43.832684
v 14.432062 -22.664871 -43.939533
v 13.713312 -20.452412 -41.119682
v 13.447912 -17.336384 -37.226265
v 12.017122 -17.540432 -37.317135
v 13.221231 -20.282169 -40.850094
v 13.713312 -20.452412 -41.119682
v 15.235271 -20.334631 -41.148739
v 16.419981 -17.292252 -37.548271
v 13.447912 -17.336384 -37.226265
v 13.221231 -20.282169 -40.850094
v 13.374991 -20.254810 -41.016006
v 14.733002 -22.546099 -44.004498
v 14.100592 -22.474953 -43.832684
v 13.221231 -20.282169 -40.850094
v 12.017122 -17.540432 -37.317135
v 11.477082 -17.581758 -37.406841
v 13.374991 -20.254810 -41.016006
v 13.374991 -20.254810 -41.016006
v 14.707902 -19.914825 -40.742176
v 16.118641 -22.125408 -43.682713
v 14.733002 -22.546099 -44.004498
v 13.374991 -20.254810 -41.016006
v 11.477082 -17.581758 -37.406841
v 12.877122 -17.358532 -37.374874
v 14.707902 -19.914825 -40.742176
v 14.733002 -22.546099 -44.004498
v 15.404312 -24.090963 -45.992016
v 14.679872 -24.142002 -45.953358
v 14.100592 -22.474953 -43.832684
v 14.733002 -22.546099 -44.004498
v 16.118641 -22.125408 -43.682713
v 16.783512 -23.807426 -45.861530
v 15.404312 -24.090963 -45.992016
v 15.404312 -24.090963 -45.992016
v 15.690432 -25.197777 -47.397160
v 15.041771 -25.327049 -47.454773
v 14.679872 -24.142002 -45.953358
v 15.404312 -24.090963 -45.992016
v 16.783512 -23.807426 -45.861530
v 16.908741 -25.054609 -47.429234
v 15.690432 -25.197777 -47.397160
v 14.679872 -24.142002 -45.953358
v 15.041771 -25.327049 -47.454773
v 15.082712 -25.516373 -47.512981
v 14.828732 -24.357576 -46.064060
v 14.679872 -24.142002 -45.953358
v 14.828732 -24.357576 -46.064060
v 14.432062 -22.664871 -43.939533
v 14.100592 -22.474953 -43.832684
v 14.828732 -24.357576 -46.064060
v 15.082712 -25.516373 -47.512981
v 15.788982 -25.560947 -47.675083
v 15.733992 -24.631638 -46.517258
v 15.733992 -24.631638 -46.517258
v 15.788982 -25.560947 -47.675083
v 16.918411 -25.707018 -48.083138
v 17.345013 -24.677467 -46.868156
v 17.345013 -24.677467 -46.868156
v 16.918411 -25.707018 -48.083138
v 18.059782 -25.877640 -48.670826
v 18.901741 -24.781387 -47.635075
v 18.059782 -25.877640 -48.670826
v 17.188332 -26.680508 -49.465794
v 17.961952 -26.697725 -49.734875
v 18.773571 -25.968313 -49.016102
v 18.059782 -25.877640 -48.670826
v 16.918411 -25.707018 -48.083138
v 16.344221 -26.465384 -48.946838
v 17.188332 -26.680508 -49.465794
v 18.059782 -25.877640 -48.670826
v 18.773571 -25.968313 -49.016102
v 19.637531 -24.379639 -48.122982
v 18.901741 -24.781387 -47.635075
v 17.188332 -26.680508 -49.465794
v 16.506262 -27.353256 -50.272724
v 17.435633 -27.115858 -50.028297
v 17.961952 -26.697725 -49.734875
v 17.188332 -26.680508 -49.465794
v 16.344221 -26.465384 -48.946838
v 15.610792 -27.158577 -49.761364
v 16.506262 -27.353256 -50.272724
v 16.506262 -27.353256 -50.272724
v 16.864872 -26.825712 -49.769577
v 17.800522 -26.722954 -49.908897
v 17.435633 -27.115858 -50.028297
v 16.506262 -27.353256 -50.272724
v 15.610792 -27.158577 -49.761364
v 15.927322 -26.752684 -49.422230
v 16.864872 -26.825712 -49.769577
v 16.864872 -26.825712 -49.769577
v 17.578522 -26.046923 -48.925240
v 18.615702 -26.186459 -49.471664
v 17.800522 -26.722954 -49.908897
v 16.864872 -26.825712 -49.769577
v 15.927322 -26.752684 -49.422230
v 16.560303 -25.947906 -48.507050
v 17.578522 -26.046923 -48.925240
v 17.578522 -26.046923 -48.925240
v 18.176092 -25.003689 -47.814655
v 19.537392 -25.098740 -48.417458
v 18.615702 -26.186459 -49.471664
v 17.578522 -26.046923 -48.925240
v 16.560303 -25.947906 -48.507050
v 16.908741 -25.054609 -47.429234
v 18.176092 -25.003689 -47.814655
v 18.928091 -25.786613 -49.439133
v 18.773571 -25.968313 -49.016102
v 17.961952 -26.697725 -49.734875
v 18.265942 -26.430286 -49.980530
v 18.928091 -25.786613 -49.439133
v 19.730871 -24.467199 -48.261707
v 19.637531 -24.379639 -48.122982
v 18.773571 -25.968313 -49.016102
v 18.176092 -25.003689 -47.814655
v 16.908741 -25.054609 -47.429234
v 16.783512 -23.807426 -45.861530
v 18.244822 -23.582283 -46.004639
v 12.017122 -17.540432 -37.317135
v 13.447912 -17.336384 -37.226265
v 12.267161 -13.983780 -33.066257
v 10.427612 -14.274853 -33.226566
v 4.191152 -0.100922 -11.329834
v 2.954772 4.758710 -4.094041
v 2.355782 4.578753 -4.644344
v 3.711762 0.043114 -11.286860
v 25.580791 -13.779785 -35.458515
v 23.496302 -11.878976 -31.968758
v 18.114492 -13.740471 -33.455235
v 21.294632 -15.237881 -36.553921
v 19.851582 -20.247543 -42.675972
v 20.736012 -20.262199 -43.194801
v 21.755741 -17.964960 -41.293980
v 20.747972 -17.673693 -40.447750
v 15.610792 -27.158577 -49.761364
v 15.320103 -26.374546 -48.610569
v 15.395882 -26.143902 -48.522861
v 15.927322 -26.752684 -49.422230
v 15.082712 -25.516373 -47.512981
v 15.041771 -25.327049 -47.454773
v 15.395882 -26.143902 -48.522861
v 15.320103 -26.374546 -48.610569
v 49.328583 -0.361053 -14.489552
v 49.147560 -2.874824 -18.777016
v 43.688293 -1.810352 -17.069382
v 44.124023 0.497670 -13.140779
v 0.063392 10.749557 5.991792
v -0.798248 6.788138 -0.145821
v 0.512102 7.251139 0.479382
v 0.915542 10.517786 5.563517
v 0.058792 10.677444 5.636964
v 1.262942 9.541935 3.797910
v 0.398082 7.050949 -0.055766
v -0.814448 6.861758 -0.161864
v 17.435633 -27.115858 -50.028297
v 17.800522 -26.722954 -49.908897
v 18.265942 -26.430286 -49.980530
v 17.961952 -26.697725 -49.734875
v -0.798248 6.788138 -0.145821
v 0.063392 10.749557 5.991792
v 0.058792 10.677444 5.636964
v -0.814448 6.861758 -0.161864
v 18.615702 -26.186459 -49.471664
v 18.928091 -25.786613 -49.439133
v 18.265942 -26.430286 -49.980530
v 17.800522 -26.722954 -49.908897
v 18.615702 -26.186459 -49.471664
v 19.537392 -25.098740 -48.417458
v 19.730871 -24.467199 -48.261707
v 18.928091 -25.786613 -49.439133
vn 0.3205 0.7755 -0.5440
vn 0.3205 0.7754 -0.5440
vn 0.3826 0.7128 -0.5878
vn 0.3825 0.7129 -0.5878
vn 0.1622 0.7675 -0.6201
vn 0.1621 0.7676 -0.6201
vn 0.0961 0.8526 -0.5137
vn 0.0451 0.8641 -0.5013
vn 0.0315 0.8266 -0.5619
vn 0.0887 0.8257 -0.5571
vn 0.0888 0.8257 -0.5571
vn 0.0348 0.8624 -0.5050
vn 0.0347 0.8624 -0.5050
vn 0.0017 0.8494 -0.5277
vn 0.0015 0.8494 -0.5277
vn 0.0014 0.8494 -0.5278
vn -0.0098 0.8565 -0.5160
vn -0.0098 0.8565 -0.5161
vn 0.0099 0.8614 -0.5078
vn 0.0098 0.8615 -0.5077
vn 0.0100 0.8614 -0.5079
vn 0.1513 -0.8977 0.4138
vn -0.0644 -0.8539 0.5165
vn -0.0645 -0.8539 0.5164
vn -0.0759 -0.8493 0.5225
vn -0.0758 -0.8493 0.5225
vn -0.1987 -0.9644 0.1745
vn 0.0304 0.8641 -0.5024
vn 0.0303 0.8640 -0.5025
vn 0.0194 0.8650 -0.5013
vn 0.0194 0.8650 -0.5014
vn 0.0161 0.8622 -0.5063
vn 0.0160 0.8622 -0.5063
vn 0.3893 0.6880 -0.6125
vn 0.3891 0.6880 -0.6126
vn 0.3508 0.7876 -0.5065
vn 0.3970 0.7142 -0.5765
vn -0.6103 -0.3170 -0.7260
vn -0.6104 -0.3170 -0.7259
vn 0.3337 0.8151 -0.4736
vn 0.3337 0.8150 -0.4737
vn 0.1645 0.6582 -0.7347
vn 0.1644 0.6582 -0.7347
vn 0.4123 0.6763 -0.6104
vn -0.0114 0.8851 -0.4652
vn -0.0036 0.8587 -0.5125
vn -0.0093 0.8574 -0.5146
vn -0.0092 0.8573 -0.5147
vn 0.3524 0.7013 -0.6196
vn 0.1242 0.7850 -0.6069
vn 0.1239 0.7851 -0.6069
vn 0.1241 0.7850 -0.6069
vn 0.1026 0.7745 -0.6242
vn 0.1025 0.7745 -0.6241
vn 0.1025 0.7745 -0.6242
vn 0.1146 0.7790 -0.6164
vn 0.1147 0.7791 -0.6164
vn -0.0583 -0.8519 0.5204
vn -0.0585 -0.8520 0.5203
vn -0.0400 -0.8575 0.5129
vn -0.0316 -0.8619 0.5060
vn -0.0317 -0.8619 0.5060
vn -0.0318 -0.8619 0.5060
vn -0.0011 -0.8625 0.5060
vn -0.0011 -0.8625 0.5061
vn 0.0311 -0.8566 0.5151
vn 0.0310 -0.8565 0.5152
vn 0.0311 -0.8565 0.5151
vn 0.0224 -0.8787 0.4768
vn 0.0226 -0.8787 0.4768
vn -0.1314 -0.7798 0.6120
vn -0.1314 -0.7798 0.6121
vn -0.0943 -0.7742 0.6258
vn -0.0944 -0.7741 0.6259
vn -0.0946 -0.7741 0.6260
vn -0.1193 -0.8053 0.5808
vn -0.1192 -0.8053 0.5808
vn -0.1190 -0.8053 0.5808
vn -0.0100 -0.8626 0.5058
vn -0.0103 -0.8626 0.5057
vn -0.0101 -0.8632 0.5048
vn -0.0100 -0.8632 0.5048
vn -0.0099 -0.8631 0.5049
vn -0.0098 -0.8630 0.5051
vn -0.0099 -0.8631 0.5050
vn -0.0763 -0.7670 0.6370
vn -0.0764 -0.7671 0.6370
vn -0.0763 -0.7671 0.6370
vn -0.0660 -0.7788 0.6237
vn -0.0658 -0.7790 0.6235
vn -0.0657 -0.7791 0.6235
vn -0.0965 -0.7774 0.6216
vn -0.0963 -0.7774 0.6216
vn -0.0964 -0.7774 0.6216
vn -0.2184 -0.7934 0.5682
vn -0.2185 -0.7934 0.5682
vn -0.3856 -0.6943 0.6077
vn -0.2156 -0.7519 0.6230
vn -0.2156 -0.7520 0.6230
vn -0.2731 -0.8323 0.4823
vn -0.1842 -0.8713 0.4549
vn -0.1867 -0.9020 0.3893
vn -0.3038 -0.8192 0.4864
vn -0.3039 -0.8192 0.4864
vn -0.0676 -0.8701 0.4883
vn -0.0677 -0.8701 0.4883
vn -0.0378 -0.9085 0.4163
vn -0.0378 -0.9084 0.4163
vn -0.1744 -0.9574 0.2300
vn 0.0331 0.8738 -0.4852
vn 0.1390 0.9393 -0.3138
vn 0.1390 0.9393 -0.3137
vn 0.0597 0.8605 -0.5060
vn 0.1615 0.8963 -0.4129
vn 0.1615 0.8963 -0.4130
vn 0.2911 0.8701 -0.3976
vn 0.2912 0.8701 -0.3976
vn 0.1732 0.8745 -0.4531
vn 0.1731 0.8744 -0.4532
vn 0.1969 0.8384 -0.5082
vn 0.1969 0.8384 -0.5083
vn 0.1258 0.8282 -0.5461
vn 0.1258 0.8283 -0.5461
vn 0.1640 0.8067 -0.5678
vn 0.0626 0.8138 -0.5777
vn 0.0626 0.8138 -0.5778
vn 0.1312 0.7699 -0.6246
vn 0.1311 0.7699 -0.6246
vn 0.0611 0.7779 -0.6254
vn 0.0612 0.7780 -0.6253
vn 0.0614 0.7780 -0.6253
vn 0.0613 0.7780 -0.6253
vn 0.0992 0.8122 -0.5749
vn 0.0705 0.8156 -0.5744
vn 0.0706 0.8155 -0.5744
vn 0.1255 0.7988 -0.5884
vn 0.0959 0.8423 -0.5303
vn 0.0960 0.8423 -0.5303
vn 0.1174 0.8380 -0.5329
vn 0.1696 0.8182 -0.5494
vn 0.0989 0.8411 -0.5318
vn 0.0988 0.8411 -0.5318
vn 0.1060 0.8387 -0.5342
vn -0.5150 -0.5982 0.6139
vn 0.2010 0.7668 -0.6096
vn -0.2515 -0.8009 0.5435
vn -0.2514 -0.8009 0.5435
vn -0.0965 -0.8481 0.5209
vn -0.0964 -0.8482 0.5209
vn 0.1913 -0.8332 0.5189
vn -0.0966 -0.8426 0.5298
vn -0.1061 -0.8413 0.5301
vn -0.0999 -0.8179 0.5666
vn -0.0998 -0.8180 0.5665
vn -0.1000 -0.8179 0.5666
vn -0.0935 -0.8218 0.5620
vn -0.1018 -0.8402 0.5327
vn -0.0946 -0.8466 0.5238
vn -0.1157 -0.8381 0.5332
vn -0.1158 -0.8381 0.5331
vn -0.0500 -0.8523 0.5207
vn -0.0501 -0.8523 0.5207
vn -0.0850 -0.8358 0.5425
vn -0.0290 -0.8556 0.5169
vn -0.0289 -0.8555 0.5169
vn -0.0119 -0.8623 0.5062
vn -0.0120 -0.8623 0.5063
vn -0.0119 -0.8623 0.5063
vn -0.0180 -0.8622 0.5062
vn -0.0177 -0.8624 0.5059
vn -0.0108 -0.8629 0.5053
vn -0.0109 -0.8629 0.5053
vn -0.0108 -0.8628 0.5054
vn -0.0105 -0.8629 0.5053
vn -0.0104 -0.8630 0.5051
vn -0.0099 -0.8630 0.5052
vn -0.0102 -0.8630 0.5051
vn -0.0101 -0.8630 0.5051
vn -0.0102 -0.8630 0.5052
vn -0.0101 -0.8631 0.5049
vn -0.0106 -0.8629 0.5052
vn -0.0104 -0.8629 0.5053
vn -0.0118 -0.8624 0.5060
vn -0.0119 -0.8625 0.5060
vn -0.0124 -0.8606 0.5092
vn -0.0124 -0.8606 0.5091
vn -0.0160 -0.8597 0.5105
vn -0.0162 -0.8598 0.5104
vn -0.0161 -0.8598 0.5105
vn -0.0144 -0.8611 0.5082
vn -0.0143 -0.8612 0.5081
vn -0.0141 -0.8613 0.5079
vn -0.0142 -0.8612 0.5080
vn -0.0291 -0.8452 0.5337
vn -0.0291 -0.8452 0.5336
vn -0.0869 -0.8149 0.5730
vn -0.0870 -0.8149 0.5730
vn -0.0677 -0.8480 0.5256
vn -0.0677 -0.8481 0.5255
vn -0.0676 -0.8481 0.5255
vn -0.0054 -0.8566 0.5159
vn -0.0055 -0.8566 0.5159
vn -0.0053 -0.8566 0.5160
vn 0.0103 -0.8572 0.5148
vn 0.0100 -0.8570 0.5152
vn 0.0098 -0.8568 0.5156
vn -0.0702 -0.8170 0.5723
vn -0.0701 -0.8170 0.5723
vn 0.0221 -0.8681 0.4958
vn 0.0221 -0.8681 0.4959
vn -0.1147 -0.8403 0.5298
vn -0.1148 -0.8404 0.5297
vn -0.1149 -0.8404 0.5297
vn 0.0278 -0.8707 0.4911
vn 0.0278 -0.8706 0.4912
vn 0.0278 -0.8706 0.4911
vn -0.1012 -0.8742 0.4750
vn -0.1012 -0.8742 0.4749
vn -0.0105 -0.8572 0.5148
vn -0.0105 -0.8572 0.5149
vn -0.0107 -0.8615 0.5076
vn -0.0107 -0.8616 0.5076
vn 0.0277 -0.8679 0.4960
vn 0.0277 -0.8679 0.4959
vn -0.0239 -0.8755 0.4826
vn -0.0239 -0.8756 0.4825
vn -0.0239 -0.8755 0.4827
vn 0.0211 -0.8775 0.4791
vn 0.0212 -0.8775 0.4792
vn -0.0197 0.8315 -0.5552
vn -0.0197 0.8315 -0.5551
vn -0.0314 0.8248 -0.5645
vn 0.0072 0.8606 -0.5092
vn 0.0071 0.8606 -0.5092
vn -0.0306 0.8571 -0.5142
vn -0.0306 0.8571 -0.5143
vn 0.0055 0.8597 -0.5108
vn 0.0055 0.8597 -0.5107
vn -0.0165 0.8789 -0.4767
vn -0.0164 0.8789 -0.4767
vn 0.0712 0.8905 -0.4493
vn 0.0712 0.8905 -0.4494
vn -0.0024 0.8637 -0.5041
vn 0.0558 0.8597 -0.5077
vn 0.0558 0.8597 -0.5078
vn 0.0015 0.8498 -0.5271
vn 0.0012 0.8497 -0.5272
vn 0.0360 0.8386 -0.5435
vn 0.0359 0.8387 -0.5435
vn 0.0359 0.8387 -0.5434
vn 0.0070 0.8555 -0.5177
vn 0.0203 0.8516 -0.5238
vn 0.0203 0.8516 -0.5237
vn 0.0261 0.8412 -0.5400
vn 0.0127 0.8604 -0.5095
vn 0.0126 0.8603 -0.5096
vn 0.0125 0.8603 -0.5096
vn 0.0190 0.8591 -0.5115
vn 0.0193 0.8589 -0.5119
vn 0.0941 0.8419 -0.5314
vn 0.0942 0.8419 -0.5314
vn 0.0171 0.8607 -0.5089
vn 0.0168 0.8606 -0.5090
vn 0.0860 0.8457 -0.5267
vn 0.1116 0.8386 -0.5331
vn 0.0523 0.8489 -0.5260
vn 0.0522 0.8489 -0.5260
vn 0.0737 0.8320 -0.5499
vn 0.0736 0.8320 -0.5499
vn 0.0130 0.8617 -0.5073
vn 0.0105 0.8628 -0.5054
vn 0.0104 0.8629 -0.5053
vn 0.0104 0.8632 -0.5048
vn 0.0101 0.8630 -0.5052
vn 0.0103 0.8628 -0.5054
vn 0.0102 0.8628 -0.5054
vn 0.0100 0.8632 -0.5048
vn 0.0098 0.8632 -0.5048
vn 0.0100 0.8630 -0.5051
vn 0.0098 0.8640 -0.5034
vn 0.0098 0.8638 -0.5037
vn 0.0096 0.8635 -0.5043
vn 0.0097 0.8634 -0.5045
vn 0.0206 0.8621 -0.5064
vn 0.0207 0.8621 -0.5063
vn 0.0090 0.8652 -0.5014
vn 0.0090 0.8651 -0.5015
vn 0.0287 0.8700 -0.4922
vn -0.0018 -0.9013 0.4332
vn -0.0019 -0.9013 0.4333
vn -0.0019 -0.9013 0.4332
vn 0.0347 0.8765 -0.4802
vn 0.0347 0.8765 -0.4801
vn 0.0252 0.8568 -0.5150
vn 0.0252 0.8569 -0.5149
vn 0.0186 0.9944 0.1041
vn 0.0187 0.9944 0.1041
vn 0.0186 0.9944 0.1040
vn 0.0728 0.9674 -0.2425
vn -0.0329 -0.8788 0.4761
vn -0.0329 -0.8787 0.4762
vn -0.0329 -0.8787 0.4761
vn -0.0204 -0.8790 0.4764
vn 0.0273 0.8235 -0.5667
vn -0.0208 -0.8528 0.5218
vn -0.0208 -0.8528 0.5217
vn -0.0207 -0.8528 0.5218
vn -0.0256 -0.8670 0.4976
vn -0.0256 -0.8670 0.4977
vn -0.0472 -0.8649 0.4997
vn -0.0474 -0.8649 0.4997
vn -0.0110 -0.8616 0.5075
vn -0.0110 -0.8615 0.5076
vn -0.0106 -0.8625 0.5059
vn -0.0104 -0.8627 0.5056
vn -0.0106 -0.8612 0.5082
vn -0.0106 -0.8613 0.5081
vn -0.0102 -0.8623 0.5062
vn -0.0103 -0.8623 0.5064
vn -0.0110 -0.8613 0.5080
vn -0.0110 -0.8614 0.5077
vn -0.0107 -0.8623 0.5063
vn -0.0108 -0.8622 0.5064
vn -0.0094 -0.8608 0.5089
vn -0.0094 -0.8607 0.5090
vn -0.0074 -0.8629 0.5053
vn -0.0071 -0.8630 0.5052
vn -0.0070 -0.8630 0.5051
vn -0.0073 -0.8629 0.5053
vn -0.0102 -0.8631 0.5050
vn -0.0102 -0.8632 0.5048
vn 0.0214 -0.8675 0.4969
vn -0.0087 -0.8640 0.5034
vn -0.0085 -0.8640 0.5034
vn -0.0085 -0.8634 0.5044
vn -0.0085 -0.8634 0.5045
vn -0.0084 -0.8633 0.5046
vn -0.0022 -0.8491 0.5282
vn -0.0293 -0.8361 0.5479
vn -0.0631 -0.8217 0.5664
vn -0.0631 -0.8218 0.5663
vn 0.0046 -0.8611 0.5085
vn -0.0254 -0.8674 0.4969
vn -0.0254 -0.8674 0.4970
vn -0.0074 -0.8681 0.4964
vn -0.0074 -0.8681 0.4963
vn -0.0073 -0.8681 0.4964
vn -0.0190 -0.8647 0.5019
vn 0.0104 -0.8601 0.5101
vn 0.0079 -0.8566 0.5159
vn -0.0607 -0.8676 0.4935
vn -0.0608 -0.8676 0.4935
vn -0.0276 -0.8591 0.5110
vn -0.0064 -0.8517 0.5239
vn -0.0065 -0.8517 0.5239
vn 0.0883 0.8674 -0.4897
vn -0.0023 -0.8578 0.5140
vn -0.0022 -0.8577 0.5141
vn -0.0023 -0.8577 0.5141
vn -0.2300 0.7458 -0.6252
vn -0.1136 0.7949 -0.5960
vn -0.1135 0.7950 -0.5959
vn -0.1135 0.7950 -0.5960
vn 0.0566 -0.8248 0.5626
vn 0.0566 -0.8248 0.5625
vn 0.0566 -0.8249 0.5625
vn 0.0180 0.8616 -0.5072
vn 0.0180 0.8616 -0.5073
vn 0.0354 0.8595 -0.5099
vn 0.0084 0.8537 -0.5207
vn 0.0083 0.8537 -0.5207
vn -0.0035 0.8571 -0.5152
vn -0.0036 0.8571 -0.5152
vn 0.0106 0.8486 -0.5290
vn 0.0018 0.8571 -0.5152
vn 0.0016 0.8570 -0.5153
vn 0.0113 0.8510 -0.5250
vn 0.0112 0.8510 -0.5250
vn -0.0027 0.8502 -0.5265
vn -0.0028 0.8502 -0.5265
vn 0.0007 0.8602 -0.5100
vn 0.0006 0.8602 -0.5100
vn 0.0242 0.8615 -0.5071
vn -0.0071 0.8627 -0.5056
vn -0.0072 0.8628 -0.5056
vn -0.0072 0.8627 -0.5056
vn 0.0096 0.8651 -0.5015
vn 0.0097 0.8651 -0.5015
vn 0.0180 0.8665 -0.4988
vn 0.0179 0.8665 -0.4988
vn -0.0079 0.8696 -0.4937
vn 0.0020 0.8660 -0.5000
vn 0.0721 0.8165 -0.5729
vn 0.0722 0.8164 -0.5729
vn 0.0256 0.8340 -0.5512
vn 0.0256 0.8340 -0.5511
vn 0.0318 0.8410 -0.5401
vn 0.0317 0.8410 -0.5401
vn 0.0116 0.8603 -0.5097
vn 0.0097 0.8643 -0.5028
vn 0.0096 0.8644 -0.5028
vn 0.0097 0.8643 -0.5029
vn -0.0072 0.8771 -0.4802
vn -0.0072 0.8772 -0.4801
vn -0.0072 0.8772 -0.4802
vn 0.0044 0.8723 -0.4889
vn 0.0044 0.8723 -0.4890
vn 0.0046 0.8721 -0.4892
vn 0.0045 0.8722 -0.4891
vn 0.0059 0.8708 -0.4916
vn -0.0825 -0.7397 0.6679
vn -0.0825 -0.7397 0.6678
vn -0.1320 -0.5214 0.8430
vn -0.0995 0.3788 0.9201
vn -0.0995 0.3789 0.9201
vn -0.0129 -0.8568 0.5154
vn -0.0129 -0.8569 0.5154
vn -0.0114 -0.8715 0.4903
vn -0.0036 0.2486 0.9686
vn -0.0036 0.2485 0.9686
vn -0.0102 -0.8935 0.4490
vn -0.0132 -0.8583 0.5129
vn -0.0133 -0.8583 0.5130
vn -0.0611 -0.8095 0.5839
vn -0.0165 -0.8556 0.5174
vn 0.0079 -0.8570 0.5153
vn -0.0434 -0.8349 0.5488
vn -0.0434 -0.8348 0.5488
vn -0.0234 -0.8632 0.5043
vn -0.0732 -0.8519 0.5185
vn -0.1567 -0.8693 0.4688
vn -0.1566 -0.8693 0.4688
vn -0.0137 0.8629 -0.5051
vn -0.0138 0.8629 -0.5051
vn -0.0024 0.8669 -0.4985
vn -0.0025 0.8669 -0.4985
vn 0.0027 0.8559 -0.5172
vn -0.9897 -0.0311 -0.1397
vn -0.9897 -0.0311 -0.1396
vn -0.9897 -0.0311 -0.1395
vn -0.9897 -0.0312 -0.1395
vn -0.0990 0.8926 -0.4398
vn -0.0989 0.8926 -0.4398
vn 0.0095 0.8650 -0.5016
vn 0.0095 0.8648 -0.5020
vn 0.0094 0.8648 -0.5020
vn 0.0093 0.8649 -0.5018
vn 0.0080 0.8686 -0.4955
vn 0.0099 0.8640 -0.5034
vn 0.0101 0.8615 -0.5077
vn 0.0101 0.8615 -0.5076
vn 0.0103 0.8632 -0.5048
vn 0.0102 0.8631 -0.5049
vn 0.0079 0.8620 -0.5069
vn 0.0080 0.8619 -0.5070
vn 0.0080 0.8619 -0.5071
vn 0.0080 0.8638 -0.5038
vn 0.0079 0.8637 -0.5040
vn 0.0079 0.8636 -0.5041
vn 0.0080 0.8637 -0.5039
vn -0.0237 0.8704 -0.4917
vn -0.0238 0.8704 -0.4917
vn -0.0028 0.8463 -0.5326
vn 0.0099 0.8630 -0.5051
vn 0.0102 0.8632 -0.5047
vn 0.0088 0.8633 -0.5046
vn 0.0087 0.8633 -0.5046
vn 0.0103 0.8631 -0.5049
vn 0.0099 0.8629 -0.5053
vn 0.0094 0.8627 -0.5056
vn 0.0092 0.8628 -0.5055
vn 0.0117 0.8611 -0.5083
vn 0.0118 0.8611 -0.5082
vn 0.0120 0.8612 -0.5081
vn 0.0094 0.8616 -0.5075
vn 0.0093 0.8616 -0.5074
vn 0.0094 0.8616 -0.5074
vn 0.0106 0.8629 -0.5052
vn 0.0101 0.8630 -0.5051
vn 0.0102 0.8631 -0.5050
vn -0.0127 -0.8566 0.5158
vn -0.0136 -0.8645 0.5025
vn -0.0135 -0.8645 0.5025
vn -0.0047 -0.8440 0.5363
vn 0.0086 -0.8511 0.5249
vn 0.0086 -0.8512 0.5247
vn 0.0086 -0.8513 0.5247
vn 0.0085 -0.8553 0.5181
vn 0.0086 -0.8553 0.5181
vn 0.0015 -0.8621 0.5068
vn 0.0015 -0.8619 0.5071
vn -0.0010 -0.8597 0.5109
vn -0.0011 -0.8596 0.5109
vn 0.0217 -0.8628 0.5051
vn -0.0071 -0.8602 0.5099
vn -0.0072 -0.8601 0.5100
vn -0.0165 -0.8536 0.5206
vn -0.0166 -0.8535 0.5208
vn -0.0173 -0.8438 0.5364
vn -0.0172 -0.8438 0.5364
vn -0.0131 -0.8486 0.5289
vn -0.0113 -0.8600 0.5102
vn 0.0116 0.8625 -0.5059
vn 0.0115 0.8625 -0.5060
vn 0.0117 0.8626 -0.5058
vn 0.0029 0.8525 -0.5227
vn 0.0029 0.8526 -0.5225
vn 0.0028 0.8527 -0.5224
vn -0.0121 -0.8615 0.5077
vn -0.0119 -0.8614 0.5078
vn -0.0118 -0.8614 0.5078
vn -0.0119 -0.8614 0.5077
vn -0.0203 -0.8631 0.5046
vn -0.0204 -0.8632 0.5045
vn -0.0204 -0.8631 0.5046
vn -0.0205 -0.8632 0.5045
vn -0.0704 -0.8132 0.5778
vn -0.0704 -0.8132 0.5777
vn -0.0728 -0.8178 0.5709
vn -0.0727 -0.8178 0.5709
vn -0.0625 -0.7729 0.6315
vn -0.0625 -0.7729 0.6314
vn -0.0447 -0.7798 0.6244
vn -0.0726 -0.8181 0.5705
vn -0.0727 -0.8181 0.5705
vn -0.0726 -0.8181 0.5704
vn -0.0008 -0.7842 0.6205
vn -0.0007 -0.7842 0.6205
vn 0.0568 0.7789 -0.6246
vn 0.0568 0.7789 -0.6245
vn -0.7818 0.6235 0.0054
vn -0.7818 0.6235 0.0053
vn 0.1019 0.7603 -0.6415
vn 0.1619 0.7528 -0.6380
vn 0.1618 0.7528 -0.6380
vn 0.0661 0.7697 -0.6350
vn 0.0659 0.7698 -0.6349
vn 0.0961 0.7680 -0.6332
vn 0.0960 0.7680 -0.6332
vn 0.0892 0.7727 -0.6285
vn 0.1110 0.7870 -0.6068
vn 0.1110 0.7870 -0.6069
vn 0.1184 0.7697 -0.6273
vn 0.1902 0.7552 -0.6273
vn 0.1568 0.7656 -0.6239
vn 0.2426 0.7518 -0.6131
vn 0.2403 0.7586 -0.6056
vn 0.7982 0.4588 -0.3904
vn 0.7982 0.4587 -0.3904
vn 0.5958 0.6496 -0.4722
vn 0.5959 0.6496 -0.4722
vn 0.5958 0.6497 -0.4722
vn -0.9746 -0.2088 -0.0813
vn -0.9746 -0.2089 -0.0812
vn -0.9746 -0.2088 -0.0812
vn -0.8558 0.3798 -0.3513
vn -0.8558 0.3798 -0.3512
vn -0.4869 -0.7582 0.4337
vn -0.4870 -0.7582 0.4336
vn -0.3338 -0.6999 0.6315
vn -0.2282 -0.7688 0.5973
vn -0.2282 -0.7689 0.5973
vn -0.2871 -0.7274 0.6233
vn -0.1155 -0.7698 0.6277
vn -0.1154 -0.7698 0.6278
vn -0.1153 -0.7697 0.6279
vn -0.1323 -0.7632 0.6324
vn -0.1322 -0.7633 0.6324
vn -0.0757 -0.7739 0.6287
vn -0.0758 -0.7739 0.6287
vn -0.0713 -0.7757 0.6271
vn -0.0717 -0.7755 0.6272
vn -0.0715 -0.7756 0.6271
vn 0.0831 -0.8046 0.5880
vn 0.0832 -0.8046 0.5880
vn -0.0719 -0.7761 0.6264
vn -0.0719 -0.7762 0.6264
vn -0.0718 -0.7762 0.6264
vn -0.0769 -0.7749 0.6274
vn -0.0770 -0.7749 0.6274
vn 0.2333 0.7335 -0.6383
vn 0.2333 0.7336 -0.6383
vn 0.2960 -0.8187 0.4920
vn 0.2959 -0.8187 0.4921
vn 0.2960 -0.8186 0.4921
vn 0.2960 -0.8187 0.4921
vn 0.0798 0.7756 -0.6262
vn 0.0892 0.7735 -0.6275
vn 0.0863 0.7720 -0.6298
vn 0.0862 0.7720 -0.6298
vn 0.0939 0.7723 -0.6283
vn 0.0940 0.7723 -0.6283
vn 0.0926 0.7717 -0.6292
vn 0.0927 0.7717 -0.6292
vn 0.1032 0.7728 -0.6262
vn 0.1033 0.7728 -0.6262
vn 0.8495 -0.4849 0.2080
vn 0.8495 -0.4849 0.2079
vn 0.8495 -0.4850 0.2079
vn 0.4112 -0.7584 0.5057
vn -0.0875 -0.7724 0.6291
vn -0.1179 -0.7747 0.6212
vn -0.1178 -0.7748 0.6212
vn -0.1178 -0.7747 0.6212
vn -0.2232 -0.7683 0.6000
vn -0.2231 -0.7683 0.6000
vn -0.2230 -0.7683 0.6000
vn -0.1858 -0.7864 0.5890
vn -0.1862 -0.7864 0.5890
vn -0.1863 -0.7864 0.5890
vn -0.1753 -0.7886 0.5894
vn -0.4655 -0.6921 0.5516
vn -0.4656 -0.6921 0.5516
vn -0.1079 -0.7627 0.6377
vn -0.1078 -0.7627 0.6377
vn -0.1414 -0.8144 0.5628
vn -0.1414 -0.8145 0.5627
vn -0.1414 -0.8145 0.5626
vn 0.0628 0.5925 -0.8031
vn 0.0628 0.5926 -0.8031
vn 0.1985 0.7318 -0.6519
vn 0.1886 0.7890 -0.5848
vn 0.1886 0.7891 -0.5846
vn 0.1609 0.7917 -0.5893
vn 0.1610 0.7917 -0.5893
vn 0.1611 0.7917 -0.5893
vn 0.2147 0.7672 -0.6044
vn 0.2146 0.7671 -0.6046
vn 0.1951 0.7748 -0.6013
vn -0.6884 -0.7251 -0.0150
vn -0.7617 -0.6038 0.2349
vn -0.7618 -0.6038 0.2349
vn 0.1958 0.7679 -0.6099
vn -0.0672 -0.7672 0.6379
vn -0.0671 -0.7672 0.6379
vn 0.2167 -0.8267 0.5192
vn -0.1405 -0.8298 0.5401
vn -0.1406 -0.8297 0.5403
vn -0.1406 -0.8296 0.5403
vn -0.3522 -0.6819 0.6410
vn -0.3522 -0.6819 0.6411
vn 0.4113 0.6688 -0.6193
vn 0.4114 0.6688 -0.6193
vn 0.8867 0.2156 -0.4090
vn 0.8867 0.2157 -0.4090
vn -0.0102 0.8621 -0.5066
vn -0.0103 0.8620 -0.5067
vn -0.0103 0.8620 -0.5068
vn -0.0102 0.8621 -0.5067
vn -0.0412 -0.8421 0.5378
vn -0.0410 -0.8421 0.5378
vn 0.0573 0.8405 -0.5388
vn 0.0572 0.8405 -0.5388
vn -0.5853 -0.6779 -0.4447
vn -0.5854 -0.6780 -0.4446
vn -0.5854 -0.6780 -0.4447
vn 0.9893 0.1347 0.0561
vn 0.9893 0.1347 0.0560
vn 0.6592 0.7458 0.0958
vn 0.6592 0.7458 0.0957
vn 0.6593 0.7458 0.0958
vn 0.8834 0.3844 0.2680
vn 0.8834 0.3843 0.2681
vn -0.3205 0.7755 -0.5440
vn -0.3205 0.7754 -0.5440
vn -0.3825 0.7128 -0.5878
vn -0.3826 0.7128 -0.5878
vn -0.1622 0.7675 -0.6201
vn -0.1621 0.7675 -0.6201
vn -0.0961 0.8526 -0.5137
vn -0.0451 0.8641 -0.5013
vn -0.0315 0.8266 -0.5619
vn -0.0887 0.8257 -0.5571
vn -0.0888 0.8257 -0.5571
vn -0.0348 0.8624 -0.5050
vn -0.0347 0.8624 -0.5050
vn -0.0017 0.8494 -0.5277
vn -0.0015 0.8494 -0.5277
vn -0.0014 0.8494 -0.5278
vn 0.0098 0.8565 -0.5160
vn 0.0098 0.8565 -0.5161
vn -0.0099 0.8614 -0.5078
vn -0.0100 0.8614 -0.5079
vn -0.0098 0.8615 -0.5077
vn -0.1513 -0.8977 0.4138
vn 0.0644 -0.8539 0.5165
vn 0.0645 -0.8539 0.5164
vn 0.0759 -0.8493 0.5225
vn 0.0758 -0.8493 0.5225
vn 0.1987 -0.9644 0.1745
vn 0.1986 -0.9644 0.1745
vn -0.0305 0.8641 -0.5024
vn -0.0304 0.8641 -0.5025
vn -0.0303 0.8640 -0.5026
vn -0.0304 0.8641 -0.5024
vn -0.0194 0.8650 -0.5013
vn -0.0194 0.8650 -0.5014
vn -0.0161 0.8622 -0.5063
vn -0.0160 0.8622 -0.5063
vn -0.3889 0.6879 -0.6128
vn -0.3891 0.6880 -0.6126
vn -0.3508 0.7876 -0.5065
vn -0.3508 0.7877 -0.5065
vn -0.3970 0.7142 -0.5765
vn 0.6103 -0.3170 -0.7259
vn 0.6103 -0.3171 -0.7260
vn 0.6104 -0.3170 -0.7259
vn 0.6103 -0.3170 -0.7260
vn -0.3337 0.8151 -0.4736
vn -0.3337 0.8151 -0.4737
vn -0.1645 0.6582 -0.7347
vn -0.1644 0.6582 -0.7347
vn -0.4123 0.6763 -0.6104
vn 0.0113 0.8851 -0.4652
vn 0.0114 0.8851 -0.4652
vn 0.0036 0.8587 -0.5125
vn 0.0093 0.8574 -0.5146
vn 0.0092 0.8573 -0.5147
vn -0.3524 0.7013 -0.6196
vn -0.1242 0.7850 -0.6069
vn -0.1239 0.7851 -0.6069
vn -0.1241 0.7850 -0.6069
vn -0.1026 0.7745 -0.6242
vn -0.1025 0.7745 -0.6242
vn -0.1025 0.7745 -0.6241
vn -0.1146 0.7791 -0.6164
vn -0.1146 0.7790 -0.6164
vn 0.0585 -0.8520 0.5203
vn 0.0583 -0.8519 0.5204
vn 0.0400 -0.8575 0.5129
vn 0.0316 -0.8619 0.5060
vn 0.0317 -0.8619 0.5060
vn 0.0318 -0.8619 0.5060
vn 0.0011 -0.8625 0.5060
vn 0.0011 -0.8625 0.5061
vn -0.0311 -0.8566 0.5151
vn -0.0310 -0.8565 0.5152
vn -0.0309 -0.8565 0.5153
vn -0.0224 -0.8787 0.4768
vn -0.0226 -0.8787 0.4768
vn 0.1315 -0.7799 0.6120
vn 0.1314 -0.7798 0.6121
vn 0.1314 -0.7798 0.6120
vn 0.0943 -0.7742 0.6258
vn 0.0944 -0.7742 0.6259
vn 0.0946 -0.7741 0.6260
vn 0.0945 -0.7741 0.6260
vn 0.1193 -0.8053 0.5808
vn 0.1195 -0.8053 0.5807
vn 0.0103 -0.8626 0.5057
vn 0.0100 -0.8626 0.5058
vn 0.0100 -0.8632 0.5048
vn 0.0101 -0.8632 0.5048
vn 0.0099 -0.8631 0.5049
vn 0.0099 -0.8631 0.5050
vn 0.0098 -0.8630 0.5051
vn 0.0763 -0.7670 0.6370
vn 0.0763 -0.7671 0.6370
vn 0.0764 -0.7671 0.6370
vn 0.0660 -0.7788 0.6237
vn 0.0658 -0.7790 0.6235
vn 0.0657 -0.7791 0.6235
vn 0.0965 -0.7774 0.6216
vn 0.0963 -0.7774 0.6216
vn 0.2184 -0.7934 0.5682
vn 0.2185 -0.7934 0.5682
vn 0.3856 -0.6943 0.6077
vn 0.2156 -0.7519 0.6230
vn 0.2156 -0.7520 0.6230
vn 0.2731 -0.8323 0.4823
vn 0.2731 -0.8323 0.4824
vn 0.1841 -0.8713 0.4549
vn 0.1842 -0.8713 0.4549
vn 0.1867 -0.9020 0.3893
vn 0.3038 -0.8192 0.4864
vn 0.3039 -0.8192 0.4864
vn 0.0676 -0.8701 0.4883
vn 0.0378 -0.9085 0.4163
vn 0.0378 -0.9084 0.4163
vn 0.1744 -0.9574 0.2300
vn -0.0331 0.8738 -0.4852
vn -0.1390 0.9393 -0.3138
vn -0.0597 0.8605 -0.5060
vn -0.1615 0.8963 -0.4130
vn -0.1615 0.8963 -0.4129
vn -0.2911 0.8701 -0.3976
vn -0.2912 0.8701 -0.3976
vn -0.1732 0.8745 -0.4532
vn -0.1731 0.8744 -0.4532
vn -0.1732 0.8745 -0.4530
vn -0.1732 0.8745 -0.4531
vn -0.1969 0.8384 -0.5082
vn -0.1969 0.8384 -0.5083
vn -0.1258 0.8282 -0.5461
vn -0.1258 0.8283 -0.5461
vn -0.1640 0.8067 -0.5678
vn -0.0626 0.8138 -0.5778
vn -0.0626 0.8138 -0.5777
vn -0.1312 0.7699 -0.6246
vn -0.1311 0.7699 -0.6246
vn -0.0612 0.7780 -0.6253
vn -0.0613 0.7780 -0.6253
vn -0.0992 0.8122 -0.5749
vn -0.0706 0.8155 -0.5744
vn -0.0705 0.8155 -0.5744
vn -0.1255 0.7988 -0.5884
vn -0.0959 0.8423 -0.5303
vn -0.0960 0.8423 -0.5303
vn -0.1174 0.8380 -0.5329
vn -0.1696 0.8182 -0.5494
vn -0.0989 0.8411 -0.5318
vn -0.0988 0.8411 -0.5318
vn -0.1060 0.8387 -0.5342
vn 0.5150 -0.5982 0.6139
vn 0.5151 -0.5982 0.6139
vn -0.2010 0.7668 -0.6096
vn 0.2515 -0.8009 0.5435
vn 0.2514 -0.8009 0.5435
vn 0.0965 -0.8481 0.5209
vn 0.0964 -0.8482 0.5209
vn -0.1913 -0.8332 0.5189
vn 0.0966 -0.8426 0.5298
vn 0.1061 -0.8413 0.5301
vn 0.1060 -0.8413 0.5301
vn 0.0998 -0.8180 0.5665
vn 0.1000 -0.8179 0.5666
vn 0.1003 -0.8178 0.5666
vn 0.0997 -0.8180 0.5665
vn 0.0935 -0.8218 0.5620
vn 0.0934 -0.8218 0.5620
vn 0.1018 -0.8402 0.5327
vn 0.0946 -0.8466 0.5238
vn 0.1157 -0.8381 0.5332
vn 0.1158 -0.8381 0.5331
vn 0.0500 -0.8523 0.5207
vn 0.0501 -0.8523 0.5207
vn 0.0850 -0.8358 0.5425
vn 0.0290 -0.8556 0.5169
vn 0.0289 -0.8555 0.5169
vn 0.0119 -0.8623 0.5062
vn 0.0119 -0.8623 0.5063
vn 0.0120 -0.8623 0.5063
vn 0.0177 -0.8624 0.5059
vn 0.0180 -0.8622 0.5062
vn 0.0109 -0.8629 0.5053
vn 0.0108 -0.8628 0.5054
vn 0.0104 -0.8630 0.5051
vn 0.0105 -0.8629 0.5053
vn 0.0099 -0.8630 0.5052
vn 0.0101 -0.8630 0.5051
vn 0.0102 -0.8630 0.5051
vn 0.0102 -0.8630 0.5052
vn 0.0101 -0.8631 0.5049
vn 0.0106 -0.8629 0.5052
vn 0.0104 -0.8629 0.5053
vn 0.0118 -0.8624 0.5060
vn 0.0119 -0.8625 0.5060
vn 0.0126 -0.8605 0.5094
vn 0.0124 -0.8606 0.5092
vn 0.0159 -0.8597 0.5106
vn 0.0165 -0.8599 0.5102
vn 0.0141 -0.8613 0.5080
vn 0.0143 -0.8612 0.5081
vn 0.0141 -0.8613 0.5079
vn 0.0142 -0.8612 0.5080
vn 0.0291 -0.8452 0.5337
vn 0.0291 -0.8452 0.5336
vn 0.0869 -0.8149 0.5730
vn 0.0870 -0.8149 0.5730
vn 0.0677 -0.8480 0.5256
vn 0.0677 -0.8481 0.5255
vn 0.0676 -0.8481 0.5255
vn 0.0054 -0.8566 0.5159
vn 0.0053 -0.8566 0.5160
vn 0.0055 -0.8566 0.5159
vn -0.0103 -0.8572 0.5148
vn -0.0100 -0.8570 0.5152
vn -0.0098 -0.8568 0.5156
vn 0.0702 -0.8170 0.5723
vn 0.0701 -0.8170 0.5723
vn -0.0221 -0.8681 0.4958
vn -0.0221 -0.8681 0.4959
vn 0.1148 -0.8404 0.5297
vn -0.0278 -0.8707 0.4911
vn -0.0278 -0.8706 0.4911
vn -0.0278 -0.8706 0.4912
vn 0.1012 -0.8742 0.4750
vn 0.1012 -0.8742 0.4749
vn 0.0105 -0.8572 0.5148
vn 0.0105 -0.8572 0.5149
vn 0.0107 -0.8615 0.5076
vn 0.0107 -0.8616 0.5076
vn -0.0277 -0.8679 0.4960
vn 0.0238 -0.8754 0.4827
vn 0.0239 -0.8755 0.4827
vn 0.0239 -0.8755 0.4826
vn 0.0239 -0.8756 0.4825
vn -0.0211 -0.8775 0.4791
vn -0.0212 -0.8775 0.4791
vn -0.0212 -0.8775 0.4792
vn 0.0197 0.8315 -0.5552
vn 0.0314 0.8248 -0.5645
vn -0.0072 0.8606 -0.5092
vn -0.0071 0.8606 -0.5092
vn 0.0306 0.8571 -0.5142
vn 0.0306 0.8571 -0.5143
vn -0.0054 0.8597 -0.5108
vn -0.0055 0.8597 -0.5107
vn -0.0056 0.8598 -0.5107
vn 0.0165 0.8789 -0.4767
vn 0.0164 0.8789 -0.4767
vn -0.0712 0.8905 -0.4494
vn -0.0712 0.8905 -0.4493
vn 0.0023 0.8637 -0.5040
vn 0.0024 0.8637 -0.5041
vn 0.0024 0.8636 -0.5041
vn -0.0558 0.8597 -0.5078
vn -0.0558 0.8597 -0.5077
vn -0.0012 0.8497 -0.5272
vn -0.0015 0.8498 -0.5271
vn -0.0360 0.8386 -0.5435
vn -0.0359 0.8387 -0.5434
vn -0.0359 0.8387 -0.5435
vn -0.0070 0.8555 -0.5177
vn -0.0203 0.8516 -0.5238
vn -0.0203 0.8516 -0.5237
vn -0.0261 0.8412 -0.5400
vn -0.0127 0.8604 -0.5095
vn -0.0126 0.8603 -0.5096
vn -0.0125 0.8603 -0.5096
vn -0.0193 0.8589 -0.5119
vn -0.0191 0.8590 -0.5116
vn -0.0941 0.8419 -0.5314
vn -0.0942 0.8419 -0.5314
vn -0.0941 0.8418 -0.5315
vn -0.0171 0.8607 -0.5089
vn -0.0168 0.8606 -0.5090
vn -0.0860 0.8457 -0.5267
vn -0.1116 0.8386 -0.5331
vn -0.0523 0.8489 -0.5260
vn -0.0522 0.8489 -0.5260
vn -0.0737 0.8320 -0.5499
vn -0.0736 0.8320 -0.5499
vn -0.0130 0.8617 -0.5073
vn -0.0104 0.8629 -0.5053
vn -0.0106 0.8628 -0.5054
vn -0.0101 0.8630 -0.5052
vn -0.0102 0.8630 -0.5050
vn -0.0103 0.8628 -0.5054
vn -0.0102 0.8628 -0.5054
vn -0.0100 0.8632 -0.5048
vn -0.0100 0.8630 -0.5051
vn -0.0098 0.8638 -0.5037
vn -0.0098 0.8640 -0.5034
vn -0.0098 0.8632 -0.5047
vn -0.0096 0.8635 -0.5043
vn -0.0207 0.8621 -0.5063
vn -0.0206 0.8621 -0.5064
vn -0.0090 0.8651 -0.5015
vn -0.0090 0.8652 -0.5014
vn -0.0287 0.8700 -0.4922
vn 0.0018 -0.9013 0.4332
vn 0.0019 -0.9013 0.4332
vn 0.0019 -0.9013 0.4333
vn -0.0347 0.8765 -0.4801
vn -0.0347 0.8765 -0.4802
vn -0.0252 0.8568 -0.5150
vn -0.0252 0.8569 -0.5149
vn -0.0186 0.9944 0.1041
vn -0.0186 0.9944 0.1040
vn -0.0187 0.9944 0.1041
vn -0.0728 0.9674 -0.2425
vn 0.0329 -0.8788 0.4761
vn 0.0329 -0.8787 0.4761
vn 0.0329 -0.8787 0.4762
vn 0.0204 -0.8790 0.4764
vn -0.0273 0.8235 -0.5667
vn 0.0208 -0.8528 0.5218
vn 0.0207 -0.8528 0.5218
vn 0.0208 -0.8528 0.5217
vn 0.0256 -0.8670 0.4976
vn 0.0256 -0.8670 0.4977
vn 0.0474 -0.8649 0.4997
vn 0.0472 -0.8649 0.4997
vn 0.0110 -0.8616 0.5075
vn 0.0110 -0.8615 0.5076
vn 0.0104 -0.8627 0.5056
vn 0.0106 -0.8625 0.5059
vn 0.0106 -0.8613 0.5081
vn 0.0106 -0.8612 0.5082
vn 0.0102 -0.8623 0.5062
vn 0.0110 -0.8614 0.5077
vn 0.0110 -0.8613 0.5080
vn 0.0108 -0.8622 0.5064
vn 0.0105 -0.8625 0.5060
vn 0.0094 -0.8608 0.5089
vn 0.0094 -0.8607 0.5090
vn 0.0074 -0.8629 0.5053
vn 0.0073 -0.8629 0.5053
vn 0.0070 -0.8630 0.5051
vn 0.0071 -0.8630 0.5052
vn 0.0102 -0.8632 0.5048
vn 0.0102 -0.8631 0.5050
vn -0.0214 -0.8675 0.4969
vn 0.0085 -0.8640 0.5034
vn 0.0087 -0.8640 0.5034
vn 0.0085 -0.8634 0.5044
vn 0.0085 -0.8634 0.5045
vn 0.0084 -0.8633 0.5046
vn 0.0099 -0.8632 0.5048
vn 0.0022 -0.8491 0.5282
vn 0.0293 -0.8360 0.5479
vn 0.0293 -0.8361 0.5479
vn 0.0631 -0.8217 0.5664
vn 0.0631 -0.8218 0.5663
vn -0.0046 -0.8611 0.5085
vn 0.0254 -0.8674 0.4970
vn 0.0254 -0.8674 0.4969
vn 0.0074 -0.8681 0.4963
vn 0.0073 -0.8681 0.4964
vn 0.0190 -0.8647 0.5019
vn -0.0104 -0.8601 0.5101
vn -0.0079 -0.8566 0.5159
vn 0.0607 -0.8676 0.4935
vn 0.0608 -0.8676 0.4935
vn 0.0276 -0.8591 0.5110
vn 0.0064 -0.8517 0.5239
vn 0.0065 -0.8517 0.5239
vn -0.0883 0.8674 -0.4897
vn 0.0023 -0.8578 0.5140
vn 0.0023 -0.8577 0.5141
vn 0.0022 -0.8577 0.5141
vn 0.2300 0.7458 -0.6252
vn 0.1136 0.7949 -0.5960
vn 0.1135 0.7949 -0.5960
vn 0.1135 0.7950 -0.5959
vn -0.0566 -0.8248 0.5626
vn -0.0566 -0.8248 0.5625
vn -0.0566 -0.8249 0.5625
vn -0.0180 0.8616 -0.5072
vn -0.0180 0.8616 -0.5073
vn -0.0354 0.8595 -0.5099
vn -0.0084 0.8537 -0.5207
vn -0.0083 0.8537 -0.5207
vn 0.0035 0.8571 -0.5152
vn 0.0036 0.8571 -0.5152
vn -0.0106 0.8486 -0.5290
vn -0.0018 0.8571 -0.5152
vn -0.0016 0.8570 -0.5153
vn -0.0113 0.8510 -0.5250
vn -0.0112 0.8510 -0.5250
vn 0.0027 0.8502 -0.5265
vn 0.0028 0.8502 -0.5265
vn -0.0007 0.8602 -0.5100
vn -0.0006 0.8602 -0.5100
vn -0.0242 0.8615 -0.5071
vn 0.0071 0.8627 -0.5056
vn 0.0072 0.8627 -0.5056
vn 0.0072 0.8628 -0.5056
vn -0.0096 0.8651 -0.5015
vn -0.0097 0.8651 -0.5015
vn -0.0180 0.8665 -0.4988
vn -0.0179 0.8665 -0.4988
vn 0.0079 0.8696 -0.4937
vn -0.0020 0.8660 -0.5000
vn -0.0021 0.8660 -0.5000
vn -0.0721 0.8164 -0.5729
vn -0.0721 0.8165 -0.5729
vn -0.0256 0.8340 -0.5512
vn -0.0256 0.8340 -0.5511
vn -0.0318 0.8410 -0.5401
vn -0.0317 0.8410 -0.5401
vn -0.0116 0.8603 -0.5097
vn -0.0097 0.8643 -0.5028
vn -0.0097 0.8643 -0.5029
vn -0.0096 0.8644 -0.5028
vn 0.0072 0.8771 -0.4802
vn 0.0072 0.8772 -0.4802
vn 0.0072 0.8772 -0.4801
vn -0.0044 0.8723 -0.4889
vn -0.0045 0.8722 -0.4891
vn -0.0046 0.8721 -0.4892
vn -0.0044 0.8723 -0.4890
vn -0.0059 0.8708 -0.4916
vn 0.0826 -0.7397 0.6679
vn 0.0825 -0.7397 0.6679
vn 0.0825 -0.7397 0.6678
vn 0.1320 -0.5214 0.8430
vn 0.0995 0.3788 0.9201
vn 0.0129 -0.8568 0.5154
vn 0.0129 -0.8569 0.5154
vn 0.0114 -0.8715 0.4903
vn 0.0036 0.2486 0.9686
vn 0.0036 0.2485 0.9686
vn 0.0102 -0.8935 0.4490
vn 0.0132 -0.8583 0.5129
vn 0.0133 -0.8583 0.5130
vn 0.0611 -0.8095 0.5839
vn 0.0165 -0.8556 0.5174
vn -0.0079 -0.8570 0.5153
vn 0.0434 -0.8349 0.5488
vn 0.0434 -0.8348 0.5488
vn 0.0234 -0.8632 0.5043
vn 0.0732 -0.8519 0.5185
vn 0.1567 -0.8693 0.4688
vn 0.1566 -0.8693 0.4688
vn 0.0137 0.8629 -0.5051
vn 0.0138 0.8629 -0.5051
vn 0.0024 0.8669 -0.4985
vn 0.0025 0.8669 -0.4985
vn -0.0026 0.8559 -0.5172
vn -0.0027 0.8559 -0.5172
vn 0.9897 -0.0312 -0.1396
vn 0.9897 -0.0312 -0.1395
vn 0.9897 -0.0313 -0.1395
vn 0.0990 0.8926 -0.4398
vn 0.0989 0.8926 -0.4398
vn -0.0095 0.8648 -0.5020
vn -0.0095 0.8650 -0.5016
vn -0.0093 0.8649 -0.5018
vn -0.0094 0.8648 -0.5020
vn -0.0080 0.8686 -0.4955
vn -0.0079 0.8686 -0.4954
vn -0.0099 0.8641 -0.5032
vn -0.0099 0.8640 -0.5034
vn -0.0101 0.8615 -0.5077
vn -0.0101 0.8615 -0.5076
vn -0.0102 0.8631 -0.5049
vn -0.0103 0.8632 -0.5048
vn -0.0079 0.8620 -0.5069
vn -0.0080 0.8619 -0.5070
vn -0.0080 0.8619 -0.5071
vn -0.0080 0.8638 -0.5038
vn -0.0080 0.8637 -0.5039
vn -0.0079 0.8636 -0.5041
vn -0.0079 0.8637 -0.5040
vn 0.0237 0.8704 -0.4917
vn 0.0238 0.8704 -0.4917
vn 0.0028 0.8463 -0.5326
vn -0.0102 0.8632 -0.5047
vn -0.0099 0.8630 -0.5051
vn -0.0088 0.8633 -0.5046
vn -0.0087 0.8633 -0.5046
vn -0.0099 0.8629 -0.5053
vn -0.0103 0.8631 -0.5049
vn -0.0093 0.8628 -0.5055
vn -0.0091 0.8628 -0.5054
vn -0.0117 0.8611 -0.5083
vn -0.0118 0.8611 -0.5082
vn -0.0120 0.8612 -0.5081
vn -0.0094 0.8616 -0.5075
vn -0.0094 0.8616 -0.5074
vn -0.0093 0.8616 -0.5074
vn -0.0106 0.8629 -0.5052
vn -0.0105 0.8630 -0.5051
vn -0.0103 0.8629 -0.5053
vn -0.0101 0.8630 -0.5051
vn -0.0102 0.8631 -0.5050
vn 0.0127 -0.8566 0.5158
vn 0.0136 -0.8645 0.5025
vn 0.0135 -0.8645 0.5025
vn 0.0047 -0.8440 0.5363
vn -0.0086 -0.8511 0.5249
vn -0.0086 -0.8512 0.5247
vn -0.0086 -0.8513 0.5247
vn -0.0085 -0.8553 0.5181
vn -0.0086 -0.8553 0.5181
vn -0.0015 -0.8621 0.5068
vn -0.0015 -0.8619 0.5071
vn 0.0012 -0.8596 0.5109
vn 0.0011 -0.8596 0.5109
vn 0.0006 -0.8597 0.5107
vn -0.0217 -0.8628 0.5051
vn 0.0072 -0.8601 0.5100
vn 0.0071 -0.8602 0.5099
vn 0.0166 -0.8535 0.5209
vn 0.0166 -0.8536 0.5207
vn 0.0165 -0.8536 0.5207
vn 0.0166 -0.8535 0.5208
vn 0.0173 -0.8438 0.5364
vn 0.0172 -0.8438 0.5364
vn 0.0131 -0.8486 0.5289
vn 0.0113 -0.8600 0.5102
vn -0.0116 0.8625 -0.5059
vn -0.0117 0.8626 -0.5058
vn -0.0115 0.8625 -0.5060
vn -0.0031 0.8524 -0.5229
vn -0.0029 0.8526 -0.5225
vn -0.0028 0.8527 -0.5224
vn 0.0121 -0.8615 0.5077
vn 0.0120 -0.8614 0.5077
vn 0.0118 -0.8614 0.5078
vn 0.0203 -0.8631 0.5046
vn 0.0205 -0.8632 0.5045
vn 0.0204 -0.8631 0.5046
vn 0.0204 -0.8632 0.5045
vn 0.0704 -0.8132 0.5777
vn 0.0704 -0.8132 0.5778
vn 0.0728 -0.8178 0.5709
vn 0.0727 -0.8178 0.5709
vn 0.0625 -0.7729 0.6315
vn 0.0447 -0.7798 0.6244
vn 0.0726 -0.8181 0.5705
vn 0.0726 -0.8181 0.5704
vn 0.0727 -0.8181 0.5705
vn 0.0008 -0.7842 0.6205
vn 0.0007 -0.7842 0.6205
vn -0.0568 0.7789 -0.6246
vn -0.0568 0.7789 -0.6245
vn 0.7818 0.6235 0.0054
vn -0.1019 0.7603 -0.6415
vn -0.1619 0.7528 -0.6380
vn -0.0658 0.7699 -0.6348
vn -0.0659 0.7698 -0.6349
vn -0.0661 0.7697 -0.6350
vn -0.0660 0.7698 -0.6349
vn -0.0961 0.7680 -0.6332
vn -0.0960 0.7680 -0.6332
vn -0.0892 0.7727 -0.6285
vn -0.1110 0.7870 -0.6068
vn -0.1110 0.7870 -0.6069
vn -0.1184 0.7697 -0.6273
vn -0.1902 0.7552 -0.6273
vn -0.1568 0.7656 -0.6239
vn -0.2426 0.7518 -0.6131
vn -0.2403 0.7586 -0.6056
vn -0.7982 0.4588 -0.3904
vn -0.7982 0.4587 -0.3904
vn -0.5959 0.6496 -0.4722
vn -0.5958 0.6496 -0.4722
vn 0.9746 -0.2088 -0.0813
vn 0.9746 -0.2088 -0.0812
vn 0.8558 0.3798 -0.3513
vn 0.4869 -0.7582 0.4336
vn 0.4869 -0.7582 0.4337
vn 0.4870 -0.7582 0.4336
vn 0.3338 -0.6999 0.6315
vn 0.2282 -0.7688 0.5973
vn 0.2871 -0.7274 0.6233
vn 0.1155 -0.7699 0.6277
vn 0.1152 -0.7697 0.6280
vn 0.1323 -0.7632 0.6324
vn 0.1322 -0.7633 0.6324
vn 0.0757 -0.7739 0.6287
vn 0.0758 -0.7739 0.6287
vn 0.0713 -0.7757 0.6271
vn 0.0715 -0.7756 0.6271
vn 0.0717 -0.7755 0.6272
vn -0.0831 -0.8046 0.5880
vn -0.0832 -0.8046 0.5880
vn 0.0719 -0.7761 0.6264
vn 0.0718 -0.7762 0.6264
vn 0.0719 -0.7762 0.6264
vn 0.0769 -0.7749 0.6274
vn 0.0770 -0.7749 0.6274
vn -0.2334 0.7336 -0.6383
vn -0.2333 0.7336 -0.6383
vn -0.2960 -0.8187 0.4921
vn -0.2959 -0.8187 0.4921
vn -0.0798 0.7756 -0.6262
vn -0.0892 0.7735 -0.6275
vn -0.0892 0.7736 -0.6273
vn -0.0863 0.7720 -0.6298
vn -0.0862 0.7720 -0.6298
vn -0.0939 0.7723 -0.6283
vn -0.0940 0.7723 -0.6283
vn -0.0926 0.7717 -0.6292
vn -0.0927 0.7717 -0.6292
vn -0.1032 0.7728 -0.6262
vn -0.8495 -0.4849 0.2080
vn -0.8495 -0.4849 0.2079
vn -0.8495 -0.4850 0.2079
vn -0.4112 -0.7584 0.5057
vn 0.0875 -0.7724 0.6291
vn 0.1179 -0.7747 0.6212
vn 0.1178 -0.7748 0.6212
vn 0.1178 -0.7747 0.6212
vn 0.2232 -0.7683 0.6000
vn 0.2230 -0.7683 0.6000
vn 0.2231 -0.7683 0.6000
vn 0.1863 -0.7864 0.5890
vn 0.1866 -0.7864 0.5889
vn 0.1861 -0.7864 0.5890
vn 0.1753 -0.7886 0.5894
vn 0.1753 -0.7885 0.5895
vn 0.4656 -0.6921 0.5516
vn 0.1079 -0.7627 0.6377
vn 0.1078 -0.7627 0.6377
vn 0.1414 -0.8144 0.5628
vn 0.1414 -0.8145 0.5627
vn 0.1414 -0.8145 0.5626
vn -0.0628 0.5925 -0.8031
vn -0.0628 0.5926 -0.8031
vn -0.1985 0.7319 -0.6519
vn -0.1985 0.7318 -0.6519
vn -0.1886 0.7890 -0.5848
vn -0.1885 0.7889 -0.5849
vn -0.1609 0.7917 -0.5893
vn -0.1610 0.7917 -0.5893
vn -0.1611 0.7917 -0.5893
vn -0.2147 0.7672 -0.6044
vn -0.2146 0.7671 -0.6046
vn -0.1951 0.7748 -0.6013
vn 0.6884 -0.7251 -0.0150
vn 0.7617 -0.6038 0.2349
vn 0.7618 -0.6038 0.2349
vn -0.1958 0.7679 -0.6099
vn 0.0672 -0.7672 0.6379
vn 0.0671 -0.7672 0.6379
vn -0.2167 -0.8267 0.5192
vn 0.1405 -0.8298 0.5401
vn 0.1406 -0.8297 0.5403
vn 0.1406 -0.8296 0.5403
vn 0.3522 -0.6819 0.6410
vn 0.3522 -0.6819 0.6411
vn -0.4113 0.6688 -0.6193
vn -0.4114 0.6688 -0.6193
vn -0.8867 0.2156 -0.4090
vn -0.8867 0.2157 -0.4090
vn 0.0102 0.8621 -0.5066
vn 0.0102 0.8621 -0.5067
vn 0.0103 0.8620 -0.5068
vn 0.0103 0.8620 -0.5067
vn 0.0410 -0.8421 0.5378
vn 0.0412 -0.8421 0.5378
vn -0.0573 0.8405 -0.5388
vn -0.0572 0.8405 -0.5388
vn 0.5853 -0.6780 -0.4447
vn 0.5853 -0.6780 -0.4446
vn -0.9893 0.1347 0.0561
vn -0.9893 0.1347 0.0560
vn -0.6593 0.7458 0.0958
vn -0.6592 0.7458 0.0958
vn -0.6592 0.7459 0.0957
vn -0.8834 0.3844 0.2680
vn -0.8834 0.3844 0.2681
vn -0.8834 0.3843 0.2681
vt 0.625380 0.088210
vt 0.615950 0.096340
vt 0.618910 0.101800
vt 0.631370 0.097630
vt 0.608120 0.090660
vt 0.607660 0.096910
vt 0.650770 0.090280
vt 0.648060 0.075620
vt 0.813140 0.028300
vt 0.847440 0.014480
vt 0.826530 0.010530
vt 0.802780 0.019460
vt 0.848180 0.045170
vt 0.857250 0.042000
vt 0.766180 0.025650
vt 0.768040 0.031250
vt 0.767810 0.039090
vt 0.805060 0.041830
vt 0.832890 0.055640
vt 0.723220 0.205090
vt 0.719900 0.187490
vt 0.696000 0.197990
vt 0.710110 0.218620
vt 0.730000 0.232850
vt 0.739180 0.207950
vt 0.742990 0.183030
vt 0.694720 0.977820
vt 0.697290 0.980550
vt 0.673540 0.989470
vt 0.670980 0.988950
vt 0.654720 0.980350
vt 0.670900 0.968780
vt 0.701940 0.969050
vt 0.643440 0.987120
vt 0.674510 0.994930
vt 0.674400 0.995000
vt 0.821750 0.063710
vt 0.799890 0.055980
vt 0.824350 0.083880
vt 0.843080 0.082380
vt 0.799660 0.079420
vt 0.612780 0.100060
vt 0.609330 0.100490
vt 0.614050 0.105420
vt 0.607670 0.106350
vt 0.118080 0.716460
vt 0.118700 0.716010
vt 0.131490 0.720710
vt 0.130580 0.721860
vt 0.614490 0.117340
vt 0.618120 0.115420
vt 0.595930 0.101150
vt 0.593790 0.103280
vt 0.606580 0.107930
vt 0.769990 0.232280
vt 0.775350 0.245640
vt 0.795470 0.226220
vt 0.779450 0.215440
vt 0.759950 0.209940
vt 0.752670 0.233680
vt 0.749640 0.258720
vt 0.592750 0.094810
vt 0.561200 0.080880
vt 0.559220 0.078930
vt 0.554270 0.081350
vt 0.559740 0.084240
vt 0.565830 0.080270
vt 0.565310 0.077310
vt 0.566040 0.085830
vt 0.686060 0.957600
vt 0.705580 0.958770
vt 0.679970 0.943380
vt 0.703650 0.944160
vt 0.651300 0.957260
vt 0.729160 0.769820
vt 0.746050 0.773670
vt 0.733830 0.792960
vt 0.715840 0.784690
vt 0.724570 0.749920
vt 0.751940 0.752430
vt 0.702380 0.771870
vt 0.940690 0.919530
vt 0.936170 0.919290
vt 0.938110 0.914140
vt 0.943270 0.916750
vt 0.941740 0.921420
vt 0.935430 0.922510
vt 0.948070 0.920100
vt 0.755670 0.821700
vt 0.768880 0.810430
vt 0.779240 0.828530
vt 0.756960 0.837440
vt 0.734320 0.839680
vt 0.740840 0.818380
vt 0.752870 0.799910
vt 0.852910 0.908680
vt 0.877230 0.916410
vt 0.876060 0.929960
vt 0.851950 0.935350
vt 0.827910 0.939030
vt 0.825890 0.915870
vt 0.820570 0.896260
vt 0.842760 0.884140
vt 0.868550 0.894180
vt 0.882950 0.904210
vt 0.889490 0.896670
vt 0.904210 0.900760
vt 0.900640 0.908880
vt 0.898420 0.921810
vt 0.878310 0.888220
vt 0.860870 0.874630
vt 0.870480 0.871060
vt 0.876760 0.869220
vt 0.883760 0.883040
vt 0.893490 0.892080
vt 0.867290 0.845130
vt 0.874870 0.843300
vt 0.881660 0.842050
vt 0.882540 0.867720
vt 0.885580 0.882670
vt 0.617540 0.132290
vt 0.618420 0.157960
vt 0.624170 0.158670
vt 0.622950 0.132490
vt 0.631750 0.158900
vt 0.628940 0.132180
vt 0.623550 0.112930
vt 0.637090 0.131580
vt 0.632490 0.109920
vt 0.655990 0.128330
vt 0.651150 0.105690
vt 0.682460 0.122380
vt 0.678520 0.099750
vt 0.673940 0.078920
vt 0.671200 0.057770
vt 0.707430 0.090930
vt 0.701440 0.066890
vt 0.697130 0.049520
vt 0.694250 0.038870
vt 0.669900 0.047300
vt 0.732030 0.056330
vt 0.728400 0.042300
vt 0.726040 0.033910
vt 0.723930 0.027280
vt 0.691540 0.031690
vt 0.808530 0.968320
vt 0.807080 0.965980
vt 0.830770 0.958550
vt 0.830870 0.960130
vt 0.669210 0.039880
vt 0.776140 0.972720
vt 0.775570 0.971350
vt 0.773300 0.964570
vt 0.804390 0.957860
vt 0.733900 0.974360
vt 0.734400 0.972180
vt 0.735650 0.965870
vt 0.735780 0.956390
vt 0.770950 0.956340
vt 0.766300 0.935580
vt 0.797260 0.926410
vt 0.801610 0.946670
vt 0.733610 0.941940
vt 0.731990 0.914760
vt 0.762360 0.910120
vt 0.702710 0.916280
vt 0.702240 0.889390
vt 0.730800 0.888520
vt 0.672580 0.918100
vt 0.673410 0.889090
vt 0.649070 0.922050
vt 0.653390 0.887640
vt 0.658350 0.855050
vt 0.678280 0.859010
vt 0.704410 0.862130
vt 0.685870 0.829380
vt 0.710300 0.836010
vt 0.731240 0.863380
vt 0.758340 0.860520
vt 0.759750 0.884790
vt 0.784330 0.851860
vt 0.787830 0.877320
vt 0.792540 0.903410
vt 0.813600 0.867150
vt 0.809020 0.839640
vt 0.833830 0.826540
vt 0.837800 0.856110
vt 0.852200 0.817690
vt 0.857210 0.848340
vt 0.862690 0.813030
vt 0.838790 0.787820
vt 0.847420 0.781130
vt 0.853780 0.775660
vt 0.870790 0.809870
vt 0.859110 0.770590
vt 0.878120 0.807230
vt 0.621950 0.192780
vt 0.640960 0.229420
vt 0.645020 0.227080
vt 0.627840 0.192100
vt 0.651710 0.222780
vt 0.636150 0.190530
vt 0.659950 0.217900
vt 0.646270 0.187980
vt 0.641190 0.158180
vt 0.663400 0.182640
vt 0.659420 0.154990
vt 0.689010 0.173330
vt 0.685480 0.147950
vt 0.716730 0.163890
vt 0.714330 0.139780
vt 0.711720 0.115350
vt 0.745250 0.131450
vt 0.742550 0.107460
vt 0.738050 0.081790
vt 0.773770 0.101480
vt 0.770790 0.073890
vt 0.768310 0.045890
vt 0.800270 0.106700
vt 0.772750 0.131380
vt 0.798750 0.135910
vt 0.824910 0.141390
vt 0.827870 0.111300
vt 0.842180 0.145220
vt 0.846750 0.113270
vt 0.849670 0.146940
vt 0.854700 0.114220
vt 0.859570 0.079550
vt 0.861080 0.115130
vt 0.866520 0.078670
vt 0.296480 0.977610
vt 0.303430 0.976730
vt 0.294170 0.940060
vt 0.285100 0.943230
vt 0.397450 0.958670
vt 0.391220 0.995000
vt 0.393460 0.994210
vt 0.394600 0.958280
vt 0.042100 0.704460
vt 0.039230 0.704140
vt 0.038360 0.664000
vt 0.032830 0.667790
vt 0.862780 0.038210
vt 0.857290 0.008990
vt 0.417320 0.946170
vt 0.418190 0.986310
vt 0.417700 0.985990
vt 0.419820 0.944030
vt 0.865280 0.036070
vt 0.858850 0.009010
vt 0.634790 0.963940
vt 0.636920 0.921980
vt 0.639170 0.921760
vt 0.641140 0.958470
vt 0.641220 0.991000
vt 0.357990 0.852040
vt 0.342510 0.885400
vt 0.342810 0.884160
vt 0.358200 0.846450
vt 0.485310 0.279150
vt 0.483430 0.284430
vt 0.498890 0.301030
vt 0.487620 0.307800
vt 0.457590 0.558320
vt 0.457330 0.517610
vt 0.467400 0.516630
vt 0.469640 0.551840
vt 0.196370 0.282490
vt 0.208420 0.276010
vt 0.228020 0.287530
vt 0.211830 0.299100
vt 0.639000 0.923030
vt 0.638540 0.885260
vt 0.644990 0.886460
vt 0.645130 0.851890
vt 0.650450 0.853180
vt 0.654290 0.819440
vt 0.659680 0.821060
vt 0.667340 0.823420
vt 0.671660 0.789360
vt 0.680180 0.793790
vt 0.698030 0.803330
vt 0.720310 0.813120
vt 0.689640 0.759390
vt 0.666550 0.786920
vt 0.685190 0.755940
vt 0.715140 0.731310
vt 0.718560 0.737590
vt 0.753680 0.723430
vt 0.754110 0.731020
vt 0.790570 0.738640
vt 0.782080 0.755310
vt 0.794330 0.729770
vt 0.824580 0.750230
vt 0.817700 0.759170
vt 0.753250 0.717180
vt 0.796720 0.723010
vt 0.830020 0.743280
vt 0.059150 0.677050
vt 0.082910 0.709430
vt 0.076550 0.714900
vt 0.053710 0.684000
vt 0.670050 0.256730
vt 0.703350 0.277000
vt 0.706260 0.274940
vt 0.671460 0.255340
vt 0.008140 0.576400
vt 0.006740 0.577780
vt 0.037230 0.603710
vt 0.031900 0.608780
vt 0.707620 0.272210
vt 0.673550 0.253880
vt 0.248100 0.754920
vt 0.234640 0.718640
vt 0.236000 0.718130
vt 0.247900 0.753810
vt 0.674440 0.254580
vt 0.331610 0.919600
vt 0.364110 0.938500
vt 0.368120 0.931380
vt 0.338230 0.912730
vt 0.681060 0.247710
vt 0.710960 0.266370
vt 0.717660 0.254700
vt 0.690970 0.237480
vt 0.673470 0.210210
vt 0.748500 0.270790
vt 0.405670 0.935800
vt 0.405180 0.942810
vt 0.748010 0.277800
vt 0.786250 0.268900
vt 0.783410 0.262760
vt 0.811000 0.239740
vt 0.815070 0.243350
vt 0.831080 0.211360
vt 0.825440 0.208340
vt 0.788620 0.274020
vt 0.818840 0.246420
vt 0.835900 0.213730
vt 0.847020 0.180790
vt 0.841720 0.179080
vt 0.822490 0.249440
vt 0.840390 0.215830
vt 0.851680 0.182290
vt 0.859980 0.149370
vt 0.855150 0.148220
vt 0.648390 0.817720
vt 0.659680 0.784180
vt 0.662030 0.785050
vt 0.649540 0.818030
vt 0.640320 0.850710
vt 0.640100 0.850640
vt 0.226010 0.994080
vt 0.261200 0.994720
vt 0.261020 0.994030
vt 0.225950 0.993710
vt 0.636680 0.885900
vt 0.297280 0.995000
vt 0.296970 0.994290
vt 0.677590 0.750560
vt 0.681250 0.753100
vt 0.709450 0.721900
vt 0.712250 0.726280
vt 0.753180 0.711350
vt 0.218990 0.650730
vt 0.259620 0.664450
vt 0.262530 0.662390
vt 0.219060 0.656560
vt 0.746890 0.288660
vt 0.790620 0.278110
vt 0.747650 0.279130
vt 0.044510 0.985840
vt 0.044550 0.986310
vt 0.005000 0.974460
vt 0.005430 0.974720
vt 0.863300 0.114290
vt 0.834770 0.176810
vt 0.820010 0.171910
vt 0.813280 0.201990
vt 0.795240 0.164430
vt 0.789930 0.191530
vt 0.769480 0.158940
vt 0.765690 0.184870
vt 0.744070 0.156990
vt 0.823160 0.799160
vt 0.805140 0.773900
vt 0.801300 0.814400
vt 0.787500 0.792540
vt 0.767920 0.778750
vt 0.829400 0.950490
vt 0.853260 0.943740
vt 0.854400 0.949580
vt 0.876900 0.936490
vt 0.877340 0.938950
vt 0.645680 0.050430
vt 0.622730 0.061060
vt 0.623370 0.067440
vt 0.645820 0.053150
vt 0.521310 0.314400
vt 0.523060 0.314600
vt 0.504390 0.333890
vt 0.504310 0.333180
vt 0.625180 0.076410
vt 0.647010 0.062870
vt 0.695680 0.706930
vt 0.696870 0.716640
vt 0.719760 0.701070
vt 0.719070 0.693650
vt 0.604220 0.075790
vt 0.606740 0.082790
vt 0.587550 0.082230
vt 0.589800 0.088790
vt 0.575090 0.085260
vt 0.575050 0.091920
vt 0.576480 0.097020
vt 0.564650 0.091610
vt 0.562060 0.097820
vt 0.564140 0.098700
vt 0.576640 0.101080
vt 0.267700 0.976380
vt 0.272480 0.963870
vt 0.272460 0.964620
vt 0.271800 0.977610
vt 0.577870 0.101280
vt 0.922200 0.898730
vt 0.935190 0.901740
vt 0.934210 0.905090
vt 0.922690 0.902920
vt 0.906280 0.896730
vt 0.930960 0.912190
vt 0.919810 0.910810
vt 0.929470 0.919540
vt 0.917480 0.920480
vt 0.927060 0.923670
vt 0.914790 0.925470
vt 0.898580 0.928750
vt 0.913930 0.926990
vt 0.897130 0.931000
vt 0.602940 0.069010
vt 0.586150 0.073020
vt 0.585310 0.075910
vt 0.602360 0.069710
vt 0.559610 0.576880
vt 0.560130 0.577460
vt 0.551280 0.557070
vt 0.553650 0.556630
vt 0.573950 0.075660
vt 0.573920 0.078970
vt 0.926120 0.924340
vt 0.934770 0.922690
vt 0.940820 0.908930
vt 0.942380 0.905680
vt 0.946900 0.909380
vt 0.945800 0.912900
vt 0.949020 0.911780
vt 0.950530 0.916020
vt 0.549540 0.083990
vt 0.551050 0.088230
vt 0.552430 0.089900
vt 0.552740 0.085630
vt 0.552000 0.079910
vt 0.555400 0.093610
vt 0.557860 0.088880
vt 0.274920 0.956190
vt 0.276190 0.952570
vt 0.277810 0.952910
vt 0.276620 0.957420
vt 0.558340 0.078580
vt 0.221810 0.742510
vt 0.215510 0.743600
vt 0.216390 0.743940
vt 0.222480 0.742330
vt 0.825670 0.005000
vt 0.278770 0.950790
vt 0.277510 0.952170
vt 0.380780 0.887380
vt 0.381050 0.887180
vt 0.407580 0.904910
vt 0.408500 0.906280
vt 0.006090 0.905050
vt 0.005000 0.908020
vt 0.006310 0.907620
vt 0.007580 0.904000
vt 0.010020 0.896310
vt 0.007910 0.898390
vt 0.514040 0.462940
vt 0.520030 0.453520
vt 0.507560 0.449350
vt 0.504610 0.454810
vt 0.496310 0.454240
vt 0.496770 0.460490
vt 0.536710 0.475530
vt 0.539420 0.460870
vt 0.701800 0.522850
vt 0.691430 0.531690
vt 0.715180 0.540620
vt 0.736090 0.536670
vt 0.745910 0.509150
vt 0.736840 0.505980
vt 0.656700 0.519900
vt 0.654830 0.525500
vt 0.693710 0.509320
vt 0.656470 0.512050
vt 0.721550 0.495510
vt 0.611870 0.346060
vt 0.598760 0.332530
vt 0.584660 0.353160
vt 0.608560 0.363660
vt 0.627830 0.343200
vt 0.618660 0.318300
vt 0.631650 0.368120
vt 0.064920 0.728540
vt 0.041180 0.717400
vt 0.043750 0.716880
vt 0.067500 0.725810
vt 0.072140 0.737300
vt 0.041100 0.737570
vt 0.024920 0.726000
vt 0.013640 0.719240
vt 0.044710 0.711420
vt 0.044610 0.711350
vt 0.710400 0.487440
vt 0.688550 0.495170
vt 0.731730 0.468770
vt 0.713000 0.467270
vt 0.688310 0.471730
vt 0.501440 0.451090
vt 0.497980 0.450660
vt 0.502700 0.445730
vt 0.496320 0.444800
vt 0.037540 0.966990
vt 0.025040 0.972390
vt 0.024130 0.971240
vt 0.036920 0.966540
vt 0.506780 0.435730
vt 0.503150 0.433810
vt 0.495240 0.443220
vt 0.482440 0.447870
vt 0.484580 0.450000
vt 0.658650 0.318870
vt 0.668110 0.335710
vt 0.684120 0.324930
vt 0.664000 0.305510
vt 0.641320 0.317470
vt 0.648610 0.341210
vt 0.638300 0.292430
vt 0.481400 0.456340
vt 0.449850 0.470270
vt 0.448390 0.466910
vt 0.442930 0.469800
vt 0.447870 0.472220
vt 0.453960 0.473840
vt 0.454490 0.470880
vt 0.454690 0.465320
vt 0.056260 0.748750
vt 0.075780 0.747580
vt 0.073860 0.762190
vt 0.050180 0.762970
vt 0.021510 0.749090
vt 0.099360 0.936530
vt 0.086040 0.921660
vt 0.104040 0.913390
vt 0.116250 0.932680
vt 0.122150 0.953920
vt 0.094770 0.956430
vt 0.072580 0.934480
vt 0.310900 0.786820
vt 0.313470 0.789600
vt 0.308320 0.792220
vt 0.306380 0.787070
vt 0.305640 0.783850
vt 0.311940 0.784930
vt 0.318280 0.786250
vt 0.125880 0.884660
vt 0.127170 0.868910
vt 0.149450 0.877820
vt 0.139080 0.895920
vt 0.111050 0.887970
vt 0.104520 0.866670
vt 0.123080 0.906440
vt 0.223120 0.797670
vt 0.222160 0.771010
vt 0.246270 0.776390
vt 0.247430 0.789940
vt 0.196090 0.790480
vt 0.198110 0.767330
vt 0.212960 0.822210
vt 0.190780 0.810100
vt 0.253160 0.802140
vt 0.238760 0.812170
vt 0.270850 0.797470
vt 0.274420 0.805590
vt 0.259700 0.809680
vt 0.268630 0.784540
vt 0.248520 0.818130
vt 0.240680 0.835300
vt 0.231070 0.831720
vt 0.253970 0.823310
vt 0.246960 0.837140
vt 0.263700 0.814280
vt 0.245080 0.863050
vt 0.237500 0.861220
vt 0.252740 0.838630
vt 0.251860 0.864310
vt 0.255790 0.823680
vt 0.506190 0.418860
vt 0.511600 0.418660
vt 0.512830 0.392480
vt 0.507070 0.393190
vt 0.517600 0.418970
vt 0.520410 0.392250
vt 0.512210 0.438220
vt 0.521150 0.441230
vt 0.525750 0.419570
vt 0.539800 0.445460
vt 0.544650 0.422820
vt 0.567180 0.451400
vt 0.571110 0.428770
vt 0.562590 0.472230
vt 0.559850 0.493380
vt 0.590100 0.484260
vt 0.596090 0.460220
vt 0.585790 0.501630
vt 0.558550 0.503850
vt 0.582900 0.512280
vt 0.617050 0.508850
vt 0.620680 0.494820
vt 0.614690 0.517240
vt 0.580200 0.519460
vt 0.612590 0.523870
vt 0.178740 0.738040
vt 0.201070 0.746220
vt 0.200980 0.747800
vt 0.177280 0.740370
vt 0.557860 0.511270
vt 0.145780 0.735010
vt 0.146340 0.733630
vt 0.174600 0.748490
vt 0.143500 0.741790
vt 0.104610 0.734180
vt 0.104100 0.731990
vt 0.105860 0.740480
vt 0.141150 0.750010
vt 0.105980 0.749960
vt 0.171820 0.759680
vt 0.167470 0.779940
vt 0.136500 0.770770
vt 0.103810 0.764420
vt 0.132560 0.796230
vt 0.102190 0.791600
vt 0.072920 0.790080
vt 0.101010 0.817830
vt 0.072450 0.816970
vt 0.042780 0.788260
vt 0.043620 0.817260
vt 0.023600 0.818710
vt 0.019270 0.784310
vt 0.048480 0.847350
vt 0.028550 0.851310
vt 0.074620 0.844220
vt 0.080500 0.870350
vt 0.056070 0.876970
vt 0.101450 0.842970
vt 0.128550 0.845830
vt 0.129960 0.821570
vt 0.158030 0.829040
vt 0.154530 0.854490
vt 0.162740 0.802940
vt 0.183810 0.839200
vt 0.179230 0.866720
vt 0.208000 0.850250
vt 0.204030 0.879820
vt 0.227420 0.858020
vt 0.222400 0.888670
vt 0.232890 0.893320
vt 0.217630 0.925220
vt 0.209000 0.918530
vt 0.241000 0.896490
vt 0.223980 0.930690
vt 0.248320 0.899120
vt 0.229320 0.935760
vt 0.510610 0.358370
vt 0.516500 0.359050
vt 0.533670 0.324070
vt 0.529620 0.321730
vt 0.524810 0.360620
vt 0.540370 0.328370
vt 0.534920 0.363170
vt 0.548610 0.333250
vt 0.529840 0.392970
vt 0.548080 0.396160
vt 0.552060 0.368510
vt 0.574130 0.403190
vt 0.577670 0.377820
vt 0.602990 0.411370
vt 0.605390 0.387260
vt 0.600380 0.435800
vt 0.631210 0.443690
vt 0.633910 0.419700
vt 0.626710 0.469360
vt 0.659450 0.477260
vt 0.662430 0.449670
vt 0.656970 0.505260
vt 0.688930 0.444450
vt 0.687410 0.415240
vt 0.661410 0.419770
vt 0.716530 0.439850
vt 0.713570 0.409760
vt 0.735410 0.437880
vt 0.730830 0.405930
vt 0.743350 0.436930
vt 0.738330 0.404210
vt 0.748220 0.471600
vt 0.755180 0.472480
vt 0.749740 0.436020
vt 0.308660 0.839150
vt 0.297280 0.873530
vt 0.306350 0.876700
vt 0.315610 0.840030
vt 0.011220 0.951130
vt 0.008370 0.951510
vt 0.007230 0.915580
vt 0.005000 0.914790
vt 0.410930 0.954540
vt 0.401660 0.991210
vt 0.407190 0.995000
vt 0.408060 0.954860
vt 0.751430 0.512940
vt 0.745950 0.542160
vt 0.476470 0.582290
vt 0.478970 0.584420
vt 0.476850 0.542460
vt 0.477350 0.542150
vt 0.747510 0.542140
vt 0.753940 0.515080
vt 0.005000 0.742420
vt 0.011340 0.747880
vt 0.009380 0.784590
vt 0.007120 0.784380
vt 0.011420 0.715350
vt 0.264050 0.756280
vt 0.264250 0.761880
vt 0.248870 0.724160
vt 0.248560 0.722920
vt 0.032980 0.286920
vt 0.035280 0.258280
vt 0.046550 0.265040
vt 0.031090 0.281650
vt 0.488900 0.561860
vt 0.500960 0.568340
vt 0.498720 0.603560
vt 0.488650 0.602580
vt 0.523450 0.280440
vt 0.538910 0.263830
vt 0.555090 0.275400
vt 0.535500 0.286920
vt 0.009200 0.783330
vt 0.015200 0.819890
vt 0.008750 0.821090
vt 0.020650 0.853170
vt 0.015340 0.854470
vt 0.029880 0.885290
vt 0.024490 0.886920
vt 0.037550 0.882940
vt 0.050390 0.912560
vt 0.041860 0.916990
vt 0.068240 0.903020
vt 0.090520 0.893230
vt 0.059850 0.946960
vt 0.055400 0.950420
vt 0.036760 0.919440
vt 0.088770 0.968760
vt 0.085350 0.975050
vt 0.124320 0.975330
vt 0.123890 0.982920
vt 0.152290 0.951050
vt 0.160780 0.967710
vt 0.164540 0.976590
vt 0.187910 0.947180
vt 0.194790 0.956120
vt 0.166930 0.983340
vt 0.123460 0.989170
vt 0.200230 0.963070
vt 0.146140 0.713160
vt 0.140700 0.706210
vt 0.163540 0.675310
vt 0.169900 0.680780
vt 0.558700 0.294420
vt 0.560110 0.295810
vt 0.594910 0.276210
vt 0.592000 0.274150
vt 0.223870 0.591380
vt 0.247630 0.559000
vt 0.252960 0.564070
vt 0.222470 0.590000
vt 0.562210 0.297270
vt 0.596270 0.278940
vt 0.401200 0.824250
vt 0.401000 0.825360
vt 0.389100 0.861040
vt 0.387740 0.860530
vt 0.563090 0.296570
vt 0.311190 0.988140
vt 0.317810 0.995000
vt 0.347710 0.976350
vt 0.343690 0.969230
vt 0.569710 0.303440
vt 0.579620 0.313670
vt 0.606320 0.296450
vt 0.599610 0.284780
vt 0.562120 0.340940
vt 0.637160 0.280360
vt 0.385260 0.971930
vt 0.384770 0.964920
vt 0.672060 0.288390
vt 0.674900 0.282250
vt 0.636670 0.273350
vt 0.699660 0.311410
vt 0.703730 0.307800
vt 0.714090 0.342810
vt 0.719740 0.339790
vt 0.707500 0.304730
vt 0.677270 0.277130
vt 0.724560 0.337420
vt 0.730370 0.372070
vt 0.735670 0.370360
vt 0.729050 0.335320
vt 0.711140 0.301710
vt 0.740340 0.368860
vt 0.743800 0.402930
vt 0.748630 0.401780
vt 0.018590 0.888630
vt 0.019740 0.888330
vt 0.032240 0.921300
vt 0.029880 0.922170
vt 0.010300 0.855710
vt 0.010520 0.855650
vt 0.304170 0.985390
vt 0.304240 0.985010
vt 0.269160 0.985330
vt 0.268990 0.986020
vt 0.006890 0.820460
vt 0.233220 0.985590
vt 0.232900 0.986310
vt 0.051450 0.953250
vt 0.047790 0.955790
vt 0.082460 0.980080
vt 0.079660 0.984450
vt 0.123390 0.995000
vt 0.005000 0.664450
vt 0.005060 0.658610
vt 0.048540 0.652790
vt 0.045630 0.650730
vt 0.635550 0.262490
vt 0.636310 0.272020
vt 0.679280 0.273040
vt 0.335580 0.994540
vt 0.374660 0.983420
vt 0.375100 0.983160
vt 0.335550 0.995000
vt 0.751960 0.436860
vt 0.723420 0.374340
vt 0.708670 0.379240
vt 0.701930 0.349160
vt 0.678580 0.359620
vt 0.683890 0.386720
vt 0.654340 0.366280
vt 0.658130 0.392210
vt 0.632730 0.394160
vt 0.175340 0.932450
vt 0.193360 0.907190
vt 0.157700 0.913810
vt 0.171500 0.891950
vt 0.138120 0.927600
vt 0.199600 0.755870
vt 0.223460 0.762620
vt 0.224600 0.756780
vt 0.247550 0.767400
vt 0.247100 0.769870
vt 0.534330 0.500720
vt 0.534470 0.498000
vt 0.512030 0.483710
vt 0.511380 0.490090
vt 0.212040 0.354410
vt 0.229040 0.373200
vt 0.228960 0.373910
vt 0.210290 0.354620
vt 0.535660 0.488280
vt 0.513830 0.474740
vt 0.163310 0.277130
vt 0.186700 0.290400
vt 0.187400 0.282980
vt 0.164510 0.267410
vt 0.495400 0.468360
vt 0.492880 0.475360
vt 0.478460 0.462360
vt 0.476200 0.468920
vt 0.463710 0.459230
vt 0.463740 0.465890
vt 0.465140 0.454130
vt 0.450710 0.453330
vt 0.453300 0.459540
vt 0.465300 0.450070
vt 0.452790 0.452450
vt 0.370980 0.849370
vt 0.366880 0.848140
vt 0.366220 0.861130
vt 0.366200 0.861880
vt 0.466530 0.449870
vt 0.292410 0.807620
vt 0.292900 0.803440
vt 0.304410 0.801260
vt 0.305390 0.804620
vt 0.276490 0.809630
vt 0.290010 0.795550
vt 0.301160 0.794160
vt 0.287680 0.785870
vt 0.299680 0.786820
vt 0.284990 0.780880
vt 0.297260 0.782690
vt 0.268790 0.777600
vt 0.267330 0.775360
vt 0.284130 0.779370
vt 0.491600 0.482140
vt 0.491010 0.481440
vt 0.473960 0.475240
vt 0.474800 0.478130
vt 0.704900 0.653430
vt 0.710860 0.633180
vt 0.713230 0.633620
vt 0.704380 0.654010
vt 0.462570 0.472180
vt 0.462610 0.475490
vt 0.296330 0.782010
vt 0.304970 0.783660
vt 0.311020 0.797420
vt 0.316010 0.793450
vt 0.317100 0.796980
vt 0.312590 0.800680
vt 0.320740 0.790340
vt 0.319230 0.794580
vt 0.438200 0.467160
vt 0.441400 0.465520
vt 0.441090 0.461250
vt 0.439710 0.462920
vt 0.440660 0.471240
vt 0.446520 0.462270
vt 0.444050 0.457540
vt 0.363760 0.869560
vt 0.362060 0.868320
vt 0.360870 0.872840
vt 0.362490 0.873180
vt 0.446990 0.472570
vt 0.453290 0.473650
vt 0.714330 0.546150
vt 0.359910 0.874960
vt 0.361170 0.873580
vt 0.032710 0.948270
vt 0.005000 0.967170
vt 0.005910 0.965800
vt 0.032440 0.948070
vt 0.247280 0.707900
vt 0.245790 0.708960
vt 0.247060 0.705340
vt 0.248370 0.704940
vt 0.245460 0.714560
vt 0.243340 0.716640
s 1
usemtl BLy_Orange
f 6121/2312/1135 6122/2313/1135 6123/2314/1135
f 6121/2312/1135 6123/2314/1135 6124/2315/1136
f 6125/2312/1137 6126/2316/1138 6127/2317/1137
f 6125/2312/1137 6127/2317/1137 6128/2313/1137
f 6129/2312/1139 6130/2315/1139 6131/2318/1140
f 6129/2312/1139 6131/2318/1140 6132/2319/1140
f 6133/2320/1141 6134/2321/1141 6135/2322/1141
f 6133/2320/1141 6135/2322/1141 6136/2323/1141
f 6137/2320/1142 6138/2324/1142 6139/2325/1142
f 6137/2320/1142 6139/2325/1142 6140/2321/1142
f 6141/2320/1143 6142/2323/1143 6143/2326/1143
f 6141/2320/1143 6143/2326/1143 6144/2327/1143
f 6145/2320/1144 6146/2327/1144 6147/2328/1145
f 6145/2320/1144 6147/2328/1145 6148/2329/1145
f 6149/2320/1146 6150/2329/1147 6151/2330/1146
f 6149/2320/1146 6151/2330/1146 6152/2324/1146
f 6153/2331/1148 6154/2332/1149 6155/2333/1150
f 6153/2331/1148 6155/2333/1150 6156/2334/1149
f 6157/2331/1151 6158/2334/1152 6159/2335/1151
f 6157/2331/1151 6159/2335/1151 6160/2336/1152
f 6161/2331/1153 6162/2336/1154 6163/2337/1155
f 6161/2331/1153 6163/2337/1155 6164/2332/1155
f 6165/2338/1156 6166/2339/1156 6167/2340/1156
f 6165/2338/1156 6167/2340/1156 6168/2341/1156
f 6169/2338/1157 6170/2342/1158 6171/2343/1158
f 6169/2338/1157 6171/2343/1158 6172/2344/1157
f 6173/2338/1159 6174/2341/1160 6175/2345/1160
f 6173/2338/1159 6175/2345/1160 6176/2342/1160
f 6177/2346/1161 6178/2341/1161 6179/2340/1161
f 6177/2346/1161 6179/2340/1161 6180/2347/1161
f 6181/2348/1162 6182/2330/1162 6183/2329/1163
f 6181/2348/1162 6183/2329/1163 6184/2349/1162
f 6185/2348/1164 6186/2350/1164 6187/2351/1164
f 6185/2348/1164 6187/2351/1164 6188/2330/1165
f 6189/2348/1166 6190/2349/1167 6191/2352/1166
f 6189/2348/1166 6191/2352/1166 6192/2350/1167
f 6193/2353/1168 6194/2313/1169 6195/2317/1169
f 6193/2353/1168 6195/2317/1169 6196/2354/1169
f 6197/2353/1170 6198/2355/1170 6199/2314/1170
f 6197/2353/1170 6199/2314/1170 6200/2313/1170
f 6201/2353/1171 6202/2354/1171 6203/2356/1171
f 6201/2353/1171 6203/2356/1171 6204/2355/1171
f 6205/2357/1172 6206/2358/1173 6207/2359/1172
f 6205/2357/1172 6207/2359/1172 6208/2360/1172
f 6209/2356/1174 6210/2361/1174 6211/2362/1174
f 6209/2356/1174 6211/2362/1174 6212/2355/1175
f 6213/2356/1176 6214/2363/1176 6215/2364/1176
f 6213/2356/1176 6215/2364/1176 6216/2365/1177
f 6217/2356/1178 6218/2354/1178 6219/2317/1178
f 6217/2356/1178 6219/2317/1178 6220/2363/1178
f 6221/2366/1179 6222/2367/1179 6223/2368/1179
f 6221/2366/1179 6223/2368/1179 6224/2369/1179
f 6225/2366/1180 6226/2369/1180 6227/2370/1180
f 6225/2366/1180 6227/2370/1180 6228/2371/1180
f 6229/2366/1181 6230/2371/1181 6231/2372/1182
f 6229/2366/1181 6231/2372/1182 6232/2367/1181
f 6233/2363/1183 6234/2317/1183 6235/2316/1183
f 6233/2363/1183 6235/2316/1183 6236/2373/1183
f 6237/2374/1184 6238/2375/1185 6239/2376/1186
f 6237/2374/1184 6239/2376/1186 6240/2377/1185
f 6241/2374/1187 6242/2378/1188 6243/2379/1189
f 6241/2374/1187 6243/2379/1189 6244/2375/1187
f 6245/2374/1190 6246/2377/1191 6247/2380/1190
f 6245/2374/1190 6247/2380/1190 6248/2378/1190
f 6249/2381/1192 6250/2382/1192 6251/2344/1192
s 0
f 6249/2381/1193 6251/2344/1193 6252/2343/1193
s 1
f 6253/2381/1194 6254/2383/1194 6255/2384/1194
f 6253/2381/1194 6255/2384/1194 6256/2382/1194
f 6257/2381/1195 6258/2343/1196 6259/2385/1197
f 6257/2381/1195 6259/2385/1197 6260/2383/1196
f 6261/2386/1198 6262/2387/1198 6263/2388/1199
f 6261/2386/1198 6263/2388/1199 6264/2389/1199
f 6265/2386/1200 6266/2390/1201 6267/2391/1202
f 6265/2386/1200 6267/2391/1202 6268/2387/1201
f 6269/2386/1203 6270/2389/1203 6271/2392/1204
f 6269/2386/1203 6271/2392/1204 6272/2390/1203
f 6273/2393/1205 6274/2394/1205 6275/2395/1206
f 6273/2393/1205 6275/2395/1206 6276/2396/1205
f 6277/2393/1207 6278/2397/1208 6279/2398/1209
f 6277/2393/1207 6279/2398/1209 6280/2394/1209
f 6281/2393/1210 6282/2396/1211 6283/2399/1212
f 6281/2393/1210 6283/2399/1212 6284/2397/1210
s 0
f 6285/2400/1213 6286/2401/1213 6287/2402/1213
f 6285/2400/1214 6287/2402/1214 6288/2403/1214
f 6289/2400/1215 6290/2403/1215 6291/2404/1215
s 1
f 6289/2400/1216 6291/2404/1216 6292/2405/1216
f 6293/2400/1217 6294/2405/1217 6295/2406/1218
f 6293/2400/1217 6295/2406/1218 6296/2401/1219
f 6297/2407/1220 6298/2408/1221 6299/2409/1221
f 6297/2407/1220 6299/2409/1221 6300/2410/1222
f 6301/2407/1223 6302/2410/1224 6303/2411/1225
f 6301/2407/1223 6303/2411/1225 6304/2412/1224
f 6305/2407/1226 6306/2412/1226 6307/2413/1227
f 6305/2407/1226 6307/2413/1227 6308/2414/1228
f 6309/2407/1229 6310/2415/1229 6311/2416/1230
f 6309/2407/1229 6311/2416/1230 6312/2408/1230
f 6313/2416/1231 6314/2417/1231 6315/2418/1231
f 6313/2416/1231 6315/2418/1231 6316/2419/1231
f 6317/2416/1232 6318/2419/1232 6319/2420/1232
f 6317/2416/1232 6319/2420/1232 6320/2408/1233
f 6321/2416/1234 6322/2415/1234 6323/2421/1234
f 6321/2416/1234 6323/2421/1234 6324/2417/1234
f 6325/2421/1235 6326/2415/1235 6327/2422/1235
f 6325/2421/1235 6327/2422/1235 6328/2423/1235
f 6329/2421/1236 6330/2423/1236 6331/2424/1236
f 6329/2421/1236 6331/2424/1236 6332/2425/1236
f 6333/2421/1237 6334/2425/1238 6335/2426/1237
f 6333/2421/1237 6335/2426/1237 6336/2417/1237
f 6337/2424/1239 6338/2423/1240 6339/2427/1239
f 6337/2424/1239 6339/2427/1239 6340/2428/1239
f 6341/2424/1241 6342/2428/1242 6343/2429/1242
f 6341/2424/1241 6343/2429/1242 6344/2430/1241
f 6345/2424/1243 6346/2430/1243 6347/2431/1243
f 6345/2424/1243 6347/2431/1243 6348/2425/1243
f 6349/2432/1244 6350/2433/1244 6351/2434/1244
f 6349/2432/1244 6351/2434/1244 6352/2435/1244
f 6353/2432/1245 6354/2435/1245 6355/2362/1245
f 6353/2432/1245 6355/2362/1245 6356/2361/1246
f 6357/2435/1247 6358/2434/1247 6359/2436/1247
f 6357/2435/1247 6359/2436/1247 6360/2437/1247
f 6361/2435/1248 6362/2437/1249 6363/2438/1248
f 6361/2435/1248 6363/2438/1248 6364/2362/1248
f 6365/2438/1250 6366/2314/1250 6367/2355/1251
f 6365/2438/1250 6367/2355/1251 6368/2362/1250
f 6369/2438/1252 6370/2437/1252 6371/2439/1253
f 6369/2438/1252 6371/2439/1253 6372/2440/1252
f 6373/2438/1254 6374/2440/1254 6375/2315/1255
f 6373/2438/1254 6375/2315/1255 6376/2314/1254
f 6377/2440/1256 6378/2439/1256 6379/2441/1257
f 6377/2440/1256 6379/2441/1257 6380/2442/1257
f 6381/2440/1258 6382/2442/1258 6383/2318/1258
f 6381/2440/1258 6383/2318/1258 6384/2315/1258
f 6385/2442/1259 6386/2441/1259 6387/2443/1260
f 6385/2442/1259 6387/2443/1260 6388/2444/1260
f 6389/2442/1261 6390/2444/1262 6391/2445/1262
f 6389/2442/1261 6391/2445/1262 6392/2318/1261
f 6393/2445/1263 6394/2446/1264 6395/2319/1265
f 6393/2445/1263 6395/2319/1265 6396/2318/1266
f 6397/2445/1267 6398/2444/1267 6399/2447/1267
f 6397/2445/1267 6399/2447/1267 6400/2448/1267
f 6401/2445/1268 6402/2448/1269 6403/2449/1269
f 6401/2445/1268 6403/2449/1269 6404/2446/1269
f 6405/2449/1270 6406/2450/1270 6407/2451/1270
f 6405/2449/1270 6407/2451/1270 6408/2446/1270
f 6409/2449/1271 6410/2448/1271 6411/2452/1272
f 6409/2449/1271 6411/2452/1272 6412/2453/1271
f 6413/2449/1273 6414/2453/1273 6415/2454/1273
f 6413/2449/1273 6415/2454/1273 6416/2450/1273
f 6417/2454/1274 6418/2455/1274 6419/2456/1274
f 6417/2454/1274 6419/2456/1274 6420/2450/1274
f 6421/2454/1275 6422/2453/1276 6423/2328/1276
f 6421/2454/1275 6423/2328/1276 6424/2327/1276
f 6425/2454/1277 6426/2327/1277 6427/2326/1277
f 6425/2454/1277 6427/2326/1277 6428/2455/1277
f 6429/2457/1278 6430/2458/1278 6431/2459/1278
f 6429/2457/1278 6431/2459/1278 6432/2460/1278
f 6433/2456/1279 6434/2461/1279 6435/2451/1279
f 6433/2456/1279 6435/2451/1279 6436/2450/1279
f 6437/2457/1280 6438/2462/1281 6439/2463/1281
f 6437/2457/1280 6439/2463/1281 6440/2458/1280
f 6441/2463/1282 6442/2464/1282 6443/2465/1282
f 6441/2463/1282 6443/2465/1282 6444/2458/1283
f 6445/2463/1284 6446/2462/1284 6447/2466/1284
f 6445/2463/1284 6447/2466/1284 6448/2467/1284
f 6449/2463/1285 6450/2467/1285 6451/2468/1285
f 6449/2463/1285 6451/2468/1285 6452/2464/1285
f 6453/2468/1286 6454/2469/1286 6455/2470/1286
f 6453/2468/1286 6455/2470/1286 6456/2464/1286
f 6457/2468/1287 6458/2467/1288 6459/2338/1289
f 6457/2468/1287 6459/2338/1289 6460/2344/1287
f 6461/2468/1290 6462/2344/1290 6463/2382/1290
f 6461/2468/1290 6463/2382/1290 6464/2469/1290
f 6465/2470/1291 6466/2471/1291 6467/2472/1291
f 6465/2470/1291 6467/2472/1291 6468/2473/1291
f 6469/2470/1292 6470/2473/1292 6471/2465/1292
f 6469/2470/1292 6471/2465/1292 6472/2464/1292
f 6473/2470/1293 6474/2469/1294 6475/2474/1294
f 6473/2470/1293 6475/2474/1294 6476/2471/1294
f 6477/2474/1295 6478/2475/1296 6479/2476/1296
f 6477/2474/1295 6479/2476/1296 6480/2471/1296
f 6481/2474/1297 6482/2469/1297 6483/2382/1297
f 6481/2474/1297 6483/2382/1297 6484/2384/1297
f 6485/2474/1298 6486/2384/1298 6487/2477/1299
f 6485/2474/1298 6487/2477/1299 6488/2475/1298
f 6489/2477/1300 6490/2478/1300 6491/2479/1301
f 6489/2477/1300 6491/2479/1301 6492/2475/1302
s 0
f 6493/2477/1303 6494/2384/1303 6495/2383/1303
f 6493/2477/1304 6495/2383/1304 6496/2480/1304
s 1
f 6497/2477/1305 6498/2480/1306 6499/2481/1307
f 6497/2477/1305 6499/2481/1307 6500/2478/1307
s 0
f 6501/2481/1308 6502/2480/1308 6503/2482/1308
f 6501/2481/1309 6503/2482/1309 6504/2483/1309
f 6505/2481/1310 6506/2483/1310 6507/2484/1310
f 6505/2481/1215 6507/2484/1215 6508/2485/1215
f 6509/2481/1311 6510/2485/1311 6511/2486/1311
f 6509/2481/1312 6511/2486/1312 6512/2478/1312
f 6513/2486/1311 6514/2485/1311 6515/2487/1311
f 6513/2486/1313 6515/2487/1313 6516/2488/1313
f 6517/2486/1314 6518/2488/1314 6519/2404/1314
f 6517/2486/1216 6519/2404/1216 6520/2489/1216
s 1
f 6521/2486/1315 6522/2489/1315 6523/2479/1315
f 6521/2486/1315 6523/2479/1315 6524/2478/1308
f 6525/2489/1316 6526/2404/1316 6527/2403/1316
s 0
f 6525/2489/1316 6527/2403/1316 6528/2490/1316
s 1
f 6529/2489/1317 6530/2490/1318 6531/2491/1318
f 6529/2489/1317 6531/2491/1318 6532/2479/1318
s 0
f 6533/2491/1319 6534/2490/1319 6535/2492/1319
f 6533/2491/1320 6535/2492/1320 6536/2493/1320
s 1
f 6537/2491/1321 6538/2493/1322 6539/2494/1323
f 6537/2491/1321 6539/2494/1323 6540/2476/1321
f 6541/2491/1324 6542/2476/1325 6543/2475/1326
f 6541/2491/1324 6543/2475/1326 6544/2479/1327
f 6545/2494/1328 6546/2493/1328 6547/2495/1329
f 6545/2494/1328 6547/2495/1329 6548/2413/1328
f 6549/2494/1330 6550/2413/1331 6551/2412/1330
f 6549/2494/1330 6551/2412/1330 6552/2472/1330
f 6553/2494/1332 6554/2472/1333 6555/2471/1334
f 6553/2494/1332 6555/2471/1334 6556/2476/1333
f 6557/2495/1335 6558/2493/1336 6559/2492/1337
f 6557/2495/1335 6559/2492/1337 6560/2496/1335
f 6561/2495/1338 6562/2496/1339 6563/2497/1340
f 6561/2495/1338 6563/2497/1340 6564/2498/1339
f 6565/2495/1341 6566/2498/1341 6567/2414/1342
f 6565/2495/1341 6567/2414/1342 6568/2413/1341
f 6569/2498/1343 6570/2497/1344 6571/2499/1344
f 6569/2498/1343 6571/2499/1344 6572/2500/1344
f 6573/2498/1345 6574/2500/1346 6575/2422/1347
f 6573/2498/1345 6575/2422/1347 6576/2414/1346
f 6577/2500/1348 6578/2499/1348 6579/2501/1349
f 6577/2500/1348 6579/2501/1349 6580/2427/1350
f 6581/2500/1351 6582/2427/1351 6583/2423/1352
f 6581/2500/1351 6583/2423/1352 6584/2422/1351
f 6585/2501/1353 6586/2499/1354 6587/2502/1354
f 6585/2501/1353 6587/2502/1354 6588/2503/1354
f 6589/2501/1355 6590/2503/1355 6591/2504/1355
f 6589/2501/1355 6591/2504/1355 6592/2505/1356
f 6593/2501/1357 6594/2505/1358 6595/2428/1357
f 6593/2501/1357 6595/2428/1357 6596/2427/1357
f 6597/2505/1359 6598/2504/1360 6599/2506/1359
f 6597/2505/1359 6599/2506/1359 6600/2507/1361
f 6601/2505/1362 6602/2507/1362 6603/2429/1363
f 6601/2505/1362 6603/2429/1363 6604/2428/1363
f 6605/2508/1364 6606/2509/1364 6607/2510/1365
f 6605/2508/1364 6607/2510/1365 6608/2511/1364
f 6609/2508/1366 6610/2511/1366 6611/2434/1366
f 6609/2508/1366 6611/2434/1366 6612/2433/1366
f 6613/2511/1367 6614/2510/1367 6615/2512/1367
f 6613/2511/1367 6615/2512/1367 6616/2513/1368
f 6617/2511/1369 6618/2513/1369 6619/2436/1370
f 6617/2511/1369 6619/2436/1370 6620/2434/1369
f 6621/2513/1371 6622/2512/1372 6623/2514/1372
f 6621/2513/1371 6623/2514/1372 6624/2515/1372
f 6625/2513/1373 6626/2515/1374 6627/2516/1374
f 6625/2513/1373 6627/2516/1374 6628/2436/1374
f 6629/2516/1375 6630/2439/1376 6631/2437/1376
f 6629/2516/1375 6631/2437/1376 6632/2436/1375
f 6633/2516/1377 6634/2515/1377 6635/2517/1377
f 6633/2516/1377 6635/2517/1377 6636/2518/1377
f 6637/2516/1378 6638/2518/1379 6639/2441/1379
f 6637/2516/1378 6639/2441/1379 6640/2439/1379
s 0
f 6641/2518/1380 6642/2517/1380 6643/2519/1380
s 1
f 6641/2518/1381 6643/2519/1381 6644/2520/1381
f 6645/2518/1382 6646/2520/1383 6647/2443/1384
f 6645/2518/1382 6647/2443/1384 6648/2441/1384
f 6649/2520/1385 6650/2519/1385 6651/2521/1385
f 6649/2520/1385 6651/2521/1385 6652/2522/1385
f 6653/2520/1386 6654/2522/1387 6655/2523/1386
f 6653/2520/1386 6655/2523/1386 6656/2443/1386
f 6657/2523/1388 6658/2447/1388 6659/2444/1388
f 6657/2523/1388 6659/2444/1388 6660/2443/1388
f 6661/2523/1389 6662/2522/1390 6663/2524/1391
f 6661/2523/1389 6663/2524/1391 6664/2525/1390
f 6665/2523/1392 6666/2525/1392 6667/2526/1392
s 0
f 6665/2523/1393 6667/2526/1393 6668/2447/1393
s 1
f 6669/2526/1394 6670/2452/1395 6671/2448/1394
f 6669/2526/1394 6671/2448/1394 6672/2447/1395
f 6673/2526/1396 6674/2525/1396 6675/2527/1397
f 6673/2526/1396 6675/2527/1397 6676/2528/1396
f 6677/2526/1398 6678/2528/1398 6679/2529/1398
f 6677/2526/1398 6679/2529/1398 6680/2452/1398
f 6681/2529/1399 6682/2328/1399 6683/2453/1399
f 6681/2529/1399 6683/2453/1399 6684/2452/1399
f 6685/2529/1400 6686/2528/1401 6687/2352/1401
f 6685/2529/1400 6687/2352/1401 6688/2349/1401
f 6689/2529/1402 6690/2349/1402 6691/2329/1403
f 6689/2529/1402 6691/2329/1403 6692/2328/1402
f 6693/2528/1404 6694/2527/1404 6695/2530/1404
f 6693/2528/1404 6695/2530/1404 6696/2352/1404
f 6697/2530/1405 6698/2527/1405 6699/2531/1405
s 0
f 6697/2530/1406 6699/2531/1406 6700/2532/1406
f 6701/2530/1407 6702/2532/1407 6703/2533/1407
f 6701/2530/1408 6703/2533/1408 6704/2534/1408
s 1
f 6705/2530/1409 6706/2534/1410 6707/2350/1409
f 6705/2530/1409 6707/2350/1409 6708/2352/1409
s 0
f 6709/2534/1411 6710/2533/1411 6711/2535/1411
f 6709/2534/1411 6711/2535/1411 6712/2536/1411
f 6713/2534/1412 6714/2536/1412 6715/2351/1412
f 6713/2534/1413 6715/2351/1413 6716/2350/1413
f 6717/2536/1414 6718/2535/1414 6719/2537/1414
f 6717/2536/1415 6719/2537/1415 6720/2538/1415
s 1
f 6721/2536/1416 6722/2538/1416 6723/2539/1416
s 0
f 6721/2536/1417 6723/2539/1417 6724/2351/1417
f 6725/2539/1418 6726/2324/1418 6727/2330/1418
f 6725/2539/1419 6727/2330/1419 6728/2351/1419
f 6729/2539/1420 6730/2538/1420 6731/2540/1420
f 6729/2539/1421 6731/2540/1421 6732/2541/1421
s 1
f 6733/2542/1422 6734/2543/1422 6735/2544/1422
f 6733/2542/1422 6735/2544/1422 6736/2545/1422
f 6737/2546/1423 6738/2547/1423 6739/2548/1424
f 6737/2546/1423 6739/2548/1424 6740/2549/1425
f 6741/2550/1426 6742/2551/1426 6743/2552/1426
s 0
f 6741/2550/1427 6743/2552/1427 6744/2553/1427
s 1
f 6745/2554/1428 6746/2555/1429 6747/2321/1428
f 6745/2554/1428 6747/2321/1428 6748/2325/1429
f 6749/2556/1430 6750/2557/1430 6751/2558/1431
f 6749/2556/1430 6751/2558/1431 6752/2559/1432
f 6753/2554/1433 6754/2560/1433 6755/2561/1433
f 6753/2554/1433 6755/2561/1433 6756/2555/1433
f 6757/2562/1434 6758/2563/1435 6759/2564/1435
f 6757/2562/1434 6759/2564/1435 6760/2565/1436
f 6761/2562/1437 6762/2565/1437 6763/2345/1437
f 6761/2562/1437 6763/2345/1437 6764/2566/1437
f 6765/2567/1438 6766/2568/1438 6767/2569/1438
f 6765/2567/1438 6767/2569/1438 6768/2570/1438
f 6769/2571/1439 6770/2572/1440 6771/2573/1441
f 6769/2571/1439 6771/2573/1441 6772/2574/1439
f 6773/2575/1442 6774/2576/1443 6775/2577/1443
f 6773/2575/1442 6775/2577/1443 6776/2578/1442
s 0
f 6777/2579/1444 6778/2580/1444 6779/2581/1444
f 6777/2579/1445 6779/2581/1445 6780/2582/1445
s 1
f 6781/2583/1446 6782/2564/1446 6783/2584/1447
f 6781/2583/1446 6783/2584/1447 6784/2585/1447
s 0
f 6785/2583/1448 6786/2585/1448 6787/2483/1448
f 6785/2583/1449 6787/2483/1449 6788/2482/1449
f 6789/2585/1450 6790/2584/1450 6791/2586/1450
f 6789/2585/1451 6791/2586/1451 6792/2587/1451
f 6793/2585/1452 6794/2587/1452 6795/2484/1452
s 1
f 6793/2585/1453 6795/2484/1453 6796/2483/1453
s 0
f 6797/2587/1454 6798/2586/1454 6799/2588/1454
s 1
f 6797/2587/1455 6799/2588/1455 6800/2589/1455
s 0
f 6801/2587/1456 6802/2589/1456 6803/2590/1456
f 6801/2587/1457 6803/2590/1457 6804/2484/1457
s 1
f 6805/2590/1458 6806/2589/1458 6807/2591/1459
f 6805/2590/1458 6807/2591/1459 6808/2592/1458
f 6809/2590/1460 6810/2592/1461 6811/2593/1462
f 6809/2590/1460 6811/2593/1462 6812/2487/1463
s 0
f 6813/2590/1464 6814/2487/1464 6815/2485/1464
f 6813/2590/1465 6815/2485/1465 6816/2484/1465
s 1
f 6817/2593/1466 6818/2592/1466 6819/2392/1466
f 6817/2593/1466 6819/2392/1466 6820/2389/1466
s 0
f 6821/2593/1467 6822/2389/1467 6823/2388/1467
f 6821/2593/1468 6823/2388/1468 6824/2594/1468
s 1
f 6825/2593/1469 6826/2594/1470 6827/2488/1471
f 6825/2593/1469 6827/2488/1471 6828/2487/1470
f 6829/2594/1216 6830/2388/1216 6831/2406/1216
s 0
f 6829/2594/1314 6831/2406/1314 6832/2405/1314
f 6833/2594/1218 6834/2405/1218 6835/2404/1218
f 6833/2594/1217 6835/2404/1217 6836/2488/1217
s 1
f 6837/2592/1472 6838/2591/1472 6839/2595/1472
f 6837/2592/1472 6839/2595/1472 6840/2392/1472
f 6841/2595/1473 6842/2591/1473 6843/2596/1473
f 6841/2595/1473 6843/2596/1473 6844/2597/1473
f 6845/2595/1474 6846/2597/1474 6847/2598/1475
f 6845/2595/1474 6847/2598/1475 6848/2599/1475
f 6849/2595/1476 6850/2599/1476 6851/2390/1476
f 6849/2595/1476 6851/2390/1476 6852/2392/1476
f 6853/2599/1477 6854/2598/1478 6855/2600/1477
f 6853/2599/1477 6855/2600/1477 6856/2601/1477
f 6857/2599/1479 6858/2601/1479 6859/2391/1480
f 6857/2599/1479 6859/2391/1480 6860/2390/1481
f 6861/2601/1482 6862/2602/1482 6863/2603/1482
f 6861/2601/1482 6863/2603/1482 6864/2391/1482
f 6865/2601/1483 6866/2600/1483 6867/2604/1483
f 6865/2601/1483 6867/2604/1483 6868/2602/1483
f 6869/2604/1484 6870/2605/1484 6871/2606/1484
f 6869/2604/1484 6871/2606/1484 6872/2602/1484
f 6873/2604/1485 6874/2600/1485 6875/2607/1485
f 6873/2604/1485 6875/2607/1485 6876/2608/1486
f 6877/2604/1487 6878/2608/1487 6879/2609/1487
f 6877/2604/1487 6879/2609/1487 6880/2605/1487
f 6881/2610/1488 6882/2611/1489 6883/2612/1488
f 6881/2610/1488 6883/2612/1488 6884/2613/1489
f 6885/2614/1490 6886/2615/1490 6887/2616/1490
f 6885/2614/1490 6887/2616/1490 6888/2617/1490
f 6889/2618/1491 6890/2619/1492 6891/2620/1492
f 6889/2618/1491 6891/2620/1492 6892/2621/1493
f 6893/2617/1494 6894/2616/1494 6895/2622/1494
f 6893/2617/1494 6895/2622/1494 6896/2623/1494
f 6897/2617/1495 6898/2623/1495 6899/2510/1496
f 6897/2617/1495 6899/2510/1496 6900/2509/1497
f 6901/2624/1498 6902/2625/1499 6903/2626/1500
f 6901/2624/1498 6903/2626/1500 6904/2627/1499
f 6905/2623/1501 6906/2628/1502 6907/2512/1502
f 6905/2623/1501 6907/2512/1502 6908/2510/1501
f 6909/2629/1503 6910/2630/1503 6911/2631/1503
f 6909/2629/1503 6911/2631/1503 6912/2632/1503
f 6913/2628/1504 6914/2633/1504 6915/2514/1504
f 6913/2628/1504 6915/2514/1504 6916/2512/1505
f 6917/2633/1506 6918/2634/1506 6919/2635/1507
f 6917/2633/1506 6919/2635/1507 6920/2636/1507
f 6921/2633/1508 6922/2636/1508 6923/2637/1508
f 6921/2633/1508 6923/2637/1508 6924/2514/1508
f 6925/2637/1509 6926/2517/1509 6927/2515/1510
f 6925/2637/1509 6927/2515/1510 6928/2514/1509
f 6929/2637/1511 6930/2636/1512 6931/2334/1511
f 6929/2637/1511 6931/2334/1511 6932/2333/1512
f 6933/2637/1513 6934/2333/1514 6935/2519/1514
f 6933/2637/1513 6935/2519/1514 6936/2517/1514
f 6937/2636/1515 6938/2635/1515 6939/2335/1516
f 6937/2636/1515 6939/2335/1516 6940/2334/1515
f 6941/2635/1517 6942/2634/1517 6943/2638/1517
f 6941/2635/1517 6943/2638/1517 6944/2372/1517
f 6945/2635/1518 6946/2372/1519 6947/2371/1520
f 6945/2635/1518 6947/2371/1520 6948/2335/1520
f 6949/2639/1521 6950/2631/1522 6951/2630/1522
f 6949/2639/1521 6951/2630/1522 6952/2640/1521
f 6953/2638/1523 6954/2641/1524 6955/2642/1523
f 6953/2638/1523 6955/2642/1523 6956/2643/1523
f 6957/2638/1525 6958/2643/1525 6959/2367/1525
f 6957/2638/1525 6959/2367/1525 6960/2372/1525
f 6961/2643/1526 6962/2644/1526 6963/2368/1526
f 6961/2643/1526 6963/2368/1526 6964/2367/1526
f 6965/2643/1527 6966/2642/1527 6967/2645/1528
f 6965/2643/1527 6967/2645/1528 6968/2644/1528
f 6969/2645/1529 6970/2646/1530 6971/2647/1530
f 6969/2645/1529 6971/2647/1530 6972/2644/1529
f 6973/2645/1531 6974/2642/1532 6975/2648/1531
f 6973/2645/1531 6975/2648/1531 6976/2649/1532
f 6977/2645/1533 6978/2649/1533 6979/2650/1533
f 6977/2645/1533 6979/2650/1533 6980/2646/1533
f 6981/2650/1534 6982/2651/1535 6983/2652/1534
f 6981/2650/1534 6983/2652/1534 6984/2646/1536
f 6985/2650/1537 6986/2649/1538 6987/2653/1538
f 6985/2650/1537 6987/2653/1538 6988/2654/1539
f 6989/2650/1540 6990/2654/1541 6991/2655/1542
f 6989/2650/1540 6991/2655/1542 6992/2651/1543
f 6993/2655/1544 6994/2656/1544 6995/2657/1544
f 6993/2655/1544 6995/2657/1544 6996/2651/1544
f 6997/2658/1545 6998/2659/1546 6999/2660/1545
f 6997/2658/1545 6999/2660/1545 7000/2661/1545
f 7001/2658/1547 7002/2661/1547 7003/2662/1547
f 7001/2658/1547 7003/2662/1547 7004/2663/1547
f 7005/2664/1548 7006/2665/1549 7007/2666/1548
f 7005/2664/1548 7007/2666/1548 7008/2667/1548
f 7009/2662/1550 7010/2661/1551 7011/2588/1550
f 7009/2662/1550 7011/2588/1550 7012/2586/1551
f 7013/2662/1552 7014/2586/1552 7015/2584/1552
f 7013/2662/1552 7015/2584/1552 7016/2668/1552
f 7017/2665/1553 7018/2669/1554 7019/2670/1553
f 7017/2665/1553 7019/2670/1553 7020/2666/1553
f 7021/2668/1555 7022/2584/1555 7023/2564/1555
f 7021/2668/1555 7023/2564/1555 7024/2563/1555
f 7025/2661/1556 7026/2660/1557 7027/2596/1557
f 7025/2661/1556 7027/2596/1557 7028/2588/1556
f 7029/2660/1558 7030/2659/1558 7031/2671/1558
f 7029/2660/1558 7031/2671/1558 7032/2672/1558
f 7033/2660/1559 7034/2672/1559 7035/2597/1559
f 7033/2660/1559 7035/2597/1559 7036/2596/1559
f 7037/2672/1560 7038/2671/1560 7039/2673/1560
f 7037/2672/1560 7039/2673/1560 7040/2674/1560
f 7041/2672/1561 7042/2674/1562 7043/2598/1561
f 7041/2672/1561 7043/2598/1561 7044/2597/1562
f 7045/2674/1563 7046/2673/1563 7047/2675/1563
f 7045/2674/1563 7047/2675/1563 7048/2607/1563
f 7049/2674/1564 7050/2607/1564 7051/2600/1564
f 7049/2674/1564 7051/2600/1564 7052/2598/1564
f 7053/2676/1565 7054/2677/1566 7055/2678/1565
f 7053/2676/1565 7055/2678/1565 7056/2679/1565
f 7057/2680/1567 7058/2681/1568 7059/2648/1568
f 7057/2680/1567 7059/2648/1568 7060/2682/1567
f 7061/2680/1569 7062/2682/1569 7063/2622/1570
f 7061/2680/1569 7063/2622/1570 7064/2616/1570
f 7065/2682/1571 7066/2648/1571 7067/2642/1571
f 7065/2682/1571 7067/2642/1571 7068/2641/1571
f 7069/2683/1572 7070/2684/1573 7071/2685/1574
f 7069/2683/1572 7071/2685/1574 7072/2686/1575
f 7073/2681/1576 7074/2653/1577 7075/2649/1576
f 7073/2681/1576 7075/2649/1576 7076/2648/1576
s 0
f 7077/2657/1578 7078/2540/1578 7079/2538/1578
s 1
f 7077/2657/1579 7079/2538/1579 7080/2537/1579
f 7081/2657/1580 7082/2537/1580 7083/2652/1580
s 0
f 7081/2657/1581 7083/2652/1581 7084/2651/1581
s 1
f 7085/2657/1582 7086/2656/1582 7087/2687/1582
f 7085/2657/1582 7087/2687/1582 7088/2540/1582
s 0
f 7089/2652/1583 7090/2537/1583 7091/2535/1583
f 7089/2652/1583 7091/2535/1583 7092/2688/1583
s 1
f 7093/2652/1584 7094/2688/1584 7095/2647/1584
f 7093/2652/1584 7095/2647/1584 7096/2646/1585
s 0
f 7097/2688/1586 7098/2535/1586 7099/2533/1586
f 7097/2688/1587 7099/2533/1587 7100/2689/1587
s 1
f 7101/2688/1588 7102/2689/1589 7103/2690/1590
f 7101/2688/1588 7103/2690/1590 7104/2647/1589
f 7105/2690/1591 7106/2689/1592 7107/2691/1593
f 7105/2690/1591 7107/2691/1593 7108/2692/1594
f 7109/2690/1595 7110/2692/1596 7111/2369/1596
f 7109/2690/1595 7111/2369/1596 7112/2368/1596
f 7113/2690/1597 7114/2368/1597 7115/2644/1597
f 7113/2690/1597 7115/2644/1597 7116/2647/1597
s 0
f 7117/2692/1598 7118/2691/1598 7119/2693/1598
f 7117/2692/1599 7119/2693/1599 7120/2694/1599
s 1
f 7121/2692/1600 7122/2694/1600 7123/2370/1601
f 7121/2692/1600 7123/2370/1601 7124/2369/1600
s 0
f 7125/2694/1602 7126/2693/1602 7127/2695/1602
f 7125/2694/1603 7127/2695/1603 7128/2337/1603
f 7129/2694/1604 7130/2337/1604 7131/2336/1604
s 1
f 7129/2694/1605 7131/2336/1605 7132/2370/1605
f 7133/2695/1606 7134/2524/1607 7135/2522/1608
f 7133/2695/1606 7135/2522/1608 7136/2521/1607
f 7137/2695/1609 7138/2521/1609 7139/2332/1610
f 7137/2695/1609 7139/2332/1610 7140/2337/1611
s 0
f 7141/2695/1587 7142/2693/1587 7143/2531/1587
f 7141/2695/1612 7143/2531/1612 7144/2524/1612
f 7145/2693/1613 7146/2691/1613 7147/2532/1613
f 7145/2693/1413 7147/2532/1413 7148/2531/1413
f 7149/2691/1614 7150/2689/1614 7151/2533/1614
f 7149/2691/1411 7151/2533/1411 7152/2532/1411
s 1
f 7153/2606/1615 7154/2502/1615 7155/2696/1615
f 7153/2606/1615 7155/2696/1615 7156/2697/1615
f 7157/2606/1616 7158/2697/1617 7159/2603/1617
f 7157/2606/1616 7159/2603/1617 7160/2602/1617
f 7161/2606/1618 7162/2605/1618 7163/2503/1618
f 7161/2606/1618 7163/2503/1618 7164/2502/1618
f 7165/2697/1619 7166/2696/1620 7167/2698/1621
f 7165/2697/1619 7167/2698/1621 7168/2699/1620
f 7169/2697/1622 7170/2699/1623 7171/2700/1623
f 7169/2697/1622 7171/2700/1623 7172/2603/1623
f 7173/2700/1624 7174/2699/1625 7175/2401/1625
f 7173/2700/1624 7175/2401/1625 7176/2406/1625
f 7177/2700/1626 7178/2406/1627 7179/2388/1626
f 7177/2700/1626 7179/2388/1626 7180/2387/1627
f 7181/2700/1628 7182/2387/1628 7183/2391/1628
f 7181/2700/1628 7183/2391/1628 7184/2603/1628
s 0
f 7185/2699/1629 7186/2698/1629 7187/2402/1629
f 7185/2699/1630 7187/2402/1630 7188/2401/1630
s 1
f 7189/2698/1631 7190/2496/1632 7191/2492/1632
f 7189/2698/1631 7191/2492/1632 7192/2402/1632
f 7193/2698/1633 7194/2696/1633 7195/2497/1633
f 7193/2698/1633 7195/2497/1633 7196/2496/1634
f 7197/2696/1635 7198/2502/1635 7199/2499/1635
f 7197/2696/1635 7199/2499/1635 7200/2497/1635
f 7201/2596/1636 7202/2591/1636 7203/2589/1636
f 7201/2596/1636 7203/2589/1636 7204/2588/1636
f 7205/2531/1637 7206/2527/1638 7207/2525/1639
f 7205/2531/1637 7207/2525/1639 7208/2524/1637
f 7209/2521/1640 7210/2519/1641 7211/2333/1642
f 7209/2521/1640 7211/2333/1642 7212/2332/1641
f 7213/2492/1643 7214/2490/1644 7215/2403/1645
f 7213/2492/1643 7215/2403/1645 7216/2402/1646
f 7217/2482/1647 7218/2480/1648 7219/2383/1649
f 7217/2482/1647 7219/2383/1649 7220/2385/1650
f 7221/2473/1651 7222/2472/1652 7223/2412/1652
f 7221/2473/1651 7223/2412/1652 7224/2411/1652
f 7225/2473/1653 7226/2411/1654 7227/2701/1654
f 7225/2473/1653 7227/2701/1654 7228/2465/1654
f 7229/2701/1655 7230/2411/1655 7231/2410/1655
f 7229/2701/1655 7231/2410/1655 7232/2702/1656
f 7233/2701/1657 7234/2702/1657 7235/2703/1657
f 7233/2701/1657 7235/2703/1657 7236/2459/1657
f 7237/2701/1658 7238/2459/1659 7239/2458/1660
f 7237/2701/1658 7239/2458/1660 7240/2465/1660
f 7241/2703/1661 7242/2702/1662 7243/2704/1661
f 7241/2703/1661 7243/2704/1661 7244/2705/1662
f 7245/2706/1663 7246/2707/1663 7247/2708/1663
f 7245/2706/1663 7247/2708/1663 7248/2709/1664
f 7249/2710/1665 7250/2711/1665 7251/2712/1665
f 7249/2710/1665 7251/2712/1665 7252/2713/1666
f 7253/2709/1667 7254/2708/1667 7255/2714/1667
f 7253/2709/1667 7255/2714/1667 7256/2715/1667
f 7257/2716/1668 7258/2717/1669 7259/2718/1668
f 7257/2716/1668 7259/2718/1668 7260/2719/1668
s 0
f 7261/2715/1670 7262/2714/1670 7263/2312/1670
s 1
f 7261/2715/1671 7263/2312/1671 7264/2319/1671
f 7265/2715/1672 7266/2319/1673 7267/2446/1673
f 7265/2715/1672 7267/2446/1673 7268/2451/1672
f 7269/2714/1674 7270/2708/1674 7271/2720/1674
f 7269/2714/1674 7271/2720/1674 7272/2721/1674
f 7273/2714/1675 7274/2721/1676 7275/2316/1676
f 7273/2714/1675 7275/2316/1676 7276/2312/1676
f 7277/2721/1677 7278/2720/1677 7279/2722/1677
f 7277/2721/1677 7279/2722/1677 7280/2723/1677
f 7281/2721/1678 7282/2723/1678 7283/2373/1678
f 7281/2721/1678 7283/2373/1678 7284/2316/1678
f 7285/2723/1679 7286/2722/1679 7287/2724/1679
f 7285/2723/1679 7287/2724/1679 7288/2725/1679
f 7289/2723/1680 7290/2725/1680 7291/2726/1680
f 7289/2723/1680 7291/2726/1680 7292/2373/1680
f 7293/2726/1681 7294/2725/1681 7295/2727/1681
f 7293/2726/1681 7295/2727/1681 7296/2728/1681
f 7297/2726/1682 7298/2728/1683 7299/2729/1683
f 7297/2726/1682 7299/2729/1683 7300/2730/1683
f 7301/2726/1684 7302/2730/1685 7303/2363/1684
f 7301/2726/1684 7303/2363/1684 7304/2373/1686
f 7305/2731/1687 7306/2732/1688 7307/2733/1689
f 7305/2731/1687 7307/2733/1689 7308/2734/1689
f 7309/2730/1690 7310/2735/1690 7311/2364/1691
f 7309/2730/1690 7311/2364/1691 7312/2363/1690
f 7313/2736/1692 7314/2737/1693 7315/2738/1693
f 7313/2736/1692 7315/2738/1693 7316/2739/1692
f 7317/2736/1694 7318/2739/1694 7319/2418/1694
f 7317/2736/1694 7319/2418/1694 7320/2740/1694
f 7321/2739/1695 7322/2738/1696 7323/2741/1695
f 7321/2739/1695 7323/2741/1695 7324/2742/1695
f 7325/2739/1697 7326/2742/1697 7327/2419/1697
f 7325/2739/1697 7327/2419/1697 7328/2418/1697
f 7329/2742/1698 7330/2741/1699 7331/2743/1700
f 7329/2742/1698 7331/2743/1700 7332/2744/1699
f 7333/2742/1701 7334/2744/1702 7335/2420/1701
f 7333/2742/1701 7335/2420/1701 7336/2419/1701
f 7337/2744/1703 7338/2743/1703 7339/2745/1704
f 7337/2744/1703 7339/2745/1704 7340/2746/1703
f 7341/2744/1705 7342/2746/1705 7343/2747/1706
f 7341/2744/1705 7343/2747/1706 7344/2420/1707
f 7345/2747/1708 7346/2746/1709 7347/2748/1708
f 7345/2747/1708 7347/2748/1708 7348/2749/1708
f 7349/2747/1710 7350/2749/1711 7351/2704/1712
f 7349/2747/1710 7351/2704/1712 7352/2409/1712
f 7353/2747/1713 7354/2409/1713 7355/2408/1714
f 7353/2747/1713 7355/2408/1714 7356/2420/1713
f 7357/2750/1715 7358/2751/1716 7359/2752/1716
f 7357/2750/1715 7359/2752/1716 7360/2753/1716
f 7361/2754/1717 7362/2755/1718 7363/2756/1719
f 7361/2754/1717 7363/2756/1719 7364/2757/1720
f 7365/2753/1721 7366/2752/1721 7367/2722/1721
f 7365/2753/1721 7367/2722/1721 7368/2720/1721
f 7369/2753/1722 7370/2720/1722 7371/2708/1722
f 7369/2753/1722 7371/2708/1722 7372/2707/1722
f 7373/2752/1723 7374/2751/1723 7375/2758/1723
f 7373/2752/1723 7375/2758/1723 7376/2759/1724
f 7377/2752/1725 7378/2759/1725 7379/2724/1726
f 7377/2752/1725 7379/2724/1726 7380/2722/1725
f 7381/2759/1727 7382/2758/1728 7383/2379/1728
f 7381/2759/1727 7383/2379/1728 7384/2378/1727
f 7385/2759/1729 7386/2378/1729 7387/2380/1730
f 7385/2759/1729 7387/2380/1730 7388/2724/1729
f 7389/2760/1731 7390/2745/1731 7391/2398/1732
f 7389/2760/1731 7391/2398/1732 7392/2761/1733
f 7393/2760/1734 7394/2748/1734 7395/2746/1734
f 7393/2760/1734 7395/2746/1734 7396/2745/1734
f 7397/2745/1735 7398/2743/1735 7399/2394/1735
f 7397/2745/1735 7399/2394/1735 7400/2398/1735
f 7401/2743/1736 7402/2741/1737 7403/2395/1738
f 7401/2743/1736 7403/2395/1738 7404/2394/1737
f 7405/2741/1739 7406/2738/1740 7407/2762/1741
f 7405/2741/1739 7407/2762/1741 7408/2395/1741
f 7409/2762/1742 7410/2763/1743 7411/2764/1744
f 7409/2762/1742 7411/2764/1744 7412/2765/1743
f 7413/2762/1745 7414/2765/1745 7415/2396/1745
f 7413/2762/1745 7415/2396/1745 7416/2395/1745
f 7417/2762/1746 7418/2738/1747 7419/2737/1747
f 7417/2762/1746 7419/2737/1747 7420/2763/1747
f 7421/2765/1748 7422/2764/1748 7423/2766/1749
f 7421/2765/1748 7423/2766/1749 7424/2767/1749
f 7425/2765/1750 7426/2767/1751 7427/2399/1752
f 7425/2765/1750 7427/2399/1752 7428/2396/1751
f 7429/2768/1753 7430/2769/1754 7431/2770/1753
f 7429/2768/1753 7431/2770/1753 7432/2771/1754
f 7433/2768/1755 7434/2771/1755 7435/2376/1755
f 7433/2768/1755 7435/2376/1755 7436/2772/1755
f 7437/2771/1756 7438/2770/1756 7439/2773/1757
f 7437/2771/1756 7439/2773/1757 7440/2774/1756
f 7441/2771/1758 7442/2774/1759 7443/2377/1760
f 7441/2771/1758 7443/2377/1760 7444/2376/1759
f 7445/2774/1761 7446/2773/1761 7447/2728/1762
f 7445/2774/1761 7447/2728/1762 7448/2727/1762
f 7449/2774/1763 7450/2727/1763 7451/2380/1763
f 7449/2774/1763 7451/2380/1763 7452/2377/1763
f 7453/2775/1764 7454/2776/1764 7455/2777/1764
f 7453/2775/1764 7455/2777/1764 7456/2778/1764
f 7457/2775/1765 7458/2778/1766 7459/2733/1765
f 7457/2775/1765 7459/2733/1765 7460/2732/1765
f 7461/2727/1767 7462/2725/1767 7463/2724/1767
f 7461/2727/1767 7463/2724/1767 7464/2380/1767
f 7465/2704/1768 7466/2702/1769 7467/2410/1768
f 7465/2704/1768 7467/2410/1768 7468/2409/1768
f 7469/2467/1770 7470/2466/1770 7471/2339/1770
f 7469/2467/1770 7471/2339/1770 7472/2338/1770
f 7473/2422/1771 7474/2415/1772 7475/2407/1773
f 7473/2422/1771 7475/2407/1773 7476/2414/1772
f 7477/2418/1774 7478/2417/1774 7479/2426/1775
f 7477/2418/1774 7479/2426/1775 7480/2740/1774
f 7481/2772/1776 7482/2376/1776 7483/2375/1777
f 7481/2772/1776 7483/2375/1777 7484/2779/1777
f 7485/2780/1778 7486/2781/1779 7487/2782/1779
f 7485/2780/1778 7487/2782/1779 7488/2783/1778
f 7489/2371/1780 7490/2370/1781 7491/2336/1782
f 7489/2371/1780 7491/2336/1782 7492/2335/1783
s 0
f 7493/2566/1784 7494/2345/1784 7495/2341/1784
f 7493/2566/1785 7495/2341/1785 7496/2346/1785
s 1
f 7497/2555/1786 7498/2784/1786 7499/2322/1786
f 7497/2555/1786 7499/2322/1786 7500/2321/1787
f 7501/2785/1788 7502/2777/1789 7503/2776/1789
f 7501/2785/1788 7503/2776/1789 7504/2786/1790
f 7505/2787/1791 7506/2788/1791 7507/2789/1792
f 7505/2787/1791 7507/2789/1792 7508/2790/1792
f 7509/2791/1793 7510/2792/1794 7511/2793/1794
f 7509/2791/1793 7511/2793/1794 7512/2794/1795
f 7513/2791/1796 7514/2794/1797 7515/2795/1797
f 7513/2791/1796 7515/2795/1797 7516/2796/1797
f 7517/2797/1798 7518/2798/1799 7519/2799/1798
f 7517/2797/1798 7519/2799/1798 7520/2800/1798
f 7521/2797/1800 7522/2800/1801 7523/2801/1801
f 7521/2797/1800 7523/2801/1801 7524/2802/1800
f 7525/2797/1802 7526/2803/1803 7527/2804/1803
f 7525/2797/1802 7527/2804/1803 7528/2798/1802
f 7529/2805/1804 7530/2806/1804 7531/2807/1804
f 7529/2805/1804 7531/2807/1804 7532/2808/1804
f 7533/2805/1805 7534/2808/1805 7535/2809/1805
f 7533/2805/1805 7535/2809/1805 7536/2810/1805
f 7537/2805/1806 7538/2811/1806 7539/2812/1806
f 7537/2805/1806 7539/2812/1806 7540/2806/1806
f 7541/2805/1807 7542/2813/1808 7543/2814/1808
f 7541/2805/1807 7543/2814/1808 7544/2811/1807
f 7545/2805/1809 7546/2810/1809 7547/2815/1809
f 7545/2805/1809 7547/2815/1809 7548/2813/1810
f 7549/2816/1811 7550/2817/1812 7551/2818/1813
f 7549/2816/1811 7551/2818/1813 7552/2819/1812
f 7553/2816/1814 7554/2820/1815 7555/2821/1814
f 7553/2816/1814 7555/2821/1814 7556/2817/1815
f 7557/2816/1816 7558/2819/1817 7559/2822/1817
f 7557/2816/1816 7559/2822/1817 7560/2820/1818
f 7561/2823/1819 7562/2824/1819 7563/2825/1819
f 7561/2823/1819 7563/2825/1819 7564/2826/1819
f 7565/2823/1820 7566/2827/1820 7567/2828/1821
f 7565/2823/1820 7567/2828/1821 7568/2829/1821
f 7569/2823/1822 7570/2829/1823 7571/2830/1823
f 7569/2823/1822 7571/2830/1823 7572/2824/1823
f 7573/2831/1824 7574/2832/1825 7575/2825/1824
f 7573/2831/1824 7575/2825/1824 7576/2824/1824
f 7577/2833/1826 7578/2834/1827 7579/2813/1828
f 7577/2833/1826 7579/2813/1828 7580/2815/1829
f 7581/2833/1830 7582/2815/1830 7583/2835/1831
f 7581/2833/1830 7583/2835/1831 7584/2836/1830
f 7585/2833/1832 7586/2836/1833 7587/2837/1832
f 7585/2833/1832 7587/2837/1832 7588/2834/1833
f 7589/2838/1834 7590/2839/1835 7591/2801/1835
f 7589/2838/1834 7591/2801/1835 7592/2800/1835
f 7593/2838/1836 7594/2800/1837 7595/2799/1836
f 7593/2838/1836 7595/2799/1836 7596/2840/1836
f 7597/2838/1838 7598/2840/1838 7599/2841/1838
f 7597/2838/1838 7599/2841/1838 7600/2839/1838
f 7601/2842/1839 7602/2843/1840 7603/2844/1841
f 7601/2842/1839 7603/2844/1841 7604/2845/1842
f 7605/2841/1843 7606/2840/1844 7607/2846/1843
f 7605/2841/1843 7607/2846/1843 7608/2847/1843
f 7609/2841/1845 7610/2848/1846 7611/2849/1845
f 7609/2841/1845 7611/2849/1845 7612/2850/1845
f 7613/2841/1847 7614/2850/1847 7615/2801/1847
f 7613/2841/1847 7615/2801/1847 7616/2839/1847
f 7617/2851/1848 7618/2852/1849 7619/2853/1849
f 7617/2851/1848 7619/2853/1849 7620/2854/1848
f 7621/2851/1850 7622/2855/1850 7623/2856/1850
f 7621/2851/1850 7623/2856/1850 7624/2852/1850
f 7625/2851/1851 7626/2854/1851 7627/2857/1852
f 7625/2851/1851 7627/2857/1852 7628/2855/1851
f 7629/2850/1853 7630/2858/1853 7631/2802/1853
f 7629/2850/1853 7631/2802/1853 7632/2801/1853
f 7633/2859/1854 7634/2860/1855 7635/2861/1856
f 7633/2859/1854 7635/2861/1856 7636/2862/1855
f 7637/2859/1857 7638/2862/1857 7639/2863/1858
f 7637/2859/1857 7639/2863/1858 7640/2864/1859
f 7641/2859/1860 7642/2864/1860 7643/2865/1861
f 7641/2859/1860 7643/2865/1861 7644/2860/1861
s 0
f 7645/2866/1862 7646/2828/1862 7647/2827/1862
s 1
f 7645/2866/1863 7647/2827/1863 7648/2867/1863
f 7649/2866/1864 7650/2867/1864 7651/2868/1864
f 7649/2866/1864 7651/2868/1864 7652/2869/1864
f 7653/2866/1865 7654/2869/1866 7655/2870/1867
f 7653/2866/1865 7655/2870/1867 7656/2828/1866
f 7657/2871/1868 7658/2872/1869 7659/2873/1869
f 7657/2871/1868 7659/2873/1869 7660/2874/1868
f 7661/2871/1870 7662/2874/1871 7663/2875/1872
f 7661/2871/1870 7663/2875/1872 7664/2876/1871
f 7665/2871/1873 7666/2876/1873 7667/2877/1874
f 7665/2871/1873 7667/2877/1874 7668/2872/1873
f 7669/2878/1875 7670/2879/1875 7671/2880/1876
f 7669/2878/1875 7671/2880/1876 7672/2881/1877
f 7673/2878/1878 7674/2881/1879 7675/2882/1880
f 7673/2878/1878 7675/2882/1880 7676/2883/1881
f 7677/2878/1882 7678/2883/1882 7679/2884/1883
f 7677/2878/1882 7679/2884/1883 7680/2879/1882
s 0
f 7681/2885/1884 7682/2886/1884 7683/2887/1884
f 7681/2885/1885 7683/2887/1885 7684/2888/1885
s 1
f 7685/2885/1886 7686/2889/1886 7687/2890/1886
s 0
f 7685/2885/1887 7687/2890/1887 7688/2886/1887
s 1
f 7689/2885/1888 7690/2888/1889 7691/2891/1890
f 7689/2885/1888 7691/2891/1890 7692/2889/1888
f 7693/2892/1891 7694/2893/1892 7695/2894/1893
f 7693/2892/1891 7695/2894/1893 7696/2895/1893
f 7697/2892/1894 7698/2896/1895 7699/2897/1896
f 7697/2892/1894 7699/2897/1896 7700/2893/1895
f 7701/2892/1897 7702/2898/1897 7703/2899/1898
f 7701/2892/1897 7703/2899/1898 7704/2896/1897
f 7705/2892/1899 7706/2895/1900 7707/2900/1900
f 7705/2892/1899 7707/2900/1900 7708/2901/1899
f 7709/2900/1901 7710/2902/1901 7711/2903/1901
f 7709/2900/1901 7711/2903/1901 7712/2904/1901
f 7713/2900/1902 7714/2895/1903 7715/2905/1902
f 7713/2900/1902 7715/2905/1902 7716/2902/1902
f 7717/2900/1904 7718/2904/1904 7719/2906/1905
f 7717/2900/1904 7719/2906/1905 7720/2901/1904
f 7721/2906/1906 7722/2907/1907 7723/2908/1907
f 7721/2906/1906 7723/2908/1907 7724/2901/1907
f 7725/2906/1908 7726/2909/1908 7727/2910/1908
f 7725/2906/1908 7727/2910/1908 7728/2907/1908
f 7729/2906/1909 7730/2904/1909 7731/2911/1909
f 7729/2906/1909 7731/2911/1909 7732/2909/1910
f 7733/2910/1911 7734/2912/1911 7735/2913/1911
f 7733/2910/1911 7735/2913/1911 7736/2907/1911
f 7737/2910/1912 7738/2914/1912 7739/2915/1913
f 7737/2910/1912 7739/2915/1913 7740/2912/1913
f 7741/2910/1914 7742/2909/1914 7743/2916/1914
f 7741/2910/1914 7743/2916/1914 7744/2914/1914
f 7745/2917/1915 7746/2918/1915 7747/2919/1915
f 7745/2917/1915 7747/2919/1915 7748/2920/1915
f 7749/2917/1916 7750/2847/1916 7751/2846/1916
f 7749/2917/1916 7751/2846/1916 7752/2918/1916
f 7753/2918/1917 7754/2921/1917 7755/2922/1917
f 7753/2918/1917 7755/2922/1917 7756/2919/1917
f 7757/2918/1918 7758/2846/1919 7759/2923/1919
f 7757/2918/1918 7759/2923/1919 7760/2921/1918
f 7761/2923/1920 7762/2846/1920 7763/2840/1921
f 7761/2923/1920 7763/2840/1921 7764/2799/1920
f 7765/2923/1922 7766/2924/1923 7767/2925/1924
f 7765/2923/1922 7767/2925/1924 7768/2921/1925
f 7769/2923/1926 7770/2799/1926 7771/2798/1927
f 7769/2923/1926 7771/2798/1927 7772/2924/1926
f 7773/2924/1928 7774/2926/1929 7775/2927/1929
f 7773/2924/1928 7775/2927/1929 7776/2925/1928
f 7777/2924/1930 7778/2798/1930 7779/2804/1930
f 7777/2924/1930 7779/2804/1930 7780/2926/1930
f 7781/2926/1931 7782/2928/1931 7783/2929/1932
f 7781/2926/1931 7783/2929/1932 7784/2927/1932
f 7785/2926/1933 7786/2804/1933 7787/2930/1934
f 7785/2926/1933 7787/2930/1934 7788/2928/1934
f 7789/2930/1935 7790/2804/1936 7791/2803/1936
f 7789/2930/1935 7791/2803/1936 7792/2931/1936
f 7793/2930/1937 7794/2932/1937 7795/2933/1937
f 7793/2930/1937 7795/2933/1937 7796/2928/1937
f 7797/2930/1938 7798/2931/1938 7799/2934/1939
f 7797/2930/1938 7799/2934/1939 7800/2932/1938
f 7801/2934/1940 7802/2931/1940 7803/2935/1940
f 7801/2934/1940 7803/2935/1940 7804/2936/1940
f 7805/2934/1941 7806/2937/1941 7807/2938/1942
f 7805/2934/1941 7807/2938/1942 7808/2932/1941
f 7809/2934/1943 7810/2936/1943 7811/2939/1943
f 7809/2934/1943 7811/2939/1943 7812/2937/1943
f 7813/2939/1944 7814/2936/1944 7815/2940/1944
f 7813/2939/1944 7815/2940/1944 7816/2941/1944
f 7817/2939/1945 7818/2811/1946 7819/2814/1946
f 7817/2939/1945 7819/2814/1946 7820/2937/1946
f 7821/2939/1947 7822/2941/1947 7823/2812/1947
f 7821/2939/1947 7823/2812/1947 7824/2811/1947
f 7825/2942/1948 7826/2943/1948 7827/2944/1949
f 7825/2942/1948 7827/2944/1949 7828/2945/1948
f 7829/2940/1950 7830/2936/1950 7831/2935/1950
f 7829/2940/1950 7831/2935/1950 7832/2946/1950
f 7833/2942/1951 7834/2945/1951 7835/2947/1952
f 7833/2942/1951 7835/2947/1952 7836/2948/1952
f 7837/2947/1953 7838/2945/1954 7839/2949/1953
f 7837/2947/1953 7839/2949/1953 7840/2950/1953
f 7841/2947/1955 7842/2951/1955 7843/2952/1955
f 7841/2947/1955 7843/2952/1955 7844/2948/1955
f 7845/2947/1956 7846/2950/1956 7847/2953/1956
f 7845/2947/1956 7847/2953/1956 7848/2951/1956
f 7849/2953/1957 7850/2950/1957 7851/2954/1958
f 7849/2953/1957 7851/2954/1958 7852/2955/1957
f 7853/2953/1959 7854/2827/1960 7855/2823/1961
f 7853/2953/1959 7855/2823/1961 7856/2951/1962
f 7857/2953/1963 7858/2955/1963 7859/2867/1963
f 7857/2953/1963 7859/2867/1963 7860/2827/1964
f 7861/2954/1965 7862/2956/1965 7863/2957/1965
f 7861/2954/1965 7863/2957/1965 7864/2958/1965
f 7865/2954/1966 7866/2950/1966 7867/2949/1966
f 7865/2954/1966 7867/2949/1966 7868/2956/1966
f 7869/2954/1967 7870/2958/1968 7871/2959/1968
f 7869/2954/1967 7871/2959/1968 7872/2955/1968
f 7873/2959/1969 7874/2958/1970 7875/2960/1970
f 7873/2959/1969 7875/2960/1970 7876/2961/1970
f 7877/2959/1971 7878/2868/1971 7879/2867/1971
f 7877/2959/1971 7879/2867/1971 7880/2955/1971
f 7881/2959/1972 7882/2961/1972 7883/2962/1973
f 7881/2959/1972 7883/2962/1973 7884/2868/1972
f 7885/2962/1974 7886/2961/1975 7887/2963/1976
f 7885/2962/1974 7887/2963/1976 7888/2964/1974
s 0
f 7889/2962/1977 7890/2965/1977 7891/2869/1977
f 7889/2962/1978 7891/2869/1978 7892/2868/1978
f 7893/2962/1979 7894/2964/1979 7895/2966/1979
f 7893/2962/1980 7895/2966/1980 7896/2965/1980
f 7897/2966/1981 7898/2967/1981 7899/2968/1981
f 7897/2966/1982 7899/2968/1982 7900/2965/1982
f 7901/2966/1887 7902/2969/1887 7903/2970/1887
f 7901/2966/1983 7903/2970/1983 7904/2967/1983
f 7905/2966/1984 7906/2964/1984 7907/2971/1984
f 7905/2966/1985 7907/2971/1985 7908/2969/1985
f 7909/2971/1986 7910/2972/1986 7911/2973/1986
f 7909/2971/1985 7911/2973/1985 7912/2969/1985
f 7913/2971/1886 7914/2974/1886 7915/2890/1886
f 7913/2971/1987 7915/2890/1987 7916/2972/1987
s 1
f 7917/2971/1988 7918/2964/1982 7919/2963/1988
f 7917/2971/1988 7919/2963/1988 7920/2974/1988
s 0
f 7921/2974/1989 7922/2975/1989 7923/2886/1989
s 1
f 7921/2974/1989 7923/2886/1989 7924/2890/1989
f 7925/2974/1990 7926/2963/1991 7927/2976/1991
f 7925/2974/1990 7927/2976/1991 7928/2975/1991
s 0
f 7929/2976/1992 7930/2977/1992 7931/2978/1992
f 7929/2976/1993 7931/2978/1993 7932/2975/1993
f 7933/2976/1994 7934/2960/1994 7935/2979/1994
f 7933/2976/1995 7935/2979/1995 7936/2977/1995
s 1
f 7937/2976/1996 7938/2963/1997 7939/2961/1998
f 7937/2976/1996 7939/2961/1998 7940/2960/1999
f 7941/2979/2000 7942/2899/2000 7943/2980/2001
f 7941/2979/2000 7943/2980/2001 7944/2977/2000
f 7945/2979/2002 7946/2957/2002 7947/2896/2002
f 7945/2979/2002 7947/2896/2002 7948/2899/2003
f 7949/2979/2004 7950/2960/2005 7951/2958/2006
f 7949/2979/2004 7951/2958/2006 7952/2957/2005
f 7953/2980/2007 7954/2981/2007 7955/2978/2008
f 7953/2980/2007 7955/2978/2008 7956/2977/2009
f 7957/2980/2010 7958/2982/2011 7959/2983/2012
f 7957/2980/2010 7959/2983/2012 7960/2981/2011
f 7961/2980/2013 7962/2899/2013 7963/2898/2014
f 7961/2980/2013 7963/2898/2014 7964/2982/2013
f 7965/2982/2015 7966/2984/2016 7967/2985/2016
f 7965/2982/2015 7967/2985/2016 7968/2983/2016
f 7969/2982/2017 7970/2898/2017 7971/2908/2017
f 7969/2982/2017 7971/2908/2017 7972/2984/2017
f 7973/2984/2018 7974/2913/2019 7975/2986/2020
f 7973/2984/2018 7975/2986/2020 7976/2985/2018
f 7977/2984/2021 7978/2908/2021 7979/2907/2022
f 7977/2984/2021 7979/2907/2022 7980/2913/2021
f 7981/2986/2023 7982/2987/2024 7983/2988/2024
f 7981/2986/2023 7983/2988/2024 7984/2985/2024
f 7985/2986/2025 7986/2989/2026 7987/2990/2025
f 7985/2986/2025 7987/2990/2025 7988/2987/2025
f 7989/2986/2027 7990/2913/2027 7991/2912/2027
f 7989/2986/2027 7991/2912/2027 7992/2989/2027
f 7993/2989/2028 7994/2991/2029 7995/2992/2030
f 7993/2989/2028 7995/2992/2030 7996/2990/2031
f 7997/2989/2032 7998/2912/2033 7999/2915/2034
f 7997/2989/2032 7999/2915/2034 8000/2991/2032
f 8001/2993/2035 8002/2994/2035 8003/2995/2035
f 8001/2993/2035 8003/2995/2035 8004/2996/2035
f 8005/2993/2036 8006/2920/2036 8007/2919/2036
f 8005/2993/2036 8007/2919/2036 8008/2994/2036
f 8009/2994/2037 8010/2997/2038 8011/2998/2037
f 8009/2994/2037 8011/2998/2037 8012/2995/2037
f 8013/2994/2039 8014/2919/2039 8015/2922/2040
f 8013/2994/2039 8015/2922/2040 8016/2997/2039
f 8017/2997/2041 8018/2999/2042 8019/3000/2043
f 8017/2997/2041 8019/3000/2043 8020/2998/2042
f 8021/2997/2044 8022/2922/2044 8023/3001/2045
f 8021/2997/2044 8023/3001/2045 8024/2999/2045
f 8025/3001/2046 8026/2922/2047 8027/2921/2047
f 8025/3001/2046 8027/2921/2047 8028/2925/2047
f 8029/3001/2048 8030/3002/2049 8031/3003/2050
f 8029/3001/2048 8031/3003/2050 8032/2999/2050
f 8033/3001/2051 8034/2925/2051 8035/2927/2052
f 8033/3001/2051 8035/2927/2052 8036/3002/2051
f 8037/3002/2053 8038/3004/2053 8039/3005/2053
s 0
f 8037/3002/2054 8039/3005/2054 8040/3003/2054
s 1
f 8041/3002/2055 8042/2927/2056 8043/2929/2056
f 8041/3002/2055 8043/2929/2056 8044/3004/2057
f 8045/3004/2058 8046/3006/2058 8047/3007/2058
f 8045/3004/2058 8047/3007/2058 8048/3005/2058
f 8049/3004/2059 8050/2929/2059 8051/3008/2059
f 8049/3004/2059 8051/3008/2059 8052/3006/2060
f 8053/3008/2061 8054/2929/2061 8055/2928/2061
f 8053/3008/2061 8055/2928/2061 8056/2933/2061
f 8057/3008/2062 8058/3009/2063 8059/3010/2064
f 8057/3008/2062 8059/3010/2064 8060/3006/2062
s 0
f 8061/3008/2065 8062/2933/2065 8063/3011/2065
s 1
f 8061/3008/2066 8063/3011/2066 8064/3009/2066
f 8065/3011/2067 8066/2933/2068 8067/2932/2069
f 8065/3011/2067 8067/2932/2069 8068/2938/2068
f 8069/3011/2070 8070/3012/2070 8071/3013/2071
f 8069/3011/2070 8071/3013/2071 8072/3009/2070
f 8073/3011/2072 8074/2938/2072 8075/3014/2072
f 8073/3011/2072 8075/3014/2072 8076/3012/2072
f 8077/3014/2073 8078/2938/2073 8079/2937/2073
f 8077/3014/2073 8079/2937/2073 8080/2814/2073
f 8081/3014/2074 8082/2834/2075 8083/2837/2075
f 8081/3014/2074 8083/2837/2075 8084/3012/2075
f 8085/3014/2076 8086/2814/2076 8087/2813/2077
f 8085/3014/2076 8087/2813/2077 8088/2834/2076
f 8089/3012/2078 8090/2837/2078 8091/3015/2078
f 8089/3012/2078 8091/3015/2078 8092/3013/2078
s 0
f 8093/3015/2079 8094/3016/2079 8095/3017/2079
f 8093/3015/2080 8095/3017/2080 8096/3013/2080
f 8097/3015/2081 8098/3018/2081 8099/3019/2081
f 8097/3015/2082 8099/3019/2082 8100/3016/2082
s 1
f 8101/3015/2083 8102/2837/2083 8103/2836/2083
f 8101/3015/2083 8103/2836/2083 8104/3018/2084
s 0
f 8105/3018/2085 8106/3020/2085 8107/3021/2085
f 8105/3018/2085 8107/3021/2085 8108/3019/2085
f 8109/3018/2086 8110/2836/2086 8111/2835/2086
f 8109/3018/2086 8111/2835/2086 8112/3020/2086
f 8113/3020/2087 8114/3022/2087 8115/3023/2087
f 8113/3020/2088 8115/3023/2088 8116/3021/2088
f 8117/3020/2089 8118/2835/2089 8119/3024/2089
s 1
f 8117/3020/2090 8119/3024/2090 8120/3022/2090
s 0
f 8121/3024/2091 8122/2835/2091 8123/2815/2091
f 8121/3024/2092 8123/2815/2092 8124/2810/2092
s 1
f 8125/3024/2093 8126/3025/2093 8127/3026/2093
s 0
f 8125/3024/2094 8127/3026/2094 8128/3022/2094
s 1
f 8129/3027/2095 8130/3028/2095 8131/3029/2095
f 8129/3027/2095 8131/3029/2095 8132/3030/2095
f 8133/3031/2096 8134/3032/2097 8135/3033/2098
f 8133/3031/2096 8135/3033/2098 8136/3034/2096
s 0
f 8137/3035/2099 8138/3036/2099 8139/3037/2099
s 1
f 8137/3035/2100 8139/3037/2100 8140/3038/2100
f 8141/3039/2101 8142/2809/2102 8143/2808/2101
f 8141/3039/2101 8143/2808/2101 8144/3040/2102
f 8145/3041/2103 8146/3042/2104 8147/3043/2103
f 8145/3041/2103 8147/3043/2103 8148/3044/2105
f 8149/3039/2106 8150/3040/2106 8151/3045/2106
f 8149/3039/2106 8151/3045/2106 8152/3046/2106
f 8153/3047/2107 8154/3048/2108 8155/3049/2109
f 8153/3047/2107 8155/3049/2109 8156/3050/2109
f 8157/3047/2110 8158/3051/2110 8159/2830/2110
f 8157/3047/2110 8159/2830/2110 8160/3048/2110
f 8161/3052/2111 8162/3053/2111 8163/3054/2111
f 8161/3052/2111 8163/3054/2111 8164/3055/2111
f 8165/3056/2112 8166/3057/2112 8167/3058/2113
f 8165/3056/2112 8167/3058/2113 8168/3059/2114
f 8169/3060/2115 8170/3061/2115 8171/3062/2116
f 8169/3060/2115 8171/3062/2116 8172/3063/2116
s 0
f 8173/3064/2117 8174/3065/2117 8175/3066/2117
f 8173/3064/2118 8175/3066/2118 8176/3067/2118
s 1
f 8177/3068/2119 8178/3069/2120 8179/3070/2120
f 8177/3068/2119 8179/3070/2120 8180/3049/2119
s 0
f 8181/3068/2121 8182/2968/2121 8183/2967/2121
f 8181/3068/2122 8183/2967/2122 8184/3069/2122
f 8185/3069/2123 8186/3071/2123 8187/3072/2123
f 8185/3069/2124 8187/3072/2124 8188/3070/2124
f 8189/3069/2125 8190/2967/2125 8191/2970/2125
f 8189/3069/2125 8191/2970/2125 8192/3071/2125
s 1
f 8193/3071/2126 8194/3073/2126 8195/3074/2126
s 0
f 8193/3071/2127 8195/3074/2127 8196/3072/2127
f 8197/3071/2128 8198/2970/2128 8199/3075/2128
f 8197/3071/2129 8199/3075/2129 8200/3073/2129
s 1
f 8201/3075/2130 8202/3076/2130 8203/3077/2131
f 8201/3075/2130 8203/3077/2131 8204/3073/2130
f 8205/3075/2132 8206/2973/2133 8207/3078/2134
f 8205/3075/2132 8207/3078/2134 8208/3076/2135
s 0
f 8209/3075/2136 8210/2970/2136 8211/2969/2136
f 8209/3075/2137 8211/2969/2137 8212/2973/2137
s 1
f 8213/3078/2138 8214/2872/2138 8215/2877/2138
f 8213/3078/2138 8215/2877/2138 8216/3076/2138
s 0
f 8217/3078/2139 8218/3079/2139 8219/2873/2139
f 8217/3078/2140 8219/2873/2140 8220/2872/2140
s 1
f 8221/3078/2141 8222/2973/2142 8223/2972/2143
f 8221/3078/2141 8223/2972/2143 8224/3079/2142
f 8225/3079/1886 8226/2889/1886 8227/2891/2144
f 8225/3079/1886 8227/2891/2144 8228/2873/1886
s 0
f 8229/3079/1888 8230/2972/1888 8231/2890/1888
f 8229/3079/1890 8231/2890/1890 8232/2889/1890
s 1
f 8233/3076/2145 8234/2877/2145 8235/3080/2145
f 8233/3076/2145 8235/3080/2145 8236/3077/2145
f 8237/3080/2146 8238/3081/2147 8239/3082/2147
f 8237/3080/2146 8239/3082/2147 8240/3077/2147
f 8241/3080/2148 8242/3083/2149 8243/3084/2149
f 8241/3080/2148 8243/3084/2149 8244/3081/2148
f 8245/3080/2150 8246/2877/2150 8247/2876/2150
f 8245/3080/2150 8247/2876/2150 8248/3083/2150
f 8249/3083/2151 8250/3085/2152 8251/3086/2151
f 8249/3083/2151 8251/3086/2151 8252/3084/2152
f 8253/3083/2153 8254/2876/2154 8255/2875/2153
f 8253/3083/2153 8255/2875/2153 8256/3085/2153
f 8257/3085/2155 8258/2875/2155 8259/3087/2155
f 8257/3085/2155 8259/3087/2155 8260/3088/2155
f 8261/3085/2156 8262/3088/2156 8263/3089/2156
f 8261/3085/2156 8263/3089/2156 8264/3086/2156
f 8265/3089/2157 8266/3088/2157 8267/3090/2157
f 8265/3089/2157 8267/3090/2157 8268/3091/2157
f 8269/3089/2158 8270/3092/2159 8271/3093/2158
f 8269/3089/2158 8271/3093/2158 8272/3086/2158
f 8273/3089/2160 8274/3091/2160 8275/3094/2160
f 8273/3089/2160 8275/3094/2160 8276/3092/2160
f 8277/3095/2161 8278/3096/2162 8279/3097/2161
f 8277/3095/2161 8279/3097/2161 8280/3098/2162
f 8281/3099/2163 8282/3100/2163 8283/3101/2163
f 8281/3099/2163 8283/3101/2163 8284/3102/2163
f 8285/3103/2164 8286/3104/2165 8287/3105/2166
f 8285/3103/2164 8287/3105/2166 8288/3106/2166
f 8289/3100/2167 8290/3107/2167 8291/3108/2167
f 8289/3100/2167 8291/3108/2167 8292/3101/2167
f 8293/3100/2168 8294/2996/2169 8295/2995/2170
f 8293/3100/2168 8295/2995/2170 8296/3107/2168
f 8297/3109/2171 8298/3110/2172 8299/3111/2173
f 8297/3109/2171 8299/3111/2173 8300/3112/2172
f 8301/3107/2174 8302/2995/2175 8303/2998/2175
f 8301/3107/2174 8303/2998/2175 8304/3113/2175
f 8305/3114/2176 8306/3115/2176 8307/3116/2176
f 8305/3114/2176 8307/3116/2176 8308/3117/2176
f 8309/3113/2177 8310/2998/2178 8311/3000/2177
f 8309/3113/2177 8311/3000/2177 8312/3118/2177
f 8313/3118/2179 8314/3119/2180 8315/3120/2180
f 8313/3118/2179 8315/3120/2180 8316/3121/2179
f 8317/3118/2181 8318/3000/2181 8319/3122/2181
f 8317/3118/2181 8319/3122/2181 8320/3119/2181
f 8321/3122/2182 8322/3000/2182 8323/2999/2183
f 8321/3122/2182 8323/2999/2183 8324/3003/2182
f 8325/3122/2184 8326/2818/2185 8327/2817/2184
f 8325/3122/2184 8327/2817/2184 8328/3119/2185
f 8329/3122/2186 8330/3003/2187 8331/3005/2187
f 8329/3122/2186 8331/3005/2187 8332/2818/2187
f 8333/3119/2188 8334/2817/2188 8335/2821/2189
f 8333/3119/2188 8335/2821/2189 8336/3120/2188
f 8337/3120/2190 8338/2857/2190 8339/3123/2190
f 8337/3120/2190 8339/3123/2190 8340/3121/2190
f 8341/3120/2191 8342/2821/2192 8343/2855/2192
f 8341/3120/2191 8343/2855/2192 8344/2857/2193
f 8345/3124/2194 8346/3125/2194 8347/3117/2195
f 8345/3124/2194 8347/3117/2195 8348/3116/2195
f 8349/3123/2196 8350/3126/2196 8351/3127/2196
f 8349/3123/2196 8351/3127/2196 8352/3128/2197
f 8353/3123/2198 8354/2857/2198 8355/2854/2198
f 8353/3123/2198 8355/2854/2198 8356/3126/2198
f 8357/3126/2199 8358/2854/2199 8359/2853/2199
f 8357/3126/2199 8359/2853/2199 8360/3129/2200
f 8361/3126/2201 8362/3129/2201 8363/3130/2202
f 8361/3126/2201 8363/3130/2202 8364/3127/2202
f 8365/3130/2203 8366/3129/2203 8367/3131/2204
f 8365/3130/2203 8367/3131/2204 8368/3132/2204
f 8369/3130/2205 8370/3133/2206 8371/3134/2205
f 8369/3130/2205 8371/3134/2205 8372/3127/2206
f 8373/3130/2207 8374/3132/2207 8375/3135/2207
f 8373/3130/2207 8375/3135/2207 8376/3133/2207
f 8377/3135/2208 8378/3132/2209 8379/3136/2208
f 8377/3135/2208 8379/3136/2208 8380/3137/2210
f 8381/3135/2211 8382/3138/2212 8383/3139/2213
f 8381/3135/2211 8383/3139/2213 8384/3133/2213
f 8385/3135/2214 8386/3137/2215 8387/3140/2216
f 8385/3135/2214 8387/3140/2216 8388/3138/2217
f 8389/3140/2218 8390/3137/2218 8391/3141/2218
f 8389/3140/2218 8391/3141/2218 8392/3142/2218
f 8393/3143/2219 8394/3144/2220 8395/3145/2220
f 8393/3143/2219 8395/3145/2220 8396/3146/2221
f 8397/3143/2222 8398/3147/2222 8399/3148/2222
f 8397/3143/2222 8399/3148/2222 8400/3144/2222
f 8401/3149/2223 8402/3150/2223 8403/3151/2223
f 8401/3149/2223 8403/3151/2223 8404/3152/2223
f 8405/3148/2224 8406/3072/2225 8407/3074/2224
f 8405/3148/2224 8407/3074/2224 8408/3144/2225
f 8409/3148/2226 8410/3153/2226 8411/3070/2226
f 8409/3148/2226 8411/3070/2226 8412/3072/2226
f 8413/3152/2227 8414/3151/2227 8415/3154/2227
f 8413/3152/2227 8415/3154/2227 8416/3155/2228
f 8417/3153/2229 8418/3050/2229 8419/3049/2229
f 8417/3153/2229 8419/3049/2229 8420/3070/2229
f 8421/3144/2230 8422/3074/2230 8423/3082/2231
f 8421/3144/2230 8423/3082/2231 8424/3145/2231
f 8425/3145/2232 8426/3156/2232 8427/3157/2232
f 8425/3145/2232 8427/3157/2232 8428/3146/2232
f 8429/3145/2233 8430/3082/2233 8431/3081/2233
f 8429/3145/2233 8431/3081/2233 8432/3156/2233
f 8433/3156/2234 8434/3158/2234 8435/3159/2234
f 8433/3156/2234 8435/3159/2234 8436/3157/2234
f 8437/3156/2235 8438/3081/2236 8439/3084/2235
f 8437/3156/2235 8439/3084/2235 8440/3158/2236
f 8441/3158/2237 8442/3093/2237 8443/3160/2237
f 8441/3158/2237 8443/3160/2237 8444/3159/2237
f 8445/3158/2238 8446/3084/2238 8447/3086/2238
f 8445/3158/2238 8447/3086/2238 8448/3093/2238
f 8449/3161/2239 8450/3162/2239 8451/3163/2239
f 8449/3161/2239 8451/3163/2239 8452/3164/2240
f 8453/3165/2241 8454/3166/2241 8455/3134/2242
f 8453/3165/2241 8455/3134/2242 8456/3167/2242
f 8457/3165/2243 8458/3101/2244 8459/3108/2244
f 8457/3165/2243 8459/3108/2244 8460/3166/2243
f 8461/3166/2245 8462/3128/2246 8463/3127/2246
f 8461/3166/2245 8463/3127/2246 8464/3134/2246
f 8465/3168/2247 8466/3169/2248 8467/3170/2249
f 8465/3168/2247 8467/3170/2249 8468/3171/2248
f 8469/3167/2250 8470/3134/2250 8471/3133/2251
f 8469/3167/2250 8471/3133/2251 8472/3139/2251
f 8473/3141/2252 8474/3023/2252 8475/3022/2252
s 0
f 8473/3141/2253 8475/3022/2253 8476/3026/2253
f 8477/3141/2254 8478/3137/2254 8479/3136/2254
s 1
f 8477/3141/2255 8479/3136/2255 8480/3023/2255
f 8481/3141/2256 8482/3026/2256 8483/3172/2256
f 8481/3141/2256 8483/3172/2256 8484/3142/2257
s 0
f 8485/3136/2258 8486/3173/2258 8487/3021/2258
f 8485/3136/2259 8487/3021/2259 8488/3023/2259
s 1
f 8489/3136/2260 8490/3132/2261 8491/3131/2260
f 8489/3136/2260 8491/3131/2260 8492/3173/2260
s 0
f 8493/3173/2262 8494/3174/2262 8495/3019/2262
f 8493/3173/2263 8495/3019/2263 8496/3021/2263
s 1
f 8497/3173/2264 8498/3131/2265 8499/3175/2266
f 8497/3173/2264 8499/3175/2266 8500/3174/2265
f 8501/3175/2267 8502/3176/2268 8503/3177/2269
f 8501/3175/2267 8503/3177/2269 8504/3174/2270
f 8505/3175/2271 8506/2853/2272 8507/2852/2272
f 8505/3175/2271 8507/2852/2272 8508/3176/2272
f 8509/3175/2273 8510/3131/2273 8511/3129/2273
f 8509/3175/2273 8511/3129/2273 8512/2853/2273
s 0
f 8513/3176/2274 8514/3178/2274 8515/3179/2274
f 8513/3176/2275 8515/3179/2275 8516/3177/2275
s 1
f 8517/3176/2276 8518/2852/2276 8519/2856/2277
f 8517/3176/2276 8519/2856/2277 8520/3178/2276
s 0
f 8521/3178/2278 8522/2822/2278 8523/3180/2278
f 8521/3178/2279 8523/3180/2279 8524/3179/2279
f 8525/3178/2280 8526/2856/2280 8527/2820/2280
f 8525/3178/2281 8527/2820/2281 8528/2822/2281
s 1
f 8529/3180/2282 8530/3007/2283 8531/3006/2284
f 8529/3180/2282 8531/3006/2284 8532/3010/2283
f 8533/3180/2285 8534/2822/2286 8535/2819/2287
f 8533/3180/2285 8535/2819/2287 8536/3007/2285
s 0
f 8537/3180/2288 8538/3010/2288 8539/3017/2288
f 8537/3180/2289 8539/3017/2289 8540/3179/2289
f 8541/3179/2290 8542/3017/2290 8543/3016/2290
f 8541/3179/2291 8543/3016/2291 8544/3177/2291
f 8545/3177/2085 8546/3016/2085 8547/3019/2085
f 8545/3177/2292 8547/3019/2292 8548/3174/2292
s 1
f 8549/3090/2293 8550/3181/2293 8551/3182/2293
f 8549/3090/2293 8551/3182/2293 8552/2988/2293
f 8553/3090/2294 8554/3088/2295 8555/3087/2295
f 8553/3090/2294 8555/3087/2295 8556/3181/2295
f 8557/3090/2296 8558/2988/2296 8559/2987/2296
f 8557/3090/2296 8559/2987/2296 8560/3091/2296
f 8561/3181/2297 8562/3183/2298 8563/3184/2299
f 8561/3181/2297 8563/3184/2299 8564/3182/2298
f 8565/3181/2300 8566/3087/2301 8567/3185/2301
f 8565/3181/2300 8567/3185/2301 8568/3183/2301
f 8569/3185/2302 8570/2891/2303 8571/2888/2303
f 8569/3185/2302 8571/2888/2303 8572/3183/2303
f 8573/3185/2304 8574/2874/2305 8575/2873/2306
f 8573/3185/2304 8575/2873/2306 8576/2891/2305
f 8577/3185/2307 8578/3087/2307 8579/2875/2307
f 8577/3185/2307 8579/2875/2307 8580/2874/2307
s 0
f 8581/3183/2308 8582/2888/2308 8583/2887/2308
f 8581/3183/2309 8583/2887/2309 8584/3184/2309
s 1
f 8585/3184/2310 8586/2887/2311 8587/2978/2312
f 8585/3184/2310 8587/2978/2312 8588/2981/2313
f 8589/3184/2314 8590/2981/2315 8591/2983/2314
f 8589/3184/2314 8591/2983/2314 8592/3182/2314
f 8593/3182/2316 8594/2983/2316 8595/2985/2316
f 8593/3182/2316 8595/2985/2316 8596/2988/2316
f 8597/3082/2317 8598/3074/2317 8599/3073/2317
f 8597/3082/2317 8599/3073/2317 8600/3077/2317
f 8601/3017/2318 8602/3010/2318 8603/3009/2319
f 8601/3017/2318 8603/3009/2319 8604/3013/2320
f 8605/3007/2321 8606/2819/2322 8607/2818/2323
f 8605/3007/2321 8607/2818/2323 8608/3005/2322
f 8609/2978/2324 8610/2887/2325 8611/2886/2326
f 8609/2978/2324 8611/2886/2326 8612/2975/2326
f 8613/2968/2327 8614/2870/2328 8615/2869/2329
f 8613/2968/2327 8615/2869/2329 8616/2965/2330
f 8617/2956/2331 8618/2897/2331 8619/2896/2332
f 8617/2956/2331 8619/2896/2332 8620/2957/2331
f 8621/2956/2333 8622/2949/2334 8623/3186/2334
f 8621/2956/2333 8623/3186/2334 8624/2897/2334
f 8625/3186/2335 8626/3187/2335 8627/2893/2335
f 8625/3186/2335 8627/2893/2335 8628/2897/2335
f 8629/3186/2336 8630/2944/2336 8631/3188/2336
f 8629/3186/2336 8631/3188/2336 8632/3187/2336
f 8633/3186/2337 8634/2949/2338 8635/2945/2338
f 8633/3186/2337 8635/2945/2338 8636/2944/2339
f 8637/3188/2340 8638/3189/2341 8639/3190/2341
f 8637/3188/2340 8639/3190/2341 8640/3187/2341
f 8641/3191/2342 8642/3192/2343 8643/3193/2342
f 8641/3191/2342 8643/3193/2342 8644/3194/2342
f 8645/3195/2344 8646/3196/2344 8647/3197/2344
f 8645/3195/2344 8647/3197/2344 8648/3198/2344
f 8649/3192/2345 8650/3199/2345 8651/3200/2345
f 8649/3192/2345 8651/3200/2345 8652/3193/2345
f 8653/3201/2346 8654/3202/2346 8655/3203/2346
f 8653/3201/2346 8655/3203/2346 8656/3204/2346
f 8657/3199/2347 8658/2803/2348 8659/2797/2349
f 8657/3199/2347 8659/2797/2349 8660/3200/2350
f 8661/3199/2351 8662/2935/2351 8663/2931/2352
f 8661/3199/2351 8663/2931/2352 8664/2803/2352
f 8665/3200/2353 8666/3205/2353 8667/3206/2353
f 8665/3200/2353 8667/3206/2353 8668/3193/2353
f 8669/3200/2354 8670/2797/2355 8671/2802/2355
f 8669/3200/2354 8671/2802/2355 8672/3205/2355
f 8673/3205/2356 8674/3207/2356 8675/3208/2356
f 8673/3205/2356 8675/3208/2356 8676/3206/2356
f 8677/3205/2357 8678/2802/2357 8679/2858/2357
f 8677/3205/2357 8679/2858/2357 8680/3207/2357
f 8681/3207/2358 8682/3209/2358 8683/3210/2358
f 8681/3207/2358 8683/3210/2358 8684/3208/2358
f 8685/3207/2359 8686/2858/2359 8687/3211/2359
f 8685/3207/2359 8687/3211/2359 8688/3209/2359
f 8689/3211/2360 8690/3212/2360 8691/3213/2360
f 8689/3211/2360 8691/3213/2360 8692/3209/2360
f 8693/3211/2361 8694/3214/2362 8695/3215/2362
f 8693/3211/2361 8695/3215/2362 8696/3212/2362
f 8697/3211/2363 8698/2858/2364 8699/2850/2364
f 8697/3211/2363 8699/2850/2364 8700/3214/2363
f 8701/3216/2365 8702/3217/2366 8703/3218/2366
f 8701/3216/2365 8703/3218/2366 8704/3219/2366
f 8705/3214/2367 8706/2850/2367 8707/2849/2367
f 8705/3214/2367 8707/2849/2367 8708/3220/2367
f 8709/3221/2368 8710/3222/2369 8711/3223/2370
f 8709/3221/2368 8711/3223/2370 8712/3224/2370
f 8713/3221/2371 8714/3225/2371 8715/2903/2371
f 8713/3221/2371 8715/2903/2371 8716/3222/2371
f 8717/3222/2372 8718/3226/2372 8719/3227/2372
f 8717/3222/2372 8719/3227/2372 8720/3223/2372
f 8721/3222/2373 8722/2903/2373 8723/2902/2373
f 8721/3222/2373 8723/2902/2373 8724/3226/2373
s 0
f 8725/3226/2374 8726/3228/2374 8727/3229/2374
f 8725/3226/2375 8727/3229/2375 8728/3227/2375
s 1
f 8729/3226/2376 8730/2902/2376 8731/2905/2376
f 8729/3226/2376 8731/2905/2376 8732/3228/2377
f 8733/3228/2378 8734/3230/2378 8735/3231/2379
f 8733/3228/2378 8735/3231/2379 8736/3229/2378
f 8737/3228/2380 8738/2905/2381 8739/3232/2382
f 8737/3228/2380 8739/3232/2382 8740/3230/2380
f 8741/3232/2383 8742/3233/2383 8743/3234/2383
f 8741/3232/2383 8743/3234/2383 8744/3230/2384
f 8745/3232/2385 8746/2894/2386 8747/3190/2386
f 8745/3232/2385 8747/3190/2386 8748/3233/2387
f 8749/3232/2388 8750/2905/2388 8751/2895/2389
f 8749/3232/2388 8751/2895/2389 8752/2894/2388
f 8753/3235/2390 8754/3236/2391 8755/3237/2391
f 8753/3235/2390 8755/3237/2391 8756/3238/2391
f 8757/3239/2392 8758/3240/2392 8759/3241/2392
f 8757/3239/2392 8759/3241/2392 8760/3242/2393
f 8761/3236/2394 8762/3206/2394 8763/3208/2394
f 8761/3236/2394 8763/3208/2394 8764/3237/2394
f 8765/3236/2395 8766/3194/2396 8767/3193/2395
f 8765/3236/2395 8767/3193/2395 8768/3206/2395
f 8769/3237/2397 8770/3243/2398 8771/3244/2397
f 8769/3237/2397 8771/3244/2397 8772/3238/2398
f 8773/3237/2399 8774/3208/2399 8775/3210/2400
f 8773/3237/2399 8775/3210/2400 8776/3243/2399
f 8777/3243/2401 8778/2864/2401 8779/2863/2402
f 8777/3243/2401 8779/2863/2402 8780/3244/2402
f 8781/3243/2403 8782/3210/2403 8783/2865/2403
f 8781/3243/2403 8783/2865/2403 8784/2864/2403
f 8785/3245/2404 8786/3246/2405 8787/2882/2405
f 8785/3245/2404 8787/2882/2405 8788/3231/2406
f 8789/3245/2407 8790/3231/2407 8791/3230/2407
f 8789/3245/2407 8791/3230/2407 8792/3234/2407
f 8793/3231/2408 8794/2882/2408 8795/2881/2408
f 8793/3231/2408 8795/2881/2408 8796/3229/2408
f 8797/3229/2409 8798/2881/2410 8799/2880/2411
f 8797/3229/2409 8799/2880/2411 8800/3227/2410
f 8801/3227/2412 8802/2880/2413 8803/3247/2413
f 8801/3227/2412 8803/3247/2413 8804/3223/2414
f 8805/3247/2415 8806/3248/2415 8807/3249/2416
f 8805/3247/2415 8807/3249/2416 8808/3250/2417
f 8809/3247/2418 8810/2880/2418 8811/2879/2419
f 8809/3247/2418 8811/2879/2419 8812/3248/2418
f 8813/3247/2420 8814/3250/2420 8815/3224/2420
f 8813/3247/2420 8815/3224/2420 8816/3223/2420
f 8817/3248/2421 8818/3251/2422 8819/3252/2421
f 8817/3248/2421 8819/3252/2421 8820/3249/2421
f 8821/3248/2423 8822/2879/2424 8823/2884/2425
f 8821/3248/2423 8823/2884/2425 8824/3251/2424
f 8825/3253/2426 8826/3254/2427 8827/3255/2426
f 8825/3253/2426 8827/3255/2426 8828/3256/2427
f 8829/3253/2428 8830/3257/2429 8831/2861/2429
f 8829/3253/2428 8831/2861/2429 8832/3254/2429
f 8833/3254/2430 8834/3258/2430 8835/3259/2431
f 8833/3254/2430 8835/3259/2431 8836/3255/2430
f 8837/3254/2432 8838/2861/2433 8839/2860/2434
f 8837/3254/2432 8839/2860/2434 8840/3258/2433
f 8841/3258/2435 8842/3213/2436 8843/3212/2436
f 8841/3258/2435 8843/3212/2436 8844/3259/2435
f 8845/3258/2437 8846/2860/2437 8847/2865/2437
f 8845/3258/2437 8847/2865/2437 8848/3213/2437
f 8849/3260/2438 8850/3261/2438 8851/3262/2438
f 8849/3260/2438 8851/3262/2438 8852/3263/2438
f 8853/3260/2439 8854/3219/2440 8855/3218/2439
f 8853/3260/2439 8855/3218/2439 8856/3261/2439
f 8857/3213/2441 8858/2865/2441 8859/3210/2441
f 8857/3213/2441 8859/3210/2441 8860/3209/2441
f 8861/3190/2442 8862/2894/2442 8863/2893/2442
f 8861/3190/2442 8863/2893/2442 8864/3187/2443
f 8865/2951/2444 8866/2823/2444 8867/2826/2444
f 8865/2951/2444 8867/2826/2444 8868/2952/2444
f 8869/2908/2445 8870/2898/2446 8871/2892/2447
f 8869/2908/2445 8871/2892/2447 8872/2901/2446
f 8873/2903/2448 8874/3225/2448 8875/2911/2448
f 8873/2903/2448 8875/2911/2448 8876/2904/2449
f 8877/3257/2450 8878/3264/2451 8879/2862/2451
f 8877/3257/2450 8879/2862/2451 8880/2861/2450
f 8881/3265/2452 8882/2863/2452 8883/2862/2453
f 8881/3265/2452 8883/2862/2453 8884/3264/2453
f 8885/2855/2454 8886/2821/2455 8887/2820/2456
f 8885/2855/2454 8887/2820/2456 8888/2856/2457
s 0
f 8889/3051/2458 8890/2831/2458 8891/2824/2458
f 8889/3051/2459 8891/2824/2459 8892/2830/2459
s 1
f 8893/3040/2460 8894/2808/2461 8895/2807/2460
f 8893/3040/2460 8895/2807/2460 8896/3266/2460
f 8897/3267/2462 8898/3268/2463 8899/3263/2462
f 8897/3267/2462 8899/3263/2462 8900/3262/2462
f 8901/3269/2464 8902/3270/2465 8903/3271/2465
f 8901/3269/2464 8903/3271/2465 8904/3272/2465
f 8905/3273/2466 8906/3274/2467 8907/3275/2468
f 8905/3273/2466 8907/3275/2468 8908/3276/2468
f 8909/3273/2469 8910/3277/2470 8911/3278/2471
f 8909/3273/2469 8911/3278/2471 8912/3274/2469
o 2
v -86.466866 15.346479 10.317303
v -85.889015 16.007221 11.574808
v -85.419060 15.454914 10.251169
v -84.918579 15.373222 8.408895
v -86.466866 15.346479 10.317303
v -84.918579 15.373222 8.408895
v -85.102676 15.824245 11.282227
v -86.341530 15.845997 11.709496
v -86.466866 15.346479 10.317303
v -86.341530 15.845997 11.709496
v -86.241745 16.607735 12.932169
v -85.889015 16.007221 11.574808
v -86.374268 17.406433 14.127039
v -86.246017 16.561886 13.159229
v -85.156281 16.755461 13.566074
v -85.767349 17.908222 14.749044
v -86.374268 17.406433 14.127039
v -86.241745 16.607735 12.932169
v -86.341530 15.845997 11.709496
v -86.246017 16.561886 13.159229
v -4.613678 10.199093 4.702942
v -3.696478 11.107044 6.530219
v -7.071878 12.296843 8.143904
v -7.605258 11.747272 6.916814
v -4.613678 10.199093 4.702942
v -4.453319 8.918961 2.709751
v -3.131738 8.891672 3.092471
v -2.836638 9.798912 4.463720
v -4.613678 10.199093 4.702942
v -6.699788 9.550853 3.126562
v -6.197948 8.538363 1.612576
v -4.453319 8.918961 2.709751
v -4.613678 10.199093 4.702942
v -7.605258 11.747272 6.916814
v -7.629118 10.897249 5.256751
v -6.699788 9.550853 3.126562
v -4.613678 10.199093 4.702942
v -2.836638 9.798912 4.463720
v -2.306028 10.546221 5.844564
v -3.696478 11.107044 6.530219
v -86.246017 16.561886 13.159229
v -86.341530 15.845997 11.709496
v -85.102676 15.824245 11.282227
v -85.156281 16.755461 13.566074
v -50.456577 2.787563 -12.192024
v -47.503036 2.756042 -11.920227
v -46.979958 1.003727 -14.241184
v -51.090950 1.759488 -13.639797
v -50.456577 2.787563 -12.192024
v -51.090950 1.759488 -13.639797
v -54.984238 2.722975 -12.446161
v -52.571930 3.862102 -10.551999
v -50.456577 2.787563 -12.192024
v -52.571930 3.862102 -10.551999
v -49.182678 4.618532 -9.289316
v -47.503036 2.756042 -11.920227
v -5.381159 10.007007 3.893550
v -4.325608 10.881186 5.645090
v -2.921088 10.291468 4.733421
v -3.664118 9.442810 3.326350
v -5.381159 10.007007 3.893550
v -4.545908 8.678488 1.963902
v -5.897708 8.503780 1.369211
v -6.603258 9.476208 2.724107
v -5.381159 10.007007 3.893550
v -3.664118 9.442810 3.326350
v -2.961729 8.426136 2.056902
v -4.545908 8.678488 1.963902
v -5.381159 10.007007 3.893550
v -8.159959 11.775560 6.451926
v -7.492599 12.253040 7.618800
v -4.325608 10.881186 5.645090
v -5.381159 10.007007 3.893550
v -6.603258 9.476208 2.724107
v -8.321898 11.077393 5.042121
v -8.159959 11.775560 6.451926
v -50.684269 3.625630 -10.747455
v -48.023598 4.011610 -10.053373
v -50.222950 5.786827 -7.401724
v -53.115829 4.719851 -9.176927
v -50.684269 3.625630 -10.747455
v -53.115829 4.719851 -9.176927
v -55.254177 3.290794 -11.483450
v -51.099609 2.355016 -12.615955
v -50.684269 3.625630 -10.747455
v -51.099609 2.355016 -12.615955
v -46.914757 1.620613 -13.118542
v -48.023598 4.011610 -10.053373
v -39.924988 12.163269 3.849426
v -37.779030 10.973186 1.918021
v -41.545620 10.469205 0.704454
v -43.126068 12.236279 3.732552
v -39.924988 12.163269 3.849426
v -38.454647 13.357485 6.118317
v -34.360809 12.062664 4.198965
v -37.779030 10.973186 1.918021
v -39.924988 12.163269 3.849426
v -43.126068 12.236279 3.732552
v -43.089527 14.088541 7.123542
v -38.454647 13.357485 6.118317
v -44.575279 11.881311 3.302177
v -47.664860 11.471222 2.385713
v -45.501637 9.837925 -0.394895
v -42.303959 10.870008 1.652080
v -44.575279 11.881311 3.302177
v -44.456448 13.214430 5.746309
v -49.219818 13.306280 5.699332
v -47.664860 11.471222 2.385713
v -44.575279 11.881311 3.302177
v -42.303959 10.870008 1.652080
v -40.431519 12.323942 4.392396
v -44.456448 13.214430 5.746309
v -40.431519 12.323942 4.392396
v -36.886410 10.869936 2.116623
v -34.677036 12.663826 5.553212
v -39.208988 14.157822 7.817478
v -40.431519 12.323942 4.392396
v -39.208988 14.157822 7.817478
v -44.329159 15.171255 9.376534
v -44.456448 13.214430 5.746309
v -40.431519 12.323942 4.392396
v -42.303959 10.870008 1.652080
v -39.626308 9.362681 -0.787535
v -36.886410 10.869936 2.116623
v -39.626308 9.362681 -0.787535
v -37.324120 7.476149 -3.836966
v -33.651390 8.984248 -0.844910
v -36.886410 10.869936 2.116623
v -39.626308 9.362681 -0.787535
v -42.303959 10.870008 1.652080
v -45.501637 9.837925 -0.394895
v -43.208668 8.114311 -3.249600
v -39.626308 9.362681 -0.787535
v -43.208668 8.114311 -3.249600
v -40.938717 6.106458 -6.393243
v -37.324120 7.476149 -3.836966
v -40.938717 6.106458 -6.393243
v -38.822578 3.671618 -9.725356
v -35.021526 5.118067 -7.222731
v -37.324120 7.476149 -3.836966
v -40.938717 6.106458 -6.393243
v -43.208668 8.114311 -3.249600
v -46.794617 6.946968 -5.383004
v -44.443390 4.835656 -8.596581
v -40.938717 6.106458 -6.393243
v -44.443390 4.835656 -8.596581
v -42.718300 2.417808 -11.740221
v -38.822578 3.671618 -9.725356
v -42.718300 2.417808 -11.740221
v -42.073189 1.322572 -13.260639
v -37.845848 2.434097 -11.454033
v -38.822578 3.671618 -9.725356
v -42.718300 2.417808 -11.740221
v -44.443390 4.835656 -8.596581
v -48.023598 4.011610 -10.053373
v -46.914757 1.620613 -13.118542
v -42.718300 2.417808 -11.740221
v -46.914757 1.620613 -13.118542
v -46.697529 0.619693 -14.517998
v -42.073189 1.322572 -13.260639
v -46.697529 0.619693 -14.517998
v -46.560307 -0.030421 -15.510925
v -41.702389 0.684476 -14.208389
v -42.073189 1.322572 -13.260639
v -46.697529 0.619693 -14.517998
v -46.914757 1.620613 -13.118542
v -51.099609 2.355016 -12.615955
v -51.684589 0.944506 -14.593275
v -46.697529 0.619693 -14.517998
v -51.684589 0.944506 -14.593275
v -51.975838 0.281773 -15.597282
v -46.560307 -0.030421 -15.510925
v -51.975838 0.281773 -15.597282
v -52.220959 -0.295106 -16.520985
v -46.442459 -0.584195 -16.451923
v -46.560307 -0.030421 -15.510925
v -51.975838 0.281773 -15.597282
v -51.684589 0.944506 -14.593275
v -56.266560 2.483234 -12.623892
v -56.967739 1.908327 -13.534168
v -51.975838 0.281773 -15.597282
v -56.967739 1.908327 -13.534168
v -57.576797 1.423256 -14.378174
v -52.220959 -0.295106 -16.520985
v -57.576797 1.423256 -14.378174
v -56.967739 1.908327 -13.534168
v -60.702408 3.767380 -10.446249
v -61.495129 3.273952 -11.269206
v -57.576797 1.423256 -14.378174
v -61.495129 3.273952 -11.269206
v -62.225258 2.851656 -12.073132
v -58.174427 1.036270 -15.210949
v -57.576797 1.423256 -14.378174
v -58.174427 1.036270 -15.210949
v -52.445980 -0.795686 -17.439219
v -52.220959 -0.295106 -16.520985
v -52.445980 -0.795686 -17.439219
v -52.349888 -0.530094 -17.205719
v -46.389339 -0.792076 -17.267506
v -46.332150 -1.031158 -17.359051
v -52.445980 -0.795686 -17.439219
v -46.332150 -1.031158 -17.359051
v -46.442459 -0.584195 -16.451923
v -52.220959 -0.295106 -16.520985
v -52.445980 -0.795686 -17.439219
v -58.174427 1.036270 -15.210949
v -57.682850 1.321901 -14.902477
v -52.349888 -0.530094 -17.205719
v -57.682850 1.321901 -14.902477
v -58.174427 1.036270 -15.210949
v -62.225258 2.851656 -12.073132
v -61.402618 3.227974 -11.616432
v -57.682850 1.321901 -14.902477
v -61.402618 3.227974 -11.616432
v -60.429199 3.616200 -10.992826
v -56.933689 1.701903 -14.227123
v -57.682850 1.321901 -14.902477
v -56.933689 1.701903 -14.227123
v -52.076988 -0.002268 -16.309521
v -52.349888 -0.530094 -17.205719
v -52.076988 -0.002268 -16.309521
v -51.776348 0.578835 -15.389992
v -46.737289 0.258803 -15.355001
v -46.551868 -0.339826 -16.361637
v -52.076988 -0.002268 -16.309521
v -46.551868 -0.339826 -16.361637
v -46.389339 -0.792076 -17.267506
v -52.349888 -0.530094 -17.205719
v -52.076988 -0.002268 -16.309521
v -56.933689 1.701903 -14.227123
v -56.086567 2.140486 -13.431623
v -51.776348 0.578835 -15.389992
v -56.086567 2.140486 -13.431623
v -56.933689 1.701903 -14.227123
v -60.429199 3.616200 -10.992826
v -59.328419 4.042973 -10.291347
v -56.086567 2.140486 -13.431623
v -59.328419 4.042973 -10.291347
v -57.925648 4.573282 -9.426107
v -54.984238 2.722975 -12.446161
v -56.086567 2.140486 -13.431623
v -54.984238 2.722975 -12.446161
v -51.090950 1.759488 -13.639797
v -51.776348 0.578835 -15.389992
v -57.925648 4.573282 -9.426107
v -55.505459 5.439663 -8.042593
v -52.571930 3.862102 -10.551999
v -54.984238 2.722975 -12.446161
v -57.925648 4.573282 -9.426107
v -59.328419 4.042973 -10.291347
v -62.409107 6.385486 -6.774729
v -60.777779 6.966389 -5.981416
v -57.925648 4.573282 -9.426107
v -60.777779 6.966389 -5.981416
v -57.816170 7.836038 -4.530306
v -55.505459 5.439663 -8.042593
v -57.816170 7.836038 -4.530306
v -53.906498 8.818022 -2.804961
v -51.572399 6.621413 -6.227134
v -55.505459 5.439663 -8.042593
v -57.816170 7.836038 -4.530306
v -60.777779 6.966389 -5.981416
v -63.363449 8.991667 -2.095471
v -60.007298 10.025393 -0.409245
v -57.816170 7.836038 -4.530306
v -60.007298 10.025393 -0.409245
v -55.897850 11.118477 1.349872
v -53.906498 8.818022 -2.804961
v -55.897850 11.118477 1.349872
v -51.792080 11.933346 2.765014
v -49.773098 9.602325 -1.355225
v -53.906498 8.818022 -2.804961
v -55.897850 11.118477 1.349872
v -60.007298 10.025393 -0.409245
v -62.320877 12.582111 4.067834
v -58.217678 13.763065 5.888587
v -55.897850 11.118477 1.349872
v -58.217678 13.763065 5.888587
v -53.890808 14.583431 7.445520
v -51.792080 11.933346 2.765014
v -53.890808 14.583431 7.445520
v -48.299149 14.513241 7.614139
v -47.294788 12.223642 3.462434
v -51.792080 11.933346 2.765014
v -53.890808 14.583431 7.445520
v -58.217678 13.763065 5.888587
v -59.061169 16.003300 9.993638
v -53.785919 16.620499 11.275177
v -53.890808 14.583431 7.445520
v -53.785919 16.620499 11.275177
v -47.522209 16.421280 11.232248
v -48.299149 14.513241 7.614139
v -47.522209 16.421280 11.232248
v -41.783497 15.911329 10.622823
v -43.089527 14.088541 7.123542
v -48.299149 14.513241 7.614139
v -47.522209 16.421280 11.232248
v -53.785919 16.620499 11.275177
v -53.181370 18.617332 15.241693
v -46.597427 18.330341 15.055806
v -47.522209 16.421280 11.232248
v -46.597427 18.330341 15.055806
v -40.321819 17.737255 14.354233
v -41.783497 15.911329 10.622823
v -40.321819 17.737255 14.354233
v -34.199657 16.848862 13.107117
v -36.320026 15.083076 9.482481
v -41.783497 15.911329 10.622823
v -40.321819 17.737255 14.354233
v -46.597427 18.330341 15.055806
v -45.664738 19.998772 18.667049
v -38.941189 19.307056 17.778294
v -40.321819 17.737255 14.354233
v -38.941189 19.307056 17.778294
v -32.435539 18.196163 16.148682
v -34.199657 16.848862 13.107117
v -32.435539 18.196163 16.148682
v -26.061357 16.553150 13.939213
v -28.351078 15.197845 10.831215
v -34.199657 16.848862 13.107117
v -32.435539 18.196163 16.148682
v -38.941189 19.307056 17.778294
v -38.281948 19.995464 19.360584
v -31.476509 18.904758 17.777893
v -32.435539 18.196163 16.148682
v -31.476509 18.904758 17.777893
v -25.171299 17.059021 15.155088
v -26.061357 16.553150 13.939213
v -25.171299 17.059021 15.155088
v -19.045359 15.064140 12.254305
v -20.446169 14.406668 10.579977
v -26.061357 16.553150 13.939213
v -25.171299 17.059021 15.155088
v -31.476509 18.904758 17.777893
v -31.017488 19.244869 18.546448
v -24.538988 17.414635 16.014120
v -25.171299 17.059021 15.155088
v -24.538988 17.414635 16.014120
v -18.340498 15.393162 13.111734
v -19.045359 15.064140 12.254305
v -18.340498 15.393162 13.111734
v -12.665498 13.860943 9.513527
v -13.441858 13.509211 8.545582
v -19.045359 15.064140 12.254305
v -18.340498 15.393162 13.111734
v -24.538988 17.414635 16.014120
v -23.995779 17.731321 16.736765
v -17.789078 15.683716 13.808313
v -18.340498 15.393162 13.111734
v -17.789078 15.683716 13.808313
v -12.065269 14.166258 10.349194
v -12.665498 13.860943 9.513527
v -12.065269 14.166258 10.349194
v -7.492599 12.253040 7.618800
v -8.159959 11.775560 6.451926
v -12.665498 13.860943 9.513527
v -12.065269 14.166258 10.349194
v -17.789078 15.683716 13.808313
v -17.713799 15.866966 14.155272
v -12.075078 14.426064 10.952816
v -12.065269 14.166258 10.349194
v -12.075078 14.426064 10.952816
v -6.054109 12.425674 8.191364
v -7.492599 12.253040 7.618800
v -6.054109 12.425674 8.191364
v -3.354828 11.420589 6.712421
v -4.325608 10.881186 5.645090
v -7.492599 12.253040 7.618800
v -6.054109 12.425674 8.191364
v -12.075078 14.426064 10.952816
v -11.917698 14.347420 11.119362
v -5.707318 12.559803 8.628980
v -6.054109 12.425674 8.191364
v -5.707318 12.559803 8.628980
v -3.083488 11.651686 7.349239
v -3.354828 11.420589 6.712421
v -3.083488 11.651686 7.349239
v -2.168708 11.318911 6.971001
v -2.345608 10.992180 6.030953
v -3.354828 11.420589 6.712421
v -3.083488 11.651686 7.349239
v -5.707318 12.559803 8.628980
v -7.071878 12.296843 8.143904
v -3.696478 11.107044 6.530219
v -3.083488 11.651686 7.349239
v -3.696478 11.107044 6.530219
v -2.306028 10.546221 5.844564
v -2.168708 11.318911 6.971001
v -2.345608 10.992180 6.030953
v -1.982528 10.609694 5.372196
v -2.357388 9.980749 4.275950
v -2.921088 10.291468 4.733421
v -2.345608 10.992180 6.030953
v -2.921088 10.291468 4.733421
v -4.325608 10.881186 5.645090
v -3.354828 11.420589 6.712421
v -2.357388 9.980749 4.275950
v -1.964098 9.764124 4.227158
v -2.210238 8.950166 3.073897
v -2.752398 9.205747 3.106799
v -2.357388 9.980749 4.275950
v -2.752398 9.205747 3.106799
v -3.664118 9.442810 3.326350
v -2.921088 10.291468 4.733421
v -2.357388 9.980749 4.275950
v -1.982528 10.609694 5.372196
v -1.893308 10.356745 4.979099
v -1.964098 9.764124 4.227158
v -2.752398 9.205747 3.106799
v -2.210238 8.950166 3.073897
v -2.184128 8.539692 2.373080
v -2.373748 8.464258 2.221392
v -2.752398 9.205747 3.106799
v -2.373748 8.464258 2.221392
v -2.961729 8.426136 2.056902
v -3.664118 9.442810 3.326350
v -2.280879 9.654230 4.344928
v -2.836638 9.798912 4.463720
v -3.131738 8.891672 3.092471
v -2.527188 8.809862 3.179845
v -2.280879 9.654230 4.344928
v -1.984498 10.257257 5.430087
v -2.306028 10.546221 5.844564
v -2.836638 9.798912 4.463720
v -2.527188 8.809862 3.179845
v -3.131738 8.891672 3.092471
v -2.394368 7.937372 1.950066
v -2.137158 8.105831 2.300792
v -2.394368 7.937372 1.950066
v -3.131738 8.891672 3.092471
v -4.453319 8.918961 2.709751
v -3.477728 8.023527 1.615641
v -2.394368 7.937372 1.950066
v -3.477728 8.023527 1.615641
v -3.777458 8.019842 1.126584
v -2.249938 7.475426 0.821662
v -3.777458 8.019842 1.126584
v -4.545908 8.678488 1.963902
v -2.961729 8.426136 2.056902
v -2.249938 7.475426 0.821662
v -3.777458 8.019842 1.126584
v -3.477728 8.023527 1.615641
v -6.091298 7.897003 0.635034
v -6.121058 7.923559 0.438329
v -3.777458 8.019842 1.126584
v -6.121058 7.923559 0.438329
v -5.897708 8.503780 1.369211
v -4.545908 8.678488 1.963902
v -6.121058 7.923559 0.438329
v -6.091298 7.897003 0.635034
v -9.142098 7.290680 -0.899719
v -9.280149 7.431589 -0.967229
v -6.121058 7.923559 0.438329
v -9.280149 7.431589 -0.967229
v -9.061158 8.037498 -0.093793
v -5.897708 8.503780 1.369211
v -9.061158 8.037498 -0.093793
v -9.940948 8.924305 0.996322
v -6.603258 9.476208 2.724107
v -5.897708 8.503780 1.369211
v -9.061158 8.037498 -0.093793
v -9.280149 7.431589 -0.967229
v -14.391088 6.393638 -2.814112
v -14.570548 6.873111 -2.200166
v -9.061158 8.037498 -0.093793
v -14.570548 6.873111 -2.200166
v -15.281259 7.584538 -1.313032
v -9.940948 8.924305 0.996322
v -15.281259 7.584538 -1.313032
v -16.368128 8.622496 0.054821
v -11.392939 10.242808 2.718787
v -9.940948 8.924305 0.996322
v -15.281259 7.584538 -1.313032
v -14.570548 6.873111 -2.200166
v -19.711798 5.922106 -4.237108
v -20.405249 6.571797 -3.301375
v -15.281259 7.584538 -1.313032
v -20.405249 6.571797 -3.301375
v -21.396738 7.478941 -1.972944
v -16.368128 8.622496 0.054821
v -21.396738 7.478941 -1.972944
v -23.215128 9.180375 0.599069
v -19.055479 10.869312 3.451447
v -16.368128 8.622496 0.054821
v -21.396738 7.478941 -1.972944
v -20.405249 6.571797 -3.301375
v -25.039577 5.469073 -5.695786
v -25.864159 6.199353 -4.626615
v -21.396738 7.478941 -1.972944
v -25.864159 6.199353 -4.626615
v -27.854588 8.039126 -1.925655
v -23.215128 9.180375 0.599069
v -27.854588 8.039126 -1.925655
v -30.417969 10.237721 1.453373
v -25.911839 11.472979 4.337062
v -23.215128 9.180375 0.599069
v -27.854588 8.039126 -1.925655
v -25.864159 6.199353 -4.626615
v -30.369488 5.161477 -6.892902
v -32.494450 7.146212 -4.040295
v -27.854588 8.039126 -1.925655
v -32.494450 7.146212 -4.040295
v -35.028149 9.249167 -0.832104
v -30.417969 10.237721 1.453373
v -35.028149 9.249167 -0.832104
v -37.779030 10.973186 1.918021
v -34.360809 12.062664 4.198965
v -30.417969 10.237721 1.453373
v -35.028149 9.249167 -0.832104
v -32.494450 7.146212 -4.040295
v -36.948528 6.404514 -5.755328
v -39.249928 8.582357 -2.424964
v -35.028149 9.249167 -0.832104
v -39.249928 8.582357 -2.424964
v -41.545620 10.469205 0.704454
v -37.779030 10.973186 1.918021
v -39.249928 8.582357 -2.424964
v -36.948528 6.404514 -5.755328
v -41.076988 5.786747 -7.156695
v -43.331490 8.065201 -3.642379
v -39.249928 8.582357 -2.424964
v -43.331490 8.065201 -3.642379
v -45.563290 10.107869 -0.220221
v -41.545620 10.469205 0.704454
v -45.563290 10.107869 -0.220221
v -43.331490 8.065201 -3.642379
v -47.317108 7.536405 -4.747323
v -49.773098 9.602325 -1.355225
v -45.563290 10.107869 -0.220221
v -49.773098 9.602325 -1.355225
v -51.792080 11.933346 2.765014
v -47.294788 12.223642 3.462434
v -45.563290 10.107869 -0.220221
v -47.294788 12.223642 3.462434
v -43.126068 12.236279 3.732552
v -41.545620 10.469205 0.704454
v -47.317108 7.536405 -4.747323
v -43.331490 8.065201 -3.642379
v -41.076988 5.786747 -7.156695
v -45.010170 5.283440 -8.253807
v -47.317108 7.536405 -4.747323
v -45.010170 5.283440 -8.253807
v -49.182678 4.618532 -9.289316
v -51.572399 6.621413 -6.227134
v -47.317108 7.536405 -4.747323
v -51.572399 6.621413 -6.227134
v -53.906498 8.818022 -2.804961
v -49.773098 9.602325 -1.355225
v -45.010170 5.283440 -8.253807
v -41.076988 5.786747 -7.156695
v -39.030968 3.426198 -10.397028
v -43.277180 2.705467 -11.662823
v -45.010170 5.283440 -8.253807
v -43.277180 2.705467 -11.662823
v -47.503036 2.756042 -11.920227
v -49.182678 4.618532 -9.289316
v -43.277180 2.705467 -11.662823
v -39.030968 3.426198 -10.397028
v -38.064297 2.381607 -11.834517
v -42.437897 1.453964 -13.371376
v -43.277180 2.705467 -11.662823
v -42.437897 1.453964 -13.371376
v -46.979958 1.003727 -14.241184
v -47.503036 2.756042 -11.920227
v -42.437897 1.453964 -13.371376
v -38.064297 2.381607 -11.834517
v -37.473900 1.788188 -12.672295
v -41.932320 0.771723 -14.372217
v -42.437897 1.453964 -13.371376
v -41.932320 0.771723 -14.372217
v -46.737289 0.258803 -15.355001
v -46.979958 1.003727 -14.241184
v -41.932320 0.771723 -14.372217
v -37.473900 1.788188 -12.672295
v -36.931229 1.303370 -13.373510
v -41.495289 0.233150 -15.202370
v -41.932320 0.771723 -14.372217
v -41.495289 0.233150 -15.202370
v -46.551868 -0.339826 -16.361637
v -46.737289 0.258803 -15.355001
v -41.495289 0.233150 -15.202370
v -36.931229 1.303370 -13.373510
v -36.392979 0.852392 -14.004885
v -41.099289 -0.212155 -15.956499
v -41.495289 0.233150 -15.202370
v -41.099289 -0.212155 -15.956499
v -46.389339 -0.792076 -17.267506
v -46.551868 -0.339826 -16.361637
v -41.099289 -0.212155 -15.956499
v -36.392979 0.852392 -14.004885
v -36.488949 0.902958 -13.751631
v -41.066040 -0.295010 -15.860071
v -41.099289 -0.212155 -15.956499
v -41.066040 -0.295010 -15.860071
v -46.332150 -1.031158 -17.359051
v -46.389339 -0.792076 -17.267506
v -41.066040 -0.295010 -15.860071
v -36.488949 0.902958 -13.751631
v -36.934029 1.335836 -13.054855
v -41.378460 0.153555 -15.046600
v -41.066040 -0.295010 -15.860071
v -41.378460 0.153555 -15.046600
v -46.442459 -0.584195 -16.451923
v -46.332150 -1.031158 -17.359051
v -41.378460 0.153555 -15.046600
v -36.934029 1.335836 -13.054855
v -37.375957 1.839339 -12.306622
v -41.702389 0.684476 -14.208389
v -41.378460 0.153555 -15.046600
v -41.702389 0.684476 -14.208389
v -46.560307 -0.030421 -15.510925
v -46.442459 -0.584195 -16.451923
v -37.375957 1.839339 -12.306622
v -36.934029 1.335836 -13.054855
v -32.883389 2.613621 -10.843287
v -33.268768 3.096220 -10.125141
v -37.375957 1.839339 -12.306622
v -33.268768 3.096220 -10.125141
v -33.781429 3.709798 -9.231808
v -37.845848 2.434097 -11.454033
v -37.375957 1.839339 -12.306622
v -37.845848 2.434097 -11.454033
v -42.073189 1.322572 -13.260639
v -41.702389 0.684476 -14.208389
v -33.781429 3.709798 -9.231808
v -33.268768 3.096220 -10.125141
v -28.897148 4.087521 -8.106266
v -29.560408 4.879560 -6.949518
v -33.781429 3.709798 -9.231808
v -29.560408 4.879560 -6.949518
v -31.263058 6.747253 -4.249681
v -35.021526 5.118067 -7.222731
v -33.781429 3.709798 -9.231808
v -35.021526 5.118067 -7.222731
v -38.822578 3.671618 -9.725356
v -37.845848 2.434097 -11.454033
v -31.263058 6.747253 -4.249681
v -29.560408 4.879560 -6.949518
v -25.411318 6.318854 -4.089215
v -27.821009 8.623249 -0.647902
v -31.263058 6.747253 -4.249681
v -27.821009 8.623249 -0.647902
v -30.841269 10.770241 2.652472
v -33.651390 8.984248 -0.844910
v -31.263058 6.747253 -4.249681
v -33.651390 8.984248 -0.844910
v -37.324120 7.476149 -3.836966
v -35.021526 5.118067 -7.222731
v -30.841269 10.770241 2.652472
v -27.821009 8.623249 -0.647902
v -24.614159 10.564415 3.137120
v -28.373728 12.671738 6.443025
v -30.841269 10.770241 2.652472
v -28.373728 12.671738 6.443025
v -32.995590 14.665642 9.395441
v -34.677036 12.663826 5.553212
v -30.841269 10.770241 2.652472
v -34.677036 12.663826 5.553212
v -36.886410 10.869936 2.116623
v -33.651390 8.984248 -0.844910
v -32.995590 14.665642 9.395441
v -28.373728 12.671738 6.443025
v -26.421629 14.553362 10.274311
v -31.572098 16.764961 13.651319
v -32.995590 14.665642 9.395441
v -31.572098 16.764961 13.651319
v -37.742828 18.151844 15.764430
v -38.214939 16.236485 11.827035
v -32.995590 14.665642 9.395441
v -38.214939 16.236485 11.827035
v -39.208988 14.157822 7.817478
v -34.677036 12.663826 5.553212
v -38.214939 16.236485 11.827035
v -37.742828 18.151844 15.764430
v -44.416348 19.025742 17.062710
v -44.410648 17.118572 13.114647
v -38.214939 16.236485 11.827035
v -44.410648 17.118572 13.114647
v -44.329159 15.171255 9.376534
v -39.208988 14.157822 7.817478
v -44.410648 17.118572 13.114647
v -44.416348 19.025742 17.062710
v -51.435070 19.575714 17.681200
v -51.026199 17.599442 13.637299
v -44.410648 17.118572 13.114647
v -51.026199 17.599442 13.637299
v -50.582329 15.572235 9.766612
v -44.329159 15.171255 9.376534
v -50.582329 15.572235 9.766612
v -51.026199 17.599442 13.637299
v -57.617828 17.521774 13.220111
v -56.857197 15.267956 9.029573
v -50.582329 15.572235 9.766612
v -56.857197 15.267956 9.029573
v -54.351780 12.859081 4.727137
v -49.219818 13.306280 5.699332
v -50.582329 15.572235 9.766612
v -49.219818 13.306280 5.699332
v -44.456448 13.214430 5.746309
v -44.329159 15.171255 9.376534
v -54.351780 12.859081 4.727137
v -56.857197 15.267956 9.029573
v -61.296078 14.235626 7.267741
v -58.503269 11.729847 2.719296
v -54.351780 12.859081 4.727137
v -58.503269 11.729847 2.719296
v -55.750019 9.531248 -1.205135
v -51.756908 10.720264 0.851412
v -54.351780 12.859081 4.727137
v -51.756908 10.720264 0.851412
v -47.664860 11.471222 2.385713
v -49.219818 13.306280 5.699332
v -51.756908 10.720264 0.851412
v -55.750019 9.531248 -1.205135
v -52.920757 7.498178 -4.438490
v -49.203388 8.757466 -2.343138
v -51.756908 10.720264 0.851412
v -49.203388 8.757466 -2.343138
v -45.501637 9.837925 -0.394895
v -47.664860 11.471222 2.385713
v -49.203388 8.757466 -2.343138
v -52.920757 7.498178 -4.438490
v -50.222950 5.786827 -7.401724
v -46.794617 6.946968 -5.383004
v -49.203388 8.757466 -2.343138
v -46.794617 6.946968 -5.383004
v -43.208668 8.114311 -3.249600
v -45.501637 9.837925 -0.394895
v -52.920757 7.498178 -4.438490
v -55.750019 9.531248 -1.205135
v -59.275528 8.219082 -3.461244
v -56.384819 6.038061 -6.760469
v -52.920757 7.498178 -4.438490
v -56.384819 6.038061 -6.760469
v -53.115829 4.719851 -9.176927
v -50.222950 5.786827 -7.401724
v -56.384819 6.038061 -6.760469
v -59.275528 8.219082 -3.461244
v -61.738937 7.148537 -5.246304
v -58.535679 4.983122 -8.450598
v -56.384819 6.038061 -6.760469
v -58.535679 4.983122 -8.450598
v -55.254177 3.290794 -11.483450
v -53.115829 4.719851 -9.176927
v -58.535679 4.983122 -8.450598
v -61.738937 7.148537 -5.246304
v -63.102619 6.521721 -6.288072
v -59.766880 4.310150 -9.547948
v -58.535679 4.983122 -8.450598
v -59.766880 4.310150 -9.547948
v -56.266560 2.483234 -12.623892
v -55.254177 3.290794 -11.483450
v -59.766880 4.310150 -9.547948
v -63.102619 6.521721 -6.288072
v -64.139374 6.026104 -7.094617
v -60.702408 3.767380 -10.446249
v -59.766880 4.310150 -9.547948
v -60.702408 3.767380 -10.446249
v -56.967739 1.908327 -13.534168
v -56.266560 2.483234 -12.623892
v -64.139374 6.026104 -7.094617
v -63.102619 6.521721 -6.288072
v -66.369240 8.602223 -2.556664
v -67.385170 8.092695 -3.411366
v -64.139374 6.026104 -7.094617
v -67.385170 8.092695 -3.411366
v -68.280251 7.603962 -4.239646
v -65.046577 5.576135 -7.839074
v -64.139374 6.026104 -7.094617
v -65.046577 5.576135 -7.839074
v -61.495129 3.273952 -11.269206
v -60.702408 3.767380 -10.446249
v -65.046577 5.576135 -7.839074
v -68.280251 7.603962 -4.239646
v -68.845558 7.267671 -4.940944
v -65.783134 5.241478 -8.514929
v -65.046577 5.576135 -7.839074
v -65.783134 5.241478 -8.514929
v -62.225258 2.851656 -12.073132
v -61.495129 3.273952 -11.269206
v -65.783134 5.241478 -8.514929
v -68.845558 7.267671 -4.940944
v -67.736687 7.618855 -4.412056
v -64.764343 5.610239 -8.002481
v -65.783134 5.241478 -8.514929
v -64.764343 5.610239 -8.002481
v -61.402618 3.227974 -11.616432
v -62.225258 2.851656 -12.073132
v -64.764343 5.610239 -8.002481
v -67.736687 7.618855 -4.412056
v -66.586166 7.965144 -3.820072
v -63.666698 5.978506 -7.424827
v -64.764343 5.610239 -8.002481
v -63.666698 5.978506 -7.424827
v -60.429199 3.616200 -10.992826
v -61.402618 3.227974 -11.616432
v -63.666698 5.978506 -7.424827
v -66.586166 7.965144 -3.820072
v -65.312241 8.369254 -3.137985
v -62.409107 6.385486 -6.774729
v -63.666698 5.978506 -7.424827
v -62.409107 6.385486 -6.774729
v -59.328419 4.042973 -10.291347
v -60.429199 3.616200 -10.992826
v -65.312241 8.369254 -3.137985
v -63.363449 8.991667 -2.095471
v -60.777779 6.966389 -5.981416
v -62.409107 6.385486 -6.774729
v -65.312241 8.369254 -3.137985
v -66.586166 7.965144 -3.820072
v -69.881065 10.138417 -0.505584
v -68.422935 10.688456 0.488052
v -65.312241 8.369254 -3.137985
v -68.422935 10.688456 0.488052
v -66.025101 11.528782 1.988975
v -63.363449 8.991667 -2.095471
v -66.025101 11.528782 1.988975
v -62.320877 12.582111 4.067834
v -60.007298 10.025393 -0.409245
v -63.363449 8.991667 -2.095471
v -66.025101 11.528782 1.988975
v -68.422935 10.688456 0.488052
v -72.407990 12.941229 4.776333
v -69.058418 13.997547 6.622678
v -66.025101 11.528782 1.988975
v -69.058418 13.997547 6.622678
v -64.118851 15.042337 8.371224
v -62.320877 12.582111 4.067834
v -64.118851 15.042337 8.371224
v -59.061169 16.003300 9.993638
v -58.217678 13.763065 5.888587
v -62.320877 12.582111 4.067834
v -64.118851 15.042337 8.371224
v -69.058418 13.997547 6.622678
v -70.450035 15.831488 10.309738
v -65.288010 17.199467 12.350088
v -64.118851 15.042337 8.371224
v -65.288010 17.199467 12.350088
v -59.487419 18.157246 14.128353
v -59.061169 16.003300 9.993638
v -59.487419 18.157246 14.128353
v -53.181370 18.617332 15.241693
v -53.785919 16.620499 11.275177
v -59.061169 16.003300 9.993638
v -59.487419 18.157246 14.128353
v -65.288010 17.199467 12.350088
v -65.910278 18.953438 15.856899
v -59.709007 20.274876 18.529554
v -59.487419 18.157246 14.128353
v -59.709007 20.274876 18.529554
v -52.630817 20.385384 19.027031
v -53.181370 18.617332 15.241693
v -52.630817 20.385384 19.027031
v -45.664738 19.998772 18.667049
v -46.597427 18.330341 15.055806
v -53.181370 18.617332 15.241693
v -52.630817 20.385384 19.027031
v -59.709007 20.274876 18.529554
v -59.634998 21.105852 20.334566
v -52.309978 21.239761 20.915310
v -52.630817 20.385384 19.027031
v -52.309978 21.239761 20.915310
v -45.180439 20.741730 20.378342
v -45.664738 19.998772 18.667049
v -45.180439 20.741730 20.378342
v -38.281948 19.995464 19.360584
v -38.941189 19.307056 17.778294
v -45.664738 19.998772 18.667049
v -45.180439 20.741730 20.378342
v -52.309978 21.239761 20.915310
v -52.125340 21.646120 21.815844
v -44.903568 21.130550 21.262550
v -45.180439 20.741730 20.378342
v -44.903568 21.130550 21.262550
v -37.924160 20.356472 20.188164
v -38.281948 19.995464 19.360584
v -37.924160 20.356472 20.188164
v -31.017488 19.244869 18.546448
v -31.476509 18.904758 17.777893
v -38.281948 19.995464 19.360584
v -37.924160 20.356472 20.188164
v -44.903568 21.130550 21.262550
v -44.676517 21.446747 21.924545
v -37.638878 20.662897 20.835350
v -37.924160 20.356472 20.188164
v -37.638878 20.662897 20.835350
v -30.605318 19.580967 19.247047
v -31.017488 19.244869 18.546448
v -30.605318 19.580967 19.247047
v -23.995779 17.731321 16.736765
v -24.538988 17.414635 16.014120
v -31.017488 19.244869 18.546448
v -30.605318 19.580967 19.247047
v -37.638878 20.662897 20.835350
v -37.461288 20.729794 20.955290
v -30.503878 19.534485 19.204031
v -30.605318 19.580967 19.247047
v -30.503878 19.534485 19.204031
v -23.862858 17.805956 16.900986
v -23.995779 17.731321 16.736765
v -23.862858 17.805956 16.900986
v -17.713799 15.866966 14.155272
v -17.789078 15.683716 13.808313
v -23.995779 17.731321 16.736765
v -23.862858 17.805956 16.900986
v -30.503878 19.534485 19.204031
v -30.399088 19.399076 19.226421
v -23.780079 17.650154 16.948490
v -23.862858 17.805956 16.900986
v -23.780079 17.650154 16.948490
v -17.627298 15.732658 14.231446
v -17.713799 15.866966 14.155272
v -17.627298 15.732658 14.231446
v -11.917698 14.347420 11.119362
v -12.075078 14.426064 10.952816
v -17.713799 15.866966 14.155272
v -17.627298 15.732658 14.231446
v -23.780079 17.650154 16.948490
v -23.679499 17.531330 16.734266
v -17.571829 15.503304 13.792856
v -17.627298 15.732658 14.231446
v -17.571829 15.503304 13.792856
v -11.706638 14.061163 10.541730
v -11.917698 14.347420 11.119362
v -11.706638 14.061163 10.541730
v -7.071878 12.296843 8.143904
v -5.707318 12.559803 8.628980
v -11.917698 14.347420 11.119362
v -11.706638 14.061163 10.541730
v -17.571829 15.503304 13.792856
v -17.963268 15.172523 13.005139
v -12.163008 13.692451 9.610404
v -11.706638 14.061163 10.541730
v -12.163008 13.692451 9.610404
v -7.605258 11.747272 6.916814
v -7.071878 12.296843 8.143904
v -12.163008 13.692451 9.610404
v -17.963268 15.172523 13.005139
v -18.401817 14.823605 12.117828
v -13.554128 13.205582 8.231550
v -12.163008 13.692451 9.610404
v -13.554128 13.205582 8.231550
v -7.629118 10.897249 5.256751
v -7.605258 11.747272 6.916814
v -13.554128 13.205582 8.231550
v -18.401817 14.823605 12.117828
v -19.969528 13.923277 9.871688
v -15.461268 12.267262 6.144133
v -13.554128 13.205582 8.231550
v -15.461268 12.267262 6.144133
v -11.675328 10.274446 3.017877
v -7.629118 10.897249 5.256751
v -11.675328 10.274446 3.017877
v -9.076939 8.566133 0.936860
v -6.699788 9.550853 3.126562
v -7.629118 10.897249 5.256751
v -11.675328 10.274446 3.017877
v -15.461268 12.267262 6.144133
v -18.381859 10.566624 3.238748
v -15.926798 8.686894 0.411598
v -11.675328 10.274446 3.017877
v -15.926798 8.686894 0.411598
v -14.666588 7.296009 -1.398501
v -9.076939 8.566133 0.936860
v -14.666588 7.296009 -1.398501
v -14.104689 6.512527 -2.394576
v -8.614988 7.836960 -0.030382
v -9.076939 8.566133 0.936860
v -14.666588 7.296009 -1.398501
v -15.926798 8.686894 0.411598
v -20.229038 6.836630 -2.615080
v -19.627258 6.070115 -3.744358
v -14.666588 7.296009 -1.398501
v -19.627258 6.070115 -3.744358
v -19.181599 5.462297 -4.652973
v -14.104689 6.512527 -2.394576
v -19.181599 5.462297 -4.652973
v -18.805468 4.947968 -5.521509
v -14.211338 6.146538 -2.899136
v -14.104689 6.512527 -2.394576
v -19.181599 5.462297 -4.652973
v -19.627258 6.070115 -3.744358
v -24.194458 4.936008 -6.182677
v -23.698608 4.411442 -6.991905
v -19.181599 5.462297 -4.652973
v -23.698608 4.411442 -6.991905
v -23.210669 3.956666 -7.788455
v -18.805468 4.947968 -5.521509
v -23.210669 3.956666 -7.788455
v -23.790838 4.445651 -7.173223
v -19.156677 5.360067 -5.039560
v -18.805468 4.947968 -5.521509
v -23.210669 3.956666 -7.788455
v -23.698608 4.411442 -6.991905
v -28.155369 3.132989 -9.542442
v -27.895658 2.816141 -10.168774
v -23.210669 3.956666 -7.788455
v -27.895658 2.816141 -10.168774
v -28.364149 3.317982 -9.520283
v -23.790838 4.445651 -7.173223
v -28.364149 3.317982 -9.520283
v -28.871258 3.796173 -8.837257
v -24.408157 4.940481 -6.467043
v -23.790838 4.445651 -7.173223
v -28.364149 3.317982 -9.520283
v -27.895658 2.816141 -10.168774
v -32.367828 2.018219 -11.971194
v -32.824619 2.456280 -11.350594
v -28.364149 3.317982 -9.520283
v -32.824619 2.456280 -11.350594
v -33.308289 2.895000 -10.716231
v -28.871258 3.796173 -8.837257
v -33.308289 2.895000 -10.716231
v -33.849068 3.375470 -10.028116
v -29.447968 4.324021 -8.082085
v -28.871258 3.796173 -8.837257
v -33.308289 2.895000 -10.716231
v -32.824619 2.456280 -11.350594
v -36.931229 1.303370 -13.373510
v -37.473900 1.788188 -12.672295
v -33.308289 2.895000 -10.716231
v -37.473900 1.788188 -12.672295
v -38.064297 2.381607 -11.834517
v -33.849068 3.375470 -10.028116
v -29.447968 4.324021 -8.082085
v -30.369488 5.161477 -6.892902
v -25.864159 6.199353 -4.626615
v -25.039577 5.469073 -5.695786
v -29.447968 4.324021 -8.082085
v -25.039577 5.469073 -5.695786
v -24.408157 4.940481 -6.467043
v -28.871258 3.796173 -8.837257
v -29.447968 4.324021 -8.082085
v -33.849068 3.375470 -10.028116
v -34.844147 4.297391 -8.714262
v -30.369488 5.161477 -6.892902
v -34.844147 4.297391 -8.714262
v -36.948528 6.404514 -5.755328
v -32.494450 7.146212 -4.040295
v -30.369488 5.161477 -6.892902
v -34.844147 4.297391 -8.714262
v -33.849068 3.375470 -10.028116
v -38.064297 2.381607 -11.834517
v -39.030968 3.426198 -10.397028
v -34.844147 4.297391 -8.714262
v -39.030968 3.426198 -10.397028
v -41.076988 5.786747 -7.156695
v -36.948528 6.404514 -5.755328
v -32.824619 2.456280 -11.350594
v -32.367828 2.018219 -11.971194
v -36.392979 0.852392 -14.004885
v -36.931229 1.303370 -13.373510
v -32.367828 2.018219 -11.971194
v -27.895658 2.816141 -10.168774
v -28.155369 3.132989 -9.542442
v -32.527729 2.173248 -11.543168
v -32.367828 2.018219 -11.971194
v -32.527729 2.173248 -11.543168
v -36.488949 0.902958 -13.751631
v -36.392979 0.852392 -14.004885
v -32.527729 2.173248 -11.543168
v -28.155369 3.132989 -9.542442
v -28.522718 3.615694 -8.806303
v -32.883389 2.613621 -10.843287
v -32.527729 2.173248 -11.543168
v -32.883389 2.613621 -10.843287
v -36.934029 1.335836 -13.054855
v -36.488949 0.902958 -13.751631
v -28.522718 3.615694 -8.806303
v -28.155369 3.132989 -9.542442
v -23.698608 4.411442 -6.991905
v -24.194458 4.936008 -6.182677
v -28.522718 3.615694 -8.806303
v -24.194458 4.936008 -6.182677
v -24.724699 5.529033 -5.280251
v -28.897148 4.087521 -8.106266
v -28.522718 3.615694 -8.806303
v -28.897148 4.087521 -8.106266
v -33.268768 3.096220 -10.125141
v -32.883389 2.613621 -10.843287
v -24.724699 5.529033 -5.280251
v -24.194458 4.936008 -6.182677
v -19.627258 6.070115 -3.744358
v -20.229038 6.836630 -2.615080
v -24.724699 5.529033 -5.280251
v -20.229038 6.836630 -2.615080
v -21.776598 8.453810 -0.167424
v -25.411318 6.318854 -4.089215
v -24.724699 5.529033 -5.280251
v -25.411318 6.318854 -4.089215
v -29.560408 4.879560 -6.949518
v -28.897148 4.087521 -8.106266
v -21.776598 8.453810 -0.167424
v -20.229038 6.836630 -2.615080
v -15.926798 8.686894 0.411598
v -18.381859 10.566624 3.238748
v -21.776598 8.453810 -0.167424
v -18.381859 10.566624 3.238748
v -21.986269 12.457375 6.745398
v -24.614159 10.564415 3.137120
v -21.776598 8.453810 -0.167424
v -24.614159 10.564415 3.137120
v -27.821009 8.623249 -0.647902
v -25.411318 6.318854 -4.089215
v -21.986269 12.457375 6.745398
v -18.381859 10.566624 3.238748
v -15.461268 12.267262 6.144133
v -19.969528 13.923277 9.871688
v -21.986269 12.457375 6.745398
v -19.969528 13.923277 9.871688
v -24.729328 16.219158 13.914371
v -26.421629 14.553362 10.274311
v -21.986269 12.457375 6.745398
v -26.421629 14.553362 10.274311
v -28.373728 12.671738 6.443025
v -24.614159 10.564415 3.137120
v -24.729328 16.219158 13.914371
v -19.969528 13.923277 9.871688
v -18.401817 14.823605 12.117828
v -24.272928 16.790617 15.159763
v -24.729328 16.219158 13.914371
v -24.272928 16.790617 15.159763
v -30.705208 18.459473 17.286972
v -31.004087 17.857412 15.970356
v -24.729328 16.219158 13.914371
v -31.004087 17.857412 15.970356
v -31.572098 16.764961 13.651319
v -26.421629 14.553362 10.274311
v -31.004087 17.857412 15.970356
v -30.705208 18.459473 17.286972
v -37.345379 19.839365 19.460377
v -37.449589 19.314381 18.305376
v -31.004087 17.857412 15.970356
v -37.449589 19.314381 18.305376
v -37.742828 18.151844 15.764430
v -31.572098 16.764961 13.651319
v -37.449589 19.314381 18.305376
v -37.345379 19.839365 19.460377
v -44.375549 20.727924 20.780806
v -44.387047 20.237320 19.683266
v -37.449589 19.314381 18.305376
v -44.387047 20.237320 19.683266
v -44.416348 19.025742 17.062710
v -37.742828 18.151844 15.764430
v -44.387047 20.237320 19.683266
v -44.375549 20.727924 20.780806
v -51.646797 21.318550 21.492887
v -51.593838 20.778313 20.299286
v -44.387047 20.237320 19.683266
v -51.593838 20.778313 20.299286
v -51.435070 19.575714 17.681200
v -44.416348 19.025742 17.062710
v -51.593838 20.778313 20.299286
v -51.646797 21.318550 21.492887
v -59.130287 21.400162 21.339867
v -58.954048 20.831026 20.093784
v -51.593838 20.778313 20.299286
v -58.954048 20.831026 20.093784
v -58.499619 19.623367 17.495995
v -51.435070 19.575714 17.681200
v -58.499619 19.623367 17.495995
v -58.954048 20.831026 20.093784
v -66.178970 20.538883 19.535936
v -65.007118 18.873774 16.013138
v -58.499619 19.623367 17.495995
v -65.007118 18.873774 16.013138
v -63.623070 16.810734 11.884421
v -57.617828 17.521774 13.220111
v -58.499619 19.623367 17.495995
v -57.617828 17.521774 13.220111
v -51.026199 17.599442 13.637299
v -51.435070 19.575714 17.681200
v -63.623070 16.810734 11.884421
v -65.007118 18.873774 16.013138
v -70.457298 17.551575 13.726088
v -68.369431 15.470440 9.614023
v -63.623070 16.810734 11.884421
v -68.369431 15.470440 9.614023
v -65.095352 12.904112 5.043738
v -61.296078 14.235626 7.267741
v -63.623070 16.810734 11.884421
v -61.296078 14.235626 7.267741
v -56.857197 15.267956 9.029573
v -57.617828 17.521774 13.220111
v -65.095352 12.904112 5.043738
v -68.369431 15.470440 9.614023
v -71.710159 14.299353 7.602036
v -68.221619 11.598991 2.762070
v -65.095352 12.904112 5.043738
v -68.221619 11.598991 2.762070
v -64.962898 9.269279 -1.434120
v -62.286949 10.393797 0.467048
v -65.095352 12.904112 5.043738
v -62.286949 10.393797 0.467048
v -58.503269 11.729847 2.719296
v -61.296078 14.235626 7.267741
v -62.286949 10.393797 0.467048
v -64.962898 9.269279 -1.434120
v -61.738937 7.148537 -5.246304
v -59.275528 8.219082 -3.461244
v -62.286949 10.393797 0.467048
v -59.275528 8.219082 -3.461244
v -55.750019 9.531248 -1.205135
v -58.503269 11.729847 2.719296
v -64.962898 9.269279 -1.434120
v -68.221619 11.598991 2.762070
v -69.983315 10.706532 1.127058
v -66.369240 8.602223 -2.556664
v -64.962898 9.269279 -1.434120
v -66.369240 8.602223 -2.556664
v -63.102619 6.521721 -6.288072
v -61.738937 7.148537 -5.246304
v -69.983315 10.706532 1.127058
v -68.221619 11.598991 2.762070
v -71.710159 14.299353 7.602036
v -74.387794 13.196339 5.640613
v -69.983315 10.706532 1.127058
v -74.387794 13.196339 5.640613
v -76.039719 12.389601 4.221439
v -71.036217 10.058344 -0.107562
v -69.983315 10.706532 1.127058
v -71.036217 10.058344 -0.107562
v -67.385170 8.092695 -3.411366
v -66.369240 8.602223 -2.556664
v -71.036217 10.058344 -0.107562
v -76.039719 12.389601 4.221439
v -77.895218 11.969608 3.225199
v -72.331718 9.650210 -0.781820
v -71.036217 10.058344 -0.107562
v -72.331718 9.650210 -0.781820
v -68.280251 7.603962 -4.239646
v -67.385170 8.092695 -3.411366
v -72.331718 9.650210 -0.781820
v -77.895218 11.969608 3.225199
v -76.978439 11.377380 2.113946
v -72.326988 9.491353 -1.442161
v -72.331718 9.650210 -0.781820
v -72.326988 9.491353 -1.442161
v -68.845558 7.267671 -4.940944
v -68.280251 7.603962 -4.239646
v -72.326988 9.491353 -1.442161
v -71.096230 9.616098 -1.397325
v -67.736687 7.618855 -4.412056
v -68.845558 7.267671 -4.940944
v -72.326988 9.491353 -1.442161
v -76.978439 11.377380 2.113946
v -75.682289 11.493473 2.239880
v -71.096230 9.616098 -1.397325
v -75.682289 11.493473 2.239880
v -74.648827 12.151072 3.375502
v -69.881065 10.138417 -0.505584
v -71.096230 9.616098 -1.397325
v -75.682289 11.493473 2.239880
v -76.978439 11.377380 2.113946
v -81.603821 13.010178 5.508903
v -79.422005 12.810373 5.295413
v -75.682289 11.493473 2.239880
v -79.422005 12.810373 5.295413
v -78.226250 13.476738 6.465610
v -74.648827 12.151072 3.375502
v -78.226250 13.476738 6.465610
v -75.277527 14.559805 8.350645
v -72.407990 12.941229 4.776333
v -74.648827 12.151072 3.375502
v -78.226250 13.476738 6.465610
v -79.422005 12.810373 5.295413
v -81.224236 13.933113 7.062094
v -79.195267 14.149055 7.655568
v -78.226250 13.476738 6.465610
v -79.195267 14.149055 7.655568
v -75.798889 15.779734 10.602151
v -75.277527 14.559805 8.350645
v -75.798889 15.779734 10.602151
v -71.860260 17.625565 13.558217
v -70.450035 15.831488 10.309738
v -75.277527 14.559805 8.350645
v -75.798889 15.779734 10.602151
v -79.195267 14.149055 7.655568
v -80.019127 15.474201 10.521233
v -76.590836 16.966743 13.087843
v -75.798889 15.779734 10.602151
v -76.590836 16.966743 13.087843
v -72.012550 18.729996 15.931771
v -71.860260 17.625565 13.558217
v -72.012550 18.729996 15.931771
v -66.231621 20.139355 18.335222
v -65.910278 18.953438 15.856899
v -71.860260 17.625565 13.558217
v -72.012550 18.729996 15.931771
v -76.590836 16.966743 13.087843
v -77.241859 18.087978 15.284710
v -72.494057 19.818769 18.039726
v -72.012550 18.729996 15.931771
v -72.494057 19.818769 18.039726
v -66.468010 20.995937 20.190521
v -66.231621 20.139355 18.335222
v -66.468010 20.995937 20.190521
v -59.570477 21.613985 21.449772
v -59.634998 21.105852 20.334566
v -66.231621 20.139355 18.335222
v -66.468010 20.995937 20.190521
v -72.494057 19.818769 18.039726
v -72.935265 20.669930 19.910332
v -66.955345 21.853970 22.057642
v -66.468010 20.995937 20.190521
v -66.955345 21.853970 22.057642
v -59.508266 22.045765 22.393665
v -59.570477 21.613985 21.449772
v -59.508266 22.045765 22.393665
v -51.963268 21.996441 22.567169
v -52.125340 21.646120 21.815844
v -59.570477 21.613985 21.449772
v -59.508266 22.045765 22.393665
v -66.955345 21.853970 22.057642
v -67.028069 22.277382 22.890965
v -59.445278 22.491779 23.254435
v -59.508266 22.045765 22.393665
v -59.445278 22.491779 23.254435
v -51.811798 22.397375 23.210075
v -51.963268 21.996441 22.567169
v -51.811798 22.397375 23.210075
v -44.574989 21.610565 22.190916
v -44.676517 21.446747 21.924545
v -51.963268 21.996441 22.567169
v -51.811798 22.397375 23.210075
v -59.445278 22.491779 23.254435
v -59.383617 22.895061 23.945786
v -51.692188 22.558674 23.579863
v -51.811798 22.397375 23.210075
v -51.692188 22.558674 23.579863
v -44.456940 21.555651 22.399078
v -44.574989 21.610565 22.190916
v -44.456940 21.555651 22.399078
v -37.339180 20.627342 21.062233
v -37.461288 20.729794 20.955290
v -44.574989 21.610565 22.190916
v -44.456940 21.555651 22.399078
v -51.692188 22.558674 23.579863
v -51.683578 22.062574 22.992729
v -44.341518 21.416447 22.185581
v -44.456940 21.555651 22.399078
v -44.341518 21.416447 22.185581
v -37.256989 20.564178 20.955456
v -37.339180 20.627342 21.062233
v -37.256989 20.564178 20.955456
v -30.320448 19.294924 19.043728
v -30.399088 19.399076 19.226421
v -37.339180 20.627342 21.062233
v -37.256989 20.564178 20.955456
v -44.341518 21.416447 22.185581
v -44.363480 21.084583 21.554886
v -37.291630 20.222275 20.297949
v -37.256989 20.564178 20.955456
v -37.291630 20.222275 20.297949
v -30.501308 18.890516 18.233761
v -30.320448 19.294924 19.043728
v -30.501308 18.890516 18.233761
v -23.971638 17.171604 15.984112
v -23.679499 17.531330 16.734266
v -30.320448 19.294924 19.043728
v -30.501308 18.890516 18.233761
v -37.291630 20.222275 20.297949
v -37.345379 19.839365 19.460377
v -30.705208 18.459473 17.286972
v -30.501308 18.890516 18.233761
v -30.705208 18.459473 17.286972
v -24.272928 16.790617 15.159763
v -23.971638 17.171604 15.984112
v -23.971638 17.171604 15.984112
v -17.963268 15.172523 13.005139
v -17.571829 15.503304 13.792856
v -23.679499 17.531330 16.734266
v -23.971638 17.171604 15.984112
v -24.272928 16.790617 15.159763
v -18.401817 14.823605 12.117828
v -17.963268 15.172523 13.005139
v -37.291630 20.222275 20.297949
v -44.363480 21.084583 21.554886
v -44.375549 20.727924 20.780806
v -37.345379 19.839365 19.460377
v -44.363480 21.084583 21.554886
v -44.341518 21.416447 22.185581
v -51.683578 22.062574 22.992729
v -51.672108 21.695747 22.309380
v -44.363480 21.084583 21.554886
v -51.672108 21.695747 22.309380
v -51.646797 21.318550 21.492887
v -44.375549 20.727924 20.780806
v -51.672108 21.695747 22.309380
v -51.683578 22.062574 22.992729
v -59.311508 22.298874 23.219807
v -59.237320 21.856823 22.335360
v -51.672108 21.695747 22.309380
v -59.237320 21.856823 22.335360
v -59.130287 21.400162 21.339867
v -51.646797 21.318550 21.492887
v -59.237320 21.856823 22.335360
v -59.311508 22.298874 23.219807
v -66.940392 22.079388 22.858049
v -66.782211 21.669317 22.004025
v -59.237320 21.856823 22.335360
v -66.782211 21.669317 22.004025
v -66.579300 21.225092 21.039135
v -59.130287 21.400162 21.339867
v -66.579300 21.225092 21.039135
v -66.782211 21.669317 22.004025
v -73.368156 20.946011 20.814594
v -72.890945 20.346481 19.660858
v -66.579300 21.225092 21.039135
v -72.890945 20.346481 19.660858
v -71.913582 19.250799 17.228132
v -66.178970 20.538883 19.535936
v -66.579300 21.225092 21.039135
v -66.178970 20.538883 19.535936
v -58.954048 20.831026 20.093784
v -59.130287 21.400162 21.339867
v -71.913582 19.250799 17.228132
v -72.890945 20.346481 19.660858
v -77.583229 19.008770 17.561491
v -76.430618 17.780113 14.919748
v -71.913582 19.250799 17.228132
v -76.430618 17.780113 14.919748
v -74.635712 16.302906 11.601830
v -70.457298 17.551575 13.726088
v -71.913582 19.250799 17.228132
v -70.457298 17.551575 13.726088
v -65.007118 18.873774 16.013138
v -66.178970 20.538883 19.535936
v -74.635712 16.302906 11.601830
v -76.430618 17.780113 14.919748
v -80.104820 16.647337 12.954132
v -78.228600 15.245565 10.018521
v -74.635712 16.302906 11.601830
v -78.228600 15.245565 10.018521
v -74.387794 13.196339 5.640613
v -71.710159 14.299353 7.602036
v -74.635712 16.302906 11.601830
v -71.710159 14.299353 7.602036
v -68.369431 15.470440 9.614023
v -70.457298 17.551575 13.726088
v -78.228600 15.245565 10.018521
v -80.104820 16.647337 12.954132
v -82.391800 16.041851 11.837167
v -80.796875 14.407883 8.637442
v -78.228600 15.245565 10.018521
v -80.796875 14.407883 8.637442
v -76.039719 12.389601 4.221439
v -74.387794 13.196339 5.640613
v -80.796875 14.407883 8.637442
v -82.391800 16.041851 11.837167
v -85.102676 15.824245 11.282227
v -84.918579 15.373222 8.408895
v -80.796875 14.407883 8.637442
v -84.918579 15.373222 8.408895
v -77.895218 11.969608 3.225199
v -76.039719 12.389601 4.221439
v -82.391800 16.041851 11.837167
v -80.104820 16.647337 12.954132
v -81.002998 17.974945 15.843163
v -83.216408 17.203575 14.475483
v -82.391800 16.041851 11.837167
v -83.216408 17.203575 14.475483
v -85.156281 16.755461 13.566074
v -85.102676 15.824245 11.282227
v -83.216408 17.203575 14.475483
v -81.002998 17.974945 15.843163
v -81.687798 18.856579 17.523817
v -84.219627 18.452610 15.746919
v -83.216408 17.203575 14.475483
v -84.219627 18.452610 15.746919
v -85.767349 17.908222 14.749044
v -85.156281 16.755461 13.566074
v -84.219627 18.452610 15.746919
v -81.687798 18.856579 17.523817
v -82.236938 19.201462 18.179668
v -84.861969 18.321144 15.895276
v -84.219627 18.452610 15.746919
v -84.861969 18.321144 15.895276
v -86.374268 17.406433 14.127039
v -85.767349 17.908222 14.749044
v -84.861969 18.321144 15.895276
v -82.236938 19.201462 18.179668
v -82.100868 19.338074 17.575499
v -84.630692 17.820204 14.959562
v -84.861969 18.321144 15.895276
v -84.630692 17.820204 14.959562
v -86.241745 16.607735 12.932169
v -86.374268 17.406433 14.127039
v -84.630692 17.820204 14.959562
v -82.100868 19.338074 17.575499
v -81.653648 18.485514 16.300636
v -84.153656 16.994682 13.716318
v -84.630692 17.820204 14.959562
v -84.153656 16.994682 13.716318
v -85.889015 16.007221 11.574808
v -86.241745 16.607735 12.932169
v -84.153656 16.994682 13.716318
v -81.653648 18.485514 16.300636
v -81.197319 17.537083 14.539721
v -83.695297 16.426092 12.100703
v -84.153656 16.994682 13.716318
v -83.695297 16.426092 12.100703
v -85.419060 15.454914 10.251169
v -85.889015 16.007221 11.574808
v -83.695297 16.426092 12.100703
v -81.197319 17.537083 14.539721
v -80.915352 16.454632 12.239491
v -83.254822 15.684689 10.567452
v -83.695297 16.426092 12.100703
v -83.254822 15.684689 10.567452
v -85.117691 15.061890 9.390978
v -85.419060 15.454914 10.251169
v -83.254822 15.684689 10.567452
v -80.915352 16.454632 12.239491
v -80.019127 15.474201 10.521233
v -82.961235 14.704405 9.093483
v -83.254822 15.684689 10.567452
v -82.961235 14.704405 9.093483
v -84.415810 14.374634 8.407150
v -85.117691 15.061890 9.390978
v -82.961235 14.704405 9.093483
v -80.019127 15.474201 10.521233
v -79.195267 14.149055 7.655568
v -81.224236 13.933113 7.062094
v -82.961235 14.704405 9.093483
v -81.224236 13.933113 7.062094
v -82.671318 13.678396 6.827692
v -84.415810 14.374634 8.407150
v -80.915352 16.454632 12.239491
v -77.241859 18.087978 15.284710
v -76.590836 16.966743 13.087843
v -80.019127 15.474201 10.521233
v -80.915352 16.454632 12.239491
v -81.197319 17.537083 14.539721
v -77.722549 19.006908 17.391068
v -77.241859 18.087978 15.284710
v -77.722549 19.006908 17.391068
v -72.935265 20.669930 19.910332
v -72.494057 19.818769 18.039726
v -77.241859 18.087978 15.284710
v -77.722549 19.006908 17.391068
v -81.197319 17.537083 14.539721
v -81.653648 18.485514 16.300636
v -78.205269 20.188335 18.961775
v -77.722549 19.006908 17.391068
v -78.205269 20.188335 18.961775
v -73.819679 21.412758 21.640705
v -72.935265 20.669930 19.910332
v -73.819679 21.412758 21.640705
v -67.028069 22.277382 22.890965
v -66.955345 21.853970 22.057642
v -72.935265 20.669930 19.910332
v -73.819679 21.412758 21.640705
v -78.205269 20.188335 18.961775
v -78.465721 20.277157 20.160763
v -73.970268 21.964832 22.392794
v -73.819679 21.412758 21.640705
v -73.970268 21.964832 22.392794
v -67.085587 22.632315 23.563072
v -67.028069 22.277382 22.890965
v -67.085587 22.632315 23.563072
v -59.383617 22.895061 23.945786
v -59.445278 22.491779 23.254435
v -67.028069 22.277382 22.890965
v -67.085587 22.632315 23.563072
v -73.970268 21.964832 22.392794
v -73.673515 21.281231 21.749802
v -66.940392 22.079388 22.858049
v -67.085587 22.632315 23.563072
v -66.940392 22.079388 22.858049
v -59.311508 22.298874 23.219807
v -59.383617 22.895061 23.945786
v -73.673515 21.281231 21.749802
v -73.970268 21.964832 22.392794
v -78.465721 20.277157 20.160763
v -78.934479 20.422661 20.468647
v -73.673515 21.281231 21.749802
v -78.934479 20.422661 20.468647
v -78.388695 19.915813 19.256519
v -73.368156 20.946011 20.814594
v -73.673515 21.281231 21.749802
v -73.368156 20.946011 20.814594
v -66.782211 21.669317 22.004025
v -66.940392 22.079388 22.858049
v -78.388695 19.915813 19.256519
v -78.934479 20.422661 20.468647
v -82.236938 19.201462 18.179668
v -81.687798 18.856579 17.523817
v -78.388695 19.915813 19.256519
v -81.687798 18.856579 17.523817
v -81.002998 17.974945 15.843163
v -77.583229 19.008770 17.561491
v -78.388695 19.915813 19.256519
v -77.583229 19.008770 17.561491
v -72.890945 20.346481 19.660858
v -73.368156 20.946011 20.814594
v -78.934479 20.422661 20.468647
v -78.465721 20.277157 20.160763
v -82.100868 19.338074 17.575499
v -82.236938 19.201462 18.179668
v -78.465721 20.277157 20.160763
v -78.205269 20.188335 18.961775
v -81.653648 18.485514 16.300636
v -82.100868 19.338074 17.575499
v -81.002998 17.974945 15.843163
v -80.104820 16.647337 12.954132
v -76.430618 17.780113 14.919748
v -77.583229 19.008770 17.561491
v -59.311508 22.298874 23.219807
v -51.683578 22.062574 22.992729
v -51.692188 22.558674 23.579863
v -59.383617 22.895061 23.945786
v -30.320448 19.294924 19.043728
v -23.679499 17.531330 16.734266
v -23.780079 17.650154 16.948490
v -30.399088 19.399076 19.226421
v -37.339180 20.627342 21.062233
v -30.399088 19.399076 19.226421
v -30.503878 19.534485 19.204031
v -37.461288 20.729794 20.955290
v -44.574989 21.610565 22.190916
v -37.461288 20.729794 20.955290
v -37.638878 20.662897 20.835350
v -44.676517 21.446747 21.924545
v -51.963268 21.996441 22.567169
v -44.676517 21.446747 21.924545
v -44.903568 21.130550 21.262550
v -52.125340 21.646120 21.815844
v -59.570477 21.613985 21.449772
v -52.125340 21.646120 21.815844
v -52.309978 21.239761 20.915310
v -59.634998 21.105852 20.334566
v -66.231621 20.139355 18.335222
v -59.634998 21.105852 20.334566
v -59.709007 20.274876 18.529554
v -65.910278 18.953438 15.856899
v -71.860260 17.625565 13.558217
v -65.910278 18.953438 15.856899
v -65.288010 17.199467 12.350088
v -70.450035 15.831488 10.309738
v -81.224236 13.933113 7.062094
v -79.422005 12.810373 5.295413
v -81.603821 13.010178 5.508903
v -82.671318 13.678396 6.827692
v -75.277527 14.559805 8.350645
v -70.450035 15.831488 10.309738
v -69.058418 13.997547 6.622678
v -72.407990 12.941229 4.776333
v -74.648827 12.151072 3.375502
v -72.407990 12.941229 4.776333
v -68.422935 10.688456 0.488052
v -69.881065 10.138417 -0.505584
v -71.096230 9.616098 -1.397325
v -69.881065 10.138417 -0.505584
v -66.586166 7.965144 -3.820072
v -67.736687 7.618855 -4.412056
v -24.408157 4.940481 -6.467043
v -25.039577 5.469073 -5.695786
v -20.405249 6.571797 -3.301375
v -19.711798 5.922106 -4.237108
v -24.408157 4.940481 -6.467043
v -19.711798 5.922106 -4.237108
v -19.156677 5.360067 -5.039560
v -23.790838 4.445651 -7.173223
v -19.156677 5.360067 -5.039560
v -19.711798 5.922106 -4.237108
v -14.570548 6.873111 -2.200166
v -14.391088 6.393638 -2.814112
v -19.156677 5.360067 -5.039560
v -14.391088 6.393638 -2.814112
v -14.211338 6.146538 -2.899136
v -18.805468 4.947968 -5.521509
v -14.211338 6.146538 -2.899136
v -14.391088 6.393638 -2.814112
v -9.280149 7.431589 -0.967229
v -9.142098 7.290680 -0.899719
v -14.211338 6.146538 -2.899136
v -9.142098 7.290680 -0.899719
v -8.614988 7.836960 -0.030382
v -14.104689 6.512527 -2.394576
v -8.614988 7.836960 -0.030382
v -9.142098 7.290680 -0.899719
v -6.091298 7.897003 0.635034
v -6.197948 8.538363 1.612576
v -8.614988 7.836960 -0.030382
v -6.197948 8.538363 1.612576
v -6.699788 9.550853 3.126562
v -9.076939 8.566133 0.936860
v -25.911839 11.472979 4.337062
v -30.852749 13.610373 7.447018
v -28.351078 15.197845 10.831215
v -22.986547 13.063408 7.590258
v -25.911839 11.472979 4.337062
v -22.986547 13.063408 7.590258
v -19.055479 10.869312 3.451447
v -23.215128 9.180375 0.599069
v -25.911839 11.472979 4.337062
v -30.417969 10.237721 1.453373
v -34.360809 12.062664 4.198965
v -30.852749 13.610373 7.447018
v -22.986547 13.063408 7.590258
v -28.351078 15.197845 10.831215
v -26.061357 16.553150 13.939213
v -20.446169 14.406668 10.579977
v -22.986547 13.063408 7.590258
v -20.446169 14.406668 10.579977
v -15.474848 12.592548 6.471438
v -19.055479 10.869312 3.451447
v -15.474848 12.592548 6.471438
v -11.392939 10.242808 2.718787
v -16.368128 8.622496 0.054821
v -19.055479 10.869312 3.451447
v -15.474848 12.592548 6.471438
v -20.446169 14.406668 10.579977
v -19.045359 15.064140 12.254305
v -13.441858 13.509211 8.545582
v -15.474848 12.592548 6.471438
v -13.441858 13.509211 8.545582
v -8.321898 11.077393 5.042121
v -11.392939 10.242808 2.718787
v -30.852749 13.610373 7.447018
v -34.360809 12.062664 4.198965
v -38.454647 13.357485 6.118317
v -36.320026 15.083076 9.482481
v -30.852749 13.610373 7.447018
v -36.320026 15.083076 9.482481
v -34.199657 16.848862 13.107117
v -28.351078 15.197845 10.831215
v -11.392939 10.242808 2.718787
v -8.321898 11.077393 5.042121
v -6.603258 9.476208 2.724107
v -9.940948 8.924305 0.996322
v -6.091298 7.897003 0.635034
v -3.477728 8.023527 1.615641
v -4.453319 8.918961 2.709751
v -6.197948 8.538363 1.612576
v -2.249938 7.475426 0.821662
v -2.961729 8.426136 2.056902
v -2.373748 8.464258 2.221392
v -2.096378 8.049447 1.622904
v -2.168708 11.318911 6.971001
v -2.306028 10.546221 5.844564
v -1.984498 10.257257 5.430087
v -1.919438 10.623045 6.185798
v -13.441858 13.509211 8.545582
v -12.665498 13.860943 9.513527
v -8.159959 11.775560 6.451926
v -8.321898 11.077393 5.042121
v -36.320026 15.083076 9.482481
v -38.454647 13.357485 6.118317
v -43.089527 14.088541 7.123542
v -41.783497 15.911329 10.622823
v -47.294788 12.223642 3.462434
v -48.299149 14.513241 7.614139
v -43.089527 14.088541 7.123542
v -43.126068 12.236279 3.732552
v -51.572399 6.621413 -6.227134
v -49.182678 4.618532 -9.289316
v -52.571930 3.862102 -10.551999
v -55.505459 5.439663 -8.042593
v -46.737289 0.258803 -15.355001
v -51.776348 0.578835 -15.389992
v -51.090950 1.759488 -13.639797
v -46.979958 1.003727 -14.241184
v -56.266560 2.483234 -12.623892
v -51.684589 0.944506 -14.593275
v -51.099609 2.355016 -12.615955
v -55.254177 3.290794 -11.483450
v -44.443390 4.835656 -8.596581
v -46.794617 6.946968 -5.383004
v -50.222950 5.786827 -7.401724
v -48.023598 4.011610 -10.053373
v -81.603821 13.010178 5.508903
v -76.978439 11.377380 2.113946
v -77.895218 11.969608 3.225199
v -84.918579 15.373222 8.408895
v -84.918579 15.373222 8.408895
v -85.419060 15.454914 10.251169
v -85.117691 15.061890 9.390978
v -84.415810 14.374634 8.407150
v -84.415810 14.374634 8.407150
v -82.671318 13.678396 6.827692
v -81.603821 13.010178 5.508903
v -84.918579 15.373222 8.408895
v -2.345608 10.992180 6.030953
v -2.168708 11.318911 6.971001
v -1.919438 10.623045 6.185798
v -1.982528 10.609694 5.372196
v -2.210238 8.950166 3.073897
v -2.527188 8.809862 3.179845
v -2.137158 8.105831 2.300792
v -2.184128 8.539692 2.373080
v -2.210238 8.950166 3.073897
v -1.964098 9.764124 4.227158
v -2.280879 9.654230 4.344928
v -2.527188 8.809862 3.179845
v -2.280879 9.654230 4.344928
v -1.964098 9.764124 4.227158
v -1.893308 10.356745 4.979099
v -1.984498 10.257257 5.430087
v -1.893308 10.356745 4.979099
v -1.982528 10.609694 5.372196
v -1.919438 10.623045 6.185798
v -1.984498 10.257257 5.430087
v -2.394368 7.937372 1.950066
v -2.249938 7.475426 0.821662
v -2.096378 8.049447 1.622904
v -2.137158 8.105831 2.300792
v -2.184128 8.539692 2.373080
v -2.137158 8.105831 2.300792
v -2.096378 8.049447 1.622904
v -2.373748 8.464258 2.221392
v 84.189369 15.346479 10.317303
v 82.641083 15.373222 8.408895
v 83.141563 15.454914 10.251169
v 83.611519 16.007221 11.574808
v 84.189369 15.346479 10.317303
v 84.064034 15.845997 11.709496
v 82.825180 15.824245 11.282227
v 82.641083 15.373222 8.408895
v 84.189369 15.346479 10.317303
v 83.611519 16.007221 11.574808
v 83.964249 16.607735 12.932169
v 84.064034 15.845997 11.709496
v 84.096771 17.406433 14.127039
v 83.489853 17.908222 14.749044
v 82.878784 16.755461 13.566074
v 83.968521 16.561886 13.159229
v 84.096771 17.406433 14.127039
v 83.968521 16.561886 13.159229
v 84.064034 15.845997 11.709496
v 83.964249 16.607735 12.932169
v 2.336182 10.199093 4.702942
v 5.327762 11.747272 6.916814
v 4.794381 12.296843 8.143904
v 1.418982 11.107044 6.530219
v 2.336182 10.199093 4.702942
v 0.559142 9.798912 4.463720
v 0.854242 8.891672 3.092471
v 2.175822 8.918961 2.709751
v 2.336182 10.199093 4.702942
v 2.175822 8.918961 2.709751
v 3.920451 8.538363 1.612576
v 4.422292 9.550853 3.126562
v 2.336182 10.199093 4.702942
v 4.422292 9.550853 3.126562
v 5.351622 10.897249 5.256751
v 5.327762 11.747272 6.916814
v 2.336182 10.199093 4.702942
v 1.418982 11.107044 6.530219
v 0.028532 10.546221 5.844564
v 0.559142 9.798912 4.463720
v 83.968521 16.561886 13.159229
v 82.878784 16.755461 13.566074
v 82.825180 15.824245 11.282227
v 84.064034 15.845997 11.709496
v 48.179081 2.787563 -12.192024
v 48.813454 1.759488 -13.639797
v 44.702461 1.003727 -14.241184
v 45.225540 2.756042 -11.920227
v 48.179081 2.787563 -12.192024
v 50.294434 3.862102 -10.551999
v 52.706741 2.722975 -12.446161
v 48.813454 1.759488 -13.639797
v 48.179081 2.787563 -12.192024
v 45.225540 2.756042 -11.920227
v 46.905182 4.618532 -9.289316
v 50.294434 3.862102 -10.551999
v 3.103662 10.007007 3.893550
v 1.386621 9.442810 3.326350
v 0.643592 10.291468 4.733421
v 2.048112 10.881186 5.645090
v 3.103662 10.007007 3.893550
v 4.325762 9.476208 2.724107
v 3.620211 8.503780 1.369211
v 2.268412 8.678488 1.963902
v 3.103662 10.007007 3.893550
v 2.268412 8.678488 1.963902
v 0.684232 8.426136 2.056902
v 1.386621 9.442810 3.326350
v 3.103662 10.007007 3.893550
v 2.048112 10.881186 5.645090
v 5.215101 12.253040 7.618800
v 5.882462 11.775560 6.451926
v 3.103662 10.007007 3.893550
v 5.882462 11.775560 6.451926
v 6.044401 11.077393 5.042121
v 4.325762 9.476208 2.724107
v 48.406773 3.625630 -10.747455
v 50.838333 4.719851 -9.176927
v 47.945454 5.786827 -7.401724
v 45.746101 4.011610 -10.053373
v 48.406773 3.625630 -10.747455
v 48.822113 2.355016 -12.615955
v 52.976681 3.290794 -11.483450
v 50.838333 4.719851 -9.176927
v 48.406773 3.625630 -10.747455
v 45.746101 4.011610 -10.053373
v 44.637260 1.620613 -13.118542
v 48.822113 2.355016 -12.615955
v 37.647491 12.163269 3.849426
v 40.848572 12.236279 3.732552
v 39.268124 10.469205 0.704454
v 35.501534 10.973186 1.918021
v 37.647491 12.163269 3.849426
v 35.501534 10.973186 1.918021
v 32.083313 12.062664 4.198965
v 36.177151 13.357485 6.118317
v 37.647491 12.163269 3.849426
v 36.177151 13.357485 6.118317
v 40.812031 14.088541 7.123542
v 40.848572 12.236279 3.732552
v 42.297783 11.881311 3.302177
v 40.026463 10.870008 1.652080
v 43.224140 9.837925 -0.394895
v 45.387363 11.471222 2.385713
v 42.297783 11.881311 3.302177
v 45.387363 11.471222 2.385713
v 46.942322 13.306280 5.699332
v 42.178951 13.214430 5.746309
v 42.297783 11.881311 3.302177
v 42.178951 13.214430 5.746309
v 38.154022 12.323942 4.392396
v 40.026463 10.870008 1.652080
v 38.154022 12.323942 4.392396
v 36.931492 14.157822 7.817478
v 32.399540 12.663826 5.553212
v 34.608913 10.869936 2.116623
v 38.154022 12.323942 4.392396
v 42.178951 13.214430 5.746309
v 42.051662 15.171255 9.376534
v 36.931492 14.157822 7.817478
v 38.154022 12.323942 4.392396
v 34.608913 10.869936 2.116623
v 37.348812 9.362681 -0.787535
v 40.026463 10.870008 1.652080
v 37.348812 9.362681 -0.787535
v 34.608913 10.869936 2.116623
v 31.373894 8.984248 -0.844910
v 35.046623 7.476149 -3.836966
v 37.348812 9.362681 -0.787535
v 40.931171 8.114311 -3.249600
v 43.224140 9.837925 -0.394895
v 40.026463 10.870008 1.652080
v 37.348812 9.362681 -0.787535
v 35.046623 7.476149 -3.836966
v 38.661221 6.106458 -6.393243
v 40.931171 8.114311 -3.249600
v 38.661221 6.106458 -6.393243
v 35.046623 7.476149 -3.836966
v 32.744030 5.118067 -7.222731
v 36.545082 3.671618 -9.725356
v 38.661221 6.106458 -6.393243
v 42.165894 4.835656 -8.596581
v 44.517120 6.946968 -5.383004
v 40.931171 8.114311 -3.249600
v 38.661221 6.106458 -6.393243
v 36.545082 3.671618 -9.725356
v 40.440804 2.417808 -11.740221
v 42.165894 4.835656 -8.596581
v 40.440804 2.417808 -11.740221
v 36.545082 3.671618 -9.725356
v 35.568352 2.434097 -11.454033
v 39.795692 1.322572 -13.260639
v 40.440804 2.417808 -11.740221
v 44.637260 1.620613 -13.118542
v 45.746101 4.011610 -10.053373
v 42.165894 4.835656 -8.596581
v 40.440804 2.417808 -11.740221
v 39.795692 1.322572 -13.260639
v 44.420033 0.619693 -14.517998
v 44.637260 1.620613 -13.118542
v 44.420033 0.619693 -14.517998
v 39.795692 1.322572 -13.260639
v 39.424892 0.684476 -14.208389
v 44.282810 -0.030421 -15.510925
v 44.420033 0.619693 -14.517998
v 49.407093 0.944506 -14.593275
v 48.822113 2.355016 -12.615955
v 44.637260 1.620613 -13.118542
v 44.420033 0.619693 -14.517998
v 44.282810 -0.030421 -15.510925
v 49.698341 0.281773 -15.597282
v 49.407093 0.944506 -14.593275
v 49.698341 0.281773 -15.597282
v 44.282810 -0.030421 -15.510925
v 44.164963 -0.584195 -16.451923
v 49.943462 -0.295106 -16.520985
v 49.698341 0.281773 -15.597282
v 54.690243 1.908327 -13.534168
v 53.989063 2.483234 -12.623892
v 49.407093 0.944506 -14.593275
v 49.698341 0.281773 -15.597282
v 49.943462 -0.295106 -16.520985
v 55.299301 1.423256 -14.378174
v 54.690243 1.908327 -13.534168
v 55.299301 1.423256 -14.378174
v 59.217632 3.273952 -11.269206
v 58.424911 3.767380 -10.446249
v 54.690243 1.908327 -13.534168
v 55.299301 1.423256 -14.378174
v 55.896931 1.036270 -15.210949
v 59.947762 2.851656 -12.073132
v 59.217632 3.273952 -11.269206
v 55.299301 1.423256 -14.378174
v 49.943462 -0.295106 -16.520985
v 50.168484 -0.795686 -17.439219
v 55.896931 1.036270 -15.210949
v 50.168484 -0.795686 -17.439219
v 44.054653 -1.031158 -17.359051
v 44.111843 -0.792076 -17.267506
v 50.072392 -0.530094 -17.205719
v 50.168484 -0.795686 -17.439219
v 49.943462 -0.295106 -16.520985
v 44.164963 -0.584195 -16.451923
v 44.054653 -1.031158 -17.359051
v 50.168484 -0.795686 -17.439219
v 50.072392 -0.530094 -17.205719
v 55.405354 1.321901 -14.902477
v 55.896931 1.036270 -15.210949
v 55.405354 1.321901 -14.902477
v 59.125122 3.227974 -11.616432
v 59.947762 2.851656 -12.073132
v 55.896931 1.036270 -15.210949
v 55.405354 1.321901 -14.902477
v 54.656193 1.701903 -14.227123
v 58.151703 3.616200 -10.992826
v 59.125122 3.227974 -11.616432
v 55.405354 1.321901 -14.902477
v 50.072392 -0.530094 -17.205719
v 49.799492 -0.002268 -16.309521
v 54.656193 1.701903 -14.227123
v 49.799492 -0.002268 -16.309521
v 44.274372 -0.339826 -16.361637
v 44.459793 0.258803 -15.355001
v 49.498852 0.578835 -15.389992
v 49.799492 -0.002268 -16.309521
v 50.072392 -0.530094 -17.205719
v 44.111843 -0.792076 -17.267506
v 44.274372 -0.339826 -16.361637
v 49.799492 -0.002268 -16.309521
v 49.498852 0.578835 -15.389992
v 53.809071 2.140486 -13.431623
v 54.656193 1.701903 -14.227123
v 53.809071 2.140486 -13.431623
v 57.050922 4.042973 -10.291347
v 58.151703 3.616200 -10.992826
v 54.656193 1.701903 -14.227123
v 53.809071 2.140486 -13.431623
v 52.706741 2.722975 -12.446161
v 55.648151 4.573282 -9.426107
v 57.050922 4.042973 -10.291347
v 53.809071 2.140486 -13.431623
v 49.498852 0.578835 -15.389992
v 48.813454 1.759488 -13.639797
v 52.706741 2.722975 -12.446161
v 55.648151 4.573282 -9.426107
v 52.706741 2.722975 -12.446161
v 50.294434 3.862102 -10.551999
v 53.227962 5.439663 -8.042593
v 55.648151 4.573282 -9.426107
v 58.500282 6.966389 -5.981416
v 60.131611 6.385486 -6.774729
v 57.050922 4.042973 -10.291347
v 55.648151 4.573282 -9.426107
v 53.227962 5.439663 -8.042593
v 55.538673 7.836038 -4.530306
v 58.500282 6.966389 -5.981416
v 55.538673 7.836038 -4.530306
v 53.227962 5.439663 -8.042593
v 49.294903 6.621413 -6.227134
v 51.629002 8.818022 -2.804961
v 55.538673 7.836038 -4.530306
v 57.729801 10.025393 -0.409245
v 61.085953 8.991667 -2.095471
v 58.500282 6.966389 -5.981416
v 55.538673 7.836038 -4.530306
v 51.629002 8.818022 -2.804961
v 53.620354 11.118477 1.349872
v 57.729801 10.025393 -0.409245
v 53.620354 11.118477 1.349872
v 51.629002 8.818022 -2.804961
v 47.495602 9.602325 -1.355225
v 49.514584 11.933346 2.765014
v 53.620354 11.118477 1.349872
v 55.940182 13.763065 5.888587
v 60.043381 12.582111 4.067834
v 57.729801 10.025393 -0.409245
v 53.620354 11.118477 1.349872
v 49.514584 11.933346 2.765014
v 51.613312 14.583431 7.445520
v 55.940182 13.763065 5.888587
v 51.613312 14.583431 7.445520
v 49.514584 11.933346 2.765014
v 45.017292 12.223642 3.462434
v 46.021652 14.513241 7.614139
v 51.613312 14.583431 7.445520
v 51.508423 16.620499 11.275177
v 56.783672 16.003300 9.993638
v 55.940182 13.763065 5.888587
v 51.613312 14.583431 7.445520
v 46.021652 14.513241 7.614139
v 45.244713 16.421280 11.232248
v 51.508423 16.620499 11.275177
v 45.244713 16.421280 11.232248
v 46.021652 14.513241 7.614139
v 40.812031 14.088541 7.123542
v 39.506001 15.911329 10.622823
v 45.244713 16.421280 11.232248
v 44.319931 18.330341 15.055806
v 50.903873 18.617332 15.241693
v 51.508423 16.620499 11.275177
v 45.244713 16.421280 11.232248
v 39.506001 15.911329 10.622823
v 38.044323 17.737255 14.354233
v 44.319931 18.330341 15.055806
v 38.044323 17.737255 14.354233
v 39.506001 15.911329 10.622823
v 34.042530 15.083076 9.482481
v 31.922173 16.848862 13.107117
v 38.044323 17.737255 14.354233
v 36.663692 19.307056 17.778294
v 43.387241 19.998772 18.667049
v 44.319931 18.330341 15.055806
v 38.044323 17.737255 14.354233
v 31.922173 16.848862 13.107117
v 30.158041 18.196163 16.148682
v 36.663692 19.307056 17.778294
v 30.158041 18.196163 16.148682
v 31.922173 16.848862 13.107117
v 26.073582 15.197845 10.831215
v 23.783861 16.553150 13.939213
v 30.158041 18.196163 16.148682
v 29.199013 18.904758 17.777893
v 36.004452 19.995464 19.360584
v 36.663692 19.307056 17.778294
v 30.158041 18.196163 16.148682
v 23.783861 16.553150 13.939213
v 22.893812 17.059021 15.155088
v 29.199013 18.904758 17.777893
v 22.893812 17.059021 15.155088
v 23.783861 16.553150 13.939213
v 18.168673 14.406668 10.579977
v 16.767862 15.064140 12.254305
v 22.893812 17.059021 15.155088
v 22.261492 17.414635 16.014120
v 28.740002 19.244869 18.546448
v 29.199013 18.904758 17.777893
v 22.893812 17.059021 15.155088
v 16.767862 15.064140 12.254305
v 16.063011 15.393162 13.111734
v 22.261492 17.414635 16.014120
v 16.063011 15.393162 13.111734
v 16.767862 15.064140 12.254305
v 11.164362 13.509211 8.545582
v 10.388001 13.860943 9.513527
v 16.063011 15.393162 13.111734
v 15.511591 15.683716 13.808313
v 21.718283 17.731321 16.736765
v 22.261492 17.414635 16.014120
v 16.063011 15.393162 13.111734
v 10.388001 13.860943 9.513527
v 9.787772 14.166258 10.349194
v 15.511591 15.683716 13.808313
v 9.787772 14.166258 10.349194
v 10.388001 13.860943 9.513527
v 5.882462 11.775560 6.451926
v 5.215101 12.253040 7.618800
v 9.787772 14.166258 10.349194
v 9.797582 14.426064 10.952816
v 15.436302 15.866966 14.155272
v 15.511591 15.683716 13.808313
v 9.787772 14.166258 10.349194
v 5.215101 12.253040 7.618800
v 3.776612 12.425674 8.191364
v 9.797582 14.426064 10.952816
v 3.776612 12.425674 8.191364
v 5.215101 12.253040 7.618800
v 2.048112 10.881186 5.645090
v 1.077332 11.420589 6.712421
v 3.776612 12.425674 8.191364
v 3.429822 12.559803 8.628980
v 9.640202 14.347420 11.119362
v 9.797582 14.426064 10.952816
v 3.776612 12.425674 8.191364
v 1.077332 11.420589 6.712421
v 0.805992 11.651686 7.349239
v 3.429822 12.559803 8.628980
v 0.805992 11.651686 7.349239
v 1.077332 11.420589 6.712421
v 0.068112 10.992180 6.030953
v -0.108788 11.318911 6.971001
v 0.805992 11.651686 7.349239
v 1.418982 11.107044 6.530219
v 4.794381 12.296843 8.143904
v 3.429822 12.559803 8.628980
v 0.805992 11.651686 7.349239
v -0.108788 11.318911 6.971001
v 0.028532 10.546221 5.844564
v 1.418982 11.107044 6.530219
v 0.068112 10.992180 6.030953
v 0.643592 10.291468 4.733421
v 0.079892 9.980749 4.275950
v -0.294968 10.609694 5.372196
v 0.068112 10.992180 6.030953
v 1.077332 11.420589 6.712421
v 2.048112 10.881186 5.645090
v 0.643592 10.291468 4.733421
v 0.079892 9.980749 4.275950
v 0.474902 9.205747 3.106799
v -0.067258 8.950166 3.073897
v -0.313398 9.764124 4.227158
v 0.079892 9.980749 4.275950
v 0.643592 10.291468 4.733421
v 1.386621 9.442810 3.326350
v 0.474902 9.205747 3.106799
v 0.079892 9.980749 4.275950
v -0.313398 9.764124 4.227158
v -0.384188 10.356745 4.979099
v -0.294968 10.609694 5.372196
v 0.474902 9.205747 3.106799
v 0.096252 8.464258 2.221392
v -0.093368 8.539692 2.373080
v -0.067258 8.950166 3.073897
v 0.474902 9.205747 3.106799
v 1.386621 9.442810 3.326350
v 0.684232 8.426136 2.056902
v 0.096252 8.464258 2.221392
v 0.003382 9.654230 4.344928
v 0.249692 8.809862 3.179845
v 0.854242 8.891672 3.092471
v 0.559142 9.798912 4.463720
v 0.003382 9.654230 4.344928
v 0.559142 9.798912 4.463720
v 0.028532 10.546221 5.844564
v -0.292998 10.257257 5.430087
v 0.249692 8.809862 3.179845
v -0.140338 8.105831 2.300792
v 0.116872 7.937372 1.950066
v 0.854242 8.891672 3.092471
v 0.116872 7.937372 1.950066
v 1.200232 8.023527 1.615641
v 2.175822 8.918961 2.709751
v 0.854242 8.891672 3.092471
v 0.116872 7.937372 1.950066
v -0.027558 7.475426 0.821662
v 1.499962 8.019842 1.126584
v 1.200232 8.023527 1.615641
v 1.499962 8.019842 1.126584
v -0.027558 7.475426 0.821662
v 0.684232 8.426136 2.056902
v 2.268412 8.678488 1.963902
v 1.499962 8.019842 1.126584
v 3.843561 7.923559 0.438329
v 3.813802 7.897003 0.635034
v 1.200232 8.023527 1.615641
v 1.499962 8.019842 1.126584
v 2.268412 8.678488 1.963902
v 3.620211 8.503780 1.369211
v 3.843561 7.923559 0.438329
v 3.843561 7.923559 0.438329
v 7.002652 7.431589 -0.967229
v 6.864602 7.290680 -0.899719
v 3.813802 7.897003 0.635034
v 3.843561 7.923559 0.438329
v 3.620211 8.503780 1.369211
v 6.783662 8.037498 -0.093793
v 7.002652 7.431589 -0.967229
v 6.783662 8.037498 -0.093793
v 3.620211 8.503780 1.369211
v 4.325762 9.476208 2.724107
v 7.663452 8.924305 0.996322
v 6.783662 8.037498 -0.093793
v 12.293052 6.873111 -2.200166
v 12.113592 6.393638 -2.814112
v 7.002652 7.431589 -0.967229
v 6.783662 8.037498 -0.093793
v 7.663452 8.924305 0.996322
v 13.003762 7.584538 -1.313032
v 12.293052 6.873111 -2.200166
v 13.003762 7.584538 -1.313032
v 7.663452 8.924305 0.996322
v 9.115442 10.242808 2.718787
v 14.090631 8.622496 0.054821
v 13.003762 7.584538 -1.313032
v 18.127752 6.571797 -3.301375
v 17.434301 5.922106 -4.237108
v 12.293052 6.873111 -2.200166
v 13.003762 7.584538 -1.313032
v 14.090631 8.622496 0.054821
v 19.119242 7.478941 -1.972944
v 18.127752 6.571797 -3.301375
v 19.119242 7.478941 -1.972944
v 14.090631 8.622496 0.054821
v 16.777983 10.869312 3.451447
v 20.937632 9.180375 0.599069
v 19.119242 7.478941 -1.972944
v 23.586662 6.199353 -4.626615
v 22.762093 5.469073 -5.695786
v 18.127752 6.571797 -3.301375
v 19.119242 7.478941 -1.972944
v 20.937632 9.180375 0.599069
v 25.577103 8.039126 -1.925655
v 23.586662 6.199353 -4.626615
v 25.577103 8.039126 -1.925655
v 20.937632 9.180375 0.599069
v 23.634342 11.472979 4.337062
v 28.140482 10.237721 1.453373
v 25.577103 8.039126 -1.925655
v 30.216951 7.146212 -4.040295
v 28.091991 5.161477 -6.892902
v 23.586662 6.199353 -4.626615
v 25.577103 8.039126 -1.925655
v 28.140482 10.237721 1.453373
v 32.750652 9.249167 -0.832104
v 30.216951 7.146212 -4.040295
v 32.750652 9.249167 -0.832104
v 28.140482 10.237721 1.453373
v 32.083313 12.062664 4.198965
v 35.501534 10.973186 1.918021
v 32.750652 9.249167 -0.832104
v 36.972431 8.582357 -2.424964
v 34.671032 6.404514 -5.755328
v 30.216951 7.146212 -4.040295
v 32.750652 9.249167 -0.832104
v 35.501534 10.973186 1.918021
v 39.268124 10.469205 0.704454
v 36.972431 8.582357 -2.424964
v 36.972431 8.582357 -2.424964
v 41.053993 8.065201 -3.642379
v 38.799492 5.786747 -7.156695
v 34.671032 6.404514 -5.755328
v 36.972431 8.582357 -2.424964
v 39.268124 10.469205 0.704454
v 43.285793 10.107869 -0.220221
v 41.053993 8.065201 -3.642379
v 43.285793 10.107869 -0.220221
v 47.495602 9.602325 -1.355225
v 45.039612 7.536405 -4.747323
v 41.053993 8.065201 -3.642379
v 43.285793 10.107869 -0.220221
v 45.017292 12.223642 3.462434
v 49.514584 11.933346 2.765014
v 47.495602 9.602325 -1.355225
v 43.285793 10.107869 -0.220221
v 39.268124 10.469205 0.704454
v 40.848572 12.236279 3.732552
v 45.017292 12.223642 3.462434
v 45.039612 7.536405 -4.747323
v 42.732674 5.283440 -8.253807
v 38.799492 5.786747 -7.156695
v 41.053993 8.065201 -3.642379
v 45.039612 7.536405 -4.747323
v 49.294903 6.621413 -6.227134
v 46.905182 4.618532 -9.289316
v 42.732674 5.283440 -8.253807
v 45.039612 7.536405 -4.747323
v 47.495602 9.602325 -1.355225
v 51.629002 8.818022 -2.804961
v 49.294903 6.621413 -6.227134
v 42.732674 5.283440 -8.253807
v 40.999683 2.705467 -11.662823
v 36.753471 3.426198 -10.397028
v 38.799492 5.786747 -7.156695
v 42.732674 5.283440 -8.253807
v 46.905182 4.618532 -9.289316
v 45.225540 2.756042 -11.920227
v 40.999683 2.705467 -11.662823
v 40.999683 2.705467 -11.662823
v 40.160400 1.453964 -13.371376
v 35.786800 2.381607 -11.834517
v 36.753471 3.426198 -10.397028
v 40.999683 2.705467 -11.662823
v 45.225540 2.756042 -11.920227
v 44.702461 1.003727 -14.241184
v 40.160400 1.453964 -13.371376
v 40.160400 1.453964 -13.371376
v 39.654823 0.771723 -14.372217
v 35.196404 1.788188 -12.672295
v 35.786800 2.381607 -11.834517
v 40.160400 1.453964 -13.371376
v 44.702461 1.003727 -14.241184
v 44.459793 0.258803 -15.355001
v 39.654823 0.771723 -14.372217
v 39.654823 0.771723 -14.372217
v 39.217793 0.233150 -15.202370
v 34.653732 1.303370 -13.373510
v 35.196404 1.788188 -12.672295
v 39.654823 0.771723 -14.372217
v 44.459793 0.258803 -15.355001
v 44.274372 -0.339826 -16.361637
v 39.217793 0.233150 -15.202370
v 39.217793 0.233150 -15.202370
v 38.821793 -0.212155 -15.956499
v 34.115482 0.852392 -14.004885
v 34.653732 1.303370 -13.373510
v 39.217793 0.233150 -15.202370
v 44.274372 -0.339826 -16.361637
v 44.111843 -0.792076 -17.267506
v 38.821793 -0.212155 -15.956499
v 38.821793 -0.212155 -15.956499
v 38.788544 -0.295010 -15.860071
v 34.211452 0.902958 -13.751631
v 34.115482 0.852392 -14.004885
v 38.821793 -0.212155 -15.956499
v 44.111843 -0.792076 -17.267506
v 44.054653 -1.031158 -17.359051
v 38.788544 -0.295010 -15.860071
v 38.788544 -0.295010 -15.860071
v 39.100964 0.153555 -15.046600
v 34.656532 1.335836 -13.054855
v 34.211452 0.902958 -13.751631
v 38.788544 -0.295010 -15.860071
v 44.054653 -1.031158 -17.359051
v 44.164963 -0.584195 -16.451923
v 39.100964 0.153555 -15.046600
v 39.100964 0.153555 -15.046600
v 39.424892 0.684476 -14.208389
v 35.098461 1.839339 -12.306622
v 34.656532 1.335836 -13.054855
v 39.100964 0.153555 -15.046600
v 44.164963 -0.584195 -16.451923
v 44.282810 -0.030421 -15.510925
v 39.424892 0.684476 -14.208389
v 35.098461 1.839339 -12.306622
v 30.991272 3.096220 -10.125141
v 30.605892 2.613621 -10.843287
v 34.656532 1.335836 -13.054855
v 35.098461 1.839339 -12.306622
v 35.568352 2.434097 -11.454033
v 31.503933 3.709798 -9.231808
v 30.991272 3.096220 -10.125141
v 35.098461 1.839339 -12.306622
v 39.424892 0.684476 -14.208389
v 39.795692 1.322572 -13.260639
v 35.568352 2.434097 -11.454033
v 31.503933 3.709798 -9.231808
v 27.282911 4.879560 -6.949518
v 26.619652 4.087521 -8.106266
v 30.991272 3.096220 -10.125141
v 31.503933 3.709798 -9.231808
v 32.744030 5.118067 -7.222731
v 28.985561 6.747253 -4.249681
v 27.282911 4.879560 -6.949518
v 31.503933 3.709798 -9.231808
v 35.568352 2.434097 -11.454033
v 36.545082 3.671618 -9.725356
v 32.744030 5.118067 -7.222731
v 28.985561 6.747253 -4.249681
v 25.543512 8.623249 -0.647902
v 23.133821 6.318854 -4.089215
v 27.282911 4.879560 -6.949518
v 28.985561 6.747253 -4.249681
v 31.373894 8.984248 -0.844910
v 28.563772 10.770241 2.652472
v 25.543512 8.623249 -0.647902
v 28.985561 6.747253 -4.249681
v 32.744030 5.118067 -7.222731
v 35.046623 7.476149 -3.836966
v 31.373894 8.984248 -0.844910
v 28.563772 10.770241 2.652472
v 26.096241 12.671738 6.443025
v 22.336662 10.564415 3.137120
v 25.543512 8.623249 -0.647902
v 28.563772 10.770241 2.652472
v 32.399540 12.663826 5.553212
v 30.718092 14.665642 9.395441
v 26.096241 12.671738 6.443025
v 28.563772 10.770241 2.652472
v 31.373894 8.984248 -0.844910
v 34.608913 10.869936 2.116623
v 32.399540 12.663826 5.553212
v 30.718092 14.665642 9.395441
v 29.294611 16.764961 13.651319
v 24.144133 14.553362 10.274311
v 26.096241 12.671738 6.443025
v 30.718092 14.665642 9.395441
v 35.937443 16.236485 11.827035
v 35.465332 18.151844 15.764430
v 29.294611 16.764961 13.651319
v 30.718092 14.665642 9.395441
v 32.399540 12.663826 5.553212
v 36.931492 14.157822 7.817478
v 35.937443 16.236485 11.827035
v 35.937443 16.236485 11.827035
v 42.133152 17.118572 13.114647
v 42.138851 19.025742 17.062710
v 35.465332 18.151844 15.764430
v 35.937443 16.236485 11.827035
v 36.931492 14.157822 7.817478
v 42.051662 15.171255 9.376534
v 42.133152 17.118572 13.114647
v 42.133152 17.118572 13.114647
v 48.748703 17.599442 13.637299
v 49.157574 19.575714 17.681200
v 42.138851 19.025742 17.062710
v 42.133152 17.118572 13.114647
v 42.051662 15.171255 9.376534
v 48.304832 15.572235 9.766612
v 48.748703 17.599442 13.637299
v 48.304832 15.572235 9.766612
v 54.579700 15.267956 9.029573
v 55.340332 17.521774 13.220111
v 48.748703 17.599442 13.637299
v 48.304832 15.572235 9.766612
v 46.942322 13.306280 5.699332
v 52.074284 12.859081 4.727137
v 54.579700 15.267956 9.029573
v 48.304832 15.572235 9.766612
v 42.051662 15.171255 9.376534
v 42.178951 13.214430 5.746309
v 46.942322 13.306280 5.699332
v 52.074284 12.859081 4.727137
v 56.225773 11.729847 2.719296
v 59.018581 14.235626 7.267741
v 54.579700 15.267956 9.029573
v 52.074284 12.859081 4.727137
v 49.479412 10.720264 0.851412
v 53.472523 9.531248 -1.205135
v 56.225773 11.729847 2.719296
v 52.074284 12.859081 4.727137
v 46.942322 13.306280 5.699332
v 45.387363 11.471222 2.385713
v 49.479412 10.720264 0.851412
v 49.479412 10.720264 0.851412
v 46.925892 8.757466 -2.343138
v 50.643261 7.498178 -4.438490
v 53.472523 9.531248 -1.205135
v 49.479412 10.720264 0.851412
v 45.387363 11.471222 2.385713
v 43.224140 9.837925 -0.394895
v 46.925892 8.757466 -2.343138
v 46.925892 8.757466 -2.343138
v 44.517120 6.946968 -5.383004
v 47.945454 5.786827 -7.401724
v 50.643261 7.498178 -4.438490
v 46.925892 8.757466 -2.343138
v 43.224140 9.837925 -0.394895
v 40.931171 8.114311 -3.249600
v 44.517120 6.946968 -5.383004
v 50.643261 7.498178 -4.438490
v 54.107323 6.038061 -6.760469
v 56.998032 8.219082 -3.461244
v 53.472523 9.531248 -1.205135
v 50.643261 7.498178 -4.438490
v 47.945454 5.786827 -7.401724
v 50.838333 4.719851 -9.176927
v 54.107323 6.038061 -6.760469
v 54.107323 6.038061 -6.760469
v 56.258183 4.983122 -8.450598
v 59.461441 7.148537 -5.246304
v 56.998032 8.219082 -3.461244
v 54.107323 6.038061 -6.760469
v 50.838333 4.719851 -9.176927
v 52.976681 3.290794 -11.483450
v 56.258183 4.983122 -8.450598
v 56.258183 4.983122 -8.450598
v 57.489384 4.310150 -9.547948
v 60.825123 6.521721 -6.288072
v 59.461441 7.148537 -5.246304
v 56.258183 4.983122 -8.450598
v 52.976681 3.290794 -11.483450
v 53.989063 2.483234 -12.623892
v 57.489384 4.310150 -9.547948
v 57.489384 4.310150 -9.547948
v 58.424911 3.767380 -10.446249
v 61.861874 6.026104 -7.094617
v 60.825123 6.521721 -6.288072
v 57.489384 4.310150 -9.547948
v 53.989063 2.483234 -12.623892
v 54.690243 1.908327 -13.534168
v 58.424911 3.767380 -10.446249
v 61.861874 6.026104 -7.094617
v 65.107674 8.092695 -3.411366
v 64.091743 8.602223 -2.556664
v 60.825123 6.521721 -6.288072
v 61.861874 6.026104 -7.094617
v 62.769081 5.576135 -7.839074
v 66.002754 7.603962 -4.239646
v 65.107674 8.092695 -3.411366
v 61.861874 6.026104 -7.094617
v 58.424911 3.767380 -10.446249
v 59.217632 3.273952 -11.269206
v 62.769081 5.576135 -7.839074
v 62.769081 5.576135 -7.839074
v 63.505638 5.241478 -8.514929
v 66.568062 7.267671 -4.940944
v 66.002754 7.603962 -4.239646
v 62.769081 5.576135 -7.839074
v 59.217632 3.273952 -11.269206
v 59.947762 2.851656 -12.073132
v 63.505638 5.241478 -8.514929
v 63.505638 5.241478 -8.514929
v 62.486843 5.610239 -8.002481
v 65.459190 7.618855 -4.412056
v 66.568062 7.267671 -4.940944
v 63.505638 5.241478 -8.514929
v 59.947762 2.851656 -12.073132
v 59.125122 3.227974 -11.616432
v 62.486843 5.610239 -8.002481
v 62.486843 5.610239 -8.002481
v 61.389202 5.978506 -7.424827
v 64.308670 7.965144 -3.820072
v 65.459190 7.618855 -4.412056
v 62.486843 5.610239 -8.002481
v 59.125122 3.227974 -11.616432
v 58.151703 3.616200 -10.992826
v 61.389202 5.978506 -7.424827
v 61.389202 5.978506 -7.424827
v 60.131611 6.385486 -6.774729
v 63.034744 8.369254 -3.137985
v 64.308670 7.965144 -3.820072
v 61.389202 5.978506 -7.424827
v 58.151703 3.616200 -10.992826
v 57.050922 4.042973 -10.291347
v 60.131611 6.385486 -6.774729
v 63.034744 8.369254 -3.137985
v 60.131611 6.385486 -6.774729
v 58.500282 6.966389 -5.981416
v 61.085953 8.991667 -2.095471
v 63.034744 8.369254 -3.137985
v 66.145439 10.688456 0.488052
v 67.603569 10.138417 -0.505584
v 64.308670 7.965144 -3.820072
v 63.034744 8.369254 -3.137985
v 61.085953 8.991667 -2.095471
v 63.747604 11.528782 1.988975
v 66.145439 10.688456 0.488052
v 63.747604 11.528782 1.988975
v 61.085953 8.991667 -2.095471
v 57.729801 10.025393 -0.409245
v 60.043381 12.582111 4.067834
v 63.747604 11.528782 1.988975
v 66.780922 13.997547 6.622678
v 70.130493 12.941229 4.776333
v 66.145439 10.688456 0.488052
v 63.747604 11.528782 1.988975
v 60.043381 12.582111 4.067834
v 61.841351 15.042337 8.371224
v 66.780922 13.997547 6.622678
v 61.841351 15.042337 8.371224
v 60.043381 12.582111 4.067834
v 55.940182 13.763065 5.888587
v 56.783672 16.003300 9.993638
v 61.841351 15.042337 8.371224
v 63.010513 17.199467 12.350088
v 68.172539 15.831488 10.309738
v 66.780922 13.997547 6.622678
v 61.841351 15.042337 8.371224
v 56.783672 16.003300 9.993638
v 57.209923 18.157246 14.128353
v 63.010513 17.199467 12.350088
v 57.209923 18.157246 14.128353
v 56.783672 16.003300 9.993638
v 51.508423 16.620499 11.275177
v 50.903873 18.617332 15.241693
v 57.209923 18.157246 14.128353
v 57.431511 20.274876 18.529554
v 63.632782 18.953438 15.856899
v 63.010513 17.199467 12.350088
v 57.209923 18.157246 14.128353
v 50.903873 18.617332 15.241693
v 50.353321 20.385384 19.027031
v 57.431511 20.274876 18.529554
v 50.353321 20.385384 19.027031
v 50.903873 18.617332 15.241693
v 44.319931 18.330341 15.055806
v 43.387241 19.998772 18.667049
v 50.353321 20.385384 19.027031
v 50.032482 21.239761 20.915310
v 57.357502 21.105852 20.334566
v 57.431511 20.274876 18.529554
v 50.353321 20.385384 19.027031
v 43.387241 19.998772 18.667049
v 42.902943 20.741730 20.378342
v 50.032482 21.239761 20.915310
v 42.902943 20.741730 20.378342
v 43.387241 19.998772 18.667049
v 36.663692 19.307056 17.778294
v 36.004452 19.995464 19.360584
v 42.902943 20.741730 20.378342
v 42.626072 21.130550 21.262550
v 49.847843 21.646120 21.815844
v 50.032482 21.239761 20.915310
v 42.902943 20.741730 20.378342
v 36.004452 19.995464 19.360584
v 35.646664 20.356472 20.188164
v 42.626072 21.130550 21.262550
v 35.646664 20.356472 20.188164
v 36.004452 19.995464 19.360584
v 29.199013 18.904758 17.777893
v 28.740002 19.244869 18.546448
v 35.646664 20.356472 20.188164
v 35.361382 20.662897 20.835350
v 42.399021 21.446747 21.924545
v 42.626072 21.130550 21.262550
v 35.646664 20.356472 20.188164
v 28.740002 19.244869 18.546448
v 28.327822 19.580967 19.247047
v 35.361382 20.662897 20.835350
v 28.327822 19.580967 19.247047
v 28.740002 19.244869 18.546448
v 22.261492 17.414635 16.014120
v 21.718283 17.731321 16.736765
v 28.327822 19.580967 19.247047
v 28.226381 19.534485 19.204031
v 35.183792 20.729794 20.955290
v 35.361382 20.662897 20.835350
v 28.327822 19.580967 19.247047
v 21.718283 17.731321 16.736765
v 21.585361 17.805956 16.900986
v 28.226381 19.534485 19.204031
v 21.585361 17.805956 16.900986
v 21.718283 17.731321 16.736765
v 15.511591 15.683716 13.808313
v 15.436302 15.866966 14.155272
v 21.585361 17.805956 16.900986
v 21.502583 17.650154 16.948490
v 28.121601 19.399076 19.226421
v 28.226381 19.534485 19.204031
v 21.585361 17.805956 16.900986
v 15.436302 15.866966 14.155272
v 15.349802 15.732658 14.231446
v 21.502583 17.650154 16.948490
v 15.349802 15.732658 14.231446
v 15.436302 15.866966 14.155272
v 9.797582 14.426064 10.952816
v 9.640202 14.347420 11.119362
v 15.349802 15.732658 14.231446
v 15.294333 15.503304 13.792856
v 21.402002 17.531330 16.734266
v 21.502583 17.650154 16.948490
v 15.349802 15.732658 14.231446
v 9.640202 14.347420 11.119362
v 9.429142 14.061163 10.541730
v 15.294333 15.503304 13.792856
v 9.429142 14.061163 10.541730
v 9.640202 14.347420 11.119362
v 3.429822 12.559803 8.628980
v 4.794381 12.296843 8.143904
v 9.429142 14.061163 10.541730
v 9.885511 13.692451 9.610404
v 15.685772 15.172523 13.005139
v 15.294333 15.503304 13.792856
v 9.429142 14.061163 10.541730
v 4.794381 12.296843 8.143904
v 5.327762 11.747272 6.916814
v 9.885511 13.692451 9.610404
v 9.885511 13.692451 9.610404
v 11.276631 13.205582 8.231550
v 16.124321 14.823605 12.117828
v 15.685772 15.172523 13.005139
v 9.885511 13.692451 9.610404
v 5.327762 11.747272 6.916814
v 5.351622 10.897249 5.256751
v 11.276631 13.205582 8.231550
v 11.276631 13.205582 8.231550
v 13.183772 12.267262 6.144133
v 17.692032 13.923277 9.871688
v 16.124321 14.823605 12.117828
v 11.276631 13.205582 8.231550
v 5.351622 10.897249 5.256751
v 9.397832 10.274446 3.017877
v 13.183772 12.267262 6.144133
v 9.397832 10.274446 3.017877
v 5.351622 10.897249 5.256751
v 4.422292 9.550853 3.126562
v 6.799441 8.566133 0.936860
v 9.397832 10.274446 3.017877
v 13.649302 8.686894 0.411598
v 16.104372 10.566624 3.238748
v 13.183772 12.267262 6.144133
v 9.397832 10.274446 3.017877
v 6.799441 8.566133 0.936860
v 12.389091 7.296009 -1.398501
v 13.649302 8.686894 0.411598
v 12.389091 7.296009 -1.398501
v 6.799441 8.566133 0.936860
v 6.337492 7.836960 -0.030382
v 11.827192 6.512527 -2.394576
v 12.389091 7.296009 -1.398501
v 17.349771 6.070115 -3.744358
v 17.951542 6.836630 -2.615080
v 13.649302 8.686894 0.411598
v 12.389091 7.296009 -1.398501
v 11.827192 6.512527 -2.394576
v 16.904102 5.462297 -4.652973
v 17.349771 6.070115 -3.744358
v 16.904102 5.462297 -4.652973
v 11.827192 6.512527 -2.394576
v 11.933842 6.146538 -2.899136
v 16.527971 4.947968 -5.521509
v 16.904102 5.462297 -4.652973
v 21.421112 4.411442 -6.991905
v 21.916962 4.936008 -6.182677
v 17.349771 6.070115 -3.744358
v 16.904102 5.462297 -4.652973
v 16.527971 4.947968 -5.521509
v 20.933182 3.956666 -7.788455
v 21.421112 4.411442 -6.991905
v 20.933182 3.956666 -7.788455
v 16.527971 4.947968 -5.521509
v 16.879192 5.360067 -5.039560
v 21.513342 4.445651 -7.173223
v 20.933182 3.956666 -7.788455
v 25.618162 2.816141 -10.168774
v 25.877872 3.132989 -9.542442
v 21.421112 4.411442 -6.991905
v 20.933182 3.956666 -7.788455
v 21.513342 4.445651 -7.173223
v 26.086653 3.317982 -9.520283
v 25.618162 2.816141 -10.168774
v 26.086653 3.317982 -9.520283
v 21.513342 4.445651 -7.173223
v 22.130661 4.940481 -6.467043
v 26.593771 3.796173 -8.837257
v 26.086653 3.317982 -9.520283
v 30.547132 2.456280 -11.350594
v 30.090332 2.018219 -11.971194
v 25.618162 2.816141 -10.168774
v 26.086653 3.317982 -9.520283
v 26.593771 3.796173 -8.837257
v 31.030792 2.895000 -10.716231
v 30.547132 2.456280 -11.350594
v 31.030792 2.895000 -10.716231
v 26.593771 3.796173 -8.837257
v 27.170471 4.324021 -8.082085
v 31.571571 3.375470 -10.028116
v 31.030792 2.895000 -10.716231
v 35.196404 1.788188 -12.672295
v 34.653732 1.303370 -13.373510
v 30.547132 2.456280 -11.350594
v 31.030792 2.895000 -10.716231
v 31.571571 3.375470 -10.028116
v 35.786800 2.381607 -11.834517
v 35.196404 1.788188 -12.672295
v 27.170471 4.324021 -8.082085
v 22.762093 5.469073 -5.695786
v 23.586662 6.199353 -4.626615
v 28.091991 5.161477 -6.892902
v 27.170471 4.324021 -8.082085
v 26.593771 3.796173 -8.837257
v 22.130661 4.940481 -6.467043
v 22.762093 5.469073 -5.695786
v 27.170471 4.324021 -8.082085
v 28.091991 5.161477 -6.892902
v 32.566650 4.297391 -8.714262
v 31.571571 3.375470 -10.028116
v 32.566650 4.297391 -8.714262
v 28.091991 5.161477 -6.892902
v 30.216951 7.146212 -4.040295
v 34.671032 6.404514 -5.755328
v 32.566650 4.297391 -8.714262
v 36.753471 3.426198 -10.397028
v 35.786800 2.381607 -11.834517
v 31.571571 3.375470 -10.028116
v 32.566650 4.297391 -8.714262
v 34.671032 6.404514 -5.755328
v 38.799492 5.786747 -7.156695
v 36.753471 3.426198 -10.397028
v 30.547132 2.456280 -11.350594
v 34.653732 1.303370 -13.373510
v 34.115482 0.852392 -14.004885
v 30.090332 2.018219 -11.971194
v 30.090332 2.018219 -11.971194
v 30.250242 2.173248 -11.543168
v 25.877872 3.132989 -9.542442
v 25.618162 2.816141 -10.168774
v 30.090332 2.018219 -11.971194
v 34.115482 0.852392 -14.004885
v 34.211452 0.902958 -13.751631
v 30.250242 2.173248 -11.543168
v 30.250242 2.173248 -11.543168
v 30.605892 2.613621 -10.843287
v 26.245222 3.615694 -8.806303
v 25.877872 3.132989 -9.542442
v 30.250242 2.173248 -11.543168
v 34.211452 0.902958 -13.751631
v 34.656532 1.335836 -13.054855
v 30.605892 2.613621 -10.843287
v 26.245222 3.615694 -8.806303
v 21.916962 4.936008 -6.182677
v 21.421112 4.411442 -6.991905
v 25.877872 3.132989 -9.542442
v 26.245222 3.615694 -8.806303
v 26.619652 4.087521 -8.106266
v 22.447212 5.529033 -5.280251
v 21.916962 4.936008 -6.182677
v 26.245222 3.615694 -8.806303
v 30.605892 2.613621 -10.843287
v 30.991272 3.096220 -10.125141
v 26.619652 4.087521 -8.106266
v 22.447212 5.529033 -5.280251
v 17.951542 6.836630 -2.615080
v 17.349771 6.070115 -3.744358
v 21.916962 4.936008 -6.182677
v 22.447212 5.529033 -5.280251
v 23.133821 6.318854 -4.089215
v 19.499102 8.453810 -0.167424
v 17.951542 6.836630 -2.615080
v 22.447212 5.529033 -5.280251
v 26.619652 4.087521 -8.106266
v 27.282911 4.879560 -6.949518
v 23.133821 6.318854 -4.089215
v 19.499102 8.453810 -0.167424
v 16.104372 10.566624 3.238748
v 13.649302 8.686894 0.411598
v 17.951542 6.836630 -2.615080
v 19.499102 8.453810 -0.167424
v 22.336662 10.564415 3.137120
v 19.708773 12.457375 6.745398
v 16.104372 10.566624 3.238748
v 19.499102 8.453810 -0.167424
v 23.133821 6.318854 -4.089215
v 25.543512 8.623249 -0.647902
v 22.336662 10.564415 3.137120
v 19.708773 12.457375 6.745398
v 17.692032 13.923277 9.871688
v 13.183772 12.267262 6.144133
v 16.104372 10.566624 3.238748
v 19.708773 12.457375 6.745398
v 24.144133 14.553362 10.274311
v 22.451832 16.219158 13.914371
v 17.692032 13.923277 9.871688
v 19.708773 12.457375 6.745398
v 22.336662 10.564415 3.137120
v 26.096241 12.671738 6.443025
v 24.144133 14.553362 10.274311
v 22.451832 16.219158 13.914371
v 21.995441 16.790617 15.159763
v 16.124321 14.823605 12.117828
v 17.692032 13.923277 9.871688
v 22.451832 16.219158 13.914371
v 28.726591 17.857412 15.970356
v 28.427711 18.459473 17.286972
v 21.995441 16.790617 15.159763
v 22.451832 16.219158 13.914371
v 24.144133 14.553362 10.274311
v 29.294611 16.764961 13.651319
v 28.726591 17.857412 15.970356
v 28.726591 17.857412 15.970356
v 35.172092 19.314381 18.305376
v 35.067883 19.839365 19.460377
v 28.427711 18.459473 17.286972
v 28.726591 17.857412 15.970356
v 29.294611 16.764961 13.651319
v 35.465332 18.151844 15.764430
v 35.172092 19.314381 18.305376
v 35.172092 19.314381 18.305376
v 42.109550 20.237320 19.683266
v 42.098053 20.727924 20.780806
v 35.067883 19.839365 19.460377
v 35.172092 19.314381 18.305376
v 35.465332 18.151844 15.764430
v 42.138851 19.025742 17.062710
v 42.109550 20.237320 19.683266
v 42.109550 20.237320 19.683266
v 49.316341 20.778313 20.299286
v 49.369301 21.318550 21.492887
v 42.098053 20.727924 20.780806
v 42.109550 20.237320 19.683266
v 42.138851 19.025742 17.062710
v 49.157574 19.575714 17.681200
v 49.316341 20.778313 20.299286
v 49.316341 20.778313 20.299286
v 56.676552 20.831026 20.093784
v 56.852791 21.400162 21.339867
v 49.369301 21.318550 21.492887
v 49.316341 20.778313 20.299286
v 49.157574 19.575714 17.681200
v 56.222122 19.623367 17.495995
v 56.676552 20.831026 20.093784
v 56.222122 19.623367 17.495995
v 62.729622 18.873774 16.013138
v 63.901474 20.538883 19.535936
v 56.676552 20.831026 20.093784
v 56.222122 19.623367 17.495995
v 55.340332 17.521774 13.220111
v 61.345573 16.810734 11.884421
v 62.729622 18.873774 16.013138
v 56.222122 19.623367 17.495995
v 49.157574 19.575714 17.681200
v 48.748703 17.599442 13.637299
v 55.340332 17.521774 13.220111
v 61.345573 16.810734 11.884421
v 66.091934 15.470440 9.614023
v 68.179802 17.551575 13.726088
v 62.729622 18.873774 16.013138
v 61.345573 16.810734 11.884421
v 59.018581 14.235626 7.267741
v 62.817852 12.904112 5.043738
v 66.091934 15.470440 9.614023
v 61.345573 16.810734 11.884421
v 55.340332 17.521774 13.220111
v 54.579700 15.267956 9.029573
v 59.018581 14.235626 7.267741
v 62.817852 12.904112 5.043738
v 65.944122 11.598991 2.762070
v 69.432663 14.299353 7.602036
v 66.091934 15.470440 9.614023
v 62.817852 12.904112 5.043738
v 60.009453 10.393797 0.467048
v 62.685402 9.269279 -1.434120
v 65.944122 11.598991 2.762070
v 62.817852 12.904112 5.043738
v 59.018581 14.235626 7.267741
v 56.225773 11.729847 2.719296
v 60.009453 10.393797 0.467048
v 60.009453 10.393797 0.467048
v 56.998032 8.219082 -3.461244
v 59.461441 7.148537 -5.246304
v 62.685402 9.269279 -1.434120
v 60.009453 10.393797 0.467048
v 56.225773 11.729847 2.719296
v 53.472523 9.531248 -1.205135
v 56.998032 8.219082 -3.461244
v 62.685402 9.269279 -1.434120
v 64.091743 8.602223 -2.556664
v 67.705818 10.706532 1.127058
v 65.944122 11.598991 2.762070
v 62.685402 9.269279 -1.434120
v 59.461441 7.148537 -5.246304
v 60.825123 6.521721 -6.288072
v 64.091743 8.602223 -2.556664
v 67.705818 10.706532 1.127058
v 72.110298 13.196339 5.640613
v 69.432663 14.299353 7.602036
v 65.944122 11.598991 2.762070
v 67.705818 10.706532 1.127058
v 68.758720 10.058344 -0.107562
v 73.762222 12.389601 4.221439
v 72.110298 13.196339 5.640613
v 67.705818 10.706532 1.127058
v 64.091743 8.602223 -2.556664
v 65.107674 8.092695 -3.411366
v 68.758720 10.058344 -0.107562
v 68.758720 10.058344 -0.107562
v 70.054222 9.650210 -0.781820
v 75.617722 11.969608 3.225199
v 73.762222 12.389601 4.221439
v 68.758720 10.058344 -0.107562
v 65.107674 8.092695 -3.411366
v 66.002754 7.603962 -4.239646
v 70.054222 9.650210 -0.781820
v 70.054222 9.650210 -0.781820
v 70.049492 9.491353 -1.442161
v 74.700943 11.377380 2.113946
v 75.617722 11.969608 3.225199
v 70.054222 9.650210 -0.781820
v 66.002754 7.603962 -4.239646
v 66.568062 7.267671 -4.940944
v 70.049492 9.491353 -1.442161
v 70.049492 9.491353 -1.442161
v 66.568062 7.267671 -4.940944
v 65.459190 7.618855 -4.412056
v 68.818733 9.616098 -1.397325
v 70.049492 9.491353 -1.442161
v 68.818733 9.616098 -1.397325
v 73.404793 11.493473 2.239880
v 74.700943 11.377380 2.113946
v 73.404793 11.493473 2.239880
v 68.818733 9.616098 -1.397325
v 67.603569 10.138417 -0.505584
v 72.371330 12.151072 3.375502
v 73.404793 11.493473 2.239880
v 77.144508 12.810373 5.295413
v 79.326324 13.010178 5.508903
v 74.700943 11.377380 2.113946
v 73.404793 11.493473 2.239880
v 72.371330 12.151072 3.375502
v 75.948753 13.476738 6.465610
v 77.144508 12.810373 5.295413
v 75.948753 13.476738 6.465610
v 72.371330 12.151072 3.375502
v 70.130493 12.941229 4.776333
v 73.000031 14.559805 8.350645
v 75.948753 13.476738 6.465610
v 76.917770 14.149055 7.655568
v 78.946739 13.933113 7.062094
v 77.144508 12.810373 5.295413
v 75.948753 13.476738 6.465610
v 73.000031 14.559805 8.350645
v 73.521393 15.779734 10.602151
v 76.917770 14.149055 7.655568
v 73.521393 15.779734 10.602151
v 73.000031 14.559805 8.350645
v 68.172539 15.831488 10.309738
v 69.582764 17.625565 13.558217
v 73.521393 15.779734 10.602151
v 74.313339 16.966743 13.087843
v 77.741631 15.474201 10.521233
v 76.917770 14.149055 7.655568
v 73.521393 15.779734 10.602151
v 69.582764 17.625565 13.558217
v 69.735054 18.729996 15.931771
v 74.313339 16.966743 13.087843
v 69.735054 18.729996 15.931771
v 69.582764 17.625565 13.558217
v 63.632782 18.953438 15.856899
v 63.954124 20.139355 18.335222
v 69.735054 18.729996 15.931771
v 70.216560 19.818769 18.039726
v 74.964363 18.087978 15.284710
v 74.313339 16.966743 13.087843
v 69.735054 18.729996 15.931771
v 63.954124 20.139355 18.335222
v 64.190514 20.995937 20.190521
v 70.216560 19.818769 18.039726
v 64.190514 20.995937 20.190521
v 63.954124 20.139355 18.335222
v 57.357502 21.105852 20.334566
v 57.292980 21.613985 21.449772
v 64.190514 20.995937 20.190521
v 64.677849 21.853970 22.057642
v 70.657768 20.669930 19.910332
v 70.216560 19.818769 18.039726
v 64.190514 20.995937 20.190521
v 57.292980 21.613985 21.449772
v 57.230770 22.045765 22.393665
v 64.677849 21.853970 22.057642
v 57.230770 22.045765 22.393665
v 57.292980 21.613985 21.449772
v 49.847843 21.646120 21.815844
v 49.685772 21.996441 22.567169
v 57.230770 22.045765 22.393665
v 57.167782 22.491779 23.254435
v 64.750572 22.277382 22.890965
v 64.677849 21.853970 22.057642
v 57.230770 22.045765 22.393665
v 49.685772 21.996441 22.567169
v 49.534302 22.397375 23.210075
v 57.167782 22.491779 23.254435
v 49.534302 22.397375 23.210075
v 49.685772 21.996441 22.567169
v 42.399021 21.446747 21.924545
v 42.297493 21.610565 22.190916
v 49.534302 22.397375 23.210075
v 49.414692 22.558674 23.579863
v 57.106121 22.895061 23.945786
v 57.167782 22.491779 23.254435
v 49.534302 22.397375 23.210075
v 42.297493 21.610565 22.190916
v 42.179443 21.555651 22.399078
v 49.414692 22.558674 23.579863
v 42.179443 21.555651 22.399078
v 42.297493 21.610565 22.190916
v 35.183792 20.729794 20.955290
v 35.061684 20.627342 21.062233
v 42.179443 21.555651 22.399078
v 42.064022 21.416447 22.185581
v 49.406082 22.062574 22.992729
v 49.414692 22.558674 23.579863
v 42.179443 21.555651 22.399078
v 35.061684 20.627342 21.062233
v 34.979492 20.564178 20.955456
v 42.064022 21.416447 22.185581
v 34.979492 20.564178 20.955456
v 35.061684 20.627342 21.062233
v 28.121601 19.399076 19.226421
v 28.042952 19.294924 19.043728
v 34.979492 20.564178 20.955456
v 35.014133 20.222275 20.297949
v 42.085983 21.084583 21.554886
v 42.064022 21.416447 22.185581
v 34.979492 20.564178 20.955456
v 28.042952 19.294924 19.043728
v 28.223812 18.890516 18.233761
v 35.014133 20.222275 20.297949
v 28.223812 18.890516 18.233761
v 28.042952 19.294924 19.043728
v 21.402002 17.531330 16.734266
v 21.694151 17.171604 15.984112
v 28.223812 18.890516 18.233761
v 28.427711 18.459473 17.286972
v 35.067883 19.839365 19.460377
v 35.014133 20.222275 20.297949
v 28.223812 18.890516 18.233761
v 21.694151 17.171604 15.984112
v 21.995441 16.790617 15.159763
v 28.427711 18.459473 17.286972
v 21.694151 17.171604 15.984112
v 21.402002 17.531330 16.734266
v 15.294333 15.503304 13.792856
v 15.685772 15.172523 13.005139
v 21.694151 17.171604 15.984112
v 15.685772 15.172523 13.005139
v 16.124321 14.823605 12.117828
v 21.995441 16.790617 15.159763
v 35.014133 20.222275 20.297949
v 35.067883 19.839365 19.460377
v 42.098053 20.727924 20.780806
v 42.085983 21.084583 21.554886
v 42.085983 21.084583 21.554886
v 49.394611 21.695747 22.309380
v 49.406082 22.062574 22.992729
v 42.064022 21.416447 22.185581
v 42.085983 21.084583 21.554886
v 42.098053 20.727924 20.780806
v 49.369301 21.318550 21.492887
v 49.394611 21.695747 22.309380
v 49.394611 21.695747 22.309380
v 56.959824 21.856823 22.335360
v 57.034012 22.298874 23.219807
v 49.406082 22.062574 22.992729
v 49.394611 21.695747 22.309380
v 49.369301 21.318550 21.492887
v 56.852791 21.400162 21.339867
v 56.959824 21.856823 22.335360
v 56.959824 21.856823 22.335360
v 64.504715 21.669317 22.004025
v 64.662895 22.079388 22.858049
v 57.034012 22.298874 23.219807
v 56.959824 21.856823 22.335360
v 56.852791 21.400162 21.339867
v 64.301804 21.225092 21.039135
v 64.504715 21.669317 22.004025
v 64.301804 21.225092 21.039135
v 70.613449 20.346481 19.660858
v 71.090660 20.946011 20.814594
v 64.504715 21.669317 22.004025
v 64.301804 21.225092 21.039135
v 63.901474 20.538883 19.535936
v 69.636086 19.250799 17.228132
v 70.613449 20.346481 19.660858
v 64.301804 21.225092 21.039135
v 56.852791 21.400162 21.339867
v 56.676552 20.831026 20.093784
v 63.901474 20.538883 19.535936
v 69.636086 19.250799 17.228132
v 74.153122 17.780113 14.919748
v 75.305733 19.008770 17.561491
v 70.613449 20.346481 19.660858
v 69.636086 19.250799 17.228132
v 68.179802 17.551575 13.726088
v 72.358215 16.302906 11.601830
v 74.153122 17.780113 14.919748
v 69.636086 19.250799 17.228132
v 63.901474 20.538883 19.535936
v 62.729622 18.873774 16.013138
v 68.179802 17.551575 13.726088
v 72.358215 16.302906 11.601830
v 75.951103 15.245565 10.018521
v 77.827324 16.647337 12.954132
v 74.153122 17.780113 14.919748
v 72.358215 16.302906 11.601830
v 69.432663 14.299353 7.602036
v 72.110298 13.196339 5.640613
v 75.951103 15.245565 10.018521
v 72.358215 16.302906 11.601830
v 68.179802 17.551575 13.726088
v 66.091934 15.470440 9.614023
v 69.432663 14.299353 7.602036
v 75.951103 15.245565 10.018521
v 78.519379 14.407883 8.637442
v 80.114304 16.041851 11.837167
v 77.827324 16.647337 12.954132
v 75.951103 15.245565 10.018521
v 72.110298 13.196339 5.640613
v 73.762222 12.389601 4.221439
v 78.519379 14.407883 8.637442
v 78.519379 14.407883 8.637442
v 82.641083 15.373222 8.408895
v 82.825180 15.824245 11.282227
v 80.114304 16.041851 11.837167
v 78.519379 14.407883 8.637442
v 73.762222 12.389601 4.221439
v 75.617722 11.969608 3.225199
v 82.641083 15.373222 8.408895
v 80.114304 16.041851 11.837167
v 80.938911 17.203575 14.475483
v 78.725502 17.974945 15.843163
v 77.827324 16.647337 12.954132
v 80.114304 16.041851 11.837167
v 82.825180 15.824245 11.282227
v 82.878784 16.755461 13.566074
v 80.938911 17.203575 14.475483
v 80.938911 17.203575 14.475483
v 81.942131 18.452610 15.746919
v 79.410301 18.856579 17.523817
v 78.725502 17.974945 15.843163
v 80.938911 17.203575 14.475483
v 82.878784 16.755461 13.566074
v 83.489853 17.908222 14.749044
v 81.942131 18.452610 15.746919
v 81.942131 18.452610 15.746919
v 82.584473 18.321144 15.895276
v 79.959442 19.201462 18.179668
v 79.410301 18.856579 17.523817
v 81.942131 18.452610 15.746919
v 83.489853 17.908222 14.749044
v 84.096771 17.406433 14.127039
v 82.584473 18.321144 15.895276
v 82.584473 18.321144 15.895276
v 82.353195 17.820204 14.959562
v 79.823372 19.338074 17.575499
v 79.959442 19.201462 18.179668
v 82.584473 18.321144 15.895276
v 84.096771 17.406433 14.127039
v 83.964249 16.607735 12.932169
v 82.353195 17.820204 14.959562
v 82.353195 17.820204 14.959562
v 81.876160 16.994682 13.716318
v 79.376152 18.485514 16.300636
v 79.823372 19.338074 17.575499
v 82.353195 17.820204 14.959562
v 83.964249 16.607735 12.932169
v 83.611519 16.007221 11.574808
v 81.876160 16.994682 13.716318
v 81.876160 16.994682 13.716318
v 81.417801 16.426092 12.100703
v 78.919823 17.537083 14.539721
v 79.376152 18.485514 16.300636
v 81.876160 16.994682 13.716318
v 83.611519 16.007221 11.574808
v 83.141563 15.454914 10.251169
v 81.417801 16.426092 12.100703
v 81.417801 16.426092 12.100703
v 80.977325 15.684689 10.567452
v 78.637856 16.454632 12.239491
v 78.919823 17.537083 14.539721
v 81.417801 16.426092 12.100703
v 83.141563 15.454914 10.251169
v 82.840195 15.061890 9.390978
v 80.977325 15.684689 10.567452
v 80.977325 15.684689 10.567452
v 80.683739 14.704405 9.093483
v 77.741631 15.474201 10.521233
v 78.637856 16.454632 12.239491
v 80.977325 15.684689 10.567452
v 82.840195 15.061890 9.390978
v 82.138313 14.374634 8.407150
v 80.683739 14.704405 9.093483
v 80.683739 14.704405 9.093483
v 78.946739 13.933113 7.062094
v 76.917770 14.149055 7.655568
v 77.741631 15.474201 10.521233
v 80.683739 14.704405 9.093483
v 82.138313 14.374634 8.407150
v 80.393822 13.678396 6.827692
v 78.946739 13.933113 7.062094
v 78.637856 16.454632 12.239491
v 77.741631 15.474201 10.521233
v 74.313339 16.966743 13.087843
v 74.964363 18.087978 15.284710
v 78.637856 16.454632 12.239491
v 74.964363 18.087978 15.284710
v 75.445053 19.006908 17.391068
v 78.919823 17.537083 14.539721
v 75.445053 19.006908 17.391068
v 74.964363 18.087978 15.284710
v 70.216560 19.818769 18.039726
v 70.657768 20.669930 19.910332
v 75.445053 19.006908 17.391068
v 75.927773 20.188335 18.961775
v 79.376152 18.485514 16.300636
v 78.919823 17.537083 14.539721
v 75.445053 19.006908 17.391068
v 70.657768 20.669930 19.910332
v 71.542183 21.412758 21.640705
v 75.927773 20.188335 18.961775
v 71.542183 21.412758 21.640705
v 70.657768 20.669930 19.910332
v 64.677849 21.853970 22.057642
v 64.750572 22.277382 22.890965
v 71.542183 21.412758 21.640705
v 71.692772 21.964832 22.392794
v 76.188225 20.277157 20.160763
v 75.927773 20.188335 18.961775
v 71.542183 21.412758 21.640705
v 64.750572 22.277382 22.890965
v 64.808090 22.632315 23.563072
v 71.692772 21.964832 22.392794
v 64.808090 22.632315 23.563072
v 64.750572 22.277382 22.890965
v 57.167782 22.491779 23.254435
v 57.106121 22.895061 23.945786
v 64.808090 22.632315 23.563072
v 64.662895 22.079388 22.858049
v 71.396019 21.281231 21.749802
v 71.692772 21.964832 22.392794
v 64.808090 22.632315 23.563072
v 57.106121 22.895061 23.945786
v 57.034012 22.298874 23.219807
v 64.662895 22.079388 22.858049
v 71.396019 21.281231 21.749802
v 76.656982 20.422661 20.468647
v 76.188225 20.277157 20.160763
v 71.692772 21.964832 22.392794
v 71.396019 21.281231 21.749802
v 71.090660 20.946011 20.814594
v 76.111198 19.915813 19.256519
v 76.656982 20.422661 20.468647
v 71.396019 21.281231 21.749802
v 64.662895 22.079388 22.858049
v 64.504715 21.669317 22.004025
v 71.090660 20.946011 20.814594
v 76.111198 19.915813 19.256519
v 79.410301 18.856579 17.523817
v 79.959442 19.201462 18.179668
v 76.656982 20.422661 20.468647
v 76.111198 19.915813 19.256519
v 75.305733 19.008770 17.561491
v 78.725502 17.974945 15.843163
v 79.410301 18.856579 17.523817
v 76.111198 19.915813 19.256519
v 71.090660 20.946011 20.814594
v 70.613449 20.346481 19.660858
v 75.305733 19.008770 17.561491
v 76.656982 20.422661 20.468647
v 79.959442 19.201462 18.179668
v 79.823372 19.338074 17.575499
v 76.188225 20.277157 20.160763
v 76.188225 20.277157 20.160763
v 79.823372 19.338074 17.575499
v 79.376152 18.485514 16.300636
v 75.927773 20.188335 18.961775
v 78.725502 17.974945 15.843163
v 75.305733 19.008770 17.561491
v 74.153122 17.780113 14.919748
v 77.827324 16.647337 12.954132
v 57.034012 22.298874 23.219807
v 57.106121 22.895061 23.945786
v 49.414692 22.558674 23.579863
v 49.406082 22.062574 22.992729
v 28.042952 19.294924 19.043728
v 28.121601 19.399076 19.226421
v 21.502583 17.650154 16.948490
v 21.402002 17.531330 16.734266
v 35.061684 20.627342 21.062233
v 35.183792 20.729794 20.955290
v 28.226381 19.534485 19.204031
v 28.121601 19.399076 19.226421
v 42.297493 21.610565 22.190916
v 42.399021 21.446747 21.924545
v 35.361382 20.662897 20.835350
v 35.183792 20.729794 20.955290
v 49.685772 21.996441 22.567169
v 49.847843 21.646120 21.815844
v 42.626072 21.130550 21.262550
v 42.399021 21.446747 21.924545
v 57.292980 21.613985 21.449772
v 57.357502 21.105852 20.334566
v 50.032482 21.239761 20.915310
v 49.847843 21.646120 21.815844
v 63.954124 20.139355 18.335222
v 63.632782 18.953438 15.856899
v 57.431511 20.274876 18.529554
v 57.357502 21.105852 20.334566
v 69.582764 17.625565 13.558217
v 68.172539 15.831488 10.309738
v 63.010513 17.199467 12.350088
v 63.632782 18.953438 15.856899
v 78.946739 13.933113 7.062094
v 80.393822 13.678396 6.827692
v 79.326324 13.010178 5.508903
v 77.144508 12.810373 5.295413
v 73.000031 14.559805 8.350645
v 70.130493 12.941229 4.776333
v 66.780922 13.997547 6.622678
v 68.172539 15.831488 10.309738
v 72.371330 12.151072 3.375502
v 67.603569 10.138417 -0.505584
v 66.145439 10.688456 0.488052
v 70.130493 12.941229 4.776333
v 68.818733 9.616098 -1.397325
v 65.459190 7.618855 -4.412056
v 64.308670 7.965144 -3.820072
v 67.603569 10.138417 -0.505584
v 22.130661 4.940481 -6.467043
v 17.434301 5.922106 -4.237108
v 18.127752 6.571797 -3.301375
v 22.762093 5.469073 -5.695786
v 22.130661 4.940481 -6.467043
v 21.513342 4.445651 -7.173223
v 16.879192 5.360067 -5.039560
v 17.434301 5.922106 -4.237108
v 16.879192 5.360067 -5.039560
v 12.113592 6.393638 -2.814112
v 12.293052 6.873111 -2.200166
v 17.434301 5.922106 -4.237108
v 16.879192 5.360067 -5.039560
v 16.527971 4.947968 -5.521509
v 11.933842 6.146538 -2.899136
v 12.113592 6.393638 -2.814112
v 11.933842 6.146538 -2.899136
v 6.864602 7.290680 -0.899719
v 7.002652 7.431589 -0.967229
v 12.113592 6.393638 -2.814112
v 11.933842 6.146538 -2.899136
v 11.827192 6.512527 -2.394576
v 6.337492 7.836960 -0.030382
v 6.864602 7.290680 -0.899719
v 6.337492 7.836960 -0.030382
v 3.920451 8.538363 1.612576
v 3.813802 7.897003 0.635034
v 6.864602 7.290680 -0.899719
v 6.337492 7.836960 -0.030382
v 6.799441 8.566133 0.936860
v 4.422292 9.550853 3.126562
v 3.920451 8.538363 1.612576
v 23.634342 11.472979 4.337062
v 20.709051 13.063408 7.590258
v 26.073582 15.197845 10.831215
v 28.575253 13.610373 7.447018
v 23.634342 11.472979 4.337062
v 20.937632 9.180375 0.599069
v 16.777983 10.869312 3.451447
v 20.709051 13.063408 7.590258
v 23.634342 11.472979 4.337062
v 28.575253 13.610373 7.447018
v 32.083313 12.062664 4.198965
v 28.140482 10.237721 1.453373
v 20.709051 13.063408 7.590258
v 18.168673 14.406668 10.579977
v 23.783861 16.553150 13.939213
v 26.073582 15.197845 10.831215
v 20.709051 13.063408 7.590258
v 16.777983 10.869312 3.451447
v 13.197351 12.592548 6.471438
v 18.168673 14.406668 10.579977
v 13.197351 12.592548 6.471438
v 16.777983 10.869312 3.451447
v 14.090631 8.622496 0.054821
v 9.115442 10.242808 2.718787
v 13.197351 12.592548 6.471438
v 11.164362 13.509211 8.545582
v 16.767862 15.064140 12.254305
v 18.168673 14.406668 10.579977
v 13.197351 12.592548 6.471438
v 9.115442 10.242808 2.718787
v 6.044401 11.077393 5.042121
v 11.164362 13.509211 8.545582
v 28.575253 13.610373 7.447018
v 34.042530 15.083076 9.482481
v 36.177151 13.357485 6.118317
v 32.083313 12.062664 4.198965
v 28.575253 13.610373 7.447018
v 26.073582 15.197845 10.831215
v 31.922173 16.848862 13.107117
v 34.042530 15.083076 9.482481
v 9.115442 10.242808 2.718787
v 7.663452 8.924305 0.996322
v 4.325762 9.476208 2.724107
v 6.044401 11.077393 5.042121
v 3.813802 7.897003 0.635034
v 3.920451 8.538363 1.612576
v 2.175822 8.918961 2.709751
v 1.200232 8.023527 1.615641
v -0.027558 7.475426 0.821662
v -0.181118 8.049447 1.622904
v 0.096252 8.464258 2.221392
v 0.684232 8.426136 2.056902
v -0.108788 11.318911 6.971001
v -0.358058 10.623045 6.185798
v -0.292998 10.257257 5.430087
v 0.028532 10.546221 5.844564
v 11.164362 13.509211 8.545582
v 6.044401 11.077393 5.042121
v 5.882462 11.775560 6.451926
v 10.388001 13.860943 9.513527
v 34.042530 15.083076 9.482481
v 39.506001 15.911329 10.622823
v 40.812031 14.088541 7.123542
v 36.177151 13.357485 6.118317
v 45.017292 12.223642 3.462434
v 40.848572 12.236279 3.732552
v 40.812031 14.088541 7.123542
v 46.021652 14.513241 7.614139
v 49.294903 6.621413 -6.227134
v 53.227962 5.439663 -8.042593
v 50.294434 3.862102 -10.551999
v 46.905182 4.618532 -9.289316
v 44.459793 0.258803 -15.355001
v 44.702461 1.003727 -14.241184
v 48.813454 1.759488 -13.639797
v 49.498852 0.578835 -15.389992
v 53.989063 2.483234 -12.623892
v 52.976681 3.290794 -11.483450
v 48.822113 2.355016 -12.615955
v 49.407093 0.944506 -14.593275
v 42.165894 4.835656 -8.596581
v 45.746101 4.011610 -10.053373
v 47.945454 5.786827 -7.401724
v 44.517120 6.946968 -5.383004
v 79.326324 13.010178 5.508903
v 82.641083 15.373222 8.408895
v 75.617722 11.969608 3.225199
v 74.700943 11.377380 2.113946
v 82.641083 15.373222 8.408895
v 82.138313 14.374634 8.407150
v 82.840195 15.061890 9.390978
v 83.141563 15.454914 10.251169
v 82.138313 14.374634 8.407150
v 82.641083 15.373222 8.408895
v 79.326324 13.010178 5.508903
v 80.393822 13.678396 6.827692
v 0.068112 10.992180 6.030953
v -0.294968 10.609694 5.372196
v -0.358058 10.623045 6.185798
v -0.108788 11.318911 6.971001
v -0.067258 8.950166 3.073897
v -0.093368 8.539692 2.373080
v -0.140338 8.105831 2.300792
v 0.249692 8.809862 3.179845
v -0.067258 8.950166 3.073897
v 0.249692 8.809862 3.179845
v 0.003382 9.654230 4.344928
v -0.313398 9.764124 4.227158
v 0.003382 9.654230 4.344928
v -0.292998 10.257257 5.430087
v -0.384188 10.356745 4.979099
v -0.313398 9.764124 4.227158
v -0.384188 10.356745 4.979099
v -0.292998 10.257257 5.430087
v -0.358058 10.623045 6.185798
v -0.294968 10.609694 5.372196
v 0.116872 7.937372 1.950066
v -0.140338 8.105831 2.300792
v -0.181118 8.049447 1.622904
v -0.027558 7.475426 0.821662
v -0.093368 8.539692 2.373080
v 0.096252 8.464258 2.221392
v -0.181118 8.049447 1.622904
v -0.140338 8.105831 2.300792
vn -0.1145 0.9667 -0.2287
vn -0.1145 0.9668 -0.2287
vn -0.1145 0.9668 -0.2286
vn 0.1829 -0.9591 0.2162
vn 0.1829 -0.9590 0.2163
vn -0.4074 0.8358 -0.3681
vn -0.4073 0.8358 -0.3681
vn -0.0945 -0.7455 0.6598
vn -0.0946 -0.7455 0.6598
vn -0.9998 0.0062 -0.0176
vn -0.9998 0.0063 -0.0176
vn -0.0979 -0.8793 0.4661
vn -0.1393 -0.8276 0.5437
vn -0.1394 -0.8277 0.5437
vn -0.1394 -0.8276 0.5437
vn -0.1395 -0.8407 0.5233
vn -0.1394 -0.8407 0.5232
vn -0.1140 -0.8711 0.4776
vn -0.1140 -0.8712 0.4776
vn -0.1161 -0.8603 0.4963
vn -0.1161 -0.8604 0.4963
vn 0.0709 -0.9129 0.4019
vn 0.0709 -0.9129 0.4020
vn 0.0617 0.8023 -0.5938
vn 0.0617 0.8023 -0.5937
vn 0.0618 0.8024 -0.5936
vn 0.0194 0.8307 -0.5564
vn 0.0194 0.8307 -0.5563
vn 0.0359 0.8381 -0.5444
vn 0.0358 0.8381 -0.5444
vn 0.0751 0.8568 -0.5101
vn 0.0751 0.8569 -0.5101
vn 0.1309 0.8398 -0.5269
vn 0.1263 0.8280 -0.5463
vn 0.1264 0.8280 -0.5463
vn 0.1059 0.8770 -0.4687
vn 0.1060 0.8770 -0.4687
vn 0.1275 0.8671 -0.4816
vn -0.0226 -0.8384 0.5447
vn -0.0228 -0.8383 0.5447
vn -0.0230 -0.8383 0.5447
vn -0.0229 -0.8383 0.5447
vn -0.0285 -0.8314 0.5550
vn -0.0575 -0.8055 0.5898
vn -0.0575 -0.8055 0.5897
vn 0.0397 0.8710 -0.4896
vn 0.0396 0.8710 -0.4896
vn 0.0396 0.8711 -0.4896
vn 0.0464 0.8719 -0.4875
vn 0.0464 0.8719 -0.4874
vn 0.0354 0.8761 -0.4809
vn 0.0354 0.8760 -0.4810
vn 0.0352 0.8760 -0.4810
vn -0.0308 -0.8715 0.4894
vn -0.0307 -0.8715 0.4894
vn -0.0228 -0.8782 0.4778
vn -0.0230 -0.8783 0.4776
vn -0.0231 -0.8784 0.4774
vn -0.0230 -0.8783 0.4775
vn -0.0337 -0.8749 0.4832
vn -0.0337 -0.8748 0.4832
vn -0.0338 -0.8746 0.4836
vn -0.0462 -0.8734 0.4848
vn -0.0462 -0.8733 0.4849
vn -0.0462 -0.8734 0.4847
vn -0.0304 -0.8780 0.4778
vn -0.0307 -0.8780 0.4776
vn -0.0308 -0.8781 0.4776
vn -0.0306 -0.8780 0.4776
vn -0.0423 -0.8702 0.4909
vn -0.0420 -0.8702 0.4909
vn -0.0501 -0.8661 0.4974
vn -0.0371 -0.8681 0.4950
vn -0.0371 -0.8681 0.4951
vn -0.0371 -0.8681 0.4949
vn -0.0420 -0.8596 0.5092
vn -0.0424 -0.8596 0.5092
vn -0.0427 -0.8595 0.5093
vn -0.0614 -0.8312 0.5527
vn -0.0614 -0.8312 0.5526
vn -0.0308 -0.8489 0.5277
vn -0.0308 -0.8489 0.5276
vn -0.0309 -0.8490 0.5275
vn -0.0523 -0.8138 0.5788
vn -0.0526 -0.8137 0.5789
vn -0.0309 -0.8192 0.5727
vn -0.0508 -0.8007 0.5969
vn -0.0507 -0.8007 0.5970
vn -0.0507 -0.8007 0.5969
vn -0.0333 -0.8166 0.5763
vn -0.0334 -0.8165 0.5764
vn -0.0333 -0.8165 0.5763
vn -0.0232 -0.8357 0.5487
vn -0.0661 -0.8086 0.5846
vn -0.0661 -0.8086 0.5847
vn -0.0595 -0.8320 0.5516
vn -0.0532 -0.8523 0.5204
vn -0.0530 -0.8523 0.5204
vn -0.0397 -0.8296 0.5570
vn -0.0396 -0.8296 0.5570
vn -0.0398 -0.8296 0.5569
vn -0.0397 -0.8296 0.5569
vn -0.0558 -0.8437 0.5338
vn -0.0558 -0.8438 0.5338
vn -0.0048 -0.8606 0.5092
vn -0.0391 -0.8828 0.4682
vn -0.0885 -0.8711 0.4831
vn 0.0235 0.5401 -0.8413
vn 0.0235 0.5400 -0.8413
vn -0.0449 -0.8855 0.4625
vn -0.0419 0.7228 -0.6898
vn -0.0418 0.7228 -0.6898
vn -0.0798 0.8176 -0.5702
vn -0.0019 0.8619 -0.5071
vn 0.0663 0.8448 -0.5310
vn 0.0662 0.8447 -0.5310
vn 0.0662 0.8447 -0.5311
vn 0.0521 0.8502 -0.5238
vn 0.0521 0.8502 -0.5239
vn 0.0410 0.8767 -0.4793
vn 0.0610 0.8395 -0.5400
vn 0.0611 0.8395 -0.5400
vn 0.0076 0.8614 -0.5078
vn 0.0029 0.8553 -0.5181
vn 0.0029 0.8553 -0.5182
vn 0.0398 0.8278 -0.5596
vn 0.0398 0.8278 -0.5595
vn 0.0027 0.8512 -0.5249
vn 0.0027 0.8512 -0.5248
vn 0.0032 0.8281 -0.5606
vn 0.0239 0.8317 -0.5548
vn 0.0240 0.8317 -0.5548
vn 0.0240 0.8316 -0.5548
vn 0.0149 0.8382 -0.5451
vn 0.0149 0.8382 -0.5452
vn -0.0270 0.8779 -0.4781
vn -0.0270 0.8778 -0.4782
vn -0.0271 0.8777 -0.4784
vn -0.0165 0.8753 -0.4832
vn -0.0166 0.8753 -0.4832
vn 0.0004 0.8727 -0.4883
vn 0.0004 0.8728 -0.4882
vn -0.0179 0.8620 -0.5065
vn -0.0180 0.8620 -0.5066
vn 0.0063 0.8685 -0.4957
vn 0.0223 0.8759 -0.4820
vn 0.0222 0.8758 -0.4822
vn 0.0082 0.8805 -0.4740
vn 0.0083 0.8805 -0.4739
vn 0.0083 0.8806 -0.4739
vn 0.0250 0.8822 -0.4702
vn 0.0279 0.8819 -0.4706
vn 0.0281 0.8820 -0.4704
vn 0.0280 0.8820 -0.4705
vn 0.0258 0.8917 -0.4520
vn 0.0257 0.8916 -0.4520
vn 0.0258 0.8916 -0.4520
vn 0.0328 0.8916 -0.4515
vn 0.0326 0.8918 -0.4512
vn 0.0324 0.8920 -0.4508
vn 0.0384 0.8904 -0.4536
vn 0.0385 0.8904 -0.4535
vn 0.0367 0.9030 -0.4280
vn 0.0369 0.9031 -0.4278
vn 0.0369 0.9031 -0.4279
vn 0.0451 0.9022 -0.4290
vn 0.0451 0.9022 -0.4289
vn 0.0778 0.8928 -0.4437
vn 0.0488 0.9067 -0.4190
vn 0.0489 0.9067 -0.4190
vn 0.0808 0.8966 -0.4353
vn 0.0808 0.8967 -0.4353
vn 0.0808 0.8967 -0.4352
vn 0.0872 0.8983 -0.4307
vn 0.0812 0.8956 -0.4373
vn 0.0908 0.8986 -0.4292
vn 0.0908 0.8987 -0.4292
vn 0.0196 0.9315 -0.3633
vn 0.0830 0.8915 -0.4454
vn 0.0830 0.8914 -0.4455
vn 0.0831 0.8914 -0.4455
vn 0.0169 0.9275 -0.3734
vn 0.0169 0.9275 -0.3735
vn 0.1219 0.8958 -0.4274
vn 0.1219 0.8958 -0.4273
vn -0.0112 0.9066 -0.4218
vn -0.0113 0.9066 -0.4218
vn 0.0976 0.8898 -0.4458
vn 0.0976 0.8898 -0.4457
vn 0.0701 0.8733 -0.4821
vn 0.1892 0.9508 -0.2452
vn 0.1290 0.9139 -0.3849
vn 0.1590 0.9157 -0.3691
vn 0.1589 0.9157 -0.3691
vn -0.0245 -0.8328 0.5530
vn -0.0522 -0.8175 0.5736
vn -0.0521 -0.8174 0.5736
vn -0.0523 -0.8175 0.5736
vn -0.0521 -0.8175 0.5736
vn 0.0462 0.8654 -0.4990
vn 0.0460 0.8721 -0.4871
vn 0.0461 0.8720 -0.4874
vn 0.0461 0.8719 -0.4875
vn 0.3208 0.7381 -0.5936
vn 0.3207 0.7381 -0.5936
vn 0.0568 0.8331 -0.5502
vn 0.2361 0.7835 -0.5748
vn 0.2828 0.8090 -0.5153
vn 0.2828 0.8090 -0.5154
vn 0.0829 0.7921 -0.6047
vn -0.1404 -0.8004 0.5827
vn -0.1404 -0.8004 0.5828
vn -0.1405 -0.8004 0.5828
vn -0.1146 -0.8546 0.5064
vn -0.1995 -0.8092 0.5526
vn -0.1996 -0.8092 0.5526
vn -0.1971 -0.8243 0.5308
vn -0.1972 -0.8243 0.5307
vn -0.2278 -0.9297 0.2895
vn 0.1782 0.8348 -0.5209
vn 0.1783 0.8348 -0.5209
vn 0.1784 0.8347 -0.5210
vn 0.0667 -0.9956 -0.0653
vn 0.1274 0.8303 -0.5425
vn 0.1274 0.8304 -0.5425
vn 0.4227 -0.6197 -0.6613
vn 0.4227 -0.6198 -0.6612
vn 0.1341 0.8126 -0.5671
vn 0.1362 0.8291 -0.5422
vn 0.1363 0.8291 -0.5422
vn 0.0523 0.8060 -0.5896
vn 0.0591 0.7990 -0.5984
vn 0.0591 0.7991 -0.5983
vn 0.0470 0.8125 -0.5810
vn 0.0469 0.8126 -0.5810
vn 0.0641 0.8227 -0.5649
vn 0.0462 0.8267 -0.5608
vn 0.0462 0.8267 -0.5607
vn 0.0261 0.8426 -0.5379
vn 0.0260 0.8426 -0.5379
vn 0.0258 0.8427 -0.5378
vn 0.0259 0.8426 -0.5379
vn 0.0700 0.8476 -0.5261
vn 0.0698 0.8477 -0.5259
vn 0.0700 0.8508 -0.5208
vn 0.0683 0.8657 -0.4958
vn 0.0683 0.8657 -0.4959
vn 0.0681 0.8658 -0.4958
vn 0.0741 0.8462 -0.5277
vn 0.0743 0.8461 -0.5278
vn 0.0742 0.8462 -0.5277
vn 0.0673 0.8585 -0.5085
vn 0.0673 0.8584 -0.5086
vn 0.0673 0.8585 -0.5084
vn 0.0554 0.8683 -0.4929
vn 0.0556 0.8683 -0.4929
vn 0.0558 0.8683 -0.4930
vn 0.0582 0.8544 -0.5164
vn 0.0581 0.8544 -0.5164
vn 0.0462 0.8685 -0.4935
vn 0.0462 0.8684 -0.4937
vn 0.0461 0.8683 -0.4938
vn 0.0487 0.8516 -0.5219
vn 0.0487 0.8516 -0.5220
vn 0.0488 0.8516 -0.5220
vn 0.0368 0.8680 -0.4952
vn 0.0368 0.8680 -0.4951
vn 0.0282 0.8644 -0.5019
vn 0.0281 0.8645 -0.5019
vn 0.0226 0.8732 -0.4869
vn 0.0226 0.8732 -0.4868
vn 0.0225 0.8731 -0.4870
vn 0.0316 0.8718 -0.4889
vn 0.0315 0.8718 -0.4889
vn 0.0353 0.8499 -0.5258
vn 0.0354 0.8500 -0.5257
vn 0.0355 0.8501 -0.5254
vn 0.0354 0.8500 -0.5256
vn 0.0042 0.8406 -0.5417
vn 0.0041 0.8406 -0.5417
vn 0.0109 0.8512 -0.5247
vn 0.0109 0.8512 -0.5248
vn 0.0108 0.8511 -0.5249
vn 0.0108 0.8512 -0.5248
vn 0.0454 0.8142 -0.5789
vn 0.0454 0.8141 -0.5789
vn 0.0453 0.8140 -0.5791
vn 0.0301 0.8133 -0.5811
vn 0.0300 0.8133 -0.5810
vn 0.0299 0.8133 -0.5810
vn 0.0317 0.8159 -0.5774
vn 0.0317 0.8159 -0.5773
vn 0.0389 0.8074 -0.5887
vn 0.0232 0.8278 -0.5605
vn 0.0239 0.8325 -0.5535
vn 0.0239 0.8325 -0.5534
vn 0.0239 0.8326 -0.5534
vn 0.0202 0.8372 -0.5466
vn 0.0201 0.8372 -0.5466
vn 0.0194 0.8530 -0.5216
vn 0.0194 0.8530 -0.5215
vn 0.0223 0.8462 -0.5324
vn 0.0144 0.8816 -0.4718
vn 0.2545 -0.9661 -0.0435
vn 0.2503 0.0557 -0.9666
vn 0.2504 0.0557 -0.9665
vn -0.0010 -0.8639 0.5037
vn -0.0030 -0.8873 0.4611
vn -0.0030 -0.8874 0.4611
vn -0.0159 -0.8411 0.5407
vn -0.0159 -0.8410 0.5407
vn -0.0160 -0.8555 0.5176
vn -0.0331 -0.8378 0.5450
vn -0.0331 -0.8378 0.5449
vn -0.0330 -0.8379 0.5448
vn -0.0403 -0.8321 0.5532
vn -0.0402 -0.8321 0.5532
vn -0.0220 -0.8297 0.5578
vn -0.0220 -0.8296 0.5579
vn -0.0598 -0.8389 0.5409
vn -0.0597 -0.8390 0.5408
vn -0.0598 -0.8389 0.5410
vn -0.0637 -0.8374 0.5428
vn -0.0637 -0.8375 0.5428
vn -0.0636 -0.8375 0.5427
vn -0.0483 -0.8286 0.5578
vn -0.0483 -0.8285 0.5578
vn -0.0765 -0.8478 0.5248
vn -0.0704 -0.8599 0.5055
vn -0.0703 -0.8599 0.5055
vn -0.0659 -0.8469 0.5277
vn -0.0659 -0.8470 0.5276
vn -0.0659 -0.8470 0.5275
vn -0.0659 -0.8469 0.5276
vn -0.0669 -0.8688 0.4907
vn -0.0669 -0.8687 0.4908
vn -0.0669 -0.8688 0.4906
vn -0.0672 -0.8731 0.4829
vn -0.0671 -0.8731 0.4830
vn -0.0669 -0.8731 0.4830
vn -0.0670 -0.8731 0.4830
vn -0.0578 -0.8694 0.4907
vn -0.0578 -0.8695 0.4905
vn -0.0774 -0.8814 0.4661
vn -0.0774 -0.8813 0.4662
vn -0.0774 -0.8813 0.4661
vn -0.0524 -0.8919 0.4492
vn -0.0524 -0.8919 0.4491
vn -0.0484 -0.8795 0.4735
vn -0.0484 -0.8794 0.4735
vn -0.0483 -0.8796 0.4732
vn -0.0347 -0.8985 0.4376
vn -0.0317 -0.8853 0.4639
vn -0.0316 -0.8854 0.4638
vn -0.0317 -0.8997 0.4353
vn -0.0316 -0.8996 0.4355
vn -0.0314 -0.8995 0.4357
vn -0.0280 -0.8868 0.4612
vn -0.0281 -0.8868 0.4613
vn -0.0157 -0.8840 0.4671
vn -0.0157 -0.8840 0.4672
vn -0.0142 -0.8760 0.4822
vn -0.0149 -0.8757 0.4826
vn -0.0244 -0.8781 0.4778
vn -0.0245 -0.8782 0.4777
vn 0.0054 -0.8729 0.4878
vn 0.0055 -0.8728 0.4880
vn 0.0057 -0.8726 0.4884
vn 0.0044 -0.8726 0.4885
vn 0.0046 -0.8726 0.4884
vn 0.0049 -0.8726 0.4884
vn 0.0047 -0.8726 0.4884
vn -0.0154 -0.8789 0.4768
vn -0.0154 -0.8788 0.4769
vn -0.0154 -0.8788 0.4770
vn -0.0101 -0.8530 0.5218
vn -0.0100 -0.8530 0.5218
vn -0.0217 -0.8641 0.5029
vn -0.0217 -0.8640 0.5029
vn 0.0004 -0.8623 0.5063
vn 0.0005 -0.8623 0.5063
vn 0.0003 -0.8623 0.5063
vn -0.0163 -0.8633 0.5045
vn -0.0163 -0.8632 0.5046
vn -0.0163 -0.8632 0.5045
vn -0.0139 -0.8458 0.5334
vn -0.0139 -0.8457 0.5334
vn 0.0175 -0.8628 0.5052
vn 0.0174 -0.8628 0.5052
vn -0.0211 -0.8403 0.5418
vn -0.0210 -0.8402 0.5418
vn 0.0257 -0.8614 0.5072
vn 0.0261 -0.8614 0.5073
vn 0.0265 -0.8613 0.5074
vn 0.0262 -0.8614 0.5073
vn -0.0262 -0.8398 0.5422
vn -0.0263 -0.8399 0.5421
vn 0.0343 -0.8490 0.5273
vn 0.0343 -0.8490 0.5272
vn 0.0344 -0.8490 0.5273
vn -0.0258 -0.8402 0.5416
vn 0.0082 -0.8540 0.5203
vn 0.0082 -0.8539 0.5203
vn 0.0187 -0.8655 0.5005
vn 0.0147 -0.8659 0.4999
vn 0.0148 -0.8659 0.5000
vn 0.0147 -0.8659 0.5000
vn -0.0281 -0.8427 0.5377
vn -0.0378 -0.8838 0.4663
vn -0.0684 -0.8591 0.5072
vn -0.0380 0.8566 -0.5145
vn -0.0381 0.8566 -0.5145
vn -0.0380 0.8567 -0.5145
vn -0.0296 0.8188 -0.5733
vn -0.0176 0.8679 -0.4964
vn 0.0098 0.8385 -0.5449
vn 0.0098 0.8384 -0.5449
vn -0.0195 0.8700 -0.4927
vn 0.0150 0.8391 -0.5438
vn 0.0151 0.8391 -0.5438
vn -0.0398 0.8695 -0.4924
vn -0.0397 0.8695 -0.4924
vn 0.0259 0.8500 -0.5262
vn 0.0259 0.8499 -0.5262
vn 0.0190 0.8524 -0.5226
vn 0.0190 0.8523 -0.5226
vn 0.0143 0.8629 -0.5051
vn -0.0131 0.8795 -0.4757
vn -0.0132 0.8794 -0.4759
vn -0.0132 0.8794 -0.4758
vn 0.0011 0.8759 -0.4825
vn 0.0010 0.8759 -0.4825
vn -0.0185 0.8702 -0.4924
vn -0.0184 0.8703 -0.4923
vn -0.0184 0.8702 -0.4923
vn -0.0342 0.8817 -0.4705
vn -0.0341 0.8818 -0.4705
vn -0.0341 0.8817 -0.4705
vn -0.0085 0.8823 -0.4705
vn -0.0086 0.8824 -0.4705
vn 0.0115 0.8898 -0.4562
vn 0.0116 0.8898 -0.4562
vn 0.0116 0.8899 -0.4561
vn -0.0072 0.8978 -0.4403
vn 0.0132 0.9031 -0.4292
vn 0.0277 0.9043 -0.4259
vn 0.0278 0.9044 -0.4257
vn 0.0277 0.9044 -0.4258
vn 0.0277 0.9044 -0.4259
vn 0.0158 0.9090 -0.4164
vn 0.0157 0.9090 -0.4165
vn 0.0158 0.9090 -0.4165
vn 0.0310 0.9110 -0.4112
vn 0.0389 0.9114 -0.4096
vn 0.0389 0.9114 -0.4097
vn 0.0328 0.9098 -0.4138
vn 0.0328 0.9097 -0.4139
vn 0.0375 0.9101 -0.4126
vn 0.0375 0.9102 -0.4125
vn 0.0463 0.9056 -0.4215
vn 0.0319 0.8976 -0.4397
vn 0.0320 0.8978 -0.4392
vn 0.0375 0.8944 -0.4457
vn 0.0374 0.8944 -0.4458
vn 0.0736 0.8868 -0.4562
vn 0.0736 0.8869 -0.4562
vn 0.0484 0.9079 -0.4164
vn 0.0483 0.9079 -0.4164
vn 0.0993 0.9097 -0.4031
vn 0.0992 0.9097 -0.4031
vn 0.0992 0.9097 -0.4032
vn 0.0674 0.8795 -0.4711
vn 0.0674 0.8795 -0.4712
vn 0.3946 0.4469 0.8029
vn 0.3946 0.4468 0.8029
vn 0.4763 0.5651 0.6736
vn 0.4018 0.8496 0.3418
vn 0.4017 0.8496 0.3417
vn -0.0754 -0.8872 0.4552
vn -0.0755 -0.8872 0.4551
vn 0.0359 -0.8874 0.4596
vn 0.0359 -0.8874 0.4597
vn -0.0547 -0.8616 0.5046
vn -0.0547 -0.8616 0.5047
vn -0.0135 -0.9238 0.3825
vn -0.0135 -0.9238 0.3826
vn -0.1195 -0.8927 0.4346
vn -0.0233 -0.9317 0.3624
vn -0.1190 -0.8872 0.4457
vn -0.0026 -0.9198 0.3923
vn -0.0026 -0.9198 0.3924
vn -0.1023 -0.8824 0.4592
vn -0.1350 -0.8524 0.5052
vn -0.0194 -0.8473 0.5308
vn -0.0592 -0.8086 0.5854
vn -0.0591 -0.8086 0.5854
vn -0.0611 -0.8058 0.5890
vn -0.0611 -0.8059 0.5889
vn -0.0611 -0.8059 0.5890
vn -0.0562 -0.8216 0.5674
vn -0.0562 -0.8215 0.5674
vn -0.0562 -0.8216 0.5673
vn -0.0717 -0.8231 0.5633
vn -0.0718 -0.8231 0.5633
vn -0.0701 -0.8460 0.5286
vn -0.0700 -0.8501 0.5220
vn -0.0493 -0.8741 0.4832
vn -0.0493 -0.8742 0.4831
vn 0.1085 0.8114 -0.5743
vn -0.0192 -0.8831 0.4688
vn 0.0892 0.8185 -0.5675
vn 0.0893 0.8184 -0.5677
vn 0.0893 0.8185 -0.5675
vn 0.0676 0.8421 -0.5351
vn 0.0736 0.8263 -0.5584
vn 0.0735 0.8263 -0.5584
vn 0.0735 0.8263 -0.5583
vn 0.0588 0.8395 -0.5401
vn 0.0588 0.8396 -0.5401
vn 0.0585 0.8391 -0.5409
vn 0.0585 0.8390 -0.5409
vn 0.0364 0.8347 -0.5495
vn 0.0363 0.8347 -0.5495
vn 0.0407 0.8311 -0.5547
vn 0.0407 0.8310 -0.5547
vn 0.0706 0.8442 -0.5314
vn 0.0670 0.8445 -0.5314
vn 0.0670 0.8444 -0.5314
vn 0.0595 0.8377 -0.5428
vn 0.0595 0.8373 -0.5435
vn 0.0644 0.8374 -0.5428
vn 0.0479 0.8284 -0.5580
vn 0.0478 0.8284 -0.5580
vn 0.0478 0.8285 -0.5580
vn 0.0585 0.8281 -0.5575
vn 0.0585 0.8281 -0.5576
vn 0.0411 0.8297 -0.5566
vn 0.0410 0.8298 -0.5566
vn 0.0410 0.8298 -0.5565
vn 0.0049 -0.9120 0.4101
vn 0.1133 -0.9386 0.3258
vn 0.1132 -0.9386 0.3258
vn -0.0501 -0.8514 0.5221
vn -0.0174 -0.8522 0.5229
vn -0.0563 -0.8505 0.5229
vn -0.0564 -0.8505 0.5229
vn -0.0629 -0.8472 0.5275
vn -0.0569 -0.8420 0.5364
vn -0.0569 -0.8421 0.5364
vn -0.0568 -0.8422 0.5361
vn -0.0692 -0.8465 0.5279
vn -0.0639 -0.8499 0.5230
vn -0.0638 -0.8500 0.5230
vn -0.0693 -0.8454 0.5297
vn -0.0693 -0.8453 0.5297
vn -0.0202 -0.8403 0.5418
vn -0.0201 -0.8405 0.5414
vn -0.0078 -0.8654 0.5010
vn -0.0079 -0.8654 0.5010
vn -0.0646 -0.8573 0.5108
vn 0.0159 -0.8906 0.4545
vn -0.0594 -0.8931 0.4459
vn -0.0520 -0.8773 0.4772
vn -0.0520 -0.8773 0.4771
vn -0.0781 -0.9017 0.4253
vn -0.0893 -0.8953 0.4364
vn -0.0882 -0.8908 0.4459
vn -0.0882 -0.8908 0.4457
vn -0.0882 -0.8908 0.4458
vn -0.0512 -0.9055 0.4212
vn -0.0512 -0.9055 0.4213
vn -0.0525 -0.9023 0.4280
vn -0.0384 -0.9102 0.4124
vn -0.0384 -0.9102 0.4123
vn -0.0373 -0.9069 0.4197
vn -0.0372 -0.9071 0.4193
vn -0.0337 -0.9117 0.4096
vn -0.0334 -0.9080 0.4177
vn -0.0334 -0.9080 0.4176
vn -0.0182 -0.9109 0.4123
vn -0.0182 -0.9108 0.4124
vn -0.0182 -0.9107 0.4126
vn -0.0182 -0.9108 0.4125
vn -0.0176 -0.9084 0.4176
vn -0.0177 -0.9084 0.4178
vn -0.0176 -0.9084 0.4177
vn 0.0053 -0.9047 0.4260
vn 0.0053 -0.9047 0.4261
vn 0.0044 -0.8956 0.4449
vn 0.0043 -0.8955 0.4449
vn 0.0043 -0.8956 0.4449
vn -0.0171 -0.8987 0.4382
vn -0.0174 -0.8989 0.4378
vn 0.0271 -0.8885 0.4581
vn 0.0272 -0.8884 0.4582
vn 0.0272 -0.8884 0.4583
vn 0.0118 -0.8694 0.4940
vn 0.0120 -0.8694 0.4939
vn 0.0036 -0.8762 0.4820
vn 0.0034 -0.8763 0.4817
vn 0.0033 -0.8764 0.4815
vn 0.0066 -0.8707 0.4918
vn 0.0067 -0.8705 0.4920
vn 0.0067 -0.8705 0.4921
vn 0.0067 -0.8706 0.4920
vn 0.0123 -0.8719 0.4895
vn 0.0122 -0.8719 0.4895
vn 0.0174 -0.8717 0.4898
vn 0.0175 -0.8716 0.4898
vn 0.0174 -0.8717 0.4897
vn 0.0175 -0.8716 0.4899
vn 0.0159 -0.8688 0.4950
vn 0.0160 -0.8687 0.4950
vn 0.0161 -0.8687 0.4950
vn 0.0113 -0.8699 0.4931
vn 0.0113 -0.8701 0.4928
vn 0.0112 -0.8702 0.4925
vn 0.0113 -0.8700 0.4929
vn 0.0012 -0.8710 0.4912
vn 0.0012 -0.8711 0.4912
vn 0.0165 -0.8674 0.4973
vn 0.0166 -0.8674 0.4973
vn 0.0166 -0.8674 0.4974
vn -0.0000 -0.8744 0.4852
vn 0.0013 -0.8774 0.4797
vn -0.0121 -0.8695 0.4938
vn -0.0122 -0.8695 0.4938
vn -0.0174 -0.8824 0.4703
vn -0.0174 -0.8824 0.4702
vn 0.0012 -0.8594 0.5113
vn 0.0011 -0.8594 0.5112
vn 0.0011 -0.8594 0.5113
vn -0.1489 -0.9359 0.3193
vn -0.1488 -0.9359 0.3194
vn -0.1519 -0.9072 0.3924
vn -0.1518 -0.9072 0.3924
vn -0.0292 0.8246 -0.5650
vn -0.0474 0.8588 -0.5101
vn -0.0240 0.8754 -0.4828
vn -0.0240 0.8754 -0.4829
vn 0.0119 0.9151 -0.4031
vn 0.0119 0.9151 -0.4030
vn -0.0595 0.8894 -0.4532
vn -0.0594 0.8894 -0.4532
vn -0.0452 0.8969 -0.4399
vn -0.0452 0.8969 -0.4400
vn 0.0335 0.8679 -0.4957
vn 0.0335 0.8679 -0.4955
vn 0.0335 0.8680 -0.4955
vn -0.0059 0.8752 -0.4838
vn -0.0352 0.8712 -0.4897
vn -0.0352 0.8711 -0.4898
vn -0.0565 0.8971 -0.4382
vn -0.0811 0.8953 -0.4380
vn -0.0383 0.9022 -0.4296
vn -0.0506 0.8829 -0.4668
vn -0.0507 0.8831 -0.4665
vn -0.0507 0.8830 -0.4665
vn -0.0507 0.8830 -0.4667
vn -0.0249 0.8956 -0.4441
vn -0.0058 0.9085 -0.4179
vn -0.0058 0.9085 -0.4177
vn -0.0058 0.9086 -0.4177
vn -0.0058 0.9085 -0.4178
vn -0.0274 0.9065 -0.4213
vn -0.0274 0.9065 -0.4214
vn -0.0049 0.9086 -0.4176
vn -0.0048 0.9086 -0.4177
vn 0.0162 0.9071 -0.4206
vn -0.0028 0.8897 -0.4566
vn 0.0124 0.8705 -0.4920
vn 0.0124 0.8705 -0.4921
vn 0.0172 0.8472 -0.5310
vn 0.0122 0.8819 -0.4713
vn 0.0876 0.9727 -0.2151
vn 0.0876 0.9727 -0.2150
vn 0.1773 0.9278 0.3282
vn 0.1773 0.9278 0.3283
vn -0.0039 -0.7836 0.6212
vn -0.0107 -0.8483 0.5295
vn -0.0107 -0.8483 0.5294
vn -0.0245 -0.8714 0.4900
vn -0.0245 -0.8713 0.4901
vn -0.0257 -0.8854 0.4642
vn -0.0257 -0.8853 0.4642
vn -0.0360 -0.8886 0.4572
vn -0.0359 -0.8886 0.4572
vn -0.0761 -0.8861 0.4571
vn -0.0761 -0.8862 0.4571
vn -0.0502 -0.9059 0.4205
vn -0.0502 -0.9059 0.4204
vn -0.0871 -0.8959 0.4356
vn -0.0831 -0.8948 0.4387
vn -0.0830 -0.8948 0.4387
vn -0.0871 -0.9022 0.4224
vn -0.0363 -0.9077 0.4180
vn -0.0363 -0.9078 0.4179
vn -0.0257 -0.8826 0.4695
vn -0.0257 -0.8826 0.4694
vn -0.0257 -0.8825 0.4695
vn -0.0327 -0.9076 0.4186
vn -0.0327 -0.9076 0.4187
vn -0.0156 -0.8889 0.4578
vn -0.0182 -0.9088 0.4169
vn 0.0040 -0.8977 0.4406
vn 0.0040 -0.8977 0.4405
vn 0.0043 -0.9084 0.4181
vn 0.0043 -0.9083 0.4182
vn 0.0043 -0.9084 0.4182
vn 0.0044 -0.9085 0.4179
vn 0.0220 -0.8940 0.4475
vn 0.0219 -0.8940 0.4475
vn 0.0340 -0.9061 0.4218
vn 0.0338 -0.9059 0.4221
vn 0.0046 -0.9094 0.4160
vn 0.0046 -0.9092 0.4163
vn 0.0640 -0.8969 0.4377
vn 0.0640 -0.8969 0.4376
vn 0.0640 -0.8968 0.4377
vn 0.0542 -0.8950 0.4427
vn 0.0285 -0.8973 0.4404
vn 0.0285 -0.8974 0.4403
vn 0.0531 -0.8950 0.4429
vn 0.0532 -0.8948 0.4432
vn 0.0533 -0.8948 0.4433
vn 0.0432 -0.8852 0.4631
vn 0.0296 -0.8853 0.4640
vn 0.0296 -0.8853 0.4641
vn 0.0297 -0.8852 0.4642
vn 0.0294 -0.8892 0.4566
vn 0.0446 -0.8894 0.4550
vn 0.0445 -0.8894 0.4550
vn -0.1365 -0.9485 0.2857
vn -0.1366 -0.9486 0.2856
vn -0.1537 -0.9292 0.3362
vn -0.1536 -0.9292 0.3362
vn 0.0442 -0.9057 0.4217
vn 0.0443 -0.9057 0.4217
vn 0.0080 -0.9197 0.3924
vn 0.0081 -0.9197 0.3925
vn -0.1404 -0.8392 0.5254
vn -0.1403 -0.8392 0.5254
vn -0.1386 -0.7519 0.6445
vn -0.1386 -0.7518 0.6446
vn -0.1386 -0.7519 0.6446
vn 0.0178 -0.9596 0.2809
vn 0.0177 -0.9596 0.2810
vn 0.0177 -0.9596 0.2809
vn 0.4667 -0.8830 -0.0506
vn 0.4667 -0.8830 -0.0505
vn -0.1852 0.9455 -0.2679
vn -0.1853 0.9455 -0.2679
vn 0.0427 0.8562 -0.5149
vn 0.0427 0.8562 -0.5150
vn 0.0427 0.8561 -0.5150
vn 0.0553 0.8401 -0.5395
vn 0.0553 0.8401 -0.5396
vn 0.0162 0.8789 -0.4768
vn 0.0161 0.8789 -0.4768
vn -0.0491 0.9060 -0.4204
vn -0.0491 0.9060 -0.4203
vn -0.0853 0.9217 -0.3784
vn 0.0121 0.9038 -0.4277
vn 0.0121 0.9039 -0.4276
vn 0.0121 0.9038 -0.4278
vn -0.0317 0.8993 -0.4361
vn -0.0318 0.8993 -0.4361
vn 0.0486 0.8591 -0.5095
vn 0.0644 0.8376 -0.5425
vn 0.0640 0.8377 -0.5424
vn 0.0637 0.8378 -0.5423
vn -0.0183 0.9157 -0.4015
vn -0.0183 0.9157 -0.4016
vn -0.0504 0.9074 -0.4173
vn -0.0503 0.9074 -0.4173
vn -0.0107 0.8793 -0.4762
vn -0.0472 0.9064 -0.4198
vn -0.0471 0.9064 -0.4198
vn -0.0878 0.9024 -0.4220
vn 0.0351 0.8465 -0.5313
vn 0.0351 0.8465 -0.5312
vn 0.0109 0.8658 -0.5002
vn 0.0109 0.8659 -0.5002
vn -0.0324 0.9052 -0.4238
vn -0.0324 0.9051 -0.4239
vn -0.1225 0.9350 -0.3329
vn -0.1225 0.9350 -0.3330
vn 0.0006 0.8435 -0.5371
vn 0.0005 0.8435 -0.5371
vn -0.0036 0.8740 -0.4860
vn -0.0322 -0.7418 0.6698
vn -0.0322 -0.7418 0.6699
vn -0.0323 -0.7418 0.6699
vn -0.0058 -0.7801 0.6256
vn -0.1853 -0.4762 0.8596
vn -0.1853 -0.4760 0.8597
vn -0.1853 -0.4761 0.8596
vn 0.0626 -0.9205 0.3858
vn 0.0626 -0.9205 0.3857
vn 0.0373 -0.9190 0.3925
vn 0.0373 -0.9190 0.3924
vn 0.0448 -0.8988 0.4361
vn 0.0281 -0.8781 0.4777
vn 0.0282 -0.8781 0.4777
vn 0.0335 -0.8772 0.4790
vn -0.2013 0.9690 -0.1430
vn -0.2013 0.9690 -0.1429
vn -0.0696 0.9256 -0.3721
vn -0.0696 0.9256 -0.3722
vn 0.0493 -0.8995 0.4341
vn -0.0040 -0.7689 0.6394
vn -0.0040 -0.7689 0.6393
vn -0.0738 -0.8833 0.4629
vn -0.0739 -0.8833 0.4629
vn 0.2937 0.6575 0.6938
vn 0.2938 0.6574 0.6939
vn 0.2938 0.6575 0.6939
vn 0.2938 0.6575 0.6938
vn 0.0149 0.8537 -0.5206
vn 0.0304 0.9008 -0.4332
vn 0.0163 0.9097 -0.4149
vn 0.0164 0.9098 -0.4148
vn -0.0061 0.9046 -0.4263
vn -0.0296 0.8812 -0.4718
vn -0.0296 0.8812 -0.4717
vn -0.0101 0.8607 -0.5090
vn -0.0445 0.8918 -0.4503
vn -0.0444 0.8919 -0.4501
vn -0.0444 0.8918 -0.4501
vn -0.0127 0.8807 -0.4735
vn -0.0126 0.8808 -0.4734
vn 0.0235 0.8460 -0.5327
vn 0.0235 0.8459 -0.5327
vn 0.0725 0.8463 -0.5278
vn 0.0726 0.8462 -0.5278
vn 0.0770 0.8438 -0.5312
vn 0.0770 0.8437 -0.5312
vn 0.0770 0.8437 -0.5313
vn 0.0780 0.8221 -0.5640
vn 0.0780 0.8220 -0.5640
vn 0.1762 0.7196 -0.6716
vn 0.1762 0.7196 -0.6717
vn 0.2872 0.2767 -0.9171
vn 0.2872 0.2766 -0.9171
vn -0.0413 -0.8235 0.5658
vn -0.0413 -0.8235 0.5659
vn -0.1273 -0.8208 0.5568
vn -0.1334 -0.8348 0.5342
vn -0.1334 -0.8348 0.5341
vn 0.0696 0.8764 -0.4765
vn 0.0697 0.8764 -0.4765
vn 0.0142 0.8739 -0.4858
vn 0.0142 0.8739 -0.4859
vn 0.0688 0.8715 -0.4855
vn 0.0688 0.8716 -0.4854
vn 0.0745 0.8887 -0.4524
vn 0.0746 0.8887 -0.4524
vn -0.0103 0.8949 -0.4461
vn 0.0189 0.8491 -0.5280
vn 0.0190 0.8491 -0.5280
vn 0.0045 0.9205 -0.3907
vn 0.0947 0.8822 -0.4612
vn 0.0947 0.8822 -0.4613
vn 0.0547 0.8756 -0.4798
vn 0.0548 0.8755 -0.4801
vn 0.0548 0.8753 -0.4804
vn 0.0663 0.8825 -0.4657
vn 0.0661 0.8824 -0.4658
vn 0.0662 0.8824 -0.4657
vn 0.1367 0.8508 -0.5075
vn 0.1367 0.8507 -0.5075
vn -0.1578 -0.8308 0.5338
vn -0.1578 -0.8307 0.5338
vn -0.1579 -0.8307 0.5339
vn 0.0693 0.8177 -0.5715
vn -0.2972 -0.8025 0.5174
vn -0.2971 -0.8025 0.5174
vn 0.1180 0.8904 -0.4397
vn 0.1179 0.8904 -0.4397
vn 0.0354 0.8805 -0.4728
vn 0.0354 0.8804 -0.4729
vn 0.0355 0.8803 -0.4731
vn 0.0355 0.8804 -0.4729
vn 0.0273 0.8777 -0.4785
vn 0.0274 0.8776 -0.4786
vn 0.0274 0.8777 -0.4785
vn 0.0033 0.8427 -0.5384
vn 0.0034 0.8427 -0.5384
vn 0.0620 0.8238 -0.5634
vn 0.0620 0.8238 -0.5635
vn -0.0210 -0.8095 0.5867
vn -0.0210 -0.8096 0.5867
vn -0.0277 -0.8431 0.5371
vn -0.0277 -0.8430 0.5371
vn -0.0277 -0.8430 0.5372
vn 0.2939 -0.5948 0.7482
vn 0.2938 -0.5949 0.7482
vn 0.8955 0.3386 0.2889
vn 0.8955 0.3385 0.2889
vn 0.7173 0.5382 0.4426
vn 0.7173 0.5381 0.4426
vn 0.6835 0.6934 -0.2280
vn 0.8118 -0.3546 0.4640
vn 0.8118 -0.3546 0.4639
vn 0.8119 -0.3545 0.4639
vn 0.8118 -0.3545 0.4640
vn 0.4608 -0.7652 0.4495
vn 0.7144 -0.6431 0.2758
vn 0.7144 -0.6431 0.2757
vn 0.7145 -0.6431 0.2757
vn 0.7145 -0.6430 0.2757
vn 0.9998 -0.0020 0.0221
vn 0.9998 -0.0019 0.0221
vn 0.5902 -0.7579 0.2780
vn 0.5902 -0.7578 0.2780
vn 0.8349 0.5003 -0.2293
vn 0.1145 0.9667 -0.2287
vn 0.1145 0.9668 -0.2286
vn 0.1145 0.9668 -0.2287
vn -0.1829 -0.9591 0.2162
vn -0.1829 -0.9590 0.2163
vn 0.4074 0.8358 -0.3681
vn 0.4073 0.8358 -0.3681
vn 0.4074 0.8358 -0.3680
vn 0.0945 -0.7455 0.6598
vn 0.0946 -0.7455 0.6598
vn 0.9998 0.0062 -0.0176
vn 0.9998 0.0062 -0.0175
vn 0.9998 0.0063 -0.0176
vn 0.9998 0.0062 -0.0177
vn 0.0979 -0.8793 0.4661
vn 0.1393 -0.8276 0.5437
vn 0.1394 -0.8276 0.5437
vn 0.1394 -0.8277 0.5437
vn 0.1395 -0.8407 0.5233
vn 0.1394 -0.8407 0.5232
vn 0.1140 -0.8711 0.4776
vn 0.1140 -0.8712 0.4776
vn 0.1161 -0.8603 0.4963
vn 0.1161 -0.8604 0.4963
vn -0.0709 -0.9129 0.4019
vn -0.0709 -0.9129 0.4020
vn -0.0616 0.8022 -0.5938
vn -0.0617 0.8023 -0.5938
vn -0.0620 0.8025 -0.5934
vn -0.0617 0.8023 -0.5937
vn -0.0194 0.8307 -0.5564
vn -0.0194 0.8307 -0.5563
vn -0.0357 0.8381 -0.5443
vn -0.0359 0.8381 -0.5444
vn -0.0751 0.8568 -0.5101
vn -0.0751 0.8569 -0.5101
vn -0.1309 0.8398 -0.5269
vn -0.1263 0.8280 -0.5463
vn -0.1264 0.8280 -0.5463
vn -0.1059 0.8770 -0.4687
vn -0.1060 0.8770 -0.4687
vn -0.1275 0.8671 -0.4816
vn -0.1275 0.8671 -0.4815
vn 0.0226 -0.8384 0.5447
vn 0.0229 -0.8383 0.5447
vn 0.0230 -0.8383 0.5447
vn 0.0228 -0.8383 0.5447
vn 0.0285 -0.8314 0.5550
vn 0.0285 -0.8314 0.5549
vn 0.0575 -0.8055 0.5898
vn 0.0575 -0.8055 0.5897
vn -0.0397 0.8710 -0.4896
vn -0.0396 0.8710 -0.4896
vn -0.0396 0.8711 -0.4896
vn -0.0464 0.8719 -0.4875
vn -0.0464 0.8719 -0.4874
vn -0.0352 0.8760 -0.4811
vn -0.0354 0.8760 -0.4810
vn -0.0354 0.8760 -0.4809
vn 0.0308 -0.8715 0.4894
vn 0.0307 -0.8715 0.4894
vn 0.0228 -0.8782 0.4778
vn 0.0230 -0.8783 0.4775
vn 0.0231 -0.8784 0.4774
vn 0.0230 -0.8783 0.4776
vn 0.0337 -0.8749 0.4832
vn 0.0337 -0.8748 0.4832
vn 0.0338 -0.8746 0.4836
vn 0.0462 -0.8734 0.4848
vn 0.0462 -0.8734 0.4847
vn 0.0462 -0.8733 0.4849
vn 0.0307 -0.8780 0.4776
vn 0.0306 -0.8780 0.4776
vn 0.0420 -0.8702 0.4909
vn 0.0423 -0.8702 0.4909
vn 0.0501 -0.8662 0.4972
vn 0.0501 -0.8658 0.4978
vn 0.0371 -0.8681 0.4950
vn 0.0371 -0.8681 0.4949
vn 0.0371 -0.8681 0.4951
vn 0.0420 -0.8596 0.5092
vn 0.0424 -0.8596 0.5092
vn 0.0427 -0.8595 0.5093
vn 0.0614 -0.8312 0.5527
vn 0.0614 -0.8312 0.5526
vn 0.0308 -0.8489 0.5277
vn 0.0308 -0.8489 0.5276
vn 0.0309 -0.8490 0.5275
vn 0.0523 -0.8138 0.5788
vn 0.0309 -0.8192 0.5727
vn 0.0508 -0.8007 0.5969
vn 0.0507 -0.8007 0.5970
vn 0.0507 -0.8007 0.5969
vn 0.0333 -0.8166 0.5763
vn 0.0333 -0.8165 0.5763
vn 0.0334 -0.8165 0.5764
vn 0.0232 -0.8357 0.5486
vn 0.0232 -0.8357 0.5487
vn 0.0661 -0.8086 0.5846
vn 0.0661 -0.8086 0.5847
vn 0.0595 -0.8320 0.5516
vn 0.0530 -0.8523 0.5204
vn 0.0397 -0.8296 0.5569
vn 0.0397 -0.8296 0.5570
vn 0.0558 -0.8437 0.5338
vn 0.0558 -0.8438 0.5338
vn 0.0048 -0.8606 0.5092
vn 0.0391 -0.8828 0.4682
vn 0.0885 -0.8711 0.4831
vn -0.0235 0.5401 -0.8413
vn -0.0235 0.5400 -0.8413
vn 0.0449 -0.8855 0.4625
vn 0.0419 0.7228 -0.6898
vn 0.0418 0.7228 -0.6898
vn 0.0798 0.8176 -0.5702
vn 0.0019 0.8619 -0.5071
vn -0.0662 0.8447 -0.5311
vn -0.0663 0.8448 -0.5310
vn -0.0662 0.8447 -0.5310
vn -0.0521 0.8502 -0.5238
vn -0.0521 0.8502 -0.5239
vn -0.0410 0.8767 -0.4793
vn -0.0610 0.8395 -0.5400
vn -0.0611 0.8395 -0.5400
vn -0.0076 0.8614 -0.5078
vn -0.0029 0.8553 -0.5181
vn -0.0029 0.8553 -0.5182
vn -0.0398 0.8278 -0.5596
vn -0.0398 0.8278 -0.5595
vn -0.0027 0.8512 -0.5249
vn -0.0027 0.8512 -0.5248
vn -0.0032 0.8281 -0.5606
vn -0.0240 0.8317 -0.5548
vn -0.0239 0.8317 -0.5548
vn -0.0149 0.8382 -0.5451
vn -0.0149 0.8382 -0.5452
vn 0.0270 0.8778 -0.4782
vn 0.0271 0.8778 -0.4783
vn 0.0165 0.8753 -0.4833
vn 0.0165 0.8753 -0.4832
vn 0.0166 0.8753 -0.4832
vn -0.0004 0.8727 -0.4883
vn -0.0004 0.8728 -0.4882
vn 0.0179 0.8620 -0.5065
vn 0.0180 0.8620 -0.5066
vn -0.0063 0.8685 -0.4957
vn -0.0223 0.8759 -0.4820
vn -0.0222 0.8758 -0.4822
vn -0.0082 0.8805 -0.4740
vn -0.0083 0.8805 -0.4739
vn -0.0083 0.8806 -0.4739
vn -0.0251 0.8821 -0.4703
vn -0.0248 0.8823 -0.4700
vn -0.0279 0.8819 -0.4706
vn -0.0280 0.8820 -0.4705
vn -0.0281 0.8820 -0.4704
vn -0.0258 0.8917 -0.4520
vn -0.0258 0.8916 -0.4520
vn -0.0257 0.8916 -0.4520
vn -0.0328 0.8916 -0.4515
vn -0.0326 0.8918 -0.4512
vn -0.0324 0.8920 -0.4508
vn -0.0385 0.8904 -0.4535
vn -0.0384 0.8904 -0.4536
vn -0.0367 0.9030 -0.4280
vn -0.0369 0.9031 -0.4279
vn -0.0369 0.9031 -0.4278
vn -0.0451 0.9022 -0.4289
vn -0.0451 0.9022 -0.4290
vn -0.0778 0.8928 -0.4437
vn -0.0778 0.8928 -0.4436
vn -0.0488 0.9067 -0.4190
vn -0.0489 0.9067 -0.4190
vn -0.0808 0.8966 -0.4354
vn -0.0808 0.8967 -0.4352
vn -0.0808 0.8967 -0.4353
vn -0.0808 0.8966 -0.4353
vn -0.0872 0.8983 -0.4307
vn -0.0812 0.8956 -0.4373
vn -0.0812 0.8957 -0.4373
vn -0.0908 0.8986 -0.4292
vn -0.0908 0.8987 -0.4292
vn -0.0196 0.9315 -0.3633
vn -0.0830 0.8915 -0.4454
vn -0.0830 0.8914 -0.4454
vn -0.0830 0.8914 -0.4455
vn -0.0169 0.9275 -0.3734
vn -0.0169 0.9275 -0.3735
vn -0.1219 0.8958 -0.4274
vn -0.1219 0.8958 -0.4273
vn 0.0112 0.9066 -0.4218
vn 0.0113 0.9066 -0.4218
vn -0.0976 0.8898 -0.4458
vn -0.0976 0.8898 -0.4457
vn -0.0977 0.8898 -0.4457
vn -0.0701 0.8733 -0.4821
vn -0.1892 0.9508 -0.2452
vn -0.1290 0.9139 -0.3849
vn -0.1590 0.9157 -0.3691
vn -0.1589 0.9157 -0.3691
vn 0.0245 -0.8328 0.5530
vn 0.0522 -0.8175 0.5736
vn 0.0521 -0.8175 0.5736
vn 0.0523 -0.8175 0.5736
vn 0.0521 -0.8174 0.5736
vn -0.0462 0.8654 -0.4990
vn -0.0460 0.8721 -0.4871
vn -0.0461 0.8720 -0.4874
vn -0.0461 0.8719 -0.4875
vn -0.3208 0.7381 -0.5936
vn -0.3207 0.7381 -0.5936
vn -0.0568 0.8331 -0.5502
vn -0.2361 0.7835 -0.5748
vn -0.2828 0.8090 -0.5153
vn -0.2828 0.8090 -0.5154
vn -0.0829 0.7921 -0.6047
vn 0.1404 -0.8004 0.5827
vn 0.1405 -0.8004 0.5828
vn 0.1405 -0.8004 0.5827
vn 0.1146 -0.8546 0.5064
vn 0.1995 -0.8092 0.5526
vn 0.1996 -0.8092 0.5526
vn 0.1971 -0.8243 0.5308
vn 0.1972 -0.8243 0.5307
vn 0.2278 -0.9297 0.2895
vn -0.1783 0.8348 -0.5209
vn -0.1784 0.8347 -0.5210
vn -0.0667 -0.9956 -0.0653
vn -0.1274 0.8303 -0.5425
vn -0.4227 -0.6197 -0.6613
vn -0.4227 -0.6197 -0.6612
vn -0.1341 0.8126 -0.5671
vn -0.1362 0.8291 -0.5422
vn -0.1363 0.8291 -0.5422
vn -0.0523 0.8060 -0.5896
vn -0.0591 0.7990 -0.5984
vn -0.0591 0.7991 -0.5983
vn -0.0469 0.8126 -0.5810
vn -0.0470 0.8125 -0.5810
vn -0.0641 0.8227 -0.5649
vn -0.0462 0.8267 -0.5608
vn -0.0462 0.8267 -0.5607
vn -0.0261 0.8426 -0.5379
vn -0.0259 0.8426 -0.5379
vn -0.0258 0.8427 -0.5378
vn -0.0260 0.8426 -0.5379
vn -0.0701 0.8475 -0.5261
vn -0.0697 0.8477 -0.5259
vn -0.0698 0.8477 -0.5259
vn -0.0699 0.8476 -0.5260
vn -0.0700 0.8508 -0.5208
vn -0.0683 0.8657 -0.4959
vn -0.0683 0.8657 -0.4958
vn -0.0681 0.8658 -0.4958
vn -0.0742 0.8462 -0.5278
vn -0.0742 0.8461 -0.5278
vn -0.0741 0.8462 -0.5277
vn -0.0673 0.8585 -0.5085
vn -0.0673 0.8585 -0.5084
vn -0.0673 0.8584 -0.5086
vn -0.0554 0.8683 -0.4929
vn -0.0556 0.8683 -0.4929
vn -0.0558 0.8683 -0.4930
vn -0.0582 0.8544 -0.5164
vn -0.0581 0.8544 -0.5164
vn -0.0461 0.8684 -0.4938
vn -0.0462 0.8684 -0.4937
vn -0.0461 0.8683 -0.4938
vn -0.0487 0.8516 -0.5219
vn -0.0488 0.8516 -0.5220
vn -0.0368 0.8680 -0.4952
vn -0.0369 0.8681 -0.4951
vn -0.0282 0.8644 -0.5019
vn -0.0281 0.8645 -0.5019
vn -0.0226 0.8732 -0.4869
vn -0.0226 0.8732 -0.4868
vn -0.0225 0.8731 -0.4870
vn -0.0316 0.8718 -0.4889
vn -0.0315 0.8718 -0.4889
vn -0.0353 0.8499 -0.5258
vn -0.0354 0.8500 -0.5256
vn -0.0355 0.8501 -0.5254
vn -0.0354 0.8500 -0.5257
vn -0.0042 0.8406 -0.5417
vn -0.0041 0.8406 -0.5417
vn -0.0108 0.8510 -0.5250
vn -0.0108 0.8512 -0.5248
vn -0.0108 0.8511 -0.5248
vn -0.0454 0.8142 -0.5789
vn -0.0454 0.8141 -0.5789
vn -0.0453 0.8140 -0.5791
vn -0.0301 0.8133 -0.5811
vn -0.0300 0.8133 -0.5810
vn -0.0299 0.8133 -0.5810
vn -0.0317 0.8159 -0.5773
vn -0.0389 0.8074 -0.5887
vn -0.0232 0.8278 -0.5605
vn -0.0239 0.8325 -0.5535
vn -0.0239 0.8326 -0.5534
vn -0.0239 0.8325 -0.5534
vn -0.0202 0.8372 -0.5466
vn -0.0194 0.8530 -0.5216
vn -0.0194 0.8530 -0.5215
vn -0.0223 0.8462 -0.5324
vn -0.0222 0.8462 -0.5324
vn -0.0144 0.8816 -0.4718
vn -0.2545 -0.9661 -0.0435
vn -0.2503 0.0557 -0.9666
vn 0.0010 -0.8639 0.5037
vn 0.0030 -0.8873 0.4611
vn 0.0027 -0.8873 0.4611
vn 0.0030 -0.8874 0.4611
vn 0.0159 -0.8411 0.5407
vn 0.0159 -0.8410 0.5407
vn 0.0160 -0.8555 0.5176
vn 0.0162 -0.8555 0.5175
vn 0.0331 -0.8378 0.5450
vn 0.0330 -0.8379 0.5448
vn 0.0331 -0.8378 0.5449
vn 0.0403 -0.8321 0.5532
vn 0.0402 -0.8321 0.5532
vn 0.0220 -0.8297 0.5578
vn 0.0220 -0.8296 0.5579
vn 0.0598 -0.8389 0.5409
vn 0.0598 -0.8389 0.5410
vn 0.0597 -0.8390 0.5408
vn 0.0637 -0.8374 0.5428
vn 0.0637 -0.8375 0.5428
vn 0.0636 -0.8375 0.5427
vn 0.0483 -0.8286 0.5578
vn 0.0483 -0.8285 0.5578
vn 0.0765 -0.8478 0.5248
vn 0.0704 -0.8599 0.5055
vn 0.0703 -0.8599 0.5055
vn 0.0659 -0.8469 0.5277
vn 0.0659 -0.8469 0.5276
vn 0.0659 -0.8470 0.5275
vn 0.0659 -0.8470 0.5276
vn 0.0669 -0.8688 0.4907
vn 0.0669 -0.8687 0.4908
vn 0.0669 -0.8687 0.4909
vn 0.0672 -0.8731 0.4829
vn 0.0671 -0.8731 0.4829
vn 0.0669 -0.8731 0.4830
vn 0.0671 -0.8731 0.4830
vn 0.0578 -0.8695 0.4905
vn 0.0578 -0.8694 0.4907
vn 0.0774 -0.8814 0.4661
vn 0.0774 -0.8813 0.4661
vn 0.0774 -0.8813 0.4662
vn 0.0524 -0.8919 0.4491
vn 0.0524 -0.8919 0.4492
vn 0.0484 -0.8795 0.4735
vn 0.0484 -0.8794 0.4735
vn 0.0483 -0.8795 0.4734
vn 0.0347 -0.8985 0.4376
vn 0.0317 -0.8853 0.4639
vn 0.0316 -0.8854 0.4638
vn 0.0317 -0.8997 0.4353
vn 0.0316 -0.8997 0.4355
vn 0.0316 -0.8996 0.4355
vn 0.0281 -0.8868 0.4613
vn 0.0280 -0.8868 0.4612
vn 0.0157 -0.8841 0.4671
vn 0.0157 -0.8840 0.4671
vn 0.0156 -0.8840 0.4672
vn 0.0157 -0.8840 0.4672
vn 0.0148 -0.8758 0.4825
vn 0.0144 -0.8759 0.4823
vn 0.0244 -0.8781 0.4778
vn 0.0245 -0.8782 0.4777
vn -0.0055 -0.8728 0.4880
vn -0.0056 -0.8728 0.4881
vn -0.0055 -0.8729 0.4879
vn -0.0044 -0.8726 0.4885
vn -0.0047 -0.8726 0.4884
vn -0.0049 -0.8726 0.4884
vn -0.0046 -0.8726 0.4884
vn 0.0154 -0.8789 0.4768
vn 0.0154 -0.8788 0.4769
vn 0.0154 -0.8788 0.4770
vn 0.0101 -0.8530 0.5218
vn 0.0100 -0.8530 0.5218
vn 0.0217 -0.8641 0.5029
vn 0.0217 -0.8640 0.5030
vn -0.0004 -0.8623 0.5063
vn -0.0005 -0.8623 0.5063
vn -0.0003 -0.8623 0.5063
vn 0.0163 -0.8633 0.5045
vn 0.0163 -0.8632 0.5045
vn 0.0163 -0.8632 0.5046
vn 0.0139 -0.8457 0.5334
vn 0.0139 -0.8458 0.5334
vn -0.0175 -0.8628 0.5052
vn -0.0174 -0.8628 0.5052
vn 0.0211 -0.8403 0.5418
vn 0.0210 -0.8402 0.5418
vn -0.0257 -0.8614 0.5072
vn -0.0262 -0.8614 0.5073
vn -0.0265 -0.8613 0.5074
vn -0.0261 -0.8614 0.5073
vn 0.0262 -0.8398 0.5422
vn 0.0263 -0.8399 0.5421
vn -0.0343 -0.8490 0.5273
vn -0.0344 -0.8490 0.5273
vn -0.0343 -0.8490 0.5272
vn 0.0258 -0.8402 0.5416
vn -0.0082 -0.8540 0.5203
vn -0.0082 -0.8539 0.5203
vn -0.0187 -0.8655 0.5005
vn -0.0148 -0.8659 0.5000
vn -0.0147 -0.8659 0.5000
vn -0.0147 -0.8659 0.4999
vn 0.0281 -0.8427 0.5377
vn 0.0378 -0.8838 0.4663
vn 0.0684 -0.8591 0.5072
vn 0.0380 0.8567 -0.5145
vn 0.0381 0.8566 -0.5145
vn 0.0296 0.8188 -0.5733
vn 0.0176 0.8679 -0.4964
vn -0.0098 0.8384 -0.5449
vn -0.0098 0.8385 -0.5449
vn 0.0195 0.8700 -0.4927
vn 0.0194 0.8700 -0.4927
vn -0.0150 0.8391 -0.5438
vn -0.0151 0.8391 -0.5438
vn 0.0398 0.8695 -0.4924
vn 0.0397 0.8695 -0.4924
vn -0.0259 0.8500 -0.5262
vn -0.0259 0.8499 -0.5262
vn -0.0190 0.8524 -0.5226
vn -0.0190 0.8523 -0.5226
vn -0.0143 0.8629 -0.5051
vn 0.0131 0.8795 -0.4757
vn 0.0132 0.8794 -0.4758
vn 0.0132 0.8794 -0.4759
vn -0.0011 0.8759 -0.4825
vn -0.0010 0.8759 -0.4825
vn 0.0185 0.8702 -0.4924
vn 0.0184 0.8702 -0.4923
vn 0.0184 0.8703 -0.4923
vn 0.0342 0.8817 -0.4705
vn 0.0341 0.8817 -0.4705
vn 0.0341 0.8818 -0.4705
vn 0.0085 0.8823 -0.4705
vn 0.0086 0.8824 -0.4705
vn -0.0116 0.8898 -0.4561
vn -0.0116 0.8898 -0.4562
vn -0.0115 0.8898 -0.4562
vn 0.0072 0.8978 -0.4403
vn -0.0132 0.9031 -0.4292
vn -0.0131 0.9031 -0.4292
vn -0.0277 0.9043 -0.4259
vn -0.0277 0.9044 -0.4259
vn -0.0277 0.9044 -0.4258
vn -0.0278 0.9044 -0.4257
vn -0.0158 0.9090 -0.4165
vn -0.0157 0.9090 -0.4165
vn -0.0158 0.9090 -0.4164
vn -0.0310 0.9110 -0.4112
vn -0.0389 0.9114 -0.4096
vn -0.0389 0.9114 -0.4097
vn -0.0328 0.9098 -0.4138
vn -0.0328 0.9097 -0.4139
vn -0.0375 0.9101 -0.4126
vn -0.0375 0.9102 -0.4125
vn -0.0463 0.9056 -0.4215
vn -0.0319 0.8977 -0.4395
vn -0.0319 0.8976 -0.4397
vn -0.0375 0.8944 -0.4457
vn -0.0374 0.8944 -0.4458
vn -0.0736 0.8868 -0.4562
vn -0.0736 0.8869 -0.4562
vn -0.0483 0.9079 -0.4164
vn -0.0484 0.9079 -0.4164
vn -0.0993 0.9097 -0.4031
vn -0.0992 0.9097 -0.4032
vn -0.0992 0.9097 -0.4031
vn -0.0674 0.8795 -0.4711
vn -0.0674 0.8795 -0.4712
vn -0.3946 0.4469 0.8029
vn -0.3946 0.4468 0.8029
vn -0.4763 0.5651 0.6736
vn -0.4763 0.5651 0.6737
vn -0.4017 0.8496 0.3418
vn -0.4017 0.8496 0.3417
vn 0.0754 -0.8872 0.4552
vn 0.0755 -0.8873 0.4551
vn -0.0360 -0.8874 0.4597
vn -0.0359 -0.8874 0.4597
vn 0.0547 -0.8616 0.5046
vn 0.0547 -0.8616 0.5047
vn 0.0135 -0.9238 0.3825
vn 0.0135 -0.9238 0.3826
vn 0.1195 -0.8927 0.4346
vn 0.0233 -0.9317 0.3624
vn 0.1190 -0.8872 0.4457
vn 0.0026 -0.9198 0.3923
vn 0.0026 -0.9198 0.3924
vn 0.1023 -0.8824 0.4592
vn 0.1350 -0.8524 0.5052
vn 0.0194 -0.8473 0.5308
vn 0.0592 -0.8086 0.5854
vn 0.0591 -0.8086 0.5854
vn 0.0611 -0.8058 0.5890
vn 0.0611 -0.8059 0.5890
vn 0.0562 -0.8216 0.5674
vn 0.0562 -0.8216 0.5673
vn 0.0562 -0.8215 0.5674
vn 0.0717 -0.8231 0.5633
vn 0.0718 -0.8231 0.5633
vn 0.0701 -0.8460 0.5286
vn 0.0700 -0.8460 0.5286
vn 0.0700 -0.8501 0.5220
vn 0.0493 -0.8741 0.4832
vn 0.0494 -0.8741 0.4832
vn -0.1085 0.8114 -0.5743
vn -0.1084 0.8114 -0.5743
vn 0.0192 -0.8831 0.4688
vn -0.0893 0.8185 -0.5675
vn -0.0892 0.8186 -0.5674
vn -0.0893 0.8184 -0.5677
vn -0.0893 0.8184 -0.5676
vn -0.0676 0.8421 -0.5351
vn -0.0736 0.8263 -0.5584
vn -0.0735 0.8263 -0.5583
vn -0.0735 0.8263 -0.5584
vn -0.0588 0.8395 -0.5401
vn -0.0588 0.8396 -0.5401
vn -0.0584 0.8391 -0.5408
vn -0.0587 0.8389 -0.5411
vn -0.0586 0.8390 -0.5410
vn -0.0585 0.8390 -0.5409
vn -0.0363 0.8347 -0.5495
vn -0.0364 0.8347 -0.5495
vn -0.0407 0.8311 -0.5547
vn -0.0407 0.8310 -0.5547
vn -0.0706 0.8442 -0.5314
vn -0.0670 0.8445 -0.5314
vn -0.0670 0.8444 -0.5314
vn -0.0595 0.8375 -0.5432
vn -0.0595 0.8377 -0.5428
vn -0.0644 0.8374 -0.5428
vn -0.0643 0.8374 -0.5428
vn -0.0643 0.8374 -0.5427
vn -0.0479 0.8284 -0.5580
vn -0.0478 0.8285 -0.5580
vn -0.0478 0.8284 -0.5580
vn -0.0587 0.8283 -0.5573
vn -0.0585 0.8281 -0.5576
vn -0.0585 0.8280 -0.5576
vn -0.0410 0.8298 -0.5566
vn -0.0049 -0.9120 0.4101
vn -0.1133 -0.9386 0.3258
vn -0.1132 -0.9386 0.3258
vn 0.0501 -0.8514 0.5221
vn 0.0174 -0.8522 0.5229
vn 0.0564 -0.8505 0.5229
vn 0.0629 -0.8472 0.5275
vn 0.0569 -0.8421 0.5363
vn 0.0568 -0.8422 0.5362
vn 0.0568 -0.8421 0.5363
vn 0.0569 -0.8421 0.5364
vn 0.0692 -0.8465 0.5279
vn 0.0639 -0.8499 0.5230
vn 0.0638 -0.8499 0.5230
vn 0.0693 -0.8454 0.5297
vn 0.0693 -0.8453 0.5297
vn 0.0202 -0.8402 0.5419
vn 0.0201 -0.8403 0.5418
vn 0.0201 -0.8403 0.5417
vn 0.0078 -0.8654 0.5010
vn 0.0079 -0.8654 0.5010
vn 0.0646 -0.8573 0.5108
vn -0.0159 -0.8906 0.4545
vn 0.0594 -0.8931 0.4459
vn 0.0520 -0.8773 0.4772
vn 0.0520 -0.8773 0.4771
vn 0.0781 -0.9016 0.4254
vn 0.0781 -0.9017 0.4253
vn 0.0893 -0.8953 0.4364
vn 0.0882 -0.8908 0.4458
vn 0.0882 -0.8908 0.4457
vn 0.0512 -0.9055 0.4212
vn 0.0512 -0.9055 0.4213
vn 0.0525 -0.9023 0.4280
vn 0.0384 -0.9102 0.4123
vn 0.0384 -0.9102 0.4124
vn 0.0372 -0.9071 0.4193
vn 0.0373 -0.9069 0.4197
vn 0.0337 -0.9117 0.4095
vn 0.0337 -0.9117 0.4096
vn 0.0337 -0.9116 0.4096
vn 0.0334 -0.9080 0.4177
vn 0.0334 -0.9080 0.4176
vn 0.0182 -0.9109 0.4123
vn 0.0182 -0.9108 0.4125
vn 0.0182 -0.9107 0.4126
vn 0.0182 -0.9108 0.4124
vn 0.0176 -0.9084 0.4176
vn 0.0176 -0.9084 0.4177
vn 0.0177 -0.9084 0.4178
vn -0.0053 -0.9047 0.4261
vn -0.0053 -0.9047 0.4260
vn -0.0044 -0.8956 0.4449
vn -0.0043 -0.8956 0.4449
vn -0.0043 -0.8955 0.4449
vn 0.0173 -0.8988 0.4380
vn 0.0173 -0.8988 0.4379
vn -0.0270 -0.8886 0.4578
vn -0.0272 -0.8884 0.4582
vn -0.0272 -0.8883 0.4584
vn -0.0118 -0.8694 0.4940
vn -0.0121 -0.8694 0.4939
vn -0.0120 -0.8694 0.4939
vn -0.0034 -0.8763 0.4817
vn -0.0035 -0.8763 0.4818
vn -0.0066 -0.8706 0.4920
vn -0.0067 -0.8706 0.4920
vn -0.0067 -0.8705 0.4921
vn -0.0067 -0.8705 0.4920
vn -0.0123 -0.8719 0.4895
vn -0.0122 -0.8719 0.4895
vn -0.0174 -0.8717 0.4898
vn -0.0175 -0.8716 0.4899
vn -0.0174 -0.8717 0.4897
vn -0.0175 -0.8716 0.4898
vn -0.0159 -0.8688 0.4950
vn -0.0160 -0.8687 0.4950
vn -0.0161 -0.8687 0.4950
vn -0.0113 -0.8699 0.4931
vn -0.0113 -0.8700 0.4929
vn -0.0112 -0.8702 0.4925
vn -0.0113 -0.8701 0.4928
vn -0.0012 -0.8710 0.4912
vn -0.0012 -0.8711 0.4912
vn -0.0165 -0.8674 0.4973
vn -0.0166 -0.8674 0.4973
vn -0.0167 -0.8674 0.4974
vn -0.0013 -0.8774 0.4797
vn 0.0121 -0.8695 0.4938
vn 0.0122 -0.8695 0.4938
vn 0.0174 -0.8824 0.4702
vn 0.0174 -0.8824 0.4703
vn -0.0012 -0.8594 0.5113
vn -0.0011 -0.8594 0.5113
vn -0.0011 -0.8594 0.5112
vn 0.1489 -0.9359 0.3193
vn 0.1488 -0.9359 0.3194
vn 0.1519 -0.9072 0.3924
vn 0.1518 -0.9072 0.3924
vn 0.0292 0.8246 -0.5650
vn 0.0474 0.8588 -0.5101
vn 0.0240 0.8754 -0.4828
vn 0.0240 0.8754 -0.4829
vn -0.0119 0.9151 -0.4031
vn -0.0119 0.9151 -0.4030
vn 0.0595 0.8894 -0.4532
vn 0.0594 0.8894 -0.4532
vn 0.0452 0.8969 -0.4399
vn 0.0452 0.8969 -0.4400
vn -0.0335 0.8679 -0.4957
vn -0.0335 0.8680 -0.4955
vn -0.0335 0.8679 -0.4955
vn 0.0059 0.8752 -0.4838
vn 0.0352 0.8712 -0.4897
vn 0.0352 0.8711 -0.4898
vn 0.0565 0.8971 -0.4382
vn 0.0812 0.8953 -0.4380
vn 0.0811 0.8953 -0.4380
vn 0.0383 0.9022 -0.4296
vn 0.0506 0.8828 -0.4671
vn 0.0507 0.8830 -0.4667
vn 0.0507 0.8830 -0.4665
vn 0.0507 0.8831 -0.4665
vn 0.0249 0.8956 -0.4441
vn 0.0058 0.9085 -0.4178
vn 0.0058 0.9086 -0.4177
vn 0.0058 0.9085 -0.4177
vn 0.0274 0.9065 -0.4214
vn 0.0274 0.9065 -0.4212
vn 0.0274 0.9065 -0.4213
vn 0.0049 0.9086 -0.4176
vn 0.0048 0.9086 -0.4177
vn -0.0162 0.9071 -0.4207
vn -0.0162 0.9071 -0.4206
vn 0.0028 0.8897 -0.4566
vn -0.0124 0.8705 -0.4920
vn -0.0124 0.8705 -0.4921
vn -0.0172 0.8472 -0.5310
vn -0.0122 0.8819 -0.4713
vn -0.0876 0.9727 -0.2151
vn -0.0876 0.9727 -0.2150
vn -0.1773 0.9278 0.3282
vn -0.1773 0.9278 0.3283
vn 0.0039 -0.7836 0.6212
vn 0.0107 -0.8483 0.5295
vn 0.0107 -0.8483 0.5294
vn 0.0245 -0.8714 0.4900
vn 0.0245 -0.8713 0.4901
vn 0.0257 -0.8854 0.4641
vn 0.0257 -0.8853 0.4642
vn 0.0257 -0.8854 0.4642
vn 0.0360 -0.8886 0.4572
vn 0.0359 -0.8886 0.4572
vn 0.0761 -0.8861 0.4571
vn 0.0761 -0.8862 0.4571
vn 0.0502 -0.9059 0.4205
vn 0.0871 -0.8959 0.4356
vn 0.0830 -0.8948 0.4387
vn 0.0831 -0.8948 0.4387
vn 0.0871 -0.9022 0.4224
vn 0.0363 -0.9077 0.4180
vn 0.0257 -0.8826 0.4695
vn 0.0257 -0.8825 0.4695
vn 0.0257 -0.8826 0.4694
vn 0.0327 -0.9076 0.4187
vn 0.0327 -0.9077 0.4183
vn 0.0156 -0.8889 0.4578
vn 0.0182 -0.9088 0.4169
vn 0.0182 -0.9088 0.4168
vn -0.0040 -0.8977 0.4406
vn -0.0040 -0.8977 0.4405
vn -0.0043 -0.9084 0.4181
vn -0.0044 -0.9085 0.4179
vn -0.0043 -0.9084 0.4182
vn -0.0220 -0.8940 0.4475
vn -0.0219 -0.8940 0.4475
vn -0.0338 -0.9059 0.4221
vn -0.0338 -0.9060 0.4220
vn -0.0046 -0.9094 0.4160
vn -0.0046 -0.9092 0.4163
vn -0.0640 -0.8969 0.4377
vn -0.0640 -0.8968 0.4377
vn -0.0542 -0.8950 0.4427
vn -0.0285 -0.8973 0.4404
vn -0.0285 -0.8974 0.4404
vn -0.0285 -0.8974 0.4403
vn -0.0531 -0.8950 0.4429
vn -0.0532 -0.8948 0.4432
vn -0.0533 -0.8948 0.4433
vn -0.0432 -0.8852 0.4631
vn -0.0296 -0.8853 0.4640
vn -0.0296 -0.8853 0.4641
vn -0.0297 -0.8852 0.4642
vn -0.0294 -0.8892 0.4566
vn -0.0450 -0.8893 0.4551
vn -0.0445 -0.8894 0.4550
vn -0.0442 -0.8895 0.4549
vn -0.0447 -0.8894 0.4550
vn 0.1366 -0.9486 0.2856
vn 0.1365 -0.9485 0.2857
vn 0.1537 -0.9292 0.3362
vn 0.1536 -0.9292 0.3362
vn -0.0442 -0.9057 0.4217
vn -0.0443 -0.9057 0.4217
vn -0.0080 -0.9197 0.3925
vn -0.0081 -0.9197 0.3925
vn 0.1404 -0.8392 0.5254
vn 0.1403 -0.8392 0.5254
vn 0.1386 -0.7519 0.6445
vn 0.1386 -0.7518 0.6446
vn 0.1386 -0.7519 0.6446
vn -0.0178 -0.9596 0.2809
vn -0.0177 -0.9596 0.2809
vn -0.0177 -0.9596 0.2810
vn -0.4667 -0.8830 -0.0505
vn -0.4667 -0.8829 -0.0506
vn -0.4667 -0.8830 -0.0506
vn 0.1852 0.9455 -0.2679
vn 0.1853 0.9455 -0.2679
vn 0.1852 0.9455 -0.2678
vn -0.0427 0.8562 -0.5149
vn -0.0427 0.8561 -0.5150
vn -0.0427 0.8562 -0.5150
vn -0.0553 0.8401 -0.5395
vn -0.0553 0.8401 -0.5396
vn -0.0162 0.8789 -0.4768
vn -0.0161 0.8789 -0.4768
vn 0.0492 0.9060 -0.4203
vn 0.0491 0.9060 -0.4203
vn 0.0491 0.9060 -0.4204
vn 0.0853 0.9217 -0.3784
vn -0.0121 0.9038 -0.4278
vn -0.0121 0.9039 -0.4276
vn -0.0121 0.9038 -0.4277
vn 0.0318 0.8993 -0.4361
vn 0.0317 0.8993 -0.4361
vn -0.0486 0.8591 -0.5095
vn -0.0644 0.8376 -0.5425
vn -0.0640 0.8377 -0.5424
vn 0.0183 0.9157 -0.4015
vn 0.0504 0.9074 -0.4173
vn 0.0503 0.9074 -0.4173
vn 0.0107 0.8793 -0.4762
vn 0.0472 0.9064 -0.4198
vn 0.0471 0.9064 -0.4198
vn 0.0878 0.9024 -0.4220
vn -0.0351 0.8465 -0.5313
vn -0.0351 0.8465 -0.5312
vn -0.0109 0.8658 -0.5002
vn -0.0109 0.8659 -0.5002
vn 0.0324 0.9052 -0.4238
vn 0.0324 0.9051 -0.4239
vn 0.0323 0.9052 -0.4238
vn 0.1225 0.9350 -0.3329
vn 0.1225 0.9350 -0.3330
vn -0.0006 0.8435 -0.5371
vn 0.0036 0.8740 -0.4860
vn 0.0322 -0.7418 0.6698
vn 0.0322 -0.7418 0.6699
vn 0.0323 -0.7418 0.6699
vn 0.0058 -0.7801 0.6256
vn 0.1853 -0.4762 0.8596
vn 0.1853 -0.4761 0.8596
vn 0.1853 -0.4760 0.8597
vn -0.0626 -0.9205 0.3858
vn -0.0626 -0.9205 0.3857
vn -0.0373 -0.9190 0.3925
vn -0.0373 -0.9190 0.3924
vn -0.0448 -0.8988 0.4361
vn -0.0281 -0.8781 0.4777
vn -0.0282 -0.8781 0.4777
vn -0.0335 -0.8772 0.4790
vn 0.2013 0.9690 -0.1430
vn 0.2013 0.9690 -0.1429
vn 0.0696 0.9256 -0.3721
vn 0.0696 0.9256 -0.3722
vn -0.0493 -0.8996 0.4340
vn -0.0493 -0.8995 0.4341
vn -0.0493 -0.8995 0.4340
vn 0.0040 -0.7689 0.6394
vn 0.0040 -0.7689 0.6393
vn 0.0739 -0.8833 0.4629
vn -0.2937 0.6575 0.6938
vn -0.2938 0.6575 0.6938
vn -0.2938 0.6574 0.6939
vn -0.2937 0.6575 0.6939
vn -0.0149 0.8537 -0.5206
vn -0.0304 0.9008 -0.4332
vn -0.0163 0.9097 -0.4149
vn -0.0164 0.9098 -0.4148
vn 0.0061 0.9046 -0.4263
vn 0.0296 0.8812 -0.4718
vn 0.0296 0.8812 -0.4717
vn 0.0101 0.8607 -0.5090
vn 0.0444 0.8919 -0.4500
vn 0.0444 0.8919 -0.4501
vn 0.0443 0.8920 -0.4499
vn 0.0127 0.8807 -0.4735
vn 0.0126 0.8808 -0.4734
vn -0.0235 0.8460 -0.5327
vn -0.0235 0.8459 -0.5328
vn -0.0725 0.8463 -0.5278
vn -0.0726 0.8462 -0.5278
vn -0.0770 0.8437 -0.5313
vn -0.0770 0.8437 -0.5312
vn -0.0780 0.8221 -0.5640
vn -0.0780 0.8220 -0.5640
vn -0.1762 0.7196 -0.6716
vn -0.1762 0.7196 -0.6717
vn -0.2872 0.2767 -0.9171
vn -0.2872 0.2766 -0.9171
vn 0.0413 -0.8235 0.5658
vn 0.0413 -0.8235 0.5659
vn 0.1273 -0.8208 0.5568
vn 0.1334 -0.8348 0.5342
vn 0.1334 -0.8348 0.5341
vn -0.0696 0.8764 -0.4765
vn -0.0697 0.8764 -0.4765
vn -0.0142 0.8739 -0.4858
vn -0.0142 0.8739 -0.4859
vn -0.0688 0.8715 -0.4855
vn -0.0688 0.8716 -0.4854
vn -0.0745 0.8887 -0.4524
vn -0.0746 0.8887 -0.4524
vn 0.0103 0.8949 -0.4461
vn 0.0104 0.8949 -0.4461
vn -0.0189 0.8491 -0.5280
vn -0.0190 0.8491 -0.5280
vn -0.0045 0.9205 -0.3907
vn -0.0947 0.8822 -0.4612
vn -0.0947 0.8822 -0.4613
vn -0.0547 0.8756 -0.4798
vn -0.0548 0.8755 -0.4801
vn -0.0548 0.8753 -0.4804
vn -0.0663 0.8825 -0.4657
vn -0.0661 0.8824 -0.4658
vn -0.0660 0.8824 -0.4658
vn -0.1367 0.8508 -0.5075
vn -0.1367 0.8507 -0.5075
vn 0.1578 -0.8308 0.5338
vn 0.1578 -0.8307 0.5338
vn 0.1579 -0.8307 0.5339
vn -0.0693 0.8177 -0.5715
vn 0.2972 -0.8025 0.5174
vn 0.2971 -0.8025 0.5174
vn -0.1180 0.8904 -0.4397
vn -0.1179 0.8904 -0.4397
vn -0.0354 0.8805 -0.4728
vn -0.0355 0.8804 -0.4729
vn -0.0354 0.8804 -0.4728
vn -0.0354 0.8804 -0.4729
vn -0.0273 0.8777 -0.4785
vn -0.0274 0.8776 -0.4786
vn -0.0274 0.8777 -0.4785
vn -0.0033 0.8427 -0.5384
vn -0.0034 0.8427 -0.5384
vn -0.0620 0.8238 -0.5634
vn -0.0620 0.8238 -0.5635
vn 0.0210 -0.8095 0.5867
vn 0.0210 -0.8096 0.5867
vn 0.0277 -0.8431 0.5371
vn 0.0277 -0.8430 0.5371
vn 0.0277 -0.8430 0.5372
vn -0.2939 -0.5948 0.7482
vn -0.2938 -0.5949 0.7482
vn -0.8955 0.3386 0.2889
vn -0.8955 0.3385 0.2889
vn -0.7173 0.5382 0.4426
vn -0.7173 0.5382 0.4425
vn -0.6835 0.6934 -0.2280
vn -0.6835 0.6935 -0.2280
vn -0.8118 -0.3546 0.4640
vn -0.8119 -0.3545 0.4639
vn -0.8118 -0.3545 0.4639
vn -0.4608 -0.7652 0.4495
vn -0.4608 -0.7653 0.4495
vn -0.7144 -0.6431 0.2758
vn -0.7145 -0.6430 0.2757
vn -0.7145 -0.6430 0.2758
vn -0.9998 -0.0020 0.0221
vn -0.9998 -0.0019 0.0220
vn -0.5902 -0.7579 0.2780
vn -0.5902 -0.7579 0.2779
vn -0.5902 -0.7578 0.2780
vn -0.8349 0.5003 -0.2293
vt 0.384780 0.485250
vt 0.391250 0.482620
vt 0.384770 0.480480
vt 0.377350 0.478190
vt 0.331760 0.449260
vt 0.339190 0.456320
vt 0.326860 0.455480
vt 0.325140 0.449830
vt 0.391410 0.484680
vt 0.397970 0.484230
vt 0.312020 0.449680
vt 0.317780 0.450270
vt 0.315740 0.455240
vt 0.308420 0.452450
vt 0.056510 0.706200
vt 0.052580 0.700950
vt 0.048490 0.695810
vt 0.053620 0.701100
vt 0.365750 0.822540
vt 0.356470 0.826720
vt 0.347370 0.811330
vt 0.353460 0.808900
vt 0.376540 0.823270
vt 0.375110 0.829300
vt 0.367620 0.830640
vt 0.373440 0.813030
vt 0.381730 0.815320
vt 0.361950 0.808790
vt 0.360460 0.833060
vt 0.267270 0.321030
vt 0.268270 0.307560
vt 0.255090 0.305180
vt 0.259200 0.323930
vt 0.266120 0.341680
vt 0.276200 0.330680
vt 0.282920 0.315220
vt 0.347170 0.115470
vt 0.356070 0.110660
vt 0.351130 0.104250
vt 0.343630 0.107640
vt 0.336510 0.111660
vt 0.333770 0.117830
vt 0.341350 0.121050
vt 0.336290 0.104440
vt 0.361320 0.128140
vt 0.367010 0.125100
vt 0.354160 0.128880
vt 0.441650 0.612440
vt 0.438030 0.624570
vt 0.423500 0.614540
vt 0.432950 0.601350
vt 0.445320 0.591600
vt 0.451940 0.610550
vt 0.455620 0.629630
vt 0.352000 0.273000
vt 0.341660 0.263220
vt 0.335730 0.280400
vt 0.351710 0.287600
vt 0.363680 0.266300
vt 0.353140 0.247630
vt 0.369330 0.287440
vt 0.367340 0.640300
vt 0.371890 0.626210
vt 0.386600 0.636080
vt 0.376160 0.650660
vt 0.354650 0.640840
vt 0.354620 0.619120
vt 0.362030 0.659200
vt 0.374340 0.675360
vt 0.356690 0.685440
vt 0.344330 0.664770
vt 0.335860 0.641420
vt 0.389240 0.662870
vt 0.405590 0.673370
vt 0.390340 0.690120
vt 0.401800 0.646530
vt 0.418800 0.656880
vt 0.437540 0.666530
vt 0.424350 0.683870
vt 0.412890 0.630180
vt 0.430400 0.640900
vt 0.448360 0.648770
vt 0.456870 0.651710
vt 0.447190 0.670990
vt 0.463430 0.630620
vt 0.468840 0.631250
vt 0.462070 0.653400
vt 0.462970 0.607880
vt 0.468450 0.606550
vt 0.473420 0.605430
vt 0.473820 0.631790
vt 0.451670 0.586980
vt 0.456580 0.583790
vt 0.461020 0.581010
vt 0.440140 0.566750
vt 0.444520 0.563140
vt 0.448650 0.559810
vt 0.465190 0.578280
vt 0.478190 0.604410
vt 0.238360 0.330110
vt 0.239890 0.329670
vt 0.239040 0.302480
vt 0.238120 0.302220
vt 0.478420 0.632290
vt 0.251360 0.356230
vt 0.253230 0.353990
vt 0.267890 0.374700
vt 0.270550 0.370950
vt 0.273900 0.366510
vt 0.256760 0.350570
vt 0.244630 0.328420
vt 0.249590 0.327050
vt 0.248990 0.304070
vt 0.243640 0.303230
vt 0.260900 0.346710
vt 0.277650 0.361490
vt 0.282270 0.355090
vt 0.289720 0.344060
vt 0.296890 0.375540
vt 0.301350 0.368100
vt 0.309070 0.354600
vt 0.318120 0.336770
vt 0.299590 0.326120
vt 0.321310 0.379890
vt 0.330320 0.364590
vt 0.339770 0.345850
vt 0.347210 0.327120
vt 0.325630 0.317920
vt 0.353830 0.375140
vt 0.363720 0.356430
vt 0.371740 0.336690
vt 0.372240 0.311190
vt 0.350630 0.306610
vt 0.385040 0.360270
vt 0.391500 0.336220
vt 0.390870 0.307650
vt 0.387290 0.281480
vt 0.411700 0.333460
vt 0.410310 0.303430
vt 0.406180 0.274810
vt 0.399220 0.246900
vt 0.380890 0.256560
vt 0.428360 0.299180
vt 0.423260 0.268520
vt 0.414290 0.238850
vt 0.401800 0.209780
vt 0.386450 0.220220
vt 0.431070 0.265510
vt 0.422330 0.234480
vt 0.407750 0.205720
vt 0.391730 0.177790
vt 0.383630 0.184170
vt 0.426130 0.232380
vt 0.411940 0.202840
vt 0.395860 0.174570
vt 0.378180 0.148690
vt 0.373560 0.152230
vt 0.415520 0.200360
vt 0.399270 0.172060
vt 0.382170 0.145950
vt 0.401050 0.171710
vt 0.385140 0.146000
vt 0.369660 0.118540
vt 0.361520 0.106230
vt 0.385610 0.145280
vt 0.371680 0.116960
vt 0.364550 0.104990
vt 0.362300 0.100820
vt 0.357850 0.101630
vt 0.351990 0.829520
vt 0.344860 0.817550
vt 0.354250 0.833690
vt 0.354370 0.099970
vt 0.348610 0.101680
vt 0.347920 0.099890
vt 0.341500 0.101010
vt 0.342220 0.103480
vt 0.352240 0.099570
vt 0.337800 0.100890
vt 0.337020 0.101760
vt 0.368420 0.833180
vt 0.374950 0.832060
vt 0.362760 0.834530
vt 0.381810 0.832660
vt 0.380040 0.833830
vt 0.382920 0.827720
vt 0.384850 0.826350
vt 0.387310 0.833320
vt 0.331700 0.108160
vt 0.329230 0.101190
vt 0.387060 0.815800
vt 0.387770 0.815670
vt 0.328770 0.118850
vt 0.193250 0.663440
vt 0.192890 0.662740
vt 0.208460 0.665510
vt 0.208940 0.666190
vt 0.322110 0.133250
vt 0.326950 0.132250
vt 0.333280 0.136270
vt 0.312450 0.156560
vt 0.315980 0.157380
vt 0.321110 0.160620
vt 0.328890 0.165580
vt 0.343110 0.142890
vt 0.305770 0.180830
vt 0.310950 0.183990
vt 0.318270 0.188510
vt 0.332320 0.196800
vt 0.347440 0.177830
vt 0.299000 0.205120
vt 0.304890 0.208880
vt 0.319760 0.217960
vt 0.338130 0.229650
vt 0.352320 0.209100
vt 0.293580 0.229430
vt 0.309390 0.239120
vt 0.326860 0.250670
vt 0.300930 0.259430
vt 0.319060 0.269930
vt 0.294000 0.278260
vt 0.313080 0.288540
vt 0.331260 0.298720
vt 0.307520 0.306720
vt 0.288520 0.296200
vt 0.275800 0.268930
vt 0.269160 0.288290
vt 0.267730 0.264520
vt 0.259550 0.284460
vt 0.263070 0.261830
vt 0.254030 0.282160
vt 0.259190 0.259350
vt 0.249520 0.280170
vt 0.255660 0.256900
vt 0.245530 0.278360
vt 0.321680 0.808410
vt 0.317690 0.806600
vt 0.311190 0.830730
vt 0.315800 0.831470
vt 0.471010 0.656150
vt 0.460880 0.677610
vt 0.459770 0.677180
vt 0.470820 0.656300
vt 0.337740 0.866490
vt 0.337920 0.866340
vt 0.330330 0.890360
vt 0.331250 0.890620
vt 0.456030 0.675150
vt 0.466590 0.654880
vt 0.451920 0.673130
vt 0.444380 0.693620
vt 0.440440 0.691860
vt 0.435510 0.689520
vt 0.430220 0.711800
vt 0.423840 0.708770
vt 0.408900 0.701010
vt 0.409270 0.727700
vt 0.390410 0.716710
vt 0.372470 0.702930
vt 0.371050 0.731330
vt 0.353180 0.714190
vt 0.336960 0.693110
vt 0.333770 0.723090
vt 0.315380 0.699600
vt 0.303870 0.671460
vt 0.323770 0.669310
vt 0.296740 0.641020
vt 0.316670 0.641050
vt 0.293040 0.609020
vt 0.313500 0.610880
vt 0.333400 0.612910
vt 0.315320 0.580820
vt 0.337000 0.584290
vt 0.359480 0.595720
vt 0.346310 0.564050
vt 0.369980 0.576780
vt 0.390490 0.589340
vt 0.379660 0.607550
vt 0.407900 0.602240
vt 0.396750 0.619190
vt 0.402390 0.573260
vt 0.420400 0.586440
vt 0.411880 0.562030
vt 0.429490 0.576640
vt 0.417430 0.555810
vt 0.435360 0.571020
vt 0.421740 0.551080
vt 0.397950 0.540910
vt 0.402490 0.536280
vt 0.406870 0.532200
vt 0.425710 0.546940
vt 0.410410 0.529620
vt 0.429140 0.543580
vt 0.287400 0.390930
vt 0.306130 0.404890
vt 0.309030 0.399840
vt 0.290270 0.386280
vt 0.312150 0.394590
vt 0.293390 0.381280
vt 0.315770 0.388780
vt 0.330210 0.409620
vt 0.335390 0.402970
vt 0.343230 0.392030
vt 0.357450 0.421140
vt 0.367150 0.405860
vt 0.376440 0.383340
vt 0.385880 0.412210
vt 0.397060 0.388670
vt 0.406270 0.362220
vt 0.414900 0.391510
vt 0.428460 0.363230
vt 0.430670 0.330950
vt 0.437470 0.362890
vt 0.440060 0.329490
vt 0.436800 0.296970
vt 0.444540 0.328640
vt 0.441170 0.295710
vt 0.435160 0.263880
vt 0.444500 0.294670
vt 0.438410 0.262580
vt 0.309780 0.953250
vt 0.313030 0.951950
vt 0.304290 0.919870
vt 0.300760 0.921750
vt 0.429660 0.230500
vt 0.245360 0.583660
vt 0.254110 0.615740
vt 0.254730 0.614930
vt 0.245080 0.583200
vt 0.426020 0.962890
vt 0.426120 0.963420
vt 0.435960 0.994930
vt 0.434940 0.995000
vt 0.416330 0.199760
vt 0.449760 0.497230
vt 0.419470 0.495800
vt 0.419950 0.496380
vt 0.450140 0.497960
vt 0.478190 0.499170
vt 0.477800 0.498470
vt 0.401040 0.171320
vt 0.315500 0.763190
vt 0.300380 0.735130
vt 0.301500 0.735590
vt 0.317750 0.763450
vt 0.333860 0.790190
vt 0.330930 0.789230
vt 0.321610 0.761660
vt 0.338380 0.788110
vt 0.325910 0.759660
vt 0.344920 0.781770
vt 0.336810 0.752510
vt 0.355290 0.773070
vt 0.372190 0.790340
vt 0.384320 0.802190
vt 0.370640 0.759750
vt 0.386100 0.770950
vt 0.396440 0.776700
vt 0.402170 0.779260
vt 0.389810 0.804290
vt 0.402280 0.751330
vt 0.408490 0.754070
vt 0.413470 0.756110
vt 0.418070 0.757820
vt 0.405000 0.778770
vt 0.420700 0.733240
vt 0.425090 0.735510
vt 0.429270 0.737730
vt 0.287270 0.196780
vt 0.290820 0.199430
vt 0.301320 0.178290
vt 0.298470 0.176690
vt 0.438070 0.715180
vt 0.441260 0.716370
vt 0.275280 0.218150
vt 0.278990 0.220280
vt 0.282780 0.222600
vt 0.294740 0.202240
vt 0.266350 0.238540
vt 0.269800 0.240620
vt 0.273310 0.242830
vt 0.277130 0.245300
vt 0.286970 0.225230
vt 0.284430 0.249830
vt 0.450190 0.695970
vt 0.448150 0.695240
vt 0.434060 0.713510
vt 0.415780 0.730830
vt 0.388920 0.744270
vt 0.352490 0.743310
vt 0.315620 0.730810
vt 0.309400 0.732890
vt 0.297180 0.703550
vt 0.303740 0.702190
vt 0.285440 0.673270
vt 0.291190 0.672800
vt 0.278200 0.641210
vt 0.283640 0.641160
vt 0.274030 0.608050
vt 0.279970 0.608290
vt 0.274440 0.573920
vt 0.280650 0.574730
vt 0.293650 0.576800
vt 0.283520 0.541780
vt 0.301210 0.547120
vt 0.322210 0.553430
vt 0.313260 0.522270
vt 0.334230 0.531790
vt 0.358130 0.546720
vt 0.344850 0.516550
vt 0.370120 0.532460
vt 0.391990 0.547320
vt 0.381920 0.559530
vt 0.378610 0.524430
vt 0.355110 0.504340
vt 0.362550 0.496810
vt 0.384960 0.519630
vt 0.367440 0.488350
vt 0.388550 0.513720
vt 0.373170 0.492530
vt 0.391510 0.513740
vt 0.325030 0.420770
vt 0.325500 0.415160
vt 0.343370 0.441980
vt 0.344130 0.436070
vt 0.350120 0.431360
vt 0.360480 0.463080
vt 0.359180 0.453130
vt 0.365320 0.447670
vt 0.375240 0.434230
vt 0.368720 0.461350
vt 0.371550 0.452090
vt 0.386910 0.436600
vt 0.402790 0.418640
vt 0.385880 0.455850
vt 0.399420 0.440220
vt 0.414670 0.419340
vt 0.427380 0.392970
vt 0.410640 0.443180
vt 0.425480 0.421530
vt 0.436650 0.394050
vt 0.443030 0.362600
vt 0.434800 0.423540
vt 0.445970 0.396270
vt 0.447740 0.362310
vt 0.448300 0.327900
vt 0.450230 0.396610
vt 0.452150 0.362020
vt 0.451760 0.327210
vt 0.445930 0.294210
vt 0.455800 0.361740
vt 0.453580 0.326670
vt 0.446620 0.293670
vt 0.439220 0.261210
vt 0.439040 0.261770
vt 0.269920 0.640840
vt 0.262960 0.607840
vt 0.266410 0.607880
vt 0.271080 0.641370
vt 0.277890 0.673670
vt 0.277320 0.673300
vt 0.288340 0.705310
vt 0.287380 0.704950
vt 0.274330 0.641270
vt 0.281260 0.673520
vt 0.292460 0.704480
vt 0.305280 0.734260
vt 0.269950 0.607940
vt 0.264970 0.573100
vt 0.269470 0.573440
vt 0.266900 0.538310
vt 0.271210 0.539030
vt 0.276030 0.539950
vt 0.277560 0.508990
vt 0.283480 0.511170
vt 0.295570 0.515630
vt 0.294820 0.489770
vt 0.308040 0.495030
vt 0.324500 0.503210
vt 0.318390 0.478270
vt 0.333170 0.486830
vt 0.324180 0.467840
vt 0.340530 0.475120
vt 0.303970 0.474180
vt 0.311130 0.464080
vt 0.295320 0.471050
vt 0.303240 0.459510
vt 0.291950 0.468550
vt 0.302960 0.456580
vt 0.413580 0.477930
vt 0.424590 0.465960
vt 0.422540 0.465340
vt 0.408750 0.476880
vt 0.404520 0.484830
vt 0.415550 0.463300
vt 0.401950 0.474700
vt 0.406440 0.461220
vt 0.394290 0.472610
vt 0.394900 0.459940
vt 0.386550 0.470610
vt 0.380490 0.479100
vt 0.378490 0.469270
vt 0.375030 0.475900
vt 0.367210 0.467940
vt 0.421050 0.445380
vt 0.429950 0.447580
vt 0.443310 0.427580
vt 0.434870 0.448770
vt 0.447550 0.428260
vt 0.453690 0.396870
vt 0.262850 0.537640
vt 0.269000 0.506250
vt 0.273110 0.507600
vt 0.260740 0.572770
vt 0.206810 0.728260
vt 0.207940 0.724120
vt 0.229050 0.735780
vt 0.230980 0.734520
vt 0.316410 0.971000
vt 0.323440 0.947000
vt 0.329370 0.949490
vt 0.320860 0.972390
vt 0.286060 0.486100
vt 0.280130 0.483610
vt 0.436410 0.450900
vt 0.388300 0.495820
vt 0.387740 0.495170
vt 0.311540 0.155740
vt 0.322050 0.132620
vt 0.394490 0.801890
vt 0.369480 0.231630
vt 0.368780 0.195760
vt 0.363290 0.161500
vt 0.333710 0.100490
vt 0.358940 0.834830
vt 0.356060 0.471440
vt 0.381260 0.851130
vt 0.377300 0.843710
vt 0.377760 0.848000
vt 0.377350 0.853460
vt 0.378280 0.861270
vt 0.378720 0.868000
vt 0.357600 0.099690
vt 0.375040 0.833500
vt 0.378750 0.833620
vt 0.368630 0.834620
vt 0.364300 0.834950
vt 0.018910 0.738990
vt 0.020610 0.737680
vt 0.024290 0.737290
vt 0.021010 0.739260
vt 0.382830 0.834020
vt 0.336500 0.100680
vt 0.151650 0.324000
vt 0.144230 0.331060
vt 0.151650 0.328770
vt 0.158120 0.326630
vt 0.486600 0.995000
vt 0.479970 0.994430
vt 0.481700 0.988780
vt 0.494030 0.987940
vt 0.164850 0.325020
vt 0.158280 0.324570
vt 0.466860 0.994580
vt 0.463260 0.991810
vt 0.470580 0.989030
vt 0.472620 0.994000
vt 0.325110 0.827990
vt 0.328000 0.822880
vt 0.333130 0.817600
vt 0.329040 0.822730
vt 0.520590 0.621720
vt 0.508300 0.635370
vt 0.502210 0.632930
vt 0.511310 0.617540
vt 0.522460 0.613620
vt 0.529940 0.614960
vt 0.531380 0.620990
vt 0.536570 0.628950
vt 0.528280 0.631240
vt 0.516790 0.635470
vt 0.515300 0.611200
vt 0.034140 0.488220
vt 0.026070 0.485320
vt 0.021960 0.504070
vt 0.035140 0.501690
vt 0.043080 0.478570
vt 0.033000 0.467570
vt 0.049790 0.494030
vt 0.114040 0.693780
vt 0.110510 0.701610
vt 0.118000 0.705000
vt 0.122950 0.698590
vt 0.108220 0.688200
vt 0.100640 0.691420
vt 0.103380 0.697590
vt 0.103160 0.704810
vt 0.133880 0.684150
vt 0.128190 0.681100
vt 0.121040 0.680370
vt 0.596490 0.831820
vt 0.587790 0.842910
vt 0.578340 0.829720
vt 0.592870 0.819690
vt 0.606780 0.833720
vt 0.600160 0.852660
vt 0.610460 0.814630
vt 0.118880 0.536240
vt 0.118590 0.521650
vt 0.102600 0.528850
vt 0.108530 0.546030
vt 0.120010 0.561620
vt 0.130550 0.542950
vt 0.136200 0.521810
vt 0.522180 0.803960
vt 0.531000 0.793600
vt 0.541430 0.808190
vt 0.526730 0.818050
vt 0.509460 0.825140
vt 0.509490 0.803420
vt 0.516870 0.785070
vt 0.499170 0.779490
vt 0.511530 0.758820
vt 0.529180 0.768900
vt 0.490700 0.802840
vt 0.544080 0.781390
vt 0.545180 0.754150
vt 0.560430 0.770890
vt 0.556640 0.797730
vt 0.573640 0.787380
vt 0.579190 0.760390
vt 0.592370 0.777730
vt 0.585240 0.803360
vt 0.567730 0.814080
vt 0.603190 0.795490
vt 0.602030 0.773270
vt 0.611710 0.792550
vt 0.618270 0.813640
vt 0.616910 0.790860
vt 0.623680 0.813020
vt 0.617810 0.836380
vt 0.623290 0.837710
vt 0.628660 0.812480
vt 0.628260 0.838830
vt 0.611420 0.860480
vt 0.606510 0.857280
vt 0.615860 0.863250
vt 0.599360 0.881120
vt 0.594980 0.877510
vt 0.620020 0.865980
vt 0.603490 0.884450
vt 0.633020 0.839860
vt 0.005230 0.479140
vt 0.005000 0.507030
vt 0.005910 0.506760
vt 0.006760 0.479580
vt 0.633260 0.811970
vt 0.020100 0.455260
vt 0.018230 0.453020
vt 0.037430 0.438300
vt 0.034760 0.434550
vt 0.023630 0.458680
vt 0.040770 0.442740
vt 0.011500 0.480830
vt 0.010520 0.506020
vt 0.015860 0.505180
vt 0.016460 0.482200
vt 0.027780 0.462540
vt 0.044520 0.447760
vt 0.049150 0.454150
vt 0.056590 0.465190
vt 0.068220 0.441150
vt 0.063760 0.433710
vt 0.075940 0.454650
vt 0.066460 0.483130
vt 0.084990 0.472480
vt 0.097200 0.444660
vt 0.088180 0.429360
vt 0.106640 0.463400
vt 0.092500 0.491330
vt 0.114090 0.482130
vt 0.130590 0.452820
vt 0.120710 0.434110
vt 0.138610 0.472550
vt 0.117500 0.502640
vt 0.139110 0.498050
vt 0.158370 0.473030
vt 0.151910 0.448980
vt 0.157740 0.501600
vt 0.154160 0.527770
vt 0.177180 0.505820
vt 0.178580 0.475790
vt 0.173050 0.534430
vt 0.147760 0.552680
vt 0.166090 0.562350
vt 0.190130 0.540730
vt 0.195230 0.510070
vt 0.181160 0.570400
vt 0.153330 0.589030
vt 0.168670 0.599470
vt 0.189200 0.574770
vt 0.197940 0.543740
vt 0.174620 0.603530
vt 0.150500 0.625080
vt 0.158600 0.631460
vt 0.178820 0.606410
vt 0.193000 0.576870
vt 0.162730 0.634680
vt 0.140430 0.657020
vt 0.145050 0.660560
vt 0.166140 0.637190
vt 0.182390 0.608890
vt 0.149040 0.663300
vt 0.152010 0.663250
vt 0.167930 0.637540
vt 0.136530 0.690710
vt 0.128390 0.703020
vt 0.138560 0.692290
vt 0.152480 0.663970
vt 0.131420 0.704260
vt 0.124720 0.707620
vt 0.129170 0.708430
vt 0.506830 0.614740
vt 0.499700 0.626710
vt 0.509090 0.610570
vt 0.115480 0.707570
vt 0.121240 0.709280
vt 0.109090 0.705770
vt 0.108370 0.708240
vt 0.114790 0.709360
vt 0.119110 0.709680
vt 0.103900 0.707490
vt 0.104670 0.708360
vt 0.523260 0.611080
vt 0.529790 0.612210
vt 0.517600 0.609730
vt 0.534880 0.610430
vt 0.536640 0.611600
vt 0.537760 0.616540
vt 0.542150 0.610940
vt 0.539690 0.617910
vt 0.098570 0.701090
vt 0.096110 0.708060
vt 0.542610 0.628600
vt 0.541900 0.628460
vt 0.095640 0.690400
vt 0.172040 0.992260
vt 0.156350 0.995000
vt 0.156830 0.994330
vt 0.172400 0.991560
vt 0.093820 0.677000
vt 0.088980 0.676000
vt 0.100160 0.672980
vt 0.082850 0.651870
vt 0.079320 0.652690
vt 0.087980 0.648630
vt 0.109980 0.666360
vt 0.095760 0.643670
vt 0.077830 0.625260
vt 0.072640 0.628420
vt 0.085150 0.620740
vt 0.114310 0.631420
vt 0.099190 0.612450
vt 0.071760 0.600370
vt 0.065870 0.604130
vt 0.086630 0.591290
vt 0.119190 0.600150
vt 0.105000 0.579600
vt 0.076260 0.570130
vt 0.060450 0.579820
vt 0.093730 0.558580
vt 0.085930 0.539320
vt 0.067810 0.549820
vt 0.079950 0.520710
vt 0.060870 0.530990
vt 0.098130 0.510530
vt 0.074390 0.502530
vt 0.055400 0.513050
vt 0.036030 0.520960
vt 0.042670 0.540320
vt 0.026420 0.524780
vt 0.034600 0.544730
vt 0.020910 0.527090
vt 0.029940 0.547420
vt 0.016400 0.529080
vt 0.026060 0.549900
vt 0.012400 0.530890
vt 0.022530 0.552350
vt 0.333860 0.857500
vt 0.327980 0.834440
vt 0.323370 0.835180
vt 0.329860 0.859300
vt 0.625850 0.788110
vt 0.625660 0.787960
vt 0.614610 0.767090
vt 0.615720 0.766650
vt 0.266410 0.890470
vt 0.259920 0.866340
vt 0.259000 0.866600
vt 0.266590 0.890620
vt 0.621430 0.789380
vt 0.610870 0.769120
vt 0.606760 0.771130
vt 0.595280 0.752400
vt 0.599220 0.750640
vt 0.590350 0.754740
vt 0.578670 0.735490
vt 0.585050 0.732460
vt 0.563740 0.743250
vt 0.545250 0.727560
vt 0.564110 0.716570
vt 0.527310 0.741330
vt 0.508020 0.730080
vt 0.525880 0.712930
vt 0.491800 0.751150
vt 0.470220 0.744660
vt 0.488610 0.721180
vt 0.478610 0.774960
vt 0.458710 0.772800
vt 0.471500 0.803210
vt 0.451580 0.803240
vt 0.468340 0.833380
vt 0.447880 0.835250
vt 0.488240 0.831360
vt 0.491840 0.859970
vt 0.470150 0.863440
vt 0.514320 0.848550
vt 0.524820 0.867480
vt 0.501150 0.880220
vt 0.534490 0.836710
vt 0.545330 0.854920
vt 0.551590 0.825070
vt 0.562740 0.842020
vt 0.575240 0.857820
vt 0.557230 0.871000
vt 0.584330 0.867630
vt 0.566720 0.882240
vt 0.590200 0.873240
vt 0.572270 0.888450
vt 0.576580 0.893180
vt 0.557330 0.907980
vt 0.552790 0.903350
vt 0.580550 0.897320
vt 0.561710 0.912070
vt 0.583980 0.900680
vt 0.565250 0.914640
vt 0.054270 0.418320
vt 0.057140 0.422970
vt 0.075900 0.409410
vt 0.073010 0.404360
vt 0.060260 0.427970
vt 0.079030 0.414660
vt 0.082640 0.420470
vt 0.102260 0.406280
vt 0.097080 0.399630
vt 0.110100 0.417220
vt 0.134020 0.403380
vt 0.124320 0.388110
vt 0.143310 0.425910
vt 0.163930 0.420580
vt 0.152750 0.397040
vt 0.173140 0.447030
vt 0.195330 0.446020
vt 0.181770 0.417740
vt 0.197540 0.478300
vt 0.206930 0.479760
vt 0.204340 0.446360
vt 0.203670 0.512280
vt 0.208040 0.513540
vt 0.211410 0.480610
vt 0.202030 0.545370
vt 0.205280 0.546670
vt 0.211380 0.514580
vt 0.022720 0.674570
vt 0.013690 0.706060
vt 0.017220 0.707940
vt 0.025970 0.675870
vt 0.196530 0.578750
vt 0.198390 0.608310
vt 0.198110 0.608780
vt 0.207760 0.577050
vt 0.207130 0.576240
vt 0.403400 0.817550
vt 0.412320 0.785440
vt 0.413340 0.785510
vt 0.403500 0.817020
vt 0.183200 0.609490
vt 0.203930 0.672950
vt 0.203550 0.673670
vt 0.233740 0.672100
vt 0.234210 0.671510
vt 0.175890 0.674180
vt 0.175490 0.674890
vt 0.167910 0.637930
vt 0.470340 0.681070
vt 0.472590 0.680820
vt 0.456340 0.708670
vt 0.455220 0.709130
vt 0.485770 0.655030
vt 0.488700 0.654070
vt 0.493210 0.656150
vt 0.476450 0.682600
vt 0.499760 0.662490
vt 0.480750 0.684600
vt 0.510130 0.671190
vt 0.491650 0.691750
vt 0.527030 0.653930
vt 0.539160 0.642080
vt 0.540940 0.673310
vt 0.525480 0.684510
vt 0.551280 0.667570
vt 0.544650 0.639970
vt 0.557010 0.665010
vt 0.563330 0.690190
vt 0.557120 0.692930
vt 0.568310 0.688160
vt 0.559840 0.665490
vt 0.572910 0.686440
vt 0.579930 0.708760
vt 0.575530 0.711020
vt 0.584110 0.706530
vt 0.054140 0.612470
vt 0.065340 0.632560
vt 0.068190 0.630960
vt 0.057690 0.609820
vt 0.596100 0.727900
vt 0.592910 0.729080
vt 0.045860 0.588970
vt 0.042150 0.591100
vt 0.061610 0.607010
vt 0.049650 0.586650
vt 0.036680 0.568620
vt 0.033220 0.570710
vt 0.040180 0.566420
vt 0.053840 0.584020
vt 0.044000 0.563950
vt 0.051300 0.559410
vt 0.605030 0.748290
vt 0.602990 0.749020
vt 0.588900 0.730760
vt 0.570610 0.713440
vt 0.543760 0.699990
vt 0.507330 0.700950
vt 0.470450 0.713460
vt 0.464240 0.711380
vt 0.458580 0.742070
vt 0.452010 0.740710
vt 0.446030 0.771470
vt 0.440280 0.770990
vt 0.438480 0.803100
vt 0.433030 0.803050
vt 0.434810 0.835970
vt 0.428870 0.836210
vt 0.435490 0.869540
vt 0.429280 0.870340
vt 0.448490 0.867460
vt 0.456050 0.897140
vt 0.438360 0.902480
vt 0.477050 0.890830
vt 0.489070 0.912470
vt 0.468100 0.921990
vt 0.512970 0.897540
vt 0.524950 0.911800
vt 0.499690 0.927710
vt 0.536760 0.884730
vt 0.546830 0.896940
vt 0.533440 0.919830
vt 0.509950 0.939920
vt 0.539800 0.924630
vt 0.517390 0.947450
vt 0.543390 0.930540
vt 0.522280 0.955910
vt 0.546350 0.930520
vt 0.528010 0.951730
vt 0.091900 0.388480
vt 0.092370 0.394090
vt 0.111000 0.373180
vt 0.110240 0.367270
vt 0.116990 0.377890
vt 0.126050 0.356120
vt 0.127360 0.346170
vt 0.132190 0.361580
vt 0.142110 0.375020
vt 0.138430 0.357160
vt 0.135600 0.347900
vt 0.153780 0.372650
vt 0.169670 0.390610
vt 0.166290 0.369030
vt 0.152750 0.353400
vt 0.181550 0.389910
vt 0.194250 0.416280
vt 0.192350 0.387720
vt 0.177520 0.366060
vt 0.203520 0.415200
vt 0.209900 0.446650
vt 0.212840 0.412980
vt 0.201670 0.385700
vt 0.214610 0.446940
vt 0.215170 0.481350
vt 0.219020 0.447220
vt 0.217100 0.412640
vt 0.218630 0.482040
vt 0.212800 0.515040
vt 0.220460 0.482580
vt 0.222670 0.447510
vt 0.213490 0.515580
vt 0.205910 0.547480
vt 0.206090 0.548040
vt 0.424760 0.803420
vt 0.425920 0.802900
vt 0.421250 0.836380
vt 0.417800 0.836420
vt 0.432160 0.770960
vt 0.432730 0.770590
vt 0.442220 0.739310
vt 0.443180 0.738960
vt 0.436100 0.770750
vt 0.429170 0.803000
vt 0.447300 0.739780
vt 0.460120 0.710000
vt 0.424790 0.836330
vt 0.424310 0.870830
vt 0.419810 0.871170
vt 0.426050 0.905230
vt 0.421740 0.905960
vt 0.430870 0.904310
vt 0.438320 0.933090
vt 0.432400 0.935270
vt 0.450410 0.928640
vt 0.462880 0.949240
vt 0.449660 0.954490
vt 0.479340 0.941050
vt 0.488010 0.957430
vt 0.473230 0.965990
vt 0.495370 0.969150
vt 0.479020 0.976420
vt 0.465970 0.980180
vt 0.458810 0.970090
vt 0.458080 0.984760
vt 0.450160 0.973210
vt 0.457800 0.987690
vt 0.446790 0.975710
vt 0.180450 0.331310
vt 0.175620 0.332370
vt 0.189410 0.343910
vt 0.191460 0.343290
vt 0.171390 0.324420
vt 0.168820 0.334540
vt 0.182430 0.345950
vt 0.161160 0.336630
vt 0.173310 0.348030
vt 0.153420 0.338640
vt 0.161770 0.349310
vt 0.147360 0.330150
vt 0.145360 0.339980
vt 0.141900 0.333350
vt 0.134080 0.341300
vt 0.187920 0.363870
vt 0.196830 0.361670
vt 0.210180 0.381670
vt 0.214420 0.380980
vt 0.201740 0.360480
vt 0.220560 0.412380
vt 0.417690 0.906620
vt 0.427950 0.936660
vt 0.423840 0.938020
vt 0.415580 0.871490
vt 0.283170 0.850050
vt 0.259000 0.856300
vt 0.260930 0.857560
vt 0.282040 0.845900
vt 0.333810 0.936220
vt 0.338260 0.934820
vt 0.346770 0.957720
vt 0.340830 0.960210
vt 0.440900 0.958160
vt 0.434970 0.960650
vt 0.203280 0.358350
vt 0.265390 0.671540
vt 0.265940 0.670890
vt 0.078420 0.653510
vt 0.088920 0.676630
vt 0.549330 0.642370
vt 0.135650 0.613490
vt 0.136360 0.577620
vt 0.130160 0.647750
vt 0.100580 0.708760
vt 0.513780 0.609440
vt 0.510900 0.972830
vt 0.274660 0.721400
vt 0.278570 0.719070
vt 0.278160 0.724530
vt 0.278620 0.728820
vt 0.277200 0.704530
vt 0.277640 0.711260
vt 0.124470 0.709560
vt 0.529880 0.610760
vt 0.533590 0.610640
vt 0.523470 0.609640
vt 0.519140 0.609320
vt 0.038210 0.959940
vt 0.036110 0.960210
vt 0.032830 0.958240
vt 0.036510 0.958630
vt 0.537670 0.610240
vt 0.103380 0.708570
s 1
usemtl BLy_Orange
f 8913/3279/2472 8914/3280/2472 8915/3281/2473
f 8913/3279/2472 8915/3281/2473 8916/3282/2474
f 8917/3283/2475 8918/3284/2475 8919/3285/2475
f 8917/3283/2475 8919/3285/2475 8920/3286/2476
f 8921/3279/2477 8922/3287/2477 8923/3288/2478
f 8921/3279/2477 8923/3288/2478 8924/3280/2478
f 8925/3289/2479 8926/3290/2480 8927/3291/2480
f 8925/3289/2479 8927/3291/2480 8928/3292/2479
f 8929/3293/2481 8930/3294/2482 8931/3295/2482
f 8929/3293/2481 8931/3295/2482 8932/3296/2481
f 8933/3297/2483 8934/3298/2483 8935/3299/2483
f 8933/3297/2483 8935/3299/2483 8936/3300/2483
f 8937/3297/2484 8938/3301/2485 8939/3302/2485
f 8937/3297/2484 8939/3302/2485 8940/3303/2486
f 8941/3297/2487 8942/3304/2488 8943/3305/2488
f 8941/3297/2487 8943/3305/2488 8944/3301/2488
f 8945/3297/2489 8946/3300/2490 8947/3306/2490
f 8945/3297/2489 8947/3306/2490 8948/3304/2489
f 8949/3297/2491 8950/3303/2491 8951/3307/2491
f 8949/3297/2491 8951/3307/2491 8952/3298/2492
f 8953/3290/2493 8954/3286/2493 8955/3285/2494
f 8953/3290/2493 8955/3285/2494 8956/3291/2493
f 8957/3308/2495 8958/3309/2496 8959/3310/2497
f 8957/3308/2495 8959/3310/2497 8960/3311/2496
f 8961/3308/2498 8962/3311/2498 8963/3312/2499
f 8961/3308/2498 8963/3312/2499 8964/3313/2498
f 8965/3308/2500 8966/3313/2500 8967/3314/2501
f 8965/3308/2500 8967/3314/2501 8968/3309/2500
f 8969/3315/2502 8970/3316/2502 8971/3317/2503
f 8969/3315/2502 8971/3317/2503 8972/3318/2502
f 8973/3315/2504 8974/3319/2504 8975/3320/2504
f 8973/3315/2504 8975/3320/2504 8976/3321/2504
f 8977/3315/2505 8978/3318/2505 8979/3322/2505
f 8977/3315/2505 8979/3322/2505 8980/3319/2506
f 8981/3315/2507 8982/3323/2508 8983/3324/2507
f 8981/3315/2507 8983/3324/2507 8984/3316/2507
f 8985/3315/2509 8986/3321/2509 8987/3325/2509
f 8985/3315/2509 8987/3325/2509 8988/3323/2509
f 8989/3326/2510 8990/3327/2511 8991/3328/2512
f 8989/3326/2510 8991/3328/2512 8992/3329/2513
f 8993/3326/2514 8994/3329/2514 8995/3330/2514
f 8993/3326/2514 8995/3330/2514 8996/3331/2514
f 8997/3326/2515 8998/3331/2516 8999/3332/2515
f 8997/3326/2515 8999/3332/2515 9000/3327/2515
f 9001/3333/2517 9002/3334/2518 9003/3335/2519
f 9001/3333/2517 9003/3335/2519 9004/3336/2518
f 9005/3333/2520 9006/3337/2520 9007/3338/2521
f 9005/3333/2520 9007/3338/2521 9008/3334/2520
f 9009/3333/2522 9010/3336/2523 9011/3339/2524
f 9009/3333/2522 9011/3339/2524 9012/3337/2523
f 9013/3340/2525 9014/3341/2525 9015/3342/2526
f 9013/3340/2525 9015/3342/2526 9016/3343/2525
f 9017/3340/2527 9018/3344/2528 9019/3345/2529
f 9017/3340/2527 9019/3345/2529 9020/3341/2530
f 9021/3340/2531 9022/3343/2532 9023/3346/2533
f 9021/3340/2531 9023/3346/2533 9024/3344/2532
f 9025/3346/2534 9026/3347/2535 9027/3348/2535
f 9025/3346/2534 9027/3348/2535 9028/3349/2536
f 9029/3346/2537 9030/3349/2538 9031/3350/2539
f 9029/3346/2537 9031/3350/2539 9032/3344/2540
s 0
f 9033/3346/2541 9034/3343/2541 9035/3351/2541
f 9033/3346/2542 9035/3351/2542 9036/3347/2542
f 9037/3351/2543 9038/3352/2543 9039/3353/2543
f 9037/3351/2543 9039/3353/2543 9040/3347/2543
s 1
f 9041/3351/2544 9042/3343/2545 9043/3342/2546
f 9041/3351/2544 9043/3342/2546 9044/3354/2546
f 9045/3351/2547 9046/3354/2548 9047/3355/2549
f 9045/3351/2547 9047/3355/2549 9048/3352/2548
f 9049/3355/2550 9050/3356/2551 9051/3357/2551
f 9049/3355/2550 9051/3357/2551 9052/3352/2551
f 9053/3355/2552 9054/3354/2553 9055/3358/2554
f 9053/3355/2552 9055/3358/2554 9056/3359/2552
f 9057/3355/2555 9058/3359/2555 9059/3360/2556
f 9057/3355/2555 9059/3360/2556 9060/3356/2555
f 9061/3360/2557 9062/3361/2557 9063/3362/2557
f 9061/3360/2557 9063/3362/2557 9064/3356/2557
f 9065/3360/2558 9066/3359/2559 9067/3327/2560
f 9065/3360/2558 9067/3327/2560 9068/3332/2559
f 9069/3360/2561 9070/3332/2562 9071/3363/2563
f 9069/3360/2561 9071/3363/2563 9072/3361/2561
f 9073/3363/2564 9074/3364/2564 9075/3365/2564
f 9073/3363/2564 9075/3365/2564 9076/3361/2564
f 9077/3363/2565 9078/3332/2565 9079/3331/2566
f 9077/3363/2565 9079/3331/2566 9080/3366/2565
f 9081/3363/2567 9082/3366/2567 9083/3367/2567
f 9081/3363/2567 9083/3367/2567 9084/3364/2567
f 9085/3367/2568 9086/3368/2569 9087/3369/2569
f 9085/3367/2568 9087/3369/2569 9088/3364/2569
f 9089/3367/2570 9090/3366/2571 9091/3370/2572
f 9089/3367/2570 9091/3370/2572 9092/3371/2573
f 9093/3367/2574 9094/3371/2575 9095/3372/2575
f 9093/3367/2574 9095/3372/2575 9096/3368/2575
f 9097/3372/2576 9098/3371/2576 9099/3373/2576
f 9097/3372/2576 9099/3373/2576 9100/3374/2576
f 9101/3372/2577 9102/3374/2577 9103/3375/2577
f 9101/3372/2577 9103/3375/2577 9104/3376/2577
f 9105/3372/2578 9106/3376/2578 9107/3377/2578
f 9105/3372/2578 9107/3377/2578 9108/3368/2578
f 9109/3378/2579 9110/3379/2579 9111/3380/2580
f 9109/3378/2579 9111/3380/2580 9112/3381/2580
f 9113/3377/2581 9114/3382/2581 9115/3369/2581
f 9113/3377/2581 9115/3369/2581 9116/3368/2581
f 9117/3378/2582 9118/3383/2583 9119/3384/2583
f 9117/3378/2582 9119/3384/2583 9120/3379/2582
f 9121/3384/2584 9122/3383/2584 9123/3385/2584
f 9121/3384/2584 9123/3385/2584 9124/3386/2584
f 9125/3384/2585 9126/3386/2585 9127/3387/2585
f 9125/3384/2585 9127/3387/2585 9128/3388/2585
f 9129/3384/2586 9130/3388/2587 9131/3389/2588
f 9129/3384/2586 9131/3389/2588 9132/3379/2588
f 9133/3389/2589 9134/3390/2589 9135/3391/2590
f 9133/3389/2589 9135/3391/2590 9136/3392/2589
f 9137/3389/2591 9138/3392/2591 9139/3380/2591
f 9137/3389/2591 9139/3380/2591 9140/3379/2591
f 9141/3389/2592 9142/3388/2593 9143/3393/2593
f 9141/3389/2592 9143/3393/2593 9144/3390/2593
f 9145/3393/2594 9146/3388/2594 9147/3387/2594
f 9145/3393/2594 9147/3387/2594 9148/3394/2594
f 9149/3393/2595 9150/3394/2596 9151/3395/2595
f 9149/3393/2595 9151/3395/2595 9152/3312/2596
f 9153/3393/2597 9154/3312/2598 9155/3311/2597
f 9153/3393/2597 9155/3311/2597 9156/3390/2597
f 9157/3395/2599 9158/3396/2600 9159/3313/2600
f 9157/3395/2599 9159/3313/2600 9160/3312/2600
f 9161/3395/2601 9162/3394/2601 9163/3397/2601
f 9161/3395/2601 9163/3397/2601 9164/3398/2601
f 9165/3395/2602 9166/3398/2603 9167/3399/2604
f 9165/3395/2602 9167/3399/2604 9168/3396/2602
f 9169/3399/2605 9170/3400/2606 9171/3401/2606
f 9169/3399/2605 9171/3401/2606 9172/3396/2606
f 9173/3399/2607 9174/3398/2608 9175/3402/2609
f 9173/3399/2607 9175/3402/2609 9176/3403/2608
f 9177/3399/2610 9178/3403/2610 9179/3404/2611
f 9177/3399/2610 9179/3404/2611 9180/3400/2610
f 9181/3404/2612 9182/3405/2612 9183/3406/2613
f 9181/3404/2612 9183/3406/2613 9184/3400/2612
f 9185/3404/2614 9186/3403/2614 9187/3407/2615
f 9185/3404/2614 9187/3407/2615 9188/3408/2614
f 9189/3404/2616 9190/3408/2616 9191/3409/2616
f 9189/3404/2616 9191/3409/2616 9192/3405/2616
f 9193/3409/2617 9194/3410/2617 9195/3411/2618
f 9193/3409/2617 9195/3411/2618 9196/3405/2617
f 9197/3409/2619 9198/3408/2620 9199/3412/2621
f 9197/3409/2619 9199/3412/2621 9200/3413/2620
s 0
f 9201/3409/2622 9202/3413/2622 9203/3414/2622
s 1
f 9201/3409/2622 9203/3414/2622 9204/3410/2622
f 9205/3414/2623 9206/3415/2624 9207/3339/2624
f 9205/3414/2623 9207/3339/2624 9208/3410/2625
f 9209/3414/2626 9210/3413/2627 9211/3416/2626
f 9209/3414/2626 9211/3416/2626 9212/3417/2628
f 9213/3414/2629 9214/3417/2630 9215/3418/2631
f 9213/3414/2629 9215/3418/2631 9216/3415/2630
f 9217/3418/2632 9218/3419/2633 9219/3420/2633
f 9217/3418/2632 9219/3420/2633 9220/3415/2633
f 9221/3418/2634 9222/3417/2635 9223/3421/2635
f 9221/3418/2634 9223/3421/2635 9224/3422/2636
f 9225/3418/2637 9226/3422/2637 9227/3423/2638
f 9225/3418/2637 9227/3423/2638 9228/3419/2637
f 9229/3423/2639 9230/3424/2639 9231/3425/2639
f 9229/3423/2639 9231/3425/2639 9232/3419/2639
f 9233/3423/2640 9234/3422/2641 9235/3426/2640
f 9233/3423/2640 9235/3426/2640 9236/3427/2640
f 9237/3423/2642 9238/3427/2643 9239/3428/2643
f 9237/3423/2642 9239/3428/2643 9240/3424/2644
f 9241/3428/2645 9242/3429/2645 9243/3430/2645
f 9241/3428/2645 9243/3430/2645 9244/3424/2645
f 9245/3428/2646 9246/3427/2646 9247/3431/2646
f 9245/3428/2646 9247/3431/2646 9248/3432/2646
f 9249/3428/2647 9250/3432/2648 9251/3433/2648
f 9249/3428/2647 9251/3433/2648 9252/3429/2648
f 9253/3433/2649 9254/3434/2649 9255/3435/2649
f 9253/3433/2649 9255/3435/2649 9256/3429/2649
f 9257/3433/2650 9258/3432/2651 9259/3436/2651
f 9257/3433/2650 9259/3436/2651 9260/3437/2652
f 9261/3433/2653 9262/3437/2654 9263/3438/2653
f 9261/3433/2653 9263/3438/2653 9264/3434/2653
f 9265/3438/2655 9266/3324/2655 9267/3323/2656
f 9265/3438/2655 9267/3323/2656 9268/3434/2655
f 9269/3438/2657 9270/3437/2658 9271/3439/2657
f 9269/3438/2657 9271/3439/2657 9272/3440/2657
f 9273/3438/2659 9274/3440/2660 9275/3441/2660
f 9273/3438/2659 9275/3441/2660 9276/3324/2659
f 9277/3441/2661 9278/3442/2661 9279/3316/2661
f 9277/3441/2661 9279/3316/2661 9280/3324/2661
f 9281/3441/2662 9282/3440/2662 9283/3443/2662
f 9281/3441/2662 9283/3443/2662 9284/3444/2662
f 9285/3441/2663 9286/3444/2663 9287/3445/2663
f 9285/3441/2663 9287/3445/2663 9288/3442/2663
f 9289/3445/2664 9290/3446/2664 9291/3447/2664
f 9289/3445/2664 9291/3447/2664 9292/3442/2665
f 9293/3448/2666 9294/3449/2666 9295/3299/2666
f 9293/3448/2666 9295/3299/2666 9296/3298/2666
f 9297/3448/2667 9298/3298/2668 9299/3307/2669
f 9297/3448/2667 9299/3307/2669 9300/3450/2670
f 9301/3447/2671 9302/3451/2671 9303/3452/2671
f 9301/3447/2671 9303/3452/2671 9304/3317/2671
f 9305/3447/2672 9306/3317/2673 9307/3316/2674
f 9305/3447/2672 9307/3316/2674 9308/3442/2673
f 9309/3452/2675 9310/3453/2676 9311/3454/2676
f 9309/3452/2675 9311/3454/2676 9312/3455/2676
f 9313/3452/2677 9314/3455/2677 9315/3318/2677
f 9313/3452/2677 9315/3318/2677 9316/3317/2677
f 9317/3452/2678 9318/3451/2678 9319/3456/2678
f 9317/3452/2678 9319/3456/2678 9320/3453/2678
f 9321/3455/2679 9322/3454/2679 9323/3457/2679
f 9321/3455/2679 9323/3457/2679 9324/3458/2680
f 9325/3455/2681 9326/3458/2681 9327/3322/2681
f 9325/3455/2681 9327/3322/2681 9328/3318/2681
f 9329/3459/2682 9330/3303/2683 9331/3302/2684
f 9329/3459/2682 9331/3302/2684 9332/3460/2684
f 9333/3459/2685 9334/3461/2685 9335/3307/2685
s 0
f 9333/3459/2685 9335/3307/2685 9336/3303/2685
s 1
f 9337/3460/2686 9338/3302/2686 9339/3462/2687
f 9337/3460/2686 9339/3462/2687 9340/3463/2687
f 9341/3462/2688 9342/3302/2689 9343/3301/2688
f 9341/3462/2688 9343/3301/2688 9344/3464/2689
f 9345/3462/2690 9346/3464/2690 9347/3465/2690
f 9345/3462/2690 9347/3465/2690 9348/3466/2690
f 9349/3467/2691 9350/3319/2692 9351/3322/2693
f 9349/3467/2691 9351/3322/2693 9352/3468/2692
f 9353/3465/2694 9354/3464/2694 9355/3469/2694
f 9353/3465/2694 9355/3469/2694 9356/3470/2694
f 9357/3467/2695 9358/3471/2696 9359/3320/2695
f 9357/3467/2695 9359/3320/2695 9360/3319/2695
f 9361/3472/2697 9362/3473/2697 9363/3474/2697
f 9361/3472/2697 9363/3474/2697 9364/3475/2698
f 9365/3471/2699 9366/3476/2699 9367/3477/2699
f 9365/3471/2699 9367/3477/2699 9368/3320/2699
f 9369/3477/2700 9370/3478/2700 9371/3321/2701
f 9369/3477/2700 9371/3321/2701 9372/3320/2701
f 9373/3477/2702 9374/3476/2702 9375/3479/2702
f 9373/3477/2702 9375/3479/2702 9376/3480/2702
f 9377/3477/2703 9378/3480/2704 9379/3481/2704
f 9377/3477/2703 9379/3481/2704 9380/3478/2703
f 9381/3481/2705 9382/3482/2705 9383/3483/2705
f 9381/3481/2705 9383/3483/2705 9384/3478/2706
f 9385/3481/2707 9386/3480/2707 9387/3484/2707
f 9385/3481/2707 9387/3484/2707 9388/3485/2707
f 9389/3481/2708 9390/3485/2709 9391/3486/2709
f 9389/3481/2708 9391/3486/2709 9392/3482/2708
f 9393/3486/2710 9394/3487/2711 9395/3488/2712
f 9393/3486/2710 9395/3488/2712 9396/3482/2713
s 0
f 9397/3486/2714 9398/3485/2714 9399/3489/2714
s 1
f 9397/3486/2715 9399/3489/2715 9400/3490/2715
f 9401/3486/2716 9402/3490/2716 9403/3491/2716
f 9401/3486/2716 9403/3491/2716 9404/3487/2716
f 9405/3491/2717 9406/3492/2718 9407/3493/2719
f 9405/3491/2717 9407/3493/2719 9408/3487/2717
f 9409/3491/2720 9410/3490/2720 9411/3494/2721
f 9409/3491/2720 9411/3494/2721 9412/3495/2722
f 9413/3491/2723 9414/3495/2724 9415/3496/2724
f 9413/3491/2723 9415/3496/2724 9416/3492/2725
f 9417/3496/2726 9418/3334/2727 9419/3338/2728
f 9417/3496/2726 9419/3338/2728 9420/3492/2727
f 9421/3496/2729 9422/3495/2729 9423/3497/2729
f 9421/3496/2729 9423/3497/2729 9424/3498/2730
f 9425/3496/2731 9426/3498/2732 9427/3335/2733
f 9425/3496/2731 9427/3335/2733 9428/3334/2732
f 9429/3498/2734 9430/3497/2735 9431/3499/2736
f 9429/3498/2734 9431/3499/2736 9432/3500/2736
f 9433/3498/2737 9434/3500/2738 9435/3501/2737
f 9433/3498/2737 9435/3501/2737 9436/3335/2737
f 9437/3501/2739 9438/3500/2740 9439/3502/2740
f 9437/3501/2739 9439/3502/2740 9440/3406/2740
f 9441/3501/2741 9442/3406/2742 9443/3405/2743
f 9441/3501/2741 9443/3405/2743 9444/3411/2742
f 9445/3501/2744 9446/3411/2745 9447/3336/2744
f 9445/3501/2744 9447/3336/2744 9448/3335/2745
f 9449/3502/2746 9450/3500/2747 9451/3499/2748
f 9449/3502/2746 9451/3499/2748 9452/3503/2749
f 9453/3502/2750 9454/3503/2751 9455/3314/2751
f 9453/3502/2750 9455/3314/2751 9456/3401/2751
f 9457/3502/2752 9458/3401/2753 9459/3400/2754
f 9457/3502/2752 9459/3400/2754 9460/3406/2755
f 9461/3503/2756 9462/3499/2757 9463/3504/2758
f 9461/3503/2756 9463/3504/2758 9464/3505/2757
f 9465/3503/2759 9466/3505/2760 9467/3309/2761
f 9465/3503/2759 9467/3309/2761 9468/3314/2760
f 9469/3505/2762 9470/3504/2763 9471/3506/2763
f 9469/3505/2762 9471/3506/2763 9472/3507/2763
f 9473/3505/2764 9474/3507/2764 9475/3310/2764
f 9473/3505/2764 9475/3310/2764 9476/3309/2764
f 9477/3507/2765 9478/3506/2765 9479/3508/2765
f 9477/3507/2765 9479/3508/2765 9480/3509/2765
f 9481/3507/2766 9482/3509/2767 9483/3391/2766
f 9481/3507/2766 9483/3391/2766 9484/3310/2768
f 9485/3509/2769 9486/3508/2769 9487/3510/2770
f 9485/3509/2769 9487/3510/2770 9488/3511/2770
f 9489/3509/2771 9490/3511/2772 9491/3392/2771
f 9489/3509/2771 9491/3392/2771 9492/3391/2772
f 9493/3511/2773 9494/3510/2773 9495/3512/2773
f 9493/3511/2773 9495/3512/2773 9496/3513/2773
f 9497/3514/2774 9498/3515/2774 9499/3516/2774
f 9497/3514/2774 9499/3516/2774 9500/3517/2774
f 9501/3518/2775 9502/3519/2775 9503/3520/2775
f 9501/3518/2775 9503/3520/2775 9504/3521/2775
f 9505/3522/2776 9506/3523/2777 9507/3524/2776
f 9505/3522/2776 9507/3524/2776 9508/3525/2776
f 9509/3521/2778 9510/3520/2778 9511/3526/2778
f 9509/3521/2778 9511/3526/2778 9512/3527/2778
f 9513/3521/2779 9514/3527/2779 9515/3369/2780
f 9513/3521/2779 9515/3369/2780 9516/3382/2779
f 9517/3527/2781 9518/3526/2782 9519/3528/2781
f 9517/3527/2781 9519/3528/2781 9520/3365/2781
f 9521/3527/2783 9522/3365/2783 9523/3364/2783
f 9521/3527/2783 9523/3364/2783 9524/3369/2783
f 9525/3528/2784 9526/3526/2785 9527/3529/2786
f 9525/3528/2784 9527/3529/2786 9528/3530/2786
f 9529/3528/2787 9530/3530/2787 9531/3531/2788
f 9529/3528/2787 9531/3531/2788 9532/3362/2787
f 9533/3528/2789 9534/3362/2790 9535/3361/2789
f 9533/3528/2789 9535/3361/2789 9536/3365/2789
f 9537/3531/2791 9538/3530/2792 9539/3532/2793
f 9537/3531/2791 9539/3532/2793 9540/3533/2791
f 9541/3531/2794 9542/3533/2795 9543/3534/2796
f 9541/3531/2794 9543/3534/2796 9544/3357/2795
f 9545/3531/2797 9546/3357/2797 9547/3356/2798
f 9545/3531/2797 9547/3356/2798 9548/3362/2798
f 9549/3534/2799 9550/3533/2799 9551/3535/2799
f 9549/3534/2799 9551/3535/2799 9552/3536/2799
f 9553/3534/2800 9554/3536/2801 9555/3537/2801
f 9553/3534/2800 9555/3537/2801 9556/3353/2801
f 9557/3534/2802 9558/3353/2803 9559/3352/2804
f 9557/3534/2802 9559/3352/2804 9560/3357/2805
f 9561/3537/2806 9562/3536/2807 9563/3538/2808
f 9561/3537/2806 9563/3538/2808 9564/3539/2807
f 9565/3537/2809 9566/3539/2810 9567/3540/2811
f 9565/3537/2809 9567/3540/2811 9568/3348/2812
f 9569/3537/2813 9570/3348/2813 9571/3347/2813
s 0
f 9569/3537/2814 9571/3347/2814 9572/3353/2814
s 1
f 9573/3540/2815 9574/3539/2816 9575/3541/2816
f 9573/3540/2815 9575/3541/2816 9576/3542/2817
f 9577/3540/2818 9578/3542/2818 9579/3543/2819
f 9577/3540/2818 9579/3543/2819 9580/3544/2819
f 9581/3540/2820 9582/3544/2821 9583/3349/2822
f 9581/3540/2820 9583/3349/2822 9584/3348/2821
f 9585/3544/2823 9586/3543/2823 9587/3545/2823
f 9585/3544/2823 9587/3545/2823 9588/3546/2823
f 9589/3544/2824 9590/3546/2825 9591/3350/2825
f 9589/3544/2824 9591/3350/2825 9592/3349/2825
f 9593/3546/2826 9594/3545/2827 9595/3547/2828
f 9593/3546/2826 9595/3547/2828 9596/3548/2827
s 0
f 9597/3546/2829 9598/3548/2829 9599/3549/2829
f 9597/3546/2830 9599/3549/2830 9600/3350/2830
s 1
f 9601/3549/2831 9602/3548/2832 9603/3550/2832
f 9601/3549/2831 9603/3550/2832 9604/3551/2831
s 0
f 9605/3549/2833 9606/3551/2833 9607/3552/2833
f 9605/3549/2834 9607/3552/2834 9608/3345/2834
s 1
f 9609/3549/2835 9610/3345/2835 9611/3344/2836
f 9609/3549/2835 9611/3344/2836 9612/3350/2835
f 9613/3552/2837 9614/3551/2838 9615/3553/2839
f 9613/3552/2837 9615/3553/2839 9616/3554/2838
f 9617/3552/2840 9618/3554/2841 9619/3555/2842
f 9617/3552/2840 9619/3555/2842 9620/3556/2843
f 9621/3552/2844 9622/3556/2845 9623/3341/2846
f 9621/3552/2844 9623/3341/2846 9624/3345/2845
f 9625/3556/2847 9626/3555/2847 9627/3557/2848
f 9625/3556/2847 9627/3557/2848 9628/3558/2847
f 9629/3556/2849 9630/3558/2850 9631/3342/2850
f 9629/3556/2849 9631/3342/2850 9632/3341/2849
f 9633/3558/2851 9634/3557/2852 9635/3328/2853
f 9633/3558/2851 9635/3328/2853 9636/3358/2852
f 9637/3558/2854 9638/3358/2854 9639/3354/2855
f 9637/3558/2854 9639/3354/2855 9640/3342/2856
f 9641/3557/2857 9642/3555/2858 9643/3559/2857
f 9641/3557/2857 9643/3559/2857 9644/3560/2858
f 9645/3557/2859 9646/3560/2860 9647/3329/2859
f 9645/3557/2859 9647/3329/2859 9648/3328/2860
f 9649/3560/2861 9650/3559/2862 9651/3561/2862
f 9649/3560/2861 9651/3561/2862 9652/3562/2862
f 9653/3560/2863 9654/3562/2864 9655/3330/2865
f 9653/3560/2863 9655/3330/2865 9656/3329/2866
f 9657/3562/2867 9658/3561/2868 9659/3563/2868
f 9657/3562/2867 9659/3563/2868 9660/3564/2867
f 9661/3562/2869 9662/3564/2870 9663/3370/2871
f 9661/3562/2869 9663/3370/2871 9664/3330/2871
f 9665/3564/2872 9666/3563/2872 9667/3565/2872
f 9665/3564/2872 9667/3565/2872 9668/3373/2872
f 9669/3564/2873 9670/3373/2874 9671/3371/2874
f 9669/3564/2873 9671/3371/2874 9672/3370/2874
f 9673/3565/2875 9674/3563/2875 9675/3566/2875
f 9673/3565/2875 9675/3566/2875 9676/3567/2875
f 9677/3565/2876 9678/3567/2876 9679/3568/2877
f 9677/3565/2876 9679/3568/2877 9680/3569/2878
f 9681/3565/2879 9682/3569/2879 9683/3374/2879
f 9681/3565/2879 9683/3374/2879 9684/3373/2879
f 9685/3569/2880 9686/3568/2880 9687/3570/2880
f 9685/3569/2880 9687/3570/2880 9688/3571/2880
f 9689/3569/2881 9690/3571/2881 9691/3375/2881
f 9689/3569/2881 9691/3375/2881 9692/3374/2881
f 9693/3572/2882 9694/3573/2883 9695/3574/2884
f 9693/3572/2882 9695/3574/2884 9696/3575/2884
f 9697/3572/2885 9698/3575/2885 9699/3386/2885
f 9697/3572/2885 9699/3386/2885 9700/3385/2885
f 9701/3575/2886 9702/3574/2886 9703/3576/2886
f 9701/3575/2886 9703/3576/2886 9704/3577/2886
f 9705/3575/2887 9706/3577/2888 9707/3387/2887
f 9705/3575/2887 9707/3387/2887 9708/3386/2887
f 9709/3577/2889 9710/3576/2889 9711/3578/2889
f 9709/3577/2889 9711/3578/2889 9712/3397/2889
f 9713/3577/2890 9714/3397/2890 9715/3394/2891
f 9713/3577/2890 9715/3394/2891 9716/3387/2890
f 9717/3578/2892 9718/3402/2893 9719/3398/2892
f 9717/3578/2892 9719/3398/2892 9720/3397/2892
f 9721/3578/2894 9722/3576/2895 9723/3579/2894
f 9721/3578/2894 9723/3579/2894 9724/3580/2895
f 9725/3578/2896 9726/3580/2897 9727/3581/2897
f 9725/3578/2896 9727/3581/2897 9728/3402/2897
f 9729/3581/2898 9730/3407/2898 9731/3403/2898
f 9729/3581/2898 9731/3403/2898 9732/3402/2898
f 9733/3581/2899 9734/3580/2899 9735/3582/2900
f 9733/3581/2899 9735/3582/2900 9736/3583/2901
f 9737/3581/2902 9738/3583/2902 9739/3584/2903
f 9737/3581/2902 9739/3584/2903 9740/3407/2902
f 9741/3584/2904 9742/3412/2905 9743/3408/2904
f 9741/3584/2904 9743/3408/2904 9744/3407/2906
f 9745/3584/2907 9746/3583/2908 9747/3585/2908
f 9745/3584/2907 9747/3585/2908 9748/3586/2909
f 9749/3584/2910 9750/3586/2911 9751/3587/2911
f 9749/3584/2910 9751/3587/2911 9752/3412/2911
f 9753/3587/2912 9754/3416/2913 9755/3413/2914
f 9753/3587/2912 9755/3413/2914 9756/3412/2913
f 9757/3587/2915 9758/3586/2915 9759/3588/2915
f 9757/3587/2915 9759/3588/2915 9760/3589/2915
f 9761/3587/2916 9762/3589/2916 9763/3590/2916
f 9761/3587/2916 9763/3590/2916 9764/3416/2916
f 9765/3590/2917 9766/3421/2918 9767/3417/2919
f 9765/3590/2917 9767/3417/2919 9768/3416/2920
f 9769/3590/2921 9770/3589/2922 9771/3591/2922
f 9769/3590/2921 9771/3591/2922 9772/3592/2923
f 9773/3590/2924 9774/3592/2924 9775/3593/2924
f 9773/3590/2924 9775/3593/2924 9776/3421/2924
f 9777/3593/2925 9778/3426/2926 9779/3422/2925
f 9777/3593/2925 9779/3422/2925 9780/3421/2925
f 9781/3593/2927 9782/3592/2927 9783/3594/2927
f 9781/3593/2927 9783/3594/2927 9784/3595/2928
f 9785/3593/2929 9786/3595/2930 9787/3596/2930
f 9785/3593/2929 9787/3596/2930 9788/3426/2929
f 9789/3596/2931 9790/3431/2931 9791/3427/2931
f 9789/3596/2931 9791/3427/2931 9792/3426/2931
s 0
f 9793/3596/2932 9794/3595/2932 9795/3597/2932
f 9793/3596/2933 9795/3597/2933 9796/3598/2933
s 1
f 9797/3599/2934 9798/3600/2935 9799/3601/2934
f 9797/3599/2934 9799/3601/2934 9800/3602/2934
f 9801/3603/2936 9802/3436/2936 9803/3432/2936
f 9801/3603/2936 9803/3432/2936 9804/3431/2937
f 9805/3604/2938 9806/3605/2938 9807/3606/2938
f 9805/3604/2938 9807/3606/2938 9808/3607/2939
f 9809/3608/2940 9810/3609/2941 9811/3610/2942
f 9809/3608/2940 9811/3610/2942 9812/3611/2942
f 9813/3612/2943 9814/3439/2943 9815/3437/2944
f 9813/3612/2943 9815/3437/2944 9816/3436/2943
f 9817/3613/2945 9818/3614/2945 9819/3615/2946
f 9817/3613/2945 9819/3615/2946 9820/3616/2946
f 9821/3613/2947 9822/3616/2947 9823/3617/2947
f 9821/3613/2947 9823/3617/2947 9824/3618/2947
f 9825/3619/2948 9826/3443/2949 9827/3440/2949
f 9825/3619/2948 9827/3440/2949 9828/3439/2948
f 9829/3620/2950 9830/3621/2950 9831/3622/2950
f 9829/3620/2950 9831/3622/2950 9832/3623/2951
f 9833/3620/2952 9834/3623/2953 9835/3624/2953
f 9833/3620/2952 9835/3624/2953 9836/3625/2953
f 9837/3624/2954 9838/3299/2955 9839/3449/2955
f 9837/3624/2954 9839/3449/2955 9840/3625/2954
f 9841/3624/2956 9842/3623/2957 9843/3626/2957
f 9841/3624/2956 9843/3626/2957 9844/3627/2956
f 9845/3624/2958 9846/3627/2958 9847/3300/2958
f 9845/3624/2958 9847/3300/2958 9848/3299/2958
f 9849/3627/2959 9850/3626/2959 9851/3628/2959
f 9849/3627/2959 9851/3628/2959 9852/3629/2959
f 9853/3627/2960 9854/3629/2960 9855/3306/2960
f 9853/3627/2960 9855/3306/2960 9856/3300/2960
f 9857/3629/2961 9858/3628/2962 9859/3630/2961
f 9857/3629/2961 9859/3630/2961 9860/3631/2962
f 9861/3629/2963 9862/3631/2963 9863/3632/2963
f 9861/3629/2963 9863/3632/2963 9864/3306/2963
f 9865/3632/2964 9866/3633/2964 9867/3304/2964
f 9865/3632/2964 9867/3304/2964 9868/3306/2964
f 9869/3632/2965 9870/3631/2965 9871/3634/2965
f 9869/3632/2965 9871/3634/2965 9872/3635/2965
f 9873/3632/2966 9874/3635/2967 9875/3636/2966
f 9873/3632/2966 9875/3636/2966 9876/3633/2967
f 9877/3636/2968 9878/3637/2968 9879/3638/2969
f 9877/3636/2968 9879/3638/2969 9880/3633/2970
f 9881/3636/2971 9882/3635/2972 9883/3639/2972
f 9881/3636/2971 9883/3639/2972 9884/3640/2973
f 9885/3636/2974 9886/3640/2974 9887/3641/2974
f 9885/3636/2974 9887/3641/2974 9888/3637/2975
f 9889/3641/2976 9890/3642/2976 9891/3643/2976
f 9889/3641/2976 9891/3643/2976 9892/3637/2976
f 9893/3641/2977 9894/3640/2977 9895/3644/2977
f 9893/3641/2977 9895/3644/2977 9896/3645/2977
f 9897/3641/2978 9898/3645/2979 9899/3646/2978
f 9897/3641/2978 9899/3646/2978 9900/3642/2978
f 9901/3647/2980 9902/3648/2980 9903/3649/2980
f 9901/3647/2980 9903/3649/2980 9904/3650/2980
f 9905/3646/2981 9906/3645/2981 9907/3651/2981
f 9905/3646/2981 9907/3651/2981 9908/3652/2981
f 9909/3647/2982 9910/3653/2983 9911/3654/2983
f 9909/3647/2982 9911/3654/2983 9912/3648/2984
f 9913/3654/2985 9914/3655/2985 9915/3656/2985
f 9913/3654/2985 9915/3656/2985 9916/3648/2985
f 9917/3654/2986 9918/3653/2987 9919/3657/2988
f 9917/3654/2986 9919/3657/2988 9920/3658/2988
f 9921/3654/2989 9922/3658/2989 9923/3659/2990
f 9921/3654/2989 9923/3659/2990 9924/3655/2989
f 9925/3659/2991 9926/3660/2992 9927/3661/2991
f 9925/3659/2991 9927/3661/2991 9928/3655/2992
s 0
f 9929/3659/2993 9930/3658/2993 9931/3510/2993
f 9929/3659/2994 9931/3510/2994 9932/3508/2994
s 1
f 9933/3659/2995 9934/3508/2996 9935/3506/2995
f 9933/3659/2995 9935/3506/2995 9936/3660/2995
f 9937/3661/2997 9938/3494/2997 9939/3490/2997
f 9937/3661/2997 9939/3490/2997 9940/3489/2997
f 9941/3661/2998 9942/3489/2998 9943/3656/2998
f 9941/3661/2998 9943/3656/2998 9944/3655/2999
s 0
f 9945/3661/3000 9946/3660/3000 9947/3662/3000
f 9945/3661/3001 9947/3662/3001 9948/3494/3001
s 1
f 9949/3662/3002 9950/3497/3002 9951/3495/3002
f 9949/3662/3002 9951/3495/3002 9952/3494/3002
f 9953/3662/3003 9954/3660/3004 9955/3506/3004
f 9953/3662/3003 9955/3506/3004 9956/3504/3005
f 9957/3662/3006 9958/3504/3007 9959/3499/3007
f 9957/3662/3006 9959/3499/3007 9960/3497/3007
f 9961/3658/3008 9962/3657/3009 9963/3512/3008
f 9961/3658/3008 9963/3512/3008 9964/3510/3010
f 9965/3663/3011 9966/3652/3011 9967/3651/3011
f 9965/3663/3011 9967/3651/3011 9968/3664/3011
f 9969/3663/3012 9970/3664/3013 9971/3520/3012
f 9969/3663/3012 9971/3520/3012 9972/3519/3012
f 9973/3664/3014 9974/3651/3014 9975/3665/3014
f 9973/3664/3014 9975/3665/3014 9976/3529/3014
f 9977/3664/3015 9978/3529/3015 9979/3526/3015
f 9977/3664/3015 9979/3526/3015 9980/3520/3015
f 9981/3665/3016 9982/3651/3017 9983/3645/3017
f 9981/3665/3016 9983/3645/3017 9984/3644/3017
f 9985/3665/3018 9986/3644/3018 9987/3666/3018
f 9985/3665/3018 9987/3666/3018 9988/3532/3018
f 9989/3665/3019 9990/3532/3020 9991/3530/3021
f 9989/3665/3019 9991/3530/3021 9992/3529/3021
f 9993/3666/3022 9994/3644/3022 9995/3640/3022
f 9993/3666/3022 9995/3640/3022 9996/3639/3022
f 9997/3666/3023 9998/3639/3024 9999/3667/3023
f 9997/3666/3023 9999/3667/3023 10000/3535/3023
f 10001/3666/3025 10002/3535/3026 10003/3533/3026
f 10001/3666/3025 10003/3533/3026 10004/3532/3025
f 10005/3667/3027 10006/3639/3027 10007/3635/3027
s 0
f 10005/3667/3028 10007/3635/3028 10008/3634/3028
s 1
f 10009/3667/3029 10010/3634/3029 10011/3668/3030
f 10009/3667/3029 10011/3668/3030 10012/3538/3030
f 10013/3667/3031 10014/3538/3031 10015/3536/3031
f 10013/3667/3031 10015/3536/3031 10016/3535/3031
f 10017/3668/3032 10018/3634/3032 10019/3631/3032
f 10017/3668/3032 10019/3631/3032 10020/3630/3032
f 10021/3668/3033 10022/3630/3033 10023/3669/3033
f 10021/3668/3033 10023/3669/3033 10024/3541/3033
f 10025/3668/3034 10026/3541/3035 10027/3539/3034
f 10025/3668/3034 10027/3539/3034 10028/3538/3034
f 10029/3669/3036 10030/3630/3036 10031/3628/3036
f 10029/3669/3036 10031/3628/3036 10032/3670/3036
f 10033/3669/3037 10034/3670/3037 10035/3671/3037
f 10033/3669/3037 10035/3671/3037 10036/3672/3037
f 10037/3669/3038 10038/3672/3039 10039/3542/3039
f 10037/3669/3038 10039/3542/3039 10040/3541/3040
f 10041/3672/3041 10042/3671/3041 10043/3673/3041
f 10041/3672/3041 10043/3673/3041 10044/3674/3042
f 10045/3672/3043 10046/3674/3043 10047/3543/3043
f 10045/3672/3043 10047/3543/3043 10048/3542/3043
f 10049/3674/3044 10050/3673/3044 10051/3675/3045
f 10049/3674/3044 10051/3675/3045 10052/3676/3045
s 0
f 10053/3674/3046 10054/3676/3046 10055/3545/3046
f 10053/3674/3047 10055/3545/3047 10056/3543/3047
s 1
f 10057/3676/3048 10058/3675/3048 10059/3677/3048
f 10057/3676/3048 10059/3677/3048 10060/3678/3048
f 10061/3676/3049 10062/3678/3050 10063/3547/3050
f 10061/3676/3049 10063/3547/3050 10064/3545/3049
f 10065/3678/3051 10066/3677/3052 10067/3679/3053
f 10065/3678/3051 10067/3679/3053 10068/3680/3054
f 10069/3678/3055 10070/3680/3056 10071/3681/3056
f 10069/3678/3055 10071/3681/3056 10072/3547/3057
f 10073/3681/3058 10074/3680/3059 10075/3682/3059
f 10073/3681/3058 10075/3682/3059 10076/3683/3058
f 10077/3681/3060 10078/3683/3061 10079/3684/3062
f 10077/3681/3060 10079/3684/3062 10080/3550/3062
s 0
f 10081/3681/3063 10082/3550/3063 10083/3548/3063
f 10081/3681/3064 10083/3548/3064 10084/3547/3064
s 1
f 10085/3684/3065 10086/3683/3066 10087/3685/3067
f 10085/3684/3065 10087/3685/3067 10088/3686/3066
f 10089/3684/3068 10090/3686/3069 10091/3687/3069
f 10089/3684/3068 10091/3687/3069 10092/3553/3069
f 10093/3684/3070 10094/3553/3071 10095/3551/3072
f 10093/3684/3070 10095/3551/3072 10096/3550/3071
f 10097/3687/3073 10098/3686/3074 10099/3688/3075
f 10097/3687/3073 10099/3688/3075 10100/3689/3076
f 10101/3687/3077 10102/3689/3078 10103/3690/3078
f 10101/3687/3077 10103/3690/3078 10104/3691/3078
f 10105/3687/3079 10106/3691/3080 10107/3554/3081
f 10105/3687/3079 10107/3554/3081 10108/3553/3082
f 10109/3691/3083 10110/3690/3084 10111/3561/3085
f 10109/3691/3083 10111/3561/3085 10112/3559/3084
f 10113/3691/3086 10114/3559/3087 10115/3555/3088
f 10113/3691/3086 10115/3555/3088 10116/3554/3089
f 10117/3690/3090 10118/3689/3090 10119/3692/3091
f 10117/3690/3090 10119/3692/3091 10120/3566/3090
f 10121/3690/3092 10122/3566/3093 10123/3563/3094
f 10121/3690/3092 10123/3563/3094 10124/3561/3093
f 10125/3692/3095 10126/3689/3095 10127/3688/3095
f 10125/3692/3095 10127/3688/3095 10128/3693/3095
f 10129/3692/3096 10130/3693/3096 10131/3694/3096
f 10129/3692/3096 10131/3694/3096 10132/3695/3096
f 10133/3692/3097 10134/3695/3098 10135/3567/3097
f 10133/3692/3097 10135/3567/3097 10136/3566/3098
f 10137/3695/3099 10138/3694/3100 10139/3696/3100
f 10137/3695/3099 10139/3696/3100 10140/3697/3099
f 10141/3695/3101 10142/3697/3101 10143/3568/3102
f 10141/3695/3101 10143/3568/3102 10144/3567/3103
f 10145/3697/3104 10146/3696/3105 10147/3698/3105
f 10145/3697/3104 10147/3698/3105 10148/3699/3104
f 10149/3697/3106 10150/3699/3106 10151/3570/3107
f 10149/3697/3106 10151/3570/3107 10152/3568/3107
f 10153/3700/3108 10154/3701/3108 10155/3574/3108
f 10153/3700/3108 10155/3574/3108 10156/3573/3108
f 10157/3700/3109 10158/3702/3109 10159/3703/3109
f 10157/3700/3109 10159/3703/3109 10160/3701/3109
f 10161/3703/3110 10162/3704/3111 10163/3579/3110
f 10161/3703/3110 10163/3579/3110 10164/3701/3110
f 10165/3703/3112 10166/3702/3112 10167/3705/3112
f 10165/3703/3112 10167/3705/3112 10168/3706/3113
f 10169/3703/3114 10170/3706/3114 10171/3707/3115
f 10169/3703/3114 10171/3707/3115 10172/3704/3115
f 10173/3707/3116 10174/3708/3117 10175/3582/3116
f 10173/3707/3116 10175/3582/3116 10176/3704/3117
f 10177/3707/3118 10178/3706/3119 10179/3709/3119
f 10177/3707/3118 10179/3709/3119 10180/3710/3120
f 10181/3707/3121 10182/3710/3121 10183/3711/3121
f 10181/3707/3121 10183/3711/3121 10184/3708/3121
f 10185/3711/3122 10186/3712/3122 10187/3585/3122
f 10185/3711/3122 10187/3585/3122 10188/3708/3123
f 10189/3711/3124 10190/3710/3124 10191/3713/3124
f 10189/3711/3124 10191/3713/3124 10192/3714/3124
f 10193/3711/3125 10194/3714/3125 10195/3715/3125
f 10193/3711/3125 10195/3715/3125 10196/3712/3125
f 10197/3715/3126 10198/3716/3126 10199/3588/3126
f 10197/3715/3126 10199/3588/3126 10200/3712/3126
f 10201/3715/3127 10202/3714/3128 10203/3717/3129
f 10201/3715/3127 10203/3717/3129 10204/3718/3130
f 10205/3715/3131 10206/3718/3131 10207/3719/3131
f 10205/3715/3131 10207/3719/3131 10208/3716/3131
f 10209/3719/3132 10210/3720/3133 10211/3591/3134
f 10209/3719/3132 10211/3591/3134 10212/3716/3135
f 10213/3719/3136 10214/3718/3136 10215/3721/3136
f 10213/3719/3136 10215/3721/3136 10216/3722/3137
f 10217/3719/3138 10218/3722/3139 10219/3723/3138
f 10217/3719/3138 10219/3723/3138 10220/3720/3138
f 10221/3723/3140 10222/3724/3140 10223/3594/3140
f 10221/3723/3140 10223/3594/3140 10224/3720/3140
f 10225/3723/3141 10226/3722/3141 10227/3725/3141
f 10225/3723/3141 10227/3725/3141 10228/3726/3141
f 10229/3723/3142 10230/3726/3143 10231/3727/3143
f 10229/3723/3142 10231/3727/3143 10232/3724/3143
f 10233/3727/3144 10234/3728/3144 10235/3597/3144
f 10233/3727/3144 10235/3597/3144 10236/3724/3144
f 10237/3727/3145 10238/3726/3145 10239/3729/3145
f 10237/3727/3145 10239/3729/3145 10240/3730/3145
f 10241/3727/3146 10242/3730/3146 10243/3731/3147
f 10241/3727/3146 10243/3731/3147 10244/3728/3147
f 10245/3731/3148 10246/3732/3149 10247/3733/3149
f 10245/3731/3148 10247/3733/3149 10248/3728/3148
f 10249/3734/3150 10250/3735/3150 10251/3736/3150
f 10249/3734/3150 10251/3736/3150 10252/3737/3150
f 10253/3734/3151 10254/3737/3152 10255/3738/3152
f 10253/3734/3151 10255/3738/3152 10256/3739/3152
f 10257/3738/3153 10258/3740/3154 10259/3741/3153
f 10257/3738/3153 10259/3741/3153 10260/3739/3153
f 10261/3738/3155 10262/3737/3155 10263/3742/3155
f 10261/3738/3155 10263/3742/3155 10264/3743/3156
f 10265/3738/3157 10266/3743/3158 10267/3744/3158
f 10265/3738/3157 10267/3744/3158 10268/3740/3158
f 10269/3744/3159 10270/3745/3159 10271/3622/3160
f 10269/3744/3159 10271/3622/3160 10272/3740/3160
f 10273/3744/3161 10274/3743/3161 10275/3673/3162
f 10273/3744/3161 10275/3673/3162 10276/3671/3161
f 10277/3744/3163 10278/3671/3163 10279/3670/3163
f 10277/3744/3163 10279/3670/3163 10280/3745/3163
f 10281/3745/3164 10282/3626/3164 10283/3623/3164
f 10281/3745/3164 10283/3623/3164 10284/3622/3165
f 10285/3745/3166 10286/3670/3166 10287/3628/3166
f 10285/3745/3166 10287/3628/3166 10288/3626/3166
f 10289/3743/3167 10290/3742/3168 10291/3675/3167
f 10289/3743/3167 10291/3675/3167 10292/3673/3167
f 10293/3742/3169 10294/3737/3170 10295/3736/3171
f 10293/3742/3169 10295/3736/3171 10296/3746/3169
s 0
f 10297/3742/3172 10298/3746/3172 10299/3677/3172
f 10297/3742/3173 10299/3677/3173 10300/3675/3173
s 1
f 10301/3746/3174 10302/3736/3174 10303/3747/3174
f 10301/3746/3174 10303/3747/3174 10304/3748/3174
f 10305/3746/3175 10306/3748/3175 10307/3679/3175
f 10305/3746/3175 10307/3679/3175 10308/3677/3175
f 10309/3748/3176 10310/3747/3176 10311/3749/3176
f 10309/3748/3176 10311/3749/3176 10312/3750/3177
f 10313/3748/3178 10314/3750/3179 10315/3751/3180
f 10313/3748/3178 10315/3751/3180 10316/3679/3181
f 10317/3751/3182 10318/3750/3183 10319/3752/3182
f 10317/3751/3182 10319/3752/3182 10320/3753/3182
s 0
f 10321/3751/3184 10322/3753/3184 10323/3754/3184
s 1
f 10321/3751/3185 10323/3754/3185 10324/3682/3185
s 0
f 10325/3751/3186 10326/3682/3186 10327/3680/3186
f 10325/3751/3187 10327/3680/3187 10328/3679/3187
s 1
f 10329/3754/3188 10330/3753/3189 10331/3755/3190
f 10329/3754/3188 10331/3755/3190 10332/3756/3190
f 10333/3754/3191 10334/3756/3191 10335/3757/3191
f 10333/3754/3191 10335/3757/3191 10336/3685/3191
f 10337/3754/3192 10338/3685/3192 10339/3683/3193
f 10337/3754/3192 10339/3683/3193 10340/3682/3192
f 10341/3757/3194 10342/3756/3195 10343/3758/3196
f 10341/3757/3194 10343/3758/3196 10344/3759/3195
f 10345/3757/3197 10346/3759/3197 10347/3693/3197
f 10345/3757/3197 10347/3693/3197 10348/3688/3197
f 10349/3757/3198 10350/3688/3199 10351/3686/3200
f 10349/3757/3198 10351/3686/3200 10352/3685/3199
f 10353/3759/3201 10354/3758/3201 10355/3760/3201
f 10353/3759/3201 10355/3760/3201 10356/3761/3201
f 10357/3759/3202 10358/3761/3202 10359/3694/3203
f 10357/3759/3202 10359/3694/3203 10360/3693/3203
f 10361/3761/3204 10362/3760/3204 10363/3285/3204
f 10361/3761/3204 10363/3285/3204 10364/3284/3205
f 10365/3761/3206 10366/3284/3206 10367/3696/3206
f 10365/3761/3206 10367/3696/3206 10368/3694/3207
f 10369/3760/3208 10370/3758/3209 10371/3762/3209
f 10369/3760/3208 10371/3762/3209 10372/3763/3209
f 10373/3760/3210 10374/3763/3211 10375/3291/3211
f 10373/3760/3210 10375/3291/3211 10376/3285/3211
f 10377/3763/3212 10378/3762/3213 10379/3764/3212
f 10377/3763/3212 10379/3764/3212 10380/3765/3212
f 10381/3763/3214 10382/3765/3215 10383/3292/3216
f 10381/3763/3214 10383/3292/3216 10384/3291/3215
f 10385/3765/3217 10386/3764/3218 10387/3766/3219
f 10385/3765/3217 10387/3766/3219 10388/3767/3217
f 10389/3765/3220 10390/3767/3220 10391/3289/3221
f 10389/3765/3220 10391/3289/3221 10392/3292/3221
f 10393/3768/3222 10394/3769/3223 10395/3770/3222
f 10393/3768/3222 10395/3770/3222 10396/3771/3222
f 10397/3768/3224 10398/3771/3224 10399/3288/3225
f 10397/3768/3224 10399/3288/3225 10400/3772/3226
f 10401/3771/3227 10402/3770/3228 10403/3773/3228
f 10401/3771/3227 10403/3773/3228 10404/3774/3228
f 10405/3771/3229 10406/3774/3229 10407/3280/3229
f 10405/3771/3229 10407/3280/3229 10408/3288/3230
f 10409/3774/3231 10410/3773/3231 10411/3775/3231
f 10409/3774/3231 10411/3775/3231 10412/3776/3232
f 10413/3774/3233 10414/3776/3233 10415/3281/3233
f 10413/3774/3233 10415/3281/3233 10416/3280/3233
f 10417/3776/3234 10418/3775/3234 10419/3777/3235
f 10417/3776/3234 10419/3777/3235 10420/3778/3236
f 10421/3776/3237 10422/3778/3238 10423/3779/3238
f 10421/3776/3237 10423/3779/3238 10424/3281/3237
f 10425/3778/3239 10426/3777/3239 10427/3713/3239
f 10425/3778/3239 10427/3713/3239 10428/3780/3239
f 10429/3778/3240 10430/3780/3241 10431/3781/3242
f 10429/3778/3240 10431/3781/3242 10432/3779/3241
f 10433/3780/3243 10434/3713/3244 10435/3710/3243
f 10433/3780/3243 10435/3710/3243 10436/3709/3243
f 10437/3780/3245 10438/3709/3246 10439/3782/3245
f 10437/3780/3245 10439/3782/3245 10440/3781/3246
f 10441/3777/3247 10442/3717/3247 10443/3714/3247
f 10441/3777/3247 10443/3714/3247 10444/3713/3247
f 10445/3777/3248 10446/3775/3249 10447/3783/3248
f 10445/3777/3248 10447/3783/3248 10448/3717/3248
f 10449/3783/3250 10450/3721/3250 10451/3718/3250
f 10449/3783/3250 10451/3718/3250 10452/3717/3250
f 10453/3783/3251 10454/3775/3252 10455/3773/3251
f 10453/3783/3251 10455/3773/3251 10456/3784/3251
f 10457/3783/3253 10458/3784/3253 10459/3785/3253
f 10457/3783/3253 10459/3785/3253 10460/3721/3254
f 10461/3785/3255 10462/3725/3256 10463/3722/3255
f 10461/3785/3255 10463/3722/3255 10464/3721/3256
f 10465/3785/3257 10466/3784/3257 10467/3786/3257
f 10465/3785/3257 10467/3786/3257 10468/3787/3258
f 10469/3785/3259 10470/3787/3259 10471/3788/3259
f 10469/3785/3259 10471/3788/3259 10472/3725/3260
f 10473/3788/3261 10474/3729/3261 10475/3726/3261
f 10473/3788/3261 10475/3726/3261 10476/3725/3261
f 10477/3789/3262 10478/3790/3263 10479/3791/3264
f 10477/3789/3262 10479/3791/3264 10480/3749/3263
f 10481/3789/3265 10482/3749/3265 10483/3747/3265
f 10481/3789/3265 10483/3747/3265 10484/3792/3265
f 10485/3793/3266 10486/3794/3266 10487/3795/3267
f 10485/3793/3266 10487/3795/3267 10488/3796/3268
f 10489/3797/3269 10490/3798/3269 10491/3799/3269
f 10489/3797/3269 10491/3799/3269 10492/3800/3270
f 10493/3791/3271 10494/3752/3272 10495/3750/3271
f 10493/3791/3271 10495/3750/3271 10496/3749/3271
f 10497/3801/3273 10498/3802/3273 10499/3766/3273
f 10497/3801/3273 10499/3766/3273 10500/3764/3273
f 10501/3801/3274 10502/3764/3275 10503/3762/3275
f 10501/3801/3274 10503/3762/3275 10504/3755/3275
f 10505/3801/3276 10506/3755/3276 10507/3753/3276
f 10505/3801/3276 10507/3753/3276 10508/3752/3276
f 10509/3803/3277 10510/3786/3277 10511/3770/3278
f 10509/3803/3277 10511/3770/3278 10512/3769/3278
f 10513/3786/3279 10514/3784/3279 10515/3773/3279
f 10513/3786/3279 10515/3773/3279 10516/3770/3280
f 10517/3762/3281 10518/3758/3281 10519/3756/3281
f 10517/3762/3281 10519/3756/3281 10520/3755/3281
f 10521/3747/3282 10522/3736/3283 10523/3735/3283
f 10521/3747/3282 10523/3735/3283 10524/3792/3282
f 10525/3740/3284 10526/3622/3285 10527/3621/3285
f 10525/3740/3284 10527/3621/3285 10528/3741/3285
f 10529/3804/3286 10530/3615/3287 10531/3614/3288
f 10529/3804/3286 10531/3614/3288 10532/3805/3289
f 10533/3728/3290 10534/3733/3290 10535/3598/3290
f 10533/3728/3290 10535/3598/3290 10536/3597/3290
f 10537/3724/3291 10538/3597/3291 10539/3595/3291
f 10537/3724/3291 10539/3595/3291 10540/3594/3291
f 10541/3720/3292 10542/3594/3292 10543/3592/3293
f 10541/3720/3292 10543/3592/3293 10544/3591/3293
f 10545/3716/3294 10546/3591/3294 10547/3589/3294
f 10545/3716/3294 10547/3589/3294 10548/3588/3294
f 10549/3712/3295 10550/3588/3295 10551/3586/3296
f 10549/3712/3295 10551/3586/3296 10552/3585/3295
f 10553/3709/3297 10554/3706/3297 10555/3705/3297
f 10553/3709/3297 10555/3705/3297 10556/3782/3297
f 10557/3708/3298 10558/3585/3299 10559/3583/3300
f 10557/3708/3298 10559/3583/3300 10560/3582/3299
f 10561/3704/3301 10562/3582/3301 10563/3580/3302
f 10561/3704/3301 10563/3580/3302 10564/3579/3302
f 10565/3701/3303 10566/3579/3303 10567/3576/3304
f 10565/3701/3303 10567/3576/3304 10568/3574/3303
f 10569/3656/3305 10570/3489/3306 10571/3485/3306
f 10569/3656/3305 10571/3485/3306 10572/3484/3306
f 10573/3656/3307 10574/3484/3308 10575/3649/3309
f 10573/3656/3307 10575/3649/3309 10576/3648/3308
f 10577/3649/3310 10578/3484/3310 10579/3480/3311
f 10577/3649/3310 10579/3480/3311 10580/3479/3310
f 10581/3649/3312 10582/3479/3313 10583/3806/3313
f 10581/3649/3312 10583/3806/3313 10584/3650/3312
f 10585/3806/3314 10586/3479/3315 10587/3476/3315
f 10585/3806/3314 10587/3476/3315 10588/3807/3315
f 10589/3643/3316 10590/3808/3316 10591/3638/3317
f 10589/3643/3316 10591/3638/3317 10592/3637/3317
f 10593/3638/3318 10594/3808/3318 10595/3469/3318
f 10593/3638/3318 10595/3469/3318 10596/3305/3318
f 10597/3638/3319 10598/3305/3319 10599/3304/3320
f 10597/3638/3319 10599/3304/3320 10600/3633/3320
f 10601/3493/3321 10602/3809/3321 10603/3425/3322
f 10601/3493/3321 10603/3425/3322 10604/3810/3321
f 10605/3493/3323 10606/3810/3324 10607/3488/3324
f 10605/3493/3323 10607/3488/3324 10608/3487/3324
f 10609/3493/3325 10610/3492/3326 10611/3338/3325
f 10609/3493/3325 10611/3338/3325 10612/3809/3326
f 10613/3810/3327 10614/3425/3328 10615/3424/3328
f 10613/3810/3327 10615/3424/3328 10616/3430/3328
f 10617/3810/3329 10618/3430/3329 10619/3811/3329
f 10617/3810/3329 10619/3811/3329 10620/3488/3329
f 10621/3811/3330 10622/3483/3330 10623/3482/3331
f 10621/3811/3330 10623/3482/3331 10624/3488/3331
f 10625/3811/3332 10626/3430/3332 10627/3429/3332
f 10625/3811/3332 10627/3429/3332 10628/3435/3332
f 10629/3811/3333 10630/3435/3334 10631/3325/3333
f 10629/3811/3333 10631/3325/3333 10632/3483/3333
f 10633/3809/3335 10634/3338/3336 10635/3337/3337
f 10633/3809/3335 10635/3337/3337 10636/3420/3336
f 10637/3809/3338 10638/3420/3339 10639/3419/3340
f 10637/3809/3338 10639/3419/3340 10640/3425/3339
f 10641/3483/3341 10642/3325/3341 10643/3321/3342
f 10641/3483/3341 10643/3321/3342 10644/3478/3342
f 10645/3469/3343 10646/3464/3344 10647/3301/3345
f 10645/3469/3343 10647/3301/3345 10648/3305/3344
f 10649/3468/3346 10650/3322/3346 10651/3458/3346
f 10649/3468/3346 10651/3458/3346 10652/3812/3346
f 10653/3450/3347 10654/3307/3348 10655/3461/3347
f 10653/3450/3347 10655/3461/3347 10656/3813/3347
f 10657/3435/3349 10658/3434/3350 10659/3323/3349
f 10657/3435/3349 10659/3323/3349 10660/3325/3349
f 10661/3420/3351 10662/3337/3352 10663/3339/3353
f 10661/3420/3351 10663/3339/3353 10664/3415/3354
f 10665/3411/3355 10666/3410/3355 10667/3339/3356
f 10665/3411/3355 10667/3339/3356 10668/3336/3357
f 10669/3401/3358 10670/3314/3358 10671/3313/3359
f 10669/3401/3358 10671/3313/3359 10672/3396/3358
f 10673/3391/3360 10674/3390/3361 10675/3311/3361
f 10673/3391/3360 10675/3311/3361 10676/3310/3361
f 10677/3370/3362 10678/3366/3362 10679/3331/3363
f 10677/3370/3362 10679/3331/3363 10680/3330/3362
f 10681/3359/3364 10682/3358/3365 10683/3328/3366
f 10681/3359/3364 10683/3328/3366 10684/3327/3365
f 10685/3814/3367 10686/3698/3368 10687/3696/3368
f 10685/3814/3367 10687/3696/3368 10688/3284/3367
f 10689/3815/3369 10690/3816/3370 10691/3817/3370
f 10689/3815/3369 10691/3817/3370 10692/3818/3370
f 10693/3818/3371 10694/3819/3372 10695/3820/3371
f 10693/3818/3371 10695/3820/3371 10696/3815/3371
f 10697/3447/3373 10698/3446/3373 10699/3821/3373
f 10697/3447/3373 10699/3821/3373 10700/3451/3373
f 10701/3822/3374 10702/3460/3375 10703/3463/3376
f 10701/3822/3374 10703/3463/3376 10704/3823/3377
f 10705/3822/3378 10706/3824/3378 10707/3459/3378
f 10705/3822/3378 10707/3459/3378 10708/3460/3378
f 10709/3459/3379 10710/3824/3380 10711/3825/3381
f 10709/3459/3379 10711/3825/3381 10712/3461/3382
f 10713/3826/3383 10714/3827/3384 10715/3828/3384
f 10713/3826/3383 10715/3828/3384 10716/3829/3383
f 10717/3462/3385 10718/3466/3386 10719/3830/3385
f 10717/3462/3385 10719/3830/3385 10720/3463/3385
f 10721/3457/3387 10722/3831/3387 10723/3812/3387
f 10721/3457/3387 10723/3812/3387 10724/3458/3387
f 10725/3832/3388 10726/3833/3389 10727/3834/3390
f 10725/3832/3388 10727/3834/3390 10728/3835/3388
f 10729/3836/3391 10730/3837/3392 10731/3838/3391
f 10729/3836/3391 10731/3838/3391 10732/3839/3391
f 10733/3832/3393 10734/3835/3394 10735/3840/3394
f 10733/3832/3393 10735/3840/3394 10736/3841/3395
f 10737/3842/3396 10738/3843/3396 10739/3844/3397
f 10737/3842/3396 10739/3844/3397 10740/3845/3397
f 10741/3846/3398 10742/3847/3399 10743/3848/3400
f 10741/3846/3398 10743/3848/3400 10744/3849/3401
f 10745/3850/3402 10746/3851/3402 10747/3852/3402
f 10745/3850/3402 10747/3852/3402 10748/3853/3402
f 10749/3850/3403 10750/3854/3404 10751/3855/3405
f 10749/3850/3403 10751/3855/3405 10752/3856/3405
f 10753/3850/3406 10754/3856/3407 10755/3857/3407
f 10753/3850/3406 10755/3857/3407 10756/3858/3407
f 10757/3850/3408 10758/3858/3408 10759/3859/3409
f 10757/3850/3408 10759/3859/3409 10760/3851/3409
f 10761/3850/3410 10762/3853/3411 10763/3860/3410
f 10761/3850/3410 10763/3860/3410 10764/3854/3410
f 10765/3845/3412 10766/3844/3412 10767/3838/3413
f 10765/3845/3412 10767/3838/3413 10768/3837/3412
f 10769/3861/3414 10770/3862/3415 10771/3863/3416
f 10769/3861/3414 10771/3863/3416 10772/3864/3417
f 10773/3861/3418 10774/3865/3418 10775/3866/3419
f 10773/3861/3418 10775/3866/3419 10776/3862/3418
f 10777/3861/3420 10778/3864/3421 10779/3867/3421
f 10777/3861/3420 10779/3867/3421 10780/3865/3421
f 10781/3868/3422 10782/3869/3422 10783/3870/3423
f 10781/3868/3422 10783/3870/3423 10784/3871/3422
f 10785/3868/3424 10786/3872/3424 10787/3873/3424
f 10785/3868/3424 10787/3873/3424 10788/3874/3424
f 10789/3868/3425 10790/3874/3426 10791/3875/3426
f 10789/3868/3425 10791/3875/3426 10792/3869/3425
f 10793/3868/3427 10794/3871/3427 10795/3876/3427
f 10793/3868/3427 10795/3876/3427 10796/3877/3428
f 10797/3868/3429 10798/3877/3430 10799/3878/3429
f 10797/3868/3429 10799/3878/3429 10800/3872/3429
f 10801/3879/3431 10802/3880/3432 10803/3881/3433
f 10801/3879/3431 10803/3881/3433 10804/3882/3434
f 10805/3879/3435 10806/3883/3435 10807/3884/3436
f 10805/3879/3435 10807/3884/3436 10808/3880/3435
f 10809/3879/3437 10810/3882/3437 10811/3885/3437
f 10809/3879/3437 10811/3885/3437 10812/3883/3438
f 10813/3886/3439 10814/3887/3440 10815/3888/3441
f 10813/3886/3439 10815/3888/3441 10816/3889/3440
f 10817/3886/3442 10818/3889/3442 10819/3890/3443
f 10817/3886/3442 10819/3890/3443 10820/3891/3442
f 10821/3886/3444 10822/3891/3445 10823/3892/3445
f 10821/3886/3444 10823/3892/3445 10824/3887/3446
f 10825/3893/3447 10826/3894/3448 10827/3895/3448
f 10825/3893/3447 10827/3895/3448 10828/3896/3447
f 10829/3893/3449 10830/3896/3450 10831/3897/3451
f 10829/3893/3449 10831/3897/3451 10832/3898/3452
f 10833/3893/3453 10834/3898/3454 10835/3899/3455
f 10833/3893/3453 10835/3899/3455 10836/3894/3454
f 10837/3899/3456 10838/3900/3457 10839/3901/3458
f 10837/3899/3456 10839/3901/3458 10840/3902/3458
f 10841/3899/3459 10842/3898/3460 10843/3903/3459
f 10841/3899/3459 10843/3903/3459 10844/3900/3459
s 0
f 10845/3899/3461 10846/3902/3461 10847/3904/3461
f 10845/3899/3462 10847/3904/3462 10848/3894/3462
f 10849/3904/3463 10850/3902/3463 10851/3905/3463
f 10849/3904/3464 10851/3905/3464 10852/3906/3464
s 1
f 10853/3904/3465 10854/3907/3466 10855/3895/3466
f 10853/3904/3465 10855/3895/3466 10856/3894/3467
f 10857/3904/3468 10858/3906/3469 10859/3908/3470
f 10857/3904/3468 10859/3908/3470 10860/3907/3469
f 10861/3908/3471 10862/3906/3472 10863/3909/3472
f 10861/3908/3471 10863/3909/3472 10864/3910/3472
f 10865/3908/3473 10866/3911/3474 10867/3912/3475
f 10865/3908/3473 10867/3912/3475 10868/3907/3474
f 10869/3908/3476 10870/3910/3476 10871/3913/3476
f 10869/3908/3476 10871/3913/3476 10872/3911/3476
f 10873/3913/3477 10874/3910/3477 10875/3914/3477
f 10873/3913/3477 10875/3914/3477 10876/3915/3477
f 10877/3913/3478 10878/3885/3479 10879/3882/3480
f 10877/3913/3478 10879/3882/3480 10880/3911/3479
f 10881/3913/3481 10882/3915/3481 10883/3916/3482
f 10881/3913/3481 10883/3916/3482 10884/3885/3483
f 10885/3916/3484 10886/3915/3485 10887/3917/3485
f 10885/3916/3484 10887/3917/3485 10888/3918/3485
f 10889/3916/3486 10890/3919/3486 10891/3883/3487
f 10889/3916/3486 10891/3883/3487 10892/3885/3486
f 10893/3916/3488 10894/3918/3488 10895/3920/3488
f 10893/3916/3488 10895/3920/3488 10896/3919/3488
f 10897/3920/3489 10898/3918/3489 10899/3921/3489
f 10897/3920/3489 10899/3921/3489 10900/3922/3489
f 10901/3920/3490 10902/3923/3491 10903/3924/3490
f 10901/3920/3490 10903/3924/3490 10904/3919/3491
f 10905/3920/3492 10906/3922/3493 10907/3925/3493
f 10905/3920/3492 10907/3925/3493 10908/3923/3493
f 10909/3925/3494 10910/3926/3494 10911/3927/3494
f 10909/3925/3494 10911/3927/3494 10912/3923/3494
f 10913/3925/3495 10914/3928/3495 10915/3929/3495
f 10913/3925/3495 10915/3929/3495 10916/3926/3495
f 10917/3925/3496 10918/3922/3496 10919/3930/3496
f 10917/3925/3496 10919/3930/3496 10920/3928/3496
f 10921/3931/3497 10922/3932/3498 10923/3933/3498
f 10921/3931/3497 10923/3933/3498 10924/3934/3497
f 10925/3930/3499 10926/3922/3499 10927/3921/3499
f 10925/3930/3499 10927/3921/3499 10928/3935/3499
f 10929/3931/3500 10930/3934/3500 10931/3936/3501
f 10929/3931/3500 10931/3936/3501 10932/3937/3501
f 10933/3936/3502 10934/3938/3502 10935/3939/3502
f 10933/3936/3502 10935/3939/3502 10936/3937/3502
f 10937/3936/3503 10938/3940/3503 10939/3941/3503
f 10937/3936/3503 10939/3941/3503 10940/3938/3503
f 10941/3936/3504 10942/3934/3504 10943/3942/3505
f 10941/3936/3504 10943/3942/3505 10944/3940/3506
f 10945/3942/3507 10946/3943/3507 10947/3944/3508
f 10945/3942/3507 10947/3944/3508 10948/3945/3507
f 10949/3942/3509 10950/3934/3509 10951/3933/3509
f 10949/3942/3509 10951/3933/3509 10952/3943/3509
f 10953/3942/3510 10954/3945/3511 10955/3946/3511
f 10953/3942/3510 10955/3946/3511 10956/3940/3511
f 10957/3946/3512 10958/3947/3512 10959/3941/3512
f 10957/3946/3512 10959/3941/3512 10960/3940/3512
f 10961/3946/3513 10962/3866/3514 10963/3948/3513
f 10961/3946/3513 10963/3948/3513 10964/3947/3514
f 10965/3946/3515 10966/3945/3515 10967/3862/3515
f 10965/3946/3515 10967/3862/3515 10968/3866/3516
f 10969/3948/3517 10970/3866/3518 10971/3865/3518
f 10969/3948/3517 10971/3865/3518 10972/3949/3518
f 10973/3948/3519 10974/3950/3519 10975/3951/3519
f 10973/3948/3519 10975/3951/3519 10976/3947/3519
f 10977/3948/3520 10978/3949/3521 10979/3952/3520
f 10977/3948/3520 10979/3952/3520 10980/3950/3521
f 10981/3952/3522 10982/3949/3523 10983/3953/3523
f 10981/3952/3522 10983/3953/3523 10984/3954/3523
f 10985/3952/3524 10986/3955/3524 10987/3956/3525
f 10985/3952/3524 10987/3956/3525 10988/3950/3524
f 10989/3952/3526 10990/3954/3527 10991/3957/3528
f 10989/3952/3526 10991/3957/3528 10992/3955/3527
f 10993/3957/3529 10994/3954/3529 10995/3958/3530
f 10993/3957/3529 10995/3958/3530 10996/3959/3529
f 10997/3957/3531 10998/3960/3531 10999/3961/3532
f 10997/3957/3531 10999/3961/3532 11000/3955/3531
f 11001/3957/3533 11002/3959/3533 11003/3962/3533
f 11001/3957/3533 11003/3962/3533 11004/3960/3533
f 11005/3962/3534 11006/3959/3534 11007/3963/3535
f 11005/3962/3534 11007/3963/3535 11008/3964/3534
f 11009/3962/3536 11010/3965/3537 11011/3966/3538
f 11009/3962/3536 11011/3966/3538 11012/3960/3537
s 0
f 11013/3962/3539 11014/3964/3539 11015/3967/3539
f 11013/3962/3540 11015/3967/3540 11016/3965/3540
s 1
f 11017/3967/3541 11018/3964/3542 11019/3892/3543
f 11017/3967/3541 11019/3892/3543 11020/3968/3543
f 11021/3967/3544 11022/3969/3545 11023/3970/3544
f 11021/3967/3544 11023/3970/3544 11024/3965/3546
f 11025/3967/3547 11026/3968/3548 11027/3971/3549
f 11025/3967/3547 11027/3971/3549 11028/3969/3548
f 11029/3971/3550 11030/3968/3550 11031/3972/3551
f 11029/3971/3550 11031/3972/3551 11032/3973/3550
f 11033/3971/3552 11034/3974/3553 11035/3975/3554
f 11033/3971/3552 11035/3975/3554 11036/3969/3554
f 11037/3971/3555 11038/3973/3555 11039/3976/3555
f 11037/3971/3555 11039/3976/3555 11040/3974/3556
f 11041/3976/3557 11042/3973/3557 11043/3977/3558
f 11041/3976/3557 11043/3977/3558 11044/3978/3557
f 11045/3976/3559 11046/3979/3559 11047/3980/3559
f 11045/3976/3559 11047/3980/3559 11048/3974/3560
f 11049/3976/3561 11050/3978/3562 11051/3981/3563
f 11049/3976/3561 11051/3981/3563 11052/3979/3564
f 11053/3981/3565 11054/3978/3565 11055/3982/3565
f 11053/3981/3565 11055/3982/3565 11056/3983/3565
f 11057/3981/3566 11058/3984/3566 11059/3985/3567
f 11057/3981/3566 11059/3985/3567 11060/3979/3566
f 11061/3981/3568 11062/3983/3569 11063/3986/3569
f 11061/3981/3568 11063/3986/3569 11064/3984/3569
f 11065/3986/3570 11066/3983/3570 11067/3987/3570
f 11065/3986/3570 11067/3987/3570 11068/3988/3570
f 11069/3986/3571 11070/3989/3571 11071/3990/3572
f 11069/3986/3571 11071/3990/3572 11072/3984/3573
f 11073/3986/3574 11074/3988/3574 11075/3991/3574
f 11073/3986/3574 11075/3991/3574 11076/3989/3575
f 11077/3991/3576 11078/3988/3576 11079/3877/3577
f 11077/3991/3576 11079/3877/3577 11080/3876/3576
f 11081/3991/3578 11082/3992/3578 11083/3993/3578
f 11081/3991/3578 11083/3993/3578 11084/3989/3579
f 11085/3991/3580 11086/3876/3580 11087/3994/3581
f 11085/3991/3580 11087/3994/3581 11088/3992/3582
f 11089/3994/3583 11090/3876/3583 11091/3871/3583
f 11089/3994/3583 11091/3871/3583 11092/3995/3583
f 11093/3994/3584 11094/3996/3584 11095/3997/3584
f 11093/3994/3584 11095/3997/3584 11096/3992/3584
f 11097/3994/3585 11098/3995/3585 11099/3998/3585
f 11097/3994/3585 11099/3998/3585 11100/3996/3585
f 11101/3998/3586 11102/3995/3587 11103/3999/3586
f 11101/3998/3586 11103/3999/3586 11104/4000/3586
f 11105/4001/3588 11106/3853/3588 11107/3852/3588
f 11105/4001/3588 11107/3852/3588 11108/4002/3588
f 11109/4001/3589 11110/4003/3590 11111/3860/3591
f 11109/4001/3589 11111/3860/3591 11112/3853/3592
f 11113/3999/3593 11114/3870/3593 11115/4004/3593
f 11113/3999/3593 11115/4004/3593 11116/4005/3593
f 11117/3999/3594 11118/3995/3595 11119/3871/3596
f 11117/3999/3594 11119/3871/3596 11120/3870/3595
f 11121/4004/3597 11122/4006/3598 11123/4007/3598
f 11121/4004/3597 11123/4007/3598 11124/4008/3598
f 11125/4004/3599 11126/3870/3599 11127/3869/3599
f 11125/4004/3599 11127/3869/3599 11128/4006/3599
f 11129/4004/3600 11130/4008/3600 11131/4009/3600
f 11129/4004/3600 11131/4009/3600 11132/4005/3600
f 11133/4006/3601 11134/4010/3601 11135/4011/3602
f 11133/4006/3601 11135/4011/3602 11136/4007/3601
f 11137/4006/3603 11138/3869/3603 11139/3875/3603
f 11137/4006/3603 11139/3875/3603 11140/4010/3603
f 11141/4012/3604 11142/4013/3605 11143/3855/3605
f 11141/4012/3604 11143/3855/3605 11144/3854/3606
s 0
f 11145/4012/3607 11146/3854/3607 11147/3860/3607
s 1
f 11145/4012/3607 11147/3860/3607 11148/4014/3607
f 11149/4013/3608 11150/4015/3608 11151/4016/3609
f 11149/4013/3608 11151/4016/3609 11152/3855/3608
f 11153/4016/3610 11154/4017/3611 11155/3856/3610
f 11153/4016/3610 11155/3856/3610 11156/3855/3611
f 11157/4016/3612 11158/4018/3612 11159/4019/3612
f 11157/4016/3612 11159/4019/3612 11160/4017/3612
f 11161/4020/3613 11162/4021/3613 11163/3875/3614
f 11161/4020/3613 11163/3875/3614 11164/3874/3613
f 11165/4019/3615 11166/4022/3615 11167/4023/3615
f 11165/4019/3615 11167/4023/3615 11168/4017/3615
f 11169/4020/3616 11170/3874/3616 11171/3873/3616
f 11169/4020/3616 11171/3873/3616 11172/4024/3616
f 11173/4025/3617 11174/4026/3618 11175/4027/3617
f 11173/4025/3617 11175/4027/3617 11176/4028/3617
f 11177/4024/3619 11178/3873/3619 11179/4029/3619
f 11177/4024/3619 11179/4029/3619 11180/4030/3619
f 11181/4029/3620 11182/3873/3621 11183/3872/3621
f 11181/4029/3620 11183/3872/3621 11184/4031/3620
f 11185/4029/3622 11186/4032/3622 11187/4033/3622
f 11185/4029/3622 11187/4033/3622 11188/4030/3622
f 11189/4029/3623 11190/4031/3623 11191/4034/3624
f 11189/4029/3623 11191/4034/3624 11192/4032/3624
f 11193/4034/3625 11194/4031/3626 11195/4035/3626
f 11193/4034/3625 11195/4035/3626 11196/4036/3626
f 11197/4034/3627 11198/4037/3627 11199/4038/3627
f 11197/4034/3627 11199/4038/3627 11200/4032/3627
f 11201/4034/3628 11202/4036/3628 11203/4039/3629
f 11201/4034/3628 11203/4039/3629 11204/4037/3629
f 11205/4039/3630 11206/4036/3631 11207/4040/3632
f 11205/4039/3630 11207/4040/3632 11208/4041/3633
f 11209/4039/3634 11210/4042/3635 11211/4043/3636
f 11209/4039/3634 11211/4043/3636 11212/4037/3637
f 11213/4039/3638 11214/4041/3638 11215/4044/3638
f 11213/4039/3638 11215/4044/3638 11216/4042/3638
f 11217/4044/3639 11218/4041/3640 11219/4045/3641
f 11217/4044/3639 11219/4045/3641 11220/4046/3639
f 11221/4044/3642 11222/4047/3643 11223/4048/3643
f 11221/4044/3642 11223/4048/3643 11224/4042/3644
f 11225/4044/3645 11226/4046/3646 11227/4049/3647
f 11225/4044/3645 11227/4049/3647 11228/4047/3647
f 11229/4049/3648 11230/4046/3649 11231/3890/3650
f 11229/4049/3648 11231/3890/3650 11232/3889/3649
f 11233/4049/3651 11234/4050/3652 11235/4051/3651
f 11233/4049/3651 11235/4051/3651 11236/4047/3651
f 11237/4049/3653 11238/3889/3654 11239/3888/3655
f 11237/4049/3653 11239/3888/3655 11240/4050/3654
f 11241/4050/3656 11242/4052/3656 11243/4053/3657
f 11241/4050/3656 11243/4053/3657 11244/4051/3657
f 11245/4050/3658 11246/3888/3658 11247/4054/3658
f 11245/4050/3658 11247/4054/3658 11248/4052/3659
f 11249/4054/3660 11250/3958/3661 11251/4055/3661
f 11249/4054/3660 11251/4055/3661 11252/4052/3661
f 11253/4054/3662 11254/3963/3663 11255/3959/3664
f 11253/4054/3662 11255/3959/3664 11256/3958/3663
f 11257/4054/3665 11258/3888/3666 11259/3887/3665
f 11257/4054/3665 11259/3887/3665 11260/3963/3666
f 11261/4055/3667 11262/4056/3668 11263/4053/3669
f 11261/4055/3667 11263/4053/3669 11264/4052/3670
f 11265/4055/3671 11266/3953/3672 11267/3867/3672
f 11265/4055/3671 11267/3867/3672 11268/4056/3672
f 11269/4055/3673 11270/3958/3674 11271/3954/3675
f 11269/4055/3673 11271/3954/3675 11272/3953/3674
f 11273/4056/3676 11274/4057/3677 11275/4058/3678
f 11273/4056/3676 11275/4058/3678 11276/4053/3677
f 11277/4056/3679 11278/3867/3680 11279/3864/3681
f 11277/4056/3679 11279/3864/3681 11280/4057/3680
f 11281/4057/3682 11282/4059/3682 11283/4060/3682
f 11281/4057/3682 11283/4060/3682 11284/4058/3682
f 11285/4057/3683 11286/3864/3683 11287/3863/3683
f 11285/4057/3683 11287/3863/3683 11288/4059/3683
f 11289/4059/3684 11290/4061/3684 11291/4062/3684
f 11289/4059/3684 11291/4062/3684 11292/4060/3684
f 11293/4059/3685 11294/3863/3686 11295/3944/3685
f 11293/4059/3685 11295/3944/3685 11296/4061/3687
f 11297/4061/3688 11298/4063/3688 11299/4064/3688
f 11297/4061/3688 11299/4064/3688 11300/4062/3688
f 11301/4061/3689 11302/3944/3690 11303/3943/3689
f 11301/4061/3689 11303/3943/3689 11304/4063/3690
f 11305/4063/3691 11306/4065/3692 11307/4066/3691
f 11305/4063/3691 11307/4066/3691 11308/4064/3691
f 11309/4067/3693 11310/4068/3693 11311/4069/3693
f 11309/4067/3693 11311/4069/3693 11312/4070/3693
f 11313/4071/3694 11314/4072/3694 11315/4073/3694
f 11313/4071/3694 11315/4073/3694 11316/4074/3694
f 11317/4075/3695 11318/4076/3695 11319/4077/3695
f 11317/4075/3695 11319/4077/3695 11320/4078/3695
f 11321/4072/3696 11322/4079/3696 11323/4080/3696
f 11321/4072/3696 11323/4080/3696 11324/4073/3696
f 11325/4072/3697 11326/3935/3698 11327/3921/3699
f 11325/4072/3697 11327/3921/3699 11328/4079/3697
f 11329/4079/3700 11330/3917/3700 11331/4081/3700
f 11329/4079/3700 11331/4081/3700 11332/4080/3701
f 11333/4079/3702 11334/3921/3703 11335/3918/3702
f 11333/4079/3702 11335/3918/3702 11336/3917/3702
f 11337/4081/3704 11338/4082/3705 11339/4083/3705
f 11337/4081/3704 11339/4083/3705 11340/4080/3706
f 11341/4081/3707 11342/3914/3708 11343/4084/3708
f 11341/4081/3707 11343/4084/3708 11344/4082/3707
f 11345/4081/3709 11346/3917/3709 11347/3915/3709
f 11345/4081/3709 11347/3915/3709 11348/3914/3710
f 11349/4084/3711 11350/4085/3711 11351/4086/3712
f 11349/4084/3711 11351/4086/3712 11352/4082/3713
f 11353/4084/3714 11354/3909/3715 11355/4087/3716
f 11353/4084/3714 11355/4087/3716 11356/4085/3715
f 11357/4084/3717 11358/3914/3718 11359/3910/3718
f 11357/4084/3717 11359/3910/3718 11360/3909/3717
f 11361/4087/3719 11362/4088/3719 11363/4089/3719
f 11361/4087/3719 11363/4089/3719 11364/4085/3719
f 11365/4087/3720 11366/3905/3721 11367/4090/3721
f 11365/4087/3720 11367/4090/3721 11368/4088/3721
f 11369/4087/3722 11370/3909/3723 11371/3906/3724
f 11369/4087/3722 11371/3906/3724 11372/3905/3725
f 11373/4090/3726 11374/4091/3727 11375/4092/3728
f 11373/4090/3726 11375/4092/3728 11376/4088/3727
f 11377/4090/3729 11378/3901/3730 11379/4093/3731
f 11377/4090/3729 11379/4093/3731 11380/4091/3732
s 0
f 11381/4090/3733 11382/3905/3733 11383/3902/3733
s 1
f 11381/4090/3734 11383/3902/3734 11384/3901/3734
f 11385/4093/3735 11386/4094/3736 11387/4095/3737
f 11385/4093/3735 11387/4095/3737 11388/4091/3736
f 11389/4093/3738 11390/4096/3738 11391/4097/3738
f 11389/4093/3738 11391/4097/3738 11392/4094/3739
f 11393/4093/3740 11394/3901/3741 11395/3900/3742
f 11393/4093/3740 11395/3900/3742 11396/4096/3741
f 11397/4096/3743 11398/4098/3743 11399/4099/3743
f 11397/4096/3743 11399/4099/3743 11400/4097/3743
f 11401/4096/3744 11402/3900/3745 11403/3903/3745
f 11401/4096/3744 11403/3903/3745 11404/4098/3745
f 11405/4098/3746 11406/4100/3747 11407/4101/3748
f 11405/4098/3746 11407/4101/3748 11408/4099/3748
s 0
f 11409/4098/3749 11410/3903/3749 11411/4102/3749
f 11409/4098/3750 11411/4102/3750 11412/4100/3750
s 1
f 11413/4102/3751 11414/4103/3752 11415/4104/3753
f 11413/4102/3751 11415/4104/3753 11416/4100/3754
f 11417/4102/3755 11418/3897/3755 11419/4105/3755
s 0
f 11417/4102/3756 11419/4105/3756 11420/4103/3756
s 1
f 11421/4102/3757 11422/3903/3757 11423/3898/3758
f 11421/4102/3757 11423/3898/3758 11424/3897/3757
f 11425/4105/3759 11426/4106/3759 11427/4107/3760
f 11425/4105/3759 11427/4107/3760 11428/4103/3761
f 11429/4105/3762 11430/4108/3763 11431/4109/3764
f 11429/4105/3762 11431/4109/3764 11432/4106/3765
f 11433/4105/3766 11434/3897/3767 11435/3896/3768
f 11433/4105/3766 11435/3896/3768 11436/4108/3767
f 11437/4108/3769 11438/4110/3769 11439/4111/3770
f 11437/4108/3769 11439/4111/3770 11440/4109/3769
f 11441/4108/3771 11442/3896/3771 11443/3895/3772
f 11441/4108/3771 11443/3895/3772 11444/4110/3771
f 11445/4110/3773 11446/3912/3774 11447/3881/3775
f 11445/4110/3773 11447/3881/3775 11448/4111/3774
f 11449/4110/3776 11450/3895/3777 11451/3907/3778
f 11449/4110/3776 11451/3907/3778 11452/3912/3776
f 11453/4111/3779 11454/4112/3779 11455/4113/3780
f 11453/4111/3779 11455/4113/3780 11456/4109/3779
f 11457/4111/3781 11458/3881/3782 11459/3880/3781
f 11457/4111/3781 11459/3880/3781 11460/4112/3782
f 11461/4112/3783 11462/4114/3784 11463/4115/3784
f 11461/4112/3783 11463/4115/3784 11464/4113/3784
f 11465/4112/3785 11466/3880/3786 11467/3884/3787
f 11465/4112/3785 11467/3884/3787 11468/4114/3788
f 11469/4114/3789 11470/4116/3789 11471/4117/3790
f 11469/4114/3789 11471/4117/3790 11472/4115/3790
f 11473/4114/3791 11474/3884/3792 11475/3924/3792
f 11473/4114/3791 11475/3924/3792 11476/4116/3793
f 11477/4116/3794 11478/3927/3794 11479/4118/3794
f 11477/4116/3794 11479/4118/3794 11480/4117/3794
f 11481/4116/3795 11482/3924/3795 11483/3923/3796
f 11481/4116/3795 11483/3923/3796 11484/3927/3796
f 11485/4118/3797 11486/4119/3797 11487/4120/3797
f 11485/4118/3797 11487/4120/3797 11488/4117/3797
f 11489/4118/3798 11490/4121/3799 11491/4122/3800
f 11489/4118/3798 11491/4122/3800 11492/4119/3800
f 11493/4118/3801 11494/3927/3801 11495/3926/3801
f 11493/4118/3801 11495/3926/3801 11496/4121/3801
f 11497/4121/3802 11498/4123/3802 11499/4124/3802
f 11497/4121/3802 11499/4124/3802 11500/4122/3802
f 11501/4121/3803 11502/3926/3803 11503/3929/3803
f 11501/4121/3803 11503/3929/3803 11504/4123/3803
f 11505/4125/3804 11506/4126/3804 11507/4127/3804
f 11505/4125/3804 11507/4127/3804 11508/4128/3805
f 11509/4125/3806 11510/3939/3806 11511/3938/3806
f 11509/4125/3806 11511/3938/3806 11512/4126/3806
f 11513/4126/3807 11514/4129/3807 11515/4130/3807
f 11513/4126/3807 11515/4130/3807 11516/4127/3807
f 11517/4126/3808 11518/3938/3809 11519/3941/3809
f 11517/4126/3808 11519/3941/3809 11520/4129/3808
f 11521/4129/3810 11522/3951/3810 11523/4131/3810
f 11521/4129/3810 11523/4131/3810 11524/4130/3811
f 11525/4129/3812 11526/3941/3812 11527/3947/3813
f 11525/4129/3812 11527/3947/3813 11528/3951/3812
f 11529/4131/3814 11530/3951/3814 11531/3950/3814
f 11529/4131/3814 11531/3950/3814 11532/3956/3815
f 11533/4131/3816 11534/4132/3817 11535/4133/3816
f 11533/4131/3816 11535/4133/3816 11536/4130/3817
f 11537/4131/3818 11538/3956/3819 11539/4134/3819
f 11537/4131/3818 11539/4134/3819 11540/4132/3819
f 11541/4134/3820 11542/3956/3820 11543/3955/3820
f 11541/4134/3820 11543/3955/3820 11544/3961/3820
f 11545/4134/3821 11546/4135/3822 11547/4136/3823
f 11545/4134/3821 11547/4136/3823 11548/4132/3821
f 11549/4134/3824 11550/3961/3824 11551/4137/3825
f 11549/4134/3824 11551/4137/3825 11552/4135/3824
f 11553/4137/3826 11554/3961/3827 11555/3960/3826
f 11553/4137/3826 11555/3960/3826 11556/3966/3828
f 11557/4137/3829 11558/4138/3830 11559/4139/3831
f 11557/4137/3829 11559/4139/3831 11560/4135/3831
f 11561/4137/3832 11562/3966/3833 11563/4140/3833
f 11561/4137/3832 11563/4140/3833 11564/4138/3833
f 11565/4140/3834 11566/3966/3835 11567/3965/3836
f 11565/4140/3834 11567/3965/3836 11568/3970/3835
f 11569/4140/3837 11570/4141/3837 11571/4142/3837
f 11569/4140/3837 11571/4142/3837 11572/4138/3837
f 11573/4140/3838 11574/3970/3838 11575/4143/3839
f 11573/4140/3838 11575/4143/3839 11576/4141/3838
f 11577/4143/3840 11578/3970/3841 11579/3969/3842
f 11577/4143/3840 11579/3969/3842 11580/3975/3843
f 11581/4143/3844 11582/4144/3845 11583/4145/3846
f 11581/4143/3844 11583/4145/3846 11584/4141/3844
f 11585/4143/3847 11586/3975/3847 11587/4146/3847
f 11585/4143/3847 11587/4146/3847 11588/4144/3847
f 11589/4146/3848 11590/3975/3848 11591/3974/3848
f 11589/4146/3848 11591/3974/3848 11592/3980/3849
f 11593/4146/3850 11594/4147/3850 11595/4148/3851
f 11593/4146/3850 11595/4148/3851 11596/4144/3850
f 11597/4146/3852 11598/3980/3852 11599/4149/3852
f 11597/4146/3852 11599/4149/3852 11600/4147/3853
f 11601/4149/3854 11602/3980/3854 11603/3979/3854
f 11601/4149/3854 11603/3979/3854 11604/3985/3854
f 11605/4149/3855 11606/4150/3855 11607/4151/3855
s 0
f 11605/4149/3856 11607/4151/3856 11608/4147/3856
s 1
f 11609/4152/3857 11610/4153/3857 11611/4154/3858
f 11609/4152/3857 11611/4154/3858 11612/4155/3858
f 11613/4156/3859 11614/3985/3860 11615/3984/3859
f 11613/4156/3859 11615/3984/3859 11616/3990/3859
f 11617/4157/3861 11618/4158/3862 11619/4159/3862
f 11617/4157/3861 11619/4159/3862 11620/4160/3862
f 11621/4161/3863 11622/4162/3864 11623/4163/3865
f 11621/4161/3863 11623/4163/3865 11624/4164/3865
f 11625/4165/3866 11626/3990/3866 11627/3989/3867
f 11625/4165/3866 11627/3989/3867 11628/3993/3866
f 11629/4166/3868 11630/4167/3869 11631/4168/3869
f 11629/4166/3868 11631/4168/3869 11632/4169/3869
f 11633/4166/3870 11634/4170/3870 11635/4171/3870
f 11633/4166/3870 11635/4171/3870 11636/4167/3871
f 11637/4172/3872 11638/3993/3872 11639/3992/3873
f 11637/4172/3872 11639/3992/3873 11640/3997/3873
f 11641/4173/3874 11642/4174/3875 11643/4175/3874
f 11641/4173/3874 11643/4175/3874 11644/4176/3874
f 11645/4173/3876 11646/4177/3877 11647/4178/3876
f 11645/4173/3876 11647/4178/3876 11648/4174/3877
f 11649/4178/3878 11650/4177/3878 11651/4002/3879
f 11649/4178/3878 11651/4002/3879 11652/3852/3879
f 11653/4178/3880 11654/4179/3880 11655/4180/3881
f 11653/4178/3880 11655/4180/3881 11656/4174/3881
f 11657/4178/3882 11658/3852/3882 11659/3851/3882
f 11657/4178/3882 11659/3851/3882 11660/4179/3882
f 11661/4179/3883 11662/4181/3883 11663/4182/3883
f 11661/4179/3883 11663/4182/3883 11664/4180/3883
f 11665/4179/3884 11666/3851/3884 11667/3859/3884
f 11665/4179/3884 11667/3859/3884 11668/4181/3884
f 11669/4181/3885 11670/4183/3886 11671/4184/3885
f 11669/4181/3885 11671/4184/3885 11672/4182/3886
f 11673/4181/3887 11674/3859/3887 11675/4185/3887
f 11673/4181/3887 11675/4185/3887 11676/4183/3887
f 11677/4185/3888 11678/3859/3888 11679/3858/3888
f 11677/4185/3888 11679/3858/3888 11680/4186/3888
f 11681/4185/3889 11682/4187/3889 11683/4188/3889
f 11681/4185/3889 11683/4188/3889 11684/4183/3889
f 11685/4185/3890 11686/4186/3891 11687/4189/3890
f 11685/4185/3890 11687/4189/3890 11688/4187/3891
f 11689/4189/3892 11690/4186/3893 11691/4190/3892
f 11689/4189/3892 11691/4190/3892 11692/4191/3892
f 11693/4189/3894 11694/4192/3895 11695/4193/3896
f 11693/4189/3894 11695/4193/3896 11696/4187/3896
f 11697/4189/3897 11698/4191/3898 11699/4194/3897
f 11697/4189/3897 11699/4194/3897 11700/4192/3897
f 11701/4194/3899 11702/4191/3899 11703/4195/3899
f 11701/4194/3899 11703/4195/3899 11704/4196/3900
f 11705/4194/3901 11706/4197/3901 11707/4198/3901
f 11705/4194/3901 11707/4198/3901 11708/4192/3901
f 11709/4194/3902 11710/4196/3902 11711/4199/3902
f 11709/4194/3902 11711/4199/3902 11712/4197/3903
f 11713/4200/3904 11714/4201/3904 11715/4202/3904
f 11713/4200/3904 11715/4202/3904 11716/4203/3905
f 11717/4199/3906 11718/4204/3906 11719/4205/3906
f 11717/4199/3906 11719/4205/3906 11720/4197/3906
f 11721/4200/3907 11722/4203/3908 11723/4206/3909
f 11721/4200/3907 11723/4206/3909 11724/4207/3910
f 11725/4206/3911 11726/4203/3911 11727/4208/3911
f 11725/4206/3911 11727/4208/3911 11728/4209/3911
f 11729/4206/3912 11730/4210/3913 11731/4211/3913
f 11729/4206/3912 11731/4211/3913 11732/4207/3914
f 11733/4206/3915 11734/4209/3915 11735/4212/3916
f 11733/4206/3915 11735/4212/3916 11736/4210/3916
f 11737/4212/3917 11738/4209/3918 11739/4213/3919
f 11737/4212/3917 11739/4213/3919 11740/4214/3920
s 0
f 11741/4212/3921 11742/4062/3921 11743/4064/3921
f 11741/4212/3922 11743/4064/3922 11744/4210/3922
s 1
f 11745/4212/3923 11746/4214/3923 11747/4060/3924
f 11745/4212/3923 11747/4060/3924 11748/4062/3924
f 11749/4213/3925 11750/4043/3925 11751/4042/3925
f 11749/4213/3925 11751/4042/3925 11752/4048/3925
f 11753/4213/3926 11754/4209/3927 11755/4208/3926
f 11753/4213/3926 11755/4208/3926 11756/4043/3926
s 0
f 11757/4213/3928 11758/4048/3928 11759/4215/3928
f 11757/4213/3929 11759/4215/3929 11760/4214/3929
s 1
f 11761/4215/3930 11762/4048/3931 11763/4047/3932
f 11761/4215/3930 11763/4047/3932 11764/4051/3930
f 11765/4215/3933 11766/4058/3934 11767/4060/3935
f 11765/4215/3933 11767/4060/3935 11768/4214/3935
f 11769/4215/3936 11770/4051/3937 11771/4053/3937
f 11769/4215/3936 11771/4053/3937 11772/4058/3938
f 11773/4210/3939 11774/4064/3939 11775/4066/3939
f 11773/4210/3939 11775/4066/3939 11776/4211/3939
f 11777/4216/3940 11778/4217/3940 11779/4205/3940
f 11777/4216/3940 11779/4205/3940 11780/4204/3940
f 11781/4216/3941 11782/4074/3941 11783/4073/3941
f 11781/4216/3941 11783/4073/3941 11784/4217/3942
f 11785/4217/3943 11786/4083/3943 11787/4218/3943
f 11785/4217/3943 11787/4218/3943 11788/4205/3943
f 11789/4217/3944 11790/4073/3944 11791/4080/3944
f 11789/4217/3944 11791/4080/3944 11792/4083/3944
f 11793/4218/3945 11794/4198/3945 11795/4197/3945
f 11793/4218/3945 11795/4197/3945 11796/4205/3945
f 11797/4218/3946 11798/4086/3946 11799/4219/3946
f 11797/4218/3946 11799/4219/3946 11800/4198/3946
f 11801/4218/3947 11802/4083/3948 11803/4082/3949
f 11801/4218/3947 11803/4082/3949 11804/4086/3950
f 11805/4219/3951 11806/4193/3951 11807/4192/3951
f 11805/4219/3951 11807/4192/3951 11808/4198/3951
f 11809/4219/3952 11810/4089/3952 11811/4220/3952
f 11809/4219/3952 11811/4220/3952 11812/4193/3953
f 11813/4219/3954 11814/4086/3955 11815/4085/3955
f 11813/4219/3954 11815/4085/3955 11816/4089/3955
f 11817/4220/3956 11818/4188/3957 11819/4187/3958
f 11817/4220/3956 11819/4187/3958 11820/4193/3958
f 11821/4220/3959 11822/4092/3960 11823/4221/3959
f 11821/4220/3959 11823/4221/3959 11824/4188/3960
f 11825/4220/3961 11826/4089/3961 11827/4088/3961
f 11825/4220/3961 11827/4088/3961 11828/4092/3961
f 11829/4221/3962 11830/4184/3962 11831/4183/3962
f 11829/4221/3962 11831/4183/3962 11832/4188/3962
f 11833/4221/3963 11834/4095/3963 11835/4222/3963
f 11833/4221/3963 11835/4222/3963 11836/4184/3963
f 11837/4221/3964 11838/4092/3964 11839/4091/3964
f 11837/4221/3964 11839/4091/3964 11840/4095/3965
f 11841/4222/3966 11842/4223/3967 11843/4182/3967
f 11841/4222/3966 11843/4182/3967 11844/4184/3967
f 11845/4222/3968 11846/4224/3968 11847/4225/3968
f 11845/4222/3968 11847/4225/3968 11848/4223/3968
f 11849/4222/3969 11850/4095/3969 11851/4094/3970
f 11849/4222/3969 11851/4094/3970 11852/4224/3970
f 11853/4224/3971 11854/4226/3972 11855/4227/3971
f 11853/4224/3971 11855/4227/3971 11856/4225/3971
f 11857/4224/3973 11858/4094/3973 11859/4097/3973
f 11857/4224/3973 11859/4097/3973 11860/4226/3973
f 11861/4226/3974 11862/4228/3974 11863/4229/3974
f 11861/4226/3974 11863/4229/3974 11864/4227/3975
s 0
f 11865/4226/3976 11866/4097/3976 11867/4099/3976
f 11865/4226/3977 11867/4099/3977 11868/4228/3977
s 1
f 11869/4228/3978 11870/4230/3979 11871/4231/3980
f 11869/4228/3978 11871/4231/3980 11872/4229/3978
f 11873/4228/3981 11874/4099/3981 11875/4101/3982
f 11873/4228/3981 11875/4101/3982 11876/4230/3982
f 11877/4230/3983 11878/4232/3984 11879/4233/3985
f 11877/4230/3983 11879/4233/3985 11880/4231/3986
f 11881/4230/3987 11882/4101/3988 11883/4234/3989
f 11881/4230/3987 11883/4234/3989 11884/4232/3989
f 11885/4234/3990 11886/4235/3991 11887/4236/3990
f 11885/4234/3990 11887/4236/3990 11888/4232/3990
f 11889/4234/3992 11890/4104/3993 11891/4237/3993
f 11889/4234/3992 11891/4237/3993 11892/4235/3994
f 11893/4234/3995 11894/4101/3995 11895/4100/3995
s 0
f 11893/4234/3996 11895/4100/3996 11896/4104/3996
s 1
f 11897/4237/3997 11898/4238/3998 11899/4239/3999
f 11897/4237/3997 11899/4239/3999 11900/4235/3998
f 11901/4237/4000 11902/4107/4001 11903/4240/4001
f 11901/4237/4000 11903/4240/4001 11904/4238/4002
f 11905/4237/4003 11906/4104/4003 11907/4103/4004
f 11905/4237/4003 11907/4103/4004 11908/4107/4003
f 11909/4240/4005 11910/4241/4006 11911/4242/4007
f 11909/4240/4005 11911/4242/4007 11912/4238/4008
f 11913/4240/4009 11914/4243/4010 11915/4244/4010
f 11913/4240/4009 11915/4244/4010 11916/4241/4010
f 11917/4240/4011 11918/4107/4012 11919/4106/4013
f 11917/4240/4011 11919/4106/4013 11920/4243/4014
f 11921/4243/4015 11922/4113/4016 11923/4115/4017
f 11921/4243/4015 11923/4115/4017 11924/4244/4016
f 11925/4243/4018 11926/4106/4019 11927/4109/4020
f 11925/4243/4018 11927/4109/4020 11928/4113/4021
f 11929/4244/4022 11930/4120/4022 11931/4245/4023
f 11929/4244/4022 11931/4245/4023 11932/4241/4022
f 11933/4244/4024 11934/4115/4025 11935/4117/4026
f 11933/4244/4024 11935/4117/4026 11936/4120/4025
f 11937/4245/3095 11938/4246/3095 11939/4242/3095
f 11937/4245/3095 11939/4242/3095 11940/4241/3095
f 11941/4245/4027 11942/4247/4027 11943/4248/4027
f 11941/4245/4027 11943/4248/4027 11944/4246/4027
f 11945/4245/4028 11946/4120/4029 11947/4119/4028
f 11945/4245/4028 11947/4119/4028 11948/4247/4029
f 11949/4247/4030 11950/4249/4031 11951/4250/4030
f 11949/4247/4030 11951/4250/4030 11952/4248/4030
f 11953/4247/4032 11954/4119/4033 11955/4122/4034
f 11953/4247/4032 11955/4122/4034 11956/4249/4032
f 11957/4249/4035 11958/4251/4035 11959/4252/4036
f 11957/4249/4035 11959/4252/4036 11960/4250/4036
f 11961/4249/4037 11962/4122/4038 11963/4124/4038
f 11961/4249/4037 11963/4124/4038 11964/4251/4037
f 11965/4253/4039 11966/4128/4039 11967/4127/4039
f 11965/4253/4039 11967/4127/4039 11968/4254/4039
f 11969/4253/4040 11970/4254/4040 11971/4255/4040
f 11969/4253/4040 11971/4255/4040 11972/4256/4040
f 11973/4255/4041 11974/4254/4041 11975/4133/4041
f 11973/4255/4041 11975/4133/4041 11976/4257/4042
f 11977/4255/4043 11978/4258/4044 11979/4259/4043
f 11977/4255/4043 11979/4259/4043 11980/4256/4043
f 11981/4255/4045 11982/4257/4046 11983/4260/4046
f 11981/4255/4045 11983/4260/4046 11984/4258/4045
f 11985/4260/4047 11986/4257/4048 11987/4136/4047
f 11985/4260/4047 11987/4136/4047 11988/4261/4048
f 11989/4260/4049 11990/4262/4050 11991/4263/4051
f 11989/4260/4049 11991/4263/4051 11992/4258/4051
f 11993/4260/4052 11994/4261/4052 11995/4264/4052
f 11993/4260/4052 11995/4264/4052 11996/4262/4052
f 11997/4264/4053 11998/4261/4054 11999/4139/4053
f 11997/4264/4053 11999/4139/4053 12000/4265/4053
f 12001/4264/4055 12002/4266/4055 12003/4267/4055
f 12001/4264/4055 12003/4267/4055 12004/4262/4055
f 12005/4264/4056 12006/4265/4057 12007/4268/4057
f 12005/4264/4056 12007/4268/4057 12008/4266/4056
f 12009/4268/4058 12010/4265/4058 12011/4142/4058
f 12009/4268/4058 12011/4142/4058 12012/4269/4058
f 12013/4268/4059 12014/4270/4060 12015/4271/4061
f 12013/4268/4059 12015/4271/4061 12016/4266/4062
f 12017/4268/4063 12018/4269/4063 12019/4272/4063
f 12017/4268/4063 12019/4272/4063 12020/4270/4063
f 12021/4272/4064 12022/4269/4065 12023/4145/4065
f 12021/4272/4064 12023/4145/4065 12024/4273/4066
f 12025/4272/4067 12026/4274/4067 12027/4275/4068
f 12025/4272/4067 12027/4275/4068 12028/4270/4069
f 12029/4272/4070 12030/4273/4070 12031/4276/4070
f 12029/4272/4070 12031/4276/4070 12032/4274/4071
f 12033/4276/4072 12034/4273/4073 12035/4148/4073
f 12033/4276/4072 12035/4148/4073 12036/4277/4073
f 12037/4276/4074 12038/4278/4074 12039/4279/4074
f 12037/4276/4074 12039/4279/4074 12040/4274/4074
f 12041/4276/4075 12042/4277/4076 12043/4280/4076
f 12041/4276/4075 12043/4280/4076 12044/4278/4076
f 12045/4280/4077 12046/4277/4077 12047/4151/4077
f 12045/4280/4077 12047/4151/4077 12048/4281/4077
f 12049/4280/4078 12050/4282/4078 12051/4283/4078
f 12049/4280/4078 12051/4283/4078 12052/4278/4078
f 12053/4280/4079 12054/4281/4080 12055/4284/4080
f 12053/4280/4079 12055/4284/4080 12056/4282/4079
f 12057/4284/4081 12058/4281/4081 12059/4285/4082
f 12057/4284/4081 12059/4285/4082 12060/4286/4082
f 12061/4287/4083 12062/4288/4083 12063/4289/4083
f 12061/4287/4083 12063/4289/4083 12064/4290/4083
f 12065/4287/4084 12066/4291/4085 12067/4292/4085
f 12065/4287/4084 12067/4292/4085 12068/4288/4085
f 12069/4292/4086 12070/4291/4086 12071/4293/4086
f 12069/4292/4086 12071/4293/4086 12072/4294/4087
f 12073/4292/4088 12074/4295/4089 12075/4296/4089
f 12073/4292/4088 12075/4296/4089 12076/4288/4090
f 12077/4292/4091 12078/4294/4092 12079/4297/4092
f 12077/4292/4091 12079/4297/4092 12080/4295/4092
f 12081/4297/4093 12082/4294/4094 12083/4175/4093
f 12081/4297/4093 12083/4175/4093 12084/4298/4094
f 12085/4297/4095 12086/4225/4095 12087/4227/4095
f 12085/4297/4095 12087/4227/4095 12088/4295/4095
f 12089/4297/4096 12090/4298/4096 12091/4223/4096
f 12089/4297/4096 12091/4223/4096 12092/4225/4096
f 12093/4298/4097 12094/4175/4097 12095/4174/4097
f 12093/4298/4097 12095/4174/4097 12096/4180/4098
f 12097/4298/4099 12098/4180/4099 12099/4182/4099
f 12097/4298/4099 12099/4182/4099 12100/4223/4099
f 12101/4295/4100 12102/4227/4100 12103/4229/4100
f 12101/4295/4100 12103/4229/4100 12104/4296/4100
f 12105/4296/4101 12106/4299/4101 12107/4289/4102
f 12105/4296/4101 12107/4289/4102 12108/4288/4103
s 0
f 12109/4296/4104 12110/4229/4104 12111/4231/4104
f 12109/4296/4105 12111/4231/4105 12112/4299/4105
s 1
f 12113/4299/4106 12114/4300/4106 12115/4301/4106
f 12113/4299/4106 12115/4301/4106 12116/4289/4106
f 12117/4299/4107 12118/4231/4107 12119/4233/4107
f 12117/4299/4107 12119/4233/4107 12120/4300/4108
f 12121/4300/4109 12122/4302/4110 12123/4303/4110
f 12121/4300/4109 12123/4303/4110 12124/4301/4109
f 12125/4300/4111 12126/4233/4112 12127/4304/4113
f 12125/4300/4111 12127/4304/4113 12128/4302/4111
f 12129/4304/4114 12130/4305/4114 12131/4306/4114
f 12129/4304/4114 12131/4306/4114 12132/4302/4115
f 12133/4304/4116 12134/4236/4116 12135/4307/4116
s 0
f 12133/4304/4117 12135/4307/4117 12136/4305/4117
f 12137/4304/4118 12138/4233/4118 12139/4232/4118
f 12137/4304/4119 12139/4232/4119 12140/4236/4119
s 1
f 12141/4307/4120 12142/4308/4121 12143/4309/4121
f 12141/4307/4120 12143/4309/4121 12144/4305/4121
f 12145/4307/4122 12146/4239/4122 12147/4310/4122
f 12145/4307/4122 12147/4310/4122 12148/4308/4122
f 12149/4307/4123 12150/4236/4124 12151/4235/4125
f 12149/4307/4123 12151/4235/4125 12152/4239/4123
f 12153/4310/4126 12154/4311/4127 12155/4312/4128
f 12153/4310/4126 12155/4312/4128 12156/4308/4127
f 12157/4310/4129 12158/4242/4129 12159/4246/4129
f 12157/4310/4129 12159/4246/4129 12160/4311/4129
f 12161/4310/4130 12162/4239/4131 12163/4238/4132
f 12161/4310/4130 12163/4238/4132 12164/4242/4131
f 12165/4311/4133 12166/4313/4133 12167/4314/4133
f 12165/4311/4133 12167/4314/4133 12168/4312/4133
f 12169/4311/4134 12170/4246/4135 12171/4248/4136
f 12169/4311/4134 12171/4248/4136 12172/4313/4137
f 12173/4313/4138 12174/3839/4138 12175/3838/4138
f 12173/4313/4138 12175/3838/4138 12176/4314/4139
f 12177/4313/4140 12178/4248/4141 12179/4250/4140
f 12177/4313/4140 12179/4250/4140 12180/3839/4140
f 12181/4314/4142 12182/4315/4143 12183/4316/4143
f 12181/4314/4142 12183/4316/4143 12184/4312/4143
f 12185/4314/4144 12186/3838/4145 12187/3844/4145
f 12185/4314/4144 12187/3844/4145 12188/4315/4145
f 12189/4315/4146 12190/4317/4146 12191/4318/4146
f 12189/4315/4146 12191/4318/4146 12192/4316/4147
f 12193/4315/4148 12194/3844/4149 12195/3843/4150
f 12193/4315/4148 12195/3843/4150 12196/4317/4149
f 12197/4317/4151 12198/4319/4151 12199/4320/4152
f 12197/4317/4151 12199/4320/4152 12200/4318/4153
f 12201/4317/4154 12202/3843/4154 12203/3842/4155
f 12201/4317/4154 12203/3842/4155 12204/4319/4156
f 12205/4321/4157 12206/4322/4157 12207/4323/4158
f 12205/4321/4157 12207/4323/4158 12208/4324/4159
f 12209/4321/4160 12210/4325/4161 12211/3840/4162
f 12209/4321/4160 12211/3840/4162 12212/4322/4160
f 12213/4322/4163 12214/4326/4164 12215/4327/4164
f 12213/4322/4163 12215/4327/4164 12216/4323/4164
f 12217/4322/4165 12218/3840/4166 12219/3835/4165
f 12217/4322/4165 12219/3835/4165 12220/4326/4165
f 12221/4326/4167 12222/4328/4168 12223/4329/4169
f 12221/4326/4167 12223/4329/4169 12224/4327/4169
f 12225/4326/4170 12226/3835/4170 12227/3834/4170
f 12225/4326/4170 12227/3834/4170 12228/4328/4170
f 12229/4328/4171 12230/4330/4171 12231/4331/4172
f 12229/4328/4171 12231/4331/4172 12232/4329/4173
f 12233/4328/4174 12234/3834/4175 12235/4332/4174
f 12233/4328/4174 12235/4332/4174 12236/4330/4174
f 12237/4330/4176 12238/4333/4176 12239/4267/4176
f 12237/4330/4176 12239/4267/4176 12240/4331/4176
f 12241/4330/4177 12242/4332/4178 12243/4334/4178
f 12241/4330/4177 12243/4334/4178 12244/4333/4178
f 12245/4333/4179 12246/4263/4179 12247/4262/4179
f 12245/4333/4179 12247/4262/4179 12248/4267/4179
f 12249/4333/4180 12250/4334/4181 12251/4335/4180
f 12249/4333/4180 12251/4335/4180 12252/4263/4181
f 12253/4331/4182 12254/4267/4182 12255/4266/4182
f 12253/4331/4182 12255/4266/4182 12256/4271/4182
f 12257/4331/4183 12258/4271/4183 12259/4336/4183
f 12257/4331/4183 12259/4336/4183 12260/4329/4184
f 12261/4336/4185 12262/4271/4185 12263/4270/4185
f 12261/4336/4185 12263/4270/4185 12264/4275/4185
f 12265/4336/4186 12266/4337/4186 12267/4327/4186
f 12265/4336/4186 12267/4327/4186 12268/4329/4187
f 12269/4336/4188 12270/4275/4188 12271/4338/4189
f 12269/4336/4188 12271/4338/4189 12272/4337/4188
f 12273/4338/4190 12274/4275/4191 12275/4274/4192
f 12273/4338/4190 12275/4274/4192 12276/4279/4191
f 12277/4338/4193 12278/4339/4194 12279/4340/4193
f 12277/4338/4193 12279/4340/4193 12280/4337/4193
f 12281/4338/4195 12282/4279/4195 12283/4341/4195
f 12281/4338/4195 12283/4341/4195 12284/4339/4195
f 12285/4341/4196 12286/4279/4196 12287/4278/4196
f 12285/4341/4196 12287/4278/4196 12288/4283/4196
f 12289/4342/4197 12290/4303/4198 12291/4343/4199
f 12289/4342/4197 12291/4343/4199 12292/4344/4198
f 12293/4342/4200 12294/4345/4200 12295/4301/4200
f 12293/4342/4200 12295/4301/4200 12296/4303/4200
f 12297/4346/4201 12298/4347/4202 12299/4348/4203
f 12297/4346/4201 12299/4348/4203 12300/4349/4201
f 12301/4350/4204 12302/4351/4205 12303/4352/4204
f 12301/4350/4204 12303/4352/4204 12304/4353/4204
f 12305/4343/4206 12306/4303/4206 12307/4302/4206
f 12305/4343/4206 12307/4302/4206 12308/4306/4207
f 12309/4354/4208 12310/4318/4208 12311/4320/4208
f 12309/4354/4208 12311/4320/4208 12312/4355/4208
f 12313/4354/4209 12314/4309/4210 12315/4316/4210
f 12313/4354/4209 12315/4316/4210 12316/4318/4210
f 12317/4354/4211 12318/4306/4211 12319/4305/4211
f 12317/4354/4211 12319/4305/4211 12320/4309/4211
f 12321/4356/4212 12322/4324/4213 12323/4323/4213
f 12321/4356/4212 12323/4323/4213 12324/4340/4212
f 12325/4340/4214 12326/4323/4215 12327/4327/4214
f 12325/4340/4214 12327/4327/4214 12328/4337/4214
f 12329/4316/4216 12330/4309/4217 12331/4308/4217
f 12329/4316/4216 12331/4308/4217 12332/4312/4218
f 12333/4301/4219 12334/4345/4219 12335/4290/4220
f 12333/4301/4219 12335/4290/4220 12336/4289/4220
f 12337/4294/4221 12338/4293/4221 12339/4176/4221
f 12337/4294/4221 12339/4176/4221 12340/4175/4221
f 12341/4357/4222 12342/4358/4223 12343/4169/4224
f 12341/4357/4222 12343/4169/4224 12344/4168/4225
f 12345/4281/4226 12346/4151/4226 12347/4150/4226
f 12345/4281/4226 12347/4150/4226 12348/4285/4226
f 12349/4277/4227 12350/4148/4227 12351/4147/4227
f 12349/4277/4227 12351/4147/4227 12352/4151/4227
f 12353/4273/4228 12354/4145/4229 12355/4144/4229
f 12353/4273/4228 12355/4144/4229 12356/4148/4229
f 12357/4269/4230 12358/4142/4230 12359/4141/4230
f 12357/4269/4230 12359/4141/4230 12360/4145/4230
f 12361/4265/4231 12362/4139/4231 12363/4138/4232
f 12361/4265/4231 12363/4138/4232 12364/4142/4231
f 12365/4263/4233 12366/4335/4233 12367/4259/4233
f 12365/4263/4233 12367/4259/4233 12368/4258/4233
f 12369/4261/4234 12370/4136/4235 12371/4135/4236
f 12369/4261/4234 12371/4135/4236 12372/4139/4235
f 12373/4257/4237 12374/4133/4238 12375/4132/4238
f 12373/4257/4237 12375/4132/4238 12376/4136/4237
f 12377/4254/4239 12378/4127/4239 12379/4130/4240
f 12377/4254/4239 12379/4130/4240 12380/4133/4239
f 12381/4208/4241 12382/4038/4242 12383/4037/4241
f 12381/4208/4241 12383/4037/4241 12384/4043/4242
f 12385/4208/4243 12386/4203/4244 12387/4202/4244
f 12385/4208/4243 12387/4202/4244 12388/4038/4244
f 12389/4202/4245 12390/4033/4245 12391/4032/4246
f 12389/4202/4245 12391/4032/4246 12392/4038/4245
f 12393/4202/4247 12394/4201/4247 12395/4359/4248
f 12393/4202/4247 12395/4359/4248 12396/4033/4248
f 12397/4359/4249 12398/4360/4250 12399/4030/4250
f 12397/4359/4249 12399/4030/4250 12400/4033/4249
f 12401/4195/4251 12402/4191/4252 12403/4190/4252
f 12401/4195/4251 12403/4190/4252 12404/4361/4251
f 12405/4190/4253 12406/3857/4253 12407/4023/4253
f 12405/4190/4253 12407/4023/4253 12408/4361/4253
f 12409/4190/4254 12410/4186/4255 12411/3858/4255
f 12409/4190/4254 12411/3858/4255 12412/3857/4254
f 12413/4045/4256 12414/4362/4256 12415/3977/4257
f 12413/4045/4256 12415/3977/4257 12416/4363/4256
f 12417/4045/4258 12418/4041/4259 12419/4040/4259
f 12417/4045/4258 12419/4040/4259 12420/4362/4259
f 12421/4045/4260 12422/4363/4261 12423/3890/4260
f 12421/4045/4260 12423/3890/4260 12424/4046/4261
f 12425/4362/4262 12426/3982/4263 12427/3978/4263
f 12425/4362/4262 12427/3978/4263 12428/3977/4263
f 12429/4362/4264 12430/4040/4265 12431/4364/4264
f 12429/4362/4264 12431/4364/4264 12432/3982/4264
f 12433/4364/4266 12434/4040/4267 12435/4036/4267
f 12433/4364/4266 12435/4036/4267 12436/4035/4266
f 12437/4364/4268 12438/3987/4268 12439/3983/4268
f 12437/4364/4268 12439/3983/4268 12440/3982/4268
f 12441/4364/4269 12442/4035/4269 12443/3878/4269
f 12441/4364/4269 12443/3878/4269 12444/3987/4270
f 12445/4363/4271 12446/3972/4272 12447/3891/4273
f 12445/4363/4271 12447/3891/4273 12448/3890/4272
f 12449/4363/4274 12450/3977/4275 12451/3973/4276
f 12449/4363/4274 12451/3973/4276 12452/3972/4275
f 12453/4035/4277 12454/4031/4278 12455/3872/4278
f 12453/4035/4277 12455/3872/4278 12456/3878/4277
f 12457/4023/4279 12458/3857/4280 12459/3856/4281
f 12457/4023/4279 12459/3856/4281 12460/4017/4280
f 12461/4021/4282 12462/4365/4282 12463/4010/4282
f 12461/4021/4282 12463/4010/4282 12464/3875/4282
f 12465/4003/4283 12466/4366/4283 12467/4014/4283
f 12465/4003/4283 12467/4014/4283 12468/3860/4284
f 12469/3987/4285 12470/3878/4285 12471/3877/4285
f 12469/3987/4285 12471/3877/4285 12472/3988/4286
f 12473/3972/4287 12474/3968/4288 12475/3892/4289
f 12473/3972/4287 12475/3892/4289 12476/3891/4290
f 12477/3963/4291 12478/3887/4291 12479/3892/4292
f 12477/3963/4291 12479/3892/4292 12480/3964/4293
f 12481/3953/4294 12482/3949/4294 12483/3865/4295
f 12481/3953/4294 12483/3865/4295 12484/3867/4294
f 12485/3944/4296 12486/3863/4297 12487/3862/4297
f 12485/3944/4296 12487/3862/4297 12488/3945/4297
f 12489/3924/4298 12490/3884/4298 12491/3883/4299
f 12489/3924/4298 12491/3883/4299 12492/3919/4298
f 12493/3911/4300 12494/3882/4301 12495/3881/4302
f 12493/3911/4300 12495/3881/4302 12496/3912/4301
f 12497/4367/4303 12498/3839/4303 12499/4250/4304
f 12497/4367/4303 12499/4250/4304 12500/4252/4304
f 12501/4368/4305 12502/4369/4305 12503/4370/4306
f 12501/4368/4305 12503/4370/4306 12504/4371/4306
f 12505/4369/4307 12506/4368/4307 12507/4372/4308
f 12505/4369/4307 12507/4372/4308 12508/4373/4307
f 12509/3999/4309 12510/4005/4310 12511/4374/4309
f 12509/3999/4309 12511/4374/4309 12512/4000/4309
f 12513/4375/4311 12514/4376/4311 12515/4015/4312
f 12513/4375/4311 12515/4015/4312 12516/4013/4313
f 12517/4375/4314 12518/4013/4314 12519/4012/4315
f 12517/4375/4314 12519/4012/4315 12520/4377/4314
f 12521/4012/4316 12522/4014/4317 12523/4378/4317
f 12521/4012/4316 12523/4378/4317 12524/4377/4318
f 12525/4379/4319 12526/4380/4319 12527/4381/4319
f 12525/4379/4319 12527/4381/4319 12528/4382/4320
f 12529/4016/4321 12530/4015/4322 12531/4383/4321
f 12529/4016/4321 12531/4383/4321 12532/4018/4323
f 12533/4011/4324 12534/4010/4324 12535/4365/4324
f 12533/4011/4324 12535/4365/4324 12536/4384/4324
