# Blender 4.5.4 LTS
# www.blender.org
mtllib flower_cap.mtl
o Object_2
v -0.132609 3.773065 -0.298351
v -0.247665 3.774689 -0.130321
v -0.133967 3.893109 -0.107857
v 0.265296 3.779778 -0.197031
v 0.194613 3.756454 -0.323632
v 0.141096 3.898103 -0.122901
v 0.272493 3.775434 -0.191214
v 0.191095 3.801478 -0.237888
v 0.128326 3.903352 -0.106038
v 0.269982 3.785351 0.226506
v 0.392121 3.762961 0.063757
v 0.201140 3.900898 0.098788
v 0.328816 3.773065 0.140984
v 0.318488 3.774689 -0.031944
v 0.233801 3.893109 0.044167
v -0.048067 3.779778 0.348412
v 0.091459 3.756454 0.366396
v 0.017637 3.898103 0.235683
v -0.051077 3.773065 0.349302
v 0.113285 3.774689 0.299367
v 0.017849 3.893109 0.237265
v -0.338690 3.779778 0.038189
v -0.330241 3.756454 0.183172
v -0.234574 3.898103 0.036000
v -0.357206 3.773065 -0.020022
v -0.288355 3.774689 0.138945
v -0.234807 3.893109 0.038459
v -0.066653 3.778031 -0.323668
v -0.211258 3.756454 -0.313021
v -0.051867 3.892245 -0.179785
v -0.326321 3.796717 -0.744505
v -0.432855 3.781384 -0.643607
v -0.403964 3.821805 -0.689745
v -0.327930 3.875648 -0.791728
v -0.169193 3.204698 0.015850
v -0.314887 3.273378 0.014977
v -0.401133 3.333746 -0.135066
v -0.245248 3.273449 -0.195824
v -0.451255 3.402297 -0.274112
v -0.273640 3.341218 -0.338702
v -0.474464 3.483211 -0.395048
v -0.300192 3.426526 -0.459048
v -0.485487 3.590837 -0.500234
v -0.318512 3.532211 -0.562948
v -0.461218 3.685860 -0.596213
v -0.323175 3.651041 -0.655911
v 0.067437 3.532211 -0.631001
v -0.134935 3.509284 -0.618600
v -0.150973 3.628111 -0.709557
v 0.042092 3.651041 -0.720317
v 0.093540 3.426524 -0.528474
v -0.116615 3.403596 -0.514701
v 0.107138 3.338463 -0.405844
v -0.095234 3.327832 -0.393443
v 0.121053 3.272913 -0.260413
v -0.069944 3.259307 -0.250017
v 0.130640 3.204403 -0.033853
v -0.029162 3.132535 -0.018735
v 0.002415 3.800096 -0.805900
v -0.172826 3.811841 -0.833492
v -0.181363 3.929379 -0.881905
v -0.018865 3.880845 -0.851503
v 0.154077 3.782221 -0.746249
v 0.111606 3.826065 -0.783279
v 0.262766 3.261808 -0.089829
v 0.286022 3.306516 -0.255379
v 0.288627 3.372067 -0.403723
v 0.283049 3.460128 -0.527767
v 0.254114 3.565815 -0.629795
v 0.196849 3.686698 -0.711398
v -0.192082 3.584286 -0.789859
v -0.314518 3.568954 -0.708994
v -0.278054 3.609375 -0.749414
v -0.185466 3.663217 -0.836645
v -0.169375 2.992268 -0.013771
v -0.312704 3.060947 -0.039930
v -0.371585 3.121315 -0.202670
v -0.207518 3.061019 -0.235436
v -0.396801 3.189866 -0.348308
v -0.210668 3.128787 -0.381074
v -0.398657 3.270780 -0.471436
v -0.215919 3.214094 -0.504202
v -0.391247 3.378406 -0.576938
v -0.215919 3.319780 -0.609705
v -0.350680 3.473429 -0.667245
v -0.204368 3.438611 -0.702065
v 0.175984 3.319780 -0.609705
v -0.025466 3.296853 -0.632633
v -0.025466 3.415681 -0.724994
v 0.166534 3.438611 -0.702065
v 0.183887 3.214094 -0.504202
v -0.025466 3.191165 -0.527131
v 0.175984 3.126033 -0.381074
v -0.025466 3.115401 -0.404003
v 0.164433 3.060483 -0.235436
v -0.025466 3.046876 -0.258365
v 0.134534 2.991972 -0.010653
v -0.025466 2.920105 -0.023514
v 0.142321 3.587665 -0.793238
v -0.025466 3.599411 -0.850841
v -0.025466 3.716948 -0.900000
v 0.129283 3.668413 -0.841842
v 0.281321 3.569791 -0.708157
v 0.245925 3.613633 -0.751999
v 0.274372 3.049378 -0.042835
v 0.326023 3.094085 -0.201832
v 0.354348 3.159637 -0.347470
v 0.370395 3.247697 -0.470599
v 0.359616 3.353384 -0.576101
v 0.317391 3.474267 -0.666408
v 0.765222 3.584286 -0.165787
v 0.684356 3.568954 -0.288223
v 0.724777 3.609374 -0.251759
v 0.812007 3.663217 -0.159171
v -0.010866 2.978000 -0.159171
v 0.015293 3.044798 -0.286409
v 0.178032 3.093247 -0.345290
v 0.210798 3.060483 -0.181223
v 0.323670 3.158799 -0.370505
v 0.356436 3.126032 -0.184373
v 0.446798 3.246861 -0.372362
v 0.479565 3.214093 -0.189623
v 0.552301 3.352547 -0.364952
v 0.585067 3.319780 -0.189624
v 0.642607 3.473429 -0.324385
v 0.677427 3.438610 -0.178073
v 0.585067 3.319780 0.202279
v 0.607996 3.296853 0.000829
v 0.700356 3.415680 0.000829
v 0.677428 3.438610 0.192829
v 0.479565 3.214094 0.210182
v 0.502494 3.191165 0.000829
v 0.356437 3.126032 0.202279
v 0.379365 3.103105 0.000829
v 0.210798 3.060482 0.190729
v 0.233727 3.047348 0.000829
v -0.013985 2.988291 0.160829
v -0.001124 2.926785 0.000829
v 0.768600 3.587665 0.168616
v 0.826203 3.599410 0.000829
v 0.875363 3.716948 0.000829
v 0.817205 3.668413 0.155578
v 0.696240 3.569790 0.307616
v 0.727361 3.613633 0.272220
v 0.018198 3.026033 0.300667
v 0.177195 3.094085 0.352318
v 0.322833 3.159637 0.380643
v 0.445961 3.247697 0.396690
v 0.551463 3.353384 0.385911
v 0.641770 3.474267 0.343686
v 0.209428 3.584286 0.773987
v 0.324351 3.568954 0.682758
v 0.291548 3.609375 0.726203
v 0.206915 3.663217 0.821170
v 0.135197 3.016403 0.001429
v 0.264231 3.081040 0.016399
v 0.337071 3.149565 0.173387
v 0.176484 3.084166 0.220328
v 0.374884 3.195432 0.316273
v 0.192316 3.123353 0.362898
v 0.387465 3.281794 0.438771
v 0.208278 3.206451 0.487339
v 0.389278 3.370371 0.544517
v 0.217473 3.319780 0.592440
v 0.356737 3.473429 0.638016
v 0.214016 3.438611 0.685456
v -0.172939 3.319780 0.626597
v 0.029744 3.296853 0.631881
v 0.037793 3.415680 0.723889
v -0.155474 3.438611 0.717782
v -0.190007 3.214094 0.522185
v 0.020548 3.191165 0.526780
v -0.192865 3.126033 0.398836
v 0.009817 3.103105 0.404120
v -0.194052 3.067159 0.252745
v -0.002876 3.049760 0.259036
v -0.185523 2.995665 0.063239
v -0.023345 2.963846 0.025079
v -0.123408 3.587665 0.806497
v 0.048762 3.599411 0.849257
v 0.053046 3.716948 0.898230
v -0.106184 3.668413 0.853781
v -0.269294 3.569791 0.733855
v -0.230212 3.613633 0.774445
v -0.320358 3.049378 0.070460
v -0.357955 3.094085 0.233353
v -0.373479 3.159637 0.380906
v -0.378734 3.247697 0.504964
v -0.358801 3.353384 0.609126
v -0.308866 3.474267 0.695408
v -0.661345 3.584286 -0.497775
v -0.714630 3.568954 -0.379716
v -0.721864 3.609375 -0.411531
v -0.686351 3.663217 -0.537868
v -0.157418 2.993157 0.092490
v -0.271703 3.044798 0.154238
v -0.421415 3.093248 0.067420
v -0.316794 3.065522 -0.063140
v -0.534346 3.158799 -0.027936
v -0.412822 3.126032 -0.172680
v -0.614913 3.246861 -0.121065
v -0.495989 3.214094 -0.263627
v -0.677052 3.352547 -0.206648
v -0.563805 3.319780 -0.344447
v -0.704024 3.473429 -0.311868
v -0.614324 3.438610 -0.422624
v -0.263589 3.319780 -0.596357
v -0.432648 3.296853 -0.484432
v -0.492016 3.415680 -0.555184
v -0.330197 3.438610 -0.661034
v -0.189720 3.214093 -0.520617
v -0.364832 3.191165 -0.403612
v -0.116628 3.126032 -0.421216
v -0.285687 3.103105 -0.309290
v -0.031863 3.060483 -0.302226
v -0.192073 3.038892 -0.197725
v 0.089720 2.951667 -0.110813
v -0.041114 2.922032 -0.017819
v -0.407350 3.587665 -0.715313
v -0.572909 3.599411 -0.651588
v -0.604508 3.716948 -0.689246
v -0.448579 3.668413 -0.744166
v -0.246181 3.569790 -0.751608
v -0.301476 3.613633 -0.755223
v 0.176157 3.049377 -0.225352
v 0.113522 3.094085 -0.380352
v 0.041606 3.168796 -0.510124
v -0.025247 3.247697 -0.614760
v -0.101319 3.353384 -0.688651
v -0.191713 3.474267 -0.730689
v 0.415820 3.555443 -0.676087
v 0.272064 3.513727 -0.705482
v 0.326429 3.580530 -0.708280
v 0.453580 3.634373 -0.704491
v -0.128279 2.986917 -0.122632
v -0.199753 3.050791 -0.231100
v -0.126314 3.108651 -0.387809
v 0.012868 3.031640 -0.294966
v -0.041162 3.160388 -0.518584
v 0.113622 3.097190 -0.409336
v 0.044590 3.218018 -0.596998
v 0.196975 3.185250 -0.490952
v 0.124431 3.323704 -0.666360
v 0.271576 3.290938 -0.579709
v 0.216973 3.444586 -0.701532
v 0.345053 3.409766 -0.629364
v 0.548694 3.290938 -0.288436
v 0.422459 3.268009 -0.471194
v 0.487768 3.386838 -0.512405
v 0.607319 3.409766 -0.360427
v 0.479680 3.190856 -0.208247
v 0.347858 3.162323 -0.372495
v 0.387027 3.097190 -0.126770
v 0.260793 3.074261 -0.285430
v 0.275878 3.023152 -0.031956
v 0.157811 2.977037 -0.182449
v 0.095790 2.994108 0.116288
v -0.006475 2.905478 -0.005322
v 0.654667 3.558821 -0.442017
v 0.576755 3.570568 -0.601392
v 0.611516 3.688105 -0.636153
v 0.679817 3.639570 -0.485605
v 0.692793 3.540948 -0.283568
v 0.698766 3.584790 -0.339598
v 0.217427 3.049475 0.181972
v 0.366377 3.103519 0.106066
v 0.489387 3.179049 0.023114
v 0.587799 3.241663 -0.052604
v 0.654779 3.324542 -0.134827
v 0.688778 3.445425 -0.228541
v 0.687334 3.584285 0.381439
v 0.704088 3.568954 0.235669
v 0.711613 3.609375 0.289583
v 0.718921 3.663217 0.416580
v 0.088564 3.000239 -0.112353
v 0.190390 3.059711 -0.193008
v 0.352903 3.115879 -0.133507
v 0.272543 3.082017 0.013237
v 0.480677 3.191153 -0.059209
v 0.386133 3.159941 0.104439
v 0.576192 3.275316 0.018515
v 0.483830 3.214094 0.179562
v 0.652248 3.381003 0.092007
v 0.564649 3.319780 0.247378
v 0.695351 3.473429 0.181131
v 0.627977 3.438610 0.315595
v 0.312739 3.305810 0.547593
v 0.459793 3.296853 0.408011
v 0.530545 3.415680 0.467379
v 0.389566 3.424639 0.599721
v 0.226839 3.196341 0.485831
v 0.378974 3.191165 0.340195
v 0.137597 3.087152 0.400632
v 0.284652 3.125610 0.261050
v 0.033457 3.032589 0.298169
v 0.173087 3.069144 0.167435
v -0.119517 2.970625 0.130776
v -0.006819 2.951478 0.016476
v 0.474971 3.587665 0.639778
v 0.626950 3.599411 0.548272
v 0.664608 3.716947 0.579871
v 0.520585 3.668413 0.661033
v 0.320448 3.569790 0.691569
v 0.376785 3.613633 0.692636
v -0.184751 3.049378 0.258585
v -0.096152 3.099624 0.400353
v -0.002794 3.175225 0.515666
v 0.081212 3.259900 0.607104
v 0.168960 3.353384 0.666663
v 0.265281 3.474267 0.692365
v -0.406076 3.512430 0.713629
v -0.260305 3.497098 0.730383
v -0.314220 3.537519 0.737909
v -0.441217 3.591361 0.745217
v 0.087716 2.995003 0.114859
v 0.168371 3.050417 0.216685
v 0.108869 3.070422 0.379198
v -0.037875 3.005087 0.298839
v -0.082684 3.033117 0.354842
v 0.071721 3.116410 0.443085
v 0.034572 3.162398 0.506972
v -0.127492 3.061148 0.410845
v -0.043152 3.249315 0.602487
v -0.204199 3.144247 0.510125
v -0.116644 3.342159 0.678544
v -0.272015 3.247925 0.590945
v -0.205768 3.426733 0.721647
v -0.340231 3.366755 0.654272
v -0.572230 3.247924 0.339035
v -0.432648 3.224997 0.486089
v -0.492016 3.343825 0.556841
v -0.624358 3.366755 0.415862
v -0.510468 3.150753 0.253135
v -0.364832 3.151126 0.405269
v -0.425269 3.090046 0.163893
v -0.285687 3.076864 0.310360
v -0.374037 3.060755 0.111823
v -0.238880 3.033431 0.255165
v -0.155414 2.979899 -0.093222
v -0.041114 2.909701 0.019476
v -0.192073 3.002810 0.199383
v -0.322806 3.031466 0.059753
v -0.664415 3.515810 0.501267
v -0.572909 3.527555 0.653245
v -0.604508 3.645092 0.690904
v -0.685670 3.596559 0.546881
v -0.716206 3.497935 0.346744
v -0.717273 3.541778 0.403081
v -0.283223 3.055890 -0.124601
v -0.424991 3.102646 -0.069857
v -0.521100 3.143256 -0.023178
v -0.540303 3.170182 0.023501
v -0.604017 3.245686 0.107508
v -0.663252 3.328123 0.195256
v -0.698599 3.431406 0.291577
v -0.820107 3.570370 0.147437
v -0.742358 3.555038 0.271875
v -0.781845 3.595459 0.234403
v -0.866711 3.649301 0.139643
v -0.044100 3.009249 0.160409
v -0.073461 3.059073 0.286946
v -0.237635 3.128073 0.341701
v -0.266250 3.099855 0.176860
v -0.383863 3.170434 0.363234
v -0.411921 3.112117 0.176334
v -0.506999 3.258494 0.361982
v -0.535143 3.200180 0.178475
v -0.612281 3.338633 0.351912
v -0.640612 3.305865 0.175813
v -0.701535 3.459515 0.309079
v -0.732651 3.424695 0.161935
v -0.630722 3.329099 -0.215966
v -0.658727 3.282938 -0.015158
v -0.751058 3.401765 -0.017488
v -0.723291 3.424695 -0.208849
v -0.525053 3.223413 -0.221203
v -0.553258 3.195635 -0.012495
v -0.402164 3.138642 -0.210196
v -0.430169 3.110430 -0.009388
v -0.256864 3.073092 -0.194973
v -0.284577 3.076061 -0.005712
v -0.032907 2.996277 -0.159410
v -0.049801 2.937769 0.000214
v -0.815046 3.573750 -0.186944
v -0.876865 3.585495 -0.020664
v -0.926008 3.703032 -0.021905
v -0.863964 3.654499 -0.175138
v -0.726484 3.593200 -0.323753
v -0.771205 3.637043 -0.289475
v -0.061550 3.075449 -0.300016
v -0.219192 3.126350 -0.355663
v -0.364069 3.220181 -0.387654
v -0.486753 3.299387 -0.406804
v -0.592494 3.405072 -0.398691
v -0.683838 3.497676 -0.358758
v -0.507894 3.681645 -0.634678
v -0.584684 3.666313 -0.509646
v -0.568718 3.706733 -0.561689
v -0.521670 3.760575 -0.679876
v -0.159326 3.089626 0.059100
v -0.300281 3.158308 0.095965
v -0.422422 3.218676 -0.026643
v -0.287574 3.158379 -0.125677
v -0.506824 3.287224 -0.147979
v -0.351979 3.226146 -0.256338
v -0.560543 3.368139 -0.258786
v -0.408773 3.311453 -0.365711
v -0.598415 3.475765 -0.357536
v -0.453361 3.417140 -0.461329
v -0.599814 3.570789 -0.456526
v -0.481925 3.535969 -0.549918
v -0.098176 3.417140 -0.626954
v -0.290442 3.394211 -0.562598
v -0.329476 3.513041 -0.646305
v -0.145774 3.535969 -0.706668
v -0.046426 3.311453 -0.534677
v -0.245855 3.288526 -0.466980
v -0.001552 3.223393 -0.419745
v -0.193819 3.212761 -0.355388
v 0.049528 3.157841 -0.282870
v -0.132270 3.144237 -0.223395
v 0.117427 3.089333 -0.066511
v -0.033017 3.017464 -0.010548
v -0.206250 3.685024 -0.779065
v -0.382661 3.696769 -0.760361
v -0.403436 3.814306 -0.804915
v -0.238607 3.765773 -0.817606
v -0.044316 3.667151 -0.760699
v -0.094924 3.710992 -0.785475
v 0.230563 3.146738 -0.154777
v 0.210179 3.191445 -0.320705
v 0.174301 3.256996 -0.464669
v 0.136809 3.345057 -0.583043
v 0.082453 3.450745 -0.674105
v 0.006019 3.571628 -0.738106
v 0.623462 3.681645 -0.473651
v 0.498430 3.666313 -0.550440
v 0.550473 3.706733 -0.534475
v 0.668660 3.760575 -0.487427
v -0.077116 3.075360 -0.139666
v -0.107181 3.142159 -0.266038
v 0.015427 3.190609 -0.388178
v 0.114461 3.157841 -0.253331
v 0.136763 3.256159 -0.472581
v 0.245122 3.223393 -0.317735
v 0.247570 3.344220 -0.526300
v 0.354495 3.311453 -0.374530
v 0.346320 3.449906 -0.564171
v 0.450113 3.417140 -0.419117
v 0.445310 3.570789 -0.565571
v 0.538702 3.535969 -0.447682
v 0.615739 3.417140 -0.063933
v 0.551382 3.394211 -0.256199
v 0.635089 3.513041 -0.295232
v 0.695451 3.535969 -0.111531
v 0.523461 3.311453 -0.012183
v 0.455764 3.288526 -0.211612
v 0.408529 3.223392 0.032691
v 0.344172 3.200464 -0.159576
v 0.271654 3.157841 0.083772
v 0.212180 3.144706 -0.098026
v 0.055295 3.085651 0.151671
v -0.000668 3.024146 0.001226
v 0.767849 3.685024 -0.172007
v 0.749145 3.696769 -0.348417
v 0.793699 3.814306 -0.369193
v 0.806390 3.765773 -0.204364
v 0.761013 3.667150 -0.015449
v 0.774259 3.710992 -0.060681
v 0.143561 3.123394 0.264806
v 0.309489 3.191445 0.244423
v 0.453453 3.256996 0.208545
v 0.571827 3.345057 0.171052
v 0.662889 3.450745 0.116696
v 0.726890 3.571626 0.040262
v 0.516908 3.681645 0.612962
v 0.582508 3.666313 0.481712
v 0.571139 3.706733 0.534949
v 0.534571 3.760575 0.656787
v 0.123135 3.121852 -0.055842
v 0.246405 3.178401 -0.096807
v 0.378767 3.251729 0.014689
v 0.253064 3.189614 0.125099
v 0.473423 3.292792 0.128207
v 0.327665 3.220712 0.247621
v 0.536595 3.379153 0.233912
v 0.394722 3.303812 0.353657
v 0.582929 3.467731 0.328984
v 0.447474 3.417140 0.445025
v 0.592951 3.570789 0.427476
v 0.483650 3.535969 0.530787
v 0.108076 3.417140 0.640977
v 0.294001 3.394211 0.560108
v 0.340182 3.513041 0.631910
v 0.162440 3.535969 0.716238
v 0.048480 3.311453 0.553560
v 0.241250 3.288526 0.468740
v -0.006240 3.223393 0.442976
v 0.179686 3.200464 0.362108
v -0.069055 3.164519 0.311075
v 0.106867 3.147120 0.235982
v -0.141415 3.093024 0.135719
v -0.010558 3.061206 0.032595
v 0.228996 3.685024 0.783089
v 0.403105 3.696769 0.740897
v 0.427685 3.814307 0.791654
v 0.264589 3.765773 0.818663
v 0.066078 3.667151 0.778906
v 0.118652 3.710993 0.799177
v -0.260565 3.146738 0.199247
v -0.225798 3.191445 0.362768
v -0.177509 3.256996 0.503056
v -0.129842 3.345057 0.617712
v -0.067756 3.450745 0.703691
v 0.013965 3.571628 0.760786
v -0.809751 3.681645 -0.171641
v -0.808150 3.666313 -0.042124
v -0.828151 3.706733 -0.067901
v -0.849357 3.760575 -0.197409
v -0.103581 3.089316 0.150352
v -0.181062 3.142159 0.254614
v -0.353438 3.190609 0.239201
v -0.313797 3.161683 0.076658
v -0.496088 3.256159 0.200505
v -0.447121 3.223393 0.017964
v -0.608464 3.344220 0.150151
v -0.560932 3.311453 -0.029314
v -0.700951 3.449906 0.098848
v -0.656550 3.417140 -0.073901
v -0.769864 3.570789 0.014885
v -0.735375 3.535969 -0.123403
v -0.490924 3.417140 -0.429086
v -0.596842 3.394211 -0.256199
v -0.681323 3.513041 -0.295233
v -0.578625 3.535969 -0.459554
v -0.391967 3.311453 -0.391661
v -0.501224 3.288526 -0.211612
v -0.283714 3.223393 -0.332462
v -0.389632 3.200464 -0.159576
v -0.156603 3.157841 -0.260444
v -0.257639 3.135052 -0.098026
v 0.034483 3.049027 -0.138348
v -0.044792 3.018192 0.001226
v -0.671488 3.685024 -0.476141
v -0.790251 3.696769 -0.348418
v -0.839158 3.814306 -0.369193
v -0.721049 3.765773 -0.484866
v -0.540759 3.667150 -0.577148
v -0.592401 3.710992 -0.557055
v 0.064414 3.146738 -0.278686
v -0.057857 3.191445 -0.392692
v -0.177879 3.266155 -0.479913
v -0.282690 3.345057 -0.546493
v -0.382863 3.450745 -0.581311
v -0.482553 3.571626 -0.581208
v 0.091135 3.652803 -0.788476
v -0.051575 3.611086 -0.754363
v -0.003486 3.677890 -0.779874
v 0.113353 3.731732 -0.830177
v -0.168087 3.084275 -0.056930
v -0.278704 3.148151 -0.125029
v -0.278374 3.206011 -0.298092
v -0.112995 3.128998 -0.272768
v -0.256468 3.257746 -0.452600
v -0.070015 3.194550 -0.419003
v -0.211890 3.315377 -0.559909
v -0.028965 3.282611 -0.528199
v -0.168843 3.421064 -0.656515
v 0.001137 3.388298 -0.640168
v -0.099836 3.541946 -0.727500
v 0.046744 3.507126 -0.716223
v 0.375387 3.388298 -0.493300
v 0.183744 3.365368 -0.605586
v 0.225517 3.484198 -0.663494
v 0.398096 3.507126 -0.583322
v 0.346730 3.288217 -0.391457
v 0.157844 3.259682 -0.484606
v 0.297191 3.194551 -0.278457
v 0.115731 3.171621 -0.368903
v 0.236525 3.120512 -0.145553
v 0.065920 3.074397 -0.232049
v 0.135961 3.091468 0.064911
v -0.008117 3.002837 -0.002087
v 0.406526 3.656181 -0.677278
v 0.268559 3.667926 -0.781751
v 0.285373 3.785463 -0.834988
v 0.410898 3.736930 -0.727410
v 0.508044 3.638308 -0.549787
v 0.489778 3.682150 -0.603091
v 0.273960 3.146834 0.073034
v 0.376876 3.200880 -0.058709
v 0.453304 3.276408 -0.185876
v 0.510496 3.339022 -0.296090
v 0.536451 3.421901 -0.398917
v 0.527660 3.542783 -0.498219
v 0.784139 3.681645 0.055222
v 0.737719 3.666313 -0.083972
v 0.767324 3.706733 -0.038289
v 0.827618 3.760575 0.073721
v 0.032784 3.097600 -0.139256
v 0.090984 3.157072 -0.255387
v 0.263417 3.214745 -0.270141
v 0.252603 3.179377 -0.103184
v 0.410619 3.288512 -0.256804
v 0.394094 3.257301 -0.068533
v 0.530032 3.372676 -0.226729
v 0.514386 3.311453 -0.041737
v 0.630022 3.478364 -0.192265
v 0.616293 3.417140 -0.014430
v 0.706752 3.570789 -0.129707
v 0.702517 3.535969 0.020632
v 0.514861 3.403171 0.364119
v 0.589148 3.394211 0.175467
v 0.678361 3.513041 0.199372
v 0.606520 3.521999 0.378895
v 0.410908 3.293700 0.344446
v 0.487240 3.288526 0.148161
v 0.294020 3.184513 0.304944
v 0.368307 3.222970 0.116292
v 0.156334 3.129949 0.256093
v 0.227632 3.166504 0.078598
v -0.053050 3.067986 0.169033
v 0.000784 3.048839 0.017814
v 0.700852 3.685024 0.379105
v 0.799919 3.696769 0.231943
v 0.847404 3.814306 0.244667
v 0.751175 3.765773 0.379091
v 0.582695 3.667151 0.491347
v 0.634204 3.710992 0.468505
v -0.058158 3.146738 0.312437
v 0.082053 3.196984 0.403479
v 0.215397 3.272585 0.468533
v 0.330177 3.357259 0.515901
v 0.434874 3.450745 0.532796
v 0.533032 3.571626 0.515383
v -0.066437 3.609790 0.798146
v 0.072757 3.594458 0.771962
v 0.027074 3.634878 0.801567
v -0.084936 3.688720 0.851385
v 0.128040 3.092362 0.067027
v 0.244171 3.147778 0.125226
v 0.258926 3.167782 0.297660
v 0.091969 3.102447 0.286846
v 0.075026 3.130477 0.356539
v 0.252257 3.213770 0.371261
v 0.245588 3.259758 0.444862
v 0.058084 3.158507 0.426233
v 0.215513 3.346675 0.564275
v 0.030521 3.241606 0.548629
v 0.181050 3.439519 0.664265
v 0.003215 3.345285 0.650536
v 0.118493 3.524092 0.740995
v -0.031847 3.464113 0.727000
v -0.375334 3.345285 0.549104
v -0.186682 3.322356 0.623391
v -0.210587 3.441185 0.682389
v -0.390110 3.464113 0.631003
v -0.355662 3.248113 0.445151
v -0.159376 3.248486 0.521483
v -0.316160 3.187407 0.328264
v -0.127756 3.174224 0.402018
v -0.291734 3.158115 0.259421
v -0.108661 3.130790 0.332213
v -0.180250 3.077260 -0.018807
v -0.029030 3.007061 0.035027
v -0.089814 3.100171 0.261875
v -0.267309 3.128825 0.190578
v -0.390319 3.613168 0.707893
v -0.243158 3.624914 0.773424
v -0.255882 3.742451 0.871171
v -0.390306 3.693917 0.774942
v -0.502562 3.595295 0.616938
v -0.479720 3.639137 0.668448
v -0.309345 3.153249 0.006768
v -0.414695 3.200007 0.116297
v -0.482072 3.240616 0.199220
v -0.479748 3.267542 0.249641
v -0.501990 3.343045 0.352704
v -0.518591 3.425481 0.457264
v -0.509919 3.528766 0.559499
v -0.127930 3.086608 -0.135170
v -0.246489 3.167140 -0.052492
v -0.298678 3.258811 -0.140985
v -0.145675 3.200474 -0.274755
v -0.323460 3.329303 -0.194950
v -0.152385 3.258121 -0.327491
v -0.324675 3.436184 -0.230792
v -0.156406 3.349968 -0.366973
v -0.318213 3.534791 -0.248885
v -0.155319 3.471814 -0.383019
v -0.281044 3.671246 -0.234193
v -0.143765 3.605844 -0.367576
v 0.220903 3.472847 -0.379623
v 0.015796 3.439410 -0.420724
v 0.016418 3.576237 -0.408037
v 0.212554 3.586598 -0.379062
v 0.226918 3.350601 -0.363577
v 0.015633 3.334019 -0.403204
v 0.219528 3.247159 -0.327471
v 0.014898 3.231492 -0.360790
v 0.209553 3.159988 -0.267081
v 0.018500 3.165107 -0.322256
v 0.180312 3.060084 -0.108946
v 0.013768 3.066640 -0.171571
v 0.016462 3.765845 -0.360660
v -0.021699 3.946332 -0.065271
v 0.293246 3.153470 -0.121967
v 0.327364 3.250824 -0.175033
v 0.351290 3.334737 -0.207181
v 0.347304 3.432789 -0.233290
v 0.337655 3.557370 -0.248831
v 0.303395 3.659008 -0.238073
v -0.680960 3.667730 0.480216
v -0.557905 3.652399 0.560136
v -0.609529 3.692818 0.542863
v -0.726491 3.746660 0.492847
v 0.027824 3.106608 0.164018
v 0.054690 3.156434 0.291108
v -0.070961 3.225432 0.410115
v -0.166560 3.197216 0.272812
v -0.194388 3.267793 0.491429
v -0.298805 3.209478 0.333898
v -0.306516 3.355855 0.542334
v -0.409577 3.297538 0.387914
v -0.406190 3.435991 0.577702
v -0.506289 3.403225 0.430074
v -0.505183 3.556874 0.576602
v -0.595570 3.522054 0.456394
v -0.662898 3.426459 0.070823
v -0.603415 3.380296 0.264652
v -0.688080 3.499125 0.301561
v -0.743787 3.522054 0.116395
v -0.569344 3.320772 0.021419
v -0.506702 3.292995 0.222493
v -0.453316 3.236002 -0.020540
v -0.393832 3.207790 0.173289
v -0.315196 3.170451 -0.068151
v -0.260328 3.173421 0.115090
v -0.097193 3.093637 -0.130568
v -0.045044 3.035129 0.021241
v -0.817688 3.671109 0.175024
v -0.803442 3.682854 0.351851
v -0.848505 3.800391 0.371495
v -0.857033 3.751858 0.206398
v -0.795241 3.690560 0.013605
v -0.821286 3.734402 0.063572
v -0.182575 3.172808 -0.245895
v -0.348965 3.223711 -0.229705
v -0.493788 3.317540 -0.197472
v -0.613070 3.396745 -0.162978
v -0.705476 3.502432 -0.110938
v -0.771385 3.595037 -0.036143
v 0.091670 3.055540 -0.123824
v 0.053203 3.128708 -0.207332
v 0.117670 3.224008 -0.289852
v 0.250783 3.178374 -0.197670
v 0.163065 3.331228 -0.326190
v 0.279588 3.255209 -0.233857
v 0.194193 3.433406 -0.341643
v 0.314374 3.346961 -0.253413
v 0.210114 3.533391 -0.337447
v 0.332321 3.468805 -0.250358
v 0.211352 3.669271 -0.306395
v 0.328717 3.603367 -0.238730
v 0.448773 3.476702 0.080129
v 0.420721 3.439733 -0.103529
v 0.423479 3.572713 -0.101042
v 0.444469 3.590271 0.070472
v 0.436793 3.354598 0.093707
v 0.405038 3.334358 -0.095497
v 0.401155 3.251030 0.101612
v 0.354447 3.234190 -0.084228
v 0.341805 3.163683 0.115503
v 0.320219 3.167888 -0.065864
v 0.206354 3.061789 0.139888
v 0.162301 3.022198 0.047164
v 0.343392 3.775519 -0.039795
v 0.185072 3.949914 -0.013271
v 0.130245 3.159010 0.299492
v 0.217719 3.230526 0.294582
v 0.277718 3.343836 0.297742
v 0.294282 3.442151 0.296346
v 0.300920 3.564349 0.280353
v 0.288710 3.679148 0.259027
v 0.186042 3.086608 0.005001
v 0.211325 3.167140 -0.137311
v 0.310818 3.258811 -0.111702
v 0.297345 3.200474 0.091085
v 0.366514 3.329303 -0.091102
v 0.339401 3.258121 0.123604
v 0.392732 3.436184 -0.066633
v 0.370177 3.349968 0.148660
v 0.400968 3.534791 -0.049275
v 0.380763 3.471814 0.160768
v 0.364307 3.671246 -0.033359
v 0.369458 3.605844 0.165808
v 0.112497 3.472847 0.424564
v 0.286519 3.439410 0.308485
v 0.277103 3.576237 0.299960
v 0.118000 3.586598 0.418260
v 0.096893 3.350601 0.417480
v 0.274239 3.334019 0.291437
v 0.076568 3.247158 0.386737
v 0.244748 3.231492 0.260944
v 0.040889 3.159988 0.337004
v 0.205685 3.165107 0.236820
v -0.050336 3.060084 0.177904
v 0.111665 3.066640 0.130982
v 0.243551 3.765844 0.266511
v 0.112779 3.946332 0.081969
v -0.120929 3.153470 0.277681
v -0.107492 3.250824 0.355314
v -0.101654 3.334737 0.394960
v -0.080363 3.432789 0.407239
v -0.062550 3.557370 0.405821
v -0.045951 3.659008 0.391895
v 0.043319 3.086608 0.180997
v 0.187326 3.167140 0.168585
v 0.188341 3.258811 0.271316
v -0.011024 3.200474 0.310787
v 0.182857 3.329303 0.330445
v -0.031550 3.258121 0.367975
v 0.166008 3.436184 0.362103
v -0.047786 3.349968 0.396038
v 0.151373 3.534790 0.374551
v -0.049435 3.480527 0.403947
v 0.126510 3.671246 0.343258
v -0.048382 3.656263 0.385768
v -0.380982 3.472847 0.218548
v -0.223818 3.439410 0.356597
v -0.218021 3.576237 0.345296
v -0.373469 3.586598 0.222232
v -0.378178 3.350601 0.201642
v -0.214926 3.334019 0.341501
v -0.353743 3.247159 0.174053
v -0.193105 3.231492 0.305123
v -0.314939 3.159988 0.126718
v -0.176980 3.165107 0.269941
v -0.210625 3.084248 0.004324
v -0.097619 3.057637 0.141760
v -0.194396 3.765845 0.304229
v -0.049988 3.946332 0.130151
v -0.271741 3.153471 -0.040801
v -0.361668 3.250824 -0.011868
v -0.388791 3.334737 0.004032
v -0.396972 3.432789 0.039830
v -0.394464 3.557370 0.058113
v -0.381749 3.659008 0.054716
v -0.176534 3.086608 0.058929
v -0.151618 3.167140 0.201305
v -0.253870 3.258811 0.211270
v -0.310566 3.200474 0.016104
v -0.313252 3.329303 0.210961
v -0.361208 3.258121 -0.000070
v -0.346258 3.436184 0.196935
v -0.398697 3.349968 -0.013089
v -0.359934 3.534790 0.183440
v -0.412786 3.471814 -0.020846
v -0.330927 3.671246 0.155945
v -0.403887 3.605844 -0.029449
v -0.250922 3.472847 -0.360485
v -0.374749 3.439410 -0.191888
v -0.362985 3.576237 -0.187097
v -0.253938 3.586598 -0.352680
v -0.233837 3.350601 -0.359166
v -0.358935 3.334019 -0.184346
v -0.204223 3.247159 -0.337228
v -0.320794 3.231492 -0.165778
v -0.153685 3.159988 -0.302697
v -0.284340 3.165107 -0.152781
v -0.022666 3.073316 -0.209447
v -0.149730 3.066640 -0.084893
v -0.320015 3.765845 -0.167142
v -0.134013 3.935092 -0.038455
v 0.013193 3.153470 -0.317326
v -0.020515 3.250824 -0.370652
v -0.039561 3.334737 -0.398707
v -0.064914 3.432789 -0.409872
v -0.083074 3.557370 -0.394677
v -0.087781 3.659008 -0.369302
v -0.270749 3.724862 0.753755
v -0.129521 3.709528 0.764488
v -0.181310 3.749949 0.781261
v -0.302397 3.803792 0.800392
v 0.106328 3.207433 0.097882
v 0.203440 3.262848 0.184156
v 0.173063 3.282854 0.354532
v 0.014593 3.217517 0.300875
v -0.019810 3.245548 0.363809
v 0.147572 3.328841 0.423899
v 0.122081 3.374829 0.493266
v -0.054213 3.273578 0.426742
v 0.062124 3.461746 0.600827
v -0.112515 3.356678 0.537834
v 0.002956 3.554590 0.688490
v -0.165266 3.460355 0.629202
v -0.077329 3.639163 0.746414
v -0.218923 3.579185 0.693985
v -0.504664 3.460355 0.433250
v -0.341667 3.437428 0.553832
v -0.380027 3.556255 0.604634
v -0.540133 3.579185 0.508534
v -0.458757 3.363184 0.337931
v -0.288915 3.363556 0.462465
v -0.390348 3.302476 0.235250
v -0.227453 3.289295 0.355254
v -0.348937 3.273186 0.175075
v -0.190942 3.245862 0.292769
v -0.169240 3.192330 -0.064818
v -0.037107 3.122132 0.026320
v -0.154532 3.215240 0.229706
v -0.307526 3.243896 0.114899
v -0.560236 3.728240 0.582750
v -0.435050 3.739985 0.684136
v -0.472639 3.857522 0.775259
v -0.577577 3.808989 0.647518
v -0.645114 3.710365 0.465844
v -0.636382 3.754209 0.521510
v -0.300557 3.268321 -0.073527
v -0.430665 3.315077 0.005003
v -0.517208 3.355688 0.067662
v -0.528014 3.382613 0.116967
v -0.576172 3.458117 0.210761
v -0.619270 3.540554 0.307462
v -0.637354 3.643837 0.408457
v 0.743128 3.796716 0.256291
v 0.734315 3.781384 0.109825
v 0.751088 3.821805 0.161614
v 0.780337 3.875647 0.285413
v 0.067709 3.212669 -0.126025
v 0.153982 3.272142 -0.223137
v 0.324359 3.329815 -0.192759
v 0.270702 3.294447 -0.034290
v 0.463093 3.403584 -0.141777
v 0.398403 3.372373 0.035801
v 0.570653 3.487747 -0.081820
v 0.507660 3.426524 0.092819
v 0.658316 3.593433 -0.022652
v 0.599028 3.532211 0.145570
v 0.716241 3.685860 0.057633
v 0.673239 3.651041 0.201754
v 0.403076 3.518241 0.484968
v 0.523658 3.509283 0.321971
v 0.603645 3.628111 0.368151
v 0.487787 3.637070 0.522963
v 0.307757 3.408772 0.439060
v 0.432291 3.403596 0.269219
v 0.205076 3.299583 0.370652
v 0.325659 3.338040 0.207655
v 0.084725 3.245020 0.287829
v 0.199533 3.281575 0.134836
v -0.094992 3.183055 0.149543
v -0.003854 3.163909 0.017410
v 0.578852 3.800096 0.547581
v 0.712631 3.811841 0.431075
v 0.755204 3.929378 0.455655
v 0.627463 3.880845 0.560593
v 0.435669 3.782221 0.625418
v 0.491335 3.826065 0.616685
v -0.137041 3.261808 0.286738
v -0.025171 3.312056 0.410968
v 0.086792 3.387655 0.508317
v 0.185401 3.472331 0.583779
v 0.282158 3.565815 0.627195
v 0.381478 3.686697 0.635781
v 0.292102 3.767873 -0.738022
v 0.145426 3.726159 -0.742008
v 0.198479 3.792962 -0.754203
v 0.324356 3.846803 -0.772552
v -0.147625 3.199347 -0.098494
v -0.236848 3.263222 -0.192903
v -0.191737 3.321083 -0.359983
v -0.038547 3.244070 -0.292719
v -0.130588 3.372818 -0.503557
v 0.040816 3.309620 -0.422847
v -0.059755 3.430449 -0.595672
v 0.108730 3.397681 -0.517698
v 0.006829 3.536134 -0.677844
v 0.166785 3.503368 -0.618061
v 0.091857 3.657017 -0.728551
v 0.230523 3.622198 -0.679720
v 0.490271 3.503368 -0.379333
v 0.334220 3.480439 -0.537395
v 0.389557 3.599269 -0.582518
v 0.535506 3.622198 -0.460411
v 0.436231 3.403287 -0.288378
v 0.277890 3.374753 -0.427241
v 0.359134 3.309620 -0.192050
v 0.207267 3.286693 -0.326380
v 0.266137 3.235583 -0.079376
v 0.123732 3.189467 -0.207080
v 0.114528 3.206540 0.097888
v -0.007300 3.117908 -0.004116
v 0.567966 3.771252 -0.548983
v 0.461740 3.782998 -0.685606
v 0.491760 3.900535 -0.732677
v 0.585165 3.852001 -0.596276
v 0.633028 3.753378 -0.399562
v 0.629180 3.797221 -0.455778
v 0.245722 3.261905 0.141451
v 0.379229 3.315950 0.040834
v 0.485966 3.391479 -0.062219
v 0.569735 3.454093 -0.153875
v 0.621419 3.536973 -0.246480
v 0.638628 3.657855 -0.344674
v -0.737736 3.796716 -0.375372
v -0.769710 3.781384 -0.249853
v -0.782359 3.821805 -0.279928
v -0.769323 3.875647 -0.410513
v -0.138966 3.204387 0.118420
v -0.240792 3.257228 0.199075
v -0.403305 3.305678 0.139574
v -0.322945 3.276753 -0.007171
v -0.531079 3.371231 0.065276
v -0.436535 3.338463 -0.098372
v -0.626593 3.459291 -0.012448
v -0.534232 3.426524 -0.173495
v -0.702650 3.564977 -0.085940
v -0.615051 3.532211 -0.241311
v -0.747484 3.685860 -0.184878
v -0.678379 3.651041 -0.309527
v -0.363141 3.532211 -0.541526
v -0.510195 3.509283 -0.401944
v -0.581696 3.628111 -0.461512
v -0.439968 3.651041 -0.593654
v -0.277241 3.426524 -0.479764
v -0.429376 3.403596 -0.334128
v -0.187999 3.338463 -0.394564
v -0.335054 3.315536 -0.254983
v -0.083859 3.272913 -0.292101
v -0.223489 3.250124 -0.161368
v 0.069115 3.164097 -0.124709
v -0.043583 3.133264 -0.010409
v -0.525373 3.800096 -0.633711
v -0.673146 3.811841 -0.541078
v -0.715010 3.929378 -0.573804
v -0.570987 3.880845 -0.654966
v -0.372956 3.782221 -0.697441
v -0.428039 3.826063 -0.691398
v 0.134349 3.261808 -0.252518
v 0.045751 3.306516 -0.394286
v -0.047608 3.381227 -0.509598
v -0.131615 3.460128 -0.601037
v -0.219362 3.565815 -0.660595
v -0.315683 3.686697 -0.686297
v 0.340648 3.796716 0.725861
v 0.437983 3.781384 0.616063
v 0.413223 3.821805 0.664543
v 0.346367 3.875647 0.772764
v 0.133392 3.236923 -0.022070
v 0.263064 3.293471 -0.029734
v 0.362059 3.366800 0.112221
v 0.212063 3.304686 0.186334
v 0.424109 3.407864 0.246370
v 0.252411 3.335784 0.323989
v 0.457770 3.494225 0.364822
v 0.289739 3.418882 0.443768
v 0.477919 3.582801 0.468648
v 0.317045 3.532211 0.545676
v 0.462108 3.685860 0.566377
v 0.329792 3.651041 0.637879
v -0.061504 3.532211 0.647108
v 0.139017 3.509284 0.617116
v 0.165040 3.628111 0.698424
v -0.028471 3.651041 0.733875
v -0.096444 3.426524 0.547246
v 0.111711 3.403596 0.515208
v -0.120678 3.338463 0.426267
v 0.079843 3.315536 0.396276
v -0.147215 3.279591 0.282602
v 0.042149 3.262190 0.255600
v -0.171723 3.208095 0.094494
v -0.018635 3.176277 0.028752
v 0.018514 3.800096 0.815674
v 0.197611 3.811841 0.819983
v 0.208216 3.929378 0.875372
v 0.043687 3.880845 0.859248
v -0.137770 3.782221 0.769468
v -0.092233 3.826065 0.802656
v -0.303256 3.261808 0.125019
v -0.311995 3.306516 0.291966
v -0.301661 3.372067 0.439973
v -0.285294 3.460128 0.563059
v -0.247576 3.565815 0.662177
v -0.183417 3.686698 0.738477
v 0.724808 3.796716 -0.296147
v 0.623910 3.781384 -0.402682
v 0.670048 3.821805 -0.373791
v 0.772031 3.875647 -0.297757
v -0.038341 3.190432 -0.154866
v -0.034674 3.257228 -0.284713
v 0.115369 3.305678 -0.370959
v 0.176127 3.272913 -0.215074
v 0.254415 3.371231 -0.421081
v 0.319006 3.338463 -0.243467
v 0.375351 3.459291 -0.444290
v 0.439352 3.426524 -0.270018
v 0.480537 3.564977 -0.455314
v 0.543251 3.532211 -0.288339
v 0.576516 3.685860 -0.431045
v 0.636214 3.651041 -0.293001
v 0.611305 3.532211 0.097610
v 0.598903 3.509283 -0.104761
v 0.689860 3.628111 -0.120799
v 0.700620 3.651041 0.072265
v 0.508777 3.426524 0.123714
v 0.495004 3.403596 -0.086441
v 0.386147 3.338463 0.137312
v 0.373746 3.315536 -0.065060
v 0.240716 3.272913 0.151226
v 0.230320 3.259778 -0.039770
v 0.014156 3.200722 0.160814
v -0.000962 3.139216 0.001011
v 0.786204 3.800096 0.032588
v 0.813795 3.811841 -0.142652
v 0.862208 3.929378 -0.151189
v 0.831806 3.880845 0.011309
v 0.739080 3.782221 0.182041
v 0.763582 3.826065 0.141780
v 0.070132 3.238464 0.292940
v 0.235682 3.306516 0.316196
v 0.384026 3.372067 0.318801
v 0.508071 3.460128 0.313223
v 0.610099 3.565815 0.284288
v 0.691701 3.686698 0.227023
v -0.782046 3.782802 0.287607
v -0.683869 3.767469 0.396654
v -0.729263 3.807889 0.366607
v -0.829295 3.861732 0.288024
v -0.015575 3.221679 0.165630
v -0.022518 3.271504 0.295343
v -0.174689 3.340503 0.377775
v -0.231494 3.312286 0.220407
v -0.314956 3.382864 0.424372
v -0.375043 3.324548 0.245184
v -0.436439 3.470925 0.444522
v -0.496021 3.412610 0.268690
v -0.541870 3.551063 0.452887
v -0.600350 3.518296 0.284383
v -0.637205 3.671946 0.426204
v -0.693401 3.637125 0.286698
v -0.658641 3.541529 -0.103161
v -0.651351 3.495368 0.099459
v -0.742684 3.614196 0.113197
v -0.748569 3.637125 -0.080078
v -0.555488 3.435843 -0.126668
v -0.547022 3.408066 0.083767
v -0.432554 3.351073 -0.137167
v -0.425264 3.322860 0.065453
v -0.286818 3.285522 -0.147407
v -0.281246 3.288491 0.043791
v -0.060088 3.193040 -0.151274
v -0.049007 3.134532 0.008859
v -0.835126 3.786180 -0.042573
v -0.867131 3.797926 0.131915
v -0.915744 3.915462 0.139227
v -0.881251 3.866930 -0.022451
v -0.771666 3.805631 -0.192682
v -0.809756 3.849473 -0.151159
v -0.112712 3.287879 -0.284770
v -0.277623 3.338781 -0.312197
v -0.425854 3.432611 -0.318545
v -0.549999 3.511817 -0.316100
v -0.652725 3.617503 -0.289748
v -0.735747 3.710106 -0.234561
v -0.059722 3.156693 -0.104761
v 0.092304 3.217339 -0.155583
v -0.212810 3.188510 -0.039019
vn -0.4142 0.6140 -0.6718
vn -0.6150 0.5938 -0.5188
vn -0.3375 0.7940 -0.5056
vn 0.6224 0.6023 -0.4998
vn 0.4285 0.5603 -0.7088
vn 0.1953 0.8383 -0.5090
vn 0.6413 0.5655 -0.5186
vn 0.5454 0.6359 -0.5460
vn 0.5392 0.7308 -0.4186
vn 0.7286 0.5001 0.4680
vn 0.8414 0.5157 0.1614
vn 0.6489 0.7494 0.1314
vn 0.8105 0.5109 0.2864
vn 0.9002 0.4353 -0.0090
vn 0.6183 0.7358 0.2762
vn -0.0106 0.5109 0.8596
vn 0.2496 0.5081 0.8243
vn 0.2842 0.7516 0.5952
vn -0.0699 0.5170 0.8531
vn 0.2322 0.4535 0.8605
vn -0.1077 0.7273 0.6778
vn -0.8460 0.5117 0.1497
vn -0.7459 0.5129 0.4248
vn -0.5367 0.7575 0.3716
vn -0.8554 0.5179 0.0019
vn -0.8429 0.4353 0.3163
vn -0.6607 0.7483 -0.0595
vn -0.1751 0.6028 -0.7784
vn -0.4421 0.5449 -0.7124
vn -0.3453 0.8135 -0.4680
vn -0.4794 -0.4400 -0.7593
vn -0.5475 -0.3790 -0.7461
vn -0.6112 -0.3962 -0.6851
vn -0.4556 -0.4154 -0.7873
vn -0.3639 -0.8995 -0.2417
vn -0.4123 -0.9007 -0.1365
vn -0.4198 -0.8788 -0.2269
vn -0.3448 -0.8952 -0.2824
vn -0.4268 -0.8208 -0.3796
vn -0.3205 -0.8517 -0.4145
vn -0.4397 -0.7222 -0.5339
vn -0.3525 -0.7503 -0.5593
vn -0.4497 -0.6151 -0.6476
vn -0.3752 -0.6348 -0.6755
vn -0.4871 -0.4881 -0.7242
vn -0.4115 -0.5216 -0.7474
vn 0.0786 -0.6311 -0.7717
vn -0.1361 -0.6587 -0.7400
vn -0.1473 -0.5743 -0.8052
vn 0.1111 -0.5127 -0.8513
vn 0.0858 -0.7532 -0.6521
vn -0.1171 -0.7742 -0.6220
vn 0.0989 -0.8623 -0.4966
vn -0.0928 -0.8730 -0.4788
vn 0.1617 -0.9124 -0.3759
vn -0.0771 -0.9172 -0.3909
vn 0.2103 -0.9137 -0.3478
vn -0.0706 -0.9270 -0.3683
vn 0.1637 -0.4483 -0.8788
vn -0.1571 -0.4771 -0.8647
vn -0.1582 -0.4306 -0.8885
vn 0.1362 -0.4216 -0.8965
vn 0.2362 -0.3824 -0.8933
vn 0.2797 -0.4271 -0.8598
vn 0.2414 -0.9345 -0.2614
vn 0.2102 -0.9165 -0.3404
vn 0.1657 -0.8495 -0.5009
vn 0.1373 -0.7399 -0.6586
vn 0.1293 -0.6171 -0.7762
vn 0.1742 -0.4706 -0.8650
vn -0.3403 -0.4400 -0.8310
vn -0.4096 -0.3790 -0.8298
vn -0.4830 -0.3962 -0.7808
vn -0.3120 -0.4154 -0.8545
vn -0.3164 -0.8995 -0.3012
vn -0.3823 -0.9008 -0.2060
vn -0.3739 -0.8789 -0.2963
vn -0.2905 -0.8952 -0.3380
vn -0.3544 -0.8208 -0.4480
vn -0.2437 -0.8517 -0.4639
vn -0.3403 -0.7222 -0.6022
vn -0.2501 -0.7503 -0.6120
vn -0.3304 -0.6151 -0.7159
vn -0.2522 -0.6348 -0.7303
vn -0.3540 -0.4881 -0.7978
vn -0.2754 -0.5216 -0.8075
vn 0.2114 -0.6311 -0.7463
vn -0.0056 -0.6587 -0.7524
vn -0.0052 -0.5743 -0.8186
vn 0.2572 -0.5127 -0.8191
vn 0.1977 -0.7532 -0.6273
vn -0.0074 -0.7742 -0.6329
vn 0.1838 -0.8622 -0.4721
vn -0.0083 -0.8730 -0.4877
vn 0.2246 -0.9124 -0.3421
vn -0.0081 -0.9172 -0.3983
vn 0.2675 -0.9137 -0.3060
vn -0.0056 -0.9270 -0.3750
vn 0.3138 -0.4483 -0.8370
vn -0.0046 -0.4771 -0.8788
vn -0.0015 -0.4306 -0.9025
vn 0.2898 -0.4216 -0.8592
vn 0.3877 -0.3824 -0.8387
vn 0.4248 -0.4271 -0.7982
vn 0.2832 -0.9345 -0.2155
vn 0.2662 -0.9165 -0.2987
vn 0.2502 -0.8495 -0.4645
vn 0.2495 -0.7399 -0.6247
vn 0.2621 -0.6171 -0.7419
vn 0.3218 -0.4706 -0.8216
vn 0.8310 -0.4400 -0.3403
vn 0.8298 -0.3790 -0.4096
vn 0.7808 -0.3962 -0.4830
vn 0.8545 -0.4154 -0.3120
vn 0.3325 -0.9087 -0.2523
vn 0.2448 -0.9158 -0.3186
vn 0.3186 -0.9068 -0.2759
vn 0.3500 -0.9089 -0.2266
vn 0.4735 -0.8473 -0.2405
vn 0.4763 -0.8571 -0.1964
vn 0.6255 -0.7403 -0.2462
vn 0.6325 -0.7463 -0.2076
vn 0.7389 -0.6194 -0.2651
vn 0.7434 -0.6319 -0.2194
vn 0.8180 -0.4715 -0.3296
vn 0.8155 -0.5149 -0.2644
vn 0.7463 -0.6311 0.2114
vn 0.7524 -0.6587 -0.0056
vn 0.8186 -0.5743 -0.0052
vn 0.8150 -0.5242 0.2469
vn 0.6328 -0.7471 0.2037
vn 0.6468 -0.7626 -0.0066
vn 0.4704 -0.8603 0.1963
vn 0.4861 -0.8739 -0.0057
vn 0.3512 -0.9129 0.2080
vn 0.3836 -0.9235 0.0034
vn 0.3354 -0.9144 0.2266
vn 0.3858 -0.9225 0.0114
vn 0.8458 -0.4369 0.3061
vn 0.8788 -0.4771 -0.0046
vn 0.9025 -0.4306 -0.0015
vn 0.8676 -0.4048 0.2889
vn 0.8402 -0.4063 0.3592
vn 0.8292 -0.3666 0.4219
vn 0.2928 -0.9302 0.2215
vn 0.3341 -0.9122 0.2371
vn 0.4645 -0.8495 0.2502
vn 0.6247 -0.7399 0.2495
vn 0.7419 -0.6171 0.2621
vn 0.8162 -0.4910 0.3046
vn 0.4114 -0.4400 0.7982
vn 0.4804 -0.3790 0.7909
vn 0.5492 -0.3962 0.7358
vn 0.3853 -0.4154 0.8240
vn 0.3421 -0.9082 0.2412
vn 0.4195 -0.8868 0.1941
vn 0.4137 -0.8901 0.1913
vn 0.3337 -0.9131 0.2344
vn 0.4290 -0.8347 0.3453
vn 0.3139 -0.8715 0.3768
vn 0.4244 -0.7172 0.5527
vn 0.3179 -0.7449 0.5866
vn 0.3956 -0.6202 0.6774
vn 0.3139 -0.6336 0.7071
vn 0.4149 -0.4827 0.7712
vn 0.3415 -0.5195 0.7833
vn -0.1455 -0.6311 0.7619
vn 0.0680 -0.6553 0.7523
vn 0.0765 -0.5743 0.8150
vn -0.1848 -0.5127 0.8384
vn -0.1477 -0.7471 0.6481
vn 0.0548 -0.7619 0.6454
vn -0.1528 -0.8659 0.4763
vn 0.0489 -0.8882 0.4568
vn -0.1673 -0.9252 0.3405
vn 0.0721 -0.9441 0.3218
vn -0.1668 -0.9333 0.3179
vn 0.1059 -0.9432 0.3150
vn -0.2396 -0.4483 0.8612
vn 0.0812 -0.4771 0.8751
vn 0.0802 -0.4306 0.8990
vn -0.2138 -0.4216 0.8812
vn -0.3132 -0.3824 0.8693
vn -0.3536 -0.4271 0.8322
vn -0.2611 -0.9264 0.2713
vn -0.2288 -0.9170 0.3266
vn -0.2007 -0.8553 0.4777
vn -0.1941 -0.7399 0.6441
vn -0.1965 -0.6170 0.7620
vn -0.2489 -0.4706 0.8465
vn -0.7491 -0.4714 -0.4654
vn -0.7772 -0.4532 -0.4366
vn -0.7836 -0.4620 -0.4154
vn -0.7605 -0.4320 -0.4848
vn -0.4107 -0.9099 -0.0580
vn -0.3531 -0.9354 -0.0159
vn -0.3841 -0.9197 -0.0817
vn -0.3990 -0.9106 -0.1076
vn -0.4804 -0.8519 -0.2084
vn -0.4600 -0.8564 -0.2344
vn -0.5907 -0.7403 -0.3209
vn -0.5655 -0.7463 -0.3510
vn -0.6710 -0.6268 -0.3959
vn -0.6421 -0.6354 -0.4288
vn -0.7400 -0.5113 -0.4369
vn -0.7039 -0.5359 -0.4661
vn -0.3178 -0.6311 -0.7076
vn -0.4879 -0.6587 -0.5728
vn -0.5302 -0.5743 -0.6237
vn -0.3346 -0.5239 -0.7833
vn -0.2434 -0.7506 -0.6143
vn -0.4208 -0.7626 -0.4913
vn -0.1417 -0.8554 -0.4982
vn -0.3237 -0.8699 -0.3721
vn -0.0485 -0.8946 -0.4442
vn -0.2824 -0.9163 -0.2838
vn -0.0411 -0.8933 -0.4477
vn -0.2964 -0.9141 -0.2765
vn -0.3159 -0.4499 -0.8353
vn -0.5684 -0.4771 -0.6703
vn -0.5813 -0.4306 -0.6904
vn -0.3415 -0.4161 -0.8427
vn -0.2699 -0.4154 -0.8687
vn -0.2321 -0.4097 -0.8822
vn 0.1212 -0.8820 -0.4553
vn 0.0354 -0.8841 -0.4660
vn -0.0886 -0.8455 -0.5266
vn -0.1957 -0.7465 -0.6360
vn -0.2761 -0.6171 -0.7368
vn -0.2908 -0.4891 -0.8223
vn 0.3586 -0.4230 -0.8321
vn 0.3104 -0.3850 -0.8691
vn 0.2321 -0.3417 -0.9107
vn 0.3895 -0.4003 -0.8295
vn -0.1519 -0.9010 -0.4063
vn -0.2032 -0.8893 -0.4097
vn -0.1364 -0.8817 -0.4516
vn -0.0573 -0.8910 -0.4504
vn 0.0368 -0.8449 -0.5337
vn 0.1339 -0.8425 -0.5218
vn 0.2102 -0.7569 -0.6189
vn 0.2659 -0.7643 -0.5875
vn 0.3020 -0.6181 -0.7257
vn 0.3489 -0.6283 -0.6953
vn 0.3321 -0.4646 -0.8209
vn 0.3950 -0.4928 -0.7753
vn 0.6810 -0.6424 -0.3515
vn 0.5256 -0.6578 -0.5395
vn 0.5983 -0.5489 -0.5837
vn 0.7678 -0.5040 -0.3954
vn 0.6008 -0.7628 -0.2390
vn 0.4522 -0.7762 -0.4394
vn 0.5542 -0.8233 -0.1222
vn 0.3806 -0.8409 -0.3847
vn 0.4653 -0.8837 0.0514
vn 0.2451 -0.9349 -0.2567
vn 0.3844 -0.9080 0.1666
vn 0.1583 -0.9781 -0.1349
vn 0.8137 -0.4483 -0.3699
vn 0.6209 -0.4748 -0.6237
vn 0.6371 -0.4306 -0.6393
vn 0.8125 -0.4216 -0.4026
vn 0.8672 -0.3824 -0.3189
vn 0.8648 -0.4271 -0.2640
vn 0.3731 -0.9030 0.2130
vn 0.4923 -0.8599 0.1348
vn 0.5899 -0.8074 -0.0038
vn 0.6294 -0.7598 -0.1632
vn 0.7027 -0.6420 -0.3068
vn 0.8085 -0.4706 -0.3534
vn 0.8553 -0.4400 0.2735
vn 0.8990 -0.3790 0.2196
vn 0.9086 -0.3962 0.1319
vn 0.8551 -0.4154 0.3102
vn 0.4129 -0.9102 0.0325
vn 0.3961 -0.9163 -0.0587
vn 0.4478 -0.8938 0.0239
vn 0.4343 -0.8983 0.0666
vn 0.5151 -0.8531 0.0829
vn 0.4757 -0.8729 0.1085
vn 0.6486 -0.7513 0.1217
vn 0.5974 -0.7827 0.1745
vn 0.7625 -0.6161 0.1976
vn 0.7226 -0.6358 0.2712
vn 0.8386 -0.4898 0.2383
vn 0.7957 -0.5223 0.3066
vn 0.4305 -0.6322 0.6442
vn 0.5962 -0.6565 0.4621
vn 0.6418 -0.5702 0.5127
vn 0.4667 -0.5070 0.7246
vn 0.3463 -0.7436 0.5720
vn 0.5130 -0.7843 0.3488
vn 0.2343 -0.8706 0.4326
vn 0.4240 -0.8833 0.2000
vn 0.1136 -0.9302 0.3491
vn 0.3760 -0.9153 0.1441
vn 0.1122 -0.9401 0.3220
vn 0.3532 -0.9211 0.1637
vn 0.4442 -0.4404 0.7802
vn 0.6800 -0.4738 0.5595
vn 0.6924 -0.4306 0.5789
vn 0.4719 -0.4216 0.7743
vn 0.3865 -0.3649 0.8470
vn 0.3384 -0.4271 0.8385
vn -0.1476 -0.8871 0.4373
vn -0.0907 -0.8627 0.4976
vn 0.0674 -0.7873 0.6128
vn 0.2348 -0.7031 0.6712
vn 0.3508 -0.6064 0.7136
vn 0.4014 -0.4487 0.7985
vn -0.2668 -0.4441 0.8553
vn -0.1907 -0.3966 0.8980
vn -0.1319 -0.3962 0.9086
vn -0.3102 -0.4154 0.8551
vn 0.1722 -0.9421 0.2877
vn 0.2985 -0.9238 0.2397
vn 0.1849 -0.8837 0.4299
vn 0.0669 -0.9251 0.3737
vn -0.0642 -0.8823 0.4663
vn 0.1108 -0.8100 0.5758
vn 0.0920 -0.7607 0.6425
vn -0.1069 -0.8471 0.5205
vn 0.0094 -0.6797 0.7334
vn -0.1594 -0.7685 0.6197
vn -0.0937 -0.5936 0.7993
vn -0.2194 -0.6511 0.7266
vn -0.1749 -0.4822 0.8584
vn -0.2762 -0.5262 0.8042
vn -0.6921 -0.6467 0.3206
vn -0.4615 -0.6939 0.5527
vn -0.5222 -0.5743 0.6304
vn -0.7571 -0.5246 0.3894
vn -0.5867 -0.7801 0.2173
vn -0.3835 -0.8157 0.4331
vn -0.5042 -0.8480 0.1634
vn -0.3420 -0.8775 0.3363
vn -0.4519 -0.8867 0.0980
vn -0.3110 -0.9097 0.2750
vn -0.4059 -0.9119 -0.0601
vn -0.1718 -0.9691 0.1767
vn -0.2341 -0.9481 0.2152
vn -0.4172 -0.9085 -0.0224
vn -0.7812 -0.4591 0.4229
vn -0.5614 -0.4771 0.6762
vn -0.5789 -0.4306 0.6924
vn -0.7743 -0.4216 0.4719
vn -0.8457 -0.4291 0.3172
vn -0.8385 -0.4271 0.3384
vn -0.4202 -0.8834 -0.2073
vn -0.4499 -0.8844 -0.1245
vn -0.5282 -0.8491 0.0029
vn -0.6149 -0.7875 0.0416
vn -0.7198 -0.6908 0.0682
vn -0.8015 -0.5728 0.1720
vn -0.8384 -0.4729 0.2711
vn -0.8393 -0.4400 0.3192
vn -0.8399 -0.3790 0.3886
vn -0.7928 -0.3962 0.4631
vn -0.8621 -0.4154 0.2903
vn -0.3891 -0.8838 0.2596
vn -0.3317 -0.9115 0.2433
vn -0.2401 -0.9371 0.2532
vn -0.2698 -0.9376 0.2192
vn -0.3711 -0.8783 0.3014
vn -0.3682 -0.9108 0.1868
vn -0.5983 -0.7414 0.3037
vn -0.6126 -0.7647 0.1997
vn -0.7183 -0.6396 0.2737
vn -0.7309 -0.6510 0.2049
vn -0.8260 -0.4715 0.3089
vn -0.8218 -0.5149 0.2438
vn -0.6943 -0.6462 -0.3168
vn -0.7273 -0.6850 -0.0428
vn -0.8111 -0.5843 -0.0249
vn -0.7768 -0.5320 -0.3370
vn -0.5866 -0.7458 -0.3158
vn -0.6242 -0.7793 -0.0555
vn -0.4359 -0.8526 -0.2882
vn -0.4191 -0.9072 -0.0360
vn -0.3304 -0.9002 -0.2837
vn -0.3287 -0.9443 0.0144
vn -0.3278 -0.9033 -0.2767
vn -0.4256 -0.9042 0.0349
vn -0.8212 -0.4242 -0.3817
vn -0.8787 -0.4771 -0.0175
vn -0.9023 -0.4306 -0.0212
vn -0.8423 -0.4043 -0.3565
vn -0.7968 -0.3459 -0.4954
vn -0.7538 -0.3641 -0.5470
vn -0.2038 -0.8940 -0.3990
vn -0.3060 -0.8593 -0.4098
vn -0.4298 -0.7963 -0.4256
vn -0.5740 -0.7041 -0.4180
vn -0.6799 -0.6075 -0.4107
vn -0.7615 -0.4662 -0.4503
vn -0.6596 -0.4400 -0.6094
vn -0.7219 -0.3790 -0.5789
vn -0.7677 -0.3962 -0.5036
vn -0.6439 -0.4154 -0.6425
vn -0.4140 -0.8995 -0.1393
vn -0.4336 -0.9007 -0.0251
vn -0.4642 -0.8788 -0.1105
vn -0.4061 -0.8952 -0.1836
vn -0.5105 -0.8208 -0.2562
vn -0.4169 -0.8517 -0.3174
vn -0.5629 -0.7222 -0.4019
vn -0.4852 -0.7503 -0.4490
vn -0.6019 -0.6151 -0.5092
vn -0.5372 -0.6348 -0.5553
vn -0.6579 -0.4881 -0.5735
vn -0.5909 -0.5216 -0.6154
vn -0.1238 -0.6311 -0.7658
vn -0.3230 -0.6588 -0.6795
vn -0.3507 -0.5743 -0.7397
vn -0.1130 -0.5127 -0.8511
vn -0.0859 -0.7532 -0.6521
vn -0.2741 -0.7742 -0.5705
vn -0.0329 -0.8622 -0.5055
vn -0.2136 -0.8730 -0.4385
vn 0.0589 -0.9124 -0.4050
vn -0.1757 -0.9172 -0.3576
vn 0.1131 -0.9137 -0.3904
vn -0.1635 -0.9270 -0.3375
vn -0.0693 -0.4483 -0.8912
vn -0.3756 -0.4771 -0.7945
vn -0.3828 -0.4306 -0.8173
vn -0.1004 -0.4216 -0.9012
vn -0.0030 -0.3824 -0.9240
vn 0.0476 -0.4271 -0.9029
vn 0.1655 -0.9345 -0.3150
vn 0.1150 -0.9165 -0.3832
vn 0.0305 -0.8495 -0.5267
vn -0.0378 -0.7399 -0.6717
vn -0.0760 -0.6171 -0.7832
vn -0.0556 -0.4706 -0.8806
vn 0.6094 -0.4400 -0.6596
vn 0.5789 -0.3790 -0.7219
vn 0.5036 -0.3962 -0.7677
vn 0.6425 -0.4154 -0.6439
vn 0.1947 -0.9087 -0.3692
vn 0.0873 -0.9157 -0.3922
vn 0.1721 -0.9068 -0.3847
vn 0.2214 -0.9089 -0.3533
vn 0.3272 -0.8474 -0.4182
vn 0.3486 -0.8571 -0.3793
vn 0.4628 -0.7403 -0.4875
vn 0.4855 -0.7463 -0.4554
vn 0.5576 -0.6194 -0.5526
vn 0.5810 -0.6319 -0.5130
vn 0.6020 -0.4715 -0.6444
vn 0.6273 -0.5149 -0.5842
vn 0.7658 -0.6311 -0.1238
vn 0.6795 -0.6587 -0.3230
vn 0.7397 -0.5743 -0.3507
vn 0.8430 -0.5242 -0.1207
vn 0.6596 -0.7471 -0.0828
vn 0.5835 -0.7626 -0.2793
vn 0.5093 -0.8603 -0.0209
vn 0.4382 -0.8738 -0.2106
vn 0.4062 -0.9129 0.0401
vn 0.3491 -0.9235 -0.1590
vn 0.3998 -0.9144 0.0636
vn 0.3545 -0.9225 -0.1527
vn 0.8960 -0.4368 -0.0801
vn 0.7945 -0.4771 -0.3756
vn 0.8173 -0.4306 -0.3828
vn 0.9084 -0.4047 -0.1047
vn 0.9133 -0.4063 -0.0295
vn 0.9298 -0.3666 0.0320
vn 0.3590 -0.9302 0.0770
vn 0.4030 -0.9122 0.0736
vn 0.5267 -0.8495 0.0305
vn 0.6717 -0.7399 -0.0378
vn 0.7832 -0.6171 -0.0760
vn 0.8684 -0.4910 -0.0688
vn 0.6999 -0.4467 0.5573
vn 0.7696 -0.3790 0.5138
vn 0.8087 -0.3962 0.4347
vn 0.6812 -0.4339 0.5896
vn 0.4230 -0.9032 0.0729
vn 0.4457 -0.8946 0.0318
vn 0.4342 -0.9008 -0.0016
vn 0.3984 -0.9153 0.0590
vn 0.5236 -0.8436 0.1194
vn 0.4385 -0.8773 0.1950
vn 0.6182 -0.7172 0.3216
vn 0.5360 -0.7448 0.3975
vn 0.6448 -0.6202 0.4467
vn 0.5822 -0.6312 0.5125
vn 0.7020 -0.4827 0.5236
vn 0.6339 -0.5175 0.5747
vn 0.1953 -0.6278 0.7535
vn 0.3821 -0.6484 0.6584
vn 0.4193 -0.5677 0.7085
vn 0.2000 -0.5103 0.8364
vn 0.1399 -0.7471 0.6499
vn 0.3225 -0.7619 0.5617
vn 0.0628 -0.8659 0.4963
vn 0.2385 -0.8909 0.3865
vn -0.0077 -0.9252 0.3793
vn 0.2108 -0.9456 0.2477
vn -0.0168 -0.9333 0.3587
vn 0.2463 -0.9417 0.2293
vn 0.1615 -0.4570 0.8747
vn 0.4441 -0.4929 0.7482
vn 0.4443 -0.4574 0.7703
vn 0.1953 -0.4462 0.8733
vn 0.0836 -0.3824 0.9202
vn 0.0312 -0.4271 0.9037
vn -0.1220 -0.9264 0.3562
vn -0.0693 -0.9170 0.3927
vn 0.0200 -0.8553 0.5178
vn 0.0962 -0.7399 0.6658
vn 0.1439 -0.6171 0.7736
vn 0.1321 -0.4706 0.8724
vn -0.8744 -0.4724 -0.1108
vn -0.8889 -0.4532 -0.0672
vn -0.8857 -0.4620 -0.0454
vn -0.8864 -0.4449 -0.1278
vn -0.3973 -0.9093 0.1240
vn -0.3280 -0.9339 0.1422
vn -0.3854 -0.9181 0.0926
vn -0.4098 -0.9092 0.0729
vn -0.5252 -0.8508 0.0151
vn -0.5182 -0.8550 -0.0182
vn -0.6710 -0.7403 -0.0412
vn -0.6609 -0.7462 -0.0792
vn -0.7755 -0.6268 -0.0752
vn -0.7631 -0.6356 -0.1167
vn -0.8553 -0.5113 -0.0833
vn -0.8357 -0.5343 -0.1267
vn -0.5867 -0.6313 -0.5072
vn -0.6837 -0.6593 -0.3127
vn -0.7463 -0.5711 -0.3417
vn -0.6357 -0.5228 -0.5679
vn -0.4803 -0.7506 -0.4539
vn -0.5892 -0.7624 -0.2676
vn -0.3392 -0.8549 -0.3925
vn -0.4523 -0.8687 -0.2019
vn -0.2312 -0.8938 -0.3842
vn -0.3771 -0.9154 -0.1408
vn -0.2244 -0.8925 -0.3913
vn -0.3841 -0.9144 -0.1278
vn -0.6421 -0.4506 -0.6202
vn -0.7947 -0.4820 -0.3689
vn -0.8124 -0.4457 -0.3760
vn -0.6677 -0.4267 -0.6099
vn -0.6117 -0.4154 -0.6732
vn -0.5831 -0.4097 -0.7015
vn -0.0826 -0.8820 -0.4639
vn -0.1648 -0.8841 -0.4373
vn -0.3028 -0.8455 -0.4397
vn -0.4462 -0.7464 -0.4937
vn -0.5616 -0.6171 -0.5511
vn -0.6111 -0.4891 -0.6224
vn -0.0121 -0.4310 -0.9023
vn -0.0859 -0.3850 -0.9189
vn -0.1745 -0.3417 -0.9235
vn 0.0200 -0.4225 -0.9061
vn -0.3094 -0.9010 -0.3040
vn -0.3573 -0.8893 -0.2855
vn -0.3145 -0.8817 -0.3517
vn -0.2423 -0.8910 -0.3840
vn -0.1921 -0.8449 -0.4993
vn -0.0992 -0.8425 -0.5295
vn -0.0710 -0.7569 -0.6497
vn -0.0073 -0.7643 -0.6448
vn -0.0330 -0.6181 -0.7854
vn 0.0270 -0.6255 -0.7797
vn -0.0459 -0.4646 -0.8843
vn 0.0434 -0.4906 -0.8703
vn 0.4672 -0.6397 -0.6103
vn 0.2509 -0.6508 -0.7166
vn 0.3000 -0.5419 -0.7851
vn 0.5215 -0.5018 -0.6901
vn 0.4435 -0.7628 -0.4705
vn 0.2241 -0.7762 -0.5893
vn 0.4506 -0.8233 -0.3450
vn 0.1823 -0.8409 -0.5095
vn 0.4434 -0.8837 -0.1500
vn 0.1137 -0.9349 -0.3362
vn 0.4188 -0.9080 -0.0114
vn 0.0865 -0.9781 -0.1892
vn 0.5698 -0.4549 -0.6844
vn 0.3000 -0.4897 -0.8186
vn 0.3019 -0.4557 -0.8374
vn 0.5492 -0.4401 -0.7104
vn 0.6512 -0.3824 -0.6555
vn 0.6721 -0.4271 -0.6048
vn 0.4282 -0.9030 0.0354
vn 0.5032 -0.8599 -0.0858
vn 0.5330 -0.8074 -0.2528
vn 0.5014 -0.7598 -0.4139
vn 0.5072 -0.6420 -0.5750
vn 0.5834 -0.4706 -0.6620
vn 0.8908 -0.4400 -0.1136
vn 0.9075 -0.3790 -0.1809
vn 0.8793 -0.3962 -0.2644
vn 0.9061 -0.4154 -0.0802
vn 0.3892 -0.9094 -0.1465
vn 0.3372 -0.9144 -0.2241
vn 0.4156 -0.8933 -0.1713
vn 0.4216 -0.8981 -0.1252
vn 0.5003 -0.8537 -0.1446
vn 0.4762 -0.8732 -0.1037
vn 0.6393 -0.7513 -0.1638
vn 0.6152 -0.7827 -0.0943
vn 0.7745 -0.6161 -0.1431
vn 0.7696 -0.6357 -0.0594
vn 0.8608 -0.4898 -0.1385
vn 0.8508 -0.5223 -0.0584
vn 0.6624 -0.6322 0.4019
vn 0.7356 -0.6565 0.1668
vn 0.7984 -0.5702 0.1934
vn 0.7292 -0.5070 0.4595
vn 0.5556 -0.7436 0.3720
vn 0.6124 -0.7843 0.0993
vn 0.3951 -0.8706 0.2930
vn 0.4688 -0.8833 0.0020
vn 0.2505 -0.9302 0.2684
vn 0.4017 -0.9153 -0.0283
vn 0.2377 -0.9401 0.2444
vn 0.3893 -0.9211 -0.0009
vn 0.7323 -0.4404 0.5193
vn 0.8528 -0.4738 0.2197
vn 0.8722 -0.4306 0.2321
vn 0.7549 -0.4216 0.5023
vn 0.7083 -0.3649 0.6043
vn 0.6610 -0.4271 0.6169
vn 0.0510 -0.8871 0.4587
vn 0.1281 -0.8626 0.4893
vn 0.3201 -0.7873 0.5269
vn 0.4964 -0.7032 0.5090
vn 0.6195 -0.6064 0.4984
vn 0.7012 -0.4487 0.5540
vn -0.0222 -0.5095 0.8602
vn 0.1019 -0.4244 0.8997
vn 0.1103 -0.5260 0.8433
vn -0.0655 -0.5960 0.8003
vn 0.2776 -0.9421 0.1879
vn 0.3718 -0.9238 0.0911
vn 0.3493 -0.8837 0.3115
vn 0.2186 -0.9251 0.3104
vn 0.1388 -0.8823 0.4498
vn 0.3438 -0.8100 0.4751
vn 0.3549 -0.7607 0.5434
vn 0.1231 -0.8471 0.5169
vn 0.3185 -0.6797 0.6607
vn 0.1174 -0.7685 0.6290
vn 0.2373 -0.5882 0.7731
vn 0.0858 -0.6302 0.7717
vn 0.1450 -0.4735 0.8688
vn 0.0052 -0.4850 0.8745
vn -0.4833 -0.6278 0.6101
vn -0.1935 -0.6547 0.7307
vn -0.2294 -0.4915 0.8401
vn -0.4761 -0.4828 0.7350
vn -0.4399 -0.7801 0.4449
vn -0.1645 -0.8157 0.5546
vn -0.3880 -0.8480 0.3612
vn -0.1678 -0.8775 0.4493
vn -0.3681 -0.8867 0.2798
vn -0.1656 -0.9097 0.3807
vn -0.3933 -0.9119 0.1171
vn -0.0810 -0.9691 0.2328
vn -0.1213 -0.9481 0.2939
vn -0.3876 -0.9085 0.1560
vn -0.4108 -0.5224 0.7472
vn -0.2266 -0.5504 0.8035
vn -0.2047 -0.6220 0.7557
vn -0.3317 -0.6106 0.7191
vn -0.5510 -0.4549 0.6996
vn -0.4649 -0.5640 0.6824
vn -0.4684 -0.8834 -0.0103
vn -0.4604 -0.8843 0.0773
vn -0.4774 -0.8492 0.2258
vn -0.5397 -0.7875 0.2976
vn -0.6235 -0.6908 0.3660
vn -0.6484 -0.5695 0.5052
vn -0.6104 -0.4630 0.6426
vn -0.4812 -0.7312 -0.4834
vn -0.6467 -0.6546 -0.3915
vn -0.6467 -0.6160 -0.4497
vn -0.4791 -0.6635 -0.5746
vn -0.6694 -0.4235 -0.6104
vn -0.4707 -0.4709 -0.7461
vn -0.6655 -0.1754 -0.7255
vn -0.4581 -0.2377 -0.8565
vn -0.6344 0.0635 -0.7704
vn -0.4393 0.0116 -0.8983
vn -0.6153 0.3835 -0.6887
vn -0.4298 0.2667 -0.8626
vn 0.4885 0.0051 -0.8725
vn -0.0165 -0.0407 -0.9990
vn -0.0342 0.1836 -0.9824
vn 0.4685 0.2107 -0.8580
vn 0.5043 -0.2016 -0.8396
vn -0.0166 -0.2640 -0.9644
vn 0.4910 -0.4120 -0.7676
vn -0.0404 -0.4822 -0.8751
vn 0.4483 -0.6615 -0.6012
vn -0.0535 -0.7041 -0.7081
vn 0.3720 -0.7869 -0.4923
vn -0.0675 -0.8306 -0.5528
vn -0.0423 0.5807 -0.8130
vn -0.0472 0.8447 -0.5332
vn 0.6512 -0.6421 -0.4044
vn 0.7155 -0.5085 -0.4790
vn 0.7564 -0.2951 -0.5838
vn 0.7560 -0.1080 -0.6456
vn 0.7424 0.0922 -0.6636
vn 0.7444 0.2757 -0.6081
vn -0.6258 -0.4400 0.6440
vn -0.5969 -0.3790 0.7071
vn -0.5228 -0.3962 0.7548
vn -0.6586 -0.4154 0.6275
vn -0.2429 -0.8839 0.3998
vn -0.1978 -0.9115 0.3607
vn -0.1106 -0.9371 0.3310
vn -0.1519 -0.9376 0.3127
vn -0.2090 -0.8783 0.4300
vn -0.2547 -0.9108 0.3249
vn -0.4139 -0.7414 0.5282
vn -0.4708 -0.7647 0.4399
vn -0.5353 -0.6396 0.5516
vn -0.5759 -0.6510 0.4946
vn -0.6181 -0.4715 0.6290
vn -0.6418 -0.5149 0.5682
vn -0.7631 -0.6462 0.0063
vn -0.6772 -0.6850 0.2686
vn -0.7456 -0.5843 0.3202
vn -0.8464 -0.5320 0.0228
vn -0.6651 -0.7457 -0.0383
vn -0.5892 -0.7793 0.2135
vn -0.5169 -0.8526 -0.0770
vn -0.3951 -0.9072 0.1444
vn -0.4193 -0.9002 -0.1175
vn -0.2918 -0.9443 0.1520
vn -0.4140 -0.9033 -0.1123
vn -0.3710 -0.9042 0.2115
vn -0.9056 -0.4242 0.0011
vn -0.8038 -0.4771 0.3554
vn -0.8267 -0.4306 0.3621
vn -0.9140 -0.4043 0.0328
vn -0.9315 -0.3459 -0.1122
vn -0.9143 -0.3641 -0.1773
vn -0.3533 -0.8940 -0.2755
vn -0.4505 -0.8594 -0.2420
vn -0.5694 -0.7963 -0.2041
vn -0.6969 -0.7041 -0.1362
vn -0.7898 -0.6075 -0.0849
vn -0.8805 -0.4662 -0.0863
vn 0.3794 -0.7830 -0.4928
vn 0.2098 -0.7025 -0.6800
vn 0.2989 -0.5815 -0.7566
vn 0.5021 -0.6453 -0.5757
vn 0.4119 -0.3689 -0.8332
vn 0.5939 -0.4423 -0.6720
vn 0.5183 -0.1536 -0.8413
vn 0.6755 -0.2528 -0.6926
vn 0.5789 0.0520 -0.8137
vn 0.7289 -0.0172 -0.6844
vn 0.5955 0.3032 -0.7439
vn 0.7329 0.2405 -0.6364
vn 0.9729 -0.0003 0.2312
vn 0.9371 -0.0684 -0.3423
vn 0.9190 0.1854 -0.3479
vn 0.9609 0.2011 0.1904
vn 0.9509 -0.1928 0.2422
vn 0.9039 -0.2817 -0.3219
vn 0.8807 -0.4087 0.2392
vn 0.8263 -0.4711 -0.3086
vn 0.7397 -0.6160 0.2708
vn 0.6979 -0.6676 -0.2592
vn 0.6253 -0.7338 0.2657
vn 0.5695 -0.8003 -0.1873
vn 0.7671 0.5867 -0.2594
vn 0.6233 0.7471 -0.2309
vn 0.5376 -0.5892 0.6032
vn 0.6138 -0.4954 0.6146
vn 0.7458 -0.2656 0.6109
vn 0.8026 -0.0705 0.5923
vn 0.8128 0.0814 0.5768
vn 0.8029 0.2188 0.5544
vn 0.6839 -0.7295 0.0137
vn 0.7341 -0.6545 -0.1809
vn 0.7752 -0.6160 -0.1397
vn 0.7379 -0.6707 0.0755
vn 0.9049 -0.4235 -0.0423
vn 0.8535 -0.4814 0.1994
vn 0.9836 -0.1754 0.0418
vn 0.9278 -0.2408 0.2850
vn 0.9957 0.0482 0.0794
vn 0.9464 -0.0071 0.3229
vn 0.9677 0.2476 0.0466
vn 0.9197 0.2020 0.3367
vn 0.2599 -0.0063 0.9656
vn 0.7132 -0.0572 0.6987
vn 0.6996 0.1596 0.6965
vn 0.2770 0.1802 0.9438
vn 0.2380 -0.1963 0.9512
vn 0.6952 -0.2705 0.6659
vn 0.2043 -0.4155 0.8864
vn 0.6461 -0.4970 0.5792
vn 0.0897 -0.6838 0.7242
vn 0.5200 -0.7177 0.4631
vn 0.0517 -0.8160 0.5758
vn 0.4215 -0.8342 0.3555
vn 0.5870 0.5248 0.6164
vn 0.4360 0.7634 0.4765
vn -0.2212 -0.6989 0.6801
vn -0.1853 -0.5336 0.8252
vn -0.1225 -0.2858 0.9504
vn -0.0911 -0.0864 0.9921
vn -0.0858 0.0563 0.9947
vn -0.0589 0.2284 0.9718
vn 0.1800 -0.7221 0.6680
vn 0.3648 -0.6545 0.6622
vn 0.3441 -0.6268 0.6991
vn 0.1345 -0.6733 0.7270
vn 0.2887 -0.4190 0.8609
vn 0.0326 -0.4701 0.8820
vn 0.2069 -0.1485 0.9670
vn -0.0400 -0.2069 0.9775
vn 0.1661 0.0541 0.9846
vn -0.0555 0.0179 0.9983
vn 0.1944 0.2590 0.9461
vn -0.0560 0.2304 0.9715
vn -0.8841 -0.0057 0.4672
vn -0.4747 -0.0351 0.8794
vn -0.4709 0.1604 0.8675
vn -0.8555 0.1789 0.4858
vn -0.8805 -0.1933 0.4328
vn -0.4704 -0.2469 0.8472
vn -0.8308 -0.3948 0.3923
vn -0.4100 -0.4851 0.7724
vn -0.7068 -0.6698 0.2278
vn -0.3141 -0.7148 0.6248
vn -0.5849 -0.8047 0.1020
vn -0.2283 -0.8380 0.4956
vn -0.4427 0.5296 0.7235
vn -0.3621 0.7727 0.5213
vn -0.7234 -0.6715 -0.1604
vn -0.8705 -0.4905 -0.0393
vn -0.9638 -0.2612 0.0527
vn -0.9929 -0.0863 0.0817
vn -0.9932 0.0529 0.1035
vn -0.9636 0.2320 0.1329
vn -0.6414 -0.7312 0.2323
vn -0.6279 -0.6545 0.4211
vn -0.6807 -0.6160 0.3964
vn -0.7231 -0.6636 0.1918
vn -0.8359 -0.4235 0.3492
vn -0.8751 -0.4709 0.1118
vn -0.9386 -0.1754 0.2971
vn -0.9698 -0.2377 0.0538
vn -0.9628 0.0482 0.2659
vn -0.9998 -0.0045 0.0214
vn -0.9253 0.2476 0.2872
vn -0.9794 0.2020 -0.0019
vn -0.5651 0.0151 -0.8249
vn -0.9102 -0.0497 -0.4113
vn -0.8956 0.1597 -0.4153
vn -0.5564 0.1965 -0.8074
vn -0.5363 -0.1939 -0.8214
vn -0.8813 -0.2640 -0.3919
vn -0.4833 -0.4058 -0.7757
vn -0.8104 -0.4822 -0.3327
vn -0.3480 -0.6662 -0.6596
vn -0.6579 -0.7095 -0.2526
vn -0.2636 -0.8008 -0.5378
vn -0.5135 -0.8403 -0.1739
vn -0.7324 0.5509 -0.4000
vn -0.4894 0.8037 -0.3383
vn -0.0908 -0.6689 -0.7378
vn -0.1344 -0.5013 -0.8548
vn -0.1904 -0.2883 -0.9384
vn -0.2370 -0.0809 -0.9681
vn -0.2297 0.0923 -0.9689
vn -0.1913 0.2505 -0.9490
vn -0.2441 -0.5095 0.8251
vn -0.1344 -0.4244 0.8954
vn -0.1117 -0.5260 0.8431
vn -0.2704 -0.5960 0.7561
vn 0.2196 -0.9421 0.2534
vn 0.3356 -0.9238 0.1842
vn 0.2568 -0.8837 0.3913
vn 0.1308 -0.9251 0.3564
vn 0.0177 -0.8823 0.4704
vn 0.2091 -0.8100 0.5478
vn 0.2021 -0.7607 0.6168
vn -0.0149 -0.8472 0.5311
vn 0.1366 -0.6797 0.7206
vn -0.0494 -0.7685 0.6380
vn 0.0291 -0.5882 0.8082
vn -0.1169 -0.6302 0.7676
vn -0.0847 -0.4735 0.8767
vn -0.2213 -0.4850 0.8461
vn -0.6247 -0.6278 0.4642
vn -0.3760 -0.6547 0.6558
vn -0.4390 -0.4915 0.7521
vn -0.6502 -0.4829 0.5866
vn -0.5401 -0.7801 0.3158
vn -0.3025 -0.8157 0.4931
vn -0.4682 -0.8480 0.2485
vn -0.2784 -0.8775 0.3905
vn -0.4280 -0.8867 0.1750
vn -0.2585 -0.9098 0.3248
vn -0.4102 -0.9119 0.0113
vn -0.1384 -0.9692 0.2039
vn -0.1932 -0.9481 0.2525
vn -0.4148 -0.9085 0.0504
vn -0.5903 -0.5224 0.6154
vn -0.4269 -0.5504 0.7175
vn -0.3934 -0.6220 0.6770
vn -0.5065 -0.6106 0.6088
vn -0.7133 -0.4549 0.5332
vn -0.6257 -0.5640 0.5388
vn -0.4498 -0.8834 -0.1311
vn -0.4647 -0.8843 -0.0445
vn -0.5196 -0.8491 0.0946
vn -0.5983 -0.7875 0.1477
vn -0.6970 -0.6908 0.1921
vn -0.7570 -0.5696 0.3201
vn -0.7560 -0.4630 0.4627
vn 0.8898 -0.4400 0.1209
vn 0.9234 -0.3790 0.0601
vn 0.9177 -0.3962 -0.0278
vn 0.8960 -0.4154 0.1570
vn 0.4139 -0.9094 -0.0408
vn 0.3837 -0.9144 -0.1292
vn 0.4458 -0.8933 -0.0579
vn 0.4396 -0.8981 -0.0118
vn 0.5206 -0.8537 -0.0101
vn 0.4869 -0.8732 0.0230
vn 0.6599 -0.7513 0.0073
vn 0.6186 -0.7827 0.0681
vn 0.7852 -0.6161 0.0622
vn 0.7588 -0.6358 0.1415
vn 0.8673 -0.4898 0.0890
vn 0.8369 -0.5223 0.1638
vn 0.5358 -0.6322 0.5596
vn 0.6674 -0.6565 0.3515
vn 0.7211 -0.5702 0.3934
vn 0.5854 -0.5070 0.6326
vn 0.4404 -0.7436 0.5032
vn 0.5658 -0.7843 0.2545
vn 0.3058 -0.8706 0.3853
vn 0.4523 -0.8833 0.1233
vn 0.1725 -0.9302 0.3241
vn 0.3954 -0.9153 0.0766
vn 0.1664 -0.9401 0.2976
vn 0.3762 -0.9211 0.0999
vn 0.5730 -0.4404 0.6912
vn 0.7668 -0.4738 0.4329
vn 0.7824 -0.4306 0.4499
vn 0.5992 -0.4216 0.6806
vn 0.5277 -0.3649 0.7670
vn 0.4789 -0.4271 0.7670
vn -0.0694 -0.8871 0.4563
vn -0.0029 -0.8626 0.5058
vn 0.1728 -0.7873 0.5918
vn 0.3478 -0.7031 0.6202
vn 0.4694 -0.6064 0.6418
vn 0.5339 -0.4487 0.7167
vn 0.2219 -0.4310 -0.8746
vn 0.1548 -0.3850 -0.9098
vn 0.0704 -0.3417 -0.9372
vn 0.2538 -0.4225 -0.8701
vn -0.2202 -0.9010 -0.3737
vn -0.2712 -0.8893 -0.3682
vn -0.2127 -0.8817 -0.4211
vn -0.1346 -0.8910 -0.4336
vn -0.0564 -0.8448 -0.5320
vn 0.0412 -0.8425 -0.5371
vn 0.0995 -0.7569 -0.6459
vn 0.1598 -0.7643 -0.6247
vn 0.1714 -0.6181 -0.7672
vn 0.2279 -0.6256 -0.7462
vn 0.1845 -0.4646 -0.8661
vn 0.2672 -0.4906 -0.8294
vn 0.6093 -0.6397 -0.4686
vn 0.4278 -0.6508 -0.6272
vn 0.4929 -0.5419 -0.6807
vn 0.6823 -0.5018 -0.5316
vn 0.5502 -0.7628 -0.3397
vn 0.3690 -0.7762 -0.5112
vn 0.5246 -0.8233 -0.2166
vn 0.3080 -0.8409 -0.4450
vn 0.4671 -0.8837 -0.0302
vn 0.1968 -0.9349 -0.2954
vn 0.4075 -0.9080 0.0973
vn 0.1325 -0.9781 -0.1603
vn 0.7275 -0.4549 -0.5136
vn 0.5016 -0.4897 -0.7131
vn 0.5083 -0.4557 -0.7307
vn 0.7144 -0.4401 -0.5440
vn 0.7987 -0.3824 -0.4646
vn 0.8058 -0.4271 -0.4102
vn 0.4045 -0.9030 0.1450
vn 0.5082 -0.8599 0.0473
vn 0.5803 -0.8074 -0.1062
vn 0.5914 -0.7598 -0.2700
vn 0.6387 -0.6420 -0.4241
vn 0.7348 -0.4706 -0.4884
vn -0.8159 -0.4724 -0.3333
vn -0.8412 -0.4532 -0.2950
vn -0.8438 -0.4620 -0.2731
vn -0.8231 -0.4449 -0.3528
vn -0.4158 -0.9093 0.0169
vn -0.3536 -0.9339 0.0525
vn -0.3962 -0.9181 -0.0103
vn -0.4147 -0.9093 -0.0356
vn -0.5112 -0.8508 -0.1214
vn -0.4959 -0.8550 -0.1517
vn -0.6375 -0.7403 -0.2134
vn -0.6179 -0.7462 -0.2476
vn -0.7296 -0.6268 -0.2734
vn -0.7069 -0.6356 -0.3103
vn -0.8046 -0.5113 -0.3018
vn -0.7744 -0.5343 -0.3387
vn -0.4354 -0.6313 -0.6417
vn -0.5795 -0.6593 -0.4790
vn -0.6324 -0.5711 -0.5233
vn -0.4670 -0.5228 -0.7131
vn -0.3464 -0.7506 -0.5627
vn -0.4997 -0.7626 -0.4108
vn -0.2261 -0.8549 -0.4670
vn -0.3847 -0.8687 -0.3121
vn -0.1239 -0.8938 -0.4310
vn -0.3279 -0.9154 -0.2336
vn -0.1155 -0.8925 -0.4360
vn -0.3379 -0.9144 -0.2229
vn -0.4597 -0.4506 -0.7652
vn -0.6721 -0.4820 -0.5620
vn -0.6873 -0.4457 -0.5735
vn -0.4871 -0.4267 -0.7620
vn -0.4167 -0.4154 -0.8086
vn -0.3817 -0.4097 -0.8285
vn 0.0403 -0.8820 -0.4695
vn -0.0460 -0.8841 -0.4650
vn -0.1786 -0.8456 -0.5031
vn -0.3032 -0.7464 -0.5924
vn -0.3999 -0.6171 -0.6777
vn -0.4292 -0.4891 -0.7593
vn 0.5318 -0.4467 0.7195
vn 0.6104 -0.3790 0.6955
vn 0.6686 -0.3962 0.6292
vn 0.5054 -0.4339 0.7458
vn 0.3862 -0.9139 0.1246
vn 0.4223 -0.8946 0.1461
vn 0.4198 -0.9008 0.1109
vn 0.3695 -0.9153 0.1601
vn 0.4748 -0.8436 0.2508
vn 0.3731 -0.8773 0.3018
vn 0.5139 -0.7172 0.4706
vn 0.4149 -0.7448 0.5225
vn 0.5073 -0.6203 0.5983
vn 0.4297 -0.6312 0.6457
vn 0.5425 -0.4827 0.6875
vn 0.4635 -0.5175 0.7192
vn -0.0064 -0.6278 0.7783
vn 0.1987 -0.6484 0.7349
vn 0.2216 -0.5677 0.7928
vn -0.0232 -0.5103 0.8597
vn -0.0330 -0.7470 0.6640
vn 0.1661 -0.7619 0.6261
vn -0.0678 -0.8659 0.4956
vn 0.1303 -0.8909 0.4351
vn -0.1056 -0.9252 0.3644
vn 0.1395 -0.9456 0.2939
vn -0.1143 -0.9491 0.2935
vn 0.1493 -0.9701 0.1914
vn -0.0704 -0.4570 0.8867
vn 0.2353 -0.4929 0.8377
vn 0.2298 -0.4574 0.8591
vn -0.0374 -0.4462 0.8941
vn -0.1574 -0.3824 0.9105
vn -0.2037 -0.4271 0.8809
vn -0.2100 -0.9264 0.3125
vn -0.1686 -0.9170 0.3614
vn -0.1147 -0.8553 0.5053
vn -0.0793 -0.7399 0.6680
vn -0.0612 -0.6171 0.7845
vn -0.0981 -0.4706 0.8769
vn 0.7593 -0.4400 -0.4794
vn 0.7461 -0.3790 -0.5475
vn 0.6851 -0.3962 -0.6112
vn 0.7873 -0.4154 -0.4556
vn 0.2837 -0.9087 -0.3063
vn 0.1858 -0.9157 -0.3562
vn 0.2658 -0.9068 -0.3271
vn 0.3054 -0.9089 -0.2840
vn 0.4244 -0.8473 -0.3192
vn 0.4349 -0.8571 -0.2761
vn 0.5733 -0.7403 -0.3511
vn 0.5868 -0.7463 -0.3143
vn 0.6817 -0.6194 -0.3894
vn 0.6940 -0.6319 -0.3451
vn 0.7483 -0.4715 -0.4666
vn 0.7572 -0.5149 -0.4020
vn 0.7717 -0.6311 0.0786
vn 0.7400 -0.6587 -0.1361
vn 0.8053 -0.5743 -0.1473
vn 0.8455 -0.5242 0.1016
vn 0.6586 -0.7470 0.0908
vn 0.6359 -0.7626 -0.1188
vn 0.4974 -0.8603 0.1116
vn 0.4777 -0.8739 -0.0900
vn 0.3820 -0.9129 0.1439
vn 0.3783 -0.9235 -0.0632
vn 0.3697 -0.9144 0.1649
vn 0.3819 -0.9225 -0.0557
vn 0.8862 -0.4368 0.1545
vn 0.8647 -0.4771 -0.1571
vn 0.8886 -0.4306 -0.1582
vn 0.9046 -0.4047 0.1339
vn 0.8898 -0.4063 0.2078
vn 0.8899 -0.3666 0.2715
vn 0.3268 -0.9302 0.1673
vn 0.3703 -0.9122 0.1755
vn 0.5009 -0.8495 0.1657
vn 0.6586 -0.7399 0.1373
vn 0.7762 -0.6171 0.1293
vn 0.8566 -0.4910 0.1583
vn -0.7712 -0.4400 0.4601
vn -0.7596 -0.3790 0.5285
vn -0.7004 -0.3962 0.5937
vn -0.7985 -0.4154 0.4356
vn -0.3458 -0.8722 0.3459
vn -0.2844 -0.9115 0.2972
vn -0.1925 -0.9371 0.2911
vn -0.2309 -0.9341 0.2723
vn -0.3132 -0.8783 0.3612
vn -0.3301 -0.9108 0.2479
vn -0.5365 -0.7414 0.4030
vn -0.5686 -0.7647 0.3030
vn -0.6599 -0.6397 0.3942
vn -0.6843 -0.6509 0.3287
vn -0.7598 -0.4715 0.4476
vn -0.7670 -0.5149 0.3828
vn -0.7387 -0.6462 -0.1914
vn -0.7237 -0.6850 0.0841
vn -0.8031 -0.5843 0.1163
vn -0.8235 -0.5320 -0.1971
vn -0.6326 -0.7457 -0.2091
vn -0.6243 -0.7793 0.0537
vn -0.4793 -0.8526 -0.2082
vn -0.4190 -0.9072 0.0373
vn -0.3939 -0.8900 -0.2297
vn -0.3370 -0.9379 0.0824
vn -0.4137 -0.8828 -0.2224
vn -0.4468 -0.8856 0.1264
vn -0.8750 -0.4242 -0.2333
vn -0.8684 -0.4771 0.1353
vn -0.8923 -0.4306 0.1357
vn -0.8914 -0.4043 -0.2048
vn -0.8707 -0.3459 -0.3495
vn -0.8373 -0.3641 -0.4078
vn -0.2958 -0.8720 -0.3899
vn -0.3836 -0.8486 -0.3644
vn -0.4971 -0.7964 -0.3445
vn -0.6379 -0.7041 -0.3119
vn -0.7409 -0.6075 -0.2864
vn -0.8281 -0.4662 -0.3112
vn 0.1394 -0.9850 0.1016
vn 0.3762 -0.9263 0.0201
vn -0.1248 -0.9754 0.1815
vt 0.813950 0.255552
vt 0.798749 0.277791
vt 0.813771 0.280764
vt 0.866522 0.268962
vt 0.857183 0.252205
vt 0.850113 0.278773
vt 0.867473 0.269732
vt 0.856719 0.263554
vt 0.848425 0.281005
vt 0.867141 0.325018
vt 0.883278 0.303477
vt 0.858046 0.308114
vt 0.874914 0.313699
vt 0.873550 0.290811
vt 0.862361 0.300885
vt 0.825120 0.341152
vt 0.843554 0.343532
vt 0.833801 0.326232
vt 0.824722 0.341270
vt 0.846438 0.334661
vt 0.833829 0.326442
vt 0.786722 0.300093
vt 0.787839 0.319282
vt 0.800478 0.299804
vt 0.784276 0.292389
vt 0.793373 0.313429
vt 0.800448 0.300129
vt 0.822664 0.252201
vt 0.803559 0.253610
vt 0.824618 0.271244
vt 0.788357 0.196502
vt 0.774281 0.209856
vt 0.778098 0.203750
vt 0.788144 0.190252
vt 0.809117 0.297137
vt 0.789867 0.297021
vt 0.778472 0.277163
vt 0.799068 0.269121
vt 0.771850 0.258760
vt 0.795317 0.250211
vt 0.768784 0.242754
vt 0.791809 0.234283
vt 0.767327 0.228832
vt 0.789388 0.220531
vt 0.770534 0.216129
vt 0.788772 0.208228
vt 0.840381 0.211524
vt 0.813643 0.213166
vt 0.811524 0.201127
vt 0.837032 0.199703
vt 0.843829 0.225094
vt 0.816063 0.226917
vt 0.845626 0.241325
vt 0.818888 0.242966
vt 0.847464 0.260573
vt 0.822230 0.261949
vt 0.848731 0.290559
vt 0.827618 0.292559
vt 0.831790 0.188376
vt 0.808637 0.184724
vt 0.807509 0.178317
vt 0.828978 0.182341
vt 0.851828 0.196271
vt 0.846216 0.191370
vt 0.866188 0.283150
vt 0.869260 0.261239
vt 0.869605 0.241605
vt 0.868868 0.225188
vt 0.865045 0.211684
vt 0.857479 0.200884
vt 0.806093 0.190499
vt 0.789916 0.201202
vt 0.794734 0.195852
vt 0.806967 0.184307
vt 0.809093 0.293216
vt 0.790156 0.289754
vt 0.782376 0.268215
vt 0.804053 0.263878
vt 0.779045 0.248940
vt 0.803637 0.244603
vt 0.778799 0.232643
vt 0.802943 0.228307
vt 0.779778 0.218680
vt 0.802943 0.214343
vt 0.785138 0.206728
vt 0.804469 0.202119
vt 0.854722 0.214343
vt 0.828106 0.211309
vt 0.828106 0.199084
vt 0.853473 0.202119
vt 0.855766 0.228307
vt 0.828106 0.225272
vt 0.854722 0.244603
vt 0.828106 0.241568
vt 0.853196 0.263879
vt 0.828106 0.260844
vt 0.849245 0.293629
vt 0.828106 0.291927
vt 0.850274 0.190052
vt 0.828106 0.182428
vt 0.828106 0.175922
vt 0.848552 0.183619
vt 0.868639 0.201313
vt 0.863963 0.195510
vt 0.867721 0.289370
vt 0.874545 0.268326
vt 0.878288 0.249051
vt 0.880408 0.232754
vt 0.878984 0.218791
vt 0.873405 0.206838
vt 0.932573 0.273097
vt 0.921889 0.256892
vt 0.927229 0.261718
vt 0.938754 0.273972
vt 0.830035 0.273972
vt 0.833491 0.257132
vt 0.854993 0.249339
vt 0.859322 0.271054
vt 0.874234 0.246002
vt 0.878564 0.270637
vt 0.890502 0.245756
vt 0.894832 0.269942
vt 0.904441 0.246737
vt 0.908771 0.269942
vt 0.916373 0.252106
vt 0.920974 0.271471
vt 0.908771 0.321811
vt 0.911800 0.295149
vt 0.924003 0.295149
vt 0.920974 0.320560
vt 0.894832 0.322857
vt 0.897861 0.295149
vt 0.878564 0.321811
vt 0.881593 0.295149
vt 0.859322 0.320282
vt 0.862351 0.295149
vt 0.829623 0.316325
vt 0.831322 0.295149
vt 0.933019 0.317356
vt 0.940630 0.295149
vt 0.947125 0.295149
vt 0.939441 0.315630
vt 0.923459 0.335753
vt 0.927571 0.331068
vt 0.833875 0.334833
vt 0.854882 0.341669
vt 0.874124 0.345418
vt 0.890392 0.347542
vt 0.904331 0.346115
vt 0.916262 0.340527
vt 0.859141 0.397478
vt 0.874324 0.385404
vt 0.869990 0.391154
vt 0.858809 0.403723
vt 0.849333 0.295228
vt 0.866381 0.297209
vt 0.876005 0.317987
vt 0.854788 0.324200
vt 0.881001 0.336899
vt 0.856880 0.343069
vt 0.882663 0.353111
vt 0.858989 0.359540
vt 0.882903 0.367107
vt 0.860204 0.373450
vt 0.878603 0.379482
vt 0.859747 0.385761
vt 0.808622 0.377971
vt 0.835400 0.378670
vt 0.836464 0.390848
vt 0.810929 0.390039
vt 0.806367 0.364151
vt 0.834186 0.364760
vt 0.805989 0.347826
vt 0.832768 0.348525
vt 0.805832 0.328490
vt 0.831091 0.329323
vt 0.806959 0.303409
vt 0.828386 0.298358
vt 0.815166 0.401781
vt 0.837913 0.407440
vt 0.838479 0.413922
vt 0.817442 0.408039
vt 0.795891 0.392166
vt 0.801055 0.397539
vt 0.789144 0.304365
vt 0.784177 0.325924
vt 0.782126 0.345453
vt 0.781432 0.361872
vt 0.784065 0.375658
vt 0.790663 0.387078
vt 0.744093 0.229157
vt 0.737053 0.244783
vt 0.736097 0.240572
vt 0.740789 0.223851
vt 0.810672 0.307280
vt 0.795573 0.315453
vt 0.775793 0.303962
vt 0.789615 0.286682
vt 0.760872 0.291342
vt 0.776928 0.272184
vt 0.750227 0.279016
vt 0.765940 0.260147
vt 0.742017 0.267689
vt 0.756980 0.249451
vt 0.738454 0.253763
vt 0.750305 0.239104
vt 0.796645 0.216110
vt 0.774309 0.230923
vt 0.766465 0.221559
vt 0.787845 0.207550
vt 0.806405 0.226134
vt 0.783268 0.241620
vt 0.816062 0.239290
vt 0.793725 0.254104
vt 0.827261 0.255039
vt 0.806094 0.268870
vt 0.843325 0.280373
vt 0.826039 0.292681
vt 0.777651 0.200366
vt 0.755777 0.208800
vt 0.751602 0.203816
vt 0.772204 0.196547
vt 0.798945 0.195562
vt 0.791639 0.195083
vt 0.854745 0.265213
vt 0.846469 0.244699
vt 0.836968 0.227523
vt 0.828135 0.213674
vt 0.818084 0.203894
vt 0.806141 0.198331
vt 0.886410 0.205557
vt 0.867416 0.201667
vt 0.874599 0.201297
vt 0.891398 0.201798
vt 0.814522 0.278808
vt 0.805079 0.264452
vt 0.814782 0.243712
vt 0.833171 0.256000
vt 0.826032 0.226403
vt 0.846483 0.240862
vt 0.837362 0.216025
vt 0.857495 0.230060
vt 0.847911 0.206845
vt 0.867352 0.218313
vt 0.860137 0.202190
vt 0.877060 0.211741
vt 0.903965 0.256864
vt 0.887287 0.232675
vt 0.895915 0.227221
vt 0.911711 0.247336
vt 0.894847 0.267477
vt 0.877430 0.245739
vt 0.882605 0.278261
vt 0.865927 0.257262
vt 0.867920 0.290810
vt 0.852321 0.270891
vt 0.844127 0.310430
vt 0.830615 0.294335
vt 0.917966 0.236537
vt 0.907672 0.215443
vt 0.912265 0.210843
vt 0.921289 0.230768
vt 0.923004 0.257508
vt 0.923793 0.250093
vt 0.860197 0.319123
vt 0.879877 0.309077
vt 0.896129 0.298098
vt 0.909132 0.288077
vt 0.917981 0.277194
vt 0.922473 0.264791
vt 0.922282 0.345523
vt 0.924496 0.326230
vt 0.925490 0.333366
vt 0.926456 0.350174
vt 0.843172 0.280169
vt 0.856625 0.269494
vt 0.878097 0.277369
vt 0.867480 0.296791
vt 0.894979 0.287203
vt 0.882487 0.308862
vt 0.907598 0.297490
vt 0.895395 0.318805
vt 0.917647 0.307216
vt 0.906073 0.327780
vt 0.923342 0.319012
vt 0.914440 0.336809
vt 0.872790 0.367514
vt 0.892219 0.349040
vt 0.901567 0.356898
vt 0.882941 0.374414
vt 0.861441 0.359340
vt 0.881541 0.340065
vt 0.849650 0.348064
vt 0.869079 0.329590
vt 0.835891 0.334502
vt 0.854339 0.317200
vt 0.815680 0.312348
vt 0.830570 0.297220
vt 0.894225 0.379715
vt 0.914304 0.367604
vt 0.919280 0.371786
vt 0.900251 0.382528
vt 0.873809 0.386570
vt 0.881252 0.386711
vt 0.807061 0.329263
vt 0.818767 0.348027
vt 0.831102 0.363289
vt 0.842201 0.375391
vt 0.853794 0.383273
vt 0.866520 0.386675
vt 0.777819 0.389490
vt 0.797079 0.391707
vt 0.789955 0.392703
vt 0.773176 0.393670
vt 0.843060 0.310241
vt 0.853716 0.323718
vt 0.845855 0.345227
vt 0.826467 0.334591
vt 0.820546 0.342003
vt 0.840947 0.353682
vt 0.836038 0.362138
vt 0.814626 0.349415
vt 0.825769 0.374780
vt 0.804492 0.362555
vt 0.816060 0.384846
vt 0.795532 0.373252
vt 0.804284 0.390551
vt 0.786519 0.381634
vt 0.755867 0.339911
vt 0.774309 0.359374
vt 0.766465 0.368738
vt 0.748979 0.350079
vt 0.764027 0.328542
vt 0.783268 0.348677
vt 0.775283 0.316731
vt 0.793725 0.336116
vt 0.782052 0.309839
vt 0.799909 0.328811
vt 0.810937 0.282701
vt 0.826039 0.297617
vt 0.806094 0.321428
vt 0.788821 0.302948
vt 0.743687 0.361383
vt 0.755777 0.381498
vt 0.751602 0.386482
vt 0.740879 0.367420
vt 0.736844 0.340931
vt 0.736703 0.348388
vt 0.794051 0.278548
vt 0.775320 0.285793
vt 0.762622 0.291971
vt 0.760085 0.298149
vt 0.751667 0.309268
vt 0.743841 0.320882
vt 0.739171 0.333630
vt 0.723117 0.314553
vt 0.733389 0.331022
vt 0.728172 0.326063
vt 0.716959 0.313521
vt 0.825644 0.316270
vt 0.821765 0.333017
vt 0.800074 0.340264
vt 0.796293 0.318447
vt 0.780754 0.343114
vt 0.777047 0.318377
vt 0.764485 0.342948
vt 0.760767 0.318661
vt 0.750575 0.341615
vt 0.746832 0.318308
vt 0.738783 0.335946
vt 0.734672 0.316471
vt 0.748139 0.266455
vt 0.744439 0.293033
vt 0.732240 0.292724
vt 0.735908 0.267398
vt 0.762100 0.265762
vt 0.758373 0.293385
vt 0.778336 0.267219
vt 0.774636 0.293797
vt 0.797534 0.269234
vt 0.793872 0.294283
vt 0.827123 0.273941
vt 0.824891 0.295067
vt 0.723786 0.270296
vt 0.715618 0.292304
vt 0.709125 0.292140
vt 0.717322 0.271859
vt 0.735486 0.252190
vt 0.729578 0.256726
vt 0.823339 0.255331
vt 0.802511 0.247966
vt 0.783369 0.243732
vt 0.767160 0.241198
vt 0.753189 0.242271
vt 0.741121 0.247556
vt 0.764367 0.211038
vt 0.754221 0.227586
vt 0.756331 0.220698
vt 0.762547 0.205056
vt 0.810420 0.302861
vt 0.791797 0.307740
vt 0.775660 0.291513
vt 0.793476 0.278405
vt 0.764508 0.275454
vt 0.784967 0.261112
vt 0.757411 0.260788
vt 0.777463 0.246636
vt 0.752407 0.247718
vt 0.771572 0.233981
vt 0.752222 0.234617
vt 0.767798 0.222256
vt 0.818500 0.212060
vt 0.793097 0.220578
vt 0.787940 0.209499
vt 0.812211 0.201510
vt 0.825337 0.224273
vt 0.798988 0.233233
vt 0.831266 0.239485
vt 0.805863 0.248003
vt 0.838014 0.257601
vt 0.813995 0.265472
vt 0.846985 0.286236
vt 0.827108 0.293643
vt 0.804221 0.191928
vt 0.780913 0.194403
vt 0.778168 0.188507
vt 0.799946 0.186827
vt 0.825616 0.194359
vt 0.818929 0.191079
vt 0.861933 0.274554
vt 0.859240 0.252593
vt 0.854500 0.233539
vt 0.849546 0.217872
vt 0.842364 0.205820
vt 0.832266 0.197349
vt 0.913844 0.232350
vt 0.897324 0.222187
vt 0.904200 0.224300
vt 0.919815 0.230527
vt 0.821282 0.276554
vt 0.817310 0.259828
vt 0.833509 0.243663
vt 0.846593 0.261510
vt 0.849540 0.232492
vt 0.863857 0.252986
vt 0.864180 0.225382
vt 0.878307 0.245469
vt 0.877227 0.220370
vt 0.890940 0.239568
vt 0.890306 0.220184
vt 0.902645 0.235787
vt 0.912823 0.286577
vt 0.904320 0.261130
vt 0.915380 0.255964
vt 0.923355 0.280278
vt 0.900631 0.293427
vt 0.891687 0.267032
vt 0.885446 0.299366
vt 0.876943 0.273919
vt 0.867362 0.306126
vt 0.859504 0.282065
vt 0.838776 0.315113
vt 0.831383 0.295201
vt 0.932920 0.272274
vt 0.930449 0.248925
vt 0.936335 0.246176
vt 0.938012 0.267991
vt 0.932017 0.292994
vt 0.933767 0.287008
vt 0.850438 0.330087
vt 0.872361 0.327389
vt 0.891382 0.322640
vt 0.907021 0.317678
vt 0.919053 0.310484
vt 0.927509 0.300368
vt 0.899765 0.376166
vt 0.908432 0.358795
vt 0.906931 0.365841
vt 0.902099 0.381966
vt 0.847739 0.287648
vt 0.864026 0.282226
vt 0.881514 0.296983
vt 0.864906 0.311596
vt 0.894020 0.312008
vt 0.874762 0.327812
vt 0.902367 0.325998
vt 0.883622 0.341846
vt 0.908488 0.338581
vt 0.890592 0.353939
vt 0.909812 0.351617
vt 0.895371 0.365290
vt 0.845750 0.379874
vt 0.870315 0.369171
vt 0.876416 0.378674
vt 0.852933 0.389835
vt 0.837876 0.368304
vt 0.863345 0.357078
vt 0.830646 0.353668
vt 0.855211 0.342965
vt 0.822347 0.336211
vt 0.845590 0.326272
vt 0.812787 0.313002
vt 0.830076 0.299353
vt 0.861726 0.398683
vt 0.884730 0.393098
vt 0.887977 0.399816
vt 0.866428 0.403391
vt 0.840201 0.398129
vt 0.847147 0.400812
vt 0.797044 0.321410
vt 0.801638 0.343052
vt 0.808018 0.361620
vt 0.814316 0.376795
vt 0.822519 0.388174
vt 0.833316 0.395731
vt 0.724485 0.272322
vt 0.724697 0.289464
vt 0.722054 0.286052
vt 0.719252 0.268911
vt 0.817785 0.314939
vt 0.807548 0.328738
vt 0.784774 0.326698
vt 0.790011 0.305185
vt 0.765927 0.321576
vt 0.772396 0.297417
vt 0.751079 0.314912
vt 0.757359 0.291159
vt 0.738860 0.308122
vt 0.744726 0.285258
vt 0.729755 0.297009
vt 0.734312 0.278706
vt 0.766609 0.238248
vt 0.752615 0.261130
vt 0.741453 0.255964
vt 0.755022 0.234216
vt 0.779683 0.243202
vt 0.765248 0.267032
vt 0.793986 0.251037
vt 0.779992 0.273919
vt 0.810780 0.260569
vt 0.797431 0.282065
vt 0.836027 0.276728
vt 0.825553 0.295201
vt 0.742753 0.232021
vt 0.727061 0.248925
vt 0.720600 0.246176
vt 0.736205 0.230866
vt 0.760025 0.218652
vt 0.753202 0.221312
vt 0.839981 0.258154
vt 0.823826 0.243065
vt 0.807969 0.231521
vt 0.794121 0.222709
vt 0.780886 0.218101
vt 0.767715 0.218115
vt 0.843511 0.190682
vt 0.824656 0.195197
vt 0.831010 0.191821
vt 0.846447 0.185163
vt 0.809263 0.287504
vt 0.794648 0.278491
vt 0.794691 0.255586
vt 0.816542 0.258937
vt 0.797586 0.235136
vt 0.822220 0.239583
vt 0.803475 0.220934
vt 0.827644 0.225131
vt 0.809163 0.208148
vt 0.831621 0.210311
vt 0.818280 0.198753
vt 0.837647 0.200245
vt 0.881067 0.229750
vt 0.855747 0.214888
vt 0.861266 0.207224
vt 0.884068 0.217835
vt 0.877281 0.243229
vt 0.852325 0.230900
vt 0.870736 0.258185
vt 0.846761 0.246214
vt 0.862721 0.275775
vt 0.840180 0.264327
vt 0.849434 0.303630
vt 0.830398 0.294763
vt 0.885182 0.205400
vt 0.866953 0.191572
vt 0.869174 0.184526
vt 0.885759 0.198765
vt 0.898594 0.222273
vt 0.896181 0.215219
vt 0.867667 0.304705
vt 0.881264 0.287269
vt 0.891362 0.270438
vt 0.898918 0.255851
vt 0.902347 0.242241
vt 0.901186 0.229099
vt 0.935072 0.302348
vt 0.928939 0.283925
vt 0.932851 0.289971
vt 0.940817 0.304796
vt 0.835802 0.276608
vt 0.843492 0.261238
vt 0.866274 0.259285
vt 0.864845 0.281382
vt 0.885722 0.261050
vt 0.883539 0.285968
vt 0.901499 0.265031
vt 0.899432 0.289515
vt 0.914710 0.269592
vt 0.912896 0.293129
vt 0.924848 0.277872
vt 0.924288 0.297770
vt 0.899495 0.343231
vt 0.909310 0.318262
vt 0.921097 0.321426
vt 0.911605 0.345187
vt 0.885760 0.340627
vt 0.895846 0.314649
vt 0.870317 0.335399
vt 0.880132 0.310431
vt 0.852126 0.328934
vt 0.861546 0.305442
vt 0.824462 0.317411
vt 0.831574 0.297397
vt 0.924069 0.345214
vt 0.937157 0.325737
vt 0.943431 0.327421
vt 0.930717 0.345213
vt 0.908457 0.360070
vt 0.915263 0.357047
vt 0.823787 0.336391
vt 0.842312 0.348440
vt 0.859929 0.357051
vt 0.875094 0.363320
vt 0.888927 0.365556
vt 0.901896 0.363251
vt 0.822693 0.400676
vt 0.841083 0.397210
vt 0.835048 0.401128
vt 0.820249 0.407722
vt 0.848387 0.303910
vt 0.863731 0.311613
vt 0.865680 0.334435
vt 0.843622 0.333004
vt 0.841383 0.342228
vt 0.864799 0.344176
vt 0.863918 0.353918
vt 0.839145 0.351452
vt 0.859945 0.369722
vt 0.835503 0.367651
vt 0.855391 0.382956
vt 0.831895 0.381139
vt 0.847126 0.393111
vt 0.827263 0.391259
vt 0.781881 0.367714
vt 0.806806 0.377546
vt 0.803648 0.385355
vt 0.779929 0.378554
vt 0.784480 0.353956
vt 0.810414 0.364059
vt 0.789699 0.338486
vt 0.814591 0.348247
vt 0.792926 0.329374
vt 0.817114 0.339008
vt 0.807656 0.292550
vt 0.827635 0.299675
vt 0.819604 0.329699
vt 0.796153 0.320263
vt 0.779901 0.388730
vt 0.799344 0.397404
vt 0.797663 0.410341
vt 0.779903 0.397605
vt 0.765071 0.376692
vt 0.768089 0.383510
vt 0.790599 0.295935
vt 0.776681 0.310431
vt 0.767779 0.321406
vt 0.768086 0.328080
vt 0.765147 0.341720
vt 0.762954 0.355559
vt 0.764099 0.369090
vt 0.814568 0.277149
vt 0.798904 0.288092
vt 0.792009 0.276379
vt 0.812224 0.258675
vt 0.788735 0.269237
vt 0.811337 0.251695
vt 0.788574 0.264493
vt 0.810806 0.246469
vt 0.789428 0.262098
vt 0.810950 0.244346
vt 0.794339 0.264043
vt 0.812476 0.246389
vt 0.860657 0.244795
vt 0.833558 0.239355
vt 0.833640 0.241034
vt 0.859554 0.244869
vt 0.861451 0.246919
vt 0.833536 0.241674
vt 0.860475 0.251698
vt 0.833439 0.247288
vt 0.859157 0.259690
vt 0.833915 0.252388
vt 0.855294 0.280620
vt 0.833290 0.272331
vt 0.833646 0.247305
vt 0.828604 0.286400
vt 0.870215 0.278896
vt 0.874722 0.271873
vt 0.877884 0.267618
vt 0.877357 0.264163
vt 0.876082 0.262106
vt 0.871556 0.263530
vt 0.741501 0.358597
vt 0.757759 0.369174
vt 0.750939 0.366888
vt 0.735486 0.360269
vt 0.835147 0.316747
vt 0.838696 0.333568
vt 0.822095 0.349319
vt 0.809464 0.331146
vt 0.805788 0.360081
vt 0.791992 0.339231
vt 0.790973 0.366818
vt 0.777357 0.346380
vt 0.777804 0.371499
vt 0.764579 0.351960
vt 0.764725 0.371354
vt 0.752783 0.355444
vt 0.743887 0.304413
vt 0.751747 0.330066
vt 0.740560 0.334951
vt 0.733200 0.310444
vt 0.756248 0.297874
vt 0.764524 0.324486
vt 0.771578 0.292320
vt 0.779437 0.317974
vt 0.789827 0.286019
vt 0.797076 0.310272
vt 0.818629 0.277758
vt 0.825519 0.297850
vt 0.723436 0.318204
vt 0.725319 0.341607
vt 0.719365 0.344207
vt 0.718238 0.322356
vt 0.726402 0.296840
vt 0.722961 0.303453
vt 0.807349 0.262494
vt 0.785365 0.264637
vt 0.766231 0.268903
vt 0.750471 0.273468
vt 0.738262 0.280356
vt 0.729554 0.290255
vt 0.843582 0.278651
vt 0.838500 0.267598
vt 0.847017 0.256677
vt 0.864605 0.268877
vt 0.853015 0.251867
vt 0.868410 0.264087
vt 0.857128 0.249822
vt 0.873006 0.261499
vt 0.859231 0.250377
vt 0.875378 0.261904
vt 0.859395 0.254487
vt 0.874901 0.263443
vt 0.890763 0.305644
vt 0.887057 0.281337
vt 0.887422 0.281666
vt 0.890195 0.304366
vt 0.889181 0.307441
vt 0.884985 0.282400
vt 0.884472 0.308488
vt 0.878301 0.283891
vt 0.876630 0.310326
vt 0.873779 0.286322
vt 0.858734 0.313554
vt 0.852914 0.301281
vt 0.876840 0.289772
vt 0.855923 0.293283
vt 0.848679 0.334677
vt 0.860236 0.334028
vt 0.868163 0.334446
vt 0.870352 0.334261
vt 0.871229 0.332144
vt 0.869616 0.329322
vt 0.856051 0.295701
vt 0.859391 0.276866
vt 0.872537 0.280255
vt 0.870756 0.307094
vt 0.879895 0.282982
vt 0.876313 0.311398
vt 0.883359 0.286220
vt 0.880379 0.314714
vt 0.884447 0.288517
vt 0.881778 0.316317
vt 0.879604 0.290624
vt 0.880284 0.316984
vt 0.846334 0.351231
vt 0.869326 0.335868
vt 0.868082 0.334739
vt 0.847061 0.350397
vt 0.844272 0.350294
vt 0.867704 0.333611
vt 0.841587 0.346225
vt 0.863807 0.329576
vt 0.836873 0.339642
vt 0.858646 0.326383
vt 0.824820 0.318585
vt 0.846224 0.312375
vt 0.863649 0.330312
vt 0.846371 0.305888
vt 0.815493 0.331791
vt 0.817269 0.342066
vt 0.818040 0.347313
vt 0.820853 0.348938
vt 0.823207 0.348750
vt 0.825400 0.346907
vt 0.837194 0.318994
vt 0.856220 0.317352
vt 0.856354 0.330948
vt 0.830014 0.336172
vt 0.855630 0.338774
vt 0.827302 0.343741
vt 0.853404 0.342964
vt 0.825157 0.347456
vt 0.851470 0.344612
vt 0.824939 0.348502
vt 0.848185 0.340470
vt 0.825078 0.346096
vt 0.781135 0.323964
vt 0.801899 0.342236
vt 0.802665 0.340740
vt 0.782127 0.324452
vt 0.781505 0.321727
vt 0.803074 0.340238
vt 0.784734 0.318075
vt 0.805957 0.335423
vt 0.789860 0.311810
vt 0.808088 0.330766
vt 0.803643 0.295611
vt 0.818573 0.313801
vt 0.805787 0.335304
vt 0.824866 0.312265
vt 0.795568 0.289639
vt 0.783686 0.293468
vt 0.780103 0.295573
vt 0.779022 0.300311
vt 0.779353 0.302730
vt 0.781033 0.302281
vt 0.808147 0.302838
vt 0.811439 0.321682
vt 0.797929 0.323001
vt 0.790438 0.297170
vt 0.790083 0.322960
vt 0.783747 0.295030
vt 0.785722 0.321104
vt 0.778794 0.293307
vt 0.783916 0.319318
vt 0.776933 0.292280
vt 0.787748 0.315679
vt 0.778108 0.291142
vt 0.798318 0.247328
vt 0.781958 0.269642
vt 0.783513 0.270276
vt 0.797920 0.248361
vt 0.800576 0.247503
vt 0.784048 0.270640
vt 0.804488 0.250406
vt 0.789087 0.273098
vt 0.811166 0.254976
vt 0.793903 0.274818
vt 0.828476 0.267318
vt 0.811688 0.283803
vt 0.789190 0.272917
vt 0.813765 0.289949
vt 0.833214 0.253040
vt 0.828760 0.245982
vt 0.826244 0.242269
vt 0.822894 0.240792
vt 0.820495 0.242803
vt 0.819873 0.246161
vt 0.795699 0.394800
vt 0.814358 0.396221
vt 0.807516 0.398441
vt 0.791517 0.400973
vt 0.845519 0.307994
vt 0.858349 0.319412
vt 0.854336 0.341962
vt 0.833399 0.334861
vt 0.828853 0.343190
vt 0.850968 0.351143
vt 0.847600 0.360324
vt 0.824308 0.351519
vt 0.839679 0.374560
vt 0.816605 0.366223
vt 0.831861 0.386162
vt 0.809635 0.378315
vt 0.821254 0.393829
vt 0.802546 0.386890
vt 0.764794 0.352381
vt 0.786329 0.368340
vt 0.781261 0.375064
vt 0.760107 0.362345
vt 0.770859 0.339765
vt 0.793299 0.356247
vt 0.779897 0.326175
vt 0.801419 0.342058
vt 0.785369 0.318211
vt 0.806243 0.333788
vt 0.809110 0.286460
vt 0.826568 0.298523
vt 0.811054 0.325441
vt 0.790840 0.310246
vt 0.757451 0.372167
vt 0.773991 0.385586
vt 0.769025 0.397646
vt 0.755160 0.380740
vt 0.746237 0.356695
vt 0.747391 0.364062
vt 0.791761 0.285308
vt 0.774571 0.295701
vt 0.763136 0.303994
vt 0.761709 0.310520
vt 0.755346 0.322934
vt 0.749652 0.335732
vt 0.747262 0.349099
vt 0.929654 0.328960
vt 0.928490 0.309575
vt 0.930706 0.316429
vt 0.934570 0.332814
vt 0.840417 0.278359
vt 0.851815 0.265506
vt 0.874326 0.269527
vt 0.867236 0.290501
vt 0.892655 0.276275
vt 0.884108 0.299777
vt 0.906866 0.284210
vt 0.898544 0.307324
vt 0.918448 0.292041
vt 0.910615 0.314306
vt 0.926102 0.302667
vt 0.920420 0.321742
vt 0.884726 0.359226
vt 0.900657 0.337653
vt 0.911225 0.343765
vt 0.895918 0.364254
vt 0.872132 0.353150
vt 0.888586 0.330671
vt 0.858566 0.344096
vt 0.874497 0.322523
vt 0.842665 0.333134
vt 0.857833 0.312885
vt 0.818920 0.314831
vt 0.830962 0.297343
vt 0.907949 0.367513
vt 0.925625 0.352093
vt 0.931249 0.355346
vt 0.914372 0.369235
vt 0.889032 0.377815
vt 0.896387 0.376659
vt 0.813365 0.332990
vt 0.828145 0.349432
vt 0.842938 0.362316
vt 0.855966 0.372304
vt 0.868750 0.378050
vt 0.881872 0.379186
vt 0.870064 0.197360
vt 0.850685 0.196833
vt 0.857694 0.195218
vt 0.874325 0.192790
vt 0.811966 0.282003
vt 0.800178 0.269508
vt 0.806138 0.247394
vt 0.826378 0.256297
vt 0.814217 0.228392
vt 0.836863 0.239074
vt 0.823576 0.216200
vt 0.845836 0.226521
vt 0.832373 0.205325
vt 0.853507 0.213237
vt 0.843607 0.198614
vt 0.861928 0.205076
vt 0.896246 0.244833
vt 0.875628 0.223914
vt 0.882940 0.217941
vt 0.902223 0.234103
vt 0.889106 0.256872
vt 0.868186 0.238493
vt 0.878920 0.269621
vt 0.858855 0.251842
vt 0.866633 0.284534
vt 0.847818 0.267631
vt 0.846602 0.307995
vt 0.830506 0.294494
vt 0.906511 0.222380
vt 0.892477 0.204297
vt 0.896443 0.198068
vt 0.908784 0.216120
vt 0.915107 0.242156
vt 0.914599 0.234716
vt 0.863936 0.313761
vt 0.881575 0.300444
vt 0.895677 0.286804
vt 0.906745 0.274673
vt 0.913574 0.262417
vt 0.915847 0.249421
vt 0.734000 0.245358
vt 0.729775 0.261970
vt 0.728104 0.257990
vt 0.729826 0.240707
vt 0.813110 0.310712
vt 0.799657 0.321387
vt 0.778185 0.313512
vt 0.788803 0.294090
vt 0.761304 0.303678
vt 0.773795 0.282019
vt 0.748684 0.293392
vt 0.760887 0.272076
vt 0.738635 0.283665
vt 0.750209 0.263101
vt 0.732712 0.270570
vt 0.741842 0.254072
vt 0.783492 0.223367
vt 0.764063 0.241841
vt 0.754616 0.233957
vt 0.773341 0.216467
vt 0.794841 0.231541
vt 0.774741 0.250816
vt 0.806632 0.242818
vt 0.787203 0.261292
vt 0.820391 0.256379
vt 0.801943 0.273682
vt 0.840602 0.278534
vt 0.825712 0.293661
vt 0.762057 0.211166
vt 0.742534 0.223426
vt 0.737002 0.219095
vt 0.756031 0.208353
vt 0.782195 0.202731
vt 0.774917 0.203531
vt 0.849221 0.261618
vt 0.837515 0.242854
vt 0.825181 0.227592
vt 0.814082 0.215490
vt 0.802488 0.207608
vt 0.789762 0.204206
vt 0.876478 0.391109
vt 0.889338 0.376576
vt 0.886066 0.382993
vt 0.877233 0.397316
vt 0.849095 0.292118
vt 0.866227 0.291104
vt 0.879307 0.309892
vt 0.859489 0.319701
vt 0.887505 0.327647
vt 0.864820 0.337920
vt 0.891952 0.343324
vt 0.869751 0.353773
vt 0.894614 0.357066
vt 0.873359 0.367261
vt 0.892525 0.370000
vt 0.875043 0.379464
vt 0.823345 0.380685
vt 0.849838 0.376716
vt 0.853276 0.387477
vt 0.827709 0.392169
vt 0.818728 0.367468
vt 0.846230 0.363228
vt 0.815526 0.351457
vt 0.842020 0.347487
vt 0.812020 0.332442
vt 0.837039 0.328868
vt 0.808782 0.307546
vt 0.829009 0.298844
vt 0.833917 0.402995
vt 0.857579 0.403566
vt 0.858981 0.410897
vt 0.837243 0.408763
vt 0.813268 0.396880
vt 0.819285 0.401272
vt 0.791404 0.311586
vt 0.790249 0.333681
vt 0.791615 0.353270
vt 0.793777 0.369561
vt 0.798761 0.382680
vt 0.807237 0.392778
vt 0.927233 0.255843
vt 0.913903 0.241743
vt 0.919999 0.245567
vt 0.933473 0.255630
vt 0.826405 0.274542
vt 0.826890 0.257357
vt 0.846713 0.245942
vt 0.854741 0.266573
vt 0.865084 0.239308
vt 0.873618 0.262816
vt 0.881063 0.236236
vt 0.889518 0.259302
vt 0.894960 0.234777
vt 0.903246 0.256877
vt 0.907641 0.237989
vt 0.915528 0.256260
vt 0.912237 0.307958
vt 0.910599 0.281174
vt 0.922616 0.279051
vt 0.924038 0.304604
vt 0.898691 0.311413
vt 0.896871 0.283598
vt 0.882489 0.313213
vt 0.880851 0.286428
vt 0.863274 0.315054
vt 0.861901 0.289775
vt 0.833341 0.316323
vt 0.831344 0.295173
vt 0.935345 0.299352
vt 0.938991 0.276159
vt 0.945387 0.275029
vt 0.941370 0.296536
vt 0.929119 0.319133
vt 0.932356 0.313804
vt 0.840737 0.333810
vt 0.862609 0.336888
vt 0.882209 0.337233
vt 0.898598 0.336495
vt 0.912078 0.332665
vt 0.922859 0.325086
vt 0.728146 0.333104
vt 0.741117 0.347537
vt 0.735119 0.343560
vt 0.721903 0.333160
vt 0.829413 0.316961
vt 0.828496 0.334128
vt 0.808391 0.345038
vt 0.800885 0.324210
vt 0.789858 0.351206
vt 0.781919 0.327490
vt 0.773808 0.353873
vt 0.765936 0.330601
vt 0.759878 0.354980
vt 0.752151 0.332678
vt 0.747282 0.351448
vt 0.739857 0.332984
vt 0.744450 0.281385
vt 0.745413 0.308203
vt 0.733346 0.310021
vt 0.732569 0.284441
vt 0.758079 0.278274
vt 0.759197 0.306126
vt 0.774321 0.276885
vt 0.775284 0.303702
vt 0.793576 0.275529
vt 0.794312 0.300835
vt 0.823532 0.275017
vt 0.824996 0.296212
vt 0.721133 0.289404
vt 0.716904 0.312498
vt 0.710481 0.313466
vt 0.715038 0.292068
vt 0.729517 0.269537
vt 0.724484 0.275033
vt 0.816579 0.257349
vt 0.794791 0.253719
vt 0.775206 0.252879
vt 0.758804 0.253202
vt 0.745232 0.256690
vt 0.734263 0.263994
s 1
usemtl Flower_Top
f 1/1/1 2/2/2 3/3/3
f 4/4/4 5/5/5 6/6/6
f 7/7/7 8/8/8 9/9/9
f 10/10/10 11/11/11 12/12/12
f 13/13/13 14/14/14 15/15/15
f 16/16/16 17/17/17 18/18/18
f 19/19/19 20/20/20 21/21/21
f 22/22/22 23/23/23 24/24/24
f 25/25/25 26/26/26 27/27/27
f 28/28/28 29/29/29 30/30/30
f 31/31/31 32/32/32 33/33/33
f 31/31/31 33/33/33 34/34/34
f 35/35/35 36/36/36 37/37/37
f 35/35/35 37/37/37 38/38/38
f 38/38/38 37/37/37 39/39/39
f 38/38/38 39/39/39 40/40/40
f 40/40/40 39/39/39 41/41/41
f 40/40/40 41/41/41 42/42/42
f 42/42/42 41/41/41 43/43/43
f 42/42/42 43/43/43 44/44/44
f 44/44/44 43/43/43 45/45/45
f 44/44/44 45/45/45 46/46/46
f 47/47/47 48/48/48 49/49/49
f 47/47/47 49/49/49 50/50/50
f 51/51/51 52/52/52 48/48/48
f 51/51/51 48/48/48 47/47/47
f 53/53/53 54/54/54 52/52/52
f 53/53/53 52/52/52 51/51/51
f 55/55/55 56/56/56 54/54/54
f 55/55/55 54/54/54 53/53/53
f 57/57/57 58/58/58 56/56/56
f 57/57/57 56/56/56 55/55/55
f 59/59/59 60/60/60 61/61/61
f 59/59/59 61/61/61 62/62/62
f 48/48/48 44/44/44 46/46/46
f 48/48/48 46/46/46 49/49/49
f 52/52/52 42/42/42 44/44/44
f 52/52/52 44/44/44 48/48/48
f 54/54/54 40/40/40 42/42/42
f 54/54/54 42/42/42 52/52/52
f 56/56/56 38/38/38 40/40/40
f 56/56/56 40/40/40 54/54/54
f 58/58/58 35/35/35 38/38/38
f 58/58/58 38/38/38 56/56/56
f 60/60/60 31/31/31 34/34/34
f 60/60/60 34/34/34 61/61/61
f 63/63/63 59/59/59 62/62/62
f 63/63/63 62/62/62 64/64/64
f 65/65/65 57/57/57 55/55/55
f 65/65/65 55/55/55 66/66/66
f 66/66/66 55/55/55 53/53/53
f 66/66/66 53/53/53 67/67/67
f 67/67/67 53/53/53 51/51/51
f 67/67/67 51/51/51 68/68/68
f 68/68/68 51/51/51 47/47/47
f 68/68/68 47/47/47 69/69/69
f 69/69/69 47/47/47 50/50/50
f 69/69/69 50/50/50 70/70/70
f 70/70/70 50/50/50 59/59/59
f 70/70/70 59/59/59 63/63/63
f 49/49/49 46/46/46 31/31/31
f 49/49/49 31/31/31 60/60/60
f 50/50/50 49/49/49 60/60/60
f 50/50/50 60/60/60 59/59/59
f 46/46/46 45/45/45 32/32/32
f 46/46/46 32/32/32 31/31/31
f 71/71/71 72/72/72 73/73/73
f 71/71/71 73/73/73 74/74/74
f 75/75/75 76/76/76 77/77/77
f 75/75/75 77/77/77 78/78/78
f 78/78/78 77/77/77 79/79/79
f 78/78/78 79/79/79 80/80/80
f 80/80/80 79/79/79 81/81/81
f 80/80/80 81/81/81 82/82/82
f 82/82/82 81/81/81 83/83/83
f 82/82/82 83/83/83 84/84/84
f 84/84/84 83/83/83 85/85/85
f 84/84/84 85/85/85 86/86/86
f 87/87/87 88/88/88 89/89/89
f 87/87/87 89/89/89 90/90/90
f 91/91/91 92/92/92 88/88/88
f 91/91/91 88/88/88 87/87/87
f 93/93/93 94/94/94 92/92/92
f 93/93/93 92/92/92 91/91/91
f 95/95/95 96/96/96 94/94/94
f 95/95/95 94/94/94 93/93/93
f 97/97/97 98/98/98 96/96/96
f 97/97/97 96/96/96 95/95/95
f 99/99/99 100/100/100 101/101/101
f 99/99/99 101/101/101 102/102/102
f 88/88/88 84/84/84 86/86/86
f 88/88/88 86/86/86 89/89/89
f 92/92/92 82/82/82 84/84/84
f 92/92/92 84/84/84 88/88/88
f 94/94/94 80/80/80 82/82/82
f 94/94/94 82/82/82 92/92/92
f 96/96/96 78/78/78 80/80/80
f 96/96/96 80/80/80 94/94/94
f 98/98/98 75/75/75 78/78/78
f 98/98/98 78/78/78 96/96/96
f 100/100/100 71/71/71 74/74/74
f 100/100/100 74/74/74 101/101/101
f 103/103/103 99/99/99 102/102/102
f 103/103/103 102/102/102 104/104/104
f 105/105/105 97/97/97 95/95/95
f 105/105/105 95/95/95 106/106/106
f 106/106/106 95/95/95 93/93/93
f 106/106/106 93/93/93 107/107/107
f 107/107/107 93/93/93 91/91/91
f 107/107/107 91/91/91 108/108/108
f 108/108/108 91/91/91 87/87/87
f 108/108/108 87/87/87 109/109/109
f 109/109/109 87/87/87 90/90/90
f 109/109/109 90/90/90 110/110/110
f 110/110/110 90/90/90 99/99/99
f 110/110/110 99/99/99 103/103/103
f 89/89/89 86/86/86 71/71/71
f 89/89/89 71/71/71 100/100/100
f 90/90/90 89/89/89 100/100/100
f 90/90/90 100/100/100 99/99/99
f 86/86/86 85/85/85 72/72/72
f 86/86/86 72/72/72 71/71/71
f 111/111/111 112/112/112 113/113/113
f 111/111/111 113/113/113 114/114/114
f 115/115/115 116/116/116 117/117/117
f 115/115/115 117/117/117 118/118/118
f 118/118/118 117/117/117 119/119/119
f 118/118/118 119/119/119 120/120/120
f 120/120/120 119/119/119 121/121/121
f 120/120/120 121/121/121 122/122/122
f 122/122/122 121/121/121 123/123/123
f 122/122/122 123/123/123 124/124/124
f 124/124/124 123/123/123 125/125/125
f 124/124/124 125/125/125 126/126/126
f 127/127/127 128/128/128 129/129/129
f 127/127/127 129/129/129 130/130/130
f 131/131/131 132/132/132 128/128/128
f 131/131/131 128/128/128 127/127/127
f 133/133/133 134/134/134 132/132/132
f 133/133/133 132/132/132 131/131/131
f 135/135/135 136/136/136 134/134/134
f 135/135/135 134/134/134 133/133/133
f 137/137/137 138/138/138 136/136/136
f 137/137/137 136/136/136 135/135/135
f 139/139/139 140/140/140 141/141/141
f 139/139/139 141/141/141 142/142/142
f 128/128/128 124/124/124 126/126/126
f 128/128/128 126/126/126 129/129/129
f 132/132/132 122/122/122 124/124/124
f 132/132/132 124/124/124 128/128/128
f 134/134/134 120/120/120 122/122/122
f 134/134/134 122/122/122 132/132/132
f 136/136/136 118/118/118 120/120/120
f 136/136/136 120/120/120 134/134/134
f 138/138/138 115/115/115 118/118/118
f 138/138/138 118/118/118 136/136/136
f 140/140/140 111/111/111 114/114/114
f 140/140/140 114/114/114 141/141/141
f 143/143/143 139/139/139 142/142/142
f 143/143/143 142/142/142 144/144/144
f 145/145/145 137/137/137 135/135/135
f 145/145/145 135/135/135 146/146/146
f 146/146/146 135/135/135 133/133/133
f 146/146/146 133/133/133 147/147/147
f 147/147/147 133/133/133 131/131/131
f 147/147/147 131/131/131 148/148/148
f 148/148/148 131/131/131 127/127/127
f 148/148/148 127/127/127 149/149/149
f 149/149/149 127/127/127 130/130/130
f 149/149/149 130/130/130 150/150/150
f 150/150/150 130/130/130 139/139/139
f 150/150/150 139/139/139 143/143/143
f 129/129/129 126/126/126 111/111/111
f 129/129/129 111/111/111 140/140/140
f 130/130/130 129/129/129 140/140/140
f 130/130/130 140/140/140 139/139/139
f 126/126/126 125/125/125 112/112/112
f 126/126/126 112/112/112 111/111/111
f 151/151/151 152/152/152 153/153/153
f 151/151/151 153/153/153 154/154/154
f 155/155/155 156/156/156 157/157/157
f 155/155/155 157/157/157 158/158/158
f 158/158/158 157/157/157 159/159/159
f 158/158/158 159/159/159 160/160/160
f 160/160/160 159/159/159 161/161/161
f 160/160/160 161/161/161 162/162/162
f 162/162/162 161/161/161 163/163/163
f 162/162/162 163/163/163 164/164/164
f 164/164/164 163/163/163 165/165/165
f 164/164/164 165/165/165 166/166/166
f 167/167/167 168/168/168 169/169/169
f 167/167/167 169/169/169 170/170/170
f 171/171/171 172/172/172 168/168/168
f 171/171/171 168/168/168 167/167/167
f 173/173/173 174/174/174 172/172/172
f 173/173/173 172/172/172 171/171/171
f 175/175/175 176/176/176 174/174/174
f 175/175/175 174/174/174 173/173/173
f 177/177/177 178/178/178 176/176/176
f 177/177/177 176/176/176 175/175/175
f 179/179/179 180/180/180 181/181/181
f 179/179/179 181/181/181 182/182/182
f 168/168/168 164/164/164 166/166/166
f 168/168/168 166/166/166 169/169/169
f 172/172/172 162/162/162 164/164/164
f 172/172/172 164/164/164 168/168/168
f 174/174/174 160/160/160 162/162/162
f 174/174/174 162/162/162 172/172/172
f 176/176/176 158/158/158 160/160/160
f 176/176/176 160/160/160 174/174/174
f 178/178/178 155/155/155 158/158/158
f 178/178/178 158/158/158 176/176/176
f 180/180/180 151/151/151 154/154/154
f 180/180/180 154/154/154 181/181/181
f 183/183/183 179/179/179 182/182/182
f 183/183/183 182/182/182 184/184/184
f 185/185/185 177/177/177 175/175/175
f 185/185/185 175/175/175 186/186/186
f 186/186/186 175/175/175 173/173/173
f 186/186/186 173/173/173 187/187/187
f 187/187/187 173/173/173 171/171/171
f 187/187/187 171/171/171 188/188/188
f 188/188/188 171/171/171 167/167/167
f 188/188/188 167/167/167 189/189/189
f 189/189/189 167/167/167 170/170/170
f 189/189/189 170/170/170 190/190/190
f 190/190/190 170/170/170 179/179/179
f 190/190/190 179/179/179 183/183/183
f 169/169/169 166/166/166 151/151/151
f 169/169/169 151/151/151 180/180/180
f 170/170/170 169/169/169 180/180/180
f 170/170/170 180/180/180 179/179/179
f 166/166/166 165/165/165 152/152/152
f 166/166/166 152/152/152 151/151/151
f 191/191/191 192/192/192 193/193/193
f 191/191/191 193/193/193 194/194/194
f 195/195/195 196/196/196 197/197/197
f 195/195/195 197/197/197 198/198/198
f 198/198/198 197/197/197 199/199/199
f 198/198/198 199/199/199 200/200/200
f 200/200/200 199/199/199 201/201/201
f 200/200/200 201/201/201 202/202/202
f 202/202/202 201/201/201 203/203/203
f 202/202/202 203/203/203 204/204/204
f 204/204/204 203/203/203 205/205/205
f 204/204/204 205/205/205 206/206/206
f 207/207/207 208/208/208 209/209/209
f 207/207/207 209/209/209 210/210/210
f 211/211/211 212/212/212 208/208/208
f 211/211/211 208/208/208 207/207/207
f 213/213/213 214/214/214 212/212/212
f 213/213/213 212/212/212 211/211/211
f 215/215/215 216/216/216 214/214/214
f 215/215/215 214/214/214 213/213/213
f 217/217/217 218/218/218 216/216/216
f 217/217/217 216/216/216 215/215/215
f 219/219/219 220/220/220 221/221/221
f 219/219/219 221/221/221 222/222/222
f 208/208/208 204/204/204 206/206/206
f 208/208/208 206/206/206 209/209/209
f 212/212/212 202/202/202 204/204/204
f 212/212/212 204/204/204 208/208/208
f 214/214/214 200/200/200 202/202/202
f 214/214/214 202/202/202 212/212/212
f 216/216/216 198/198/198 200/200/200
f 216/216/216 200/200/200 214/214/214
f 218/218/218 195/195/195 198/198/198
f 218/218/218 198/198/198 216/216/216
f 220/220/220 191/191/191 194/194/194
f 220/220/220 194/194/194 221/221/221
f 223/223/223 219/219/219 222/222/222
f 223/223/223 222/222/222 224/224/224
f 225/225/225 217/217/217 215/215/215
f 225/225/225 215/215/215 226/226/226
f 226/226/226 215/215/215 213/213/213
f 226/226/226 213/213/213 227/227/227
f 227/227/227 213/213/213 211/211/211
f 227/227/227 211/211/211 228/228/228
f 228/228/228 211/211/211 207/207/207
f 228/228/228 207/207/207 229/229/229
f 229/229/229 207/207/207 210/210/210
f 229/229/229 210/210/210 230/230/230
f 230/230/230 210/210/210 219/219/219
f 230/230/230 219/219/219 223/223/223
f 209/209/209 206/206/206 191/191/191
f 209/209/209 191/191/191 220/220/220
f 210/210/210 209/209/209 220/220/220
f 210/210/210 220/220/220 219/219/219
f 206/206/206 205/205/205 192/192/192
f 206/206/206 192/192/192 191/191/191
f 231/231/231 232/232/232 233/233/233
f 231/231/231 233/233/233 234/234/234
f 235/235/235 236/236/236 237/237/237
f 235/235/235 237/237/237 238/238/238
f 238/238/238 237/237/237 239/239/239
f 238/238/238 239/239/239 240/240/240
f 240/240/240 239/239/239 241/241/241
f 240/240/240 241/241/241 242/242/242
f 242/242/242 241/241/241 243/243/243
f 242/242/242 243/243/243 244/244/244
f 244/244/244 243/243/243 245/245/245
f 244/244/244 245/245/245 246/246/246
f 247/247/247 248/248/248 249/249/249
f 247/247/247 249/249/249 250/250/250
f 251/251/251 252/252/252 248/248/248
f 251/251/251 248/248/248 247/247/247
f 253/253/253 254/254/254 252/252/252
f 253/253/253 252/252/252 251/251/251
f 255/255/255 256/256/256 254/254/254
f 255/255/255 254/254/254 253/253/253
f 257/257/257 258/258/258 256/256/256
f 257/257/257 256/256/256 255/255/255
f 259/259/259 260/260/260 261/261/261
f 259/259/259 261/261/261 262/262/262
f 248/248/248 244/244/244 246/246/246
f 248/248/248 246/246/246 249/249/249
f 252/252/252 242/242/242 244/244/244
f 252/252/252 244/244/244 248/248/248
f 254/254/254 240/240/240 242/242/242
f 254/254/254 242/242/242 252/252/252
f 256/256/256 238/238/238 240/240/240
f 256/256/256 240/240/240 254/254/254
f 258/258/258 235/235/235 238/238/238
f 258/258/258 238/238/238 256/256/256
f 260/260/260 231/231/231 234/234/234
f 260/260/260 234/234/234 261/261/261
f 263/263/263 259/259/259 262/262/262
f 263/263/263 262/262/262 264/264/264
f 265/265/265 257/257/257 255/255/255
f 265/265/265 255/255/255 266/266/266
f 266/266/266 255/255/255 253/253/253
f 266/266/266 253/253/253 267/267/267
f 267/267/267 253/253/253 251/251/251
f 267/267/267 251/251/251 268/268/268
f 268/268/268 251/251/251 247/247/247
f 268/268/268 247/247/247 269/269/269
f 269/269/269 247/247/247 250/250/250
f 269/269/269 250/250/250 270/270/270
f 270/270/270 250/250/250 259/259/259
f 270/270/270 259/259/259 263/263/263
f 249/249/249 246/246/246 231/231/231
f 249/249/249 231/231/231 260/260/260
f 250/250/250 249/249/249 260/260/260
f 250/250/250 260/260/260 259/259/259
f 246/246/246 245/245/245 232/232/232
f 246/246/246 232/232/232 231/231/231
f 271/271/271 272/272/272 273/273/273
f 271/271/271 273/273/273 274/274/274
f 275/275/275 276/276/276 277/277/277
f 275/275/275 277/277/277 278/278/278
f 278/278/278 277/277/277 279/279/279
f 278/278/278 279/279/279 280/280/280
f 280/280/280 279/279/279 281/281/281
f 280/280/280 281/281/281 282/282/282
f 282/282/282 281/281/281 283/283/283
f 282/282/282 283/283/283 284/284/284
f 284/284/284 283/283/283 285/285/285
f 284/284/284 285/285/285 286/286/286
f 287/287/287 288/288/288 289/289/289
f 287/287/287 289/289/289 290/290/290
f 291/291/291 292/292/292 288/288/288
f 291/291/291 288/288/288 287/287/287
f 293/293/293 294/294/294 292/292/292
f 293/293/293 292/292/292 291/291/291
f 295/295/295 296/296/296 294/294/294
f 295/295/295 294/294/294 293/293/293
f 297/297/297 298/298/298 296/296/296
f 297/297/297 296/296/296 295/295/295
f 299/299/299 300/300/300 301/301/301
f 299/299/299 301/301/301 302/302/302
f 288/288/288 284/284/284 286/286/286
f 288/288/288 286/286/286 289/289/289
f 292/292/292 282/282/282 284/284/284
f 292/292/292 284/284/284 288/288/288
f 294/294/294 280/280/280 282/282/282
f 294/294/294 282/282/282 292/292/292
f 296/296/296 278/278/278 280/280/280
f 296/296/296 280/280/280 294/294/294
f 298/298/298 275/275/275 278/278/278
f 298/298/298 278/278/278 296/296/296
f 300/300/300 271/271/271 274/274/274
f 300/300/300 274/274/274 301/301/301
f 303/303/303 299/299/299 302/302/302
f 303/303/303 302/302/302 304/304/304
f 305/305/305 297/297/297 295/295/295
f 305/305/305 295/295/295 306/306/306
f 306/306/306 295/295/295 293/293/293
f 306/306/306 293/293/293 307/307/307
f 307/307/307 293/293/293 291/291/291
f 307/307/307 291/291/291 308/308/308
f 308/308/308 291/291/291 287/287/287
f 308/308/308 287/287/287 309/309/309
f 309/309/309 287/287/287 290/290/290
f 309/309/309 290/290/290 310/310/310
f 310/310/310 290/290/290 299/299/299
f 310/310/310 299/299/299 303/303/303
f 289/289/289 286/286/286 271/271/271
f 289/289/289 271/271/271 300/300/300
f 290/290/290 289/289/289 300/300/300
f 290/290/290 300/300/300 299/299/299
f 286/286/286 285/285/285 272/272/272
f 286/286/286 272/272/272 271/271/271
f 311/311/311 312/312/312 313/313/313
f 311/311/311 313/313/313 314/314/314
f 315/315/315 316/316/316 317/317/317
f 315/315/315 317/317/317 318/318/318
f 319/319/319 320/320/320 321/321/321
f 319/319/319 321/321/321 322/322/322
f 322/322/322 321/321/321 323/323/323
f 322/322/322 323/323/323 324/324/324
f 324/324/324 323/323/323 325/325/325
f 324/324/324 325/325/325 326/326/326
f 326/326/326 325/325/325 327/327/327
f 326/326/326 327/327/327 328/328/328
f 329/329/329 330/330/330 331/331/331
f 329/329/329 331/331/331 332/332/332
f 333/333/333 334/334/334 330/330/330
f 333/333/333 330/330/330 329/329/329
f 335/335/335 336/336/336 334/334/334
f 335/335/335 334/334/334 333/333/333
f 337/337/337 338/338/338 336/336/336
f 337/337/337 336/336/336 335/335/335
f 339/339/339 340/340/340 341/341/341
f 339/339/339 341/341/341 342/342/342
f 343/343/343 344/344/344 345/345/345
f 343/343/343 345/345/345 346/346/346
f 330/330/330 326/326/326 328/328/328
f 330/330/330 328/328/328 331/331/331
f 334/334/334 324/324/324 326/326/326
f 334/334/334 326/326/326 330/330/330
f 336/336/336 322/322/322 324/324/324
f 336/336/336 324/324/324 334/334/334
f 338/338/338 319/319/319 322/322/322
f 338/338/338 322/322/322 336/336/336
f 340/340/340 315/315/315 318/318/318
f 340/340/340 318/318/318 341/341/341
f 344/344/344 311/311/311 314/314/314
f 344/344/344 314/314/314 345/345/345
f 347/347/347 343/343/343 346/346/346
f 347/347/347 346/346/346 348/348/348
f 349/349/349 339/339/339 342/342/342
f 349/349/349 342/342/342 350/350/350
f 351/351/351 337/337/337 335/335/335
f 351/351/351 335/335/335 352/352/352
f 352/352/352 335/335/335 333/333/333
f 352/352/352 333/333/333 353/353/353
f 353/353/353 333/333/333 329/329/329
f 353/353/353 329/329/329 354/354/354
f 354/354/354 329/329/329 332/332/332
f 354/354/354 332/332/332 355/355/355
f 355/355/355 332/332/332 343/343/343
f 355/355/355 343/343/343 347/347/347
f 331/331/331 328/328/328 311/311/311
f 331/331/331 311/311/311 344/344/344
f 332/332/332 331/331/331 344/344/344
f 332/332/332 344/344/344 343/343/343
f 328/328/328 327/327/327 312/312/312
f 328/328/328 312/312/312 311/311/311
f 350/350/350 342/342/342 337/337/337
f 350/350/350 337/337/337 351/351/351
f 341/341/341 318/318/318 319/319/319
f 341/341/341 319/319/319 338/338/338
f 342/342/342 341/341/341 338/338/338
f 342/342/342 338/338/338 337/337/337
f 318/318/318 317/317/317 320/320/320
f 318/318/318 320/320/320 319/319/319
f 356/356/356 357/357/357 358/358/358
f 356/356/356 358/358/358 359/359/359
f 360/360/360 361/361/361 362/362/362
f 360/360/360 362/362/362 363/363/363
f 363/363/363 362/362/362 364/364/364
f 363/363/363 364/364/364 365/365/365
f 365/365/365 364/364/364 366/366/366
f 365/365/365 366/366/366 367/367/367
f 367/367/367 366/366/366 368/368/368
f 367/367/367 368/368/368 369/369/369
f 369/369/369 368/368/368 370/370/370
f 369/369/369 370/370/370 371/371/371
f 372/372/372 373/373/373 374/374/374
f 372/372/372 374/374/374 375/375/375
f 376/376/376 377/377/377 373/373/373
f 376/376/376 373/373/373 372/372/372
f 378/378/378 379/379/379 377/377/377
f 378/378/378 377/377/377 376/376/376
f 380/380/380 381/381/381 379/379/379
f 380/380/380 379/379/379 378/378/378
f 382/382/382 383/383/383 381/381/381
f 382/382/382 381/381/381 380/380/380
f 384/384/384 385/385/385 386/386/386
f 384/384/384 386/386/386 387/387/387
f 373/373/373 369/369/369 371/371/371
f 373/373/373 371/371/371 374/374/374
f 377/377/377 367/367/367 369/369/369
f 377/377/377 369/369/369 373/373/373
f 379/379/379 365/365/365 367/367/367
f 379/379/379 367/367/367 377/377/377
f 381/381/381 363/363/363 365/365/365
f 381/381/381 365/365/365 379/379/379
f 383/383/383 360/360/360 363/363/363
f 383/383/383 363/363/363 381/381/381
f 385/385/385 356/356/356 359/359/359
f 385/385/385 359/359/359 386/386/386
f 388/388/388 384/384/384 387/387/387
f 388/388/388 387/387/387 389/389/389
f 390/390/390 382/382/382 380/380/380
f 390/390/390 380/380/380 391/391/391
f 391/391/391 380/380/380 378/378/378
f 391/391/391 378/378/378 392/392/392
f 392/392/392 378/378/378 376/376/376
f 392/392/392 376/376/376 393/393/393
f 393/393/393 376/376/376 372/372/372
f 393/393/393 372/372/372 394/394/394
f 394/394/394 372/372/372 375/375/375
f 394/394/394 375/375/375 395/395/395
f 395/395/395 375/375/375 384/384/384
f 395/395/395 384/384/384 388/388/388
f 374/374/374 371/371/371 356/356/356
f 374/374/374 356/356/356 385/385/385
f 375/375/375 374/374/374 385/385/385
f 375/375/375 385/385/385 384/384/384
f 371/371/371 370/370/370 357/357/357
f 371/371/371 357/357/357 356/356/356
f 396/396/396 397/397/397 398/398/398
f 396/396/396 398/398/398 399/399/399
f 400/400/400 401/401/401 402/402/402
f 400/400/400 402/402/402 403/403/403
f 403/403/403 402/402/402 404/404/404
f 403/403/403 404/404/404 405/405/405
f 405/405/405 404/404/404 406/406/406
f 405/405/405 406/406/406 407/407/407
f 407/407/407 406/406/406 408/408/408
f 407/407/407 408/408/408 409/409/409
f 409/409/409 408/408/408 410/410/410
f 409/409/409 410/410/410 411/411/411
f 412/412/412 413/413/413 414/414/414
f 412/412/412 414/414/414 415/415/415
f 416/416/416 417/417/417 413/413/413
f 416/416/416 413/413/413 412/412/412
f 418/418/418 419/419/419 417/417/417
f 418/418/418 417/417/417 416/416/416
f 420/420/420 421/421/421 419/419/419
f 420/420/420 419/419/419 418/418/418
f 422/422/422 423/423/423 421/421/421
f 422/422/422 421/421/421 420/420/420
f 424/424/424 425/425/425 426/426/426
f 424/424/424 426/426/426 427/427/427
f 413/413/413 409/409/409 411/411/411
f 413/413/413 411/411/411 414/414/414
f 417/417/417 407/407/407 409/409/409
f 417/417/417 409/409/409 413/413/413
f 419/419/419 405/405/405 407/407/407
f 419/419/419 407/407/407 417/417/417
f 421/421/421 403/403/403 405/405/405
f 421/421/421 405/405/405 419/419/419
f 423/423/423 400/400/400 403/403/403
f 423/423/423 403/403/403 421/421/421
f 425/425/425 396/396/396 399/399/399
f 425/425/425 399/399/399 426/426/426
f 428/428/428 424/424/424 427/427/427
f 428/428/428 427/427/427 429/429/429
f 430/430/430 422/422/422 420/420/420
f 430/430/430 420/420/420 431/431/431
f 431/431/431 420/420/420 418/418/418
f 431/431/431 418/418/418 432/432/432
f 432/432/432 418/418/418 416/416/416
f 432/432/432 416/416/416 433/433/433
f 433/433/433 416/416/416 412/412/412
f 433/433/433 412/412/412 434/434/434
f 434/434/434 412/412/412 415/415/415
f 434/434/434 415/415/415 435/435/435
f 435/435/435 415/415/415 424/424/424
f 435/435/435 424/424/424 428/428/428
f 414/414/414 411/411/411 396/396/396
f 414/414/414 396/396/396 425/425/425
f 415/415/415 414/414/414 425/425/425
f 415/415/415 425/425/425 424/424/424
f 411/411/411 410/410/410 397/397/397
f 411/411/411 397/397/397 396/396/396
f 436/436/436 437/437/437 438/438/438
f 436/436/436 438/438/438 439/439/439
f 440/440/440 441/441/441 442/442/442
f 440/440/440 442/442/442 443/443/443
f 443/443/443 442/442/442 444/444/444
f 443/443/443 444/444/444 445/445/445
f 445/445/445 444/444/444 446/446/446
f 445/445/445 446/446/446 447/447/447
f 447/447/447 446/446/446 448/448/448
f 447/447/447 448/448/448 449/449/449
f 449/449/449 448/448/448 450/450/450
f 449/449/449 450/450/450 451/451/451
f 452/452/452 453/453/453 454/454/454
f 452/452/452 454/454/454 455/455/455
f 456/456/456 457/457/457 453/453/453
f 456/456/456 453/453/453 452/452/452
f 458/458/458 459/459/459 457/457/457
f 458/458/458 457/457/457 456/456/456
f 460/460/460 461/461/461 459/459/459
f 460/460/460 459/459/459 458/458/458
f 462/462/462 463/463/463 461/461/461
f 462/462/462 461/461/461 460/460/460
f 464/464/464 465/465/465 466/466/466
f 464/464/464 466/466/466 467/467/467
f 453/453/453 449/449/449 451/451/451
f 453/453/453 451/451/451 454/454/454
f 457/457/457 447/447/447 449/449/449
f 457/457/457 449/449/449 453/453/453
f 459/459/459 445/445/445 447/447/447
f 459/459/459 447/447/447 457/457/457
f 461/461/461 443/443/443 445/445/445
f 461/461/461 445/445/445 459/459/459
f 463/463/463 440/440/440 443/443/443
f 463/463/463 443/443/443 461/461/461
f 465/465/465 436/436/436 439/439/439
f 465/465/465 439/439/439 466/466/466
f 468/468/468 464/464/464 467/467/467
f 468/468/468 467/467/467 469/469/469
f 470/470/470 462/462/462 460/460/460
f 470/470/470 460/460/460 471/471/471
f 471/471/471 460/460/460 458/458/458
f 471/471/471 458/458/458 472/472/472
f 472/472/472 458/458/458 456/456/456
f 472/472/472 456/456/456 473/473/473
f 473/473/473 456/456/456 452/452/452
f 473/473/473 452/452/452 474/474/474
f 474/474/474 452/452/452 455/455/455
f 474/474/474 455/455/455 475/475/475
f 475/475/475 455/455/455 464/464/464
f 475/475/475 464/464/464 468/468/468
f 454/454/454 451/451/451 436/436/436
f 454/454/454 436/436/436 465/465/465
f 455/455/455 454/454/454 465/465/465
f 455/455/455 465/465/465 464/464/464
f 451/451/451 450/450/450 437/437/437
f 451/451/451 437/437/437 436/436/436
f 476/476/476 477/477/477 478/478/478
f 476/476/476 478/478/478 479/479/479
f 480/480/480 481/481/481 482/482/482
f 480/480/480 482/482/482 483/483/483
f 483/483/483 482/482/482 484/484/484
f 483/483/483 484/484/484 485/485/485
f 485/485/485 484/484/484 486/486/486
f 485/485/485 486/486/486 487/487/487
f 487/487/487 486/486/486 488/488/488
f 487/487/487 488/488/488 489/489/489
f 489/489/489 488/488/488 490/490/490
f 489/489/489 490/490/490 491/491/491
f 492/492/492 493/493/493 494/494/494
f 492/492/492 494/494/494 495/495/495
f 496/496/496 497/497/497 493/493/493
f 496/496/496 493/493/493 492/492/492
f 498/498/498 499/499/499 497/497/497
f 498/498/498 497/497/497 496/496/496
f 500/500/500 501/501/501 499/499/499
f 500/500/500 499/499/499 498/498/498
f 502/502/502 503/503/503 501/501/501
f 502/502/502 501/501/501 500/500/500
f 504/504/504 505/505/505 506/506/506
f 504/504/504 506/506/506 507/507/507
f 493/493/493 489/489/489 491/491/491
f 493/493/493 491/491/491 494/494/494
f 497/497/497 487/487/487 489/489/489
f 497/497/497 489/489/489 493/493/493
f 499/499/499 485/485/485 487/487/487
f 499/499/499 487/487/487 497/497/497
f 501/501/501 483/483/483 485/485/485
f 501/501/501 485/485/485 499/499/499
f 503/503/503 480/480/480 483/483/483
f 503/503/503 483/483/483 501/501/501
f 505/505/505 476/476/476 479/479/479
f 505/505/505 479/479/479 506/506/506
f 508/508/508 504/504/504 507/507/507
f 508/508/508 507/507/507 509/509/509
f 510/510/510 502/502/502 500/500/500
f 510/510/510 500/500/500 511/511/511
f 511/511/511 500/500/500 498/498/498
f 511/511/511 498/498/498 512/512/512
f 512/512/512 498/498/498 496/496/496
f 512/512/512 496/496/496 513/513/513
f 513/513/513 496/496/496 492/492/492
f 513/513/513 492/492/492 514/514/514
f 514/514/514 492/492/492 495/495/495
f 514/514/514 495/495/495 515/515/515
f 515/515/515 495/495/495 504/504/504
f 515/515/515 504/504/504 508/508/508
f 494/494/494 491/491/491 476/476/476
f 494/494/494 476/476/476 505/505/505
f 495/495/495 494/494/494 505/505/505
f 495/495/495 505/505/505 504/504/504
f 491/491/491 490/490/490 477/477/477
f 491/491/491 477/477/477 476/476/476
f 516/516/516 517/517/517 518/518/518
f 516/516/516 518/518/518 519/519/519
f 520/520/520 521/521/521 522/522/522
f 520/520/520 522/522/522 523/523/523
f 523/523/523 522/522/522 524/524/524
f 523/523/523 524/524/524 525/525/525
f 525/525/525 524/524/524 526/526/526
f 525/525/525 526/526/526 527/527/527
f 527/527/527 526/526/526 528/528/528
f 527/527/527 528/528/528 529/529/529
f 529/529/529 528/528/528 530/530/530
f 529/529/529 530/530/530 531/531/531
f 532/532/532 533/533/533 534/534/534
f 532/532/532 534/534/534 535/535/535
f 536/536/536 537/537/537 533/533/533
f 536/536/536 533/533/533 532/532/532
f 538/538/538 539/539/539 537/537/537
f 538/538/538 537/537/537 536/536/536
f 540/540/540 541/541/541 539/539/539
f 540/540/540 539/539/539 538/538/538
f 542/542/542 543/543/543 541/541/541
f 542/542/542 541/541/541 540/540/540
f 544/544/544 545/545/545 546/546/546
f 544/544/544 546/546/546 547/547/547
f 533/533/533 529/529/529 531/531/531
f 533/533/533 531/531/531 534/534/534
f 537/537/537 527/527/527 529/529/529
f 537/537/537 529/529/529 533/533/533
f 539/539/539 525/525/525 527/527/527
f 539/539/539 527/527/527 537/537/537
f 541/541/541 523/523/523 525/525/525
f 541/541/541 525/525/525 539/539/539
f 543/543/543 520/520/520 523/523/523
f 543/543/543 523/523/523 541/541/541
f 545/545/545 516/516/516 519/519/519
f 545/545/545 519/519/519 546/546/546
f 548/548/548 544/544/544 547/547/547
f 548/548/548 547/547/547 549/549/549
f 550/550/550 542/542/542 540/540/540
f 550/550/550 540/540/540 551/551/551
f 551/551/551 540/540/540 538/538/538
f 551/551/551 538/538/538 552/552/552
f 552/552/552 538/538/538 536/536/536
f 552/552/552 536/536/536 553/553/553
f 553/553/553 536/536/536 532/532/532
f 553/553/553 532/532/532 554/554/554
f 554/554/554 532/532/532 535/535/535
f 554/554/554 535/535/535 555/555/555
f 555/555/555 535/535/535 544/544/544
f 555/555/555 544/544/544 548/548/548
f 534/534/534 531/531/531 516/516/516
f 534/534/534 516/516/516 545/545/545
f 535/535/535 534/534/534 545/545/545
f 535/535/535 545/545/545 544/544/544
f 531/531/531 530/530/530 517/517/517
f 531/531/531 517/517/517 516/516/516
f 556/556/556 557/557/557 558/558/558
f 556/556/556 558/558/558 559/559/559
f 560/560/560 561/561/561 562/562/562
f 560/560/560 562/562/562 563/563/563
f 563/563/563 562/562/562 564/564/564
f 563/563/563 564/564/564 565/565/565
f 565/565/565 564/564/564 566/566/566
f 565/565/565 566/566/566 567/567/567
f 567/567/567 566/566/566 568/568/568
f 567/567/567 568/568/568 569/569/569
f 569/569/569 568/568/568 570/570/570
f 569/569/569 570/570/570 571/571/571
f 572/572/572 573/573/573 574/574/574
f 572/572/572 574/574/574 575/575/575
f 576/576/576 577/577/577 573/573/573
f 576/576/576 573/573/573 572/572/572
f 578/578/578 579/579/579 577/577/577
f 578/578/578 577/577/577 576/576/576
f 580/580/580 581/581/581 579/579/579
f 580/580/580 579/579/579 578/578/578
f 582/582/582 583/583/583 581/581/581
f 582/582/582 581/581/581 580/580/580
f 584/584/584 585/585/585 586/586/586
f 584/584/584 586/586/586 587/587/587
f 573/573/573 569/569/569 571/571/571
f 573/573/573 571/571/571 574/574/574
f 577/577/577 567/567/567 569/569/569
f 577/577/577 569/569/569 573/573/573
f 579/579/579 565/565/565 567/567/567
f 579/579/579 567/567/567 577/577/577
f 581/581/581 563/563/563 565/565/565
f 581/581/581 565/565/565 579/579/579
f 583/583/583 560/560/560 563/563/563
f 583/583/583 563/563/563 581/581/581
f 585/585/585 556/556/556 559/559/559
f 585/585/585 559/559/559 586/586/586
f 588/588/588 584/584/584 587/587/587
f 588/588/588 587/587/587 589/589/589
f 590/590/590 582/582/582 580/580/580
f 590/590/590 580/580/580 591/591/591
f 591/591/591 580/580/580 578/578/578
f 591/591/591 578/578/578 592/592/592
f 592/592/592 578/578/578 576/576/576
f 592/592/592 576/576/576 593/593/593
f 593/593/593 576/576/576 572/572/572
f 593/593/593 572/572/572 594/594/594
f 594/594/594 572/572/572 575/575/575
f 594/594/594 575/575/575 595/595/595
f 595/595/595 575/575/575 584/584/584
f 595/595/595 584/584/584 588/588/588
f 574/574/574 571/571/571 556/556/556
f 574/574/574 556/556/556 585/585/585
f 575/575/575 574/574/574 585/585/585
f 575/575/575 585/585/585 584/584/584
f 571/571/571 570/570/570 557/557/557
f 571/571/571 557/557/557 556/556/556
f 596/596/596 597/597/597 598/598/598
f 596/596/596 598/598/598 599/599/599
f 600/600/600 601/601/601 602/602/602
f 600/600/600 602/602/602 603/603/603
f 603/603/603 602/602/602 604/604/604
f 603/603/603 604/604/604 605/605/605
f 605/605/605 604/604/604 606/606/606
f 605/605/605 606/606/606 607/607/607
f 607/607/607 606/606/606 608/608/608
f 607/607/607 608/608/608 609/609/609
f 609/609/609 608/608/608 610/610/610
f 609/609/609 610/610/610 611/611/611
f 612/612/612 613/613/613 614/614/614
f 612/612/612 614/614/614 615/615/615
f 616/616/616 617/617/617 613/613/613
f 616/616/616 613/613/613 612/612/612
f 618/618/618 619/619/619 617/617/617
f 618/618/618 617/617/617 616/616/616
f 620/620/620 621/621/621 619/619/619
f 620/620/620 619/619/619 618/618/618
f 622/622/622 623/623/623 621/621/621
f 622/622/622 621/621/621 620/620/620
f 624/624/624 625/625/625 626/626/626
f 624/624/624 626/626/626 627/627/627
f 613/613/613 609/609/609 611/611/611
f 613/613/613 611/611/611 614/614/614
f 617/617/617 607/607/607 609/609/609
f 617/617/617 609/609/609 613/613/613
f 619/619/619 605/605/605 607/607/607
f 619/619/619 607/607/607 617/617/617
f 621/621/621 603/603/603 605/605/605
f 621/621/621 605/605/605 619/619/619
f 623/623/623 600/600/600 603/603/603
f 623/623/623 603/603/603 621/621/621
f 625/625/625 596/596/596 599/599/599
f 625/625/625 599/599/599 626/626/626
f 628/628/628 624/624/624 627/627/627
f 628/628/628 627/627/627 629/629/629
f 630/630/630 622/622/622 620/620/620
f 630/630/630 620/620/620 631/631/631
f 631/631/631 620/620/620 618/618/618
f 631/631/631 618/618/618 632/632/632
f 632/632/632 618/618/618 616/616/616
f 632/632/632 616/616/616 633/633/633
f 633/633/633 616/616/616 612/612/612
f 633/633/633 612/612/612 634/634/634
f 634/634/634 612/612/612 615/615/615
f 634/634/634 615/615/615 635/635/635
f 635/635/635 615/615/615 624/624/624
f 635/635/635 624/624/624 628/628/628
f 614/614/614 611/611/611 596/596/596
f 614/614/614 596/596/596 625/625/625
f 615/615/615 614/614/614 625/625/625
f 615/615/615 625/625/625 624/624/624
f 611/611/611 610/610/610 597/597/597
f 611/611/611 597/597/597 596/596/596
f 636/636/636 637/637/637 638/638/638
f 636/636/636 638/638/638 639/639/639
f 640/640/640 641/641/641 642/642/642
f 640/640/640 642/642/642 643/643/643
f 644/644/644 645/645/645 646/646/646
f 644/644/644 646/646/646 647/647/647
f 647/647/647 646/646/646 648/648/648
f 647/647/647 648/648/648 649/649/649
f 649/649/649 648/648/648 650/650/650
f 649/649/649 650/650/650 651/651/651
f 651/651/651 650/650/650 652/652/652
f 651/651/651 652/652/652 653/653/653
f 654/654/654 655/655/655 656/656/656
f 654/654/654 656/656/656 657/657/657
f 658/658/658 659/659/659 655/655/655
f 658/658/658 655/655/655 654/654/654
f 660/660/660 661/661/661 659/659/659
f 660/660/660 659/659/659 658/658/658
f 662/662/662 663/663/663 661/661/661
f 662/662/662 661/661/661 660/660/660
f 664/664/664 665/665/665 666/666/666
f 664/664/664 666/666/666 667/667/667
f 668/668/668 669/669/669 670/670/670
f 668/668/668 670/670/670 671/671/671
f 655/655/655 651/651/651 653/653/653
f 655/655/655 653/653/653 656/656/656
f 659/659/659 649/649/649 651/651/651
f 659/659/659 651/651/651 655/655/655
f 661/661/661 647/647/647 649/649/649
f 661/661/661 649/649/649 659/659/659
f 663/663/663 644/644/644 647/647/647
f 663/663/663 647/647/647 661/661/661
f 665/665/665 640/640/640 643/643/643
f 665/665/665 643/643/643 666/666/666
f 669/669/669 636/636/636 639/639/639
f 669/669/669 639/639/639 670/670/670
f 672/672/672 668/668/668 671/671/671
f 672/672/672 671/671/671 673/673/673
f 674/674/674 664/664/664 667/667/667
f 674/674/674 667/667/667 675/675/675
f 676/676/676 662/662/662 660/660/660
f 676/676/676 660/660/660 677/677/677
f 677/677/677 660/660/660 658/658/658
f 677/677/677 658/658/658 678/678/678
f 678/678/678 658/658/658 654/654/654
f 678/678/678 654/654/654 679/679/679
f 679/679/679 654/654/654 657/657/657
f 679/679/679 657/657/657 680/680/680
f 680/680/680 657/657/657 668/668/668
f 680/680/680 668/668/668 672/672/672
f 656/656/656 653/653/653 636/636/636
f 656/656/656 636/636/636 669/669/669
f 657/657/657 656/656/656 669/669/669
f 657/657/657 669/669/669 668/668/668
f 653/653/653 652/652/652 637/637/637
f 653/653/653 637/637/637 636/636/636
f 675/675/675 667/667/667 662/662/662
f 675/675/675 662/662/662 676/676/676
f 666/666/666 643/643/643 644/644/644
f 666/666/666 644/644/644 663/663/663
f 667/667/667 666/666/666 663/663/663
f 667/667/667 663/663/663 662/662/662
f 643/643/643 642/642/642 645/645/645
f 643/643/643 645/645/645 644/644/644
f 681/681/681 682/682/682 683/683/683
f 681/681/681 683/683/683 684/684/684
f 684/684/684 683/683/683 685/685/685
f 684/684/684 685/685/685 686/686/686
f 686/686/686 685/685/685 687/687/687
f 686/686/686 687/687/687 688/688/688
f 688/688/688 687/687/687 689/689/689
f 688/688/688 689/689/689 690/690/690
f 690/690/690 689/689/689 691/691/691
f 690/690/690 691/691/691 692/692/692
f 693/693/693 694/694/694 695/695/695
f 693/693/693 695/695/695 696/696/696
f 697/697/697 698/698/698 694/694/694
f 697/697/697 694/694/694 693/693/693
f 699/699/699 700/700/700 698/698/698
f 699/699/699 698/698/698 697/697/697
f 701/701/701 702/702/702 700/700/700
f 701/701/701 700/700/700 699/699/699
f 703/703/703 704/704/704 702/702/702
f 703/703/703 702/702/702 701/701/701
f 5/5/5 705/705/705 706/706/706
f 5/5/5 706/706/706 6/6/6
f 694/694/694 690/690/690 692/692/692
f 694/694/694 692/692/692 695/695/695
f 698/698/698 688/688/688 690/690/690
f 698/698/698 690/690/690 694/694/694
f 700/700/700 686/686/686 688/688/688
f 700/700/700 688/688/688 698/698/698
f 702/702/702 684/684/684 686/686/686
f 702/702/702 686/686/686 700/700/700
f 704/704/704 681/681/681 684/684/684
f 704/704/704 684/684/684 702/702/702
f 705/705/705 1/1/1 3/3/3
f 705/705/705 3/3/3 706/706/706
f 707/707/707 703/703/703 701/701/701
f 707/707/707 701/701/701 708/708/708
f 708/708/708 701/701/701 699/699/699
f 708/708/708 699/699/699 709/709/709
f 709/709/709 699/699/699 697/697/697
f 709/709/709 697/697/697 710/710/710
f 710/710/710 697/697/697 693/693/693
f 710/710/710 693/693/693 711/711/711
f 711/711/711 693/693/693 696/696/696
f 711/711/711 696/696/696 712/712/712
f 712/712/712 696/696/696 5/5/5
f 712/712/712 5/5/5 4/4/4
f 695/695/695 692/692/692 1/1/1
f 695/695/695 1/1/1 705/705/705
f 696/696/696 695/695/695 705/705/705
f 696/696/696 705/705/705 5/5/5
f 692/692/692 691/691/691 2/2/2
f 692/692/692 2/2/2 1/1/1
f 713/713/713 714/714/714 715/715/715
f 713/713/713 715/715/715 716/716/716
f 717/717/717 718/718/718 719/719/719
f 717/717/717 719/719/719 720/720/720
f 720/720/720 719/719/719 721/721/721
f 720/720/720 721/721/721 722/722/722
f 722/722/722 721/721/721 723/723/723
f 722/722/722 723/723/723 724/724/724
f 724/724/724 723/723/723 725/725/725
f 724/724/724 725/725/725 726/726/726
f 726/726/726 725/725/725 727/727/727
f 726/726/726 727/727/727 728/728/728
f 729/729/729 730/730/730 731/731/731
f 729/729/729 731/731/731 732/732/732
f 733/733/733 734/734/734 730/730/730
f 733/733/733 730/730/730 729/729/729
f 735/735/735 736/736/736 734/734/734
f 735/735/735 734/734/734 733/733/733
f 737/737/737 738/738/738 736/736/736
f 737/737/737 736/736/736 735/735/735
f 739/739/739 740/740/740 738/738/738
f 739/739/739 738/738/738 737/737/737
f 741/741/741 742/742/742 743/743/743
f 741/741/741 743/743/743 744/744/744
f 730/730/730 726/726/726 728/728/728
f 730/730/730 728/728/728 731/731/731
f 734/734/734 724/724/724 726/726/726
f 734/734/734 726/726/726 730/730/730
f 736/736/736 722/722/722 724/724/724
f 736/736/736 724/724/724 734/734/734
f 738/738/738 720/720/720 722/722/722
f 738/738/738 722/722/722 736/736/736
f 740/740/740 717/717/717 720/720/720
f 740/740/740 720/720/720 738/738/738
f 742/742/742 713/713/713 716/716/716
f 742/742/742 716/716/716 743/743/743
f 745/745/745 741/741/741 744/744/744
f 745/745/745 744/744/744 746/746/746
f 747/747/747 739/739/739 737/737/737
f 747/747/747 737/737/737 748/748/748
f 748/748/748 737/737/737 735/735/735
f 748/748/748 735/735/735 749/749/749
f 749/749/749 735/735/735 733/733/733
f 749/749/749 733/733/733 750/750/750
f 750/750/750 733/733/733 729/729/729
f 750/750/750 729/729/729 751/751/751
f 751/751/751 729/729/729 732/732/732
f 751/751/751 732/732/732 752/752/752
f 752/752/752 732/732/732 741/741/741
f 752/752/752 741/741/741 745/745/745
f 731/731/731 728/728/728 713/713/713
f 731/731/731 713/713/713 742/742/742
f 732/732/732 731/731/731 742/742/742
f 732/732/732 742/742/742 741/741/741
f 728/728/728 727/727/727 714/714/714
f 728/728/728 714/714/714 713/713/713
f 753/753/753 754/754/754 755/755/755
f 753/753/753 755/755/755 756/756/756
f 756/756/756 755/755/755 757/757/757
f 756/756/756 757/757/757 758/758/758
f 758/758/758 757/757/757 759/759/759
f 758/758/758 759/759/759 760/760/760
f 760/760/760 759/759/759 761/761/761
f 760/760/760 761/761/761 762/762/762
f 762/762/762 761/761/761 763/763/763
f 762/762/762 763/763/763 764/764/764
f 765/765/765 766/766/766 767/767/767
f 765/765/765 767/767/767 768/768/768
f 769/769/769 770/770/770 766/766/766
f 769/769/769 766/766/766 765/765/765
f 771/771/771 772/772/772 770/770/770
f 771/771/771 770/770/770 769/769/769
f 773/773/773 774/774/774 772/772/772
f 773/773/773 772/772/772 771/771/771
f 775/775/775 776/776/776 774/774/774
f 775/775/775 774/774/774 773/773/773
f 11/11/11 777/777/777 778/778/778
f 11/11/11 778/778/778 12/12/12
f 766/766/766 762/762/762 764/764/764
f 766/766/766 764/764/764 767/767/767
f 770/770/770 760/760/760 762/762/762
f 770/770/770 762/762/762 766/766/766
f 772/772/772 758/758/758 760/760/760
f 772/772/772 760/760/760 770/770/770
f 774/774/774 756/756/756 758/758/758
f 774/774/774 758/758/758 772/772/772
f 776/776/776 753/753/753 756/756/756
f 776/776/776 756/756/756 774/774/774
f 777/777/777 7/7/7 9/9/9
f 777/777/777 9/9/9 778/778/778
f 779/779/779 775/775/775 773/773/773
f 779/779/779 773/773/773 780/780/780
f 780/780/780 773/773/773 771/771/771
f 780/780/780 771/771/771 781/781/781
f 781/781/781 771/771/771 769/769/769
f 781/781/781 769/769/769 782/782/782
f 782/782/782 769/769/769 765/765/765
f 782/782/782 765/765/765 783/783/783
f 783/783/783 765/765/765 768/768/768
f 783/783/783 768/768/768 784/784/784
f 784/784/784 768/768/768 11/11/11
f 784/784/784 11/11/11 10/10/10
f 767/767/767 764/764/764 7/7/7
f 767/767/767 7/7/7 777/777/777
f 768/768/768 767/767/767 777/777/777
f 768/768/768 777/777/777 11/11/11
f 764/764/764 763/763/763 8/8/8
f 764/764/764 8/8/8 7/7/7
f 785/785/785 786/786/786 787/787/787
f 785/785/785 787/787/787 788/788/788
f 788/788/788 787/787/787 789/789/789
f 788/788/788 789/789/789 790/790/790
f 790/790/790 789/789/789 791/791/791
f 790/790/790 791/791/791 792/792/792
f 792/792/792 791/791/791 793/793/793
f 792/792/792 793/793/793 794/794/794
f 794/794/794 793/793/793 795/795/795
f 794/794/794 795/795/795 796/796/796
f 797/797/797 798/798/798 799/799/799
f 797/797/797 799/799/799 800/800/800
f 801/801/801 802/802/802 798/798/798
f 801/801/801 798/798/798 797/797/797
f 803/803/803 804/804/804 802/802/802
f 803/803/803 802/802/802 801/801/801
f 805/805/805 806/806/806 804/804/804
f 805/805/805 804/804/804 803/803/803
f 807/807/807 808/808/808 806/806/806
f 807/807/807 806/806/806 805/805/805
f 17/17/17 809/809/809 810/810/810
f 17/17/17 810/810/810 18/18/18
f 798/798/798 794/794/794 796/796/796
f 798/798/798 796/796/796 799/799/799
f 802/802/802 792/792/792 794/794/794
f 802/802/802 794/794/794 798/798/798
f 804/804/804 790/790/790 792/792/792
f 804/804/804 792/792/792 802/802/802
f 806/806/806 788/788/788 790/790/790
f 806/806/806 790/790/790 804/804/804
f 808/808/808 785/785/785 788/788/788
f 808/808/808 788/788/788 806/806/806
f 809/809/809 13/13/13 15/15/15
f 809/809/809 15/15/15 810/810/810
f 811/811/811 807/807/807 805/805/805
f 811/811/811 805/805/805 812/812/812
f 812/812/812 805/805/805 803/803/803
f 812/812/812 803/803/803 813/813/813
f 813/813/813 803/803/803 801/801/801
f 813/813/813 801/801/801 814/814/814
f 814/814/814 801/801/801 797/797/797
f 814/814/814 797/797/797 815/815/815
f 815/815/815 797/797/797 800/800/800
f 815/815/815 800/800/800 816/816/816
f 816/816/816 800/800/800 17/17/17
f 816/816/816 17/17/17 16/16/16
f 799/799/799 796/796/796 13/13/13
f 799/799/799 13/13/13 809/809/809
f 800/800/800 799/799/799 809/809/809
f 800/800/800 809/809/809 17/17/17
f 796/796/796 795/795/795 14/14/14
f 796/796/796 14/14/14 13/13/13
f 817/817/817 818/818/818 819/819/819
f 817/817/817 819/819/819 820/820/820
f 820/820/820 819/819/819 821/821/821
f 820/820/820 821/821/821 822/822/822
f 822/822/822 821/821/821 823/823/823
f 822/822/822 823/823/823 824/824/824
f 824/824/824 823/823/823 825/825/825
f 824/824/824 825/825/825 826/826/826
f 826/826/826 825/825/825 827/827/827
f 826/826/826 827/827/827 828/828/828
f 829/829/829 830/830/830 831/831/831
f 829/829/829 831/831/831 832/832/832
f 833/833/833 834/834/834 830/830/830
f 833/833/833 830/830/830 829/829/829
f 835/835/835 836/836/836 834/834/834
f 835/835/835 834/834/834 833/833/833
f 837/837/837 838/838/838 836/836/836
f 837/837/837 836/836/836 835/835/835
f 839/839/839 840/840/840 838/838/838
f 839/839/839 838/838/838 837/837/837
f 23/23/23 841/841/841 842/842/842
f 23/23/23 842/842/842 24/24/24
f 830/830/830 826/826/826 828/828/828
f 830/830/830 828/828/828 831/831/831
f 834/834/834 824/824/824 826/826/826
f 834/834/834 826/826/826 830/830/830
f 836/836/836 822/822/822 824/824/824
f 836/836/836 824/824/824 834/834/834
f 838/838/838 820/820/820 822/822/822
f 838/838/838 822/822/822 836/836/836
f 840/840/840 817/817/817 820/820/820
f 840/840/840 820/820/820 838/838/838
f 841/841/841 19/19/19 21/21/21
f 841/841/841 21/21/21 842/842/842
f 843/843/843 839/839/839 837/837/837
f 843/843/843 837/837/837 844/844/844
f 844/844/844 837/837/837 835/835/835
f 844/844/844 835/835/835 845/845/845
f 845/845/845 835/835/835 833/833/833
f 845/845/845 833/833/833 846/846/846
f 846/846/846 833/833/833 829/829/829
f 846/846/846 829/829/829 847/847/847
f 847/847/847 829/829/829 832/832/832
f 847/847/847 832/832/832 848/848/848
f 848/848/848 832/832/832 23/23/23
f 848/848/848 23/23/23 22/22/22
f 831/831/831 828/828/828 19/19/19
f 831/831/831 19/19/19 841/841/841
f 832/832/832 831/831/831 841/841/841
f 832/832/832 841/841/841 23/23/23
f 828/828/828 827/827/827 20/20/20
f 828/828/828 20/20/20 19/19/19
f 849/849/849 850/850/850 851/851/851
f 849/849/849 851/851/851 852/852/852
f 852/852/852 851/851/851 853/853/853
f 852/852/852 853/853/853 854/854/854
f 854/854/854 853/853/853 855/855/855
f 854/854/854 855/855/855 856/856/856
f 856/856/856 855/855/855 857/857/857
f 856/856/856 857/857/857 858/858/858
f 858/858/858 857/857/857 859/859/859
f 858/858/858 859/859/859 860/860/860
f 861/861/861 862/862/862 863/863/863
f 861/861/861 863/863/863 864/864/864
f 865/865/865 866/866/866 862/862/862
f 865/865/865 862/862/862 861/861/861
f 867/867/867 868/868/868 866/866/866
f 867/867/867 866/866/866 865/865/865
f 869/869/869 870/870/870 868/868/868
f 869/869/869 868/868/868 867/867/867
f 871/871/871 872/872/872 870/870/870
f 871/871/871 870/870/870 869/869/869
f 29/29/29 873/873/873 874/874/874
f 29/29/29 874/874/874 30/30/30
f 862/862/862 858/858/858 860/860/860
f 862/862/862 860/860/860 863/863/863
f 866/866/866 856/856/856 858/858/858
f 866/866/866 858/858/858 862/862/862
f 868/868/868 854/854/854 856/856/856
f 868/868/868 856/856/856 866/866/866
f 870/870/870 852/852/852 854/854/854
f 870/870/870 854/854/854 868/868/868
f 872/872/872 849/849/849 852/852/852
f 872/872/872 852/852/852 870/870/870
f 873/873/873 25/25/25 27/27/27
f 873/873/873 27/27/27 874/874/874
f 875/875/875 871/871/871 869/869/869
f 875/875/875 869/869/869 876/876/876
f 876/876/876 869/869/869 867/867/867
f 876/876/876 867/867/867 877/877/877
f 877/877/877 867/867/867 865/865/865
f 877/877/877 865/865/865 878/878/878
f 878/878/878 865/865/865 861/861/861
f 878/878/878 861/861/861 879/879/879
f 879/879/879 861/861/861 864/864/864
f 879/879/879 864/864/864 880/880/880
f 880/880/880 864/864/864 29/29/29
f 880/880/880 29/29/29 28/28/28
f 863/863/863 860/860/860 25/25/25
f 863/863/863 25/25/25 873/873/873
f 864/864/864 863/863/863 873/873/873
f 864/864/864 873/873/873 29/29/29
f 860/860/860 859/859/859 26/26/26
f 860/860/860 26/26/26 25/25/25
f 881/881/881 882/882/882 883/883/883
f 881/881/881 883/883/883 884/884/884
f 885/885/885 886/886/886 887/887/887
f 885/885/885 887/887/887 888/888/888
f 889/889/889 890/890/890 891/891/891
f 889/889/889 891/891/891 892/892/892
f 892/892/892 891/891/891 893/893/893
f 892/892/892 893/893/893 894/894/894
f 894/894/894 893/893/893 895/895/895
f 894/894/894 895/895/895 896/896/896
f 896/896/896 895/895/895 897/897/897
f 896/896/896 897/897/897 898/898/898
f 899/899/899 900/900/900 901/901/901
f 899/899/899 901/901/901 902/902/902
f 903/903/903 904/904/904 900/900/900
f 903/903/903 900/900/900 899/899/899
f 905/905/905 906/906/906 904/904/904
f 905/905/905 904/904/904 903/903/903
f 907/907/907 908/908/908 906/906/906
f 907/907/907 906/906/906 905/905/905
f 909/909/909 910/910/910 911/911/911
f 909/909/909 911/911/911 912/912/912
f 913/913/913 914/914/914 915/915/915
f 913/913/913 915/915/915 916/916/916
f 900/900/900 896/896/896 898/898/898
f 900/900/900 898/898/898 901/901/901
f 904/904/904 894/894/894 896/896/896
f 904/904/904 896/896/896 900/900/900
f 906/906/906 892/892/892 894/894/894
f 906/906/906 894/894/894 904/904/904
f 908/908/908 889/889/889 892/892/892
f 908/908/908 892/892/892 906/906/906
f 910/910/910 885/885/885 888/888/888
f 910/910/910 888/888/888 911/911/911
f 914/914/914 881/881/881 884/884/884
f 914/914/914 884/884/884 915/915/915
f 917/917/917 913/913/913 916/916/916
f 917/917/917 916/916/916 918/918/918
f 919/919/919 909/909/909 912/912/912
f 919/919/919 912/912/912 920/920/920
f 921/921/921 907/907/907 905/905/905
f 921/921/921 905/905/905 922/922/922
f 922/922/922 905/905/905 903/903/903
f 922/922/922 903/903/903 923/923/923
f 923/923/923 903/903/903 899/899/899
f 923/923/923 899/899/899 924/924/924
f 924/924/924 899/899/899 902/902/902
f 924/924/924 902/902/902 925/925/925
f 925/925/925 902/902/902 913/913/913
f 925/925/925 913/913/913 917/917/917
f 901/901/901 898/898/898 881/881/881
f 901/901/901 881/881/881 914/914/914
f 902/902/902 901/901/901 914/914/914
f 902/902/902 914/914/914 913/913/913
f 898/898/898 897/897/897 882/882/882
f 898/898/898 882/882/882 881/881/881
f 920/920/920 912/912/912 907/907/907
f 920/920/920 907/907/907 921/921/921
f 911/911/911 888/888/888 889/889/889
f 911/911/911 889/889/889 908/908/908
f 912/912/912 911/911/911 908/908/908
f 912/912/912 908/908/908 907/907/907
f 888/888/888 887/887/887 890/890/890
f 888/888/888 890/890/890 889/889/889
f 926/926/926 927/927/927 928/928/928
f 926/926/926 928/928/928 929/929/929
f 930/930/930 931/931/931 932/932/932
f 930/930/930 932/932/932 933/933/933
f 933/933/933 932/932/932 934/934/934
f 933/933/933 934/934/934 935/935/935
f 935/935/935 934/934/934 936/936/936
f 935/935/935 936/936/936 937/937/937
f 937/937/937 936/936/936 938/938/938
f 937/937/937 938/938/938 939/939/939
f 939/939/939 938/938/938 940/940/940
f 939/939/939 940/940/940 941/941/941
f 942/942/942 943/943/943 944/944/944
f 942/942/942 944/944/944 945/945/945
f 946/946/946 947/947/947 943/943/943
f 946/946/946 943/943/943 942/942/942
f 948/948/948 949/949/949 947/947/947
f 948/948/948 947/947/947 946/946/946
f 950/950/950 951/951/951 949/949/949
f 950/950/950 949/949/949 948/948/948
f 952/952/952 953/953/953 951/951/951
f 952/952/952 951/951/951 950/950/950
f 954/954/954 955/955/955 956/956/956
f 954/954/954 956/956/956 957/957/957
f 943/943/943 939/939/939 941/941/941
f 943/943/943 941/941/941 944/944/944
f 947/947/947 937/937/937 939/939/939
f 947/947/947 939/939/939 943/943/943
f 949/949/949 935/935/935 937/937/937
f 949/949/949 937/937/937 947/947/947
f 951/951/951 933/933/933 935/935/935
f 951/951/951 935/935/935 949/949/949
f 953/953/953 930/930/930 933/933/933
f 953/953/953 933/933/933 951/951/951
f 955/955/955 926/926/926 929/929/929
f 955/955/955 929/929/929 956/956/956
f 958/958/958 954/954/954 957/957/957
f 958/958/958 957/957/957 959/959/959
f 960/960/960 952/952/952 950/950/950
f 960/960/960 950/950/950 961/961/961
f 961/961/961 950/950/950 948/948/948
f 961/961/961 948/948/948 962/962/962
f 962/962/962 948/948/948 946/946/946
f 962/962/962 946/946/946 963/963/963
f 963/963/963 946/946/946 942/942/942
f 963/963/963 942/942/942 964/964/964
f 964/964/964 942/942/942 945/945/945
f 964/964/964 945/945/945 965/965/965
f 965/965/965 945/945/945 954/954/954
f 965/965/965 954/954/954 958/958/958
f 944/944/944 941/941/941 926/926/926
f 944/944/944 926/926/926 955/955/955
f 945/945/945 944/944/944 955/955/955
f 945/945/945 955/955/955 954/954/954
f 941/941/941 940/940/940 927/927/927
f 941/941/941 927/927/927 926/926/926
f 966/966/966 967/967/967 968/968/968
f 966/966/966 968/968/968 969/969/969
f 970/970/970 971/971/971 972/972/972
f 970/970/970 972/972/972 973/973/973
f 973/973/973 972/972/972 974/974/974
f 973/973/973 974/974/974 975/975/975
f 975/975/975 974/974/974 976/976/976
f 975/975/975 976/976/976 977/977/977
f 977/977/977 976/976/976 978/978/978
f 977/977/977 978/978/978 979/979/979
f 979/979/979 978/978/978 980/980/980
f 979/979/979 980/980/980 981/981/981
f 982/982/982 983/983/983 984/984/984
f 982/982/982 984/984/984 985/985/985
f 986/986/986 987/987/987 983/983/983
f 986/986/986 983/983/983 982/982/982
f 988/988/988 989/989/989 987/987/987
f 988/988/988 987/987/987 986/986/986
f 990/990/990 991/991/991 989/989/989
f 990/990/990 989/989/989 988/988/988
f 992/992/992 993/993/993 991/991/991
f 992/992/992 991/991/991 990/990/990
f 994/994/994 995/995/995 996/996/996
f 994/994/994 996/996/996 997/997/997
f 983/983/983 979/979/979 981/981/981
f 983/983/983 981/981/981 984/984/984
f 987/987/987 977/977/977 979/979/979
f 987/987/987 979/979/979 983/983/983
f 989/989/989 975/975/975 977/977/977
f 989/989/989 977/977/977 987/987/987
f 991/991/991 973/973/973 975/975/975
f 991/991/991 975/975/975 989/989/989
f 993/993/993 970/970/970 973/973/973
f 993/993/993 973/973/973 991/991/991
f 995/995/995 966/966/966 969/969/969
f 995/995/995 969/969/969 996/996/996
f 998/998/998 994/994/994 997/997/997
f 998/998/998 997/997/997 999/999/999
f 1000/1000/1000 992/992/992 990/990/990
f 1000/1000/1000 990/990/990 1001/1001/1001
f 1001/1001/1001 990/990/990 988/988/988
f 1001/1001/1001 988/988/988 1002/1002/1002
f 1002/1002/1002 988/988/988 986/986/986
f 1002/1002/1002 986/986/986 1003/1003/1003
f 1003/1003/1003 986/986/986 982/982/982
f 1003/1003/1003 982/982/982 1004/1004/1004
f 1004/1004/1004 982/982/982 985/985/985
f 1004/1004/1004 985/985/985 1005/1005/1005
f 1005/1005/1005 985/985/985 994/994/994
f 1005/1005/1005 994/994/994 998/998/998
f 984/984/984 981/981/981 966/966/966
f 984/984/984 966/966/966 995/995/995
f 985/985/985 984/984/984 995/995/995
f 985/985/985 995/995/995 994/994/994
f 981/981/981 980/980/980 967/967/967
f 981/981/981 967/967/967 966/966/966
f 1006/1006/1006 1007/1007/1007 1008/1008/1008
f 1006/1006/1006 1008/1008/1008 1009/1009/1009
f 1010/1010/1010 1011/1011/1011 1012/1012/1012
f 1010/1010/1010 1012/1012/1012 1013/1013/1013
f 1013/1013/1013 1012/1012/1012 1014/1014/1014
f 1013/1013/1013 1014/1014/1014 1015/1015/1015
f 1015/1015/1015 1014/1014/1014 1016/1016/1016
f 1015/1015/1015 1016/1016/1016 1017/1017/1017
f 1017/1017/1017 1016/1016/1016 1018/1018/1018
f 1017/1017/1017 1018/1018/1018 1019/1019/1019
f 1019/1019/1019 1018/1018/1018 1020/1020/1020
f 1019/1019/1019 1020/1020/1020 1021/1021/1021
f 1022/1022/1022 1023/1023/1023 1024/1024/1024
f 1022/1022/1022 1024/1024/1024 1025/1025/1025
f 1026/1026/1026 1027/1027/1027 1023/1023/1023
f 1026/1026/1026 1023/1023/1023 1022/1022/1022
f 1028/1028/1028 1029/1029/1029 1027/1027/1027
f 1028/1028/1028 1027/1027/1027 1026/1026/1026
f 1030/1030/1030 1031/1031/1031 1029/1029/1029
f 1030/1030/1030 1029/1029/1029 1028/1028/1028
f 1032/1032/1032 1033/1033/1033 1031/1031/1031
f 1032/1032/1032 1031/1031/1031 1030/1030/1030
f 1034/1034/1034 1035/1035/1035 1036/1036/1036
f 1034/1034/1034 1036/1036/1036 1037/1037/1037
f 1023/1023/1023 1019/1019/1019 1021/1021/1021
f 1023/1023/1023 1021/1021/1021 1024/1024/1024
f 1027/1027/1027 1017/1017/1017 1019/1019/1019
f 1027/1027/1027 1019/1019/1019 1023/1023/1023
f 1029/1029/1029 1015/1015/1015 1017/1017/1017
f 1029/1029/1029 1017/1017/1017 1027/1027/1027
f 1031/1031/1031 1013/1013/1013 1015/1015/1015
f 1031/1031/1031 1015/1015/1015 1029/1029/1029
f 1033/1033/1033 1010/1010/1010 1013/1013/1013
f 1033/1033/1033 1013/1013/1013 1031/1031/1031
f 1035/1035/1035 1006/1006/1006 1009/1009/1009
f 1035/1035/1035 1009/1009/1009 1036/1036/1036
f 1038/1038/1038 1034/1034/1034 1037/1037/1037
f 1038/1038/1038 1037/1037/1037 1039/1039/1039
f 1040/1040/1040 1032/1032/1032 1030/1030/1030
f 1040/1040/1040 1030/1030/1030 1041/1041/1041
f 1041/1041/1041 1030/1030/1030 1028/1028/1028
f 1041/1041/1041 1028/1028/1028 1042/1042/1042
f 1042/1042/1042 1028/1028/1028 1026/1026/1026
f 1042/1042/1042 1026/1026/1026 1043/1043/1043
f 1043/1043/1043 1026/1026/1026 1022/1022/1022
f 1043/1043/1043 1022/1022/1022 1044/1044/1044
f 1044/1044/1044 1022/1022/1022 1025/1025/1025
f 1044/1044/1044 1025/1025/1025 1045/1045/1045
f 1045/1045/1045 1025/1025/1025 1034/1034/1034
f 1045/1045/1045 1034/1034/1034 1038/1038/1038
f 1024/1024/1024 1021/1021/1021 1006/1006/1006
f 1024/1024/1024 1006/1006/1006 1035/1035/1035
f 1025/1025/1025 1024/1024/1024 1035/1035/1035
f 1025/1025/1025 1035/1035/1035 1034/1034/1034
f 1021/1021/1021 1020/1020/1020 1007/1007/1007
f 1021/1021/1021 1007/1007/1007 1006/1006/1006
f 1046/1046/1046 1047/1047/1047 1048/1048/1048
f 1046/1046/1046 1048/1048/1048 1049/1049/1049
f 1050/1050/1050 1051/1051/1051 1052/1052/1052
f 1050/1050/1050 1052/1052/1052 1053/1053/1053
f 1053/1053/1053 1052/1052/1052 1054/1054/1054
f 1053/1053/1053 1054/1054/1054 1055/1055/1055
f 1055/1055/1055 1054/1054/1054 1056/1056/1056
f 1055/1055/1055 1056/1056/1056 1057/1057/1057
f 1057/1057/1057 1056/1056/1056 1058/1058/1058
f 1057/1057/1057 1058/1058/1058 1059/1059/1059
f 1059/1059/1059 1058/1058/1058 1060/1060/1060
f 1059/1059/1059 1060/1060/1060 1061/1061/1061
f 1062/1062/1062 1063/1063/1063 1064/1064/1064
f 1062/1062/1062 1064/1064/1064 1065/1065/1065
f 1066/1066/1066 1067/1067/1067 1063/1063/1063
f 1066/1066/1066 1063/1063/1063 1062/1062/1062
f 1068/1068/1068 1069/1069/1069 1067/1067/1067
f 1068/1068/1068 1067/1067/1067 1066/1066/1066
f 1070/1070/1070 1071/1071/1071 1069/1069/1069
f 1070/1070/1070 1069/1069/1069 1068/1068/1068
f 1072/1072/1072 1073/1073/1073 1071/1071/1071
f 1072/1072/1072 1071/1071/1071 1070/1070/1070
f 1074/1074/1074 1075/1075/1075 1076/1076/1076
f 1074/1074/1074 1076/1076/1076 1077/1077/1077
f 1063/1063/1063 1059/1059/1059 1061/1061/1061
f 1063/1063/1063 1061/1061/1061 1064/1064/1064
f 1067/1067/1067 1057/1057/1057 1059/1059/1059
f 1067/1067/1067 1059/1059/1059 1063/1063/1063
f 1069/1069/1069 1055/1055/1055 1057/1057/1057
f 1069/1069/1069 1057/1057/1057 1067/1067/1067
f 1071/1071/1071 1053/1053/1053 1055/1055/1055
f 1071/1071/1071 1055/1055/1055 1069/1069/1069
f 1073/1073/1073 1050/1050/1050 1053/1053/1053
f 1073/1073/1073 1053/1053/1053 1071/1071/1071
f 1075/1075/1075 1046/1046/1046 1049/1049/1049
f 1075/1075/1075 1049/1049/1049 1076/1076/1076
f 1078/1078/1078 1074/1074/1074 1077/1077/1077
f 1078/1078/1078 1077/1077/1077 1079/1079/1079
f 1080/1080/1080 1072/1072/1072 1070/1070/1070
f 1080/1080/1080 1070/1070/1070 1081/1081/1081
f 1081/1081/1081 1070/1070/1070 1068/1068/1068
f 1081/1081/1081 1068/1068/1068 1082/1082/1082
f 1082/1082/1082 1068/1068/1068 1066/1066/1066
f 1082/1082/1082 1066/1066/1066 1083/1083/1083
f 1083/1083/1083 1066/1066/1066 1062/1062/1062
f 1083/1083/1083 1062/1062/1062 1084/1084/1084
f 1084/1084/1084 1062/1062/1062 1065/1065/1065
f 1084/1084/1084 1065/1065/1065 1085/1085/1085
f 1085/1085/1085 1065/1065/1065 1074/1074/1074
f 1085/1085/1085 1074/1074/1074 1078/1078/1078
f 1064/1064/1064 1061/1061/1061 1046/1046/1046
f 1064/1064/1064 1046/1046/1046 1075/1075/1075
f 1065/1065/1065 1064/1064/1064 1075/1075/1075
f 1065/1065/1065 1075/1075/1075 1074/1074/1074
f 1061/1061/1061 1060/1060/1060 1047/1047/1047
f 1061/1061/1061 1047/1047/1047 1046/1046/1046
f 1086/1086/1086 1087/1087/1087 1088/1088/1088
f 1086/1086/1086 1088/1088/1088 1089/1089/1089
f 1090/1090/1090 1091/1091/1091 1092/1092/1092
f 1090/1090/1090 1092/1092/1092 1093/1093/1093
f 1093/1093/1093 1092/1092/1092 1094/1094/1094
f 1093/1093/1093 1094/1094/1094 1095/1095/1095
f 1095/1095/1095 1094/1094/1094 1096/1096/1096
f 1095/1095/1095 1096/1096/1096 1097/1097/1097
f 1097/1097/1097 1096/1096/1096 1098/1098/1098
f 1097/1097/1097 1098/1098/1098 1099/1099/1099
f 1099/1099/1099 1098/1098/1098 1100/1100/1100
f 1099/1099/1099 1100/1100/1100 1101/1101/1101
f 1102/1102/1102 1103/1103/1103 1104/1104/1104
f 1102/1102/1102 1104/1104/1104 1105/1105/1105
f 1106/1106/1106 1107/1107/1107 1103/1103/1103
f 1106/1106/1106 1103/1103/1103 1102/1102/1102
f 1108/1108/1108 1109/1109/1109 1107/1107/1107
f 1108/1108/1108 1107/1107/1107 1106/1106/1106
f 1110/1110/1110 1111/1111/1111 1109/1109/1109
f 1110/1110/1110 1109/1109/1109 1108/1108/1108
f 1112/1112/1112 1113/1113/1113 1111/1111/1111
f 1112/1112/1112 1111/1111/1111 1110/1110/1110
f 1114/1114/1114 1115/1115/1115 1116/1116/1116
f 1114/1114/1114 1116/1116/1116 1117/1117/1117
f 1103/1103/1103 1099/1099/1099 1101/1101/1101
f 1103/1103/1103 1101/1101/1101 1104/1104/1104
f 1107/1107/1107 1097/1097/1097 1099/1099/1099
f 1107/1107/1107 1099/1099/1099 1103/1103/1103
f 1109/1109/1109 1095/1095/1095 1097/1097/1097
f 1109/1109/1109 1097/1097/1097 1107/1107/1107
f 1111/1111/1111 1093/1093/1093 1095/1095/1095
f 1111/1111/1111 1095/1095/1095 1109/1109/1109
f 1113/1113/1113 1090/1090/1090 1093/1093/1093
f 1113/1113/1113 1093/1093/1093 1111/1111/1111
f 1115/1115/1115 1086/1086/1086 1089/1089/1089
f 1115/1115/1115 1089/1089/1089 1116/1116/1116
f 1118/1118/1118 1114/1114/1114 1117/1117/1117
f 1118/1118/1118 1117/1117/1117 1119/1119/1119
f 1120/1120/1120 1112/1112/1112 1110/1110/1110
f 1120/1120/1120 1110/1110/1110 1121/1121/1121
f 1121/1121/1121 1110/1110/1110 1108/1108/1108
f 1121/1121/1121 1108/1108/1108 1122/1122/1122
f 1122/1122/1122 1108/1108/1108 1106/1106/1106
f 1122/1122/1122 1106/1106/1106 1123/1123/1123
f 1123/1123/1123 1106/1106/1106 1102/1102/1102
f 1123/1123/1123 1102/1102/1102 1124/1124/1124
f 1124/1124/1124 1102/1102/1102 1105/1105/1105
f 1124/1124/1124 1105/1105/1105 1125/1125/1125
f 1125/1125/1125 1105/1105/1105 1114/1114/1114
f 1125/1125/1125 1114/1114/1114 1118/1118/1118
f 1104/1104/1104 1101/1101/1101 1086/1086/1086
f 1104/1104/1104 1086/1086/1086 1115/1115/1115
f 1105/1105/1105 1104/1104/1104 1115/1115/1115
f 1105/1105/1105 1115/1115/1115 1114/1114/1114
f 1101/1101/1101 1100/1100/1100 1087/1087/1087
f 1101/1101/1101 1087/1087/1087 1086/1086/1086
f 1126/1126/1126 1127/1127/1127 1128/1128/1128
f 1126/1126/1126 1128/1128/1128 1129/1129/1129
f 1130/1130/1130 1131/1131/1131 1132/1132/1132
f 1130/1130/1130 1132/1132/1132 1133/1133/1133
f 1133/1133/1133 1132/1132/1132 1134/1134/1134
f 1133/1133/1133 1134/1134/1134 1135/1135/1135
f 1135/1135/1135 1134/1134/1134 1136/1136/1136
f 1135/1135/1135 1136/1136/1136 1137/1137/1137
f 1137/1137/1137 1136/1136/1136 1138/1138/1138
f 1137/1137/1137 1138/1138/1138 1139/1139/1139
f 1139/1139/1139 1138/1138/1138 1140/1140/1140
f 1139/1139/1139 1140/1140/1140 1141/1141/1141
f 1142/1142/1142 1143/1143/1143 1144/1144/1144
f 1142/1142/1142 1144/1144/1144 1145/1145/1145
f 1146/1146/1146 1147/1147/1147 1143/1143/1143
f 1146/1146/1146 1143/1143/1143 1142/1142/1142
f 1148/1148/1148 1149/1149/1149 1147/1147/1147
f 1148/1148/1148 1147/1147/1147 1146/1146/1146
f 1150/1150/1150 1151/1151/1151 1149/1149/1149
f 1150/1150/1150 1149/1149/1149 1148/1148/1148
f 1152/1152/1152 1153/1153/1153 1151/1151/1151
f 1152/1152/1152 1151/1151/1151 1150/1150/1150
f 1154/1154/1154 1155/1155/1155 1156/1156/1156
f 1154/1154/1154 1156/1156/1156 1157/1157/1157
f 1143/1143/1143 1139/1139/1139 1141/1141/1141
f 1143/1143/1143 1141/1141/1141 1144/1144/1144
f 1147/1147/1147 1137/1137/1137 1139/1139/1139
f 1147/1147/1147 1139/1139/1139 1143/1143/1143
f 1149/1149/1149 1135/1135/1135 1137/1137/1137
f 1149/1149/1149 1137/1137/1137 1147/1147/1147
f 1151/1151/1151 1133/1133/1133 1135/1135/1135
f 1151/1151/1151 1135/1135/1135 1149/1149/1149
f 1153/1153/1153 1130/1130/1130 1133/1133/1133
f 1153/1153/1153 1133/1133/1133 1151/1151/1151
f 1155/1155/1155 1126/1126/1126 1129/1129/1129
f 1155/1155/1155 1129/1129/1129 1156/1156/1156
f 1158/1158/1158 1154/1154/1154 1157/1157/1157
f 1158/1158/1158 1157/1157/1157 1159/1159/1159
f 1160/1160/1160 1152/1152/1152 1150/1150/1150
f 1160/1160/1160 1150/1150/1150 1161/1161/1161
f 1161/1161/1161 1150/1150/1150 1148/1148/1148
f 1161/1161/1161 1148/1148/1148 1162/1162/1162
f 1162/1162/1162 1148/1148/1148 1146/1146/1146
f 1162/1162/1162 1146/1146/1146 1163/1163/1163
f 1163/1163/1163 1146/1146/1146 1142/1142/1142
f 1163/1163/1163 1142/1142/1142 1164/1164/1164
f 1164/1164/1164 1142/1142/1142 1145/1145/1145
f 1164/1164/1164 1145/1145/1145 1165/1165/1165
f 1165/1165/1165 1145/1145/1145 1154/1154/1154
f 1165/1165/1165 1154/1154/1154 1158/1158/1158
f 1144/1144/1144 1141/1141/1141 1126/1126/1126
f 1144/1144/1144 1126/1126/1126 1155/1155/1155
f 1145/1145/1145 1144/1144/1144 1155/1155/1155
f 1145/1145/1145 1155/1155/1155 1154/1154/1154
f 1141/1141/1141 1140/1140/1140 1127/1127/1127
f 1141/1141/1141 1127/1127/1127 1126/1126/1126
f 1050/1050/1050 1073/1073/1073 1166/1073/1166
f 1050/1050/1050 1166/1073/1166 1167/1050/1167
f 1073/1073/1073 1072/1072/1072 1168/1072/1168
f 1073/1073/1073 1168/1072/1168 1166/1073/1166
